id,depart,departLane,departPos,departSpeed,departDelay,arrival,arrivalLane,arrivalPos,arrivalSpeed,duration,routeLength,waitingTime,waitingCount,stopTime,timeLoss,rerouteNo,devices,vType,speedFactor,CO_abs,CO2_abs,HC_abs,PMx_abs,NOx_abs,fuel_abs,electricity_abs
V6ToEastH6.0,0.0,468_0,5.1,0.0,0.0,120.0,522_1,56.88,13.03,120.0,1507.13,0.0,0,0.0,12.24,0,tripinfo_V6ToEastH6.0 emissions_V6ToEastH6.0,gasoline_euro4,1.01,3516.181203,349805.022574,23.376105,5.023412,132.493456,111571.97169,0.0
V6ToEastH6.1,12.0,468_0,4.6,0.0,0.0,133.0,522_1,56.88,14.24,121.0,1507.63,0.0,0,0.0,16.24,0,tripinfo_V6ToEastH6.1 emissions_V6ToEastH6.1,electric,1.05,0.0,0.0,0.0,0.0,0.0,0.0,0.0
V6ToEastH6.2,24.0,468_0,4.6,0.0,0.0,144.0,522_1,56.88,13.73,120.0,1507.63,0.0,0,0.0,13.45,0,tripinfo_V6ToEastH6.2 emissions_V6ToEastH6.2,electric,1.03,0.0,0.0,0.0,0.0,0.0,0.0,0.0
V6ToEastH6.3,36.0,468_0,4.6,0.0,0.0,166.0,522_1,56.88,11.86,130.0,1507.63,0.0,0,0.0,12.51,0,tripinfo_V6ToEastH6.3 emissions_V6ToEastH6.3,electric,0.93,0.0,0.0,0.0,0.0,0.0,0.0,0.0
V6ToEastH6.4,48.0,468_0,5.1,0.0,0.0,168.0,522_1,56.88,15.05,120.0,1507.13,1.0,1,0.0,25.54,0,tripinfo_V6ToEastH6.4 emissions_V6ToEastH6.4,gasoline_euro4,1.16,5375.076967,413424.640538,33.626106,7.084538,164.442254,131863.203028,0.0
V6ToEastH6.6,72.0,468_0,4.6,0.0,0.0,182.0,522_1,56.88,14.72,110.0,1507.63,0.0,0,0.0,13.53,0,tripinfo_V6ToEastH6.6 emissions_V6ToEastH6.6,electric,1.13,0.0,0.0,0.0,0.0,0.0,0.0,0.0
V6ToEastH6.5,60.0,468_0,5.1,0.0,0.0,204.0,522_0,56.88,10.63,144.0,1507.13,0.0,0,0.0,12.1,0,tripinfo_V6ToEastH6.5 emissions_V6ToEastH6.5,gasoline_euro4,0.83,4244.249843,342119.973218,27.131304,4.744436,130.951234,109121.432052,0.0
V6ToEastH6.7,84.0,468_0,5.1,0.0,0.0,204.0,522_1,56.88,12.71,120.0,1507.13,0.0,0,0.0,11.73,0,tripinfo_V6ToEastH6.7 emissions_V6ToEastH6.7,gasoline_euro4,1.01,3889.73645,358804.363083,25.448107,5.553782,139.11998,114442.05336,0.0
V6ToEastH6.8,96.0,468_0,4.6,0.0,0.0,206.0,522_1,56.88,15.57,110.0,1507.63,0.0,0,0.0,17.25,0,tripinfo_V6ToEastH6.8 emissions_V6ToEastH6.8,electric,1.18,0.0,0.0,0.0,0.0,0.0,0.0,0.0
V6ToEastH6.9,108.0,468_0,5.1,0.0,0.0,236.0,522_1,56.88,13.13,128.0,1507.13,0.0,0,0.0,14.14,0,tripinfo_V6ToEastH6.9 emissions_V6ToEastH6.9,gasoline_euro4,0.96,4009.455577,359255.879603,26.044579,5.281342,137.864216,114586.465387,0.0
V6ToEastH6.10,120.0,468_0,4.6,0.0,0.0,238.0,522_1,56.88,14.33,118.0,1507.63,0.0,0,0.0,17.4,0,tripinfo_V6ToEastH6.10 emissions_V6ToEastH6.10,electric,1.09,0.0,0.0,0.0,0.0,0.0,0.0,0.0
V6ToEastH6.12,144.0,468_0,4.6,0.0,0.0,265.0,522_1,56.88,13.07,121.0,1507.63,0.0,0,0.0,12.38,0,tripinfo_V6ToEastH6.12 emissions_V6ToEastH6.12,electric,1.0,0.0,0.0,0.0,0.0,0.0,0.0,0.0
V6ToEastH6.11,132.0,468_0,5.1,0.0,0.0,271.0,522_0,56.88,11.37,139.0,1507.13,0.0,0,0.0,12.04,0,tripinfo_V6ToEastH6.11 emissions_V6ToEastH6.11,gasoline_euro4,0.85,4160.824372,351032.588496,26.868653,4.95977,134.507226,111963.97162,0.0
V6ToEastH6.13,156.0,468_0,5.1,0.0,0.0,277.0,522_1,56.88,14.04,121.0,1507.13,0.0,0,0.0,14.33,0,tripinfo_V6ToEastH6.13 emissions_V6ToEastH6.13,gasoline_euro4,1.02,3960.339708,366614.466123,25.744892,5.516395,140.824748,116933.275959,0.0
SouthEvansGateToSilbury.0,0.0,526_0,4.6,0.0,0.0,287.0,215_0,19.43,12.79,287.0,2705.68,45.0,2,0.0,74.04,0,tripinfo_SouthEvansGateToSilbury.0 emissions_SouthEvansGateToSilbury.0,electric,0.94,0.0,0.0,0.0,0.0,0.0,0.0,0.0
V6ToEastH6.14,168.0,468_0,5.1,0.0,0.0,297.0,522_1,56.88,12.87,129.0,1507.13,1.0,1,0.0,18.27,0,tripinfo_V6ToEastH6.14 emissions_V6ToEastH6.14,gasoline_euro4,0.99,4406.105583,363758.596894,27.962197,5.590648,141.12645,116022.553793,0.0
WestH6ToSaxonSt.1,12.0,524_0,4.6,0.0,0.0,312.0,771_1,56.88,11.86,300.0,2570.37,55.0,2,0.0,88.26,0,tripinfo_WestH6ToSaxonSt.1 emissions_WestH6ToSaxonSt.1,electric,0.89,0.0,0.0,0.0,0.0,0.0,0.0,0.0
V6ToEastH6.15,180.0,468_0,5.1,0.0,0.0,312.0,522_1,56.88,11.65,132.0,1507.13,0.0,0,0.0,12.73,0,tripinfo_V6ToEastH6.15 emissions_V6ToEastH6.15,gasoline_euro4,0.91,4147.503794,359599.316545,27.010937,5.38717,139.395318,114695.97111,0.0
V6ToEastH6.16,192.0,468_0,5.1,0.0,0.0,317.0,522_1,56.88,12.67,125.0,1507.13,0.0,0,0.0,12.88,0,tripinfo_V6ToEastH6.16 emissions_V6ToEastH6.16,gasoline_euro4,0.97,4051.987869,365858.580427,26.566874,5.556295,141.709919,116692.204601,0.0
WestA509ToAvebury.0,0.0,773_0,4.6,0.0,0.0,321.0,213_0,19.13,13.86,321.0,2318.69,126.0,5,0.0,164.76,0,tripinfo_WestA509ToAvebury.0 emissions_WestA509ToAvebury.0,electric,1.08,0.0,0.0,0.0,0.0,0.0,0.0,0.0
WestA509ToAvebury.1,18.0,773_0,4.6,0.0,0.0,322.0,213_0,19.13,14.19,304.0,2323.83,102.0,4,0.0,149.15,0,tripinfo_WestA509ToAvebury.1 emissions_WestA509ToAvebury.1,electric,1.09,0.0,0.0,0.0,0.0,0.0,0.0,0.0
WestH6ToSaxonSt.0,0.0,524_0,4.6,0.0,0.0,323.0,771_1,56.88,10.71,323.0,2570.34,58.0,3,0.0,96.72,0,tripinfo_WestH6ToSaxonSt.0 emissions_WestH6ToSaxonSt.0,electric,0.83,0.0,0.0,0.0,0.0,0.0,0.0,0.0
WestH6ToSaxonSt.2,24.0,524_0,4.6,0.0,0.0,325.0,771_1,56.88,14.13,301.0,2570.36,55.0,4,0.0,120.73,0,tripinfo_WestH6ToSaxonSt.2 emissions_WestH6ToSaxonSt.2,electric,1.05,0.0,0.0,0.0,0.0,0.0,0.0,0.0
WestH6ToSaxonSt.3,36.0,524_0,5.1,0.0,0.0,326.0,771_1,56.88,12.28,290.0,2569.87,43.0,4,0.0,89.13,0,tripinfo_WestH6ToSaxonSt.3 emissions_WestH6ToSaxonSt.3,gasoline_euro4,0.94,16424.016943,763829.492788,91.692889,12.596127,304.322215,243630.599912,0.0
V6ToEastH6.17,204.0,468_0,4.6,0.0,0.0,333.0,522_1,56.88,13.43,129.0,1507.63,1.0,1,0.0,17.56,0,tripinfo_V6ToEastH6.17 emissions_V6ToEastH6.17,electric,0.98,0.0,0.0,0.0,0.0,0.0,0.0,0.0
V6ToEastH6.18,216.0,468_0,5.1,0.0,0.0,336.0,522_1,56.88,13.01,120.0,1507.13,0.0,0,0.0,12.78,0,tripinfo_V6ToEastH6.18 emissions_V6ToEastH6.18,gasoline_euro4,1.02,3833.619634,362637.43548,25.176452,5.446297,139.207117,115664.76872,0.0
V6ToEastH6.19,228.0,468_0,5.1,0.0,0.0,350.0,522_1,56.88,13.89,122.0,1507.13,0.0,0,0.0,13.57,0,tripinfo_V6ToEastH6.19 emissions_V6ToEastH6.19,gasoline_euro4,1.01,4069.460907,367314.885618,26.672823,5.686663,142.58598,117156.603289,0.0
V6ToEastH6.20,240.0,468_0,4.6,0.0,0.0,355.0,522_1,56.88,14.12,115.0,1507.63,0.0,0,0.0,14.81,0,tripinfo_V6ToEastH6.20 emissions_V6ToEastH6.20,electric,1.09,0.0,0.0,0.0,0.0,0.0,0.0,0.0
WestA509ToEastH6.0,3.0,773_0,4.6,0.0,3.0,359.0,522_1,56.88,13.98,356.0,3658.13,49.0,4,0.0,99.44,0,tripinfo_WestA509ToEastH6.0 emissions_WestA509ToEastH6.0,electric,1.03,0.0,0.0,0.0,0.0,0.0,0.0,0.0
EastA509ToH6.0,0.0,770_0,4.6,0.0,0.0,366.0,522_1,56.88,14.08,366.0,3285.8,100.0,2,0.0,140.18,0,tripinfo_EastA509ToH6.0 emissions_EastA509ToH6.0,electric,1.06,0.0,0.0,0.0,0.0,0.0,0.0,0.0
EastA509ToH6.2,36.0,770_0,4.6,0.0,0.0,368.0,522_1,56.88,14.71,332.0,3285.8,71.0,2,0.0,118.88,0,tripinfo_EastA509ToH6.2 emissions_EastA509ToH6.2,electric,1.12,0.0,0.0,0.0,0.0,0.0,0.0,0.0
V6ToEastH6.21,252.0,468_0,5.1,0.0,0.0,372.0,522_1,56.88,14.19,120.0,1507.13,0.0,0,0.0,17.32,0,tripinfo_V6ToEastH6.21 emissions_V6ToEastH6.21,gasoline_euro4,1.06,4365.589297,388198.110684,28.199614,6.078371,150.227479,123817.342349,0.0
V6ToEastH6.22,264.0,468_0,5.1,0.0,0.0,382.0,522_1,56.88,14.65,118.0,1507.13,0.0,0,0.0,15.88,0,tripinfo_V6ToEastH6.22 emissions_V6ToEastH6.22,gasoline_euro4,1.07,4309.861917,380695.638289,27.863817,6.07054,148.220116,121424.285273,0.0
WestH6ToSaxonSt.6,72.0,524_0,4.6,0.0,0.0,391.0,771_1,56.88,15.44,319.0,2570.37,99.0,3,0.0,156.28,0,tripinfo_WestH6ToSaxonSt.6 emissions_WestH6ToSaxonSt.6,electric,1.15,0.0,0.0,0.0,0.0,0.0,0.0,0.0
WestH6ToSaxonSt.5,60.0,524_0,4.6,0.0,0.0,412.0,771_1,56.88,11.6,352.0,2570.34,91.0,4,0.0,136.54,0,tripinfo_WestH6ToSaxonSt.5 emissions_WestH6ToSaxonSt.5,electric,0.87,0.0,0.0,0.0,0.0,0.0,0.0,0.0
WestH6ToSaxonSt.8,96.0,524_0,5.1,0.0,0.0,413.0,771_1,56.88,14.21,317.0,2569.87,84.0,2,0.0,146.35,0,tripinfo_WestH6ToSaxonSt.8 emissions_WestH6ToSaxonSt.8,gasoline_euro4,1.1,24368.14813,930002.434782,132.100002,17.525037,384.681451,296633.285477,0.0
V6ToEastH6.23,276.0,468_0,5.1,0.0,0.0,414.0,522_0,56.88,11.79,138.0,1507.13,0.0,0,0.0,12.64,0,tripinfo_V6ToEastH6.23 emissions_V6ToEastH6.23,gasoline_euro4,0.87,4108.043944,351784.641062,26.623651,4.865995,133.88722,112203.944737,0.0
WestH6ToSaxonSt.4,48.0,524_0,4.6,0.0,0.0,415.0,771_1,56.88,13.06,367.0,2570.34,112.0,6,0.0,181.53,0,tripinfo_WestH6ToSaxonSt.4 emissions_WestH6ToSaxonSt.4,electric,1.02,0.0,0.0,0.0,0.0,0.0,0.0,0.0
V6ToEastH6.24,288.0,468_0,4.6,0.0,0.0,415.0,522_1,56.88,13.67,127.0,1507.63,0.0,0,0.0,18.61,0,tripinfo_V6ToEastH6.24 emissions_V6ToEastH6.24,electric,1.0,0.0,0.0,0.0,0.0,0.0,0.0,0.0
WestH6ToSaxonSt.9,108.0,524_0,4.6,0.0,0.0,417.0,771_1,56.88,13.83,309.0,2570.34,71.0,3,0.0,127.64,0,tripinfo_WestH6ToSaxonSt.9 emissions_WestH6ToSaxonSt.9,electric,1.04,0.0,0.0,0.0,0.0,0.0,0.0,0.0
WestH6ToSaxonSt.7,84.0,524_0,5.1,0.0,0.0,418.0,771_1,56.88,16.09,334.0,2569.87,100.0,5,0.0,173.28,0,tripinfo_WestH6ToSaxonSt.7 emissions_WestH6ToSaxonSt.7,gasoline_euro4,1.17,28098.949101,1021042.720331,150.910873,19.6719,424.113193,325671.756054,0.0
V6ToEastH6.25,300.0,468_0,5.1,0.0,0.0,419.0,522_1,56.88,13.5,119.0,1507.13,0.0,0,0.0,13.45,0,tripinfo_V6ToEastH6.25 emissions_V6ToEastH6.25,gasoline_euro4,1.03,3825.936154,364735.422093,25.28345,5.524335,139.733212,116333.892208,0.0
V6ToEastH6.27,324.0,468_0,4.6,0.0,0.0,434.0,522_1,56.88,16.76,110.0,1507.63,0.0,0,0.0,20.77,0,tripinfo_V6ToEastH6.27 emissions_V6ToEastH6.27,electric,1.23,0.0,0.0,0.0,0.0,0.0,0.0,0.0
V6ToEastH6.26,312.0,468_0,4.6,0.0,0.0,440.0,522_1,56.88,13.46,128.0,1507.63,2.0,1,0.0,19.69,0,tripinfo_V6ToEastH6.26 emissions_V6ToEastH6.26,electric,1.01,0.0,0.0,0.0,0.0,0.0,0.0,0.0
WestA509ToEastH6.2,75.0,773_0,5.1,0.0,3.0,441.0,522_1,56.88,14.85,366.0,3657.64,82.0,4,0.0,141.53,0,tripinfo_WestA509ToEastH6.2 emissions_WestA509ToEastH6.2,gasoline_euro4,1.18,25648.457463,1163368.306899,142.464859,21.423632,471.820803,371065.244004,0.0
SouthEvansGateToSilbury.5,90.0,526_0,4.6,0.0,0.0,455.0,215_1,19.43,13.81,365.0,2705.63,117.0,5,0.0,168.85,0,tripinfo_SouthEvansGateToSilbury.5 emissions_SouthEvansGateToSilbury.5,electric,1.02,0.0,0.0,0.0,0.0,0.0,0.0,0.0
V6ToEastH6.28,336.0,468_0,5.1,0.0,0.0,455.0,522_1,56.88,15.15,119.0,1507.13,1.0,1,0.0,20.76,0,tripinfo_V6ToEastH6.28 emissions_V6ToEastH6.28,gasoline_euro4,1.11,5362.853559,415799.630635,33.434514,6.97812,164.268423,132620.83886,0.0
SouthEvansGateToSilbury.6,108.0,526_0,5.1,0.0,0.0,456.0,215_1,19.43,13.98,348.0,2705.1,104.0,3,0.0,154.64,0,tripinfo_SouthEvansGateToSilbury.6 emissions_SouthEvansGateToSilbury.6,gasoline_euro4,1.03,26503.523259,972103.104093,142.467553,17.831771,398.473558,310062.911167,0.0
SouthEvansGateToSilbury.1,18.0,526_0,4.6,0.0,0.0,457.0,215_0,19.43,11.8,439.0,2705.65,168.0,4,0.0,205.2,0,tripinfo_SouthEvansGateToSilbury.1 emissions_SouthEvansGateToSilbury.1,electric,0.86,0.0,0.0,0.0,0.0,0.0,0.0,0.0
SouthEvansGateToSilbury.3,54.0,526_0,5.1,0.0,0.0,458.0,215_0,19.43,13.53,404.0,2705.15,153.0,4,0.0,199.16,0,tripinfo_SouthEvansGateToSilbury.3 emissions_SouthEvansGateToSilbury.3,gasoline_euro4,0.97,35176.309916,1101077.699205,184.941388,21.008795,457.974222,351203.068206,0.0
EastA509ToH6.1,18.0,770_0,5.1,0.0,0.0,461.0,522_1,56.88,12.07,443.0,3285.28,145.0,4,0.0,188.47,0,tripinfo_EastA509ToH6.1 emissions_EastA509ToH6.1,gasoline_euro4,0.94,34627.109572,1209202.671746,185.113199,22.276211,497.739735,385689.358298,0.0
EastA509ToH6.3,54.0,770_0,4.6,0.0,0.0,463.0,522_1,56.88,13.78,409.0,3285.8,123.0,3,0.0,172.23,0,tripinfo_EastA509ToH6.3 emissions_EastA509ToH6.3,electric,1.01,0.0,0.0,0.0,0.0,0.0,0.0,0.0
SouthEvansGateToSilbury.2,36.0,526_0,4.6,0.0,0.0,464.0,215_0,19.43,13.45,428.0,2705.68,173.0,4,0.0,226.34,0,tripinfo_SouthEvansGateToSilbury.2 emissions_SouthEvansGateToSilbury.2,electric,0.99,0.0,0.0,0.0,0.0,0.0,0.0,0.0
SouthEvansGateToSilbury.8,144.0,526_0,5.1,0.0,0.0,465.0,215_0,19.43,14.38,321.0,2705.13,88.0,3,0.0,138.67,0,tripinfo_SouthEvansGateToSilbury.8 emissions_SouthEvansGateToSilbury.8,gasoline_euro4,1.1,24701.193718,953988.339515,133.400033,17.517777,388.79929,304284.154369,0.0
EastA509ToH6.5,90.0,770_0,5.1,0.0,0.0,467.0,522_1,56.88,13.65,377.0,3285.3,96.0,2,0.0,135.81,0,tripinfo_EastA509ToH6.5 emissions_EastA509ToH6.5,gasoline_euro4,0.99,25356.838369,1055939.322663,138.756131,18.449458,425.590933,336802.322496,0.0
EastAveburyToWestA509.1,209.0,483_0,5.1,0.0,0.5,474.0,774_2,29.75,13.98,265.0,2209.76,86.0,3,0.0,117.47,0,tripinfo_EastAveburyToWestA509.1 emissions_EastAveburyToWestA509.1,gasoline_euro4,1.09,21500.250981,786398.778235,115.560546,14.911895,323.699896,250830.050768,0.0
WestH6ToSaxonSt.11,132.0,524_0,5.1,0.0,0.0,484.0,771_1,56.88,15.11,352.0,2569.87,132.0,5,0.0,191.07,0,tripinfo_WestH6ToSaxonSt.11 emissions_WestH6ToSaxonSt.11,gasoline_euro4,1.17,33142.553139,1097057.914996,175.762233,21.915936,460.525747,349918.606319,0.0
V6ToEastH6.29,348.0,468_0,5.1,0.0,0.0,484.0,522_0,56.88,12.11,136.0,1507.13,0.0,0,0.0,13.08,0,tripinfo_V6ToEastH6.29 emissions_V6ToEastH6.29,gasoline_euro4,0.89,4041.465547,353675.468278,26.368076,4.942362,134.904993,112806.910942,0.0
V6ToEastH6.30,360.0,468_0,4.6,0.0,0.0,485.0,522_1,56.88,13.2,125.0,1507.63,0.0,0,0.0,16.95,0,tripinfo_V6ToEastH6.30 emissions_V6ToEastH6.30,electric,1.0,0.0,0.0,0.0,0.0,0.0,0.0,0.0
V6ToEastH6.31,372.0,468_0,4.6,0.0,0.0,490.0,522_1,56.88,13.76,118.0,1507.63,0.0,0,0.0,16.5,0,tripinfo_V6ToEastH6.31 emissions_V6ToEastH6.31,electric,1.08,0.0,0.0,0.0,0.0,0.0,0.0,0.0
V6ToEastH6.32,384.0,468_0,4.6,0.0,0.0,495.0,522_1,56.88,14.47,111.0,1507.63,0.0,0,0.0,14.32,0,tripinfo_V6ToEastH6.32 emissions_V6ToEastH6.32,electric,1.13,0.0,0.0,0.0,0.0,0.0,0.0,0.0
WestA509ToAvebury.3,54.0,773_0,5.1,0.0,0.0,498.0,213_0,19.13,11.9,444.0,2318.19,209.0,7,0.0,254.6,0,tripinfo_WestA509ToAvebury.3 emissions_WestA509ToAvebury.3,gasoline_euro4,0.89,43947.934259,1156817.341801,226.66072,23.140216,490.052555,368985.143266,0.0
WestH6ToSaxonSt.10,120.0,524_0,5.1,0.0,0.0,498.0,771_1,56.88,12.89,378.0,2569.84,135.0,5,0.0,189.5,0,tripinfo_WestH6ToSaxonSt.10 emissions_WestH6ToSaxonSt.10,gasoline_euro4,1.0,33041.412925,1053542.625148,174.349099,20.527716,441.405836,336040.234928,0.0
WestA509ToAvebury.2,36.0,773_0,5.1,0.0,0.0,500.0,213_0,19.13,11.85,464.0,2323.33,225.0,6,0.0,271.69,0,tripinfo_WestA509ToAvebury.2 emissions_WestA509ToAvebury.2,gasoline_euro4,0.88,46976.5851,1199400.587485,241.532137,24.314587,510.654209,382568.247252,0.0
WestA509ToAvebury.4,72.0,773_0,4.6,0.0,0.0,502.0,213_0,19.13,11.96,430.0,2323.83,188.0,9,0.0,248.36,0,tripinfo_WestA509ToAvebury.4 emissions_WestA509ToAvebury.4,electric,0.93,0.0,0.0,0.0,0.0,0.0,0.0,0.0
WestA509ToAvebury.6,108.0,773_0,4.6,0.0,0.0,504.0,213_0,19.13,14.69,396.0,2317.84,155.0,9,0.0,240.78,0,tripinfo_WestA509ToAvebury.6 emissions_WestA509ToAvebury.6,electric,1.09,0.0,0.0,0.0,0.0,0.0,0.0,0.0
WestA509ToAvebury.5,90.0,773_0,5.1,0.0,0.0,506.0,213_0,19.13,12.29,416.0,2318.19,160.0,8,0.0,242.25,0,tripinfo_WestA509ToAvebury.5 emissions_WestA509ToAvebury.5,gasoline_euro4,0.97,39969.431929,1126613.151704,208.019735,22.648387,478.135754,359349.079395,0.0
WestA509ToEastH6.1,39.0,773_0,4.6,0.0,3.0,525.0,522_1,56.88,12.06,486.0,3657.28,159.0,4,0.0,205.13,0,tripinfo_WestA509ToEastH6.1 emissions_WestA509ToEastH6.1,electric,0.94,0.0,0.0,0.0,0.0,0.0,0.0,0.0
V6ToEastH6.33,396.0,468_0,5.1,0.0,0.0,529.0,522_1,56.88,11.79,133.0,1507.13,0.0,0,0.0,17.1,0,tripinfo_V6ToEastH6.33 emissions_V6ToEastH6.33,gasoline_euro4,0.94,4334.436877,366404.800516,27.899744,5.441914,141.568087,116866.729458,0.0
V6ToEastH6.34,408.0,468_0,4.6,0.0,0.0,539.0,522_1,56.88,11.91,131.0,1507.63,0.0,0,0.0,12.58,0,tripinfo_V6ToEastH6.34 emissions_V6ToEastH6.34,electric,0.92,0.0,0.0,0.0,0.0,0.0,0.0,0.0
SouthEvansGateToSilbury.9,162.0,526_0,4.6,0.0,0.0,541.0,215_1,19.43,14.73,379.0,2705.6,116.0,6,0.0,201.28,0,tripinfo_SouthEvansGateToSilbury.9 emissions_SouthEvansGateToSilbury.9,electric,1.12,0.0,0.0,0.0,0.0,0.0,0.0,0.0
V6ToEastH6.35,420.0,468_0,4.6,0.0,0.0,541.0,522_1,56.88,14.21,121.0,1507.63,0.0,0,0.0,14.71,0,tripinfo_V6ToEastH6.35 emissions_V6ToEastH6.35,electric,1.03,0.0,0.0,0.0,0.0,0.0,0.0,0.0
SouthEvansGateToSilbury.4,72.0,526_0,5.1,0.0,0.0,543.0,215_0,19.43,12.71,471.0,2705.15,196.0,6,0.0,261.0,0,tripinfo_SouthEvansGateToSilbury.4 emissions_SouthEvansGateToSilbury.4,gasoline_euro4,0.95,44430.105818,1253738.262386,230.941895,24.83146,528.878883,399897.843496,0.0
SouthEvansGateToSilbury.10,180.0,526_0,4.6,0.0,0.0,546.0,215_1,19.43,12.46,366.0,2705.6,99.0,4,0.0,145.51,0,tripinfo_SouthEvansGateToSilbury.10 emissions_SouthEvansGateToSilbury.10,electric,0.91,0.0,0.0,0.0,0.0,0.0,0.0,0.0
SouthEvansGateToSilbury.11,198.0,526_0,4.6,0.0,0.0,547.0,215_1,19.43,12.31,349.0,2705.6,90.0,3,0.0,140.31,0,tripinfo_SouthEvansGateToSilbury.11 emissions_SouthEvansGateToSilbury.11,electric,0.96,0.0,0.0,0.0,0.0,0.0,0.0,0.0
SouthEvansGateToSilbury.7,126.0,526_0,4.6,0.0,0.0,550.0,215_1,19.43,11.45,424.0,2705.65,150.0,4,0.0,196.3,0,tripinfo_SouthEvansGateToSilbury.7 emissions_SouthEvansGateToSilbury.7,electric,0.88,0.0,0.0,0.0,0.0,0.0,0.0,0.0
EastA509ToH6.4,72.0,770_0,4.6,0.0,0.0,552.0,522_1,56.88,12.11,480.0,3285.78,176.0,3,0.0,218.95,0,tripinfo_EastA509ToH6.4 emissions_EastA509ToH6.4,electric,0.92,0.0,0.0,0.0,0.0,0.0,0.0,0.0
EastA509ToH6.6,108.0,770_0,4.6,0.0,0.0,556.0,522_1,56.88,12.03,448.0,3285.8,135.0,3,0.0,181.34,0,tripinfo_EastA509ToH6.6 emissions_EastA509ToH6.6,electric,0.9,0.0,0.0,0.0,0.0,0.0,0.0,0.0
EastA509ToH6.7,126.0,770_0,4.6,0.0,0.0,559.0,522_1,56.88,11.38,433.0,3285.8,121.0,2,0.0,166.85,0,tripinfo_EastA509ToH6.7 emissions_EastA509ToH6.7,electric,0.9,0.0,0.0,0.0,0.0,0.0,0.0,0.0
V6ToEastH6.36,432.0,468_0,4.6,0.0,0.0,560.0,522_1,56.88,12.27,128.0,1507.63,0.0,0,0.0,16.05,0,tripinfo_V6ToEastH6.36 emissions_V6ToEastH6.36,electric,0.97,0.0,0.0,0.0,0.0,0.0,0.0,0.0
EastA509ToH6.8,144.0,770_0,5.1,0.0,0.0,562.0,522_1,56.88,13.3,418.0,3285.28,127.0,3,0.0,183.1,0,tripinfo_EastA509ToH6.8 emissions_EastA509ToH6.8,gasoline_euro4,1.02,32629.029812,1201871.832754,175.460296,22.374868,495.180063,383349.663711,0.0
EastA509ToH6.9,162.0,770_0,4.6,0.0,0.0,564.0,522_1,56.88,14.62,402.0,3285.8,116.0,2,0.0,180.18,0,tripinfo_EastA509ToH6.9 emissions_EastA509ToH6.9,electric,1.08,0.0,0.0,0.0,0.0,0.0,0.0,0.0
EastA509ToH6.11,198.0,770_0,5.1,0.0,0.0,566.0,522_1,56.88,14.33,368.0,3285.3,81.0,2,0.0,141.24,0,tripinfo_EastA509ToH6.11 emissions_EastA509ToH6.11,gasoline_euro4,1.06,25197.863927,1092379.68596,139.424825,19.783552,445.887812,348423.83911,0.0
EastAveburyToWestA509.5,243.0,483_0,4.6,0.0,0.5,567.0,774_2,29.75,12.93,324.0,2210.27,128.0,4,0.0,164.63,0,tripinfo_EastAveburyToWestA509.5 emissions_EastAveburyToWestA509.5,electric,1.01,0.0,0.0,0.0,0.0,0.0,0.0,0.0
EastAveburyToWestA509.3,226.0,483_0,5.1,0.0,0.5,568.0,774_2,29.75,14.39,342.0,2209.74,139.0,4,0.0,188.17,0,tripinfo_EastAveburyToWestA509.3 emissions_EastAveburyToWestA509.3,gasoline_euro4,1.04,33054.772937,993071.409665,173.394755,20.119564,421.520533,316752.538239,0.0
V6ToEastH6.37,444.0,468_0,5.1,0.0,0.0,570.0,522_1,56.88,12.83,126.0,1507.13,0.0,0,0.0,16.59,0,tripinfo_V6ToEastH6.37 emissions_V6ToEastH6.37,gasoline_euro4,1.0,4133.846795,363700.402568,26.757986,5.508826,140.514292,116003.926821,0.0
EastAveburyToWestA509.2,217.0,483_0,5.1,0.0,0.0,571.0,774_2,29.75,13.03,354.0,2209.76,142.0,5,0.0,193.55,0,tripinfo_EastAveburyToWestA509.2 emissions_EastAveburyToWestA509.2,gasoline_euro4,1.0,33401.93494,999573.592275,174.821459,19.848258,421.485843,318827.013671,0.0
EastAveburyToWestA509.0,200.0,483_0,5.1,0.0,0.0,572.0,774_1,29.75,14.11,372.0,2210.24,165.0,6,0.0,216.59,0,tripinfo_EastAveburyToWestA509.0 emissions_EastAveburyToWestA509.0,gasoline_euro4,1.03,37511.946811,1089427.349201,195.586074,22.035342,461.599829,347487.293838,0.0
V6ToEastH6.38,456.0,468_0,4.6,0.0,0.0,575.0,522_1,56.88,14.12,119.0,1507.63,0.0,0,0.0,13.45,0,tripinfo_V6ToEastH6.38 emissions_V6ToEastH6.38,electric,1.03,0.0,0.0,0.0,0.0,0.0,0.0,0.0
WestH6ToSaxonSt.12,144.0,524_0,4.6,0.0,0.0,577.0,771_1,56.88,15.11,433.0,2570.36,192.0,8,0.0,268.19,0,tripinfo_WestH6ToSaxonSt.12 emissions_WestH6ToSaxonSt.12,electric,1.14,0.0,0.0,0.0,0.0,0.0,0.0,0.0
EastAveburyToWestA509.7,260.0,483_0,4.6,0.0,0.5,581.0,774_1,29.75,12.12,321.0,2210.29,95.0,6,0.0,141.11,0,tripinfo_EastAveburyToWestA509.7 emissions_EastAveburyToWestA509.7,electric,0.89,0.0,0.0,0.0,0.0,0.0,0.0,0.0
EastAveburyToWestA509.4,234.0,483_0,5.1,0.0,0.0,583.0,774_1,29.75,11.09,349.0,2212.92,117.0,5,0.0,169.09,0,tripinfo_EastAveburyToWestA509.4 emissions_EastAveburyToWestA509.4,gasoline_euro4,0.89,29580.021779,911298.547233,155.703084,17.109989,379.016021,290671.108409,0.0
EastAveburyToWestA509.6,251.0,483_0,5.1,0.0,0.0,585.0,774_1,29.75,12.16,334.0,2209.76,98.0,5,0.0,157.18,0,tripinfo_EastAveburyToWestA509.6 emissions_EastAveburyToWestA509.6,gasoline_euro4,0.91,27387.828193,900974.986337,145.410417,16.971298,375.307806,287377.000199,0.0
WestH6ToSaxonSt.13,156.0,524_0,4.6,0.0,0.0,590.0,771_1,56.88,13.36,434.0,2570.34,164.0,10,0.0,239.22,0,tripinfo_WestH6ToSaxonSt.13 emissions_WestH6ToSaxonSt.13,electric,0.97,0.0,0.0,0.0,0.0,0.0,0.0,0.0
WestH6ToSaxonSt.15,180.0,524_0,4.6,0.0,0.0,591.0,771_1,56.88,13.23,411.0,2570.37,146.0,7,0.0,227.02,0,tripinfo_WestH6ToSaxonSt.15 emissions_WestH6ToSaxonSt.15,electric,1.02,0.0,0.0,0.0,0.0,0.0,0.0,0.0
V6ToEastH6.39,468.0,468_0,4.6,0.0,0.0,593.0,522_1,56.88,12.32,125.0,1507.63,0.0,0,0.0,11.63,0,tripinfo_V6ToEastH6.39 emissions_V6ToEastH6.39,electric,0.96,0.0,0.0,0.0,0.0,0.0,0.0,0.0
V6ToEastH6.41,492.0,468_0,4.6,0.0,0.0,602.0,522_1,56.88,15.05,110.0,1507.63,0.0,0,0.0,14.67,0,tripinfo_V6ToEastH6.41 emissions_V6ToEastH6.41,electric,1.15,0.0,0.0,0.0,0.0,0.0,0.0,0.0
WestA509ToEastH6.3,111.0,773_0,4.6,0.0,3.0,607.0,522_1,56.88,13.21,496.0,3658.12,183.0,8,0.0,241.24,0,tripinfo_WestA509ToEastH6.3 emissions_WestA509ToEastH6.3,electric,1.04,0.0,0.0,0.0,0.0,0.0,0.0,0.0
V6ToEastH6.42,504.0,468_0,4.6,0.0,0.0,621.0,522_0,56.88,14.62,117.0,1507.63,0.0,0,0.0,18.71,0,tripinfo_V6ToEastH6.42 emissions_V6ToEastH6.42,electric,1.11,0.0,0.0,0.0,0.0,0.0,0.0,0.0
V6ToEastH6.40,480.0,468_0,5.1,0.0,0.0,623.0,522_0,56.88,11.28,143.0,1507.13,0.0,0,0.0,12.03,0,tripinfo_V6ToEastH6.40 emissions_V6ToEastH6.40,gasoline_euro4,0.83,3632.944105,317659.643277,23.681072,4.035953,118.610721,101319.931941,0.0
SouthEvansGateToSilbury.14,252.0,526_0,5.1,0.0,0.0,630.0,215_1,19.43,14.46,378.0,2705.1,120.0,4,0.0,196.0,0,tripinfo_SouthEvansGateToSilbury.14 emissions_SouthEvansGateToSilbury.14,gasoline_euro4,1.1,31241.003484,1064841.636207,166.618178,20.640845,445.906486,339642.917214,0.0
SouthEvansGateToSilbury.12,216.0,526_0,4.6,0.0,0.0,633.0,215_1,19.43,13.37,417.0,2705.68,153.0,4,0.0,217.16,0,tripinfo_SouthEvansGateToSilbury.12 emissions_SouthEvansGateToSilbury.12,electric,1.0,0.0,0.0,0.0,0.0,0.0,0.0,0.0
SouthEvansGateToSilbury.15,270.0,526_0,5.1,0.0,0.0,635.0,215_1,19.43,12.28,365.0,2705.1,94.0,4,0.0,156.89,0,tripinfo_SouthEvansGateToSilbury.15 emissions_SouthEvansGateToSilbury.15,gasoline_euro4,0.96,27027.854878,980231.72733,145.475643,18.171333,405.50939,312655.517892,0.0
EastA509ToH6.10,180.0,770_0,5.1,0.0,0.0,642.0,522_0,56.88,11.76,462.0,3285.28,146.0,3,0.0,190.8,0,tripinfo_EastA509ToH6.10 emissions_EastA509ToH6.10,gasoline_euro4,0.88,35385.505976,1209432.634102,188.97598,21.885507,496.728723,385763.602257,0.0
EastA509ToH6.12,216.0,770_0,5.1,0.0,0.0,643.0,522_1,56.88,14.04,427.0,3285.3,126.0,2,0.0,195.92,0,tripinfo_EastA509ToH6.12 emissions_EastA509ToH6.12,gasoline_euro4,1.03,33165.004214,1222448.643348,178.891954,22.929117,506.056696,389912.635185,0.0
EastA509ToH6.13,234.0,770_0,4.6,0.0,0.0,645.0,522_1,56.88,13.64,411.0,3285.76,122.0,2,0.0,175.36,0,tripinfo_EastA509ToH6.13 emissions_EastA509ToH6.13,electric,1.02,0.0,0.0,0.0,0.0,0.0,0.0,0.0
EastA509ToH6.14,252.0,770_0,4.6,0.0,0.0,647.0,522_1,56.88,14.7,395.0,3285.8,117.0,2,0.0,180.97,0,tripinfo_EastA509ToH6.14 emissions_EastA509ToH6.14,electric,1.12,0.0,0.0,0.0,0.0,0.0,0.0,0.0
EastA509ToH6.15,270.0,770_0,5.1,0.0,0.0,648.0,522_1,56.88,14.51,378.0,3285.3,100.0,3,0.0,154.03,0,tripinfo_EastA509ToH6.15 emissions_EastA509ToH6.15,gasoline_euro4,1.06,28157.476337,1142333.841306,153.799752,21.052482,467.701327,364357.883905,0.0
V6ToEastH6.43,516.0,468_0,4.6,0.0,0.0,654.0,522_1,56.88,12.48,138.0,1507.63,0.0,0,0.0,17.94,0,tripinfo_V6ToEastH6.43 emissions_V6ToEastH6.43,electric,0.91,0.0,0.0,0.0,0.0,0.0,0.0,0.0
EastAveburyToWestA509.9,277.0,483_0,5.1,0.0,0.5,655.0,774_2,29.75,13.09,378.0,2209.74,180.0,4,0.0,218.38,0,tripinfo_EastAveburyToWestA509.9 emissions_EastAveburyToWestA509.9,gasoline_euro4,1.01,37820.822123,1048401.74022,195.940437,21.043854,442.490125,334402.965899,0.0
EastAveburyToWestA509.8,268.0,483_0,4.6,0.0,0.0,656.0,774_2,29.75,13.43,388.0,2210.26,179.0,4,0.0,232.99,0,tripinfo_EastAveburyToWestA509.8 emissions_EastAveburyToWestA509.8,electric,1.03,0.0,0.0,0.0,0.0,0.0,0.0,0.0
EastAveburyToWestA509.10,285.0,483_0,4.6,0.0,0.0,656.0,774_1,29.75,14.63,371.0,2210.74,163.0,5,0.0,223.86,0,tripinfo_EastAveburyToWestA509.10 emissions_EastAveburyToWestA509.10,electric,1.1,0.0,0.0,0.0,0.0,0.0,0.0,0.0
V6ToEastH6.44,528.0,468_0,4.6,0.0,0.0,656.0,522_1,56.88,13.64,128.0,1507.63,2.0,1,0.0,20.4,0,tripinfo_V6ToEastH6.44 emissions_V6ToEastH6.44,electric,1.01,0.0,0.0,0.0,0.0,0.0,0.0,0.0
EastAveburyToWestA509.12,302.0,483_0,4.6,0.0,0.0,658.0,774_1,29.75,14.53,356.0,2213.9,154.0,5,0.0,204.7,0,tripinfo_EastAveburyToWestA509.12 emissions_EastAveburyToWestA509.12,electric,1.06,0.0,0.0,0.0,0.0,0.0,0.0,0.0
V6ToEastH6.45,540.0,468_0,4.6,0.0,0.0,658.0,522_1,56.88,13.57,118.0,1507.63,0.0,0,0.0,13.01,0,tripinfo_V6ToEastH6.45 emissions_V6ToEastH6.45,electric,1.04,0.0,0.0,0.0,0.0,0.0,0.0,0.0
EastAveburyToWestA509.14,319.0,483_0,4.6,0.0,0.0,659.0,774_2,29.75,14.81,340.0,2210.25,137.0,4,0.0,189.85,0,tripinfo_EastAveburyToWestA509.14 emissions_EastAveburyToWestA509.14,electric,1.07,0.0,0.0,0.0,0.0,0.0,0.0,0.0
EastAveburyToWestA509.11,294.0,483_0,4.6,0.0,0.5,661.0,774_2,29.75,14.8,367.0,2210.26,153.0,7,0.0,221.41,0,tripinfo_EastAveburyToWestA509.11 emissions_EastAveburyToWestA509.11,electric,1.1,0.0,0.0,0.0,0.0,0.0,0.0,0.0
EastAveburyToWestA509.16,336.0,483_0,5.1,0.0,0.0,669.0,774_1,29.75,12.11,333.0,2209.77,112.0,4,0.0,164.89,0,tripinfo_EastAveburyToWestA509.16 emissions_EastAveburyToWestA509.16,gasoline_euro4,0.95,28182.16555,881007.25988,148.024347,16.775105,366.479999,281008.775565,0.0
WestH6ToSaxonSt.14,168.0,524_0,5.1,0.0,0.0,670.0,771_1,56.88,12.16,502.0,2569.87,223.0,9,0.0,301.0,0,tripinfo_WestH6ToSaxonSt.14 emissions_WestH6ToSaxonSt.14,gasoline_euro4,0.94,50275.877611,1311817.9648,258.880485,26.452659,556.770163,418425.047589,0.0
WestH6ToSaxonSt.16,192.0,524_0,5.1,0.0,0.0,672.0,771_1,56.88,12.88,480.0,2569.84,215.0,10,0.0,279.72,0,tripinfo_WestH6ToSaxonSt.16 emissions_WestH6ToSaxonSt.16,gasoline_euro4,0.94,47442.519021,1253399.673004,244.734089,25.214829,531.282025,399791.343559,0.0
WestA509ToAvebury.9,162.0,773_0,4.6,0.0,0.0,673.0,213_0,19.13,13.35,511.0,2317.84,269.0,8,0.0,344.25,0,tripinfo_WestA509ToAvebury.9 emissions_WestA509ToAvebury.9,electric,1.02,0.0,0.0,0.0,0.0,0.0,0.0,0.0
WestA509ToAvebury.7,126.0,773_0,4.6,0.0,0.0,677.0,213_0,19.13,11.14,551.0,2323.83,293.0,7,0.0,352.31,0,tripinfo_WestA509ToAvebury.7 emissions_WestA509ToAvebury.7,electric,0.85,0.0,0.0,0.0,0.0,0.0,0.0,0.0
V6ToEastH6.46,552.0,468_0,5.1,0.0,0.0,677.0,522_1,56.88,12.89,125.0,1507.13,0.0,0,0.0,13.7,0,tripinfo_V6ToEastH6.46 emissions_V6ToEastH6.46,gasoline_euro4,0.98,4063.608992,363349.85762,26.372394,5.488285,140.265412,115892.090919,0.0
WestA509ToAvebury.8,144.0,773_0,5.1,0.0,0.0,679.0,213_0,19.13,13.74,535.0,2323.33,281.0,8,0.0,364.91,0,tripinfo_WestA509ToAvebury.8 emissions_WestA509ToAvebury.8,gasoline_euro4,1.0,59869.924461,1434146.581411,305.818897,30.724388,622.153467,457444.646633,0.0
WestA509ToAvebury.11,198.0,773_0,4.6,0.0,0.0,680.0,213_0,19.13,12.92,482.0,2317.84,218.0,7,0.0,310.88,0,tripinfo_WestA509ToAvebury.11 emissions_WestA509ToAvebury.11,electric,0.98,0.0,0.0,0.0,0.0,0.0,0.0,0.0
WestH6ToSaxonSt.17,204.0,524_0,5.1,0.0,0.0,680.0,771_1,56.88,13.35,476.0,2569.84,217.0,12,0.0,288.84,0,tripinfo_WestH6ToSaxonSt.17 emissions_WestH6ToSaxonSt.17,gasoline_euro4,1.01,48404.47465,1291621.239076,249.775295,26.39257,548.900591,411981.928177,0.0
WestH6ToSaxonSt.18,216.0,524_0,5.1,0.0,0.0,682.0,771_1,56.88,13.04,466.0,2569.87,194.0,7,0.0,273.21,0,tripinfo_WestH6ToSaxonSt.18 emissions_WestH6ToSaxonSt.18,gasoline_euro4,0.98,44972.534554,1231547.213555,232.736488,24.545236,519.90458,392820.362466,0.0
V6ToEastH6.48,576.0,468_0,4.6,0.0,0.0,716.0,522_1,56.88,12.28,140.0,1507.63,1.0,1,0.0,21.26,0,tripinfo_V6ToEastH6.48 emissions_V6ToEastH6.48,electric,0.92,0.0,0.0,0.0,0.0,0.0,0.0,0.0
SouthEvansGateToSilbury.16,288.0,526_0,5.1,0.0,0.0,717.0,215_1,19.43,15.13,429.0,2705.15,154.0,7,0.0,259.79,0,tripinfo_SouthEvansGateToSilbury.16 emissions_SouthEvansGateToSilbury.16,gasoline_euro4,1.18,39246.277369,1217118.660111,206.472873,24.121521,512.996886,388214.978671,0.0
V6ToEastH6.49,588.0,468_0,4.6,0.0,0.0,718.0,522_1,56.88,13.68,130.0,1507.63,0.0,0,0.0,26.19,0,tripinfo_V6ToEastH6.49 emissions_V6ToEastH6.49,electric,1.05,0.0,0.0,0.0,0.0,0.0,0.0,0.0
EastA509ToH6.17,306.0,770_0,4.6,0.0,0.0,719.0,522_1,56.88,14.73,413.0,3285.8,141.0,3,0.0,205.85,0,tripinfo_EastA509ToH6.17 emissions_EastA509ToH6.17,electric,1.15,0.0,0.0,0.0,0.0,0.0,0.0,0.0
SouthEvansGateToSilbury.17,306.0,526_0,5.1,0.0,0.0,720.0,215_1,19.43,13.7,414.0,2705.13,161.0,6,0.0,221.16,0,tripinfo_SouthEvansGateToSilbury.17 emissions_SouthEvansGateToSilbury.17,gasoline_euro4,1.03,38075.668711,1159681.115325,199.349837,22.623205,484.382625,369895.485662,0.0
SouthEvansGateToSilbury.18,324.0,526_0,5.1,0.0,0.0,722.0,215_1,19.43,13.17,398.0,2705.1,141.0,6,0.0,205.82,0,tripinfo_SouthEvansGateToSilbury.18 emissions_SouthEvansGateToSilbury.18,gasoline_euro4,1.04,34809.545303,1105750.179909,183.409983,21.461904,461.464623,352692.689783,0.0
SouthEvansGateToSilbury.19,342.0,526_0,5.1,0.0,0.0,724.0,215_1,19.43,14.59,382.0,2705.1,139.0,4,0.0,204.94,0,tripinfo_SouthEvansGateToSilbury.19 emissions_SouthEvansGateToSilbury.19,gasoline_euro4,1.13,35298.059976,1170645.841651,187.322816,23.386904,493.366611,373390.173824,0.0
SouthEvansGateToSilbury.20,360.0,526_0,4.6,0.0,0.0,726.0,215_1,19.43,12.27,366.0,2705.62,107.0,3,0.0,159.06,0,tripinfo_SouthEvansGateToSilbury.20 emissions_SouthEvansGateToSilbury.20,electric,0.96,0.0,0.0,0.0,0.0,0.0,0.0,0.0
V6ToEastH6.47,564.0,468_0,5.1,0.0,0.0,729.0,522_0,56.88,9.52,165.0,1507.13,1.0,1,0.0,20.0,0,tripinfo_V6ToEastH6.47 emissions_V6ToEastH6.47,gasoline_euro4,0.75,5415.290699,353028.609201,32.659777,4.719356,135.021414,112601.584464,0.0
EastA509ToH6.16,288.0,770_0,4.6,0.0,0.0,730.0,522_1,56.88,12.28,442.0,3285.78,134.0,4,0.0,182.13,0,tripinfo_EastA509ToH6.16 emissions_EastA509ToH6.16,electric,0.92,0.0,0.0,0.0,0.0,0.0,0.0,0.0
V6ToEastH6.50,600.0,468_0,4.6,0.0,0.0,732.0,522_1,56.88,13.36,132.0,1507.63,1.0,1,0.0,21.97,0,tripinfo_V6ToEastH6.50 emissions_V6ToEastH6.50,electric,0.99,0.0,0.0,0.0,0.0,0.0,0.0,0.0
V6ToEastH6.51,612.0,468_0,4.6,0.0,0.0,735.0,522_1,56.88,12.81,123.0,1507.63,0.0,0,0.0,11.55,0,tripinfo_V6ToEastH6.51 emissions_V6ToEastH6.51,electric,0.98,0.0,0.0,0.0,0.0,0.0,0.0,0.0
SouthEvansGateToSilbury.13,234.0,526_0,4.6,0.0,0.0,736.0,215_0,19.43,10.67,502.0,2705.65,207.0,7,0.0,262.32,0,tripinfo_SouthEvansGateToSilbury.13 emissions_SouthEvansGateToSilbury.13,electric,0.83,0.0,0.0,0.0,0.0,0.0,0.0,0.0
V6ToEastH6.52,624.0,468_0,5.1,0.0,0.0,742.0,522_1,56.88,14.88,118.0,1507.13,0.0,0,0.0,18.29,0,tripinfo_V6ToEastH6.52 emissions_V6ToEastH6.52,gasoline_euro4,1.09,4529.672097,388891.308287,29.0196,6.264877,151.294408,124038.357794,0.0
EastAveburyToWestA509.15,328.0,483_0,4.6,0.0,0.5,743.0,774_2,29.75,12.81,415.0,2210.28,195.0,5,0.0,255.27,0,tripinfo_EastAveburyToWestA509.15 emissions_EastAveburyToWestA509.15,electric,1.0,0.0,0.0,0.0,0.0,0.0,0.0,0.0
EastAveburyToWestA509.13,311.0,483_0,4.6,0.0,0.5,745.0,774_2,29.75,14.66,434.0,2210.26,210.0,6,0.0,290.07,0,tripinfo_EastAveburyToWestA509.13 emissions_EastAveburyToWestA509.13,electric,1.12,0.0,0.0,0.0,0.0,0.0,0.0,0.0
EastAveburyToWestA509.17,345.0,483_0,5.1,0.0,0.5,745.0,774_1,29.75,15.69,400.0,2210.24,176.0,5,0.0,259.25,0,tripinfo_EastAveburyToWestA509.17 emissions_EastAveburyToWestA509.17,gasoline_euro4,1.14,40892.117928,1149428.033554,212.387226,23.531735,489.78421,366625.76674,0.0
V6ToEastH6.53,636.0,468_0,4.6,0.0,0.0,746.0,522_1,56.88,15.25,110.0,1507.63,0.0,0,0.0,15.61,0,tripinfo_V6ToEastH6.53 emissions_V6ToEastH6.53,electric,1.16,0.0,0.0,0.0,0.0,0.0,0.0,0.0
EastAveburyToWestA509.19,362.0,483_0,4.6,0.0,0.5,748.0,774_1,29.75,14.94,386.0,2213.9,175.0,9,0.0,242.79,0,tripinfo_EastAveburyToWestA509.19 emissions_EastAveburyToWestA509.19,electric,1.12,0.0,0.0,0.0,0.0,0.0,0.0,0.0
EastAveburyToWestA509.18,353.0,483_0,4.6,0.0,0.0,749.0,774_2,29.75,12.34,396.0,2210.26,174.0,5,0.0,229.61,0,tripinfo_EastAveburyToWestA509.18 emissions_EastAveburyToWestA509.18,electric,0.97,0.0,0.0,0.0,0.0,0.0,0.0,0.0
EastAveburyToWestA509.21,379.0,483_0,5.1,0.0,0.5,753.0,774_1,29.75,12.93,374.0,2209.77,157.0,7,0.0,212.27,0,tripinfo_EastAveburyToWestA509.21 emissions_EastAveburyToWestA509.21,gasoline_euro4,0.99,36369.158842,1039940.611257,189.157118,20.634393,437.953451,331703.679382,0.0
WestH6ToSaxonSt.19,228.0,524_0,4.6,0.0,0.0,759.0,771_1,56.88,13.49,531.0,2570.36,262.0,9,0.0,347.17,0,tripinfo_WestH6ToSaxonSt.19 emissions_WestH6ToSaxonSt.19,electric,1.02,0.0,0.0,0.0,0.0,0.0,0.0,0.0
WestA509ToAvebury.10,180.0,773_0,4.6,0.0,0.0,761.0,213_0,19.13,13.85,581.0,2317.84,327.0,10,0.0,418.04,0,tripinfo_WestA509ToAvebury.10 emissions_WestA509ToAvebury.10,electric,1.04,0.0,0.0,0.0,0.0,0.0,0.0,0.0
WestH6ToSaxonSt.20,240.0,524_0,4.6,0.0,0.0,768.0,771_1,56.88,14.37,528.0,2570.37,254.0,10,0.0,349.65,0,tripinfo_WestH6ToSaxonSt.20 emissions_WestH6ToSaxonSt.20,electric,1.06,0.0,0.0,0.0,0.0,0.0,0.0,0.0
V6ToEastH6.54,648.0,468_0,5.1,0.0,0.0,774.0,522_1,56.88,12.25,126.0,1507.13,0.0,0,0.0,12.17,0,tripinfo_V6ToEastH6.54 emissions_V6ToEastH6.54,gasoline_euro4,0.96,3826.153957,357887.797911,24.94395,5.112736,135.411622,114150.210378,0.0
V6ToEastH6.55,660.0,468_0,4.6,0.0,0.0,778.0,522_1,56.88,14.98,118.0,1507.63,2.0,1,0.0,20.28,0,tripinfo_V6ToEastH6.55 emissions_V6ToEastH6.55,electric,1.11,0.0,0.0,0.0,0.0,0.0,0.0,0.0
WestA509ToEastH6.5,183.0,773_0,4.6,0.0,3.0,785.0,522_1,56.88,13.06,602.0,3658.12,276.0,10,0.0,342.72,0,tripinfo_WestA509ToEastH6.5 emissions_WestA509ToEastH6.5,electric,1.02,0.0,0.0,0.0,0.0,0.0,0.0,0.0
V6ToEastH6.56,672.0,468_0,4.6,0.0,0.0,786.0,522_1,56.88,15.16,114.0,1507.63,0.0,0,0.0,18.23,0,tripinfo_V6ToEastH6.56 emissions_V6ToEastH6.56,electric,1.13,0.0,0.0,0.0,0.0,0.0,0.0,0.0
WestA509ToEastH6.6,219.0,773_0,4.6,0.0,3.0,788.0,522_1,56.88,15.38,569.0,3658.11,240.0,8,0.0,338.42,0,tripinfo_WestA509ToEastH6.6 emissions_WestA509ToEastH6.6,electric,1.15,0.0,0.0,0.0,0.0,0.0,0.0,0.0
WestA509ToEastH6.4,147.0,773_0,5.1,0.0,3.0,798.0,522_1,56.88,11.93,651.0,3657.57,270.0,12,0.0,356.41,0,tripinfo_WestA509ToEastH6.4 emissions_WestA509ToEastH6.4,gasoline_euro4,0.9,60365.965801,1670402.539844,313.034803,32.477061,700.625392,532800.40158,0.0
SouthEvansGateToSilbury.24,432.0,526_0,4.6,0.0,0.0,807.0,215_1,19.43,12.42,375.0,2705.63,114.0,5,0.0,169.22,0,tripinfo_SouthEvansGateToSilbury.24 emissions_SouthEvansGateToSilbury.24,electric,0.97,0.0,0.0,0.0,0.0,0.0,0.0,0.0
EastSilburyToEastAvebury.0,400.0,317_0,4.6,0.0,0.0,813.0,213_1,19.13,14.93,413.0,2987.58,176.0,5,0.0,221.9,0,tripinfo_EastSilburyToEastAvebury.0 emissions_EastSilburyToEastAvebury.0,electric,1.14,0.0,0.0,0.0,0.0,0.0,0.0,0.0
V6ToEastH6.57,684.0,468_0,5.1,0.0,0.0,814.0,522_1,56.88,12.93,130.0,1507.13,0.0,0,0.0,13.53,0,tripinfo_V6ToEastH6.57 emissions_V6ToEastH6.57,gasoline_euro4,0.94,3810.086785,352079.20754,25.018258,4.969456,133.847344,112297.596602,0.0
EastA509ToH6.18,324.0,770_0,4.6,0.0,0.0,817.0,522_1,56.88,12.13,493.0,3285.8,195.0,4,0.0,243.84,0,tripinfo_EastA509ToH6.18 emissions_EastA509ToH6.18,electric,0.96,0.0,0.0,0.0,0.0,0.0,0.0,0.0
V6ToEastH6.58,696.0,468_0,4.6,0.0,0.0,818.0,522_1,56.88,13.71,122.0,1507.63,0.0,0,0.0,15.8,0,tripinfo_V6ToEastH6.58 emissions_V6ToEastH6.58,electric,1.02,0.0,0.0,0.0,0.0,0.0,0.0,0.0
EastA509ToH6.20,360.0,770_0,4.6,0.0,0.0,820.0,522_1,56.88,13.62,460.0,3285.8,165.0,4,0.0,230.12,0,tripinfo_EastA509ToH6.20 emissions_EastA509ToH6.20,electric,1.04,0.0,0.0,0.0,0.0,0.0,0.0,0.0
EastA509ToH6.19,342.0,770_0,4.6,0.0,0.0,822.0,522_1,56.88,11.8,480.0,3285.78,166.0,4,0.0,224.71,0,tripinfo_EastA509ToH6.19 emissions_EastA509ToH6.19,electric,0.94,0.0,0.0,0.0,0.0,0.0,0.0,0.0
EastA509ToH6.21,378.0,770_0,4.6,0.0,0.0,823.0,522_0,56.88,15.29,445.0,3285.8,144.0,5,0.0,235.26,0,tripinfo_EastA509ToH6.21 emissions_EastA509ToH6.21,electric,1.14,0.0,0.0,0.0,0.0,0.0,0.0,0.0
EastA509ToH6.22,396.0,770_0,4.6,0.0,0.0,825.0,522_1,56.88,13.67,429.0,3285.8,130.0,4,0.0,196.22,0,tripinfo_EastA509ToH6.22 emissions_EastA509ToH6.22,electric,1.03,0.0,0.0,0.0,0.0,0.0,0.0,0.0
EastA509ToH6.23,414.0,770_0,5.1,0.0,0.0,827.0,522_1,56.88,14.24,413.0,3285.3,118.0,3,0.0,191.66,0,tripinfo_EastA509ToH6.23 emissions_EastA509ToH6.23,gasoline_euro4,1.08,32484.580548,1212026.860957,175.289467,22.979141,501.467905,386587.982557,0.0
EastAveburyToWestA509.25,413.0,483_0,5.1,0.0,0.5,829.0,774_2,29.75,13.95,416.0,2209.77,198.0,8,0.0,260.18,0,tripinfo_EastAveburyToWestA509.25 emissions_EastAveburyToWestA509.25,gasoline_euro4,1.03,43723.744668,1159877.857638,225.357516,23.83157,493.902993,369960.394498,0.0
EastA509ToH6.24,432.0,770_0,4.6,0.0,0.0,829.0,522_1,56.88,14.12,397.0,3285.8,111.0,3,0.0,174.59,0,tripinfo_EastA509ToH6.24 emissions_EastA509ToH6.24,electric,1.08,0.0,0.0,0.0,0.0,0.0,0.0,0.0
EastAveburyToWestA509.20,370.0,483_0,4.6,0.0,0.0,835.0,774_1,29.75,15.58,465.0,2213.4,238.0,8,0.0,328.87,0,tripinfo_EastAveburyToWestA509.20 emissions_EastAveburyToWestA509.20,electric,1.18,0.0,0.0,0.0,0.0,0.0,0.0,0.0
EastAveburyToWestA509.22,387.0,483_0,5.1,0.0,0.0,839.0,774_1,29.75,11.42,452.0,2209.78,223.0,5,0.0,276.09,0,tripinfo_EastAveburyToWestA509.22 emissions_EastAveburyToWestA509.22,gasoline_euro4,0.91,46598.397013,1189818.375862,239.550708,24.352005,508.148593,379511.549739,0.0
EastAveburyToWestA509.28,438.0,483_0,4.6,0.0,0.0,840.0,774_1,29.75,13.72,402.0,2210.74,167.0,5,0.0,252.02,0,tripinfo_EastAveburyToWestA509.28 emissions_EastAveburyToWestA509.28,electric,1.07,0.0,0.0,0.0,0.0,0.0,0.0,0.0
V6ToEastH6.59,708.0,468_0,4.6,0.0,0.0,840.0,522_1,56.88,12.59,132.0,1507.63,1.0,1,0.0,18.81,0,tripinfo_V6ToEastH6.59 emissions_V6ToEastH6.59,electric,0.96,0.0,0.0,0.0,0.0,0.0,0.0,0.0
EastAveburyToWestA509.27,430.0,483_0,5.1,0.0,0.5,842.0,774_1,29.75,12.49,412.0,2209.77,178.0,6,0.0,236.77,0,tripinfo_EastAveburyToWestA509.27 emissions_EastAveburyToWestA509.27,gasoline_euro4,0.92,40188.701807,1086312.827348,207.814193,21.728431,460.410728,346495.887569,0.0
WestH6ToSaxonSt.21,252.0,524_0,4.6,0.0,0.0,843.0,771_1,56.88,11.94,591.0,2570.34,299.0,12,0.0,393.08,0,tripinfo_WestH6ToSaxonSt.21 emissions_WestH6ToSaxonSt.21,electric,0.95,0.0,0.0,0.0,0.0,0.0,0.0,0.0
EastAveburyToWestA509.24,404.0,483_0,4.6,0.0,0.0,843.0,774_2,29.75,13.09,439.0,2210.24,192.0,9,0.0,271.45,0,tripinfo_EastAveburyToWestA509.24 emissions_EastAveburyToWestA509.24,electric,0.96,0.0,0.0,0.0,0.0,0.0,0.0,0.0
WestH6ToSaxonSt.22,264.0,524_0,5.1,0.0,0.0,845.0,771_1,56.88,13.2,581.0,2569.87,291.0,11,0.0,394.96,0,tripinfo_WestH6ToSaxonSt.22 emissions_WestH6ToSaxonSt.22,gasoline_euro4,1.01,64276.604113,1569575.750207,328.527172,32.851783,673.864851,500642.186644,0.0
EastAveburyToWestA509.23,396.0,483_0,5.1,0.0,0.5,845.0,774_1,29.75,13.23,449.0,2209.78,205.0,8,0.0,289.18,0,tripinfo_EastAveburyToWestA509.23 emissions_EastAveburyToWestA509.23,gasoline_euro4,1.0,47450.081172,1256812.722424,245.018105,25.997981,538.503371,400878.990911,0.0
WestH6ToSaxonSt.23,276.0,524_0,4.6,0.0,0.0,846.0,771_1,56.88,15.23,570.0,2570.36,292.0,12,0.0,398.64,0,tripinfo_WestH6ToSaxonSt.23 emissions_WestH6ToSaxonSt.23,electric,1.1,0.0,0.0,0.0,0.0,0.0,0.0,0.0
WestA509ToAvebury.12,216.0,773_0,4.6,0.0,0.0,848.0,213_0,19.13,12.27,632.0,2317.84,378.0,9,0.0,458.12,0,tripinfo_WestA509ToAvebury.12 emissions_WestA509ToAvebury.12,electric,0.97,0.0,0.0,0.0,0.0,0.0,0.0,0.0
WestH6ToSaxonSt.24,288.0,524_0,4.6,0.0,0.0,850.0,771_1,56.88,12.91,562.0,2570.34,284.0,9,0.0,361.78,0,tripinfo_WestH6ToSaxonSt.24 emissions_WestH6ToSaxonSt.24,electric,0.94,0.0,0.0,0.0,0.0,0.0,0.0,0.0
V6ToEastH6.60,720.0,468_0,4.6,0.0,0.0,850.0,522_1,56.88,12.2,130.0,1507.63,0.0,0,0.0,13.9,0,tripinfo_V6ToEastH6.60 emissions_V6ToEastH6.60,electric,0.94,0.0,0.0,0.0,0.0,0.0,0.0,0.0
WestA509ToAvebury.13,234.0,773_0,4.6,0.0,0.0,851.0,213_0,19.13,12.5,617.0,2322.98,365.0,9,0.0,433.11,0,tripinfo_WestA509ToAvebury.13 emissions_WestA509ToAvebury.13,electric,0.92,0.0,0.0,0.0,0.0,0.0,0.0,0.0
WestH6ToSaxonSt.25,300.0,524_0,5.1,0.0,0.0,852.0,771_1,56.88,13.89,552.0,2569.87,288.0,10,0.0,367.31,0,tripinfo_WestH6ToSaxonSt.25 emissions_WestH6ToSaxonSt.25,gasoline_euro4,1.02,61250.856572,1523614.656243,313.692474,31.977701,654.012921,485981.326613,0.0
WestA509ToAvebury.15,270.0,773_0,4.6,0.0,0.0,854.0,213_0,19.13,12.55,584.0,2317.84,313.0,10,0.0,401.57,0,tripinfo_WestA509ToAvebury.15 emissions_WestA509ToAvebury.15,electric,0.93,0.0,0.0,0.0,0.0,0.0,0.0,0.0
V6ToEastH6.61,732.0,468_0,4.6,0.0,0.0,854.0,522_1,56.88,13.25,122.0,1507.63,0.0,0,0.0,14.35,0,tripinfo_V6ToEastH6.61 emissions_V6ToEastH6.61,electric,1.02,0.0,0.0,0.0,0.0,0.0,0.0,0.0
WestA509ToAvebury.14,252.0,773_0,5.1,0.0,0.0,856.0,213_0,19.13,13.07,604.0,2322.48,343.0,12,0.0,427.53,0,tripinfo_WestA509ToAvebury.14 emissions_WestA509ToAvebury.14,gasoline_euro4,0.96,70424.016595,1628438.371087,358.088379,35.002255,706.742995,519418.645016,0.0
WestA509ToAvebury.16,288.0,773_0,4.6,0.0,0.0,858.0,213_0,19.13,13.67,570.0,2317.84,296.0,7,0.0,399.74,0,tripinfo_WestA509ToAvebury.16 emissions_WestA509ToAvebury.16,electric,0.99,0.0,0.0,0.0,0.0,0.0,0.0,0.0
V6ToEastH6.62,744.0,468_0,5.1,0.0,0.0,858.0,522_1,56.88,14.07,114.0,1507.13,0.0,0,0.0,13.06,0,tripinfo_V6ToEastH6.62 emissions_V6ToEastH6.62,gasoline_euro4,1.08,4053.120697,369960.494238,26.177532,5.865032,143.078238,118000.215547,0.0
V6ToEastH6.63,756.0,468_0,5.1,0.0,0.0,877.0,522_1,56.88,12.62,121.0,1507.13,0.0,0,0.0,11.63,0,tripinfo_V6ToEastH6.63 emissions_V6ToEastH6.63,gasoline_euro4,0.99,4021.90916,357402.168955,26.271566,5.624065,139.284507,113994.83646,0.0
V6ToEastH6.64,768.0,468_0,5.1,0.0,0.0,884.0,522_1,56.88,15.28,116.0,1507.13,0.0,0,0.0,18.47,0,tripinfo_V6ToEastH6.64 emissions_V6ToEastH6.64,gasoline_euro4,1.11,4970.584452,403064.064697,31.497138,6.761043,159.121314,128558.666302,0.0
SouthEvansGateToSilbury.23,414.0,526_0,5.1,0.0,0.0,894.0,215_0,19.43,13.58,480.0,2705.13,224.0,6,0.0,292.81,0,tripinfo_SouthEvansGateToSilbury.23 emissions_SouthEvansGateToSilbury.23,gasoline_euro4,1.06,49028.27308,1352200.300888,254.014462,27.480645,573.589357,431303.64127,0.0
EastA509ToH6.25,450.0,770_0,5.1,0.0,0.0,895.0,522_1,56.88,13.82,445.0,3285.3,163.0,3,0.0,220.74,0,tripinfo_EastA509ToH6.25 emissions_EastA509ToH6.25,gasoline_euro4,1.06,38284.52104,1295532.032171,203.021628,24.67575,535.726828,413224.917099,0.0
SouthEvansGateToSilbury.21,378.0,526_0,4.6,0.0,0.0,896.0,215_1,19.43,11.8,518.0,2705.65,239.0,6,0.0,290.86,0,tripinfo_SouthEvansGateToSilbury.21 emissions_SouthEvansGateToSilbury.21,electric,0.88,0.0,0.0,0.0,0.0,0.0,0.0,0.0
SouthEvansGateToSilbury.26,468.0,526_0,5.1,0.0,0.0,897.0,215_1,19.43,13.03,429.0,2705.13,169.0,5,0.0,223.93,0,tripinfo_SouthEvansGateToSilbury.26 emissions_SouthEvansGateToSilbury.26,gasoline_euro4,0.97,39241.883174,1191099.46642,205.838286,23.372757,501.081526,379916.640572,0.0
SouthEvansGateToSilbury.27,486.0,526_0,5.1,0.0,0.0,899.0,215_1,19.43,14.73,413.0,2705.1,145.0,5,0.0,225.41,0,tripinfo_SouthEvansGateToSilbury.27 emissions_SouthEvansGateToSilbury.27,gasoline_euro4,1.07,37128.105503,1199417.010189,196.821949,23.653265,505.718054,382567.98581,0.0
V6ToEastH6.65,780.0,468_0,5.1,0.0,0.0,899.0,522_1,56.88,14.34,119.0,1507.13,0.0,0,0.0,17.8,0,tripinfo_V6ToEastH6.65 emissions_V6ToEastH6.65,gasoline_euro4,1.08,4491.340513,387708.549825,28.828414,6.168845,150.798584,123661.153357,0.0
EastA509ToH6.26,468.0,770_0,5.1,0.0,0.0,903.0,522_1,56.88,13.62,435.0,3285.28,141.0,3,0.0,196.21,0,tripinfo_EastA509ToH6.26 emissions_EastA509ToH6.26,gasoline_euro4,1.0,34884.202845,1230319.499992,186.06704,22.795081,505.723275,392424.399686,0.0
EastSilburyToEastAvebury.1,416.0,317_0,4.6,0.0,0.0,905.0,213_1,19.13,14.14,489.0,2992.69,213.0,8,0.0,276.17,0,tripinfo_EastSilburyToEastAvebury.1 emissions_EastSilburyToEastAvebury.1,electric,1.03,0.0,0.0,0.0,0.0,0.0,0.0,0.0
EastA509ToH6.27,486.0,770_0,5.1,0.0,0.0,905.0,522_1,56.88,13.58,419.0,3285.3,135.0,3,0.0,195.14,0,tripinfo_EastA509ToH6.27 emissions_EastA509ToH6.27,gasoline_euro4,1.07,34316.546898,1233663.645087,184.194853,23.700486,512.651165,393489.704391,0.0
V6ToEastH6.66,792.0,468_0,5.1,0.0,0.0,906.0,522_1,56.88,14.88,114.0,1507.13,0.0,0,0.0,18.66,0,tripinfo_V6ToEastH6.66 emissions_V6ToEastH6.66,gasoline_euro4,1.14,4406.459496,385130.226039,28.401275,6.278426,150.265803,122838.603893,0.0
EastAveburyToWestA509.26,421.0,483_0,5.1,0.0,0.0,923.0,774_1,29.75,12.11,502.0,2209.78,250.0,9,0.0,331.5,0,tripinfo_EastAveburyToWestA509.26 emissions_EastAveburyToWestA509.26,gasoline_euro4,0.94,54605.87157,1349675.427017,279.930996,28.39271,582.222747,430500.685123,0.0
EastAveburyToWestA509.32,472.0,483_0,5.1,0.0,0.0,924.0,774_2,29.75,12.68,452.0,2209.75,229.0,6,0.0,291.71,0,tripinfo_EastAveburyToWestA509.32 emissions_EastAveburyToWestA509.32,gasoline_euro4,1.0,49196.22959,1278648.437721,253.486877,26.708282,549.123667,407844.133889,0.0
V6ToEastH6.67,804.0,468_0,5.1,0.0,0.0,924.0,522_1,56.88,14.4,120.0,1507.13,0.0,0,0.0,18.36,0,tripinfo_V6ToEastH6.67 emissions_V6ToEastH6.67,gasoline_euro4,1.07,5133.910574,398226.739522,32.034907,6.653282,156.932738,127015.932692,0.0
EastAveburyToWestA509.29,447.0,483_0,4.6,0.0,0.5,926.0,774_2,29.75,13.16,479.0,2210.28,254.0,7,0.0,322.73,0,tripinfo_EastAveburyToWestA509.29 emissions_EastAveburyToWestA509.29,electric,1.03,0.0,0.0,0.0,0.0,0.0,0.0,0.0
EastAveburyToWestA509.31,464.0,483_0,4.6,0.0,0.5,927.0,774_2,29.75,14.5,463.0,2213.42,219.0,8,0.0,312.58,0,tripinfo_EastAveburyToWestA509.31 emissions_EastAveburyToWestA509.31,electric,1.07,0.0,0.0,0.0,0.0,0.0,0.0,0.0
V6ToEastH6.68,816.0,468_0,4.6,0.0,0.0,927.0,522_1,56.88,15.11,111.0,1507.63,0.0,0,0.0,13.67,0,tripinfo_V6ToEastH6.68 emissions_V6ToEastH6.68,electric,1.12,0.0,0.0,0.0,0.0,0.0,0.0,0.0
EastAveburyToWestA509.34,489.0,483_0,4.6,0.0,0.0,930.0,774_2,29.75,12.92,441.0,2210.29,202.0,8,0.0,279.57,0,tripinfo_EastAveburyToWestA509.34 emissions_EastAveburyToWestA509.34,electric,1.0,0.0,0.0,0.0,0.0,0.0,0.0,0.0
EastAveburyToWestA509.30,455.0,483_0,4.6,0.0,0.0,931.0,774_0,29.75,11.74,476.0,2213.9,227.0,7,0.0,292.29,0,tripinfo_EastAveburyToWestA509.30 emissions_EastAveburyToWestA509.30,electric,0.87,0.0,0.0,0.0,0.0,0.0,0.0,0.0
EastAveburyToWestA509.38,523.0,483_0,4.6,0.0,0.0,932.0,774_2,29.75,15.19,409.0,2210.27,176.0,6,0.0,266.01,0,tripinfo_EastAveburyToWestA509.38 emissions_EastAveburyToWestA509.38,electric,1.13,0.0,0.0,0.0,0.0,0.0,0.0,0.0
WestH6ToSaxonSt.27,324.0,524_0,5.1,0.0,0.0,935.0,771_1,56.88,13.47,611.0,2569.86,336.0,10,0.0,425.16,0,tripinfo_WestH6ToSaxonSt.27 emissions_WestH6ToSaxonSt.27,gasoline_euro4,1.02,69920.050786,1652566.499309,356.245725,35.187498,712.797492,527114.234463,0.0
WestH6ToSaxonSt.28,336.0,524_0,4.6,0.0,0.0,937.0,771_1,56.88,15.34,601.0,2570.37,330.0,11,0.0,438.55,0,tripinfo_WestH6ToSaxonSt.28 emissions_WestH6ToSaxonSt.28,electric,1.16,0.0,0.0,0.0,0.0,0.0,0.0,0.0
WestH6ToSaxonSt.26,312.0,524_0,4.6,0.0,0.0,938.0,771_1,56.88,13.42,626.0,2570.34,346.0,12,0.0,444.17,0,tripinfo_WestH6ToSaxonSt.26 emissions_WestH6ToSaxonSt.26,electric,1.03,0.0,0.0,0.0,0.0,0.0,0.0,0.0
V6ToEastH6.69,828.0,468_0,5.1,0.0,0.0,949.0,522_1,56.88,14.0,121.0,1507.13,0.0,0,0.0,14.27,0,tripinfo_V6ToEastH6.69 emissions_V6ToEastH6.69,gasoline_euro4,1.02,4072.822251,368350.291674,26.565562,5.638267,142.265837,117486.906742,0.0
V6ToEastH6.70,840.0,468_0,4.6,0.0,0.0,964.0,522_1,56.88,13.47,124.0,1507.63,0.0,0,0.0,13.9,0,tripinfo_V6ToEastH6.70 emissions_V6ToEastH6.70,electric,0.99,0.0,0.0,0.0,0.0,0.0,0.0,0.0
WestA509ToEastH6.7,255.0,773_0,5.1,0.0,3.0,968.0,522_1,56.88,12.23,713.0,3657.61,362.0,10,0.0,439.4,0,tripinfo_WestA509ToEastH6.7 emissions_WestA509ToEastH6.7,gasoline_euro4,0.97,74585.675509,1937476.054998,383.678385,39.42414,823.182883,617988.440822,0.0
V6ToEastH6.71,852.0,468_0,4.6,0.0,0.0,969.0,522_1,56.88,15.31,117.0,1507.63,0.0,0,0.0,20.26,0,tripinfo_V6ToEastH6.71 emissions_V6ToEastH6.71,electric,1.13,0.0,0.0,0.0,0.0,0.0,0.0,0.0
WestA509ToEastH6.8,291.0,773_0,5.1,0.0,3.0,971.0,522_1,56.88,13.79,680.0,3657.65,326.0,9,0.0,432.63,0,tripinfo_WestA509ToEastH6.8 emissions_WestA509ToEastH6.8,gasoline_euro4,1.07,71255.975655,1919473.376,368.615513,39.956602,822.354215,612243.428536,0.0
WestA509ToEastH6.9,327.0,773_0,4.6,0.0,3.0,972.0,522_1,56.88,14.97,645.0,3658.1,292.0,8,0.0,408.82,0,tripinfo_WestA509ToEastH6.9 emissions_WestA509ToEastH6.9,electric,1.12,0.0,0.0,0.0,0.0,0.0,0.0,0.0
SouthEvansGateToSilbury.28,504.0,526_0,5.1,0.0,0.0,981.0,215_1,19.43,16.41,477.0,2705.1,231.0,6,0.0,316.78,0,tripinfo_SouthEvansGateToSilbury.28 emissions_SouthEvansGateToSilbury.28,gasoline_euro4,1.24,51090.662542,1416373.762219,264.971391,29.422253,603.57588,451771.867316,0.0
SouthEvansGateToSilbury.25,450.0,526_0,4.6,0.0,0.0,985.0,215_0,19.43,10.28,535.0,2705.65,231.0,7,0.0,293.39,0,tripinfo_SouthEvansGateToSilbury.25 emissions_SouthEvansGateToSilbury.25,electric,0.83,0.0,0.0,0.0,0.0,0.0,0.0,0.0
V6ToEastH6.72,864.0,468_0,4.6,0.0,0.0,985.0,522_1,56.88,13.55,121.0,1507.63,0.0,0,0.0,13.08,0,tripinfo_V6ToEastH6.72 emissions_V6ToEastH6.72,electric,1.01,0.0,0.0,0.0,0.0,0.0,0.0,0.0
SouthEvansGateToSilbury.22,396.0,526_0,4.6,0.0,0.0,986.0,215_0,19.43,12.89,590.0,2705.68,299.0,10,0.0,387.21,0,tripinfo_SouthEvansGateToSilbury.22 emissions_SouthEvansGateToSilbury.22,electric,0.98,0.0,0.0,0.0,0.0,0.0,0.0,0.0
EastA509ToH6.28,504.0,770_0,4.6,0.0,0.0,989.0,522_1,56.88,13.06,485.0,3285.78,184.0,4,0.0,238.38,0,tripinfo_EastA509ToH6.28 emissions_EastA509ToH6.28,electric,0.97,0.0,0.0,0.0,0.0,0.0,0.0,0.0
EastSilburyToEastAvebury.5,480.0,317_0,4.6,0.0,0.0,991.0,213_1,19.13,14.8,511.0,2987.58,233.0,9,0.0,312.85,0,tripinfo_EastSilburyToEastAvebury.5 emissions_EastSilburyToEastAvebury.5,electric,1.1,0.0,0.0,0.0,0.0,0.0,0.0,0.0
EastA509ToH6.30,540.0,770_0,5.1,0.0,0.0,994.0,522_1,56.88,13.63,454.0,3285.26,161.0,5,0.0,220.43,0,tripinfo_EastA509ToH6.30 emissions_EastA509ToH6.30,gasoline_euro4,1.02,38549.935513,1274307.084881,203.868993,24.197132,527.494385,406455.625094,0.0
EastSilburyToEastAvebury.4,464.0,317_0,5.1,0.0,0.0,995.0,213_1,19.13,13.39,531.0,2992.19,232.0,10,0.0,317.69,0,tripinfo_EastSilburyToEastAvebury.4 emissions_EastSilburyToEastAvebury.4,gasoline_euro4,1.02,52679.911797,1439189.271384,272.257845,29.088925,609.629197,459050.457822,0.0
SouthEvansGateToSilbury.29,522.0,526_0,5.1,0.0,0.0,995.0,215_0,19.43,11.8,473.0,2705.18,188.0,6,0.0,247.16,0,tripinfo_SouthEvansGateToSilbury.29 emissions_SouthEvansGateToSilbury.29,gasoline_euro4,0.88,43143.614812,1246111.001927,225.029335,23.997143,522.195244,397465.154881,0.0
EastA509ToH6.29,522.0,770_0,4.6,0.0,0.0,997.0,522_1,56.88,13.72,475.0,3285.8,179.0,5,0.0,244.54,0,tripinfo_EastA509ToH6.29 emissions_EastA509ToH6.29,electric,1.04,0.0,0.0,0.0,0.0,0.0,0.0,0.0
EastAveburyToWestA509.36,506.0,483_0,4.6,0.0,0.0,1001.0,774_2,29.75,15.27,495.0,2210.24,259.0,10,0.0,353.93,0,tripinfo_EastAveburyToWestA509.36 emissions_EastAveburyToWestA509.36,electric,1.14,0.0,0.0,0.0,0.0,0.0,0.0,0.0
V6ToEastH6.73,876.0,468_0,4.6,0.0,0.0,1002.0,522_1,56.88,13.17,126.0,1507.63,0.0,0,0.0,12.88,0,tripinfo_V6ToEastH6.73 emissions_V6ToEastH6.73,electric,0.97,0.0,0.0,0.0,0.0,0.0,0.0,0.0
V6ToEastH6.74,888.0,468_0,5.1,0.0,0.0,1003.0,522_1,56.88,13.49,115.0,1507.13,0.0,0,0.0,12.93,0,tripinfo_V6ToEastH6.74 emissions_V6ToEastH6.74,gasoline_euro4,1.06,3957.387186,361824.637878,25.655637,5.699157,140.381175,115405.267781,0.0
EastAveburyToWestA509.35,498.0,483_0,4.6,0.0,0.5,1009.0,774_2,29.75,13.47,511.0,2210.26,273.0,6,0.0,352.75,0,tripinfo_EastAveburyToWestA509.35 emissions_EastAveburyToWestA509.35,electric,1.02,0.0,0.0,0.0,0.0,0.0,0.0,0.0
EastAveburyToWestA509.37,515.0,483_0,4.6,0.0,0.5,1010.0,774_2,29.75,15.77,495.0,2210.26,251.0,8,0.0,356.15,0,tripinfo_EastAveburyToWestA509.37 emissions_EastAveburyToWestA509.37,electric,1.15,0.0,0.0,0.0,0.0,0.0,0.0,0.0
V6ToEastH6.75,900.0,468_0,4.6,0.0,0.0,1013.0,522_1,56.88,15.33,113.0,1507.63,0.0,0,0.0,14.98,0,tripinfo_V6ToEastH6.75 emissions_V6ToEastH6.75,electric,1.11,0.0,0.0,0.0,0.0,0.0,0.0,0.0
EastAveburyToWestA509.33,481.0,483_0,5.1,0.0,0.5,1015.0,774_1,29.75,12.37,534.0,2209.78,277.0,7,0.0,367.97,0,tripinfo_EastAveburyToWestA509.33 emissions_EastAveburyToWestA509.33,gasoline_euro4,0.97,60399.458452,1459652.191273,308.761764,31.13268,632.427018,465579.88183,0.0
EastAveburyToWestA509.40,540.0,483_0,4.6,0.0,0.0,1016.0,774_2,29.75,13.97,476.0,2210.24,242.0,8,0.0,317.03,0,tripinfo_EastAveburyToWestA509.40 emissions_EastAveburyToWestA509.40,electric,1.01,0.0,0.0,0.0,0.0,0.0,0.0,0.0
EastAveburyToWestA509.39,532.0,483_0,5.1,0.0,0.5,1021.0,774_2,29.75,12.89,489.0,2209.78,241.0,6,0.0,326.65,0,tripinfo_EastAveburyToWestA509.39 emissions_EastAveburyToWestA509.39,gasoline_euro4,0.99,52772.908408,1292805.169914,270.036023,27.158932,556.500512,412361.372975,0.0
EastAveburyToWestA509.59,702.0,483_0,4.6,0.0,0.5,1021.0,774_0,29.75,12.6,319.0,2210.76,105.0,5,0.0,147.08,0,tripinfo_EastAveburyToWestA509.59 emissions_EastAveburyToWestA509.59,electric,0.93,0.0,0.0,0.0,0.0,0.0,0.0,0.0
WestH6ToSaxonSt.29,348.0,524_0,5.1,0.0,0.0,1023.0,771_1,56.88,13.86,675.0,2569.84,379.0,12,0.0,486.8,0,tripinfo_WestH6ToSaxonSt.29 emissions_WestH6ToSaxonSt.29,gasoline_euro4,1.0,79357.946129,1807490.216336,402.8384,39.075563,784.795854,576530.865002,0.0
WestH6ToSaxonSt.30,360.0,524_0,4.6,0.0,0.0,1024.0,771_1,56.88,14.29,664.0,2570.36,366.0,13,0.0,487.29,0,tripinfo_WestH6ToSaxonSt.30 emissions_WestH6ToSaxonSt.30,electric,1.06,0.0,0.0,0.0,0.0,0.0,0.0,0.0
V6ToEastH6.76,912.0,468_0,4.6,0.0,0.0,1050.0,522_0,56.88,11.02,138.0,1507.63,0.0,0,0.0,13.71,0,tripinfo_V6ToEastH6.76 emissions_V6ToEastH6.76,electric,0.88,0.0,0.0,0.0,0.0,0.0,0.0,0.0
WestA509ToEastH6.10,362.0,773_0,4.6,0.0,2.0,1056.0,522_1,56.88,12.56,694.0,3657.28,326.0,11,0.0,408.05,0,tripinfo_WestA509ToEastH6.10 emissions_WestA509ToEastH6.10,electric,0.93,0.0,0.0,0.0,0.0,0.0,0.0,0.0
V6ToEastH6.77,924.0,468_0,4.6,0.0,0.0,1060.0,522_1,56.88,11.5,136.0,1507.63,0.0,0,0.0,13.38,0,tripinfo_V6ToEastH6.77 emissions_V6ToEastH6.77,electric,0.89,0.0,0.0,0.0,0.0,0.0,0.0,0.0
WestA509ToEastH6.11,399.0,773_0,5.1,0.0,3.0,1062.0,522_1,56.88,11.27,663.0,3657.63,282.0,10,0.0,367.46,0,tripinfo_WestA509ToEastH6.11 emissions_WestA509ToEastH6.11,gasoline_euro4,0.9,62590.387207,1706909.643547,323.982483,33.485878,718.317242,544445.115386,0.0
WestA509ToEastH6.12,435.0,773_0,4.6,0.0,3.0,1064.0,522_1,56.88,11.62,629.0,3658.15,246.0,10,0.0,343.35,0,tripinfo_WestA509ToEastH6.12 emissions_WestA509ToEastH6.12,electric,0.93,0.0,0.0,0.0,0.0,0.0,0.0,0.0
SouthEvansGateToSilbury.31,558.0,526_0,4.6,0.0,0.0,1068.0,215_1,19.43,17.9,510.0,2705.6,263.0,11,0.0,356.76,0,tripinfo_SouthEvansGateToSilbury.31 emissions_SouthEvansGateToSilbury.31,electric,1.3,0.0,0.0,0.0,0.0,0.0,0.0,0.0
V6ToEastH6.78,936.0,468_0,4.6,0.0,0.0,1068.0,522_1,56.88,11.69,132.0,1507.63,0.0,0,0.0,13.76,0,tripinfo_V6ToEastH6.78 emissions_V6ToEastH6.78,electric,0.92,0.0,0.0,0.0,0.0,0.0,0.0,0.0
SouthEvansGateToSilbury.30,540.0,526_0,5.1,0.0,0.0,1070.0,215_0,19.43,13.5,530.0,2705.15,251.0,9,0.0,325.03,0,tripinfo_SouthEvansGateToSilbury.30 emissions_SouthEvansGateToSilbury.30,gasoline_euro4,0.97,54499.956321,1441038.391311,281.17315,29.408063,613.800704,459641.083587,0.0
V6ToEastH6.79,948.0,468_0,4.6,0.0,0.0,1070.0,522_1,56.88,13.92,122.0,1507.63,0.0,0,0.0,18.62,0,tripinfo_V6ToEastH6.79 emissions_V6ToEastH6.79,electric,1.06,0.0,0.0,0.0,0.0,0.0,0.0,0.0
EastSilburyToEastAvebury.3,448.0,317_0,4.6,0.0,0.0,1071.0,213_1,19.13,11.5,623.0,2987.52,291.0,12,0.0,373.92,0,tripinfo_EastSilburyToEastAvebury.3 emissions_EastSilburyToEastAvebury.3,electric,0.87,0.0,0.0,0.0,0.0,0.0,0.0,0.0
EastA509ToH6.32,576.0,770_0,4.6,0.0,0.0,1071.0,522_1,56.88,15.51,495.0,3285.8,210.0,6,0.0,283.39,0,tripinfo_EastA509ToH6.32 emissions_EastA509ToH6.32,electric,1.13,0.0,0.0,0.0,0.0,0.0,0.0,0.0
EastSilburyToEastAvebury.2,432.0,317_0,4.6,0.0,0.0,1072.0,213_0,19.13,12.04,640.0,2992.72,307.0,12,0.0,394.7,0,tripinfo_EastSilburyToEastAvebury.2 emissions_EastSilburyToEastAvebury.2,electric,0.89,0.0,0.0,0.0,0.0,0.0,0.0,0.0
SouthEvansGateToSilbury.34,612.0,526_0,5.1,0.0,0.0,1072.0,215_1,19.43,13.92,460.0,2705.1,192.0,6,0.0,267.65,0,tripinfo_SouthEvansGateToSilbury.34 emissions_SouthEvansGateToSilbury.34,gasoline_euro4,1.04,45158.257196,1304122.023131,235.490132,26.418746,553.778311,415967.096928,0.0
EastSilburyToEastAvebury.6,496.0,317_0,4.6,0.0,0.0,1080.0,213_1,19.13,14.48,584.0,2987.58,288.0,12,0.0,379.2,0,tripinfo_EastSilburyToEastAvebury.6 emissions_EastSilburyToEastAvebury.6,electric,1.06,0.0,0.0,0.0,0.0,0.0,0.0,0.0
SouthEvansGateToSilbury.32,576.0,526_0,5.1,0.0,0.0,1083.0,215_0,19.43,13.11,507.0,2705.21,231.0,7,0.0,303.07,0,tripinfo_SouthEvansGateToSilbury.32 emissions_SouthEvansGateToSilbury.32,gasoline_euro4,0.98,52275.435884,1413297.970668,270.360094,28.750697,601.161535,450792.205924,0.0
SouthEvansGateToSilbury.35,630.0,526_0,5.1,0.0,0.0,1084.0,215_0,19.43,14.31,454.0,2705.13,186.0,6,0.0,272.9,0,tripinfo_SouthEvansGateToSilbury.35 emissions_SouthEvansGateToSilbury.35,gasoline_euro4,1.1,44925.327178,1288697.705663,233.327233,26.12458,545.132084,411047.478274,0.0
EastSilburyToEastAvebury.7,512.0,317_0,4.6,0.0,0.0,1085.0,213_1,19.13,12.46,573.0,2987.58,272.0,12,0.0,348.95,0,tripinfo_EastSilburyToEastAvebury.7 emissions_EastSilburyToEastAvebury.7,electric,0.97,0.0,0.0,0.0,0.0,0.0,0.0,0.0
V6ToEastH6.80,960.0,468_0,5.1,0.0,0.0,1090.0,522_1,56.88,11.99,130.0,1507.13,2.0,1,0.0,15.95,0,tripinfo_V6ToEastH6.80 emissions_V6ToEastH6.80,gasoline_euro4,0.96,4230.54724,359053.55486,26.96103,5.207825,136.724167,114522.193117,0.0
V6ToEastH6.81,972.0,468_0,5.1,0.0,0.0,1092.0,522_1,56.88,13.71,120.0,1507.13,0.0,0,0.0,13.81,0,tripinfo_V6ToEastH6.81 emissions_V6ToEastH6.81,gasoline_euro4,1.03,3780.860738,363749.392098,25.063506,5.396118,138.995647,116019.492642,0.0
EastAveburyToWestA509.41,549.0,483_0,5.1,0.0,0.5,1095.0,774_1,29.75,13.66,546.0,2209.76,304.0,7,0.0,384.03,0,tripinfo_EastAveburyToWestA509.41 emissions_EastAveburyToWestA509.41,gasoline_euro4,0.99,63160.131823,1484124.287112,321.683422,31.769678,642.570037,473386.687822,0.0
EastAveburyToWestA509.43,566.0,483_0,5.1,0.0,0.5,1097.0,774_2,29.75,13.99,531.0,2209.76,289.0,9,0.0,377.33,0,tripinfo_EastAveburyToWestA509.43 emissions_EastAveburyToWestA509.43,gasoline_euro4,1.04,62553.63659,1497716.110955,319.703954,32.598648,652.798083,477720.646958,0.0
EastAveburyToWestA509.68,778.0,483_0,5.1,0.0,0.0,1102.0,774_2,29.75,14.86,324.0,2209.76,111.0,8,0.0,177.8,0,tripinfo_EastAveburyToWestA509.68 emissions_EastAveburyToWestA509.68,gasoline_euro4,1.1,29410.624135,962487.268429,155.711322,18.806468,403.359739,306996.449823,0.0
EastAveburyToWestA509.48,608.0,483_0,4.6,0.0,0.0,1103.0,774_0,29.75,13.05,495.0,2213.91,245.0,9,0.0,324.71,0,tripinfo_EastAveburyToWestA509.48 emissions_EastAveburyToWestA509.48,electric,0.95,0.0,0.0,0.0,0.0,0.0,0.0,0.0
V6ToEastH6.82,984.0,468_0,5.1,0.0,0.0,1104.0,522_1,56.88,14.47,120.0,1507.13,0.0,0,0.0,17.41,0,tripinfo_V6ToEastH6.82 emissions_V6ToEastH6.82,gasoline_euro4,1.06,4501.639604,379359.499234,28.694705,6.186197,148.61459,120998.093051,0.0
WestH6ToSaxonSt.32,384.0,524_0,4.6,0.0,0.0,1110.0,771_1,56.88,14.02,726.0,2570.37,437.0,15,0.0,546.83,0,tripinfo_WestH6ToSaxonSt.32 emissions_WestH6ToSaxonSt.32,electric,1.05,0.0,0.0,0.0,0.0,0.0,0.0,0.0
EastAveburyToWestA509.45,583.0,483_0,5.1,0.0,0.5,1110.0,774_0,29.75,11.15,527.0,2213.4,257.0,10,0.0,341.43,0,tripinfo_EastAveburyToWestA509.45 emissions_EastAveburyToWestA509.45,gasoline_euro4,0.87,57073.482728,1354559.115824,291.426024,28.580289,585.658342,432059.732259,0.0
WestA509ToAvebury.20,360.0,773_0,5.1,0.0,0.0,1112.0,213_0,19.13,14.37,752.0,2318.19,473.0,13,0.0,594.91,0,tripinfo_WestA509ToAvebury.20 emissions_WestA509ToAvebury.20,gasoline_euro4,1.07,95394.440131,2018566.436696,480.913299,45.041537,885.950175,643860.021509,0.0
WestA509ToAvebury.18,324.0,773_0,4.6,0.0,0.0,1115.0,213_0,19.13,13.14,791.0,2323.03,498.0,13,0.0,624.07,0,tripinfo_WestA509ToAvebury.18 emissions_WestA509ToAvebury.18,electric,1.01,0.0,0.0,0.0,0.0,0.0,0.0,0.0
WestH6ToSaxonSt.31,372.0,524_0,4.6,0.0,0.0,1115.0,771_1,56.88,11.84,743.0,2570.34,438.0,15,0.0,535.17,0,tripinfo_WestH6ToSaxonSt.31 emissions_WestH6ToSaxonSt.31,electric,0.91,0.0,0.0,0.0,0.0,0.0,0.0,0.0
V6ToEastH6.83,996.0,468_0,4.6,0.0,0.0,1117.0,522_1,56.88,16.19,121.0,1507.63,0.0,0,0.0,28.84,0,tripinfo_V6ToEastH6.83 emissions_V6ToEastH6.83,electric,1.18,0.0,0.0,0.0,0.0,0.0,0.0,0.0
WestA509ToAvebury.17,306.0,773_0,5.1,0.0,0.0,1120.0,213_0,19.13,10.4,814.0,2322.53,513.0,12,0.0,608.2,0,tripinfo_WestA509ToAvebury.17 emissions_WestA509ToAvebury.17,gasoline_euro4,0.82,100172.854868,2054343.97558,504.030988,45.358432,901.836878,655274.377022,0.0
EastAveburyToWestA509.42,557.0,483_0,4.6,0.0,0.0,1131.0,774_0,29.75,9.35,574.0,2210.27,262.0,10,0.0,347.27,0,tripinfo_EastAveburyToWestA509.42 emissions_EastAveburyToWestA509.42,electric,0.71,0.0,0.0,0.0,0.0,0.0,0.0,0.0
WestA509ToEastH6.13,471.0,773_0,4.6,0.0,3.0,1133.0,522_1,56.88,14.37,662.0,3658.14,315.0,15,0.0,422.72,0,tripinfo_WestA509ToEastH6.13 emissions_WestA509ToEastH6.13,electric,1.1,0.0,0.0,0.0,0.0,0.0,0.0,0.0
V6ToEastH6.84,1008.0,468_0,5.1,0.0,0.0,1140.0,522_1,56.88,11.84,132.0,1507.13,0.0,0,0.0,13.35,0,tripinfo_V6ToEastH6.84 emissions_V6ToEastH6.84,gasoline_euro4,0.92,3839.172658,352309.54006,25.092045,4.886841,133.396804,112371.1858,0.0
V6ToEastH6.85,1020.0,468_0,5.1,0.0,0.0,1142.0,522_1,56.88,13.24,122.0,1507.13,0.0,0,0.0,13.93,0,tripinfo_V6ToEastH6.85 emissions_V6ToEastH6.85,gasoline_euro4,1.01,3948.455794,356481.201397,25.712357,5.506974,138.07262,113701.157355,0.0
V6ToEastH6.86,1032.0,468_0,5.1,0.0,0.0,1147.0,522_1,56.88,14.3,115.0,1507.13,0.0,0,0.0,13.22,0,tripinfo_V6ToEastH6.86 emissions_V6ToEastH6.86,gasoline_euro4,1.07,3658.698294,366283.471921,24.087002,5.408027,138.777967,116827.650168,0.0
EastSilburyToEastAvebury.8,528.0,317_0,4.6,0.0,0.0,1158.0,213_0,19.13,12.36,630.0,2992.71,318.0,10,0.0,401.0,0,tripinfo_EastSilburyToEastAvebury.8 emissions_EastSilburyToEastAvebury.8,electric,0.95,0.0,0.0,0.0,0.0,0.0,0.0,0.0
SouthEvansGateToSilbury.33,594.0,526_0,4.6,0.0,0.0,1158.0,215_0,19.43,16.51,564.0,2705.68,283.0,10,0.0,398.27,0,tripinfo_SouthEvansGateToSilbury.33 emissions_SouthEvansGateToSilbury.33,electric,1.21,0.0,0.0,0.0,0.0,0.0,0.0,0.0
SouthEvansGateToSilbury.37,666.0,526_0,5.1,0.0,0.0,1158.0,215_1,19.43,15.84,492.0,2705.13,221.0,6,0.0,318.21,0,tripinfo_SouthEvansGateToSilbury.37 emissions_SouthEvansGateToSilbury.37,gasoline_euro4,1.15,49842.190484,1363431.333545,258.162227,27.965117,580.671545,434885.872494,0.0
SouthEvansGateToSilbury.36,648.0,526_0,4.6,0.0,0.0,1161.0,215_1,19.43,13.52,513.0,2705.65,252.0,6,0.0,309.32,0,tripinfo_SouthEvansGateToSilbury.36 emissions_SouthEvansGateToSilbury.36,electric,0.98,0.0,0.0,0.0,0.0,0.0,0.0,0.0
SouthEvansGateToSilbury.39,702.0,526_0,5.1,0.0,0.0,1163.0,215_1,19.43,11.34,461.0,2705.13,167.0,7,0.0,237.46,0,tripinfo_SouthEvansGateToSilbury.39 emissions_SouthEvansGateToSilbury.39,gasoline_euro4,0.89,40460.814411,1180244.447444,211.285709,22.670339,494.311721,376455.849364,0.0
V6ToEastH6.87,1044.0,468_0,4.6,0.0,0.0,1164.0,522_1,56.88,13.35,120.0,1507.63,0.0,0,0.0,13.85,0,tripinfo_V6ToEastH6.87 emissions_V6ToEastH6.87,electric,1.03,0.0,0.0,0.0,0.0,0.0,0.0,0.0
SouthEvansGateToSilbury.38,684.0,526_0,4.6,0.0,0.0,1170.0,215_0,19.43,10.27,486.0,2705.68,176.0,8,0.0,245.24,0,tripinfo_SouthEvansGateToSilbury.38 emissions_SouthEvansGateToSilbury.38,electric,0.82,0.0,0.0,0.0,0.0,0.0,0.0,0.0
EastSilburyToEastAvebury.11,576.0,317_0,5.1,0.0,0.0,1172.0,213_1,19.13,13.08,596.0,2987.08,286.0,10,0.0,370.4,0,tripinfo_EastSilburyToEastAvebury.11 emissions_EastSilburyToEastAvebury.11,gasoline_euro4,0.96,61936.255274,1592397.110928,318.399317,32.888902,680.956018,507919.856825,0.0
SouthEvansGateToSilbury.40,720.0,526_0,5.1,0.0,0.0,1172.0,215_0,19.43,12.22,452.0,2705.18,182.0,5,0.0,248.5,0,tripinfo_SouthEvansGateToSilbury.40 emissions_SouthEvansGateToSilbury.40,gasoline_euro4,0.98,42633.870717,1250946.415892,222.732023,24.823356,528.046568,399006.187887,0.0
EastA509ToH6.38,684.0,770_0,4.6,0.0,0.0,1173.0,522_0,56.88,11.47,489.0,3291.56,169.0,3,0.0,212.63,0,tripinfo_EastA509ToH6.38 emissions_EastA509ToH6.38,electric,0.87,0.0,0.0,0.0,0.0,0.0,0.0,0.0
EastA509ToH6.31,558.0,770_0,5.1,0.0,0.0,1175.0,522_1,56.88,12.7,617.0,3285.28,274.0,8,0.0,368.27,0,tripinfo_EastA509ToH6.31 emissions_EastA509ToH6.31,gasoline_euro4,0.96,61235.560462,1661047.68966,316.934655,33.661909,706.524671,529815.632749,0.0
EastA509ToH6.41,738.0,770_0,5.1,0.0,0.0,1176.0,522_1,56.88,13.55,438.0,3286.84,129.0,4,0.0,192.69,0,tripinfo_EastA509ToH6.41 emissions_EastA509ToH6.41,gasoline_euro4,0.98,33803.410922,1215063.309358,181.370355,22.362448,499.982861,387558.037397,0.0
EastAveburyToWestA509.66,761.0,483_0,4.6,0.0,0.0,1176.0,774_2,29.75,14.69,415.0,2210.26,208.0,10,0.0,273.88,0,tripinfo_EastAveburyToWestA509.66 emissions_EastAveburyToWestA509.66,electric,1.14,0.0,0.0,0.0,0.0,0.0,0.0,0.0
V6ToEastH6.88,1056.0,468_0,4.6,0.0,0.0,1178.0,522_1,56.88,13.11,122.0,1507.63,0.0,0,0.0,12.6,0,tripinfo_V6ToEastH6.88 emissions_V6ToEastH6.88,electric,0.99,0.0,0.0,0.0,0.0,0.0,0.0,0.0
EastAveburyToWestA509.44,574.0,483_0,4.6,0.0,0.0,1187.0,774_1,29.75,12.06,613.0,2210.26,331.0,10,0.0,445.43,0,tripinfo_EastAveburyToWestA509.44 emissions_EastAveburyToWestA509.44,electric,0.96,0.0,0.0,0.0,0.0,0.0,0.0,0.0
EastAveburyToWestA509.47,600.0,483_0,5.1,0.0,0.5,1189.0,774_2,29.75,12.36,589.0,2209.76,309.0,11,0.0,423.65,0,tripinfo_EastAveburyToWestA509.47 emissions_EastAveburyToWestA509.47,gasoline_euro4,0.97,68075.405253,1573648.952218,346.288208,33.660914,682.851511,501942.758939,0.0
EastAveburyToWestA509.49,617.0,483_0,4.6,0.0,0.5,1193.0,774_1,29.75,13.33,576.0,2210.26,296.0,12,0.0,409.82,0,tripinfo_EastAveburyToWestA509.49 emissions_EastAveburyToWestA509.49,electric,0.97,0.0,0.0,0.0,0.0,0.0,0.0,0.0
V6ToEastH6.90,1080.0,468_0,5.1,0.0,0.0,1195.0,522_1,56.88,15.1,115.0,1507.13,0.0,0,0.0,15.47,0,tripinfo_V6ToEastH6.90 emissions_V6ToEastH6.90,gasoline_euro4,1.1,3997.58197,375903.441959,26.122615,5.814379,144.097195,119895.87005,0.0
EastAveburyToWestA509.46,591.0,483_0,5.1,0.0,0.0,1199.0,774_1,29.75,11.26,608.0,2212.92,321.0,10,0.0,420.26,0,tripinfo_EastAveburyToWestA509.46 emissions_EastAveburyToWestA509.46,gasoline_euro4,0.85,68733.722988,1563735.949711,349.271243,32.983378,676.374767,498782.047893,0.0
WestA509ToAvebury.21,378.0,773_0,4.6,0.0,0.0,1200.0,213_0,19.13,13.99,822.0,2317.84,511.0,15,0.0,665.68,0,tripinfo_WestA509ToAvebury.21 emissions_WestA509ToAvebury.21,electric,1.08,0.0,0.0,0.0,0.0,0.0,0.0,0.0
WestH6ToSaxonSt.34,408.0,524_0,5.1,0.0,0.0,1200.0,771_1,56.88,13.98,792.0,2569.86,485.0,13,0.0,619.26,0,tripinfo_WestH6ToSaxonSt.34 emissions_WestH6ToSaxonSt.34,gasoline_euro4,1.09,100222.252384,2149181.467638,505.815916,47.995785,943.01422,685521.264631,0.0
EastAveburyToWestA509.70,795.0,483_0,5.1,0.0,0.0,1200.0,774_2,29.75,12.05,405.0,2209.79,162.0,7,0.0,225.67,0,tripinfo_EastAveburyToWestA509.70 emissions_EastAveburyToWestA509.70,gasoline_euro4,0.9,37914.671077,1043474.927013,196.463534,20.276787,438.147831,332832.368817,0.0
V6ToEastH6.89,1068.0,468_0,4.6,0.0,0.0,1200.0,522_1,56.88,12.96,132.0,1507.63,0.0,0,0.0,21.57,0,tripinfo_V6ToEastH6.89 emissions_V6ToEastH6.89,electric,0.99,0.0,0.0,0.0,0.0,0.0,0.0,0.0
EastAveburyToWestA509.50,625.0,483_0,5.1,0.0,0.0,1201.0,774_1,29.75,14.24,576.0,2209.74,298.0,9,0.0,422.91,0,tripinfo_EastAveburyToWestA509.50 emissions_EastAveburyToWestA509.50,gasoline_euro4,1.05,67183.538863,1562122.352175,342.168285,33.807983,680.462427,498265.445892,0.0
WestA509ToAvebury.19,342.0,773_0,5.1,0.0,0.0,1209.0,213_0,19.13,9.05,867.0,2322.48,529.0,15,0.0,636.08,0,tripinfo_WestA509ToAvebury.19 emissions_WestA509ToAvebury.19,gasoline_euro4,0.73,104890.619031,2121661.301607,527.028827,46.841964,933.140905,676747.356467,0.0
V6ToEastH6.91,1092.0,468_0,4.6,0.0,0.0,1213.0,522_1,56.88,13.53,121.0,1507.63,0.0,0,0.0,16.67,0,tripinfo_V6ToEastH6.91 emissions_V6ToEastH6.91,electric,1.04,0.0,0.0,0.0,0.0,0.0,0.0,0.0
WestA509ToEastH6.14,507.0,773_0,5.1,0.0,3.0,1225.0,522_1,56.88,13.11,718.0,3657.64,358.0,14,0.0,452.24,0,tripinfo_WestA509ToEastH6.14 emissions_WestA509ToEastH6.14,gasoline_euro4,0.99,76048.79801,1952526.183434,390.610404,40.195704,831.790364,622788.951142,0.0
V6ToEastH6.93,1116.0,468_0,5.1,0.0,0.0,1240.0,522_1,56.88,13.61,124.0,1507.13,0.0,0,0.0,13.23,0,tripinfo_V6ToEastH6.93 emissions_V6ToEastH6.93,gasoline_euro4,0.99,4038.218901,358243.972523,26.216392,5.487659,138.41377,114263.518504,0.0
EastSilburyToEastAvebury.12,592.0,317_0,4.6,0.0,0.0,1246.0,213_1,19.13,13.25,654.0,2987.58,314.0,14,0.0,430.19,0,tripinfo_EastSilburyToEastAvebury.12 emissions_EastSilburyToEastAvebury.12,electric,0.97,0.0,0.0,0.0,0.0,0.0,0.0,0.0
EastSilburyToEastAvebury.9,544.0,317_0,5.1,0.0,0.0,1247.0,213_0,19.13,12.02,703.0,2987.04,378.0,11,0.0,454.95,0,tripinfo_EastSilburyToEastAvebury.9 emissions_EastSilburyToEastAvebury.9,gasoline_euro4,0.88,76319.566452,1799589.78187,389.145935,37.485954,773.546186,574010.826043,0.0
V6ToEastH6.92,1104.0,468_0,5.1,0.0,0.0,1247.0,522_0,56.88,11.15,143.0,1507.13,0.0,0,0.0,13.14,0,tripinfo_V6ToEastH6.92 emissions_V6ToEastH6.92,gasoline_euro4,0.84,4122.247091,340297.717388,26.519524,4.645844,129.571787,108540.249903,0.0
EastSilburyToEastAvebury.10,560.0,317_0,4.6,0.0,0.0,1250.0,213_1,19.13,11.61,690.0,2986.91,333.0,13,0.0,429.25,0,tripinfo_EastSilburyToEastAvebury.10 emissions_EastSilburyToEastAvebury.10,electric,0.84,0.0,0.0,0.0,0.0,0.0,0.0,0.0
V6ToEastH6.94,1128.0,468_0,5.1,0.0,0.0,1252.0,522_1,56.88,13.18,124.0,1507.13,0.0,0,0.0,13.03,0,tripinfo_V6ToEastH6.94 emissions_V6ToEastH6.94,gasoline_euro4,0.98,3971.1595,365684.372087,25.970543,5.472373,140.330777,116636.709151,0.0
SouthEvansGateToSilbury.43,774.0,526_0,4.6,0.0,0.0,1255.0,215_0,19.43,11.73,481.0,2705.68,197.0,8,0.0,266.55,0,tripinfo_SouthEvansGateToSilbury.43 emissions_SouthEvansGateToSilbury.43,electric,0.93,0.0,0.0,0.0,0.0,0.0,0.0,0.0
V6ToEastH6.95,1140.0,468_0,5.1,0.0,0.0,1255.0,522_1,56.88,14.62,115.0,1507.13,0.0,0,0.0,12.64,0,tripinfo_V6ToEastH6.95 emissions_V6ToEastH6.95,gasoline_euro4,1.06,4089.994176,370447.775018,26.743376,5.988327,144.839956,118155.56096,0.0
EastSilburyToEastAvebury.13,608.0,317_0,5.1,0.0,0.0,1257.0,213_1,19.13,14.07,649.0,2987.08,349.0,12,0.0,435.52,0,tripinfo_EastSilburyToEastAvebury.13 emissions_EastSilburyToEastAvebury.13,gasoline_euro4,1.02,72656.850869,1770150.542497,370.957621,37.369166,760.829229,564618.572486,0.0
SouthEvansGateToSilbury.45,810.0,526_0,5.1,0.0,0.0,1257.0,215_0,19.43,15.21,447.0,2705.16,178.0,6,0.0,268.64,0,tripinfo_SouthEvansGateToSilbury.45 emissions_SouthEvansGateToSilbury.45,gasoline_euro4,1.12,42826.053477,1270221.745579,224.167024,25.513154,537.462224,405153.677737,0.0
SouthEvansGateToSilbury.41,738.0,526_0,4.6,0.0,0.0,1261.0,215_0,19.43,13.22,523.0,2705.68,239.0,7,0.0,330.0,0,tripinfo_SouthEvansGateToSilbury.41 emissions_SouthEvansGateToSilbury.41,electric,1.03,0.0,0.0,0.0,0.0,0.0,0.0,0.0
WestH6ToSaxonSt.35,420.0,524_0,4.6,0.0,0.0,1273.0,771_1,56.88,14.91,853.0,2570.37,544.0,13,0.0,678.8,0,tripinfo_WestH6ToSaxonSt.35 emissions_WestH6ToSaxonSt.35,electric,1.08,0.0,0.0,0.0,0.0,0.0,0.0,0.0
WestH6ToSaxonSt.36,432.0,524_0,5.1,0.0,0.0,1275.0,771_1,56.88,15.18,843.0,2569.87,532.0,13,0.0,670.46,0,tripinfo_WestH6ToSaxonSt.36 emissions_WestH6ToSaxonSt.36,gasoline_euro4,1.1,107583.135856,2252107.382902,541.936744,50.845875,992.300432,718352.387982,0.0
EastAveburyToWestA509.53,651.0,483_0,5.1,0.0,0.5,1278.0,774_2,29.75,14.54,627.0,2209.74,366.0,12,0.0,473.49,0,tripinfo_EastAveburyToWestA509.53 emissions_EastAveburyToWestA509.53,gasoline_euro4,1.05,76516.501105,1720686.872474,388.246892,37.767012,752.450588,548843.290664,0.0
EastAveburyToWestA509.79,872.0,483_0,5.1,0.0,0.5,1279.0,774_2,29.75,14.23,407.0,2212.93,170.0,7,0.0,253.77,0,tripinfo_EastAveburyToWestA509.79 emissions_EastAveburyToWestA509.79,gasoline_euro4,1.05,42187.897788,1208597.173632,220.249269,25.101032,519.0817,385497.605701,0.0
EastAveburyToWestA509.69,787.0,483_0,5.1,0.0,0.5,1281.0,774_1,29.75,11.37,494.0,2209.79,239.0,14,0.0,305.65,0,tripinfo_EastAveburyToWestA509.69 emissions_EastAveburyToWestA509.69,gasoline_euro4,0.85,51245.555333,1261990.037879,262.561614,25.737076,539.314908,402533.09124,0.0
EastAveburyToWestA509.51,634.0,483_0,4.6,0.0,0.5,1283.0,774_1,29.75,12.95,649.0,2210.76,370.0,9,0.0,485.21,0,tripinfo_EastAveburyToWestA509.51 emissions_EastAveburyToWestA509.51,electric,0.98,0.0,0.0,0.0,0.0,0.0,0.0,0.0
V6ToEastH6.96,1152.0,468_0,5.1,0.0,0.0,1283.0,522_1,56.88,12.57,131.0,1507.13,0.0,0,0.0,13.78,0,tripinfo_V6ToEastH6.96 emissions_V6ToEastH6.96,gasoline_euro4,0.93,4145.953378,356094.082176,26.887973,5.325002,137.720319,113578.002711,0.0
V6ToEastH6.97,1164.0,468_0,5.1,0.0,0.0,1283.0,522_0,56.88,15.4,119.0,1507.13,0.0,0,0.0,21.87,0,tripinfo_V6ToEastH6.97 emissions_V6ToEastH6.97,gasoline_euro4,1.12,4704.633803,387616.391733,30.024681,6.400209,152.782914,123631.632962,0.0
EastAveburyToWestA509.77,855.0,483_0,5.1,0.0,0.5,1284.0,774_2,29.75,12.84,429.0,2209.79,184.0,11,0.0,255.34,0,tripinfo_EastAveburyToWestA509.77 emissions_EastAveburyToWestA509.77,gasoline_euro4,0.92,43257.12508,1173643.750959,224.008441,23.921538,501.109328,374350.750722,0.0
EastAveburyToWestA509.78,863.0,483_0,5.1,0.0,0.0,1286.0,774_2,29.75,14.04,423.0,2209.77,179.0,12,0.0,267.3,0,tripinfo_EastAveburyToWestA509.78 emissions_EastAveburyToWestA509.78,gasoline_euro4,1.03,43038.370026,1171158.699564,223.000867,24.261775,502.256896,373557.557392,0.0
EastAveburyToWestA509.55,668.0,483_0,4.6,0.0,0.5,1287.0,774_1,29.75,13.07,619.0,2210.24,333.0,10,0.0,454.22,0,tripinfo_EastAveburyToWestA509.55 emissions_EastAveburyToWestA509.55,electric,0.98,0.0,0.0,0.0,0.0,0.0,0.0,0.0
WestH6ToSaxonSt.33,396.0,524_0,5.1,0.0,0.0,1292.0,771_1,56.88,11.51,896.0,2569.84,553.0,15,0.0,685.51,0,tripinfo_WestH6ToSaxonSt.33 emissions_WestH6ToSaxonSt.33,gasoline_euro4,0.89,111726.423627,2314032.144618,562.458894,51.167555,1015.138798,738106.423508,0.0
V6ToEastH6.98,1176.0,468_0,4.6,0.0,0.0,1293.0,522_1,56.88,14.57,117.0,1507.63,0.0,0,0.0,14.08,0,tripinfo_V6ToEastH6.98 emissions_V6ToEastH6.98,electric,1.06,0.0,0.0,0.0,0.0,0.0,0.0,0.0
WestH6ToSaxonSt.37,444.0,524_0,5.1,0.0,0.0,1296.0,771_1,56.88,10.59,852.0,2569.87,505.0,14,0.0,627.95,0,tripinfo_WestH6ToSaxonSt.37 emissions_WestH6ToSaxonSt.37,gasoline_euro4,0.84,102133.186306,2141942.122782,515.020885,47.161181,939.635658,683214.23333,0.0
WestA509ToAvebury.23,414.0,773_0,5.1,0.0,0.0,1297.0,213_0,19.13,14.17,883.0,2317.34,602.0,16,0.0,729.36,0,tripinfo_WestA509ToAvebury.23 emissions_WestA509ToAvebury.23,gasoline_euro4,1.1,117192.488143,2365419.15998,588.261319,53.993306,1046.425524,754497.305421,0.0
V6ToEastH6.99,1188.0,468_0,5.1,0.0,0.0,1301.0,522_1,56.88,14.34,113.0,1507.13,0.0,0,0.0,14.87,0,tripinfo_V6ToEastH6.99 emissions_V6ToEastH6.99,gasoline_euro4,1.11,4294.340153,385299.642277,27.731926,6.218717,149.688603,122892.623499,0.0
WestA509ToEastH6.16,579.0,773_0,5.1,0.0,3.0,1303.0,522_1,56.88,16.48,724.0,3657.65,399.0,12,0.0,513.97,0,tripinfo_WestA509ToEastH6.16 emissions_WestA509ToEastH6.16,gasoline_euro4,1.26,85699.2151,2184101.619583,440.389497,47.29462,942.476897,696651.458256,0.0
WestA509ToEastH6.15,543.0,773_0,5.1,0.0,3.0,1311.0,522_1,56.88,15.42,768.0,3657.64,427.0,16,0.0,530.04,0,tripinfo_WestA509ToEastH6.15 emissions_WestA509ToEastH6.15,gasoline_euro4,1.11,88447.35009,2196090.159385,452.408259,46.431616,942.138642,700477.955943,0.0
V6ToEastH6.101,1212.0,468_0,5.1,0.0,0.0,1326.0,522_1,56.88,14.49,114.0,1507.13,0.0,0,0.0,17.61,0,tripinfo_V6ToEastH6.101 emissions_V6ToEastH6.101,gasoline_euro4,1.13,4758.469712,396339.744043,30.259509,6.617802,156.034969,126413.829317,0.0
SouthEvansGateToSilbury.46,828.0,526_0,5.1,0.0,0.0,1335.0,215_1,19.43,13.96,507.0,2705.1,230.0,7,0.0,313.27,0,tripinfo_SouthEvansGateToSilbury.46 emissions_SouthEvansGateToSilbury.46,gasoline_euro4,1.03,51322.294487,1413048.018407,265.757731,28.625922,599.90402,450711.975392,0.0
V6ToEastH6.100,1200.0,468_0,4.6,0.0,0.0,1336.0,522_1,56.88,11.19,136.0,1507.63,0.0,0,0.0,14.41,0,tripinfo_V6ToEastH6.100 emissions_V6ToEastH6.100,electric,0.9,0.0,0.0,0.0,0.0,0.0,0.0,0.0
V6ToEastH6.102,1224.0,468_0,4.6,0.0,0.0,1337.0,522_1,56.88,14.78,113.0,1507.63,0.0,0,0.0,14.91,0,tripinfo_V6ToEastH6.102 emissions_V6ToEastH6.102,electric,1.11,0.0,0.0,0.0,0.0,0.0,0.0,0.0
EastSilburyToEastAvebury.17,672.0,317_0,4.6,0.0,0.0,1341.0,213_1,19.13,15.88,669.0,2992.69,371.0,11,0.0,484.38,0,tripinfo_EastSilburyToEastAvebury.17 emissions_EastSilburyToEastAvebury.17,electric,1.18,0.0,0.0,0.0,0.0,0.0,0.0,0.0
SouthEvansGateToSilbury.42,756.0,526_0,4.6,0.0,0.0,1343.0,215_0,19.43,12.29,587.0,2705.65,293.0,8,0.0,366.64,0,tripinfo_SouthEvansGateToSilbury.42 emissions_SouthEvansGateToSilbury.42,electric,0.9,0.0,0.0,0.0,0.0,0.0,0.0,0.0
SouthEvansGateToSilbury.44,792.0,526_0,4.6,0.0,0.0,1348.0,215_0,19.43,11.76,556.0,2705.68,249.0,8,0.0,321.65,0,tripinfo_SouthEvansGateToSilbury.44 emissions_SouthEvansGateToSilbury.44,electric,0.85,0.0,0.0,0.0,0.0,0.0,0.0,0.0
EastA509ToH6.43,774.0,770_0,5.1,0.0,0.0,1357.0,522_1,56.88,11.64,583.0,3291.06,280.0,6,0.0,318.48,0,tripinfo_EastA509ToH6.43 emissions_EastA509ToH6.43,gasoline_euro4,0.91,55845.705757,1516636.009237,288.885994,29.651919,636.687903,483754.719564,0.0
EastAveburyToWestA509.88,948.0,483_0,4.6,0.0,0.0,1359.0,774_2,29.75,13.57,411.0,2210.25,197.0,9,0.0,249.87,0,tripinfo_EastAveburyToWestA509.88 emissions_EastAveburyToWestA509.88,electric,1.0,0.0,0.0,0.0,0.0,0.0,0.0,0.0
EastAveburyToWestA509.97,1025.0,483_0,5.1,0.0,0.5,1359.0,774_1,29.75,15.01,334.0,2213.4,128.0,7,0.0,190.98,0,tripinfo_EastAveburyToWestA509.97 emissions_EastAveburyToWestA509.97,gasoline_euro4,1.12,32306.424198,1016589.694108,170.68898,20.684365,431.585249,324252.949538,0.0
V6ToEastH6.103,1236.0,468_0,4.6,0.0,0.0,1359.0,522_1,56.88,15.1,123.0,1507.63,0.0,0,0.0,26.01,0,tripinfo_V6ToEastH6.103 emissions_V6ToEastH6.103,electric,1.13,0.0,0.0,0.0,0.0,0.0,0.0,0.0
EastAveburyToWestA509.57,685.0,483_0,4.6,0.0,0.5,1361.0,774_2,29.75,13.31,676.0,2210.26,400.0,10,0.0,516.47,0,tripinfo_EastAveburyToWestA509.57 emissions_EastAveburyToWestA509.57,electric,1.0,0.0,0.0,0.0,0.0,0.0,0.0,0.0
EastAveburyToWestA509.89,957.0,483_0,5.1,0.0,0.5,1363.0,774_2,29.75,13.6,406.0,2209.78,185.0,11,0.0,249.85,0,tripinfo_EastAveburyToWestA509.89 emissions_EastAveburyToWestA509.89,gasoline_euro4,1.02,42451.6572,1172118.790899,219.963283,24.041072,499.448745,373863.726472,0.0
V6ToEastH6.104,1248.0,468_0,5.1,0.0,0.0,1364.0,522_1,56.88,13.65,116.0,1507.13,0.0,0,0.0,12.66,0,tripinfo_V6ToEastH6.104 emissions_V6ToEastH6.104,gasoline_euro4,1.05,3936.504119,363359.207005,25.654161,5.667353,140.583573,115894.787308,0.0
WestH6ToSaxonSt.39,468.0,524_0,4.6,0.0,0.0,1366.0,771_1,56.88,14.17,898.0,2570.34,582.0,13,0.0,715.79,0,tripinfo_WestH6ToSaxonSt.39 emissions_WestH6ToSaxonSt.39,electric,1.04,0.0,0.0,0.0,0.0,0.0,0.0,0.0
EastAveburyToWestA509.83,906.0,483_0,5.1,0.0,0.5,1366.0,774_2,29.75,14.02,460.0,2209.77,231.0,13,0.0,302.01,0,tripinfo_EastAveburyToWestA509.83 emissions_EastAveburyToWestA509.83,gasoline_euro4,1.02,50238.252204,1280988.341067,257.99183,26.832564,549.943175,408590.998281,0.0
WestH6ToSaxonSt.38,456.0,524_0,4.6,0.0,0.0,1367.0,771_1,56.88,15.0,911.0,2570.34,581.0,16,0.0,741.29,0,tripinfo_WestH6ToSaxonSt.38 emissions_WestH6ToSaxonSt.38,electric,1.11,0.0,0.0,0.0,0.0,0.0,0.0,0.0
EastAveburyToWestA509.52,642.0,483_0,4.6,0.0,0.0,1370.0,774_1,29.75,12.4,728.0,2210.26,441.0,14,0.0,563.64,0,tripinfo_EastAveburyToWestA509.52 emissions_EastAveburyToWestA509.52,electric,0.98,0.0,0.0,0.0,0.0,0.0,0.0,0.0
V6ToEastH6.105,1260.0,468_0,5.1,0.0,0.0,1380.0,522_1,56.88,14.05,120.0,1507.13,0.0,0,0.0,12.83,0,tripinfo_V6ToEastH6.105 emissions_V6ToEastH6.105,gasoline_euro4,1.02,3679.331768,353695.101447,24.239542,5.208051,134.568275,112812.672075,0.0
WestA509ToEastH6.17,615.0,773_0,5.1,0.0,3.0,1396.0,522_1,56.88,14.2,781.0,3657.65,434.0,14,0.0,541.38,0,tripinfo_WestA509ToEastH6.17 emissions_WestA509ToEastH6.17,gasoline_euro4,1.1,90535.630485,2244917.746667,463.836495,48.22305,969.738858,716051.477754,0.0
V6ToEastH6.106,1272.0,468_0,4.6,0.0,0.0,1403.0,522_1,56.88,12.97,131.0,1507.63,0.0,0,0.0,16.9,0,tripinfo_V6ToEastH6.106 emissions_V6ToEastH6.106,electric,0.95,0.0,0.0,0.0,0.0,0.0,0.0,0.0
V6ToEastH6.107,1284.0,468_0,4.6,0.0,0.0,1405.0,522_1,56.88,13.48,121.0,1507.63,0.0,0,0.0,15.49,0,tripinfo_V6ToEastH6.107 emissions_V6ToEastH6.107,electric,1.04,0.0,0.0,0.0,0.0,0.0,0.0,0.0
WestA509ToEastH6.18,651.0,773_0,4.6,0.0,3.0,1408.0,522_1,56.88,12.94,757.0,3658.14,387.0,14,0.0,488.33,0,tripinfo_WestA509ToEastH6.18 emissions_WestA509ToEastH6.18,electric,0.99,0.0,0.0,0.0,0.0,0.0,0.0,0.0
V6ToEastH6.108,1296.0,468_0,5.1,0.0,0.0,1409.0,522_1,56.88,14.48,113.0,1507.13,0.0,0,0.0,14.32,0,tripinfo_V6ToEastH6.108 emissions_V6ToEastH6.108,gasoline_euro4,1.1,4115.924257,376721.153127,26.606728,5.953514,145.317212,120156.566575,0.0
EastA509ToH6.42,756.0,770_0,5.1,0.0,0.0,1415.0,522_1,56.88,15.86,659.0,3285.3,376.0,6,0.0,459.58,0,tripinfo_EastA509ToH6.42 emissions_EastA509ToH6.42,gasoline_euro4,1.2,75620.552785,1909392.202403,388.126023,40.89284,822.691852,609029.739469,0.0
EastSilburyToEastAvebury.14,624.0,317_0,4.6,0.0,0.0,1423.0,213_0,19.13,12.48,799.0,2987.61,478.0,13,0.0,574.24,0,tripinfo_EastSilburyToEastAvebury.14 emissions_EastSilburyToEastAvebury.14,electric,0.97,0.0,0.0,0.0,0.0,0.0,0.0,0.0
SouthEvansGateToSilbury.51,918.0,526_0,5.1,0.0,0.0,1423.0,215_1,19.43,13.32,505.0,2705.1,225.0,8,0.0,300.05,0,tripinfo_SouthEvansGateToSilbury.51 emissions_SouthEvansGateToSilbury.51,gasoline_euro4,0.98,50284.629918,1376543.038081,260.519282,27.928178,585.74376,439068.315714,0.0
SouthEvansGateToSilbury.49,882.0,526_0,5.1,0.0,0.0,1425.0,215_1,19.43,14.2,543.0,2705.13,252.0,8,0.0,351.93,0,tripinfo_SouthEvansGateToSilbury.49 emissions_SouthEvansGateToSilbury.49,gasoline_euro4,1.05,56695.969367,1491396.139857,292.743522,31.372769,643.045983,475702.467043,0.0
SouthEvansGateToSilbury.48,864.0,526_0,4.6,0.0,0.0,1430.0,215_0,19.43,13.03,566.0,2705.71,265.0,10,0.0,360.19,0,tripinfo_SouthEvansGateToSilbury.48 emissions_SouthEvansGateToSilbury.48,electric,0.97,0.0,0.0,0.0,0.0,0.0,0.0,0.0
EastA509ToH6.44,792.0,770_0,4.6,0.0,0.0,1432.0,522_1,56.88,12.83,640.0,3288.82,327.0,7,0.0,390.77,0,tripinfo_EastA509ToH6.44 emissions_EastA509ToH6.44,electric,0.96,0.0,0.0,0.0,0.0,0.0,0.0,0.0
SouthEvansGateToSilbury.47,846.0,526_0,4.6,0.0,0.0,1434.0,215_0,19.43,10.74,588.0,2705.68,271.0,9,0.0,339.2,0,tripinfo_SouthEvansGateToSilbury.47 emissions_SouthEvansGateToSilbury.47,electric,0.8,0.0,0.0,0.0,0.0,0.0,0.0,0.0
EastA509ToH6.46,828.0,770_0,4.6,0.0,0.0,1435.0,522_1,56.88,12.73,607.0,3291.54,300.0,8,0.0,361.36,0,tripinfo_EastA509ToH6.46 emissions_EastA509ToH6.46,electric,0.98,0.0,0.0,0.0,0.0,0.0,0.0,0.0
SouthEvansGateToSilbury.50,900.0,526_0,5.1,0.0,0.0,1436.0,215_0,19.43,12.74,536.0,2705.21,238.0,8,0.0,320.33,0,tripinfo_SouthEvansGateToSilbury.50 emissions_SouthEvansGateToSilbury.50,gasoline_euro4,0.93,53985.76868,1421262.087311,278.564951,28.956608,606.810939,453333.261246,0.0
EastSilburyToEastAvebury.15,640.0,317_0,4.6,0.0,0.0,1437.0,213_1,19.13,12.08,797.0,2992.69,456.0,13,0.0,564.4,0,tripinfo_EastSilburyToEastAvebury.15 emissions_EastSilburyToEastAvebury.15,electric,0.94,0.0,0.0,0.0,0.0,0.0,0.0,0.0
EastA509ToH6.47,846.0,770_0,4.6,0.0,0.0,1437.0,522_1,56.88,13.54,591.0,3291.56,290.0,8,0.0,345.44,0,tripinfo_EastA509ToH6.47 emissions_EastA509ToH6.47,electric,0.98,0.0,0.0,0.0,0.0,0.0,0.0,0.0
EastA509ToH6.45,810.0,770_0,5.1,0.0,0.0,1440.0,522_1,56.88,12.78,630.0,3285.3,320.0,9,0.0,390.02,0,tripinfo_EastA509ToH6.45 emissions_EastA509ToH6.45,gasoline_euro4,1.0,65955.327804,1717622.377683,339.181324,35.012852,729.124494,547862.486916,0.0
EastAveburyToWestA509.54,659.0,483_0,5.1,0.0,0.0,1442.0,774_2,29.75,14.63,783.0,2209.76,505.0,14,0.0,636.62,0,tripinfo_EastAveburyToWestA509.54 emissions_EastAveburyToWestA509.54,gasoline_euro4,1.09,101473.179904,2109185.783761,510.726818,47.700381,930.457138,672765.134553,0.0
EastA509ToH6.49,882.0,770_0,4.6,0.0,0.0,1442.0,522_1,56.88,14.3,560.0,3288.84,266.0,10,0.0,331.98,0,tripinfo_EastA509ToH6.49 emissions_EastA509ToH6.49,electric,1.05,0.0,0.0,0.0,0.0,0.0,0.0,0.0
EastAveburyToWestA509.93,991.0,483_0,4.6,0.0,0.5,1444.0,774_2,29.75,15.62,453.0,2210.27,219.0,15,0.0,314.71,0,tripinfo_EastAveburyToWestA509.93 emissions_EastAveburyToWestA509.93,electric,1.16,0.0,0.0,0.0,0.0,0.0,0.0,0.0
V6ToEastH6.109,1308.0,468_0,4.6,0.0,0.0,1448.0,522_1,56.88,12.11,140.0,1507.63,0.0,0,0.0,15.88,0,tripinfo_V6ToEastH6.109 emissions_V6ToEastH6.109,electric,0.88,0.0,0.0,0.0,0.0,0.0,0.0,0.0
V6ToEastH6.110,1320.0,468_0,5.1,0.0,0.0,1449.0,522_1,56.88,12.84,129.0,1507.13,0.0,0,0.0,20.79,0,tripinfo_V6ToEastH6.110 emissions_V6ToEastH6.110,gasoline_euro4,1.0,4525.625937,373979.848114,28.912252,5.912696,146.484226,119282.487735,0.0
V6ToEastH6.111,1332.0,468_0,4.6,0.0,0.0,1451.0,522_1,56.88,14.36,119.0,1507.63,0.0,0,0.0,22.18,0,tripinfo_V6ToEastH6.111 emissions_V6ToEastH6.111,electric,1.13,0.0,0.0,0.0,0.0,0.0,0.0,0.0
WestH6ToSaxonSt.40,480.0,524_0,5.1,0.0,0.0,1455.0,771_1,56.88,14.08,975.0,2569.84,666.0,20,0.0,801.85,0,tripinfo_WestH6ToSaxonSt.40 emissions_WestH6ToSaxonSt.40,gasoline_euro4,1.09,130185.862436,2641339.373193,653.760952,60.142563,1167.654205,842507.243556,0.0
EastAveburyToWestA509.105,1093.0,483_0,4.6,0.0,0.5,1457.0,774_2,29.75,13.28,364.0,2210.28,139.0,7,0.0,203.43,0,tripinfo_EastAveburyToWestA509.105 emissions_EastAveburyToWestA509.105,electric,1.0,0.0,0.0,0.0,0.0,0.0,0.0,0.0
EastAveburyToWestA509.85,923.0,483_0,4.6,0.0,0.5,1460.0,774_0,29.75,11.12,537.0,2210.78,281.0,10,0.0,351.28,0,tripinfo_EastAveburyToWestA509.85 emissions_EastAveburyToWestA509.85,electric,0.86,0.0,0.0,0.0,0.0,0.0,0.0,0.0
EastAveburyToWestA509.58,693.0,483_0,5.1,0.0,0.0,1461.0,774_2,29.75,12.63,768.0,2209.76,448.0,20,0.0,600.06,0,tripinfo_EastAveburyToWestA509.58 emissions_EastAveburyToWestA509.58,gasoline_euro4,0.96,95728.506104,2007702.635861,482.700548,45.046655,885.887378,640394.962539,0.0
EastAveburyToWestA509.56,676.0,483_0,5.1,0.0,0.0,1462.0,774_1,29.75,10.93,786.0,2213.42,469.0,15,0.0,602.02,0,tripinfo_EastAveburyToWestA509.56 emissions_EastAveburyToWestA509.56,gasoline_euro4,0.87,96465.297816,1993127.183067,485.590395,44.175339,876.066942,635747.38216,0.0
EastAveburyToWestA509.60,710.0,483_0,4.6,0.0,0.0,1463.0,774_2,29.75,15.12,753.0,2210.26,436.0,16,0.0,607.26,0,tripinfo_EastAveburyToWestA509.60 emissions_EastAveburyToWestA509.60,electric,1.11,0.0,0.0,0.0,0.0,0.0,0.0,0.0
V6ToEastH6.113,1356.0,468_0,4.6,0.0,0.0,1463.0,522_1,56.88,16.37,107.0,1507.63,0.0,0,0.0,16.88,0,tripinfo_V6ToEastH6.113 emissions_V6ToEastH6.113,electric,1.22,0.0,0.0,0.0,0.0,0.0,0.0,0.0
WestA509ToAvebury.24,432.0,773_0,5.1,0.0,0.0,1465.0,213_0,19.13,11.58,1033.0,2317.34,700.0,19,0.0,846.05,0,tripinfo_WestA509ToAvebury.24 emissions_WestA509ToAvebury.24,gasoline_euro4,0.9,137237.256212,2677891.696423,687.276182,61.255113,1188.806625,854169.295554,0.0
WestA509ToAvebury.22,396.0,773_0,4.6,0.0,0.0,1466.0,213_0,19.13,14.86,1070.0,2323.03,762.0,18,0.0,914.62,0,tripinfo_WestA509ToAvebury.22 emissions_WestA509ToAvebury.22,electric,1.09,0.0,0.0,0.0,0.0,0.0,0.0,0.0
WestA509ToAvebury.25,450.0,773_0,4.6,0.0,0.0,1469.0,213_0,19.13,12.66,1019.0,2322.98,685.0,19,0.0,840.46,0,tripinfo_WestA509ToAvebury.25 emissions_WestA509ToAvebury.25,electric,0.95,0.0,0.0,0.0,0.0,0.0,0.0,0.0
WestA509ToAvebury.26,468.0,773_0,5.1,0.0,0.0,1471.0,213_0,19.13,12.94,1003.0,2317.34,666.0,18,0.0,831.27,0,tripinfo_WestA509ToAvebury.26 emissions_WestA509ToAvebury.26,gasoline_euro4,0.98,132839.264194,2627474.078418,665.834553,60.090735,1166.304708,838086.347377,0.0
V6ToEastH6.112,1344.0,468_0,4.6,0.0,0.0,1471.0,522_1,56.88,13.13,127.0,1507.63,0.0,0,0.0,14.09,0,tripinfo_V6ToEastH6.112 emissions_V6ToEastH6.112,electric,0.97,0.0,0.0,0.0,0.0,0.0,0.0,0.0
V6ToEastH6.114,1368.0,468_0,4.6,0.0,0.0,1485.0,522_1,56.88,13.53,117.0,1507.63,0.0,0,0.0,14.67,0,tripinfo_V6ToEastH6.114 emissions_V6ToEastH6.114,electric,1.06,0.0,0.0,0.0,0.0,0.0,0.0,0.0
SouthEvansGateToSilbury.52,936.0,526_0,4.6,0.0,0.0,1509.0,215_0,19.43,14.5,573.0,2705.63,308.0,7,0.0,395.46,0,tripinfo_SouthEvansGateToSilbury.52 emissions_SouthEvansGateToSilbury.52,electric,1.12,0.0,0.0,0.0,0.0,0.0,0.0,0.0
EastSilburyToEastAvebury.16,656.0,317_0,4.6,0.0,0.0,1511.0,213_0,19.13,11.34,855.0,2987.6,495.0,15,0.0,613.41,0,tripinfo_EastSilburyToEastAvebury.16 emissions_EastSilburyToEastAvebury.16,electric,0.9,0.0,0.0,0.0,0.0,0.0,0.0,0.0
SouthEvansGateToSilbury.54,972.0,526_0,4.6,0.0,0.0,1511.0,215_1,19.43,12.38,539.0,2705.63,254.0,8,0.0,326.49,0,tripinfo_SouthEvansGateToSilbury.54 emissions_SouthEvansGateToSilbury.54,electric,0.94,0.0,0.0,0.0,0.0,0.0,0.0,0.0
V6ToEastH6.115,1380.0,468_0,4.6,0.0,0.0,1512.0,522_1,56.88,11.83,132.0,1507.63,0.0,0,0.0,14.44,0,tripinfo_V6ToEastH6.115 emissions_V6ToEastH6.115,electric,0.93,0.0,0.0,0.0,0.0,0.0,0.0,0.0
SouthEvansGateToSilbury.55,990.0,526_0,5.1,0.0,0.0,1513.0,215_1,19.43,14.89,523.0,2705.13,234.0,6,0.0,338.56,0,tripinfo_SouthEvansGateToSilbury.55 emissions_SouthEvansGateToSilbury.55,gasoline_euro4,1.08,55754.367341,1501489.275373,288.5536,31.351235,644.679443,478921.295689,0.0
SouthEvansGateToSilbury.53,954.0,526_0,4.6,0.0,0.0,1516.0,215_1,19.43,11.91,562.0,2705.65,273.0,11,0.0,349.43,0,tripinfo_SouthEvansGateToSilbury.53 emissions_SouthEvansGateToSilbury.53,electric,0.94,0.0,0.0,0.0,0.0,0.0,0.0,0.0
EastA509ToH6.48,864.0,770_0,4.6,0.0,0.0,1518.0,522_1,56.88,12.6,654.0,3288.82,334.0,10,0.0,398.76,0,tripinfo_EastA509ToH6.48 emissions_EastA509ToH6.48,electric,0.94,0.0,0.0,0.0,0.0,0.0,0.0,0.0
V6ToEastH6.117,1404.0,468_0,5.1,0.0,0.0,1531.0,522_1,56.88,13.28,127.0,1507.13,0.0,0,0.0,16.09,0,tripinfo_V6ToEastH6.117 emissions_V6ToEastH6.117,gasoline_euro4,0.99,4147.571561,364004.828245,26.907371,5.592277,141.37308,116100.935058,0.0
EastAveburyToWestA509.115,1178.0,483_0,5.1,0.0,0.5,1532.0,774_2,29.75,13.71,354.0,2209.76,155.0,6,0.0,202.72,0,tripinfo_EastAveburyToWestA509.115 emissions_EastAveburyToWestA509.115,gasoline_euro4,1.06,34904.236931,1024304.408722,181.943478,20.438704,430.34133,326715.613299,0.0
V6ToEastH6.116,1392.0,468_0,5.1,0.0,0.0,1541.0,522_0,56.88,10.79,149.0,1507.13,0.0,0,0.0,11.84,0,tripinfo_V6ToEastH6.116 emissions_V6ToEastH6.116,gasoline_euro4,0.79,4369.019784,337112.305494,27.582933,4.59143,128.817461,107524.391379,0.0
EastAveburyToWestA509.62,727.0,483_0,5.1,0.0,0.0,1544.0,774_1,29.75,12.28,817.0,2209.78,508.0,16,0.0,637.74,0,tripinfo_EastAveburyToWestA509.62 emissions_EastAveburyToWestA509.62,gasoline_euro4,0.9,103290.194356,2102478.646593,519.182763,47.00357,925.910897,670627.761639,0.0
EastAveburyToWestA509.64,744.0,483_0,5.1,0.0,0.0,1544.0,774_2,29.75,12.59,800.0,2209.74,479.0,16,0.0,631.27,0,tripinfo_EastAveburyToWestA509.64 emissions_EastAveburyToWestA509.64,gasoline_euro4,0.95,100947.546662,2084653.814089,508.155263,46.752747,919.211031,664941.039989,0.0
V6ToEastH6.118,1416.0,468_0,5.1,0.0,0.0,1545.0,522_1,56.88,12.4,129.0,1507.13,0.0,0,0.0,11.36,0,tripinfo_V6ToEastH6.118 emissions_V6ToEastH6.118,gasoline_euro4,0.93,3803.083625,336825.013563,24.879266,5.042391,130.335786,107431.955365,0.0
EastAveburyToWestA509.117,1195.0,483_0,4.6,0.0,0.5,1546.0,774_2,29.75,13.41,351.0,2210.28,131.0,9,0.0,197.5,0,tripinfo_EastAveburyToWestA509.117 emissions_EastAveburyToWestA509.117,electric,1.05,0.0,0.0,0.0,0.0,0.0,0.0,0.0
V6ToEastH6.119,1428.0,468_0,4.6,0.0,0.0,1548.0,522_1,56.88,13.13,120.0,1507.63,0.0,0,0.0,12.07,0,tripinfo_V6ToEastH6.119 emissions_V6ToEastH6.119,electric,1.01,0.0,0.0,0.0,0.0,0.0,0.0,0.0
EastAveburyToWestA509.95,1008.0,483_0,4.6,0.0,0.5,1551.0,774_2,29.75,11.73,543.0,2210.25,289.0,12,0.0,369.52,0,tripinfo_EastAveburyToWestA509.95 emissions_EastAveburyToWestA509.95,electric,0.93,0.0,0.0,0.0,0.0,0.0,0.0,0.0
EastAveburyToWestA509.61,719.0,483_0,4.6,0.0,0.5,1552.0,774_0,29.75,10.72,833.0,2213.88,509.0,18,0.0,646.63,0,tripinfo_EastAveburyToWestA509.61 emissions_EastAveburyToWestA509.61,electric,0.86,0.0,0.0,0.0,0.0,0.0,0.0,0.0
WestA509ToAvebury.27,486.0,773_0,5.1,0.0,0.0,1553.0,213_0,19.13,11.82,1067.0,2317.34,707.0,16,0.0,881.53,0,tripinfo_WestA509ToAvebury.27 emissions_WestA509ToAvebury.27,gasoline_euro4,0.91,140448.850203,2712876.849785,702.593937,62.184024,1205.311747,865329.270327,0.0
EastAveburyToWestA509.98,1033.0,483_0,4.6,0.0,0.0,1553.0,774_2,29.75,11.4,520.0,2210.27,248.0,12,0.0,343.86,0,tripinfo_EastAveburyToWestA509.98 emissions_EastAveburyToWestA509.98,electric,0.91,0.0,0.0,0.0,0.0,0.0,0.0,0.0
WestH6ToSaxonSt.43,516.0,524_0,4.6,0.0,0.0,1554.0,771_1,56.88,12.83,1038.0,2570.37,683.0,17,0.0,841.29,0,tripinfo_WestH6ToSaxonSt.43 emissions_WestH6ToSaxonSt.43,electric,0.96,0.0,0.0,0.0,0.0,0.0,0.0,0.0
V6ToEastH6.120,1440.0,468_0,5.1,0.0,0.0,1561.0,522_1,56.88,12.97,121.0,1507.13,0.0,0,0.0,13.05,0,tripinfo_V6ToEastH6.120 emissions_V6ToEastH6.120,gasoline_euro4,1.01,3898.994495,364402.089247,25.206952,5.368914,138.404096,116227.761435,0.0
WestH6ToSaxonSt.41,492.0,524_0,5.1,0.0,0.0,1565.0,771_1,56.88,10.74,1073.0,2569.84,688.0,18,0.0,847.54,0,tripinfo_WestH6ToSaxonSt.41 emissions_WestH6ToSaxonSt.41,gasoline_euro4,0.84,137143.817687,2713665.10067,687.779103,61.192064,1199.954951,865579.704651,0.0
WestA509ToEastH6.21,759.0,773_0,5.1,0.0,3.0,1571.0,522_1,56.88,15.44,812.0,3657.65,430.0,16,0.0,574.51,0,tripinfo_WestA509ToEastH6.21 emissions_WestA509ToEastH6.21,gasoline_euro4,1.11,93753.424441,2280674.411176,478.81655,48.672709,982.858501,727458.083459,0.0
V6ToEastH6.121,1452.0,468_0,5.1,0.0,0.0,1577.0,522_1,56.88,12.72,125.0,1507.13,0.0,0,0.0,14.08,0,tripinfo_V6ToEastH6.121 emissions_V6ToEastH6.121,gasoline_euro4,0.99,4120.395222,365607.593679,26.811867,5.596346,141.597717,116612.156911,0.0
WestA509ToEastH6.22,794.0,773_0,4.6,0.0,2.0,1578.0,522_1,56.88,13.67,784.0,3658.15,388.0,18,0.0,533.77,0,tripinfo_WestA509ToEastH6.22 emissions_WestA509ToEastH6.22,electric,1.06,0.0,0.0,0.0,0.0,0.0,0.0,0.0
WestA509ToEastH6.19,687.0,773_0,4.6,0.0,3.0,1590.0,522_1,56.88,12.21,903.0,3658.14,491.0,18,0.0,616.98,0,tripinfo_WestA509ToEastH6.19 emissions_WestA509ToEastH6.19,electric,0.93,0.0,0.0,0.0,0.0,0.0,0.0,0.0
WestA509ToEastH6.23,831.0,773_0,4.6,0.0,3.0,1591.0,522_1,56.88,14.17,760.0,3658.15,343.0,14,0.0,519.69,0,tripinfo_WestA509ToEastH6.23 emissions_WestA509ToEastH6.23,electric,1.1,0.0,0.0,0.0,0.0,0.0,0.0,0.0
V6ToEastH6.122,1464.0,468_0,5.1,0.0,0.0,1595.0,522_1,56.88,13.24,131.0,1507.13,2.0,1,0.0,19.24,0,tripinfo_V6ToEastH6.122 emissions_V6ToEastH6.122,gasoline_euro4,0.98,5022.630168,386545.970539,31.437906,6.119413,151.576976,123290.702823,0.0
EastSilburyToEastAvebury.19,704.0,317_0,5.1,0.0,0.0,1598.0,213_0,19.13,13.95,894.0,2992.21,557.0,16,0.0,679.88,0,tripinfo_EastSilburyToEastAvebury.19 emissions_EastSilburyToEastAvebury.19,gasoline_euro4,1.02,111847.981835,2417878.556928,564.926025,53.598927,1059.348903,771227.050868,0.0
SouthEvansGateToSilbury.57,1026.0,526_0,5.1,0.0,0.0,1598.0,215_1,19.43,13.55,572.0,2705.1,281.0,9,0.0,374.07,0,tripinfo_SouthEvansGateToSilbury.57 emissions_SouthEvansGateToSilbury.57,gasoline_euro4,1.01,61345.866135,1564585.850576,314.961095,32.31649,668.135714,499049.358077,0.0
EastSilburyToEastAvebury.18,688.0,317_0,4.6,0.0,0.0,1599.0,213_1,19.13,11.79,911.0,2987.58,538.0,17,0.0,668.26,0,tripinfo_EastSilburyToEastAvebury.18 emissions_EastSilburyToEastAvebury.18,electric,0.9,0.0,0.0,0.0,0.0,0.0,0.0,0.0
SouthEvansGateToSilbury.59,1062.0,526_0,5.1,0.0,0.0,1600.0,215_1,19.43,15.63,538.0,2705.13,249.0,9,0.0,372.3,0,tripinfo_SouthEvansGateToSilbury.59 emissions_SouthEvansGateToSilbury.59,gasoline_euro4,1.21,57182.657734,1517613.157198,295.372563,32.060891,652.892862,484064.375563,0.0
EastSilburyToEastAvebury.20,720.0,317_0,5.1,0.0,0.0,1601.0,213_1,19.13,12.19,881.0,2987.08,534.0,15,0.0,651.1,0,tripinfo_EastSilburyToEastAvebury.20 emissions_EastSilburyToEastAvebury.20,gasoline_euro4,0.95,107406.186624,2346003.154359,543.519801,51.407196,1025.308427,748301.041877,0.0
SouthEvansGateToSilbury.56,1008.0,526_0,4.6,0.0,0.0,1602.0,215_1,19.43,14.58,594.0,2705.65,287.0,10,0.0,406.18,0,tripinfo_SouthEvansGateToSilbury.56 emissions_SouthEvansGateToSilbury.56,electric,1.07,0.0,0.0,0.0,0.0,0.0,0.0,0.0
WestA509ToEastH6.20,723.0,773_0,5.1,0.0,3.0,1604.0,522_0,56.88,11.04,881.0,3657.64,426.0,13,0.0,558.87,0,tripinfo_WestA509ToEastH6.20 emissions_WestA509ToEastH6.20,gasoline_euro4,0.82,92938.402196,2179888.57829,473.870836,45.214116,937.488816,695314.235621,0.0
EastSilburyToEastAvebury.22,752.0,317_0,5.1,0.0,0.0,1604.0,213_1,19.13,16.32,852.0,2992.19,536.0,17,0.0,667.72,0,tripinfo_EastSilburyToEastAvebury.22 emissions_EastSilburyToEastAvebury.22,gasoline_euro4,1.19,108865.793778,2415868.551041,551.216449,53.890588,1057.747663,770583.751236,0.0
SouthEvansGateToSilbury.58,1044.0,526_0,4.6,0.0,0.0,1604.0,215_1,19.43,13.84,560.0,2705.68,259.0,11,0.0,369.42,0,tripinfo_SouthEvansGateToSilbury.58 emissions_SouthEvansGateToSilbury.58,electric,1.05,0.0,0.0,0.0,0.0,0.0,0.0,0.0
V6ToEastH6.123,1476.0,468_0,4.6,0.0,0.0,1604.0,522_1,56.88,12.78,128.0,1507.63,0.0,0,0.0,15.73,0,tripinfo_V6ToEastH6.123 emissions_V6ToEastH6.123,electric,0.97,0.0,0.0,0.0,0.0,0.0,0.0,0.0
SouthEvansGateToSilbury.61,1098.0,526_0,5.1,0.0,0.0,1606.0,215_1,19.43,12.92,508.0,2705.1,224.0,9,0.0,299.75,0,tripinfo_SouthEvansGateToSilbury.61 emissions_SouthEvansGateToSilbury.61,gasoline_euro4,0.96,51262.763152,1406873.74897,265.787556,28.602022,599.721766,448742.570126,0.0
WestA509ToEastH6.24,867.0,773_0,4.6,0.0,3.0,1607.0,522_1,56.88,12.07,740.0,3658.14,300.0,10,0.0,438.85,0,tripinfo_WestA509ToEastH6.24 emissions_WestA509ToEastH6.24,electric,0.88,0.0,0.0,0.0,0.0,0.0,0.0,0.0
EastSilburyToEastAvebury.21,736.0,317_0,4.6,0.0,0.0,1611.0,213_1,19.13,13.74,875.0,2987.59,558.0,15,0.0,664.39,0,tripinfo_EastSilburyToEastAvebury.21 emissions_EastSilburyToEastAvebury.21,electric,1.03,0.0,0.0,0.0,0.0,0.0,0.0,0.0
EastA509ToH6.50,900.0,770_0,5.1,0.0,0.0,1611.0,522_1,56.88,12.41,711.0,3285.3,383.0,8,0.0,443.62,0,tripinfo_EastA509ToH6.50 emissions_EastA509ToH6.50,gasoline_euro4,0.89,76597.998277,1885878.285583,392.349822,38.993022,807.826387,601532.300137,0.0
EastA509ToH6.53,954.0,770_0,5.1,0.0,0.0,1612.0,522_1,56.88,14.29,658.0,3286.86,354.0,13,0.0,428.18,0,tripinfo_EastA509ToH6.53 emissions_EastA509ToH6.53,gasoline_euro4,1.04,71727.325673,1827829.951605,368.119385,37.943878,780.767544,583015.091971,0.0
EastAveburyToWestA509.92,982.0,483_0,5.1,0.0,0.0,1612.0,774_2,29.75,17.11,630.0,2209.75,414.0,12,0.0,500.87,0,tripinfo_EastAveburyToWestA509.92 emissions_EastAveburyToWestA509.92,gasoline_euro4,1.24,82442.320108,1844035.793471,417.913686,41.410295,808.264481,588186.986207,0.0
V6ToEastH6.124,1488.0,468_0,4.6,0.0,0.0,1614.0,522_1,56.88,13.41,126.0,1507.63,0.0,0,0.0,22.66,0,tripinfo_V6ToEastH6.124 emissions_V6ToEastH6.124,electric,1.05,0.0,0.0,0.0,0.0,0.0,0.0,0.0
V6ToEastH6.125,1500.0,468_0,5.1,0.0,0.0,1618.0,522_1,56.88,13.08,118.0,1507.13,0.0,0,0.0,11.94,0,tripinfo_V6ToEastH6.125 emissions_V6ToEastH6.125,gasoline_euro4,1.02,3506.11719,354336.269778,23.4701,5.15996,134.507705,113017.129638,0.0
V6ToEastH6.126,1512.0,468_0,4.6,0.0,0.0,1622.0,522_1,56.88,15.4,110.0,1507.63,0.0,0,0.0,13.89,0,tripinfo_V6ToEastH6.126 emissions_V6ToEastH6.126,electric,1.14,0.0,0.0,0.0,0.0,0.0,0.0,0.0
EastAveburyToWestA509.63,736.0,483_0,5.1,0.0,0.5,1626.0,774_1,29.75,12.92,890.0,2209.78,564.0,16,0.0,724.88,0,tripinfo_EastAveburyToWestA509.63 emissions_EastAveburyToWestA509.63,gasoline_euro4,0.97,116019.828121,2327013.475294,581.935667,52.733316,1028.538585,742247.875307,0.0
EastAveburyToWestA509.116,1186.0,483_0,4.6,0.0,0.0,1627.0,774_2,29.75,14.81,441.0,2210.28,210.0,15,0.0,296.88,0,tripinfo_EastAveburyToWestA509.116 emissions_EastAveburyToWestA509.116,electric,1.12,0.0,0.0,0.0,0.0,0.0,0.0,0.0
EastAveburyToWestA509.65,753.0,483_0,4.6,0.0,0.5,1631.0,774_1,29.75,12.75,878.0,2213.44,538.0,22,0.0,708.87,0,tripinfo_EastAveburyToWestA509.65 emissions_EastAveburyToWestA509.65,electric,0.95,0.0,0.0,0.0,0.0,0.0,0.0,0.0
EastAveburyToWestA509.67,770.0,483_0,5.1,0.0,0.5,1637.0,774_2,29.75,13.78,867.0,2209.76,524.0,19,0.0,708.55,0,tripinfo_EastAveburyToWestA509.67 emissions_EastAveburyToWestA509.67,gasoline_euro4,1.01,112391.845873,2279620.700115,564.969254,51.837891,1010.460438,727129.959411,0.0
EastAveburyToWestA509.111,1144.0,483_0,4.6,0.0,0.5,1638.0,774_1,29.75,12.34,494.0,2210.3,237.0,12,0.0,314.6,0,tripinfo_EastAveburyToWestA509.111 emissions_EastAveburyToWestA509.111,electric,0.9,0.0,0.0,0.0,0.0,0.0,0.0,0.0
V6ToEastH6.127,1524.0,468_0,4.6,0.0,0.0,1649.0,522_1,56.88,12.46,125.0,1507.63,0.0,0,0.0,13.53,0,tripinfo_V6ToEastH6.127 emissions_V6ToEastH6.127,electric,0.98,0.0,0.0,0.0,0.0,0.0,0.0,0.0
WestH6ToSaxonSt.44,528.0,524_0,5.1,0.0,0.0,1652.0,771_1,56.88,13.03,1124.0,2569.83,751.0,18,0.0,929.79,0,tripinfo_WestH6ToSaxonSt.44 emissions_WestH6ToSaxonSt.44,gasoline_euro4,0.97,148493.259213,2923157.485454,744.018864,66.761598,1296.273556,932401.213969,0.0
V6ToEastH6.128,1536.0,468_0,5.1,0.0,0.0,1668.0,522_1,56.88,12.56,132.0,1507.13,1.0,1,0.0,18.37,0,tripinfo_V6ToEastH6.128 emissions_V6ToEastH6.128,gasoline_euro4,0.96,4493.82097,364592.449287,28.423516,5.560408,141.463976,116288.609658,0.0
WestA509ToEastH6.25,903.0,773_0,5.1,0.0,3.0,1672.0,522_1,56.88,12.22,769.0,3657.64,369.0,13,0.0,492.92,0,tripinfo_WestA509ToEastH6.25 emissions_WestA509ToEastH6.25,gasoline_euro4,0.96,81569.286313,2061429.725572,418.463827,42.456627,880.865445,657526.138121,0.0
V6ToEastH6.129,1548.0,468_0,4.6,0.0,0.0,1674.0,522_1,56.88,13.13,126.0,1507.63,0.0,0,0.0,15.67,0,tripinfo_V6ToEastH6.129 emissions_V6ToEastH6.129,electric,0.99,0.0,0.0,0.0,0.0,0.0,0.0,0.0
WestA509ToEastH6.26,939.0,773_0,5.1,0.0,3.0,1675.0,522_1,56.88,15.23,736.0,3657.65,360.0,13,0.0,507.82,0,tripinfo_WestA509ToEastH6.26 emissions_WestA509ToEastH6.26,gasoline_euro4,1.16,80849.816992,2098978.473128,416.562393,44.463035,904.359698,669500.116381,0.0
WestA509ToEastH6.27,975.0,773_0,5.1,0.0,3.0,1677.0,522_1,56.88,14.67,702.0,3657.65,311.0,12,0.0,456.9,0,tripinfo_WestA509ToEastH6.27 emissions_WestA509ToEastH6.27,gasoline_euro4,1.08,73504.249077,1986936.87717,380.450239,41.310858,851.591985,633761.726744,0.0
WestA509ToEastH6.28,1011.0,773_0,5.1,0.0,3.0,1682.0,522_1,56.88,12.59,671.0,3657.65,274.0,10,0.0,393.8,0,tripinfo_WestA509ToEastH6.28 emissions_WestA509ToEastH6.28,gasoline_euro4,0.96,64199.068588,1751914.198375,332.049933,34.667509,738.662601,558799.578247,0.0
WestA509ToEastH6.30,1083.0,773_0,5.1,0.0,3.0,1687.0,522_0,56.88,14.7,604.0,3656.8,198.0,11,0.0,368.11,0,tripinfo_WestA509ToEastH6.30 emissions_WestA509ToEastH6.30,gasoline_euro4,1.12,53840.961881,1619602.836449,282.118992,31.849859,682.125045,516593.509352,0.0
SouthEvansGateToSilbury.62,1116.0,526_0,4.6,0.0,0.0,1687.0,215_1,19.43,13.32,571.0,2705.65,271.0,11,0.0,363.23,0,tripinfo_SouthEvansGateToSilbury.62 emissions_SouthEvansGateToSilbury.62,electric,0.96,0.0,0.0,0.0,0.0,0.0,0.0,0.0
WestA509ToEastH6.29,1046.0,773_0,4.6,0.0,2.0,1688.0,522_0,56.88,10.86,642.0,3658.15,222.0,11,0.0,336.13,0,tripinfo_WestA509ToEastH6.29 emissions_WestA509ToEastH6.29,electric,0.86,0.0,0.0,0.0,0.0,0.0,0.0,0.0
SouthEvansGateToSilbury.60,1080.0,526_0,4.6,0.0,0.0,1689.0,215_1,19.43,11.79,609.0,2705.65,312.0,10,0.0,395.13,0,tripinfo_SouthEvansGateToSilbury.60 emissions_SouthEvansGateToSilbury.60,electric,0.93,0.0,0.0,0.0,0.0,0.0,0.0,0.0
EastSilburyToEastAvebury.25,800.0,317_0,4.6,0.0,0.0,1691.0,213_1,19.13,15.95,891.0,2987.58,548.0,18,0.0,707.64,0,tripinfo_EastSilburyToEastAvebury.25 emissions_EastSilburyToEastAvebury.25,electric,1.19,0.0,0.0,0.0,0.0,0.0,0.0,0.0
SouthEvansGateToSilbury.64,1152.0,526_0,4.6,0.0,0.0,1691.0,215_1,19.43,13.07,539.0,2705.63,245.0,8,0.0,335.92,0,tripinfo_SouthEvansGateToSilbury.64 emissions_SouthEvansGateToSilbury.64,electric,0.98,0.0,0.0,0.0,0.0,0.0,0.0,0.0
V6ToEastH6.130,1560.0,468_0,5.1,0.0,0.0,1691.0,522_1,56.88,12.17,131.0,1507.13,0.0,0,0.0,13.7,0,tripinfo_V6ToEastH6.130 emissions_V6ToEastH6.130,gasoline_euro4,0.93,4062.466982,347703.091708,26.208741,5.241195,134.687144,110901.606718,0.0
V6ToEastH6.131,1572.0,468_0,5.1,0.0,0.0,1693.0,522_1,56.88,13.96,121.0,1507.13,0.0,0,0.0,12.18,0,tripinfo_V6ToEastH6.131 emissions_V6ToEastH6.131,gasoline_euro4,1.01,3765.738497,362215.276277,24.983715,5.4203,139.004882,115530.113756,0.0
EastA509ToH6.54,972.0,770_0,5.1,0.0,0.0,1698.0,522_0,56.88,11.52,726.0,3288.34,381.0,11,0.0,453.85,0,tripinfo_EastA509ToH6.54 emissions_EastA509ToH6.54,gasoline_euro4,0.88,77570.848368,1907340.850525,397.39388,39.444636,818.166892,608378.118684,0.0
EastSilburyToEastAvebury.23,768.0,317_0,5.1,0.0,0.0,1699.0,213_1,19.13,13.52,931.0,2992.19,596.0,18,0.0,716.05,0,tripinfo_EastSilburyToEastAvebury.23 emissions_EastSilburyToEastAvebury.23,gasoline_euro4,1.02,117024.107375,2494729.92712,590.115369,55.183058,1091.078292,795741.441212,0.0
V6ToEastH6.132,1584.0,468_0,5.1,0.0,0.0,1699.0,522_1,56.88,15.47,115.0,1507.13,0.0,0,0.0,17.52,0,tripinfo_V6ToEastH6.132 emissions_V6ToEastH6.132,gasoline_euro4,1.12,4600.774418,398088.651218,29.840069,6.576983,156.289107,126971.694731,0.0
EastSilburyToEastAvebury.26,816.0,317_0,5.1,0.0,0.0,1702.0,213_1,19.13,12.43,886.0,2992.19,507.0,17,0.0,664.32,0,tripinfo_EastSilburyToEastAvebury.26 emissions_EastSilburyToEastAvebury.26,gasoline_euro4,0.98,104998.643026,2288769.944828,530.973006,50.133902,1000.271111,730045.557259,0.0
EastAveburyToWestA509.72,812.0,483_0,5.1,0.0,0.0,1714.0,774_1,29.75,15.4,902.0,2209.76,596.0,17,0.0,760.84,0,tripinfo_EastAveburyToWestA509.72 emissions_EastAveburyToWestA509.72,gasoline_euro4,1.14,120969.315742,2455132.273069,608.039547,56.099172,1088.336304,783112.553571,0.0
V6ToEastH6.133,1596.0,468_0,4.6,0.0,0.0,1716.0,522_1,56.88,14.09,120.0,1507.63,0.0,0,0.0,20.81,0,tripinfo_V6ToEastH6.133 emissions_V6ToEastH6.133,electric,1.1,0.0,0.0,0.0,0.0,0.0,0.0,0.0
EastAveburyToWestA509.104,1084.0,483_0,4.6,0.0,0.0,1717.0,774_1,29.75,11.76,633.0,2210.3,381.0,13,0.0,454.57,0,tripinfo_EastAveburyToWestA509.104 emissions_EastAveburyToWestA509.104,electric,0.9,0.0,0.0,0.0,0.0,0.0,0.0,0.0
EastAveburyToWestA509.119,1212.0,483_0,5.1,0.0,0.5,1717.0,774_2,29.75,14.32,505.0,2209.78,255.0,18,0.0,352.47,0,tripinfo_EastAveburyToWestA509.119 emissions_EastAveburyToWestA509.119,gasoline_euro4,1.05,58220.734032,1458505.966614,298.625401,30.99632,630.718996,465213.033785,0.0
EastAveburyToWestA509.107,1110.0,483_0,5.1,0.0,0.5,1718.0,774_2,29.75,14.59,608.0,2209.78,337.0,18,0.0,466.51,0,tripinfo_EastAveburyToWestA509.107 emissions_EastAveburyToWestA509.107,gasoline_euro4,1.13,73966.894642,1702739.380254,376.439237,37.444238,745.281029,543117.450043,0.0
V6ToEastH6.134,1608.0,468_0,4.6,0.0,0.0,1720.0,522_1,56.88,14.53,112.0,1507.63,0.0,0,0.0,14.4,0,tripinfo_V6ToEastH6.134 emissions_V6ToEastH6.134,electric,1.11,0.0,0.0,0.0,0.0,0.0,0.0,0.0
EastAveburyToWestA509.128,1288.0,483_0,5.1,0.0,0.0,1722.0,774_1,29.75,12.96,434.0,2212.94,188.0,13,0.0,268.43,0,tripinfo_EastAveburyToWestA509.128 emissions_EastAveburyToWestA509.128,gasoline_euro4,0.97,44843.235198,1218377.908505,232.035016,24.961656,520.22613,388619.178963,0.0
WestH6ToSaxonSt.42,504.0,524_0,4.6,0.0,0.0,1725.0,771_1,56.88,13.95,1221.0,2570.37,844.0,23,0.0,1039.54,0,tripinfo_WestH6ToSaxonSt.42 emissions_WestH6ToSaxonSt.42,electric,1.04,0.0,0.0,0.0,0.0,0.0,0.0,0.0
EastAveburyToWestA509.71,804.0,483_0,5.1,0.0,0.5,1725.0,774_1,29.75,12.33,921.0,2209.74,600.0,22,0.0,747.47,0,tripinfo_EastAveburyToWestA509.71 emissions_EastAveburyToWestA509.71,gasoline_euro4,0.93,120784.313718,2400375.628377,605.51312,53.976428,1058.190966,765649.476429,0.0
WestA509ToAvebury.28,504.0,773_0,4.6,0.0,0.0,1728.0,213_0,19.13,14.31,1224.0,2317.84,858.0,18,0.0,1069.98,0,tripinfo_WestA509ToAvebury.28 emissions_WestA509ToAvebury.28,electric,1.09,0.0,0.0,0.0,0.0,0.0,0.0,0.0
WestH6ToSaxonSt.45,540.0,524_0,4.6,0.0,0.0,1731.0,771_1,56.88,11.82,1191.0,2570.37,804.0,19,0.0,988.81,0,tripinfo_WestH6ToSaxonSt.45 emissions_WestH6ToSaxonSt.45,electric,0.93,0.0,0.0,0.0,0.0,0.0,0.0,0.0
WestH6ToSaxonSt.46,552.0,524_0,4.6,0.0,0.0,1737.0,771_1,56.88,12.01,1185.0,2570.37,785.0,19,0.0,970.04,0,tripinfo_WestH6ToSaxonSt.46 emissions_WestH6ToSaxonSt.46,electric,0.88,0.0,0.0,0.0,0.0,0.0,0.0,0.0
V6ToEastH6.135,1620.0,468_0,4.6,0.0,0.0,1743.0,522_1,56.88,13.06,123.0,1507.63,0.0,0,0.0,13.58,0,tripinfo_V6ToEastH6.135 emissions_V6ToEastH6.135,electric,0.99,0.0,0.0,0.0,0.0,0.0,0.0,0.0
WestA509ToEastH6.31,1119.0,773_0,5.1,0.0,3.0,1748.0,522_1,56.88,14.97,629.0,3656.8,290.0,12,0.0,395.1,0,tripinfo_WestA509ToEastH6.31 emissions_WestA509ToEastH6.31,gasoline_euro4,1.13,66868.860572,1884151.549234,347.193244,39.175165,803.655632,600975.161932,0.0
V6ToEastH6.136,1632.0,468_0,5.1,0.0,0.0,1753.0,522_1,56.88,13.36,121.0,1507.13,0.0,0,0.0,12.52,0,tripinfo_V6ToEastH6.136 emissions_V6ToEastH6.136,gasoline_euro4,1.0,3948.178907,354942.011179,25.692484,5.495533,137.786521,113210.203731,0.0
WestA509ToEastH6.32,1155.0,773_0,4.6,0.0,3.0,1757.0,522_1,56.88,12.72,602.0,3657.3,232.0,11,0.0,330.27,0,tripinfo_WestA509ToEastH6.32 emissions_WestA509ToEastH6.32,electric,0.98,0.0,0.0,0.0,0.0,0.0,0.0,0.0
WestA509ToEastH6.33,1191.0,773_0,4.6,0.0,3.0,1760.0,522_1,56.88,12.83,569.0,3657.3,204.0,12,0.0,304.24,0,tripinfo_WestA509ToEastH6.33 emissions_WestA509ToEastH6.33,electric,1.0,0.0,0.0,0.0,0.0,0.0,0.0,0.0
WestA509ToEastH6.35,1263.0,773_0,4.6,0.0,3.0,1762.0,522_1,56.88,13.87,499.0,3657.3,127.0,9,0.0,248.28,0,tripinfo_WestA509ToEastH6.35 emissions_WestA509ToEastH6.35,electric,1.05,0.0,0.0,0.0,0.0,0.0,0.0,0.0
WestA509ToEastH6.34,1227.0,773_0,5.1,0.0,3.0,1773.0,522_1,56.88,11.8,546.0,3656.8,147.0,10,0.0,252.12,0,tripinfo_WestA509ToEastH6.34 emissions_WestA509ToEastH6.34,gasoline_euro4,0.9,43467.767931,1432324.294937,230.522674,26.452003,591.8193,456858.026582,0.0
V6ToEastH6.137,1644.0,468_0,5.1,0.0,0.0,1775.0,522_1,56.88,13.42,131.0,1507.13,0.0,0,0.0,18.4,0,tripinfo_V6ToEastH6.137 emissions_V6ToEastH6.137,gasoline_euro4,0.97,4579.113626,380351.961737,29.248055,5.83439,147.867019,121315.083656,0.0
EastSilburyToEastAvebury.24,784.0,317_0,5.1,0.0,0.0,1776.0,213_0,19.13,11.06,992.0,2987.04,607.0,17,0.0,733.16,0,tripinfo_EastSilburyToEastAvebury.24 emissions_EastSilburyToEastAvebury.24,gasoline_euro4,0.84,120407.975854,2525975.750623,607.145634,55.396895,1106.279809,805709.515621,0.0
EastSilburyToEastAvebury.27,832.0,317_0,4.6,0.0,0.0,1776.0,213_1,19.13,11.54,944.0,2981.86,531.0,16,0.0,691.07,0,tripinfo_EastSilburyToEastAvebury.27 emissions_EastSilburyToEastAvebury.27,electric,0.86,0.0,0.0,0.0,0.0,0.0,0.0,0.0
SouthEvansGateToSilbury.63,1134.0,526_0,5.1,0.0,0.0,1776.0,215_1,19.43,11.71,642.0,2705.15,318.0,10,0.0,408.21,0,tripinfo_SouthEvansGateToSilbury.63 emissions_SouthEvansGateToSilbury.63,gasoline_euro4,0.86,68278.700498,1626546.059373,348.603167,33.870758,699.975159,518814.993948,0.0
SouthEvansGateToSilbury.66,1188.0,526_0,5.1,0.0,0.0,1778.0,215_1,19.43,12.11,590.0,2705.1,293.0,9,0.0,373.75,0,tripinfo_SouthEvansGateToSilbury.66 emissions_SouthEvansGateToSilbury.66,gasoline_euro4,0.93,63318.569965,1571620.338954,324.514514,32.635706,674.29529,501293.961097,0.0
SouthEvansGateToSilbury.67,1206.0,526_0,5.1,0.0,0.0,1779.0,215_1,19.43,12.83,573.0,2705.13,267.0,10,0.0,357.73,0,tripinfo_SouthEvansGateToSilbury.67 emissions_SouthEvansGateToSilbury.67,gasoline_euro4,0.93,59748.579138,1536250.24231,307.410052,31.627822,657.491932,490011.015051,0.0
SouthEvansGateToSilbury.70,1260.0,526_0,4.6,0.0,0.0,1781.0,215_1,19.43,14.92,521.0,2705.68,230.0,9,0.0,344.86,0,tripinfo_SouthEvansGateToSilbury.70 emissions_SouthEvansGateToSilbury.70,electric,1.13,0.0,0.0,0.0,0.0,0.0,0.0,0.0
V6ToEastH6.138,1656.0,468_0,4.6,0.0,0.0,1782.0,522_1,56.88,12.84,126.0,1507.63,0.0,0,0.0,12.53,0,tripinfo_V6ToEastH6.138 emissions_V6ToEastH6.138,electric,0.96,0.0,0.0,0.0,0.0,0.0,0.0,0.0
SouthEvansGateToSilbury.65,1170.0,526_0,4.6,0.0,0.0,1783.0,215_1,19.43,12.15,613.0,2705.65,313.0,11,0.0,397.5,0,tripinfo_SouthEvansGateToSilbury.65 emissions_SouthEvansGateToSilbury.65,electric,0.93,0.0,0.0,0.0,0.0,0.0,0.0,0.0
EastSilburyToEastAvebury.29,864.0,317_0,4.6,0.0,0.0,1784.0,213_1,19.13,13.35,920.0,2987.58,553.0,18,0.0,712.98,0,tripinfo_EastSilburyToEastAvebury.29 emissions_EastSilburyToEastAvebury.29,electric,1.05,0.0,0.0,0.0,0.0,0.0,0.0,0.0
SouthEvansGateToSilbury.68,1224.0,526_0,4.6,0.0,0.0,1785.0,215_1,19.43,13.21,561.0,2705.63,264.0,11,0.0,362.82,0,tripinfo_SouthEvansGateToSilbury.68 emissions_SouthEvansGateToSilbury.68,electric,1.01,0.0,0.0,0.0,0.0,0.0,0.0,0.0
V6ToEastH6.139,1668.0,468_0,5.1,0.0,0.0,1786.0,522_0,56.88,15.1,118.0,1507.13,0.0,0,0.0,25.06,0,tripinfo_V6ToEastH6.139 emissions_V6ToEastH6.139,gasoline_euro4,1.17,5072.847112,397899.419218,32.037532,6.878477,159.189827,126911.213212,0.0
EastA509ToH6.51,918.0,770_0,5.1,0.0,0.0,1787.0,522_1,56.88,12.29,869.0,3285.3,523.0,15,0.0,600.16,0,tripinfo_EastA509ToH6.51 emissions_EastA509ToH6.51,gasoline_euro4,0.89,101655.399755,2257640.9888,515.04734,48.439686,979.152629,720116.486422,0.0
EastA509ToH6.58,1044.0,770_0,4.6,0.0,0.0,1789.0,522_1,56.88,13.44,745.0,3291.56,429.0,12,0.0,512.26,0,tripinfo_EastA509ToH6.58 emissions_EastA509ToH6.58,electric,1.03,0.0,0.0,0.0,0.0,0.0,0.0,0.0
EastA509ToH6.59,1062.0,770_0,4.6,0.0,0.0,1792.0,522_1,56.88,12.76,730.0,3291.56,396.0,17,0.0,487.11,0,tripinfo_EastA509ToH6.59 emissions_EastA509ToH6.59,electric,0.99,0.0,0.0,0.0,0.0,0.0,0.0,0.0
EastA509ToH6.55,990.0,770_0,4.6,0.0,0.0,1796.0,522_1,56.88,12.96,806.0,3285.8,461.0,13,0.0,551.98,0,tripinfo_EastA509ToH6.55 emissions_EastA509ToH6.55,electric,0.94,0.0,0.0,0.0,0.0,0.0,0.0,0.0
V6ToEastH6.140,1680.0,468_0,5.1,0.0,0.0,1796.0,522_0,56.88,15.69,116.0,1507.13,0.0,0,0.0,23.31,0,tripinfo_V6ToEastH6.140 emissions_V6ToEastH6.140,gasoline_euro4,1.17,4675.451206,399132.691397,29.881395,6.53279,155.890987,127304.752965,0.0
EastAveburyToWestA509.124,1254.0,483_0,5.1,0.0,0.0,1798.0,774_2,29.75,13.66,544.0,2209.76,310.0,13,0.0,385.37,0,tripinfo_EastAveburyToWestA509.124 emissions_EastAveburyToWestA509.124,gasoline_euro4,1.01,63131.955505,1490746.73827,321.229247,31.550564,641.371186,475499.289005,0.0
EastAveburyToWestA509.73,821.0,483_0,4.6,0.0,0.5,1800.0,774_1,29.75,14.03,979.0,2210.76,659.0,18,0.0,828.42,0,tripinfo_EastAveburyToWestA509.73 emissions_EastAveburyToWestA509.73,electric,1.07,0.0,0.0,0.0,0.0,0.0,0.0,0.0
EastAveburyToWestA509.110,1135.0,483_0,4.6,0.0,0.0,1800.0,774_2,29.75,16.44,665.0,2210.27,385.0,14,0.0,534.91,0,tripinfo_EastAveburyToWestA509.110 emissions_EastAveburyToWestA509.110,electric,1.24,0.0,0.0,0.0,0.0,0.0,0.0,0.0
EastAveburyToWestA509.76,846.0,483_0,5.1,0.0,0.0,1807.0,774_1,29.75,12.37,961.0,2209.74,638.0,23,0.0,794.86,0,tripinfo_EastAveburyToWestA509.76 emissions_EastAveburyToWestA509.76,gasoline_euro4,0.97,127650.227428,2498694.211942,639.258896,57.113022,1107.908333,797010.353115,0.0
EastAveburyToWestA509.74,829.0,483_0,4.6,0.0,0.0,1810.0,774_1,29.75,12.06,981.0,2210.26,644.0,22,0.0,813.42,0,tripinfo_EastAveburyToWestA509.74 emissions_EastAveburyToWestA509.74,electric,0.96,0.0,0.0,0.0,0.0,0.0,0.0,0.0
WestH6ToSaxonSt.47,564.0,524_0,4.6,0.0,0.0,1812.0,771_1,56.88,14.55,1248.0,2570.36,877.0,20,0.0,1081.73,0,tripinfo_WestH6ToSaxonSt.47 emissions_WestH6ToSaxonSt.47,electric,1.13,0.0,0.0,0.0,0.0,0.0,0.0,0.0
EastAveburyToWestA509.102,1067.0,483_0,5.1,0.0,0.0,1814.0,774_2,29.75,12.25,747.0,2209.75,461.0,16,0.0,581.11,0,tripinfo_EastAveburyToWestA509.102 emissions_EastAveburyToWestA509.102,gasoline_euro4,0.97,94298.735776,1983211.100818,475.597308,44.343504,873.370527,632582.987185,0.0
WestA509ToAvebury.30,540.0,773_0,5.1,0.0,0.0,1816.0,213_0,19.13,15.8,1276.0,2317.34,898.0,19,0.0,1127.4,0,tripinfo_WestA509ToAvebury.30 emissions_WestA509ToAvebury.30,gasoline_euro4,1.14,178311.850233,3398622.87354,891.026332,79.653618,1519.547459,1084061.946825,0.0
EastAveburyToWestA509.106,1101.0,483_0,5.1,0.0,0.0,1816.0,774_0,29.75,11.37,715.0,2213.43,410.0,16,0.0,533.49,0,tripinfo_EastAveburyToWestA509.106 emissions_EastAveburyToWestA509.106,gasoline_euro4,0.89,86714.586151,1837479.411821,437.402437,40.264496,803.872065,586099.610092,0.0
WestA509ToAvebury.29,522.0,773_0,4.6,0.0,0.0,1818.0,213_0,19.13,14.0,1296.0,2323.03,927.0,18,0.0,1142.08,0,tripinfo_WestA509ToAvebury.29 emissions_WestA509ToAvebury.29,electric,1.1,0.0,0.0,0.0,0.0,0.0,0.0,0.0
WestH6ToSaxonSt.48,576.0,524_0,4.6,0.0,0.0,1819.0,771_1,56.88,13.03,1243.0,2570.37,876.0,17,0.0,1049.4,0,tripinfo_WestH6ToSaxonSt.48 emissions_WestH6ToSaxonSt.48,electric,0.97,0.0,0.0,0.0,0.0,0.0,0.0,0.0
V6ToEastH6.141,1692.0,468_0,4.6,0.0,0.0,1820.0,522_1,56.88,12.58,128.0,1507.63,0.0,0,0.0,12.51,0,tripinfo_V6ToEastH6.141 emissions_V6ToEastH6.141,electric,0.94,0.0,0.0,0.0,0.0,0.0,0.0,0.0
WestA509ToAvebury.31,558.0,773_0,4.6,0.0,0.0,1822.0,213_0,19.13,13.92,1264.0,2317.84,897.0,15,0.0,1097.25,0,tripinfo_WestA509ToAvebury.31 emissions_WestA509ToAvebury.31,electric,1.01,0.0,0.0,0.0,0.0,0.0,0.0,0.0
V6ToEastH6.142,1704.0,468_0,4.6,0.0,0.0,1822.0,522_1,56.88,15.64,118.0,1507.63,0.0,0,0.0,21.05,0,tripinfo_V6ToEastH6.142 emissions_V6ToEastH6.142,electric,1.13,0.0,0.0,0.0,0.0,0.0,0.0,0.0
V6ToEastH6.143,1716.0,468_0,5.1,0.0,0.0,1845.0,522_1,56.88,13.45,129.0,1507.13,1.0,1,0.0,21.06,0,tripinfo_V6ToEastH6.143 emissions_V6ToEastH6.143,gasoline_euro4,1.01,5201.164496,388572.4512,32.258489,6.295035,153.107828,123936.992127,0.0
V6ToEastH6.144,1728.0,468_0,5.1,0.0,0.0,1848.0,522_1,56.88,13.57,120.0,1507.13,0.0,0,0.0,16.5,0,tripinfo_V6ToEastH6.144 emissions_V6ToEastH6.144,gasoline_euro4,1.06,4445.406756,377611.514709,28.380668,6.094857,148.052623,120440.579643,0.0
WestA509ToEastH6.36,1299.0,773_0,4.6,0.0,3.0,1855.0,522_0,56.88,12.1,556.0,3657.3,163.0,10,0.0,253.54,0,tripinfo_WestA509ToEastH6.36 emissions_WestA509ToEastH6.36,electric,0.88,0.0,0.0,0.0,0.0,0.0,0.0,0.0
WestA509ToEastH6.37,1335.0,773_0,4.6,0.0,3.0,1855.0,522_1,56.88,12.78,520.0,3657.3,133.0,10,0.0,253.71,0,tripinfo_WestA509ToEastH6.37 emissions_WestA509ToEastH6.37,electric,0.99,0.0,0.0,0.0,0.0,0.0,0.0,0.0
EastA509ToH6.61,1098.0,770_0,4.6,0.0,0.0,1857.0,522_1,56.88,15.18,759.0,3288.84,467.0,6,0.0,553.39,0,tripinfo_EastA509ToH6.61 emissions_EastA509ToH6.61,electric,1.17,0.0,0.0,0.0,0.0,0.0,0.0,0.0
SouthEvansGateToSilbury.69,1242.0,526_0,4.6,0.0,0.0,1863.0,215_1,19.43,11.51,621.0,2705.62,303.0,11,0.0,399.54,0,tripinfo_SouthEvansGateToSilbury.69 emissions_SouthEvansGateToSilbury.69,electric,0.9,0.0,0.0,0.0,0.0,0.0,0.0,0.0
SouthEvansGateToSilbury.71,1278.0,526_0,5.1,0.0,0.0,1865.0,215_1,19.43,13.32,587.0,2705.13,304.0,9,0.0,395.62,0,tripinfo_SouthEvansGateToSilbury.71 emissions_SouthEvansGateToSilbury.71,gasoline_euro4,1.04,64066.439547,1566761.122916,327.468694,32.755041,671.771169,499744.401463,0.0
SouthEvansGateToSilbury.73,1314.0,526_0,5.1,0.0,0.0,1867.0,215_1,19.43,13.89,553.0,2705.13,259.0,11,0.0,366.52,0,tripinfo_SouthEvansGateToSilbury.73 emissions_SouthEvansGateToSilbury.73,gasoline_euro4,1.07,58637.401043,1499828.793842,301.185808,31.167662,641.745448,478393.732074,0.0
EastSilburyToEastAvebury.31,896.0,317_0,4.6,0.0,0.0,1868.0,213_1,19.13,15.85,972.0,2987.58,647.0,16,0.0,785.46,0,tripinfo_EastSilburyToEastAvebury.31 emissions_EastSilburyToEastAvebury.31,electric,1.17,0.0,0.0,0.0,0.0,0.0,0.0,0.0
V6ToEastH6.145,1740.0,468_0,5.1,0.0,0.0,1869.0,522_1,56.88,12.29,129.0,1507.13,0.0,0,0.0,12.91,0,tripinfo_V6ToEastH6.145 emissions_V6ToEastH6.145,gasoline_euro4,0.94,3825.939912,354473.191328,25.247304,5.064948,135.064292,113061.105461,0.0
V6ToEastH6.146,1752.0,468_0,4.6,0.0,0.0,1870.0,522_1,56.88,13.71,118.0,1507.63,0.0,0,0.0,13.2,0,tripinfo_V6ToEastH6.146 emissions_V6ToEastH6.146,electric,1.04,0.0,0.0,0.0,0.0,0.0,0.0,0.0
V6ToEastH6.147,1764.0,468_0,4.6,0.0,0.0,1879.0,522_1,56.88,14.26,115.0,1507.63,0.0,0,0.0,14.53,0,tripinfo_V6ToEastH6.147 emissions_V6ToEastH6.147,electric,1.09,0.0,0.0,0.0,0.0,0.0,0.0,0.0
EastAveburyToWestA509.75,838.0,483_0,4.6,0.0,0.5,1886.0,774_2,29.75,14.05,1048.0,2210.26,706.0,24,0.0,889.93,0,tripinfo_EastAveburyToWestA509.75 emissions_EastAveburyToWestA509.75,electric,1.01,0.0,0.0,0.0,0.0,0.0,0.0,0.0
EastA509ToH6.52,936.0,770_0,4.6,0.0,0.0,1890.0,522_0,56.88,9.68,954.0,3273.69,587.0,7,0.0,644.47,0,tripinfo_EastA509ToH6.52 emissions_EastA509ToH6.52,electric,0.77,0.0,0.0,0.0,0.0,0.0,0.0,0.0
EastAveburyToWestA509.135,1348.0,483_0,4.6,0.0,0.5,1894.0,774_1,29.75,11.7,546.0,2210.28,289.0,14,0.0,370.67,0,tripinfo_EastAveburyToWestA509.135 emissions_EastAveburyToWestA509.135,electric,0.92,0.0,0.0,0.0,0.0,0.0,0.0,0.0
EastAveburyToWestA509.149,1467.0,483_0,5.1,0.0,0.5,1895.0,774_2,29.75,12.6,428.0,2209.78,190.0,13,0.0,259.96,0,tripinfo_EastAveburyToWestA509.149 emissions_EastAveburyToWestA509.149,gasoline_euro4,0.95,43482.88286,1153039.345715,224.412249,23.542314,491.801024,367779.274526,0.0
EastAveburyToWestA509.80,880.0,483_0,4.6,0.0,0.0,1897.0,774_2,29.75,16.15,1017.0,2210.26,649.0,26,0.0,894.98,0,tripinfo_EastAveburyToWestA509.80 emissions_EastAveburyToWestA509.80,electric,1.32,0.0,0.0,0.0,0.0,0.0,0.0,0.0
EastAveburyToWestA509.125,1263.0,483_0,4.6,0.0,0.5,1898.0,774_0,29.75,11.88,635.0,2213.92,371.0,18,0.0,461.95,0,tripinfo_EastAveburyToWestA509.125 emissions_EastAveburyToWestA509.125,electric,0.93,0.0,0.0,0.0,0.0,0.0,0.0,0.0
EastAveburyToWestA509.139,1382.0,483_0,4.6,0.0,0.5,1899.0,774_2,29.75,13.37,517.0,2210.3,256.0,19,0.0,353.03,0,tripinfo_EastAveburyToWestA509.139 emissions_EastAveburyToWestA509.139,electric,0.98,0.0,0.0,0.0,0.0,0.0,0.0,0.0
EastAveburyToWestA509.153,1501.0,483_0,5.1,0.0,0.5,1900.0,774_2,29.75,13.17,399.0,2209.76,154.0,12,0.0,239.37,0,tripinfo_EastAveburyToWestA509.153 emissions_EastAveburyToWestA509.153,gasoline_euro4,1.01,39191.830343,1096861.180174,203.592584,22.18554,466.168251,349859.268822,0.0
WestH6ToSaxonSt.49,588.0,524_0,4.6,0.0,0.0,1902.0,771_1,56.88,12.49,1314.0,2570.37,946.0,19,0.0,1121.89,0,tripinfo_WestH6ToSaxonSt.49 emissions_WestH6ToSaxonSt.49,electric,0.98,0.0,0.0,0.0,0.0,0.0,0.0,0.0
WestH6ToSaxonSt.51,612.0,524_0,5.1,0.0,0.0,1903.0,771_1,56.88,15.07,1291.0,2569.86,950.0,20,0.0,1133.15,0,tripinfo_WestH6ToSaxonSt.51 emissions_WestH6ToSaxonSt.51,gasoline_euro4,1.19,182019.3765,3526940.707411,910.464862,82.256453,1572.526739,1124990.159512,0.0
WestH6ToSaxonSt.52,624.0,524_0,4.6,0.0,0.0,1905.0,771_1,56.88,15.04,1281.0,2570.36,935.0,18,0.0,1114.81,0,tripinfo_WestH6ToSaxonSt.52 emissions_WestH6ToSaxonSt.52,electric,1.14,0.0,0.0,0.0,0.0,0.0,0.0,0.0
WestH6ToSaxonSt.53,636.0,524_0,4.6,0.0,0.0,1907.0,771_1,56.88,14.75,1271.0,2570.34,917.0,19,0.0,1094.64,0,tripinfo_WestH6ToSaxonSt.53 emissions_WestH6ToSaxonSt.53,electric,1.07,0.0,0.0,0.0,0.0,0.0,0.0,0.0
WestH6ToSaxonSt.50,600.0,524_0,5.1,0.0,0.0,1908.0,771_1,56.88,13.97,1308.0,2569.87,943.0,22,0.0,1133.67,0,tripinfo_WestH6ToSaxonSt.50 emissions_WestH6ToSaxonSt.50,gasoline_euro4,1.08,182308.569937,3491210.150727,911.274037,81.328036,1557.829353,1113594.622663,0.0
V6ToEastH6.148,1776.0,468_0,4.6,0.0,0.0,1908.0,522_1,56.88,11.96,132.0,1507.63,0.0,0,0.0,12.92,0,tripinfo_V6ToEastH6.148 emissions_V6ToEastH6.148,electric,0.91,0.0,0.0,0.0,0.0,0.0,0.0,0.0
V6ToEastH6.149,1788.0,468_0,4.6,0.0,0.0,1924.0,522_0,56.88,11.09,136.0,1507.63,0.0,0,0.0,13.16,0,tripinfo_V6ToEastH6.149 emissions_V6ToEastH6.149,electric,0.89,0.0,0.0,0.0,0.0,0.0,0.0,0.0
V6ToEastH6.150,1800.0,468_0,4.6,0.0,0.0,1926.0,522_1,56.88,12.38,126.0,1507.63,0.0,0,0.0,13.08,0,tripinfo_V6ToEastH6.150 emissions_V6ToEastH6.150,electric,0.96,0.0,0.0,0.0,0.0,0.0,0.0,0.0
V6ToEastH6.151,1812.0,468_0,5.1,0.0,0.0,1946.0,522_1,56.88,11.92,134.0,1507.13,0.0,0,0.0,12.98,0,tripinfo_V6ToEastH6.151 emissions_V6ToEastH6.151,gasoline_euro4,0.9,4045.716454,339844.238234,26.125016,5.056631,131.715249,108395.102431,0.0
SouthEvansGateToSilbury.74,1332.0,526_0,4.6,0.0,0.0,1949.0,215_1,19.43,15.46,617.0,2705.63,337.0,12,0.0,447.87,0,tripinfo_SouthEvansGateToSilbury.74 emissions_SouthEvansGateToSilbury.74,electric,1.18,0.0,0.0,0.0,0.0,0.0,0.0,0.0
SouthEvansGateToSilbury.76,1368.0,526_0,4.6,0.0,0.0,1953.0,215_1,19.43,12.54,585.0,2705.63,279.0,10,0.0,376.04,0,tripinfo_SouthEvansGateToSilbury.76 emissions_SouthEvansGateToSilbury.76,electric,0.95,0.0,0.0,0.0,0.0,0.0,0.0,0.0
SouthEvansGateToSilbury.78,1404.0,526_0,5.1,0.0,0.0,1955.0,215_1,19.43,14.7,551.0,2705.13,269.0,9,0.0,366.07,0,tripinfo_SouthEvansGateToSilbury.78 emissions_SouthEvansGateToSilbury.78,gasoline_euro4,1.08,60074.228762,1538846.609201,308.393723,32.166273,658.948368,490838.766586,0.0
SouthEvansGateToSilbury.79,1422.0,526_0,4.6,0.0,0.0,1956.0,215_1,19.43,14.84,534.0,2705.63,269.0,8,0.0,353.88,0,tripinfo_SouthEvansGateToSilbury.79 emissions_SouthEvansGateToSilbury.79,electric,1.11,0.0,0.0,0.0,0.0,0.0,0.0,0.0
V6ToEastH6.152,1824.0,468_0,5.1,0.0,0.0,1956.0,522_1,56.88,12.24,132.0,1507.13,0.0,0,0.0,13.47,0,tripinfo_V6ToEastH6.152 emissions_V6ToEastH6.152,gasoline_euro4,0.92,4155.07792,351552.081278,26.830597,5.33624,136.762858,112129.243431,0.0
EastA509ToH6.62,1116.0,770_0,5.1,0.0,0.0,1958.0,522_1,56.88,13.52,842.0,3291.06,541.0,9,0.0,603.09,0,tripinfo_EastA509ToH6.62 emissions_EastA509ToH6.62,gasoline_euro4,1.0,102288.91975,2324250.898694,518.921492,50.485701,1009.952069,741360.715848,0.0
SouthEvansGateToSilbury.77,1386.0,526_0,4.6,0.0,0.0,1958.0,215_1,19.43,12.86,572.0,2705.65,282.0,13,0.0,372.77,0,tripinfo_SouthEvansGateToSilbury.77 emissions_SouthEvansGateToSilbury.77,electric,1.0,0.0,0.0,0.0,0.0,0.0,0.0,0.0
EastSilburyToEastAvebury.28,848.0,317_0,5.1,0.0,0.0,1960.0,213_1,19.13,14.71,1112.0,2987.08,748.0,21,0.0,908.39,0,tripinfo_EastSilburyToEastAvebury.28 emissions_EastSilburyToEastAvebury.28,gasoline_euro4,1.07,146709.774676,2979999.891168,736.417818,67.33628,1312.46827,950530.232851,0.0
EastSilburyToEastAvebury.32,912.0,317_0,5.1,0.0,0.0,1961.0,213_1,19.13,16.63,1049.0,2987.08,685.0,19,0.0,867.87,0,tripinfo_EastSilburyToEastAvebury.32 emissions_EastSilburyToEastAvebury.32,gasoline_euro4,1.2,138209.352688,2885782.519981,696.153007,65.703868,1275.076162,920474.679622,0.0
SouthEvansGateToSilbury.72,1296.0,526_0,5.1,0.0,0.0,1961.0,215_1,19.43,13.18,665.0,2705.15,363.0,11,0.0,465.15,0,tripinfo_SouthEvansGateToSilbury.72 emissions_SouthEvansGateToSilbury.72,gasoline_euro4,1.0,75952.91139,1788330.443902,386.979689,38.214251,773.746025,570418.414254,0.0
EastSilburyToEastAvebury.33,928.0,317_0,4.6,0.0,0.0,1963.0,213_1,19.13,15.25,1035.0,2992.69,653.0,19,0.0,838.09,0,tripinfo_EastSilburyToEastAvebury.33 emissions_EastSilburyToEastAvebury.33,electric,1.11,0.0,0.0,0.0,0.0,0.0,0.0,0.0
SouthEvansGateToSilbury.75,1350.0,526_0,5.1,0.0,0.0,1965.0,215_1,19.43,12.02,615.0,2705.15,292.0,11,0.0,391.38,0,tripinfo_SouthEvansGateToSilbury.75 emissions_SouthEvansGateToSilbury.75,gasoline_euro4,0.89,65681.910122,1609962.276226,336.317873,33.439576,692.007305,513524.193198,0.0
EastA509ToH6.60,1080.0,770_0,4.6,0.0,0.0,1969.0,522_0,56.88,10.66,889.0,3285.8,535.0,8,0.0,607.2,0,tripinfo_EastA509ToH6.60 emissions_EastA509ToH6.60,electric,0.85,0.0,0.0,0.0,0.0,0.0,0.0,0.0
EastA509ToH6.33,594.0,770_0,4.6,0.0,0.0,1972.0,522_1,56.88,11.73,1378.0,3285.8,969.0,30,0.0,1102.74,0,tripinfo_EastA509ToH6.33 emissions_EastA509ToH6.33,electric,0.87,0.0,0.0,0.0,0.0,0.0,0.0,0.0
EastAveburyToWestA509.152,1492.0,483_0,5.1,0.0,0.0,1975.0,774_1,29.75,13.73,483.0,2209.76,231.0,14,0.0,321.44,0,tripinfo_EastAveburyToWestA509.152 emissions_EastAveburyToWestA509.152,gasoline_euro4,0.99,51793.476456,1277688.428705,265.409136,26.830656,550.316162,407539.413027,0.0
V6ToEastH6.154,1848.0,468_0,4.6,0.0,0.0,1975.0,522_1,56.88,13.1,127.0,1507.63,0.0,0,0.0,15.21,0,tripinfo_V6ToEastH6.154 emissions_V6ToEastH6.154,electric,0.98,0.0,0.0,0.0,0.0,0.0,0.0,0.0
EastAveburyToWestA509.81,889.0,483_0,5.1,0.0,0.5,1983.0,774_2,29.75,13.4,1094.0,2209.74,740.0,26,0.0,939.2,0,tripinfo_EastAveburyToWestA509.81 emissions_EastAveburyToWestA509.81,gasoline_euro4,1.04,151089.255566,2943775.601617,756.524957,68.139922,1312.384143,938977.642226,0.0
EastAveburyToWestA509.159,1552.0,483_0,4.6,0.0,0.5,1984.0,774_1,29.75,12.06,432.0,2210.28,190.0,12,0.0,250.67,0,tripinfo_EastAveburyToWestA509.159 emissions_EastAveburyToWestA509.159,electric,0.89,0.0,0.0,0.0,0.0,0.0,0.0,0.0
EastAveburyToWestA509.150,1475.0,483_0,5.1,0.0,0.0,1985.0,774_2,29.75,14.18,510.0,2209.76,245.0,13,0.0,357.47,0,tripinfo_EastAveburyToWestA509.150 emissions_EastAveburyToWestA509.150,gasoline_euro4,1.06,56685.551216,1404930.505956,290.853878,30.020766,609.672228,448124.50316,0.0
V6ToEastH6.153,1836.0,468_0,4.6,0.0,0.0,1985.0,522_0,56.88,10.49,149.0,1507.63,0.0,0,0.0,12.31,0,tripinfo_V6ToEastH6.153 emissions_V6ToEastH6.153,electric,0.79,0.0,0.0,0.0,0.0,0.0,0.0,0.0
EastAveburyToWestA509.84,914.0,483_0,4.6,0.0,0.0,1986.0,774_2,29.75,14.29,1072.0,2210.24,721.0,25,0.0,921.56,0,tripinfo_EastAveburyToWestA509.84 emissions_EastAveburyToWestA509.84,electric,1.07,0.0,0.0,0.0,0.0,0.0,0.0,0.0
WestA509ToAvebury.32,576.0,773_0,5.1,0.0,0.0,1992.0,213_0,19.13,12.37,1416.0,2322.48,1068.0,23,0.0,1240.72,0,tripinfo_WestA509ToAvebury.32 emissions_WestA509ToAvebury.32,gasoline_euro4,0.96,199339.269389,3700045.440474,993.628192,86.799061,1655.997252,1180210.189757,0.0
EastAveburyToWestA509.160,1560.0,483_0,5.1,0.0,0.0,1992.0,774_1,29.75,12.52,432.0,2209.76,162.0,14,0.0,262.12,0,tripinfo_EastAveburyToWestA509.160 emissions_EastAveburyToWestA509.160,gasoline_euro4,0.95,42494.992638,1157280.146442,220.220626,23.507134,494.080792,369131.29058,0.0
WestH6ToSaxonSt.55,660.0,524_0,4.6,0.0,0.0,1993.0,771_1,56.88,14.35,1333.0,2570.36,974.0,20,0.0,1157.76,0,tripinfo_WestH6ToSaxonSt.55 emissions_WestH6ToSaxonSt.55,electric,1.07,0.0,0.0,0.0,0.0,0.0,0.0,0.0
WestA509ToAvebury.33,594.0,773_0,5.1,0.0,0.0,1995.0,213_0,19.13,13.23,1401.0,2317.34,1027.0,23,0.0,1230.47,0,tripinfo_WestA509ToAvebury.33 emissions_WestA509ToAvebury.33,gasoline_euro4,0.99,196989.190876,3676063.593038,982.633128,86.076614,1644.920406,1172560.140838,0.0
EastAveburyToWestA509.157,1535.0,483_0,5.1,0.0,0.5,2001.0,774_0,29.75,9.45,466.0,2213.39,197.0,10,0.0,251.03,0,tripinfo_EastAveburyToWestA509.157 emissions_EastAveburyToWestA509.157,gasoline_euro4,0.75,44807.159905,1155350.150619,230.809633,22.907212,491.187098,368517.759545,0.0
V6ToEastH6.155,1860.0,468_0,5.1,0.0,0.0,2001.0,522_0,56.88,11.02,141.0,1507.13,0.0,0,0.0,13.33,0,tripinfo_V6ToEastH6.155 emissions_V6ToEastH6.155,gasoline_euro4,0.85,4179.753711,355936.422858,27.097463,4.807176,134.98402,113528.306399,0.0
V6ToEastH6.156,1872.0,468_0,5.1,0.0,0.0,2002.0,522_1,56.88,13.54,130.0,1507.13,0.0,0,0.0,19.77,0,tripinfo_V6ToEastH6.156 emissions_V6ToEastH6.156,gasoline_euro4,0.99,4650.227585,385948.286976,29.777435,5.991347,150.339068,123099.99631,0.0
V6ToEastH6.157,1884.0,468_0,5.1,0.0,0.0,2003.0,522_1,56.88,15.32,119.0,1507.13,0.0,0,0.0,27.13,0,tripinfo_V6ToEastH6.157 emissions_V6ToEastH6.157,gasoline_euro4,1.18,5238.483289,402126.580013,32.813126,7.033531,161.577225,128259.423581,0.0
WestA509ToEastH6.38,1371.0,773_0,4.6,0.0,3.0,2020.0,522_1,56.88,13.15,649.0,3657.3,288.0,12,0.0,378.96,0,tripinfo_WestA509ToEastH6.38 emissions_WestA509ToEastH6.38,electric,0.98,0.0,0.0,0.0,0.0,0.0,0.0,0.0
V6ToEastH6.159,1908.0,468_0,5.1,0.0,0.0,2021.0,522_1,56.88,15.14,113.0,1507.13,0.0,0,0.0,15.39,0,tripinfo_V6ToEastH6.159 emissions_V6ToEastH6.159,gasoline_euro4,1.11,4473.154383,388111.177391,28.95716,6.460586,152.358621,123789.283097,0.0
V6ToEastH6.158,1896.0,468_0,5.1,0.0,0.0,2028.0,522_1,56.88,12.77,132.0,1507.13,0.0,0,0.0,14.59,0,tripinfo_V6ToEastH6.158 emissions_V6ToEastH6.158,gasoline_euro4,0.93,4069.629734,360431.475346,26.340662,5.190768,137.737415,114961.584655,0.0
EastSilburyToEastAvebury.34,944.0,317_0,5.1,0.0,0.0,2038.0,213_0,19.13,13.06,1094.0,2987.1,673.0,20,0.0,872.84,0,tripinfo_EastSilburyToEastAvebury.34 emissions_EastSilburyToEastAvebury.34,gasoline_euro4,0.99,138343.800211,2839900.919983,695.576829,63.735714,1250.945831,905842.365807,0.0
EastSilburyToEastAvebury.35,960.0,317_0,4.6,0.0,0.0,2038.0,213_1,19.13,14.06,1078.0,2987.59,697.0,20,0.0,868.92,0,tripinfo_EastSilburyToEastAvebury.35 emissions_EastSilburyToEastAvebury.35,electric,1.04,0.0,0.0,0.0,0.0,0.0,0.0,0.0
V6ToEastH6.160,1920.0,468_0,4.6,0.0,0.0,2038.0,522_1,56.88,14.42,118.0,1507.63,0.0,0,0.0,16.63,0,tripinfo_V6ToEastH6.160 emissions_V6ToEastH6.160,electric,1.08,0.0,0.0,0.0,0.0,0.0,0.0,0.0
SouthEvansGateToSilbury.80,1440.0,526_0,5.1,0.0,0.0,2039.0,215_1,19.43,12.45,599.0,2705.15,291.0,11,0.0,387.71,0,tripinfo_SouthEvansGateToSilbury.80 emissions_SouthEvansGateToSilbury.80,gasoline_euro4,0.95,64247.166162,1600854.750833,329.359985,33.272349,687.131362,510618.520028,0.0
SouthEvansGateToSilbury.82,1476.0,526_0,5.1,0.0,0.0,2040.0,215_1,19.43,13.63,564.0,2705.13,290.0,9,0.0,371.24,0,tripinfo_SouthEvansGateToSilbury.82 emissions_SouthEvansGateToSilbury.82,gasoline_euro4,1.03,61435.281983,1523480.518483,314.571981,32.115774,655.114968,485938.487003,0.0
EastSilburyToEastAvebury.30,880.0,317_0,5.1,0.0,0.0,2042.0,213_1,19.13,11.02,1162.0,2992.14,726.0,20,0.0,899.88,0,tripinfo_EastSilburyToEastAvebury.30 emissions_EastSilburyToEastAvebury.30,gasoline_euro4,0.83,146758.760891,2927026.156039,736.557203,65.722068,1292.437059,933635.211992,0.0
SouthEvansGateToSilbury.81,1458.0,526_0,5.1,0.0,0.0,2042.0,215_1,19.43,13.79,584.0,2705.13,302.0,8,0.0,394.37,0,tripinfo_SouthEvansGateToSilbury.81 emissions_SouthEvansGateToSilbury.81,gasoline_euro4,1.05,64901.704447,1606267.399726,332.488794,34.217969,693.293098,512344.371702,0.0
EastA509ToH6.35,630.0,770_0,4.6,0.0,0.0,2044.0,522_1,56.88,12.11,1414.0,3285.8,1012.0,37,0.0,1165.11,0,tripinfo_EastA509ToH6.35 emissions_EastA509ToH6.35,electric,0.96,0.0,0.0,0.0,0.0,0.0,0.0,0.0
EastA509ToH6.63,1134.0,770_0,5.1,0.0,0.0,2046.0,522_1,56.88,14.46,912.0,3288.34,607.0,11,0.0,687.48,0,tripinfo_EastA509ToH6.63 emissions_EastA509ToH6.63,gasoline_euro4,1.07,114875.111134,2547479.169544,582.178118,56.644251,1116.666528,812563.552123,0.0
EastSilburyToEastAvebury.36,992.0,317_0,4.6,0.0,16.0,2047.0,213_1,19.13,14.35,1055.0,2987.58,658.0,21,0.0,854.0,0,tripinfo_EastSilburyToEastAvebury.36 emissions_EastSilburyToEastAvebury.36,electric,1.08,0.0,0.0,0.0,0.0,0.0,0.0,0.0
EastSilburyToEastAvebury.38,1081.0,317_0,4.6,0.0,73.0,2049.0,213_1,19.13,16.21,968.0,2987.58,617.0,18,0.0,791.45,0,tripinfo_EastSilburyToEastAvebury.38 emissions_EastSilburyToEastAvebury.38,electric,1.24,0.0,0.0,0.0,0.0,0.0,0.0,0.0
EastSilburyToEastAvebury.37,1000.0,317_0,5.1,0.0,8.0,2050.0,213_1,19.13,15.67,1050.0,2992.19,690.0,19,0.0,857.12,0,tripinfo_EastSilburyToEastAvebury.37 emissions_EastSilburyToEastAvebury.37,gasoline_euro4,1.13,138052.335621,2849880.83027,694.417319,64.845251,1257.763722,909024.2733,0.0
EastA509ToH6.64,1152.0,770_0,5.1,0.0,0.0,2050.0,522_1,56.88,12.38,898.0,3288.34,572.0,15,0.0,651.24,0,tripinfo_EastA509ToH6.64 emissions_EastA509ToH6.64,gasoline_euro4,0.97,109185.539298,2424632.231541,552.957922,52.627225,1054.39126,773380.722778,0.0
V6ToEastH6.161,1932.0,468_0,4.6,0.0,0.0,2057.0,522_1,56.88,13.88,125.0,1507.63,0.0,0,0.0,19.66,0,tripinfo_V6ToEastH6.161 emissions_V6ToEastH6.161,electric,1.03,0.0,0.0,0.0,0.0,0.0,0.0,0.0
EastAveburyToWestA509.82,897.0,483_0,5.1,0.0,0.0,2067.0,774_1,29.75,12.04,1170.0,2209.76,827.0,19,0.0,996.77,0,tripinfo_EastAveburyToWestA509.82 emissions_EastAveburyToWestA509.82,gasoline_euro4,0.93,159937.100842,3009118.526566,798.333889,69.895334,1342.635358,959823.40308,0.0
EastAveburyToWestA509.131,1314.0,483_0,5.1,0.0,0.5,2067.0,774_2,29.75,13.14,753.0,2209.8,463.0,21,0.0,592.61,0,tripinfo_EastAveburyToWestA509.131 emissions_EastAveburyToWestA509.131,gasoline_euro4,1.0,96787.184768,2070731.251057,488.719299,46.305197,911.57213,660498.104604,0.0
EastAveburyToWestA509.133,1331.0,483_0,4.6,0.0,0.5,2069.0,774_2,29.75,14.09,738.0,2213.44,466.0,18,0.0,580.22,0,tripinfo_EastAveburyToWestA509.133 emissions_EastAveburyToWestA509.133,electric,1.02,0.0,0.0,0.0,0.0,0.0,0.0,0.0
EastAveburyToWestA509.137,1365.0,483_0,5.1,0.0,0.5,2071.0,774_2,29.75,14.0,706.0,2209.78,428.0,16,0.0,558.2,0,tripinfo_EastAveburyToWestA509.137 emissions_EastAveburyToWestA509.137,gasoline_euro4,1.09,89487.137641,1960381.41975,453.075031,44.114614,864.923892,625298.300084,0.0
EastAveburyToWestA509.138,1373.0,483_0,4.6,0.0,0.0,2072.0,774_2,29.75,14.91,699.0,2213.44,409.0,16,0.0,552.68,0,tripinfo_EastAveburyToWestA509.138 emissions_EastAveburyToWestA509.138,electric,1.1,0.0,0.0,0.0,0.0,0.0,0.0,0.0
EastAveburyToWestA509.141,1399.0,483_0,5.1,0.0,0.5,2074.0,774_2,29.75,15.69,675.0,2209.78,407.0,14,0.0,533.63,0,tripinfo_EastAveburyToWestA509.141 emissions_EastAveburyToWestA509.141,gasoline_euro4,1.14,85425.612615,1897156.157724,432.977355,42.530815,835.173864,605130.943891,0.0
WestH6ToSaxonSt.54,648.0,524_0,5.1,0.0,0.0,2076.0,771_1,56.88,13.34,1428.0,2569.87,1060.0,22,0.0,1237.85,0,tripinfo_WestH6ToSaxonSt.54 emissions_WestH6ToSaxonSt.54,gasoline_euro4,0.99,199989.899807,3750040.385428,997.596264,87.513039,1674.563064,1196156.418025,0.0
V6ToEastH6.162,1944.0,468_0,4.6,0.0,0.0,2097.0,522_0,56.88,10.11,153.0,1507.63,0.0,0,0.0,13.39,0,tripinfo_V6ToEastH6.162 emissions_V6ToEastH6.162,electric,0.78,0.0,0.0,0.0,0.0,0.0,0.0,0.0
V6ToEastH6.163,1956.0,468_0,4.6,0.0,0.0,2097.0,522_1,56.88,11.48,141.0,1507.63,0.0,0,0.0,16.23,0,tripinfo_V6ToEastH6.163 emissions_V6ToEastH6.163,electric,0.87,0.0,0.0,0.0,0.0,0.0,0.0,0.0
V6ToEastH6.164,1968.0,468_0,4.6,0.0,0.0,2099.0,522_0,56.88,15.0,131.0,1507.63,0.0,0,0.0,33.6,0,tripinfo_V6ToEastH6.164 emissions_V6ToEastH6.164,electric,1.12,0.0,0.0,0.0,0.0,0.0,0.0,0.0
V6ToEastH6.165,1980.0,468_0,5.1,0.0,0.0,2099.0,522_1,56.88,14.5,119.0,1507.13,0.0,0,0.0,21.02,0,tripinfo_V6ToEastH6.165 emissions_V6ToEastH6.165,gasoline_euro4,1.11,4890.671914,410749.379755,31.146081,6.83663,162.167688,131009.831571,0.0
V6ToEastH6.166,1992.0,468_0,5.1,0.0,0.0,2111.0,522_1,56.88,13.43,119.0,1507.13,0.0,0,0.0,15.27,0,tripinfo_V6ToEastH6.166 emissions_V6ToEastH6.166,gasoline_euro4,1.05,4004.509125,362279.458115,26.132317,5.671529,140.582684,115550.444063,0.0
EastSilburyToEastAvebury.39,1161.0,317_0,5.1,0.0,137.0,2126.0,213_0,19.13,13.28,965.0,2987.1,598.0,17,0.0,756.86,0,tripinfo_EastSilburyToEastAvebury.39 emissions_EastSilburyToEastAvebury.39,gasoline_euro4,1.05,121480.900015,2561020.176226,612.281028,57.400633,1126.053489,816885.927746,0.0
SouthEvansGateToSilbury.86,1548.0,526_0,5.1,0.0,0.0,2126.0,215_1,19.43,14.4,578.0,2705.13,287.0,12,0.0,385.12,0,tripinfo_SouthEvansGateToSilbury.86 emissions_SouthEvansGateToSilbury.86,gasoline_euro4,1.04,63413.916481,1602415.464517,325.034275,33.302164,685.78473,511115.780512,0.0
SouthEvansGateToSilbury.83,1494.0,526_0,4.6,0.0,0.0,2128.0,215_1,19.43,13.74,634.0,2705.68,344.0,13,0.0,444.72,0,tripinfo_SouthEvansGateToSilbury.83 emissions_SouthEvansGateToSilbury.83,electric,1.06,0.0,0.0,0.0,0.0,0.0,0.0,0.0
SouthEvansGateToSilbury.84,1512.0,526_0,4.6,0.0,0.0,2132.0,215_1,19.43,11.8,620.0,2705.62,288.0,11,0.0,394.72,0,tripinfo_SouthEvansGateToSilbury.84 emissions_SouthEvansGateToSilbury.84,electric,0.89,0.0,0.0,0.0,0.0,0.0,0.0,0.0
V6ToEastH6.167,2004.0,468_0,4.6,0.0,0.0,2136.0,522_1,56.88,12.14,132.0,1507.63,0.0,0,0.0,17.96,0,tripinfo_V6ToEastH6.167 emissions_V6ToEastH6.167,electric,0.95,0.0,0.0,0.0,0.0,0.0,0.0,0.0
V6ToEastH6.168,2016.0,468_0,5.1,0.0,0.0,2138.0,522_1,56.88,12.6,122.0,1507.13,0.0,0,0.0,11.28,0,tripinfo_V6ToEastH6.168 emissions_V6ToEastH6.168,gasoline_euro4,0.98,3440.622167,346144.163147,23.110916,4.913557,130.826909,110404.394958,0.0
EastAveburyToWestA509.120,1220.0,483_0,5.1,0.0,0.0,2144.0,774_2,29.75,15.16,924.0,2209.77,619.0,23,0.0,782.95,0,tripinfo_EastAveburyToWestA509.120 emissions_EastAveburyToWestA509.120,gasoline_euro4,1.14,124008.827457,2491423.342258,622.183181,57.342443,1105.99345,794688.5584,0.0
V6ToEastH6.169,2028.0,468_0,4.6,0.0,0.0,2145.0,522_1,56.88,14.53,117.0,1507.63,0.0,0,0.0,13.2,0,tripinfo_V6ToEastH6.169 emissions_V6ToEastH6.169,electric,1.05,0.0,0.0,0.0,0.0,0.0,0.0,0.0
EastAveburyToWestA509.87,940.0,483_0,5.1,0.0,0.5,2150.0,774_2,29.75,14.65,1210.0,2209.76,864.0,29,0.0,1058.45,0,tripinfo_EastAveburyToWestA509.87 emissions_EastAveburyToWestA509.87,gasoline_euro4,1.06,168403.801301,3191263.772478,841.135464,74.621863,1426.693332,1017921.189046,0.0
EastAveburyToWestA509.177,1705.0,483_0,5.1,0.0,0.5,2158.0,774_2,29.75,12.55,453.0,2209.76,221.0,13,0.0,292.13,0,tripinfo_EastAveburyToWestA509.177 emissions_EastAveburyToWestA509.177,gasoline_euro4,1.0,48544.563354,1260224.11261,249.699827,26.029096,539.080235,401967.752483,0.0
WestH6ToSaxonSt.56,672.0,524_0,4.6,0.0,0.0,2159.0,771_1,56.88,15.14,1487.0,2570.34,1123.0,26,0.0,1323.42,0,tripinfo_WestH6ToSaxonSt.56 emissions_WestH6ToSaxonSt.56,electric,1.16,0.0,0.0,0.0,0.0,0.0,0.0,0.0
EastAveburyToWestA509.127,1280.0,483_0,5.1,0.0,0.5,2167.0,774_2,29.75,12.81,887.0,2209.77,579.0,18,0.0,719.58,0,tripinfo_EastAveburyToWestA509.127 emissions_EastAveburyToWestA509.127,gasoline_euro4,0.96,115861.459449,2355833.534533,582.496929,53.533934,1044.20839,751439.379801,0.0
V6ToEastH6.170,2040.0,468_0,5.1,0.0,0.0,2170.0,522_1,56.88,12.29,130.0,1507.13,0.0,0,0.0,13.91,0,tripinfo_V6ToEastH6.170 emissions_V6ToEastH6.170,gasoline_euro4,0.94,3888.833064,340278.398409,25.193846,4.979993,130.555315,108533.602039,0.0
EastAveburyToWestA509.86,931.0,483_0,5.1,0.0,0.0,2171.0,774_0,29.75,10.08,1240.0,2209.74,856.0,25,0.0,1038.07,0,tripinfo_EastAveburyToWestA509.86 emissions_EastAveburyToWestA509.86,gasoline_euro4,0.8,167473.483635,3113980.157677,835.368932,72.216226,1391.084828,993272.526254,0.0
WestH6ToSaxonSt.57,684.0,524_0,5.1,0.0,0.0,2174.0,771_1,56.88,12.37,1490.0,2569.87,1103.0,21,0.0,1291.58,0,tripinfo_WestH6ToSaxonSt.57 emissions_WestH6ToSaxonSt.57,gasoline_euro4,0.95,208178.65573,3862664.049756,1037.892604,90.483953,1728.540155,1232081.140762,0.0
EastAveburyToWestA509.175,1688.0,483_0,4.6,0.0,0.5,2179.0,774_0,29.75,9.67,491.0,2210.26,207.0,16,0.0,277.87,0,tripinfo_EastAveburyToWestA509.175 emissions_EastAveburyToWestA509.175,electric,0.75,0.0,0.0,0.0,0.0,0.0,0.0,0.0
V6ToEastH6.171,2052.0,468_0,4.6,0.0,0.0,2183.0,522_1,56.88,12.63,131.0,1507.63,0.0,0,0.0,12.99,0,tripinfo_V6ToEastH6.171 emissions_V6ToEastH6.171,electric,0.92,0.0,0.0,0.0,0.0,0.0,0.0,0.0
V6ToEastH6.172,2064.0,468_0,5.1,0.0,0.0,2185.0,522_1,56.88,14.12,121.0,1507.13,0.0,0,0.0,18.04,0,tripinfo_V6ToEastH6.172 emissions_V6ToEastH6.172,gasoline_euro4,1.06,4287.848915,385725.587777,27.858663,6.067115,149.588629,123028.671419,0.0
V6ToEastH6.173,2076.0,468_0,5.1,0.0,0.0,2188.0,522_1,56.88,14.92,112.0,1507.13,0.0,0,0.0,14.6,0,tripinfo_V6ToEastH6.173 emissions_V6ToEastH6.173,gasoline_euro4,1.12,4425.316569,382934.729649,28.597022,6.449603,151.175026,122138.137071,0.0
V6ToEastH6.174,2088.0,468_0,4.6,0.0,0.0,2207.0,522_1,56.88,13.28,119.0,1507.63,0.0,0,0.0,14.19,0,tripinfo_V6ToEastH6.174 emissions_V6ToEastH6.174,electric,1.04,0.0,0.0,0.0,0.0,0.0,0.0,0.0
EastA509ToH6.37,666.0,770_0,4.6,0.0,0.0,2208.0,522_1,56.88,15.48,1542.0,3285.8,1168.0,33,0.0,1344.63,0,tripinfo_EastA509ToH6.37 emissions_EastA509ToH6.37,electric,1.21,0.0,0.0,0.0,0.0,0.0,0.0,0.0
EastSilburyToEastAvebury.40,1169.0,317_0,5.1,0.0,129.0,2215.0,213_1,19.13,12.59,1046.0,2994.31,614.0,23,0.0,807.24,0,tripinfo_EastSilburyToEastAvebury.40 emissions_EastSilburyToEastAvebury.40,gasoline_euro4,0.91,129300.039037,2699055.045346,651.422288,59.869868,1185.930095,860916.192224,0.0
SouthEvansGateToSilbury.87,1566.0,526_0,5.1,0.0,0.0,2215.0,215_1,19.43,12.86,649.0,2705.15,347.0,13,0.0,439.84,0,tripinfo_SouthEvansGateToSilbury.87 emissions_SouthEvansGateToSilbury.87,gasoline_euro4,0.95,72590.431376,1745927.096922,370.556524,36.637742,751.271955,556892.920198,0.0
EastSilburyToEastAvebury.42,1178.0,317_0,4.6,0.0,106.0,2216.0,213_0,19.13,11.61,1038.0,2987.54,625.0,20,0.0,783.85,0,tripinfo_EastSilburyToEastAvebury.42 emissions_EastSilburyToEastAvebury.42,electric,0.86,0.0,0.0,0.0,0.0,0.0,0.0,0.0
SouthEvansGateToSilbury.85,1530.0,526_0,4.6,0.0,0.0,2218.0,215_1,19.43,11.62,688.0,2705.57,357.0,13,0.0,461.8,0,tripinfo_SouthEvansGateToSilbury.85 emissions_SouthEvansGateToSilbury.85,electric,0.88,0.0,0.0,0.0,0.0,0.0,0.0,0.0
EastA509ToH6.36,648.0,770_0,5.1,0.0,0.0,2222.0,522_1,56.88,13.37,1574.0,3285.3,1181.0,36,0.0,1344.02,0,tripinfo_EastA509ToH6.36 emissions_EastA509ToH6.36,gasoline_euro4,1.04,221105.354076,4201102.534141,1104.030982,97.54443,1869.836718,1340031.282109,0.0
EastSilburyToEastAvebury.41,1175.0,317_0,4.6,0.0,119.0,2226.0,213_1,19.13,12.92,1051.0,2992.69,686.0,25,0.0,836.96,0,tripinfo_EastSilburyToEastAvebury.41 emissions_EastSilburyToEastAvebury.41,electric,1.02,0.0,0.0,0.0,0.0,0.0,0.0,0.0
EastSilburyToEastAvebury.44,1253.0,317_0,4.6,0.0,149.0,2227.0,213_1,19.13,13.02,974.0,2987.58,590.0,22,0.0,760.99,0,tripinfo_EastSilburyToEastAvebury.44 emissions_EastSilburyToEastAvebury.44,electric,1.02,0.0,0.0,0.0,0.0,0.0,0.0,0.0
V6ToEastH6.175,2100.0,468_0,4.6,0.0,0.0,2227.0,522_1,56.88,13.52,127.0,1507.63,0.0,0,0.0,15.72,0,tripinfo_V6ToEastH6.175 emissions_V6ToEastH6.175,electric,0.98,0.0,0.0,0.0,0.0,0.0,0.0,0.0
SouthEvansGateToSilbury.88,1584.0,526_0,5.1,0.0,0.0,2228.0,215_0,19.43,11.55,644.0,2705.15,297.0,13,0.0,406.98,0,tripinfo_SouthEvansGateToSilbury.88 emissions_SouthEvansGateToSilbury.88,gasoline_euro4,0.84,67953.044024,1634234.713074,347.395744,33.788559,702.350355,521267.243284,0.0
EastA509ToH6.69,1242.0,770_0,5.1,0.0,0.0,2229.0,522_1,56.88,13.87,987.0,3291.04,678.0,17,0.0,759.47,0,tripinfo_EastA509ToH6.69 emissions_EastA509ToH6.69,gasoline_euro4,1.05,126949.813737,2735030.403535,641.077906,61.036482,1198.914985,872388.416965,0.0
EastSilburyToEastAvebury.43,1249.0,317_0,4.6,0.0,161.0,2230.0,213_1,19.13,13.31,981.0,2987.58,600.0,20,0.0,765.55,0,tripinfo_EastSilburyToEastAvebury.43 emissions_EastSilburyToEastAvebury.43,electric,1.01,0.0,0.0,0.0,0.0,0.0,0.0,0.0
SouthEvansGateToSilbury.91,1638.0,526_0,5.1,0.0,0.0,2231.0,215_0,19.43,10.31,593.0,2705.2,243.0,13,0.0,339.27,0,tripinfo_SouthEvansGateToSilbury.91 emissions_SouthEvansGateToSilbury.91,gasoline_euro4,0.79,57845.875136,1453014.691808,297.117132,29.195553,619.807612,463463.258137,0.0
SouthEvansGateToSilbury.92,1656.0,526_0,4.6,0.0,0.0,2233.0,215_0,19.43,12.91,577.0,2705.63,263.0,12,0.0,394.54,0,tripinfo_SouthEvansGateToSilbury.92 emissions_SouthEvansGateToSilbury.92,electric,1.1,0.0,0.0,0.0,0.0,0.0,0.0,0.0
EastAveburyToWestA509.174,1679.0,483_0,5.1,0.0,0.0,2239.0,774_1,29.75,12.94,560.0,2209.76,309.0,18,0.0,399.13,0,tripinfo_EastAveburyToWestA509.174 emissions_EastAveburyToWestA509.174,gasoline_euro4,0.99,66094.358699,1522744.568994,335.766542,32.624872,659.163245,485706.065239,0.0
V6ToEastH6.176,2112.0,468_0,5.1,0.0,0.0,2240.0,522_1,56.88,13.68,128.0,1507.13,1.0,1,0.0,18.54,0,tripinfo_V6ToEastH6.176 emissions_V6ToEastH6.176,gasoline_euro4,0.99,4771.855489,379142.786775,30.001767,5.839079,147.081233,120929.532274,0.0
EastAveburyToWestA509.163,1586.0,483_0,4.6,0.0,0.5,2241.0,774_2,29.75,13.98,655.0,2210.28,394.0,15,0.0,500.0,0,tripinfo_EastAveburyToWestA509.163 emissions_EastAveburyToWestA509.163,electric,1.03,0.0,0.0,0.0,0.0,0.0,0.0,0.0
EastAveburyToWestA509.169,1637.0,483_0,5.1,0.0,0.5,2243.0,774_2,29.75,13.51,606.0,2209.76,341.0,22,0.0,446.11,0,tripinfo_EastAveburyToWestA509.169 emissions_EastAveburyToWestA509.169,gasoline_euro4,1.0,72601.722964,1627627.481012,367.997631,35.367969,707.878249,519161.000223,0.0
V6ToEastH6.177,2124.0,468_0,5.1,0.0,0.0,2243.0,522_1,56.88,13.75,119.0,1507.13,0.0,0,0.0,13.04,0,tripinfo_V6ToEastH6.177 emissions_V6ToEastH6.177,gasoline_euro4,1.03,3832.709401,353585.444923,25.016409,5.378172,136.009461,112777.581451,0.0
EastAveburyToWestA509.186,1781.0,483_0,5.1,0.0,0.0,2245.0,774_2,29.75,14.49,464.0,2209.76,246.0,12,0.0,317.04,0,tripinfo_EastAveburyToWestA509.186 emissions_EastAveburyToWestA509.186,gasoline_euro4,1.09,52547.84512,1321527.214123,269.771171,28.279819,571.873657,421521.259857,0.0
WestH6ToSaxonSt.59,708.0,524_0,4.6,0.0,0.0,2247.0,771_1,56.88,15.61,1539.0,2570.34,1173.0,24,0.0,1377.32,0,tripinfo_WestH6ToSaxonSt.59 emissions_WestH6ToSaxonSt.59,electric,1.17,0.0,0.0,0.0,0.0,0.0,0.0,0.0
EastAveburyToWestA509.190,1815.0,483_0,4.6,0.0,0.0,2248.0,774_2,29.75,13.24,433.0,2213.42,215.0,8,0.0,272.84,0,tripinfo_EastAveburyToWestA509.190 emissions_EastAveburyToWestA509.190,electric,1.0,0.0,0.0,0.0,0.0,0.0,0.0,0.0
V6ToEastH6.178,2136.0,468_0,5.1,0.0,0.0,2252.0,522_1,56.88,14.93,116.0,1507.13,0.0,0,0.0,17.34,0,tripinfo_V6ToEastH6.178 emissions_V6ToEastH6.178,gasoline_euro4,1.1,4501.173474,393263.785159,29.061721,6.374126,153.290959,125432.881603,0.0
WestH6ToSaxonSt.58,696.0,524_0,5.1,0.0,0.0,2253.0,771_1,56.88,13.9,1557.0,2569.84,1185.0,21,0.0,1370.62,0,tripinfo_WestH6ToSaxonSt.58 emissions_WestH6ToSaxonSt.58,gasoline_euro4,1.01,221187.883328,4083685.508928,1102.089428,96.087742,1828.722781,1302581.012699,0.0
EastAveburyToWestA509.189,1807.0,483_0,5.1,0.0,0.5,2255.0,774_1,29.75,11.8,448.0,2209.78,220.0,8,0.0,270.04,0,tripinfo_EastAveburyToWestA509.189 emissions_EastAveburyToWestA509.189,gasoline_euro4,0.9,46234.757217,1174763.104481,237.280997,23.76139,498.80758,374709.974163,0.0
EastAveburyToWestA509.179,1722.0,483_0,4.6,0.0,0.5,2257.0,774_2,29.75,11.74,535.0,2210.26,273.0,13,0.0,361.02,0,tripinfo_EastAveburyToWestA509.179 emissions_EastAveburyToWestA509.179,electric,0.92,0.0,0.0,0.0,0.0,0.0,0.0,0.0
V6ToEastH6.179,2148.0,468_0,5.1,0.0,0.0,2280.0,522_1,56.88,11.66,132.0,1507.13,0.0,0,0.0,12.33,0,tripinfo_V6ToEastH6.179 emissions_V6ToEastH6.179,gasoline_euro4,0.91,3954.221214,354164.461668,25.736954,5.036616,134.989223,112962.750817,0.0
V6ToEastH6.180,2160.0,468_0,5.1,0.0,0.0,2295.0,522_1,56.88,12.77,135.0,1507.13,2.0,1,0.0,20.82,0,tripinfo_V6ToEastH6.180 emissions_V6ToEastH6.180,gasoline_euro4,0.95,4690.218661,374351.224249,29.398509,5.368846,142.734967,119401.685579,0.0
V6ToEastH6.181,2172.0,468_0,5.1,0.0,0.0,2297.0,522_1,56.88,13.49,125.0,1507.13,0.0,0,0.0,16.79,0,tripinfo_V6ToEastH6.181 emissions_V6ToEastH6.181,gasoline_euro4,1.01,4640.309482,390405.306984,29.861522,6.244461,153.300553,124521.324816,0.0
V6ToEastH6.182,2184.0,468_0,5.1,0.0,0.0,2299.0,522_1,56.88,14.62,115.0,1507.13,0.0,0,0.0,14.19,0,tripinfo_V6ToEastH6.182 emissions_V6ToEastH6.182,gasoline_euro4,1.09,4086.932584,377168.784824,26.772824,6.012884,146.660811,120299.297224,0.0
SouthEvansGateToSilbury.89,1602.0,526_0,5.1,0.0,0.0,2302.0,215_0,19.43,13.22,700.0,2705.16,334.0,15,0.0,506.62,0,tripinfo_SouthEvansGateToSilbury.89 emissions_SouthEvansGateToSilbury.89,gasoline_euro4,1.03,77310.213136,1829221.211318,394.761622,39.667075,799.158821,583460.112485,0.0
SouthEvansGateToSilbury.90,1620.0,526_0,5.1,0.0,0.0,2302.0,215_1,19.43,12.77,682.0,2705.1,327.0,16,0.0,483.5,0,tripinfo_SouthEvansGateToSilbury.90 emissions_SouthEvansGateToSilbury.90,gasoline_euro4,1.0,76013.457685,1820151.802199,388.617097,39.211045,793.373631,580567.004618,0.0
SouthEvansGateToSilbury.93,1674.0,526_0,4.6,0.0,0.0,2308.0,215_0,19.43,13.09,634.0,2705.68,327.0,10,0.0,426.18,0,tripinfo_SouthEvansGateToSilbury.93 emissions_SouthEvansGateToSilbury.93,electric,0.96,0.0,0.0,0.0,0.0,0.0,0.0,0.0
EastA509ToH6.65,1170.0,770_0,5.1,0.0,0.0,2309.0,522_1,56.88,12.48,1139.0,3288.34,805.0,18,0.0,887.2,0,tripinfo_EastA509ToH6.65 emissions_EastA509ToH6.65,gasoline_euro4,0.95,148792.843695,3050343.300171,747.994288,68.62451,1343.698304,972967.137361,0.0
SouthEvansGateToSilbury.95,1710.0,526_0,5.1,0.0,0.0,2310.0,215_0,19.43,13.38,600.0,2705.15,292.0,9,0.0,396.31,0,tripinfo_SouthEvansGateToSilbury.95 emissions_SouthEvansGateToSilbury.95,gasoline_euro4,0.98,64901.619365,1606088.674675,332.606614,33.822365,692.59133,512287.723137,0.0
EastA509ToH6.39,702.0,770_0,4.6,0.0,0.0,2311.0,522_1,56.88,15.96,1609.0,3285.8,1221.0,31,0.0,1406.94,0,tripinfo_EastA509ToH6.39 emissions_EastA509ToH6.39,electric,1.18,0.0,0.0,0.0,0.0,0.0,0.0,0.0
SouthEvansGateToSilbury.96,1728.0,526_0,5.1,0.0,0.0,2311.0,215_0,19.43,14.45,583.0,2705.16,278.0,11,0.0,393.0,0,tripinfo_SouthEvansGateToSilbury.96 emissions_SouthEvansGateToSilbury.96,gasoline_euro4,1.05,63341.706034,1614400.577805,325.28769,33.931817,694.827565,514937.782375,0.0
EastSilburyToEastAvebury.47,1342.0,317_0,5.1,0.0,190.0,2316.0,213_1,19.13,13.35,974.0,2987.08,583.0,23,0.0,748.37,0,tripinfo_EastSilburyToEastAvebury.47 emissions_EastSilburyToEastAvebury.47,gasoline_euro4,0.97,121628.830837,2552955.205709,612.809588,56.751241,1120.281448,814314.319611,0.0
EastSilburyToEastAvebury.45,1255.0,317_0,4.6,0.0,135.0,2318.0,213_1,19.13,13.81,1063.0,2986.97,645.0,23,0.0,844.37,0,tripinfo_EastSilburyToEastAvebury.45 emissions_EastSilburyToEastAvebury.45,electric,1.0,0.0,0.0,0.0,0.0,0.0,0.0,0.0
SouthEvansGateToSilbury.94,1692.0,526_0,4.6,0.0,0.0,2318.0,215_0,19.43,13.43,626.0,2705.63,319.0,15,0.0,426.71,0,tripinfo_SouthEvansGateToSilbury.94 emissions_SouthEvansGateToSilbury.94,electric,1.01,0.0,0.0,0.0,0.0,0.0,0.0,0.0
EastAveburyToWestA509.191,1824.0,483_0,4.6,0.0,0.5,2327.0,774_2,29.75,12.99,503.0,2210.26,282.0,10,0.0,341.83,0,tripinfo_EastAveburyToWestA509.191 emissions_EastAveburyToWestA509.191,electric,1.0,0.0,0.0,0.0,0.0,0.0,0.0,0.0
EastA509ToH6.70,1260.0,770_0,4.6,0.0,0.0,2330.0,522_1,56.88,13.95,1070.0,3288.84,730.0,22,0.0,837.61,0,tripinfo_EastA509ToH6.70 emissions_EastA509ToH6.70,electric,1.03,0.0,0.0,0.0,0.0,0.0,0.0,0.0
EastAveburyToWestA509.194,1849.0,483_0,5.1,0.0,0.0,2330.0,774_1,29.75,13.1,481.0,2209.76,263.0,12,0.0,317.58,0,tripinfo_EastAveburyToWestA509.194 emissions_EastAveburyToWestA509.194,gasoline_euro4,0.98,53468.741151,1333460.344275,273.988431,27.834482,572.058805,425328.631551,0.0
EastAveburyToWestA509.192,1832.0,483_0,5.1,0.0,0.0,2331.0,774_2,29.75,14.09,499.0,2209.76,271.0,12,0.0,351.93,0,tripinfo_EastAveburyToWestA509.192 emissions_EastAveburyToWestA509.192,gasoline_euro4,1.09,57507.485685,1428077.332702,294.837093,30.629153,619.141237,455507.392071,0.0
EastA509ToH6.34,612.0,770_0,5.1,0.0,0.0,2332.0,522_0,56.88,9.56,1720.0,3285.28,1244.0,37,0.0,1404.9,0,tripinfo_EastA509ToH6.34 emissions_EastA509ToH6.34,gasoline_euro4,0.76,234603.078844,4363488.294567,1170.093402,100.254998,1942.141269,1391831.752071,0.0
WestH6ToSaxonSt.60,720.0,524_0,5.1,0.0,0.0,2332.0,771_1,56.88,14.88,1612.0,2569.86,1221.0,24,0.0,1445.05,0,tripinfo_WestH6ToSaxonSt.60 emissions_WestH6ToSaxonSt.60,gasoline_euro4,1.13,231851.239396,4277126.443293,1155.155589,101.21559,1917.58304,1364282.716739,0.0
EastAveburyToWestA509.195,1858.0,483_0,5.1,0.0,0.5,2333.0,774_2,29.75,13.55,475.0,2209.76,239.0,15,0.0,324.76,0,tripinfo_EastAveburyToWestA509.195 emissions_EastAveburyToWestA509.195,gasoline_euro4,1.07,52865.117574,1344909.281021,271.519825,28.482146,580.759567,428979.203881,0.0
V6ToEastH6.183,2196.0,468_0,4.6,0.0,0.0,2333.0,522_1,56.88,11.68,137.0,1507.63,0.0,0,0.0,18.46,0,tripinfo_V6ToEastH6.183 emissions_V6ToEastH6.183,electric,0.92,0.0,0.0,0.0,0.0,0.0,0.0,0.0
V6ToEastH6.184,2208.0,468_0,5.1,0.0,0.0,2334.0,522_1,56.88,13.16,126.0,1507.13,0.0,0,0.0,13.1,0,tripinfo_V6ToEastH6.184 emissions_V6ToEastH6.184,gasoline_euro4,0.96,4081.484353,365784.207279,26.678837,5.510367,141.30663,116668.566041,0.0
EastAveburyToWestA509.161,1569.0,483_0,4.6,0.0,0.5,2335.0,774_2,29.75,14.19,766.0,2210.26,479.0,24,0.0,616.87,0,tripinfo_EastAveburyToWestA509.161 emissions_EastAveburyToWestA509.161,electric,1.08,0.0,0.0,0.0,0.0,0.0,0.0,0.0
WestA509ToAvebury.35,630.0,773_0,5.1,0.0,0.0,2345.0,213_0,19.13,12.91,1715.0,2317.34,1310.0,27,0.0,1543.32,0,tripinfo_WestA509ToAvebury.35 emissions_WestA509ToAvebury.35,gasoline_euro4,0.98,246627.427453,4450302.00776,1226.791935,105.832281,2002.560318,1419523.543486,0.0
WestA509ToAvebury.34,612.0,773_0,4.6,0.0,0.0,2348.0,213_0,19.13,11.31,1736.0,2322.98,1328.0,28,0.0,1545.84,0,tripinfo_WestA509ToAvebury.34 emissions_WestA509ToAvebury.34,electric,0.89,0.0,0.0,0.0,0.0,0.0,0.0,0.0
V6ToEastH6.185,2220.0,468_0,5.1,0.0,0.0,2348.0,522_1,56.88,12.37,128.0,1507.13,0.0,0,0.0,15.93,0,tripinfo_V6ToEastH6.185 emissions_V6ToEastH6.185,gasoline_euro4,0.97,4440.228288,364856.349093,28.285001,5.694026,142.408368,116372.605552,0.0
WestA509ToAvebury.36,648.0,773_0,4.6,0.0,0.0,2350.0,213_0,19.13,14.27,1702.0,2323.03,1288.0,25,0.0,1541.56,0,tripinfo_WestA509ToAvebury.36 emissions_WestA509ToAvebury.36,electric,1.06,0.0,0.0,0.0,0.0,0.0,0.0,0.0
EastAveburyToWestA509.136,1356.0,483_0,5.1,0.0,0.0,2350.0,774_0,29.75,9.86,994.0,2209.77,648.0,24,0.0,790.64,0,tripinfo_EastAveburyToWestA509.136 emissions_EastAveburyToWestA509.136,gasoline_euro4,0.79,129791.591034,2506852.468641,649.523299,56.922356,1111.603049,799614.003851,0.0
V6ToEastH6.186,2232.0,468_0,4.6,0.0,0.0,2359.0,522_1,56.88,13.26,127.0,1507.63,0.0,0,0.0,13.78,0,tripinfo_V6ToEastH6.186 emissions_V6ToEastH6.186,electric,0.96,0.0,0.0,0.0,0.0,0.0,0.0,0.0
WestA509ToEastH6.39,1407.0,773_0,5.1,0.0,3.0,2369.0,522_1,56.88,12.56,962.0,3656.8,590.0,15,0.0,695.21,0,tripinfo_WestA509ToEastH6.39 emissions_WestA509ToEastH6.39,gasoline_euro4,0.99,115882.907719,2613681.94443,588.077088,56.982039,1138.28667,833680.157749,0.0
WestA509ToEastH6.40,1443.0,773_0,5.1,0.0,3.0,2376.0,522_1,56.88,12.19,933.0,3656.8,544.0,13,0.0,651.26,0,tripinfo_WestA509ToEastH6.40 emissions_WestA509ToEastH6.40,gasoline_euro4,0.94,108626.729212,2502738.948483,552.164599,53.325962,1082.311919,798292.824845,0.0
V6ToEastH6.187,2244.0,468_0,5.1,0.0,0.0,2388.0,522_0,56.88,10.74,144.0,1507.13,0.0,0,0.0,12.67,0,tripinfo_V6ToEastH6.187 emissions_V6ToEastH6.187,gasoline_euro4,0.83,4190.678704,339215.97087,26.788408,4.725404,129.810753,108195.167268,0.0
V6ToEastH6.188,2256.0,468_0,4.6,0.0,0.0,2388.0,522_1,56.88,11.91,132.0,1507.63,0.0,0,0.0,11.73,0,tripinfo_V6ToEastH6.188 emissions_V6ToEastH6.188,electric,0.9,0.0,0.0,0.0,0.0,0.0,0.0,0.0
EastSilburyToEastAvebury.46,1262.0,317_0,4.6,0.0,126.0,2390.0,213_0,19.13,13.55,1128.0,2994.83,690.0,26,0.0,915.47,0,tripinfo_EastSilburyToEastAvebury.46 emissions_EastSilburyToEastAvebury.46,electric,1.03,0.0,0.0,0.0,0.0,0.0,0.0,0.0
EastSilburyToEastAvebury.48,1347.0,317_0,5.1,0.0,179.0,2390.0,213_1,19.13,14.69,1043.0,2987.08,638.0,22,0.0,842.1,0,tripinfo_EastSilburyToEastAvebury.48 emissions_EastSilburyToEastAvebury.48,gasoline_euro4,1.09,134846.079989,2825178.073215,679.721018,63.945462,1248.741452,901143.801852,0.0
SouthEvansGateToSilbury.99,1782.0,526_0,4.6,0.0,0.0,2390.0,215_1,19.43,12.91,608.0,2705.63,294.0,12,0.0,406.03,0,tripinfo_SouthEvansGateToSilbury.99 emissions_SouthEvansGateToSilbury.99,electric,0.99,0.0,0.0,0.0,0.0,0.0,0.0,0.0
SouthEvansGateToSilbury.97,1746.0,526_0,5.1,0.0,0.0,2392.0,215_1,19.43,14.04,646.0,2705.1,335.0,12,0.0,451.26,0,tripinfo_SouthEvansGateToSilbury.97 emissions_SouthEvansGateToSilbury.97,gasoline_euro4,1.02,74104.632502,1792878.43775,378.626211,38.476892,777.603957,571867.509891,0.0
V6ToEastH6.189,2268.0,468_0,4.6,0.0,0.0,2393.0,522_1,56.88,13.04,125.0,1507.63,0.0,0,0.0,13.04,0,tripinfo_V6ToEastH6.189 emissions_V6ToEastH6.189,electric,0.97,0.0,0.0,0.0,0.0,0.0,0.0,0.0
SouthEvansGateToSilbury.98,1764.0,526_0,5.1,0.0,0.0,2395.0,215_1,19.43,11.56,631.0,2705.15,317.0,10,0.0,408.05,0,tripinfo_SouthEvansGateToSilbury.98 emissions_SouthEvansGateToSilbury.98,gasoline_euro4,0.9,68668.654753,1657991.152915,350.959297,34.60308,713.341942,528844.289889,0.0
SouthEvansGateToSilbury.101,1818.0,526_0,4.6,0.0,0.0,2397.0,215_1,19.43,14.26,579.0,2705.63,274.0,11,0.0,392.55,0,tripinfo_SouthEvansGateToSilbury.101 emissions_SouthEvansGateToSilbury.101,electric,1.07,0.0,0.0,0.0,0.0,0.0,0.0,0.0
SouthEvansGateToSilbury.103,1854.0,526_0,5.1,0.0,0.0,2398.0,215_1,19.43,15.01,544.0,2705.13,260.0,8,0.0,374.29,0,tripinfo_SouthEvansGateToSilbury.103 emissions_SouthEvansGateToSilbury.103,gasoline_euro4,1.17,59320.058107,1550938.926092,306.104774,32.861549,668.93296,494694.53555,0.0
V6ToEastH6.190,2280.0,468_0,5.1,0.0,0.0,2400.0,522_1,56.88,13.22,120.0,1507.13,0.0,0,0.0,12.55,0,tripinfo_V6ToEastH6.190 emissions_V6ToEastH6.190,gasoline_euro4,1.01,3936.16202,348323.434897,25.623764,5.516428,135.559437,111099.132111,0.0
SouthEvansGateToSilbury.100,1800.0,526_0,4.6,0.0,0.0,2401.0,215_1,19.43,12.2,601.0,2705.65,294.0,10,0.0,389.99,0,tripinfo_SouthEvansGateToSilbury.100 emissions_SouthEvansGateToSilbury.100,electric,0.95,0.0,0.0,0.0,0.0,0.0,0.0,0.0
EastSilburyToEastAvebury.50,1427.0,317_0,5.1,0.0,227.0,2402.0,213_1,19.13,12.63,975.0,2987.09,605.0,23,0.0,757.6,0,tripinfo_EastSilburyToEastAvebury.50 emissions_EastSilburyToEastAvebury.50,gasoline_euro4,1.0,123178.723642,2581622.627226,620.360835,57.388543,1132.019001,823458.484088,0.0
EastSilburyToEastAvebury.49,1352.0,317_0,5.1,0.0,168.0,2404.0,213_1,19.13,14.41,1052.0,2992.19,672.0,21,0.0,843.26,0,tripinfo_EastSilburyToEastAvebury.49 emissions_EastSilburyToEastAvebury.49,gasoline_euro4,1.05,136561.701927,2817895.563612,686.618448,63.417239,1240.299666,898822.714128,0.0
EastSilburyToEastAvebury.52,1519.0,317_0,4.6,0.0,287.0,2406.0,213_1,19.13,13.5,887.0,2983.85,518.0,19,0.0,673.24,0,tripinfo_EastSilburyToEastAvebury.52 emissions_EastSilburyToEastAvebury.52,electric,1.02,0.0,0.0,0.0,0.0,0.0,0.0,0.0
EastAveburyToWestA509.129,1297.0,483_0,4.6,0.0,0.5,2416.0,774_1,29.75,13.07,1119.0,2194.47,847.0,20,0.0,957.12,0,tripinfo_EastAveburyToWestA509.129 emissions_EastAveburyToWestA509.129,electric,0.98,0.0,0.0,0.0,0.0,0.0,0.0,0.0
EastAveburyToWestA509.164,1594.0,483_0,5.1,0.0,0.0,2417.0,774_2,29.75,14.01,823.0,2209.78,565.0,15,0.0,670.02,0,tripinfo_EastAveburyToWestA509.164 emissions_EastAveburyToWestA509.164,gasoline_euro4,1.05,110197.923955,2280361.217348,554.736896,51.899976,1009.90434,727364.710461,0.0
EastAveburyToWestA509.196,1866.0,483_0,4.6,0.0,0.0,2419.0,774_2,29.75,15.24,553.0,2210.26,329.0,12,0.0,413.71,0,tripinfo_EastAveburyToWestA509.196 emissions_EastAveburyToWestA509.196,electric,1.15,0.0,0.0,0.0,0.0,0.0,0.0,0.0
EastAveburyToWestA509.197,1875.0,483_0,4.6,0.0,0.5,2423.0,774_1,29.75,13.38,548.0,2210.28,317.0,11,0.0,383.19,0,tripinfo_EastAveburyToWestA509.197 emissions_EastAveburyToWestA509.197,electric,0.98,0.0,0.0,0.0,0.0,0.0,0.0,0.0
EastAveburyToWestA509.156,1526.0,483_0,5.1,0.0,0.0,2424.0,774_2,29.75,12.86,898.0,2209.76,610.0,24,0.0,737.81,0,tripinfo_EastAveburyToWestA509.156 emissions_EastAveburyToWestA509.156,gasoline_euro4,1.0,121493.541053,2404922.186081,608.878601,55.025635,1065.304293,767098.941318,0.0
V6ToEastH6.191,2292.0,468_0,4.6,0.0,0.0,2425.0,522_1,56.88,12.51,133.0,1507.63,0.0,0,0.0,16.98,0,tripinfo_V6ToEastH6.191 emissions_V6ToEastH6.191,electric,0.94,0.0,0.0,0.0,0.0,0.0,0.0,0.0
V6ToEastH6.192,2304.0,468_0,4.6,0.0,0.0,2428.0,522_1,56.88,13.32,124.0,1507.63,0.0,0,0.0,13.1,0,tripinfo_V6ToEastH6.192 emissions_V6ToEastH6.192,electric,0.98,0.0,0.0,0.0,0.0,0.0,0.0,0.0
WestH6ToSaxonSt.63,756.0,524_0,4.6,0.0,0.0,2433.0,771_1,56.88,13.33,1677.0,2570.37,1273.0,22,0.0,1487.83,0,tripinfo_WestH6ToSaxonSt.63 emissions_WestH6ToSaxonSt.63,electric,1.0,0.0,0.0,0.0,0.0,0.0,0.0,0.0
V6ToEastH6.193,2316.0,468_0,5.1,0.0,0.0,2444.0,522_1,56.88,12.85,128.0,1507.13,0.0,0,0.0,14.75,0,tripinfo_V6ToEastH6.193 emissions_V6ToEastH6.193,gasoline_euro4,0.96,4093.522844,364720.497399,26.572339,5.360728,139.820726,116329.461211,0.0
WestH6ToSaxonSt.62,744.0,524_0,5.1,0.0,0.0,2447.0,771_1,56.88,11.8,1703.0,2569.84,1280.0,26,0.0,1484.05,0,tripinfo_WestH6ToSaxonSt.62 emissions_WestH6ToSaxonSt.62,gasoline_euro4,0.86,239735.449206,4369117.487103,1193.815378,102.761189,1959.679255,1393627.700427,0.0
V6ToEastH6.194,2328.0,468_0,5.1,0.0,0.0,2454.0,522_1,56.88,14.0,126.0,1507.13,1.0,1,0.0,20.82,0,tripinfo_V6ToEastH6.194 emissions_V6ToEastH6.194,gasoline_euro4,1.04,5025.356773,394560.588374,31.406408,6.34623,154.426465,125846.829339,0.0
V6ToEastH6.195,2340.0,468_0,5.1,0.0,0.0,2466.0,522_1,56.88,12.31,126.0,1507.13,0.0,0,0.0,13.81,0,tripinfo_V6ToEastH6.195 emissions_V6ToEastH6.195,gasoline_euro4,0.97,3831.096771,343346.365218,24.758911,5.082481,131.441753,109512.021965,0.0
EastA509ToH6.56,1008.0,770_0,5.1,0.0,0.0,2470.0,522_1,56.88,15.17,1462.0,3285.26,1085.0,33,0.0,1257.2,0,tripinfo_EastA509ToH6.56 emissions_EastA509ToH6.56,gasoline_euro4,1.17,208666.993802,4059002.869223,1043.746148,94.412729,1804.014327,1294702.261741,0.0
SouthEvansGateToSilbury.102,1836.0,526_0,5.1,0.0,0.0,2479.0,215_1,19.43,14.1,643.0,2705.13,331.0,12,0.0,450.55,0,tripinfo_SouthEvansGateToSilbury.102 emissions_SouthEvansGateToSilbury.102,gasoline_euro4,1.04,73322.489312,1771310.772084,374.689716,37.988469,767.838523,564988.280611,0.0
SouthEvansGateToSilbury.106,1908.0,526_0,4.6,0.0,0.0,2481.0,215_1,19.43,13.54,573.0,2705.63,271.0,9,0.0,374.89,0,tripinfo_SouthEvansGateToSilbury.106 emissions_SouthEvansGateToSilbury.106,electric,1.01,0.0,0.0,0.0,0.0,0.0,0.0,0.0
V6ToEastH6.196,2352.0,468_0,5.1,0.0,0.0,2482.0,522_1,56.88,12.95,130.0,1507.13,0.0,0,0.0,13.67,0,tripinfo_V6ToEastH6.196 emissions_V6ToEastH6.196,gasoline_euro4,0.94,4143.26255,362621.725862,27.0249,5.408849,140.221226,115659.985887,0.0
SouthEvansGateToSilbury.105,1890.0,526_0,4.6,0.0,0.0,2483.0,215_1,19.43,13.48,593.0,2705.68,285.0,9,0.0,393.88,0,tripinfo_SouthEvansGateToSilbury.105 emissions_SouthEvansGateToSilbury.105,electric,1.0,0.0,0.0,0.0,0.0,0.0,0.0,0.0
SouthEvansGateToSilbury.104,1872.0,526_0,4.6,0.0,0.0,2484.0,215_1,19.43,14.1,612.0,2705.68,314.0,12,0.0,433.06,0,tripinfo_SouthEvansGateToSilbury.104 emissions_SouthEvansGateToSilbury.104,electric,1.11,0.0,0.0,0.0,0.0,0.0,0.0,0.0
EastSilburyToEastAvebury.51,1438.0,317_0,5.1,0.0,222.0,2493.0,213_1,19.13,12.76,1055.0,2992.19,669.0,24,0.0,827.52,0,tripinfo_EastSilburyToEastAvebury.51 emissions_EastSilburyToEastAvebury.51,gasoline_euro4,0.96,134177.739329,2741052.291178,673.983803,61.278814,1204.760208,874313.402269,0.0
V6ToEastH6.197,2364.0,468_0,4.6,0.0,0.0,2493.0,522_1,56.88,13.18,129.0,1507.63,0.0,0,0.0,17.46,0,tripinfo_V6ToEastH6.197 emissions_V6ToEastH6.197,electric,0.97,0.0,0.0,0.0,0.0,0.0,0.0,0.0
V6ToEastH6.198,2376.0,468_0,4.6,0.0,0.0,2495.0,522_1,56.88,14.47,119.0,1507.63,0.0,0,0.0,17.86,0,tripinfo_V6ToEastH6.198 emissions_V6ToEastH6.198,electric,1.08,0.0,0.0,0.0,0.0,0.0,0.0,0.0
EastAveburyToWestA509.198,1883.0,483_0,4.6,0.0,0.0,2497.0,774_2,29.75,15.9,614.0,2210.26,394.0,13,0.0,473.9,0,tripinfo_EastAveburyToWestA509.198 emissions_EastAveburyToWestA509.198,electric,1.15,0.0,0.0,0.0,0.0,0.0,0.0,0.0
EastAveburyToWestA509.151,1484.0,483_0,5.1,0.0,0.5,2506.0,774_2,29.75,12.76,1022.0,2209.8,741.0,17,0.0,861.42,0,tripinfo_EastAveburyToWestA509.151 emissions_EastAveburyToWestA509.151,gasoline_euro4,1.0,140741.254242,2743560.699417,704.318178,63.210686,1219.408727,875115.360665,0.0
V6ToEastH6.199,2388.0,468_0,5.1,0.0,0.0,2506.0,522_1,56.88,13.17,118.0,1507.13,0.0,0,0.0,12.66,0,tripinfo_V6ToEastH6.199 emissions_V6ToEastH6.199,gasoline_euro4,1.03,4046.258902,363645.132702,26.250465,5.715214,141.185867,115986.005684,0.0
EastAveburyToWestA509.193,1841.0,483_0,5.1,0.0,0.5,2507.0,774_2,29.75,13.28,666.0,2209.76,429.0,19,0.0,509.97,0,tripinfo_EastAveburyToWestA509.193 emissions_EastAveburyToWestA509.193,gasoline_euro4,1.03,84283.39839,1825520.463775,425.967221,40.534456,800.039911,582283.348014,0.0
EastAveburyToWestA509.126,1271.0,483_0,4.6,0.0,0.0,2509.0,774_2,29.75,14.31,1238.0,2210.25,939.0,24,0.0,1091.7,0,tripinfo_EastAveburyToWestA509.126 emissions_EastAveburyToWestA509.126,electric,1.1,0.0,0.0,0.0,0.0,0.0,0.0,0.0
V6ToEastH6.200,2400.0,468_0,5.1,0.0,0.0,2512.0,522_1,56.88,15.0,112.0,1507.13,0.0,0,0.0,15.3,0,tripinfo_V6ToEastH6.200 emissions_V6ToEastH6.200,gasoline_euro4,1.13,4244.496482,378658.679673,27.12141,6.112544,147.114387,120774.449147,0.0
EastAveburyToWestA509.200,1900.0,483_0,5.1,0.0,0.0,2516.0,774_0,29.75,12.08,616.0,2213.42,372.0,16,0.0,437.2,0,tripinfo_EastAveburyToWestA509.200 emissions_EastAveburyToWestA509.200,gasoline_euro4,0.9,73806.233759,1653256.429047,374.5074,35.943247,721.11914,527335.791149,0.0
EastAveburyToWestA509.90,965.0,483_0,5.1,0.0,0.0,2519.0,774_2,29.75,13.51,1554.0,2209.76,1163.0,46,0.0,1392.36,0,tripinfo_EastAveburyToWestA509.90 emissions_EastAveburyToWestA509.90,gasoline_euro4,0.99,223535.336022,4063357.692085,1112.809022,96.330277,1826.985395,1296098.285413,0.0
EastAveburyToWestA509.123,1246.0,483_0,5.1,0.0,0.5,2519.0,774_1,29.75,11.52,1273.0,2209.79,956.0,26,0.0,1094.55,0,tripinfo_EastAveburyToWestA509.123 emissions_EastAveburyToWestA509.123,gasoline_euro4,0.9,177651.274966,3305580.761207,885.934573,77.145843,1477.682942,1054387.256487,0.0
WestH6ToSaxonSt.64,768.0,524_0,4.6,0.0,0.0,2520.0,771_1,56.88,12.81,1752.0,2570.37,1361.0,25,0.0,1550.27,0,tripinfo_WestH6ToSaxonSt.64 emissions_WestH6ToSaxonSt.64,electric,0.94,0.0,0.0,0.0,0.0,0.0,0.0,0.0
V6ToEastH6.201,2412.0,468_0,5.1,0.0,0.0,2523.0,522_1,56.88,14.6,111.0,1507.13,0.0,0,0.0,14.6,0,tripinfo_V6ToEastH6.201 emissions_V6ToEastH6.201,gasoline_euro4,1.13,4440.655793,388041.70958,28.798164,6.548938,153.410493,123766.994395,0.0
V6ToEastH6.202,2424.0,468_0,4.6,0.0,0.0,2525.0,522_1,56.88,17.87,101.0,1507.63,0.0,0,0.0,16.84,0,tripinfo_V6ToEastH6.202 emissions_V6ToEastH6.202,electric,1.3,0.0,0.0,0.0,0.0,0.0,0.0,0.0
WestH6ToSaxonSt.61,732.0,524_0,4.6,0.0,0.0,2528.0,771_1,56.88,10.58,1796.0,2570.34,1341.0,28,0.0,1564.79,0,tripinfo_WestH6ToSaxonSt.61 emissions_WestH6ToSaxonSt.61,electric,0.82,0.0,0.0,0.0,0.0,0.0,0.0,0.0
WestH6ToSaxonSt.65,780.0,524_0,5.1,0.0,0.0,2533.0,771_1,56.88,11.61,1753.0,2569.84,1335.0,24,0.0,1548.59,0,tripinfo_WestH6ToSaxonSt.65 emissions_WestH6ToSaxonSt.65,gasoline_euro4,0.92,249487.786686,4520610.731223,1241.453458,106.87735,2030.11063,1441950.192147,0.0
WestH6ToSaxonSt.67,804.0,524_0,4.6,0.0,0.0,2534.0,771_1,56.88,14.41,1730.0,2570.33,1322.0,25,0.0,1560.06,0,tripinfo_WestH6ToSaxonSt.67 emissions_WestH6ToSaxonSt.67,electric,1.11,0.0,0.0,0.0,0.0,0.0,0.0,0.0
SouthEvansGateToSilbury.109,1962.0,526_0,4.6,0.0,0.0,2565.0,215_1,19.43,14.77,603.0,2705.63,278.0,12,0.0,422.05,0,tripinfo_SouthEvansGateToSilbury.109 emissions_SouthEvansGateToSilbury.109,electric,1.1,0.0,0.0,0.0,0.0,0.0,0.0,0.0
EastA509ToH6.80,1440.0,770_0,5.1,0.0,0.0,2570.0,522_0,56.88,17.45,1130.0,3288.32,796.0,18,0.0,947.04,0,tripinfo_EastA509ToH6.80 emissions_EastA509ToH6.80,gasoline_euro4,1.31,152714.376581,3215581.498421,770.442277,73.617256,1423.733737,1025669.112826,0.0
V6ToEastH6.203,2436.0,468_0,5.1,0.0,0.0,2571.0,522_1,56.88,11.53,135.0,1507.13,0.0,0,0.0,13.23,0,tripinfo_V6ToEastH6.203 emissions_V6ToEastH6.203,gasoline_euro4,0.89,3734.303684,338806.819475,24.498553,4.622141,128.026664,108064.546289,0.0
EastSilburyToEastAvebury.54,1527.0,317_0,5.1,0.0,263.0,2577.0,213_1,19.13,13.63,1050.0,2987.08,689.0,23,0.0,843.49,0,tripinfo_EastSilburyToEastAvebury.54 emissions_EastSilburyToEastAvebury.54,gasoline_euro4,1.06,137191.954177,2826472.057997,689.838168,63.753734,1244.813046,901558.377436,0.0
SouthEvansGateToSilbury.107,1926.0,526_0,4.6,0.0,0.0,2580.0,215_0,19.43,9.88,654.0,2705.68,295.0,8,0.0,379.54,0,tripinfo_SouthEvansGateToSilbury.107 emissions_SouthEvansGateToSilbury.107,electric,0.73,0.0,0.0,0.0,0.0,0.0,0.0,0.0
SouthEvansGateToSilbury.112,2016.0,526_0,4.6,0.0,0.0,2582.0,215_0,19.43,13.35,566.0,2705.66,269.0,13,0.0,402.66,0,tripinfo_SouthEvansGateToSilbury.112 emissions_SouthEvansGateToSilbury.112,electric,1.22,0.0,0.0,0.0,0.0,0.0,0.0,0.0
EastA509ToH6.71,1278.0,770_0,5.1,0.0,0.0,2583.0,522_0,56.88,11.4,1305.0,3285.3,915.0,27,0.0,1021.07,0,tripinfo_EastA509ToH6.71 emissions_EastA509ToH6.71,gasoline_euro4,0.84,171000.965908,3386399.304647,857.609891,76.241982,1494.932725,1080162.408429,0.0
V6ToEastH6.204,2448.0,468_0,4.6,0.0,0.0,2584.0,522_1,56.88,12.3,136.0,1507.63,0.0,0,0.0,17.15,0,tripinfo_V6ToEastH6.204 emissions_V6ToEastH6.204,electric,0.92,0.0,0.0,0.0,0.0,0.0,0.0,0.0
EastA509ToH6.76,1368.0,770_0,5.1,0.0,0.0,2585.0,522_1,56.88,11.83,1217.0,3288.34,850.0,17,0.0,959.75,0,tripinfo_EastA509ToH6.76 emissions_EastA509ToH6.76,gasoline_euro4,0.93,158651.154011,3239873.775812,797.570196,72.712329,1427.76163,1033422.145179,0.0
EastAveburyToWestA509.94,999.0,483_0,5.1,0.0,0.0,2586.0,774_2,29.75,14.67,1587.0,2209.76,1200.0,46,0.0,1441.66,0,tripinfo_EastAveburyToWestA509.94 emissions_EastAveburyToWestA509.94,gasoline_euro4,1.11,232397.586002,4217548.920135,1156.277545,100.177067,1894.889167,1345281.057569,0.0
V6ToEastH6.205,2460.0,468_0,5.1,0.0,0.0,2587.0,522_1,56.88,12.59,127.0,1507.13,0.0,0,0.0,18.17,0,tripinfo_V6ToEastH6.205 emissions_V6ToEastH6.205,gasoline_euro4,1.0,4275.964272,360657.976207,27.300919,5.539633,139.734886,115033.551587,0.0
EastA509ToH6.57,1026.0,770_0,5.1,0.0,0.0,2589.0,522_1,56.88,13.37,1563.0,3285.3,1140.0,33,0.0,1325.6,0,tripinfo_EastA509ToH6.57 emissions_EastA509ToH6.57,gasoline_euro4,1.01,217649.461165,4178388.82438,1088.127291,96.693384,1859.795649,1332785.115197,0.0
EastAveburyToWestA509.207,1963.0,483_0,5.1,0.0,3.5,2589.0,774_1,29.75,15.84,626.0,2213.4,387.0,15,0.0,495.1,0,tripinfo_EastAveburyToWestA509.207 emissions_EastAveburyToWestA509.207,gasoline_euro4,1.23,79205.657402,1794941.641567,402.430775,40.032475,788.399681,572527.116267,0.0
EastAveburyToWestA509.91,974.0,483_0,5.1,0.0,0.5,2594.0,774_2,29.75,12.39,1620.0,2209.78,1229.0,42,0.0,1456.67,0,tripinfo_EastAveburyToWestA509.91 emissions_EastAveburyToWestA509.91,gasoline_euro4,0.98,235582.833698,4237759.680833,1171.371524,100.587999,1904.799782,1351729.139697,0.0
EastAveburyToWestA509.208,1968.0,483_0,4.6,0.0,0.0,2596.0,774_2,29.75,14.1,628.0,2210.28,382.0,17,0.0,479.77,0,tripinfo_EastAveburyToWestA509.208 emissions_EastAveburyToWestA509.208,electric,1.09,0.0,0.0,0.0,0.0,0.0,0.0,0.0
EastAveburyToWestA509.96,1016.0,483_0,5.1,0.0,0.0,2597.0,774_2,29.75,13.26,1581.0,2209.76,1157.0,50,0.0,1423.34,0,tripinfo_EastAveburyToWestA509.96 emissions_EastAveburyToWestA509.96,gasoline_euro4,1.02,227896.406446,4116722.024928,1133.568894,97.70398,1850.60813,1313120.820339,0.0
EastAveburyToWestA509.162,1577.0,483_0,5.1,0.0,0.0,2601.0,774_1,29.75,12.41,1024.0,2209.78,709.0,34,0.0,860.71,0,tripinfo_EastAveburyToWestA509.162 emissions_EastAveburyToWestA509.162,gasoline_euro4,0.98,139533.83277,2744272.525772,699.202664,63.301583,1221.460691,875341.493527,0.0
V6ToEastH6.206,2472.0,468_0,5.1,0.0,0.0,2603.0,522_1,56.88,13.53,131.0,1507.13,2.0,1,0.0,19.38,0,tripinfo_V6ToEastH6.206 emissions_V6ToEastH6.206,gasoline_euro4,0.98,4857.663913,380798.576701,30.45772,5.934879,148.436369,121457.606956,0.0
WestH6ToSaxonSt.66,792.0,524_0,5.1,0.0,0.0,2604.0,771_1,56.88,13.12,1812.0,2569.87,1383.0,30,0.0,1622.12,0,tripinfo_WestH6ToSaxonSt.66 emissions_WestH6ToSaxonSt.66,gasoline_euro4,0.99,259522.485143,4705545.763544,1291.399775,111.579901,2114.952244,1500938.850089,0.0
WestH6ToSaxonSt.68,816.0,524_0,5.1,0.0,0.0,2605.0,771_1,56.88,15.91,1789.0,2569.86,1385.0,24,0.0,1639.51,0,tripinfo_WestH6ToSaxonSt.68 emissions_WestH6ToSaxonSt.68,gasoline_euro4,1.26,261011.333384,4783953.795636,1300.163622,114.122294,2151.519812,1525946.379148,0.0
V6ToEastH6.207,2484.0,468_0,5.1,0.0,0.0,2605.0,522_1,56.88,13.14,121.0,1507.13,0.0,0,0.0,12.26,0,tripinfo_V6ToEastH6.207 emissions_V6ToEastH6.207,gasoline_euro4,1.0,3735.874317,357036.793287,24.660175,5.270348,136.50973,113878.50033,0.0
WestA509ToAvebury.37,666.0,773_0,5.1,0.0,0.0,2608.0,213_0,19.13,14.81,1942.0,2317.34,1528.0,32,0.0,1793.34,0,tripinfo_WestA509ToAvebury.37 emissions_WestA509ToAvebury.37,gasoline_euro4,1.13,286137.916856,5113436.865907,1421.887747,122.433249,2303.868721,1631046.099492,0.0
WestH6ToSaxonSt.69,828.0,524_0,5.1,0.0,0.0,2608.0,771_1,56.88,12.65,1780.0,2569.87,1350.0,26,0.0,1582.32,0,tripinfo_WestH6ToSaxonSt.69 emissions_WestH6ToSaxonSt.69,gasoline_euro4,0.95,254484.607798,4610021.336149,1266.515898,109.379687,2072.830295,1470469.295959,0.0
V6ToEastH6.208,2496.0,468_0,5.1,0.0,0.0,2612.0,522_1,56.88,14.62,116.0,1507.13,0.0,0,0.0,17.51,0,tripinfo_V6ToEastH6.208 emissions_V6ToEastH6.208,gasoline_euro4,1.11,4423.006955,397325.729684,28.51873,6.307635,153.771453,126728.496785,0.0
V6ToEastH6.210,2520.0,468_0,4.6,0.0,0.0,2640.0,522_1,56.88,13.65,120.0,1507.63,0.0,0,0.0,13.06,0,tripinfo_V6ToEastH6.210 emissions_V6ToEastH6.210,electric,1.02,0.0,0.0,0.0,0.0,0.0,0.0,0.0
V6ToEastH6.209,2508.0,468_0,5.1,0.0,0.0,2648.0,522_0,56.88,11.55,140.0,1507.13,0.0,0,0.0,14.12,0,tripinfo_V6ToEastH6.209 emissions_V6ToEastH6.209,gasoline_euro4,0.87,4225.54269,350009.192072,27.189531,4.941743,134.237361,111637.589481,0.0
SouthEvansGateToSilbury.110,1980.0,526_0,4.6,0.0,0.0,2654.0,215_1,19.43,13.32,674.0,2705.63,364.0,13,0.0,478.59,0,tripinfo_SouthEvansGateToSilbury.110 emissions_SouthEvansGateToSilbury.110,electric,1.02,0.0,0.0,0.0,0.0,0.0,0.0,0.0
SouthEvansGateToSilbury.108,1944.0,526_0,4.6,0.0,0.0,2656.0,215_0,19.43,11.56,712.0,2705.71,376.0,13,0.0,490.36,0,tripinfo_SouthEvansGateToSilbury.108 emissions_SouthEvansGateToSilbury.108,electric,0.9,0.0,0.0,0.0,0.0,0.0,0.0,0.0
SouthEvansGateToSilbury.111,1998.0,526_0,5.1,0.0,0.0,2658.0,215_1,19.43,11.88,660.0,2705.15,339.0,13,0.0,429.49,0,tripinfo_SouthEvansGateToSilbury.111 emissions_SouthEvansGateToSilbury.111,gasoline_euro4,0.87,71537.845776,1690160.239349,364.952862,35.148026,726.977728,539106.26858,0.0
SouthEvansGateToSilbury.113,2034.0,526_0,4.6,0.0,0.0,2660.0,215_1,19.43,13.5,626.0,2705.63,336.0,8,0.0,431.77,0,tripinfo_SouthEvansGateToSilbury.113 emissions_SouthEvansGateToSilbury.113,electric,1.03,0.0,0.0,0.0,0.0,0.0,0.0,0.0
SouthEvansGateToSilbury.115,2070.0,526_0,5.1,0.0,0.0,2661.0,215_1,19.43,15.77,591.0,2705.13,308.0,8,0.0,421.14,0,tripinfo_SouthEvansGateToSilbury.115 emissions_SouthEvansGateToSilbury.115,gasoline_euro4,1.17,67011.69093,1674473.850313,344.020637,36.032257,725.768486,534099.062623,0.0
V6ToEastH6.211,2532.0,468_0,5.1,0.0,0.0,2662.0,522_1,56.88,12.75,130.0,1507.13,0.0,0,0.0,12.53,0,tripinfo_V6ToEastH6.211 emissions_V6ToEastH6.211,gasoline_euro4,0.93,3811.952038,354900.49688,25.124156,4.9972,134.813027,113197.467503,0.0
EastSilburyToEastAvebury.53,1524.0,317_0,4.6,0.0,276.0,2665.0,213_1,19.13,13.64,1141.0,2992.69,762.0,24,0.0,929.45,0,tripinfo_EastSilburyToEastAvebury.53 emissions_EastSilburyToEastAvebury.53,electric,1.03,0.0,0.0,0.0,0.0,0.0,0.0,0.0
EastA509ToH6.82,1476.0,770_0,5.1,0.0,0.0,2666.0,522_0,56.88,11.92,1190.0,3291.06,832.0,14,0.0,917.97,0,tripinfo_EastA509ToH6.82 emissions_EastA509ToH6.82,gasoline_euro4,0.88,153196.023038,3115427.948729,770.192289,69.601313,1371.348771,993728.466007,0.0
EastA509ToH6.77,1386.0,770_0,4.6,0.0,0.0,2667.0,522_1,56.88,12.87,1281.0,3285.8,909.0,19,0.0,1032.65,0,tripinfo_EastA509ToH6.77 emissions_EastA509ToH6.77,electric,0.96,0.0,0.0,0.0,0.0,0.0,0.0,0.0
EastSilburyToEastAvebury.56,1602.0,317_0,4.6,0.0,306.0,2668.0,213_1,19.13,13.18,1066.0,2987.58,666.0,25,0.0,847.27,0,tripinfo_EastSilburyToEastAvebury.56 emissions_EastSilburyToEastAvebury.56,electric,1.0,0.0,0.0,0.0,0.0,0.0,0.0,0.0
EastA509ToH6.79,1422.0,770_0,4.6,0.0,0.0,2669.0,522_1,56.88,13.81,1247.0,3285.8,880.0,20,0.0,1022.08,0,tripinfo_EastA509ToH6.79 emissions_EastA509ToH6.79,electric,1.07,0.0,0.0,0.0,0.0,0.0,0.0,0.0
EastSilburyToEastAvebury.57,1619.0,317_0,4.6,0.0,307.0,2670.0,213_1,19.13,14.27,1051.0,2987.58,639.0,21,0.0,842.51,0,tripinfo_EastSilburyToEastAvebury.57 emissions_EastSilburyToEastAvebury.57,electric,1.05,0.0,0.0,0.0,0.0,0.0,0.0,0.0
EastAveburyToWestA509.188,1798.0,483_0,5.1,0.0,0.0,2676.0,774_2,29.75,13.92,878.0,2209.76,630.0,18,0.0,725.15,0,tripinfo_EastAveburyToWestA509.188 emissions_EastAveburyToWestA509.188,gasoline_euro4,1.05,119028.95299,2388056.54122,597.073877,54.669894,1057.380324,761718.215156,0.0
V6ToEastH6.212,2544.0,468_0,5.1,0.0,0.0,2677.0,522_1,56.88,11.58,133.0,1507.13,0.0,0,0.0,14.82,0,tripinfo_V6ToEastH6.212 emissions_V6ToEastH6.212,gasoline_euro4,0.92,3987.283257,355970.898672,25.896866,4.997656,135.315112,113538.990644,0.0
V6ToEastH6.213,2556.0,468_0,5.1,0.0,0.0,2679.0,522_1,56.88,13.04,123.0,1507.13,0.0,0,0.0,15.46,0,tripinfo_V6ToEastH6.213 emissions_V6ToEastH6.213,gasoline_euro4,1.01,3979.956275,360049.41671,25.944703,5.484652,138.869619,114839.334485,0.0
EastAveburyToWestA509.216,2064.0,483_0,5.1,0.0,28.0,2680.0,774_2,29.75,12.87,616.0,2209.76,387.0,13,0.0,457.43,0,tripinfo_EastAveburyToWestA509.216 emissions_EastAveburyToWestA509.216,gasoline_euro4,1.01,76487.360513,1709154.159623,387.708077,37.6183,746.795552,545165.000452,0.0
V6ToEastH6.214,2568.0,468_0,5.1,0.0,0.0,2686.0,522_1,56.88,13.45,118.0,1507.13,0.0,0,0.0,14.56,0,tripinfo_V6ToEastH6.214 emissions_V6ToEastH6.214,gasoline_euro4,1.05,4021.333624,369274.416921,26.498423,5.808934,143.344077,117781.478494,0.0
EastAveburyToWestA509.134,1339.0,483_0,4.6,0.0,0.0,2688.0,774_2,29.75,14.03,1349.0,2210.27,1023.0,21,0.0,1191.43,0,tripinfo_EastAveburyToWestA509.134 emissions_EastAveburyToWestA509.134,electric,1.02,0.0,0.0,0.0,0.0,0.0,0.0,0.0
EastAveburyToWestA509.214,2042.0,483_0,5.1,0.0,23.0,2688.0,774_1,29.75,11.94,646.0,2209.78,388.0,16,0.0,469.95,0,tripinfo_EastAveburyToWestA509.214 emissions_EastAveburyToWestA509.214,gasoline_euro4,0.91,77844.504954,1709463.990816,393.898178,37.038679,744.290421,545265.335268,0.0
EastAveburyToWestA509.140,1390.0,483_0,5.1,0.0,0.0,2691.0,774_2,29.75,12.8,1301.0,2209.77,981.0,25,0.0,1138.46,0,tripinfo_EastAveburyToWestA509.140 emissions_EastAveburyToWestA509.140,gasoline_euro4,0.99,184104.616705,3452698.543999,919.000933,81.277542,1548.735919,1101311.894783,0.0
WestH6ToSaxonSt.71,852.0,524_0,5.1,0.0,0.0,2693.0,771_1,56.88,14.4,1841.0,2569.86,1415.0,26,0.0,1670.77,0,tripinfo_WestH6ToSaxonSt.71 emissions_WestH6ToSaxonSt.71,gasoline_euro4,1.11,267172.560122,4857668.18489,1329.521373,115.559994,2184.299222,1549460.796159,0.0
V6ToEastH6.215,2580.0,468_0,4.6,0.0,0.0,2700.0,522_1,56.88,13.98,120.0,1507.63,0.0,0,0.0,13.93,0,tripinfo_V6ToEastH6.215 emissions_V6ToEastH6.215,electric,1.03,0.0,0.0,0.0,0.0,0.0,0.0,0.0
EastAveburyToWestA509.173,1671.0,483_0,4.6,0.0,0.5,2702.0,774_0,29.75,10.1,1031.0,2210.28,702.0,21,0.0,826.3,0,tripinfo_EastAveburyToWestA509.173 emissions_EastAveburyToWestA509.173,electric,0.79,0.0,0.0,0.0,0.0,0.0,0.0,0.0
V6ToEastH6.216,2592.0,468_0,4.6,0.0,0.0,2717.0,522_1,56.88,12.46,125.0,1507.63,0.0,0,0.0,11.08,0,tripinfo_V6ToEastH6.216 emissions_V6ToEastH6.216,electric,0.96,0.0,0.0,0.0,0.0,0.0,0.0,0.0
V6ToEastH6.217,2604.0,468_0,4.6,0.0,0.0,2721.0,522_1,56.88,13.71,117.0,1507.63,0.0,0,0.0,12.9,0,tripinfo_V6ToEastH6.217 emissions_V6ToEastH6.217,electric,1.05,0.0,0.0,0.0,0.0,0.0,0.0,0.0
EastSilburyToEastAvebury.59,1700.0,317_0,4.6,0.0,356.0,2741.0,213_0,19.13,15.61,1041.0,2987.6,636.0,22,0.0,848.1,0,tripinfo_EastSilburyToEastAvebury.59 emissions_EastSilburyToEastAvebury.59,electric,1.13,0.0,0.0,0.0,0.0,0.0,0.0,0.0
EastSilburyToEastAvebury.60,1703.0,317_0,5.1,0.0,343.0,2742.0,213_1,19.13,14.43,1039.0,2992.19,640.0,22,0.0,839.96,0,tripinfo_EastSilburyToEastAvebury.60 emissions_EastSilburyToEastAvebury.60,gasoline_euro4,1.1,133912.92269,2788749.454771,674.220535,62.934964,1229.527934,889524.965899,0.0
SouthEvansGateToSilbury.114,2052.0,526_0,4.6,0.0,0.0,2743.0,215_1,19.43,13.99,691.0,2705.63,385.0,13,0.0,498.61,0,tripinfo_SouthEvansGateToSilbury.114 emissions_SouthEvansGateToSilbury.114,electric,1.04,0.0,0.0,0.0,0.0,0.0,0.0,0.0
SouthEvansGateToSilbury.117,2106.0,526_0,5.1,0.0,0.0,2745.0,215_1,19.43,13.97,639.0,2705.13,346.0,10,0.0,440.54,0,tripinfo_SouthEvansGateToSilbury.117 emissions_SouthEvansGateToSilbury.117,gasoline_euro4,1.01,71285.084364,1702016.457145,363.329701,36.07899,733.668088,542886.792602,0.0
EastSilburyToEastAvebury.55,1530.0,317_0,4.6,0.0,250.0,2746.0,213_0,19.13,10.14,1216.0,2987.55,773.0,26,0.0,948.03,0,tripinfo_EastSilburyToEastAvebury.55 emissions_EastSilburyToEastAvebury.55,electric,0.81,0.0,0.0,0.0,0.0,0.0,0.0,0.0
EastSilburyToEastAvebury.58,1693.0,317_0,5.1,0.0,365.0,2746.0,213_1,19.13,12.0,1053.0,2981.36,641.0,22,0.0,806.75,0,tripinfo_EastSilburyToEastAvebury.58 emissions_EastSilburyToEastAvebury.58,gasoline_euro4,0.88,130929.522201,2686632.021457,658.690326,59.771125,1181.448842,856954.858069,0.0
SouthEvansGateToSilbury.116,2088.0,526_0,4.6,0.0,0.0,2747.0,215_1,19.43,14.13,659.0,2705.68,356.0,14,0.0,464.14,0,tripinfo_SouthEvansGateToSilbury.116 emissions_SouthEvansGateToSilbury.116,electric,1.03,0.0,0.0,0.0,0.0,0.0,0.0,0.0
V6ToEastH6.218,2616.0,468_0,4.6,0.0,0.0,2747.0,522_1,56.88,12.48,131.0,1507.63,0.0,0,0.0,16.54,0,tripinfo_V6ToEastH6.218 emissions_V6ToEastH6.218,electric,0.95,0.0,0.0,0.0,0.0,0.0,0.0,0.0
SouthEvansGateToSilbury.119,2142.0,526_0,5.1,0.0,0.0,2749.0,215_1,19.43,12.85,607.0,2705.15,323.0,9,0.0,402.26,0,tripinfo_SouthEvansGateToSilbury.119 emissions_SouthEvansGateToSilbury.119,gasoline_euro4,0.97,67034.061599,1635164.488273,342.78993,34.397443,703.761409,521562.630191,0.0
V6ToEastH6.219,2628.0,468_0,4.6,0.0,0.0,2749.0,522_1,56.88,14.68,121.0,1507.63,0.0,0,0.0,18.55,0,tripinfo_V6ToEastH6.219 emissions_V6ToEastH6.219,electric,1.07,0.0,0.0,0.0,0.0,0.0,0.0,0.0
EastSilburyToEastAvebury.61,1706.0,317_0,4.6,0.0,330.0,2754.0,213_1,19.13,13.85,1048.0,2987.58,629.0,20,0.0,831.45,0,tripinfo_EastSilburyToEastAvebury.61 emissions_EastSilburyToEastAvebury.61,electric,1.0,0.0,0.0,0.0,0.0,0.0,0.0,0.0
EastSilburyToEastAvebury.62,1788.0,317_0,5.1,0.0,396.0,2756.0,213_1,19.13,14.26,968.0,2987.08,615.0,22,0.0,768.16,0,tripinfo_EastSilburyToEastAvebury.62 emissions_EastSilburyToEastAvebury.62,gasoline_euro4,1.09,125533.625426,2666225.562329,633.194083,59.845567,1172.197318,850442.485325,0.0
V6ToEastH6.220,2640.0,468_0,4.6,0.0,0.0,2760.0,522_1,56.88,13.26,120.0,1507.63,0.0,0,0.0,14.84,0,tripinfo_V6ToEastH6.220 emissions_V6ToEastH6.220,electric,1.04,0.0,0.0,0.0,0.0,0.0,0.0,0.0
V6ToEastH6.221,2652.0,468_0,4.6,0.0,0.0,2766.0,522_1,56.88,13.96,114.0,1507.63,0.0,0,0.0,12.72,0,tripinfo_V6ToEastH6.221 emissions_V6ToEastH6.221,electric,1.08,0.0,0.0,0.0,0.0,0.0,0.0,0.0
EastAveburyToWestA509.215,2057.0,483_0,5.1,0.0,29.5,2771.0,774_1,29.75,15.56,714.0,2209.76,458.0,11,0.0,573.16,0,tripinfo_EastAveburyToWestA509.215 emissions_EastAveburyToWestA509.215,gasoline_euro4,1.14,92673.82745,2013856.171394,468.695711,45.060008,885.829091,642355.827882,0.0
EastAveburyToWestA509.146,1441.0,483_0,5.1,0.0,0.0,2773.0,774_2,29.75,14.58,1332.0,2209.78,1023.0,25,0.0,1183.95,0,tripinfo_EastAveburyToWestA509.146 emissions_EastAveburyToWestA509.146,gasoline_euro4,1.08,192074.22725,3596290.395838,958.571652,85.060405,1614.911477,1147113.3492,0.0
EastAveburyToWestA509.202,1917.0,483_0,5.1,0.0,0.0,2773.0,774_1,29.75,12.47,856.0,2209.78,561.0,26,0.0,678.85,0,tripinfo_EastAveburyToWestA509.202 emissions_EastAveburyToWestA509.202,gasoline_euro4,0.9,111730.014394,2255079.784424,561.03333,50.637902,994.10678,719303.323686,0.0
EastAveburyToWestA509.142,1407.0,483_0,4.6,0.0,0.0,2775.0,774_2,29.75,14.81,1368.0,2210.27,1025.0,29,0.0,1227.29,0,tripinfo_EastAveburyToWestA509.142 emissions_EastAveburyToWestA509.142,electric,1.14,0.0,0.0,0.0,0.0,0.0,0.0,0.0
V6ToEastH6.222,2664.0,468_0,4.6,0.0,0.0,2782.0,522_1,56.88,13.37,118.0,1507.63,0.0,0,0.0,13.12,0,tripinfo_V6ToEastH6.222 emissions_V6ToEastH6.222,electric,1.04,0.0,0.0,0.0,0.0,0.0,0.0,0.0
WestH6ToSaxonSt.70,840.0,524_0,4.6,0.0,0.0,2784.0,771_1,56.88,14.96,1944.0,2570.34,1517.0,29,0.0,1773.56,0,tripinfo_WestH6ToSaxonSt.70 emissions_WestH6ToSaxonSt.70,electric,1.1,0.0,0.0,0.0,0.0,0.0,0.0,0.0
EastAveburyToWestA509.109,1127.0,483_0,5.1,0.0,0.5,2784.0,774_0,29.75,11.12,1657.0,2196.32,1243.0,21,0.0,1397.84,0,tripinfo_EastAveburyToWestA509.109 emissions_EastAveburyToWestA509.109,gasoline_euro4,0.83,226383.384609,4037519.158525,1125.36059,95.883427,1817.206027,1287859.02151,0.0
EastAveburyToWestA509.185,1773.0,483_0,5.1,0.0,0.5,2784.0,774_2,29.75,12.39,1011.0,2209.76,707.0,23,0.0,836.14,0,tripinfo_EastAveburyToWestA509.185 emissions_EastAveburyToWestA509.185,gasoline_euro4,0.92,137210.73625,2677445.93996,687.172505,61.470594,1190.29399,854026.824383,0.0
WestH6ToSaxonSt.73,876.0,524_0,4.6,0.0,0.0,2786.0,771_1,56.88,16.68,1910.0,2570.37,1477.0,30,0.0,1756.04,0,tripinfo_WestH6ToSaxonSt.73 emissions_WestH6ToSaxonSt.73,electric,1.23,0.0,0.0,0.0,0.0,0.0,0.0,0.0
EastAveburyToWestA509.199,1892.0,483_0,4.6,0.0,0.5,2786.0,774_1,29.75,12.18,894.0,2210.26,608.0,27,0.0,719.69,0,tripinfo_EastAveburyToWestA509.199 emissions_EastAveburyToWestA509.199,electric,0.92,0.0,0.0,0.0,0.0,0.0,0.0,0.0
WestH6ToSaxonSt.72,864.0,524_0,4.6,0.0,0.0,2788.0,771_1,56.88,14.45,1924.0,2570.34,1487.0,28,0.0,1745.41,0,tripinfo_WestH6ToSaxonSt.72 emissions_WestH6ToSaxonSt.72,electric,1.05,0.0,0.0,0.0,0.0,0.0,0.0,0.0
V6ToEastH6.223,2676.0,468_0,4.6,0.0,0.0,2790.0,522_1,56.88,15.19,114.0,1507.63,0.0,0,0.0,17.97,0,tripinfo_V6ToEastH6.223 emissions_V6ToEastH6.223,electric,1.14,0.0,0.0,0.0,0.0,0.0,0.0,0.0
V6ToEastH6.224,2688.0,468_0,5.1,0.0,0.0,2808.0,522_1,56.88,13.24,120.0,1507.13,0.0,0,0.0,14.14,0,tripinfo_V6ToEastH6.224 emissions_V6ToEastH6.224,gasoline_euro4,1.03,4092.412943,366627.770991,26.711405,5.763179,142.538692,116937.360814,0.0
V6ToEastH6.225,2700.0,468_0,5.1,0.0,0.0,2826.0,522_1,56.88,12.83,126.0,1507.13,0.0,0,0.0,12.34,0,tripinfo_V6ToEastH6.225 emissions_V6ToEastH6.225,gasoline_euro4,0.96,3854.410808,353272.028614,25.352488,5.228413,135.791013,112677.809893,0.0
SouthEvansGateToSilbury.120,2160.0,526_0,4.6,0.0,0.0,2831.0,215_1,19.43,13.94,671.0,2705.6,368.0,11,0.0,476.21,0,tripinfo_SouthEvansGateToSilbury.120 emissions_SouthEvansGateToSilbury.120,electric,1.02,0.0,0.0,0.0,0.0,0.0,0.0,0.0
V6ToEastH6.226,2712.0,468_0,4.6,0.0,0.0,2832.0,522_1,56.88,14.26,120.0,1507.63,0.0,0,0.0,15.63,0,tripinfo_V6ToEastH6.226 emissions_V6ToEastH6.226,electric,1.05,0.0,0.0,0.0,0.0,0.0,0.0,0.0
SouthEvansGateToSilbury.122,2196.0,526_0,4.6,0.0,0.0,2833.0,215_1,19.43,11.95,637.0,2705.63,322.0,9,0.0,419.12,0,tripinfo_SouthEvansGateToSilbury.122 emissions_SouthEvansGateToSilbury.122,electric,0.91,0.0,0.0,0.0,0.0,0.0,0.0,0.0
EastA509ToH6.73,1314.0,770_0,4.6,0.0,0.0,2834.0,522_1,56.88,13.4,1520.0,3285.8,1156.0,26,0.0,1293.12,0,tripinfo_EastA509ToH6.73 emissions_EastA509ToH6.73,electric,1.06,0.0,0.0,0.0,0.0,0.0,0.0,0.0
SouthEvansGateToSilbury.124,2232.0,526_0,4.6,0.0,0.0,2835.0,215_1,19.43,15.11,603.0,2705.63,323.0,11,0.0,428.18,0,tripinfo_SouthEvansGateToSilbury.124 emissions_SouthEvansGateToSilbury.124,electric,1.15,0.0,0.0,0.0,0.0,0.0,0.0,0.0
SouthEvansGateToSilbury.123,2214.0,526_0,5.1,0.0,0.0,2836.0,215_1,19.43,16.31,622.0,2705.1,330.0,11,0.0,458.7,0,tripinfo_SouthEvansGateToSilbury.123 emissions_SouthEvansGateToSilbury.123,gasoline_euro4,1.22,72803.200823,1793153.445632,372.725586,38.919606,777.812515,571954.014167,0.0
EastA509ToH6.83,1494.0,770_0,5.1,0.0,0.0,2838.0,522_1,56.88,14.48,1344.0,3256.51,1031.0,15,0.0,1118.64,0,tripinfo_EastA509ToH6.83 emissions_EastA509ToH6.83,gasoline_euro4,1.05,185895.280473,3672608.319908,931.599999,84.535437,1629.571809,1171452.937361,0.0
SouthEvansGateToSilbury.121,2178.0,526_0,4.6,0.0,0.0,2838.0,215_1,19.43,13.44,660.0,2705.65,323.0,13,0.0,471.36,0,tripinfo_SouthEvansGateToSilbury.121 emissions_SouthEvansGateToSilbury.121,electric,1.06,0.0,0.0,0.0,0.0,0.0,0.0,0.0
SouthEvansGateToSilbury.118,2124.0,526_0,4.6,0.0,0.0,2842.0,215_1,19.43,11.17,718.0,2705.62,394.0,11,0.0,488.19,0,tripinfo_SouthEvansGateToSilbury.118 emissions_SouthEvansGateToSilbury.118,electric,0.87,0.0,0.0,0.0,0.0,0.0,0.0,0.0
EastSilburyToEastAvebury.63,1793.0,317_0,5.1,0.0,385.0,2846.0,213_1,19.13,12.22,1053.0,2987.09,663.0,23,0.0,813.83,0,tripinfo_EastSilburyToEastAvebury.63 emissions_EastSilburyToEastAvebury.63,gasoline_euro4,0.91,132754.154881,2728923.673239,667.736258,60.630079,1198.531155,870444.618192,0.0
V6ToEastH6.227,2724.0,468_0,4.6,0.0,0.0,2856.0,522_1,56.88,11.8,132.0,1507.63,0.0,0,0.0,11.73,0,tripinfo_V6ToEastH6.227 emissions_V6ToEastH6.227,electric,0.9,0.0,0.0,0.0,0.0,0.0,0.0,0.0
EastAveburyToWestA509.99,1042.0,483_0,4.6,0.0,0.5,2860.0,774_1,29.75,11.51,1818.0,2210.26,1386.0,51,0.0,1642.85,0,tripinfo_EastAveburyToWestA509.99 emissions_EastAveburyToWestA509.99,electric,0.92,0.0,0.0,0.0,0.0,0.0,0.0,0.0
EastAveburyToWestA509.223,2135.0,483_0,5.1,0.0,39.5,2860.0,774_2,29.75,14.21,725.0,2209.76,486.0,16,0.0,570.45,0,tripinfo_EastAveburyToWestA509.223 emissions_EastAveburyToWestA509.223,gasoline_euro4,1.04,94580.802312,2042324.324351,478.203349,46.032901,901.449144,651436.238238,0.0
V6ToEastH6.228,2736.0,468_0,4.6,0.0,0.0,2860.0,522_1,56.88,13.41,124.0,1507.63,0.0,0,0.0,12.15,0,tripinfo_V6ToEastH6.228 emissions_V6ToEastH6.228,electric,0.98,0.0,0.0,0.0,0.0,0.0,0.0,0.0
EastAveburyToWestA509.132,1322.0,483_0,5.1,0.0,0.0,2861.0,774_2,29.75,15.46,1539.0,2193.92,1227.0,31,0.0,1399.88,0,tripinfo_EastAveburyToWestA509.132 emissions_EastAveburyToWestA509.132,gasoline_euro4,1.14,226244.193867,4126152.22553,1126.696585,98.483755,1858.773974,1316126.775633,0.0
EastAveburyToWestA509.205,1957.0,483_0,5.1,0.0,14.5,2862.0,774_0,29.75,12.37,905.0,2210.26,634.0,24,0.0,737.14,0,tripinfo_EastAveburyToWestA509.205 emissions_EastAveburyToWestA509.205,gasoline_euro4,0.96,121879.152716,2459409.949343,612.015996,56.19089,1090.909312,784477.393053,0.0
EastAveburyToWestA509.171,1654.0,483_0,4.6,0.0,0.5,2864.0,774_1,29.75,12.76,1210.0,2213.91,873.0,36,0.0,1043.77,0,tripinfo_EastAveburyToWestA509.171 emissions_EastAveburyToWestA509.171,electric,0.97,0.0,0.0,0.0,0.0,0.0,0.0,0.0
EastAveburyToWestA509.224,2138.0,483_0,4.6,0.0,34.0,2865.0,774_2,29.75,14.06,727.0,2210.26,477.0,18,0.0,570.71,0,tripinfo_EastAveburyToWestA509.224 emissions_EastAveburyToWestA509.224,electric,1.03,0.0,0.0,0.0,0.0,0.0,0.0,0.0
V6ToEastH6.229,2748.0,468_0,5.1,0.0,0.0,2868.0,522_1,56.88,13.83,120.0,1507.13,0.0,0,0.0,12.92,0,tripinfo_V6ToEastH6.229 emissions_V6ToEastH6.229,gasoline_euro4,1.02,3958.195695,356328.947534,25.841497,5.608429,138.811526,113652.481103,0.0
EastAveburyToWestA509.229,2149.0,483_0,5.1,0.0,2.5,2870.0,774_1,29.75,12.76,721.0,2209.76,458.0,23,0.0,553.61,0,tripinfo_EastAveburyToWestA509.229 emissions_EastAveburyToWestA509.229,gasoline_euro4,0.96,92467.010488,1986242.6887,467.050695,44.297441,873.462896,633548.834064,0.0
WestA509ToAvebury.38,684.0,773_0,5.1,0.0,0.0,2872.0,213_0,19.13,13.57,2188.0,2317.34,1758.0,33,0.0,2020.45,0,tripinfo_WestA509ToAvebury.38 emissions_WestA509ToAvebury.38,gasoline_euro4,1.01,326919.696484,5741785.836405,1622.731001,138.34172,2595.565352,1831474.741747,0.0
WestH6ToSaxonSt.75,900.0,524_0,4.6,0.0,0.0,2874.0,771_1,56.88,12.45,1974.0,2570.37,1547.0,32,0.0,1779.81,0,tripinfo_WestH6ToSaxonSt.75 emissions_WestH6ToSaxonSt.75,electric,0.97,0.0,0.0,0.0,0.0,0.0,0.0,0.0
V6ToEastH6.230,2760.0,468_0,5.1,0.0,0.0,2877.0,522_1,56.88,13.69,117.0,1507.13,0.0,0,0.0,14.69,0,tripinfo_V6ToEastH6.230 emissions_V6ToEastH6.230,gasoline_euro4,1.06,4095.138388,374589.976191,26.58274,5.818456,144.368804,119476.940273,0.0
WestH6ToSaxonSt.74,888.0,524_0,5.1,0.0,0.0,2881.0,771_1,56.88,11.97,1993.0,2569.84,1545.0,28,0.0,1779.71,0,tripinfo_WestH6ToSaxonSt.74 emissions_WestH6ToSaxonSt.74,gasoline_euro4,0.88,288677.795363,5159432.978674,1435.038629,122.597782,2322.066033,1645718.630789,0.0
V6ToEastH6.231,2772.0,468_0,4.6,0.0,0.0,2883.0,522_1,56.88,15.43,111.0,1507.63,0.0,0,0.0,15.33,0,tripinfo_V6ToEastH6.231 emissions_V6ToEastH6.231,electric,1.14,0.0,0.0,0.0,0.0,0.0,0.0,0.0
WestA509ToEastH6.43,1551.0,773_0,4.6,0.0,3.0,2897.0,522_1,56.88,12.94,1346.0,3624.8,956.0,26,0.0,1088.84,0,tripinfo_WestA509ToEastH6.43 emissions_WestA509ToEastH6.43,electric,1.01,0.0,0.0,0.0,0.0,0.0,0.0,0.0
V6ToEastH6.232,2784.0,468_0,5.1,0.0,0.0,2904.0,522_1,56.88,14.66,120.0,1507.13,0.0,0,0.0,18.75,0,tripinfo_V6ToEastH6.232 emissions_V6ToEastH6.232,gasoline_euro4,1.08,4804.537605,398320.983274,30.547314,6.43487,155.655823,127046.051043,0.0
SouthEvansGateToSilbury.125,2250.0,526_0,5.1,0.0,0.0,2917.0,215_1,19.43,14.99,667.0,2705.1,368.0,11,0.0,492.37,0,tripinfo_SouthEvansGateToSilbury.125 emissions_SouthEvansGateToSilbury.125,gasoline_euro4,1.14,78445.526078,1856432.67588,400.119316,40.43118,808.042535,592139.661662,0.0
SouthEvansGateToSilbury.127,2286.0,526_0,4.6,0.0,0.0,2920.0,215_1,19.43,13.8,634.0,2705.63,332.0,12,0.0,441.45,0,tripinfo_SouthEvansGateToSilbury.127 emissions_SouthEvansGateToSilbury.127,electric,1.04,0.0,0.0,0.0,0.0,0.0,0.0,0.0
SouthEvansGateToSilbury.128,2304.0,526_0,4.6,0.0,0.0,2922.0,215_1,19.43,12.83,618.0,2705.62,308.0,10,0.0,417.92,0,tripinfo_SouthEvansGateToSilbury.128 emissions_SouthEvansGateToSilbury.128,electric,1.0,0.0,0.0,0.0,0.0,0.0,0.0,0.0
EastA509ToH6.66,1188.0,770_0,5.1,0.0,0.0,2923.0,522_1,56.88,13.19,1735.0,3285.3,1339.0,30,0.0,1488.09,0,tripinfo_EastA509ToH6.66 emissions_EastA509ToH6.66,gasoline_euro4,0.97,245077.141901,4572139.176322,1221.72173,106.414012,2037.687406,1458383.860512,0.0
SouthEvansGateToSilbury.126,2268.0,526_0,5.1,0.0,0.0,2924.0,215_1,19.43,13.4,656.0,2705.18,345.0,12,0.0,461.8,0,tripinfo_SouthEvansGateToSilbury.126 emissions_SouthEvansGateToSilbury.126,gasoline_euro4,1.03,75177.603719,1803390.874796,383.350039,38.378539,778.120494,575221.457251,0.0
V6ToEastH6.233,2796.0,468_0,5.1,0.0,0.0,2927.0,522_1,56.88,11.93,131.0,1507.13,0.0,0,0.0,12.99,0,tripinfo_V6ToEastH6.233 emissions_V6ToEastH6.233,gasoline_euro4,0.92,3888.116727,353661.323385,25.411927,5.042896,134.707371,112802.215174,0.0
V6ToEastH6.234,2808.0,468_0,4.6,0.0,0.0,2929.0,522_1,56.88,13.74,121.0,1507.63,0.0,0,0.0,12.83,0,tripinfo_V6ToEastH6.234 emissions_V6ToEastH6.234,electric,1.0,0.0,0.0,0.0,0.0,0.0,0.0,0.0
EastSilburyToEastAvebury.65,1876.0,317_0,4.6,0.0,436.0,2930.0,213_1,19.13,13.73,1054.0,2987.58,666.0,22,0.0,841.62,0,tripinfo_EastSilburyToEastAvebury.65 emissions_EastSilburyToEastAvebury.65,electric,1.03,0.0,0.0,0.0,0.0,0.0,0.0,0.0
V6ToEastH6.235,2820.0,468_0,5.1,0.0,0.0,2948.0,522_1,56.88,12.12,128.0,1507.13,0.0,0,0.0,12.5,0,tripinfo_V6ToEastH6.235 emissions_V6ToEastH6.235,gasoline_euro4,0.94,3668.764579,343568.728041,24.389815,4.895436,131.020951,109583.065145,0.0
V6ToEastH6.236,2832.0,468_0,4.6,0.0,0.0,2950.0,522_1,56.88,14.29,118.0,1507.63,0.0,0,0.0,17.08,0,tripinfo_V6ToEastH6.236 emissions_V6ToEastH6.236,electric,1.08,0.0,0.0,0.0,0.0,0.0,0.0,0.0
WestH6ToSaxonSt.76,912.0,524_0,5.1,0.0,0.0,2953.0,771_1,56.88,14.99,2041.0,2569.84,1604.0,32,0.0,1873.19,0,tripinfo_WestH6ToSaxonSt.76 emissions_WestH6ToSaxonSt.76,gasoline_euro4,1.12,299626.523839,5365689.613546,1489.492079,128.509406,2419.297858,1711507.368553,0.0
WestH6ToSaxonSt.77,924.0,524_0,4.6,0.0,0.0,2965.0,771_1,56.88,14.64,2041.0,2570.37,1588.0,34,0.0,1865.62,0,tripinfo_WestH6ToSaxonSt.77 emissions_WestH6ToSaxonSt.77,electric,1.08,0.0,0.0,0.0,0.0,0.0,0.0,0.0
WestH6ToSaxonSt.78,936.0,524_0,5.1,0.0,0.0,2966.0,771_1,56.88,15.75,2030.0,2569.86,1604.0,38,0.0,1874.36,0,tripinfo_WestH6ToSaxonSt.78 emissions_WestH6ToSaxonSt.78,gasoline_euro4,1.21,301358.003684,5433459.008113,1499.023373,130.579348,2452.406853,1733122.125112,0.0
V6ToEastH6.237,2844.0,468_0,5.1,0.0,0.0,2982.0,522_1,56.88,11.82,138.0,1507.13,0.0,0,0.0,18.67,0,tripinfo_V6ToEastH6.237 emissions_V6ToEastH6.237,gasoline_euro4,0.91,4788.175472,363695.60414,30.027339,5.550006,141.954068,116002.745701,0.0
V6ToEastH6.238,2856.0,468_0,4.6,0.0,0.0,2984.0,522_1,56.88,12.2,128.0,1507.63,0.0,0,0.0,14.24,0,tripinfo_V6ToEastH6.238 emissions_V6ToEastH6.238,electric,0.96,0.0,0.0,0.0,0.0,0.0,0.0,0.0
V6ToEastH6.239,2868.0,468_0,4.6,0.0,0.0,2986.0,522_1,56.88,14.37,118.0,1507.63,0.0,0,0.0,16.21,0,tripinfo_V6ToEastH6.239 emissions_V6ToEastH6.239,electric,1.07,0.0,0.0,0.0,0.0,0.0,0.0,0.0
WestA509ToEastH6.45,1623.0,773_0,5.1,0.0,3.0,2988.0,522_1,56.88,12.84,1365.0,3657.65,947.0,24,0.0,1105.03,0,tripinfo_WestA509ToEastH6.45 emissions_WestA509ToEastH6.45,gasoline_euro4,1.02,182556.479898,3717366.550743,917.655932,84.964325,1647.618618,1185726.515955,0.0
WestA509ToEastH6.41,1479.0,773_0,4.6,0.0,3.0,2995.0,522_1,56.88,12.24,1516.0,3657.3,1061.0,24,0.0,1230.4,0,tripinfo_WestA509ToEastH6.41 emissions_WestA509ToEastH6.41,electric,0.93,0.0,0.0,0.0,0.0,0.0,0.0,0.0
WestA509ToEastH6.42,1515.0,773_0,5.1,0.0,3.0,2996.0,522_1,56.88,14.4,1481.0,3656.8,989.0,26,0.0,1249.78,0,tripinfo_WestA509ToEastH6.42 emissions_WestA509ToEastH6.42,gasoline_euro4,1.14,198572.771871,4026228.659233,998.031401,92.648377,1789.836589,1284243.87651,0.0
WestA509ToEastH6.46,1659.0,773_0,4.6,0.0,3.0,3002.0,522_1,56.88,12.31,1343.0,3648.28,891.0,25,0.0,1051.77,0,tripinfo_WestA509ToEastH6.46 emissions_WestA509ToEastH6.46,electric,0.91,0.0,0.0,0.0,0.0,0.0,0.0,0.0
EastSilburyToEastAvebury.64,1871.0,317_0,4.6,0.0,447.0,3008.0,213_0,19.13,10.49,1137.0,2987.54,701.0,23,0.0,871.38,0,tripinfo_EastSilburyToEastAvebury.64 emissions_EastSilburyToEastAvebury.64,electric,0.82,0.0,0.0,0.0,0.0,0.0,0.0,0.0
SouthEvansGateToSilbury.130,2340.0,526_0,4.6,0.0,0.0,3008.0,215_1,19.43,12.01,668.0,2705.65,347.0,12,0.0,444.4,0,tripinfo_SouthEvansGateToSilbury.130 emissions_SouthEvansGateToSilbury.130,electric,0.89,0.0,0.0,0.0,0.0,0.0,0.0,0.0
V6ToEastH6.241,2892.0,468_0,4.6,0.0,0.0,3008.0,522_1,56.88,15.66,116.0,1507.32,1.0,1,0.0,20.2,0,tripinfo_V6ToEastH6.241 emissions_V6ToEastH6.241,electric,1.14,0.0,0.0,0.0,0.0,0.0,0.0,0.0
SouthEvansGateToSilbury.129,2322.0,526_0,4.6,0.0,0.0,3009.0,215_1,19.43,13.63,687.0,2705.6,397.0,14,0.0,492.4,0,tripinfo_SouthEvansGateToSilbury.129 emissions_SouthEvansGateToSilbury.129,electric,1.03,0.0,0.0,0.0,0.0,0.0,0.0,0.0
SouthEvansGateToSilbury.132,2376.0,526_0,5.1,0.0,0.0,3011.0,215_1,19.43,14.58,635.0,2705.1,355.0,15,0.0,458.37,0,tripinfo_SouthEvansGateToSilbury.132 emissions_SouthEvansGateToSilbury.132,gasoline_euro4,1.13,74800.878206,1777133.465253,381.599851,38.827272,773.973112,566845.549639,0.0
EastA509ToH6.81,1458.0,770_0,5.1,0.0,0.0,3013.0,522_1,56.88,13.6,1555.0,3285.3,1186.0,21,0.0,1315.67,0,tripinfo_EastA509ToH6.81 emissions_EastA509ToH6.81,gasoline_euro4,1.0,216276.449284,4121917.146262,1079.993798,95.452871,1833.685961,1314773.234234,0.0
EastSilburyToEastAvebury.67,1882.0,317_0,4.6,0.0,410.0,3013.0,213_1,19.13,15.2,1131.0,2987.58,738.0,28,0.0,939.64,0,tripinfo_EastSilburyToEastAvebury.67 emissions_EastSilburyToEastAvebury.67,electric,1.14,0.0,0.0,0.0,0.0,0.0,0.0,0.0
EastSilburyToEastAvebury.66,1879.0,317_0,4.6,0.0,423.0,3018.0,213_1,19.13,14.43,1139.0,2981.86,737.0,25,0.0,931.32,0,tripinfo_EastSilburyToEastAvebury.66 emissions_EastSilburyToEastAvebury.66,electric,1.04,0.0,0.0,0.0,0.0,0.0,0.0,0.0
EastA509ToH6.84,1512.0,770_0,4.6,0.0,0.0,3019.0,522_1,56.88,12.22,1507.0,3285.8,1172.0,15,0.0,1259.98,0,tripinfo_EastA509ToH6.84 emissions_EastA509ToH6.84,electric,0.97,0.0,0.0,0.0,0.0,0.0,0.0,0.0
V6ToEastH6.240,2880.0,468_0,4.6,0.0,0.0,3031.0,522_0,56.88,10.7,151.0,1507.63,0.0,0,0.0,14.13,0,tripinfo_V6ToEastH6.240 emissions_V6ToEastH6.240,electric,0.79,0.0,0.0,0.0,0.0,0.0,0.0,0.0
V6ToEastH6.242,2904.0,468_0,5.1,0.0,0.0,3036.0,522_1,56.88,12.6,132.0,1507.13,0.0,0,0.0,13.28,0,tripinfo_V6ToEastH6.242 emissions_V6ToEastH6.242,gasoline_euro4,0.92,3980.756152,349627.827543,25.872403,5.079923,134.237123,111515.676697,0.0
WestH6ToSaxonSt.80,960.0,524_0,5.1,0.0,0.0,3044.0,771_1,56.88,13.07,2084.0,2569.84,1628.0,34,0.0,1892.36,0,tripinfo_WestH6ToSaxonSt.80 emissions_WestH6ToSaxonSt.80,gasoline_euro4,0.98,304464.459884,5426431.577062,1512.796716,129.361817,2443.472988,1730883.976174,0.0
V6ToEastH6.243,2916.0,468_0,4.6,0.0,0.0,3047.0,522_1,56.88,12.04,131.0,1507.63,0.0,0,0.0,13.5,0,tripinfo_V6ToEastH6.243 emissions_V6ToEastH6.243,electric,0.93,0.0,0.0,0.0,0.0,0.0,0.0,0.0
WestA509ToAvebury.51,918.0,773_0,5.1,0.0,0.0,3049.0,213_0,19.13,13.56,2131.0,2269.8,1750.0,30,0.0,1967.16,0,tripinfo_WestA509ToAvebury.51 emissions_WestA509ToAvebury.51,gasoline_euro4,0.99,318041.243513,5564618.836019,1578.168818,134.092444,2515.065072,1774964.047519,0.0
V6ToEastH6.244,2928.0,468_0,4.6,0.0,0.0,3049.0,522_1,56.88,13.42,121.0,1507.63,0.0,0,0.0,13.05,0,tripinfo_V6ToEastH6.244 emissions_V6ToEastH6.244,electric,1.01,0.0,0.0,0.0,0.0,0.0,0.0,0.0
WestA509ToAvebury.39,702.0,773_0,5.1,0.0,0.0,3050.0,213_0,19.13,15.86,2348.0,2322.48,1892.0,39,0.0,2202.72,0,tripinfo_WestA509ToAvebury.39 emissions_WestA509ToAvebury.39,gasoline_euro4,1.16,354063.982247,6210343.616304,1757.36135,150.296505,2810.89625,1980931.570081,0.0
V6ToEastH6.245,2940.0,468_0,4.6,0.0,0.0,3050.0,522_1,56.88,15.63,110.0,1507.63,0.0,0,0.0,19.59,0,tripinfo_V6ToEastH6.245 emissions_V6ToEastH6.245,electric,1.2,0.0,0.0,0.0,0.0,0.0,0.0,0.0
WestH6ToSaxonSt.79,948.0,524_0,5.1,0.0,0.0,3058.0,771_1,56.88,11.58,2110.0,2569.87,1637.0,34,0.0,1894.56,0,tripinfo_WestH6ToSaxonSt.79 emissions_WestH6ToSaxonSt.79,gasoline_euro4,0.87,305867.210861,5430307.929795,1519.87357,129.51063,2447.579323,1732121.086339,0.0
WestH6ToSaxonSt.82,984.0,524_0,5.1,0.0,0.0,3060.0,771_1,56.88,14.03,2076.0,2569.86,1617.0,34,0.0,1902.24,0,tripinfo_WestH6ToSaxonSt.82 emissions_WestH6ToSaxonSt.82,gasoline_euro4,1.09,304391.823928,5442873.54735,1513.456494,130.301096,2454.914946,1736127.280877,0.0
V6ToEastH6.246,2952.0,468_0,4.6,0.0,0.0,3067.0,522_1,56.88,14.22,115.0,1507.63,0.0,0,0.0,14.88,0,tripinfo_V6ToEastH6.246 emissions_V6ToEastH6.246,electric,1.09,0.0,0.0,0.0,0.0,0.0,0.0,0.0
SouthEvansGateToSilbury.134,2412.0,526_0,4.6,0.0,0.0,3094.0,215_1,19.43,13.93,682.0,2705.6,379.0,10,0.0,493.8,0,tripinfo_SouthEvansGateToSilbury.134 emissions_SouthEvansGateToSilbury.134,electric,1.06,0.0,0.0,0.0,0.0,0.0,0.0,0.0
V6ToEastH6.247,2964.0,468_0,4.6,0.0,0.0,3094.0,522_1,56.88,12.67,130.0,1507.63,0.0,0,0.0,12.42,0,tripinfo_V6ToEastH6.247 emissions_V6ToEastH6.247,electric,0.93,0.0,0.0,0.0,0.0,0.0,0.0,0.0
SouthEvansGateToSilbury.135,2430.0,526_0,5.1,0.0,0.0,3096.0,215_1,19.43,13.8,666.0,2705.13,354.0,13,0.0,476.27,0,tripinfo_SouthEvansGateToSilbury.135 emissions_SouthEvansGateToSilbury.135,gasoline_euro4,1.05,77336.779782,1849720.822054,394.714635,39.860143,803.001129,589998.695287,0.0
V6ToEastH6.248,2976.0,468_0,4.6,0.0,0.0,3096.0,522_1,56.88,14.61,120.0,1507.63,0.0,0,0.0,18.38,0,tripinfo_V6ToEastH6.248 emissions_V6ToEastH6.248,electric,1.08,0.0,0.0,0.0,0.0,0.0,0.0,0.0
V6ToEastH6.249,2988.0,468_0,5.1,0.0,0.0,3102.0,522_1,56.88,15.18,114.0,1507.13,0.0,0,0.0,13.98,0,tripinfo_V6ToEastH6.249 emissions_V6ToEastH6.249,gasoline_euro4,1.1,4268.598211,378757.52369,27.487168,6.138112,147.567589,120805.983219,0.0
EastSilburyToEastAvebury.68,1890.0,317_0,4.6,0.0,402.0,3109.0,213_1,19.13,12.54,1219.0,2987.58,786.0,28,0.0,990.46,0,tripinfo_EastSilburyToEastAvebury.68 emissions_EastSilburyToEastAvebury.68,electric,0.95,0.0,0.0,0.0,0.0,0.0,0.0,0.0
SouthEvansGateToSilbury.131,2358.0,526_0,5.1,0.0,0.0,3109.0,215_0,19.43,12.94,751.0,2705.18,441.0,18,0.0,551.37,0,tripinfo_SouthEvansGateToSilbury.131 emissions_SouthEvansGateToSilbury.131,gasoline_euro4,1.0,91096.180769,2042056.061369,461.928631,44.78198,891.985173,651349.919607,0.0
EastA509ToH6.72,1296.0,770_0,4.6,0.0,0.0,3119.0,522_0,56.88,11.82,1823.0,3285.8,1393.0,32,0.0,1549.21,0,tripinfo_EastA509ToH6.72 emissions_EastA509ToH6.72,electric,0.87,0.0,0.0,0.0,0.0,0.0,0.0,0.0
V6ToEastH6.250,3000.0,468_0,4.6,0.0,0.0,3120.0,522_1,56.88,14.13,120.0,1507.63,0.0,0,0.0,13.33,0,tripinfo_V6ToEastH6.250 emissions_V6ToEastH6.250,electric,1.02,0.0,0.0,0.0,0.0,0.0,0.0,0.0
WestH6ToSaxonSt.81,972.0,524_0,5.1,0.0,0.0,3133.0,771_1,56.88,13.59,2161.0,2569.84,1678.0,39,0.0,1971.45,0,tripinfo_WestH6ToSaxonSt.81 emissions_WestH6ToSaxonSt.81,gasoline_euro4,0.99,316585.141301,5617672.759674,1572.633813,134.328819,2532.330654,1791885.140554,0.0
WestH6ToSaxonSt.86,1032.0,524_0,4.6,0.0,0.0,3135.0,771_1,56.88,14.0,2103.0,2570.37,1628.0,31,0.0,1927.95,0,tripinfo_WestH6ToSaxonSt.86 emissions_WestH6ToSaxonSt.86,electric,1.08,0.0,0.0,0.0,0.0,0.0,0.0,0.0
V6ToEastH6.251,3012.0,468_0,5.1,0.0,0.0,3135.0,522_1,56.88,13.15,123.0,1507.13,0.0,0,0.0,14.42,0,tripinfo_V6ToEastH6.251 emissions_V6ToEastH6.251,gasoline_euro4,1.0,3979.165713,350640.165684,25.613056,5.38426,135.751703,111838.200746,0.0
V6ToEastH6.252,3024.0,468_0,5.1,0.0,0.0,3145.0,522_1,56.88,13.85,121.0,1507.13,0.0,0,0.0,14.48,0,tripinfo_V6ToEastH6.252 emissions_V6ToEastH6.252,gasoline_euro4,1.02,4010.576344,370875.462659,26.168823,5.600446,142.449191,118292.34099,0.0
WestH6ToSaxonSt.83,996.0,524_0,4.6,0.0,0.0,3150.0,771_1,56.88,11.46,2154.0,2570.34,1683.0,27,0.0,1933.99,0,tripinfo_WestH6ToSaxonSt.83 emissions_WestH6ToSaxonSt.83,electric,0.85,0.0,0.0,0.0,0.0,0.0,0.0,0.0
V6ToEastH6.253,3036.0,468_0,5.1,0.0,0.0,3164.0,522_1,56.88,12.65,128.0,1507.13,0.0,0,0.0,13.28,0,tripinfo_V6ToEastH6.253 emissions_V6ToEastH6.253,gasoline_euro4,0.95,3961.293118,353500.210736,25.781626,5.228166,135.975921,112750.646967,0.0
V6ToEastH6.254,3048.0,468_0,4.6,0.0,0.0,3166.0,522_1,56.88,14.88,118.0,1507.63,0.0,0,0.0,18.1,0,tripinfo_V6ToEastH6.254 emissions_V6ToEastH6.254,electric,1.09,0.0,0.0,0.0,0.0,0.0,0.0,0.0
EastSilburyToEastAvebury.71,2054.0,317_0,5.1,0.0,518.0,3182.0,213_0,19.13,14.19,1128.0,2987.1,695.0,22,0.0,916.31,0,tripinfo_EastSilburyToEastAvebury.71 emissions_EastSilburyToEastAvebury.71,gasoline_euro4,1.03,143667.698207,2914951.960134,721.676456,65.807877,1287.064446,929781.948513,0.0
SouthEvansGateToSilbury.137,2466.0,526_0,5.1,0.0,0.0,3183.0,215_0,19.43,13.48,717.0,2705.16,406.0,13,0.0,518.36,0,tripinfo_SouthEvansGateToSilbury.137 emissions_SouthEvansGateToSilbury.137,gasoline_euro4,1.0,84621.076442,1930090.994334,429.994487,42.288623,842.909005,615635.786715,0.0
SouthEvansGateToSilbury.133,2394.0,526_0,5.1,0.0,0.0,3184.0,215_1,19.43,12.36,790.0,2705.15,463.0,16,0.0,567.25,0,tripinfo_SouthEvansGateToSilbury.133 emissions_SouthEvansGateToSilbury.133,gasoline_euro4,0.9,94660.868438,2070761.398857,479.17427,45.413124,906.381835,660507.408241,0.0
SouthEvansGateToSilbury.136,2448.0,526_0,5.1,0.0,0.0,3184.0,215_0,19.43,13.69,736.0,2705.13,419.0,14,0.0,547.69,0,tripinfo_SouthEvansGateToSilbury.136 emissions_SouthEvansGateToSilbury.136,gasoline_euro4,1.06,88518.164404,2012998.206102,449.521527,44.168658,879.025108,642080.583688,0.0
EastA509ToH6.86,1548.0,770_0,4.6,0.0,0.0,3188.0,522_1,56.88,13.1,1640.0,3291.56,1295.0,21,0.0,1393.14,0,tripinfo_EastA509ToH6.86 emissions_EastA509ToH6.86,electric,0.97,0.0,0.0,0.0,0.0,0.0,0.0,0.0
SouthEvansGateToSilbury.138,2484.0,526_0,5.1,0.0,0.0,3188.0,215_0,19.43,14.0,704.0,2705.21,389.0,12,0.0,514.12,0,tripinfo_SouthEvansGateToSilbury.138 emissions_SouthEvansGateToSilbury.138,gasoline_euro4,1.05,82759.513892,1918655.0781,420.714873,41.4584,832.388377,611987.917191,0.0
V6ToEastH6.256,3072.0,468_0,5.1,0.0,0.0,3192.0,522_1,56.88,14.42,120.0,1507.13,0.0,0,0.0,18.1,0,tripinfo_V6ToEastH6.256 emissions_V6ToEastH6.256,gasoline_euro4,1.07,4222.305207,377154.200452,27.419157,5.927008,146.125734,120294.822361,0.0
EastSilburyToEastAvebury.73,2135.0,317_0,5.1,0.0,567.0,3194.0,213_1,19.13,12.75,1059.0,2992.19,619.0,20,0.0,841.48,0,tripinfo_EastSilburyToEastAvebury.73 emissions_EastSilburyToEastAvebury.73,gasoline_euro4,1.0,132392.905632,2717969.758518,665.62898,61.002168,1197.44882,866949.974214,0.0
SouthEvansGateToSilbury.139,2502.0,526_0,4.6,0.0,0.0,3194.0,215_0,19.43,13.15,692.0,2705.66,364.0,14,0.0,496.03,0,tripinfo_SouthEvansGateToSilbury.139 emissions_SouthEvansGateToSilbury.139,electric,1.02,0.0,0.0,0.0,0.0,0.0,0.0,0.0
EastSilburyToEastAvebury.69,2042.0,317_0,5.1,0.0,538.0,3198.0,213_1,19.13,12.38,1156.0,2987.08,724.0,23,0.0,929.06,0,tripinfo_EastSilburyToEastAvebury.69 emissions_EastSilburyToEastAvebury.69,gasoline_euro4,0.96,148340.14276,2980282.356103,744.449084,67.264355,1315.776666,950621.361606,0.0
EastAveburyToWestA509.221,2128.0,483_0,5.1,0.0,49.5,3202.0,774_1,29.75,12.92,1074.0,2209.76,803.0,20,0.0,902.46,0,tripinfo_EastAveburyToWestA509.221 emissions_EastAveburyToWestA509.221,gasoline_euro4,0.94,148431.655965,2863735.128069,742.146856,65.748152,1271.080876,913448.792379,0.0
V6ToEastH6.255,3060.0,468_0,5.1,0.0,0.0,3202.0,522_0,56.88,10.91,142.0,1507.13,0.0,0,0.0,13.05,0,tripinfo_V6ToEastH6.255 emissions_V6ToEastH6.255,gasoline_euro4,0.85,4232.716161,351563.864261,27.277157,4.838313,134.056305,112133.606477,0.0
V6ToEastH6.257,3084.0,468_0,5.1,0.0,0.0,3202.0,522_1,56.88,14.22,118.0,1507.13,0.0,0,0.0,17.4,0,tripinfo_V6ToEastH6.257 emissions_V6ToEastH6.257,gasoline_euro4,1.09,4438.687358,397169.850515,28.88937,6.32162,154.529466,126678.813127,0.0
EastA509ToH6.85,1530.0,770_0,4.6,0.0,0.0,3210.0,522_0,56.88,10.16,1680.0,3288.84,1283.0,22,0.0,1369.15,0,tripinfo_EastA509ToH6.85 emissions_EastA509ToH6.85,electric,0.77,0.0,0.0,0.0,0.0,0.0,0.0,0.0
EastAveburyToWestA509.231,2164.0,483_0,4.6,0.0,0.5,3211.0,774_1,29.75,11.82,1047.0,2210.28,762.0,26,0.0,874.7,0,tripinfo_EastAveburyToWestA509.231 emissions_EastAveburyToWestA509.231,electric,0.93,0.0,0.0,0.0,0.0,0.0,0.0,0.0
V6ToEastH6.258,3096.0,468_0,4.6,0.0,0.0,3211.0,522_1,56.88,14.7,115.0,1507.63,0.0,0,0.0,13.8,0,tripinfo_V6ToEastH6.258 emissions_V6ToEastH6.258,electric,1.08,0.0,0.0,0.0,0.0,0.0,0.0,0.0
EastAveburyToWestA509.176,1696.0,483_0,4.6,0.0,0.0,3215.0,774_2,29.75,14.64,1519.0,2210.28,1151.0,39,0.0,1368.53,0,tripinfo_EastAveburyToWestA509.176 emissions_EastAveburyToWestA509.176,electric,1.07,0.0,0.0,0.0,0.0,0.0,0.0,0.0
WestH6ToSaxonSt.84,1008.0,524_0,4.6,0.0,0.0,3217.0,771_1,56.88,14.61,2209.0,2570.36,1752.0,29,0.0,2039.49,0,tripinfo_WestH6ToSaxonSt.84 emissions_WestH6ToSaxonSt.84,electric,1.11,0.0,0.0,0.0,0.0,0.0,0.0,0.0
EastAveburyToWestA509.232,2172.0,483_0,4.6,0.0,0.0,3218.0,774_1,29.75,11.66,1046.0,2210.26,737.0,27,0.0,860.3,0,tripinfo_EastAveburyToWestA509.232 emissions_EastAveburyToWestA509.232,electric,0.86,0.0,0.0,0.0,0.0,0.0,0.0,0.0
EastAveburyToWestA509.100,1050.0,483_0,4.6,0.0,0.0,3219.0,774_2,29.75,12.6,2169.0,2210.26,1699.0,49,0.0,2003.56,0,tripinfo_EastAveburyToWestA509.100 emissions_EastAveburyToWestA509.100,electric,0.97,0.0,0.0,0.0,0.0,0.0,0.0,0.0
WestA509ToAvebury.40,720.0,773_0,5.1,0.0,0.0,3224.0,213_0,19.13,14.47,2504.0,2317.34,2022.0,47,0.0,2351.69,0,tripinfo_WestA509ToAvebury.40 emissions_WestA509ToAvebury.40,gasoline_euro4,1.11,377516.184368,6562313.309897,1872.230557,159.007589,2971.41607,2093202.307697,0.0
V6ToEastH6.259,3108.0,468_0,4.6,0.0,0.0,3231.0,522_1,56.88,13.18,123.0,1507.63,0.0,0,0.0,16.55,0,tripinfo_V6ToEastH6.259 emissions_V6ToEastH6.259,electric,1.03,0.0,0.0,0.0,0.0,0.0,0.0,0.0
EastAveburyToWestA509.170,1645.0,483_0,4.6,0.0,0.0,3232.0,774_0,29.75,9.72,1587.0,2210.28,1191.0,36,0.0,1375.21,0,tripinfo_EastAveburyToWestA509.170 emissions_EastAveburyToWestA509.170,electric,0.76,0.0,0.0,0.0,0.0,0.0,0.0,0.0
WestA509ToEastH6.44,1587.0,773_0,4.6,0.0,3.0,3240.0,522_1,56.88,15.81,1653.0,3624.81,1290.0,29,0.0,1434.18,0,tripinfo_WestA509ToEastH6.44 emissions_WestA509ToEastH6.44,electric,1.19,0.0,0.0,0.0,0.0,0.0,0.0,0.0
V6ToEastH6.261,3132.0,468_0,4.6,0.0,0.0,3254.0,522_1,56.88,13.14,122.0,1507.63,0.0,0,0.0,16.46,0,tripinfo_V6ToEastH6.261 emissions_V6ToEastH6.261,electric,1.03,0.0,0.0,0.0,0.0,0.0,0.0,0.0
V6ToEastH6.260,3120.0,468_0,4.6,0.0,0.0,3265.0,522_0,56.88,10.37,145.0,1507.63,0.0,0,0.0,12.86,0,tripinfo_V6ToEastH6.260 emissions_V6ToEastH6.260,electric,0.82,0.0,0.0,0.0,0.0,0.0,0.0,0.0
V6ToEastH6.263,3156.0,468_0,4.6,0.0,0.0,3270.0,522_1,56.88,14.42,114.0,1507.63,0.0,0,0.0,16.57,0,tripinfo_V6ToEastH6.263 emissions_V6ToEastH6.263,electric,1.12,0.0,0.0,0.0,0.0,0.0,0.0,0.0
EastSilburyToEastAvebury.74,2139.0,317_0,5.1,0.0,555.0,3271.0,213_0,19.13,11.56,1132.0,2992.21,686.0,21,0.0,892.5,0,tripinfo_EastSilburyToEastAvebury.74 emissions_EastSilburyToEastAvebury.74,gasoline_euro4,0.91,143818.180268,2916791.438622,722.740883,65.313733,1285.810917,930369.334162,0.0
SouthEvansGateToSilbury.141,2538.0,526_0,5.1,0.0,0.0,3271.0,215_0,19.43,14.07,733.0,2705.16,405.0,13,0.0,543.31,0,tripinfo_SouthEvansGateToSilbury.141 emissions_SouthEvansGateToSilbury.141,gasoline_euro4,1.05,86419.51686,1955889.933805,438.596057,42.811856,853.248257,623865.282932,0.0
SouthEvansGateToSilbury.144,2592.0,526_0,4.6,0.0,0.0,3271.0,215_1,19.43,13.11,679.0,2705.63,349.0,14,0.0,467.82,0,tripinfo_SouthEvansGateToSilbury.144 emissions_SouthEvansGateToSilbury.144,electric,0.95,0.0,0.0,0.0,0.0,0.0,0.0,0.0
SouthEvansGateToSilbury.140,2520.0,526_0,5.1,0.0,0.0,3273.0,215_1,19.43,11.47,753.0,2705.15,409.0,15,0.0,535.1,0,tripinfo_SouthEvansGateToSilbury.140 emissions_SouthEvansGateToSilbury.140,gasoline_euro4,0.92,86852.638638,1951640.682848,440.539308,42.02808,848.609844,622511.055287,0.0
SouthEvansGateToSilbury.142,2556.0,526_0,5.1,0.0,0.0,3276.0,215_1,19.43,12.11,720.0,2705.1,378.0,17,0.0,497.99,0,tripinfo_SouthEvansGateToSilbury.142 emissions_SouthEvansGateToSilbury.142,gasoline_euro4,0.9,81667.002326,1879277.20315,415.305934,40.0034,814.080065,599428.721518,0.0
SouthEvansGateToSilbury.143,2574.0,526_0,4.6,0.0,0.0,3277.0,215_1,19.43,14.44,703.0,2705.63,389.0,11,0.0,515.4,0,tripinfo_SouthEvansGateToSilbury.143 emissions_SouthEvansGateToSilbury.143,electric,1.06,0.0,0.0,0.0,0.0,0.0,0.0,0.0
V6ToEastH6.262,3144.0,468_0,4.6,0.0,0.0,3278.0,522_1,56.88,11.59,134.0,1507.63,0.0,0,0.0,13.67,0,tripinfo_V6ToEastH6.262 emissions_V6ToEastH6.262,electric,0.91,0.0,0.0,0.0,0.0,0.0,0.0,0.0
EastA509ToH6.68,1224.0,770_0,5.1,0.0,0.0,3279.0,522_1,56.88,13.68,2055.0,3285.3,1638.0,36,0.0,1815.11,0,tripinfo_EastA509ToH6.68 emissions_EastA509ToH6.68,gasoline_euro4,1.0,299461.984341,5449985.523621,1490.523598,129.015742,2445.222855,1738394.261554,0.0
SouthEvansGateToSilbury.145,2610.0,526_0,4.6,0.0,0.0,3279.0,215_1,19.43,14.14,669.0,2705.6,375.0,11,0.0,476.54,0,tripinfo_SouthEvansGateToSilbury.145 emissions_SouthEvansGateToSilbury.145,electric,1.04,0.0,0.0,0.0,0.0,0.0,0.0,0.0
SouthEvansGateToSilbury.146,2628.0,526_0,4.6,0.0,0.0,3280.0,215_1,19.43,13.79,652.0,2705.63,342.0,12,0.0,468.23,0,tripinfo_SouthEvansGateToSilbury.146 emissions_SouthEvansGateToSilbury.146,electric,1.08,0.0,0.0,0.0,0.0,0.0,0.0,0.0
EastA509ToH6.75,1350.0,770_0,5.1,0.0,0.0,3281.0,522_1,56.88,14.93,1931.0,3285.3,1511.0,32,0.0,1712.77,0,tripinfo_EastA509ToH6.75 emissions_EastA509ToH6.75,gasoline_euro4,1.1,279586.735728,5185433.155869,1393.655241,122.426381,2323.739757,1654006.321301,0.0
V6ToEastH6.264,3168.0,468_0,5.1,0.0,0.0,3308.0,522_0,56.88,11.72,140.0,1507.13,0.0,0,0.0,14.61,0,tripinfo_V6ToEastH6.264 emissions_V6ToEastH6.264,gasoline_euro4,0.87,4306.581444,354727.608313,27.638751,5.003967,135.825947,113142.596627,0.0
V6ToEastH6.265,3180.0,468_0,5.1,0.0,0.0,3311.0,522_1,56.88,12.27,131.0,1507.13,0.0,0,0.0,13.33,0,tripinfo_V6ToEastH6.265 emissions_V6ToEastH6.265,gasoline_euro4,0.93,3997.965658,352492.999112,25.826026,5.142356,135.199265,112429.490401,0.0
WestH6ToSaxonSt.87,1044.0,524_0,4.6,0.0,0.0,3315.0,771_1,56.88,12.49,2271.0,2570.37,1779.0,36,0.0,2077.49,0,tripinfo_WestH6ToSaxonSt.87 emissions_WestH6ToSaxonSt.87,electric,0.98,0.0,0.0,0.0,0.0,0.0,0.0,0.0
WestH6ToSaxonSt.88,1056.0,524_0,5.1,0.0,0.0,3316.0,771_1,56.88,14.0,2260.0,2569.84,1789.0,33,0.0,2073.86,0,tripinfo_WestH6ToSaxonSt.88 emissions_WestH6ToSaxonSt.88,gasoline_euro4,1.01,333789.869084,5906390.658743,1657.563014,141.386461,2663.234946,1883978.71227,0.0
V6ToEastH6.266,3192.0,468_0,5.1,0.0,0.0,3322.0,522_1,56.88,13.23,130.0,1507.13,0.0,0,0.0,17.63,0,tripinfo_V6ToEastH6.266 emissions_V6ToEastH6.266,gasoline_euro4,0.97,4361.761934,372566.814932,28.161644,5.68377,144.591063,118831.946624,0.0
V6ToEastH6.268,3216.0,468_0,5.1,0.0,0.0,3336.0,522_1,56.88,14.78,120.0,1507.13,0.0,0,0.0,20.5,0,tripinfo_V6ToEastH6.268 emissions_V6ToEastH6.268,gasoline_euro4,1.09,4840.088632,390833.079933,30.789392,6.574444,155.044394,124657.542851,0.0
V6ToEastH6.267,3204.0,468_0,5.1,0.0,0.0,3346.0,522_0,56.88,11.52,142.0,1507.13,0.0,0,0.0,18.63,0,tripinfo_V6ToEastH6.267 emissions_V6ToEastH6.267,gasoline_euro4,0.88,4722.45217,365983.415885,29.772473,5.352871,141.491336,116732.655109,0.0
V6ToEastH6.270,3240.0,468_0,5.1,0.0,0.0,3354.0,522_1,56.88,15.41,114.0,1507.13,0.0,0,0.0,17.16,0,tripinfo_V6ToEastH6.270 emissions_V6ToEastH6.270,gasoline_euro4,1.12,4221.058245,385349.39425,27.61717,6.166301,149.545603,122908.542705,0.0
SouthEvansGateToSilbury.149,2682.0,526_0,4.6,0.0,0.0,3356.0,215_1,19.43,16.23,674.0,2705.6,340.0,16,0.0,512.73,0,tripinfo_SouthEvansGateToSilbury.149 emissions_SouthEvansGateToSilbury.149,electric,1.24,0.0,0.0,0.0,0.0,0.0,0.0,0.0
SouthEvansGateToSilbury.147,2646.0,526_0,4.6,0.0,0.0,3359.0,215_1,19.43,15.02,713.0,2705.68,387.0,14,0.0,532.4,0,tripinfo_SouthEvansGateToSilbury.147 emissions_SouthEvansGateToSilbury.147,electric,1.11,0.0,0.0,0.0,0.0,0.0,0.0,0.0
EastSilburyToEastAvebury.76,2146.0,317_0,4.6,0.0,530.0,3360.0,213_1,19.13,10.96,1214.0,2987.58,719.0,22,0.0,944.32,0,tripinfo_EastSilburyToEastAvebury.76 emissions_EastSilburyToEastAvebury.76,electric,0.81,0.0,0.0,0.0,0.0,0.0,0.0,0.0
EastSilburyToEastAvebury.70,2051.0,317_0,4.6,0.0,531.0,3361.0,213_0,19.13,10.01,1310.0,2986.93,823.0,25,0.0,1024.69,0,tripinfo_EastSilburyToEastAvebury.70 emissions_EastSilburyToEastAvebury.70,electric,0.76,0.0,0.0,0.0,0.0,0.0,0.0,0.0
SouthEvansGateToSilbury.151,2718.0,526_0,4.6,0.0,0.0,3361.0,215_1,19.43,14.77,643.0,2705.63,329.0,10,0.0,458.61,0,tripinfo_SouthEvansGateToSilbury.151 emissions_SouthEvansGateToSilbury.151,electric,1.08,0.0,0.0,0.0,0.0,0.0,0.0,0.0
EastSilburyToEastAvebury.77,2220.0,317_0,5.1,0.0,588.0,3362.0,213_1,19.13,15.15,1142.0,2992.19,693.0,22,0.0,955.97,0,tripinfo_EastSilburyToEastAvebury.77 emissions_EastSilburyToEastAvebury.77,gasoline_euro4,1.18,147975.108436,3023092.096097,744.410519,69.129226,1340.944433,964273.768366,0.0
EastSilburyToEastAvebury.72,2057.0,317_0,5.1,0.0,505.0,3363.0,213_0,19.13,14.32,1306.0,2987.04,858.0,27,0.0,1107.0,0,tripinfo_EastSilburyToEastAvebury.72 emissions_EastSilburyToEastAvebury.72,gasoline_euro4,1.1,172927.638307,3393585.638159,866.158771,78.03465,1507.689861,1082453.631989,0.0
EastSilburyToEastAvebury.75,2142.0,317_0,5.1,0.0,542.0,3364.0,213_1,19.13,12.19,1222.0,2992.2,778.0,27,0.0,991.47,0,tripinfo_EastSilburyToEastAvebury.75 emissions_EastSilburyToEastAvebury.75,gasoline_euro4,0.95,159857.463235,3189829.210529,802.157243,72.702921,1414.287003,1017460.402347,0.0
EastSilburyToEastAvebury.79,2234.0,317_0,4.6,0.0,570.0,3364.0,213_0,19.13,13.67,1130.0,2987.6,691.0,23,0.0,927.04,0,tripinfo_EastSilburyToEastAvebury.79 emissions_EastSilburyToEastAvebury.79,electric,1.07,0.0,0.0,0.0,0.0,0.0,0.0,0.0
V6ToEastH6.269,3228.0,468_0,5.1,0.0,0.0,3364.0,522_0,56.88,11.85,136.0,1507.13,0.0,0,0.0,12.15,0,tripinfo_V6ToEastH6.269 emissions_V6ToEastH6.269,gasoline_euro4,0.88,3784.218332,334272.629125,24.675344,4.590344,126.825488,106618.337704,0.0
EastSilburyToEastAvebury.80,2316.0,317_0,5.1,0.0,636.0,3365.0,213_1,19.13,15.13,1049.0,2987.08,611.0,24,0.0,862.64,0,tripinfo_EastSilburyToEastAvebury.80 emissions_EastSilburyToEastAvebury.80,gasoline_euro4,1.17,134238.923058,2824249.627165,676.566889,64.000914,1246.816935,900847.232237,0.0
EastSilburyToEastAvebury.81,2393.0,317_0,5.1,0.0,697.0,3366.0,213_0,19.13,15.28,973.0,2987.1,532.0,20,0.0,777.99,0,tripinfo_EastSilburyToEastAvebury.81 emissions_EastSilburyToEastAvebury.81,gasoline_euro4,1.12,120813.864804,2609242.481935,610.635286,58.311909,1147.844856,832265.536869,0.0
SouthEvansGateToSilbury.148,2664.0,526_0,4.6,0.0,0.0,3366.0,215_1,19.43,10.54,702.0,2705.65,355.0,13,0.0,466.45,0,tripinfo_SouthEvansGateToSilbury.148 emissions_SouthEvansGateToSilbury.148,electric,0.85,0.0,0.0,0.0,0.0,0.0,0.0,0.0
EastA509ToH6.89,1602.0,770_0,5.1,0.0,0.0,3367.0,522_1,56.88,11.76,1765.0,3285.3,1405.0,19,0.0,1504.37,0,tripinfo_EastA509ToH6.89 emissions_EastA509ToH6.89,gasoline_euro4,0.92,249696.502904,4657540.169236,1245.594889,108.976293,2082.248264,1485623.68717,0.0
EastA509ToH6.90,1620.0,770_0,4.6,0.0,0.0,3369.0,522_1,56.88,12.76,1749.0,3288.84,1388.0,22,0.0,1507.94,0,tripinfo_EastA509ToH6.90 emissions_EastA509ToH6.90,electric,0.99,0.0,0.0,0.0,0.0,0.0,0.0,0.0
EastA509ToH6.91,1638.0,770_0,4.6,0.0,0.0,3371.0,522_1,56.88,13.63,1733.0,3285.8,1382.0,21,0.0,1495.3,0,tripinfo_EastA509ToH6.91 emissions_EastA509ToH6.91,electric,1.01,0.0,0.0,0.0,0.0,0.0,0.0,0.0
SouthEvansGateToSilbury.150,2700.0,526_0,4.6,0.0,0.0,3371.0,215_1,19.43,9.9,671.0,2705.64,283.0,10,0.0,391.64,0,tripinfo_SouthEvansGateToSilbury.150 emissions_SouthEvansGateToSilbury.150,electric,0.71,0.0,0.0,0.0,0.0,0.0,0.0,0.0
V6ToEastH6.271,3252.0,468_0,5.1,0.0,0.0,3376.0,522_1,56.88,12.28,124.0,1507.13,0.0,0,0.0,11.66,0,tripinfo_V6ToEastH6.271 emissions_V6ToEastH6.271,gasoline_euro4,0.97,3506.630624,337859.759968,23.229305,4.851392,128.448206,107762.044265,0.0
V6ToEastH6.272,3264.0,468_0,5.1,0.0,0.0,3378.0,522_1,56.88,16.04,114.0,1507.13,0.0,0,0.0,20.68,0,tripinfo_V6ToEastH6.272 emissions_V6ToEastH6.272,gasoline_euro4,1.17,5124.360963,409806.731508,32.446241,7.248048,164.124474,130708.873176,0.0
V6ToEastH6.273,3276.0,468_0,5.1,0.0,0.0,3393.0,522_1,56.88,13.73,117.0,1507.13,0.0,0,0.0,14.85,0,tripinfo_V6ToEastH6.273 emissions_V6ToEastH6.273,gasoline_euro4,1.07,4273.035741,377279.348752,27.742998,6.092509,147.60263,120334.561459,0.0
WestH6ToSaxonSt.89,1068.0,524_0,4.6,0.0,0.0,3418.0,771_1,56.88,14.07,2350.0,2570.34,1863.0,37,0.0,2167.39,0,tripinfo_WestH6ToSaxonSt.89 emissions_WestH6ToSaxonSt.89,electric,1.04,0.0,0.0,0.0,0.0,0.0,0.0,0.0
V6ToEastH6.274,3288.0,468_0,5.1,0.0,0.0,3419.0,522_1,56.88,11.95,131.0,1507.13,0.0,0,0.0,12.64,0,tripinfo_V6ToEastH6.274 emissions_V6ToEastH6.274,gasoline_euro4,0.92,4058.288,353831.398307,26.046795,5.138159,135.300073,112856.451731,0.0
WestH6ToSaxonSt.85,1020.0,524_0,5.1,0.0,0.0,3420.0,771_0,56.88,9.45,2400.0,2569.87,1859.0,32,0.0,2126.52,0,tripinfo_WestH6ToSaxonSt.85 emissions_WestH6ToSaxonSt.85,gasoline_euro4,0.69,347689.763835,6051263.762352,1724.782646,144.651564,2732.402744,1930192.915363,0.0
V6ToEastH6.275,3300.0,468_0,5.1,0.0,0.0,3429.0,522_1,56.88,12.48,129.0,1507.13,0.0,0,0.0,15.13,0,tripinfo_V6ToEastH6.275 emissions_V6ToEastH6.275,gasoline_euro4,0.96,4197.826064,368296.995044,27.286677,5.518285,142.198252,117470.112104,0.0
V6ToEastH6.276,3312.0,468_0,5.1,0.0,0.0,3431.0,522_1,56.88,14.46,119.0,1507.13,0.0,0,0.0,18.39,0,tripinfo_V6ToEastH6.276 emissions_V6ToEastH6.276,gasoline_euro4,1.09,4575.738539,394826.836375,29.451345,6.398973,154.608239,125931.427457,0.0
SouthEvansGateToSilbury.152,2736.0,526_0,5.1,0.0,0.0,3447.0,215_1,19.43,12.4,711.0,2705.13,372.0,14,0.0,508.27,0,tripinfo_SouthEvansGateToSilbury.152 emissions_SouthEvansGateToSilbury.152,gasoline_euro4,0.98,81537.037634,1887177.079502,414.767353,40.844412,821.2938,601947.430824,0.0
SouthEvansGateToSilbury.154,2772.0,526_0,5.1,0.0,0.0,3449.0,215_1,19.43,13.06,677.0,2705.1,357.0,16,0.0,476.14,0,tripinfo_SouthEvansGateToSilbury.154 emissions_SouthEvansGateToSilbury.154,gasoline_euro4,1.0,77705.789793,1837720.263195,396.292369,39.782574,799.241379,586171.288583,0.0
SouthEvansGateToSilbury.153,2754.0,526_0,5.1,0.0,0.0,3451.0,215_1,19.43,12.18,697.0,2705.15,365.0,11,0.0,479.8,0,tripinfo_SouthEvansGateToSilbury.153 emissions_SouthEvansGateToSilbury.153,gasoline_euro4,0.92,78693.141812,1846401.972485,401.019887,39.325569,799.824374,588941.578993,0.0
V6ToEastH6.277,3324.0,468_0,5.1,0.0,0.0,3451.0,522_1,56.88,13.44,127.0,1507.13,0.0,0,0.0,14.25,0,tripinfo_V6ToEastH6.277 emissions_V6ToEastH6.277,gasoline_euro4,0.97,4104.852419,365668.641075,26.611652,5.452788,140.653467,116631.783931,0.0
SouthEvansGateToSilbury.155,2790.0,526_0,4.6,0.0,0.0,3453.0,215_1,19.43,13.77,663.0,2705.63,340.0,17,0.0,467.31,0,tripinfo_SouthEvansGateToSilbury.155 emissions_SouthEvansGateToSilbury.155,electric,1.02,0.0,0.0,0.0,0.0,0.0,0.0,0.0
SouthEvansGateToSilbury.156,2808.0,526_0,5.1,0.0,0.0,3454.0,215_1,19.43,15.87,646.0,2705.13,314.0,16,0.0,472.68,0,tripinfo_SouthEvansGateToSilbury.156 emissions_SouthEvansGateToSilbury.156,gasoline_euro4,1.15,73657.407328,1798706.562952,376.938085,38.720394,780.011388,573725.949606,0.0
EastA509ToH6.93,1674.0,770_0,5.1,0.0,0.0,3469.0,522_1,56.88,12.6,1795.0,3291.06,1423.0,20,0.0,1532.71,0,tripinfo_EastA509ToH6.93 emissions_EastA509ToH6.93,gasoline_euro4,0.92,253449.508815,4727821.22004,1264.123863,110.210329,2110.634562,1508041.844011,0.0
V6ToEastH6.278,3336.0,468_0,5.1,0.0,0.0,3475.0,522_0,56.88,10.84,139.0,1507.13,0.0,0,0.0,12.43,0,tripinfo_V6ToEastH6.278 emissions_V6ToEastH6.278,gasoline_euro4,0.86,4221.886892,348697.165317,27.055065,5.005963,134.0951,111219.039648,0.0
V6ToEastH6.279,3348.0,468_0,5.1,0.0,0.0,3475.0,522_1,56.88,12.95,127.0,1507.13,0.0,0,0.0,20.16,0,tripinfo_V6ToEastH6.279 emissions_V6ToEastH6.279,gasoline_euro4,1.02,4750.145279,382151.565997,30.099652,6.159072,150.601715,121888.804378,0.0
V6ToEastH6.280,3360.0,468_0,4.6,0.0,0.0,3485.0,522_1,56.88,13.29,125.0,1507.63,0.0,0,0.0,11.86,0,tripinfo_V6ToEastH6.280 emissions_V6ToEastH6.280,electric,0.97,0.0,0.0,0.0,0.0,0.0,0.0,0.0
WestH6ToSaxonSt.90,1080.0,524_0,4.6,0.0,0.0,3487.0,771_1,56.88,12.94,2407.0,2570.34,1926.0,37,0.0,2220.96,0,tripinfo_WestH6ToSaxonSt.90 emissions_WestH6ToSaxonSt.90,electric,1.02,0.0,0.0,0.0,0.0,0.0,0.0,0.0
WestH6ToSaxonSt.91,1092.0,524_0,5.1,0.0,0.0,3489.0,771_1,56.88,12.59,2397.0,2569.87,1919.0,38,0.0,2204.91,0,tripinfo_WestH6ToSaxonSt.91 emissions_WestH6ToSaxonSt.91,gasoline_euro4,0.98,355620.312917,6239953.237426,1764.998962,150.199154,2820.321036,1990377.04456,0.0
WestH6ToSaxonSt.92,1104.0,524_0,4.6,0.0,0.0,3496.0,771_1,56.88,11.76,2392.0,2570.37,1905.0,37,0.0,2182.23,0,tripinfo_WestH6ToSaxonSt.92 emissions_WestH6ToSaxonSt.92,electric,0.9,0.0,0.0,0.0,0.0,0.0,0.0,0.0
V6ToEastH6.282,3384.0,468_0,4.6,0.0,0.0,3500.0,522_1,56.88,14.01,116.0,1507.63,0.0,0,0.0,13.99,0,tripinfo_V6ToEastH6.282 emissions_V6ToEastH6.282,electric,1.07,0.0,0.0,0.0,0.0,0.0,0.0,0.0
V6ToEastH6.281,3372.0,468_0,5.1,0.0,0.0,3508.0,522_0,56.88,11.07,136.0,1507.13,0.0,0,0.0,12.77,0,tripinfo_V6ToEastH6.281 emissions_V6ToEastH6.281,gasoline_euro4,0.88,3935.408214,354070.860238,25.828255,4.822949,134.061229,112933.109943,0.0
V6ToEastH6.283,3396.0,468_0,4.6,0.0,0.0,3528.0,522_1,56.88,11.64,132.0,1507.63,0.0,0,0.0,11.73,0,tripinfo_V6ToEastH6.283 emissions_V6ToEastH6.283,electric,0.9,0.0,0.0,0.0,0.0,0.0,0.0,0.0
EastSilburyToEastAvebury.82,2405.0,317_0,4.6,0.0,693.0,3532.0,213_0,19.13,16.56,1127.0,2992.72,748.0,20,0.0,955.95,0,tripinfo_EastSilburyToEastAvebury.82 emissions_EastSilburyToEastAvebury.82,electric,1.27,0.0,0.0,0.0,0.0,0.0,0.0,0.0
SouthEvansGateToSilbury.159,2862.0,526_0,5.1,0.0,0.0,3534.0,215_1,19.43,14.43,672.0,2705.13,337.0,17,0.0,482.44,0,tripinfo_SouthEvansGateToSilbury.159 emissions_SouthEvansGateToSilbury.159,gasoline_euro4,1.05,76166.326585,1825922.950715,388.773562,39.090977,790.669374,582408.18981,0.0
EastSilburyToEastAvebury.78,2225.0,317_0,4.6,0.0,577.0,3535.0,213_1,19.13,11.51,1310.0,2992.7,833.0,27,0.0,1067.76,0,tripinfo_EastSilburyToEastAvebury.78 emissions_EastSilburyToEastAvebury.78,electric,0.9,0.0,0.0,0.0,0.0,0.0,0.0,0.0
SouthEvansGateToSilbury.161,2898.0,526_0,5.1,0.0,0.0,3535.0,215_1,19.43,14.97,637.0,2705.14,292.0,14,0.0,459.32,0,tripinfo_SouthEvansGateToSilbury.161 emissions_SouthEvansGateToSilbury.161,gasoline_euro4,1.12,72122.830499,1767544.820704,369.223547,38.161119,767.859221,563786.081589,0.0
SouthEvansGateToSilbury.158,2844.0,526_0,4.6,0.0,0.0,3538.0,215_1,19.43,13.43,694.0,2705.6,362.0,16,0.0,497.55,0,tripinfo_SouthEvansGateToSilbury.158 emissions_SouthEvansGateToSilbury.158,electric,1.02,0.0,0.0,0.0,0.0,0.0,0.0,0.0
SouthEvansGateToSilbury.157,2826.0,526_0,4.6,0.0,0.0,3542.0,215_1,19.43,12.92,716.0,2705.65,368.0,19,0.0,502.12,0,tripinfo_SouthEvansGateToSilbury.157 emissions_SouthEvansGateToSilbury.157,electric,0.93,0.0,0.0,0.0,0.0,0.0,0.0,0.0
EastSilburyToEastAvebury.85,2490.0,317_0,4.6,0.0,730.0,3544.0,213_1,19.13,13.69,1054.0,2987.58,638.0,22,0.0,845.53,0,tripinfo_EastSilburyToEastAvebury.85 emissions_EastSilburyToEastAvebury.85,electric,1.04,0.0,0.0,0.0,0.0,0.0,0.0,0.0
EastA509ToH6.92,1656.0,770_0,5.1,0.0,0.0,3549.0,522_0,56.88,11.63,1893.0,3285.3,1502.0,26,0.0,1615.38,0,tripinfo_EastA509ToH6.92 emissions_EastA509ToH6.92,gasoline_euro4,0.86,267873.407011,4936380.839061,1335.034707,115.263349,2206.515337,1574568.266039,0.0
V6ToEastH6.284,3408.0,468_0,4.6,0.0,0.0,3557.0,522_0,56.88,10.92,149.0,1507.63,0.0,0,0.0,12.15,0,tripinfo_V6ToEastH6.284 emissions_V6ToEastH6.284,electric,0.8,0.0,0.0,0.0,0.0,0.0,0.0,0.0
V6ToEastH6.286,3432.0,468_0,4.6,0.0,0.0,3558.0,522_1,56.88,13.55,126.0,1507.63,0.0,0,0.0,15.33,0,tripinfo_V6ToEastH6.286 emissions_V6ToEastH6.286,electric,0.99,0.0,0.0,0.0,0.0,0.0,0.0,0.0
V6ToEastH6.285,3420.0,468_0,4.6,0.0,0.0,3563.0,522_0,56.88,12.02,143.0,1507.63,0.0,0,0.0,19.08,0,tripinfo_V6ToEastH6.285 emissions_V6ToEastH6.285,electric,0.88,0.0,0.0,0.0,0.0,0.0,0.0,0.0
V6ToEastH6.287,3444.0,468_0,4.6,0.0,0.0,3564.0,522_1,56.88,13.3,120.0,1507.63,0.0,0,0.0,11.71,0,tripinfo_V6ToEastH6.287 emissions_V6ToEastH6.287,electric,1.0,0.0,0.0,0.0,0.0,0.0,0.0,0.0
WestH6ToSaxonSt.93,1116.0,524_0,4.6,0.0,0.0,3578.0,771_1,56.88,12.18,2462.0,2570.37,1970.0,41,0.0,2263.52,0,tripinfo_WestH6ToSaxonSt.93 emissions_WestH6ToSaxonSt.93,electric,0.95,0.0,0.0,0.0,0.0,0.0,0.0,0.0
WestH6ToSaxonSt.94,1128.0,524_0,5.1,0.0,0.0,3581.0,771_1,56.88,12.36,2453.0,2569.84,1958.0,38,0.0,2249.84,0,tripinfo_WestH6ToSaxonSt.94 emissions_WestH6ToSaxonSt.94,gasoline_euro4,0.93,361000.18119,6310308.767227,1791.334387,151.714645,2851.449403,2012819.660899,0.0
V6ToEastH6.288,3456.0,468_0,5.1,0.0,0.0,3587.0,522_1,56.88,12.35,131.0,1507.13,0.0,0,0.0,12.39,0,tripinfo_V6ToEastH6.288 emissions_V6ToEastH6.288,gasoline_euro4,0.92,3674.519423,349932.356405,24.401812,4.789126,132.059874,111612.968745,0.0
V6ToEastH6.289,3468.0,468_0,5.1,0.0,0.0,3589.0,522_1,56.88,14.85,121.0,1507.13,1.0,1,0.0,23.35,0,tripinfo_V6ToEastH6.289 emissions_V6ToEastH6.289,gasoline_euro4,1.12,5407.812269,411406.815347,33.854512,7.052822,164.105219,131219.635702,0.0
V6ToEastH6.290,3480.0,468_0,4.6,0.0,0.0,3609.0,522_1,56.88,12.87,129.0,1507.63,2.0,1,0.0,19.03,0,tripinfo_V6ToEastH6.290 emissions_V6ToEastH6.290,electric,0.99,0.0,0.0,0.0,0.0,0.0,0.0,0.0
V6ToEastH6.291,3492.0,468_0,5.1,0.0,0.0,3614.0,522_1,56.88,13.7,122.0,1507.13,0.0,0,0.0,12.51,0,tripinfo_V6ToEastH6.291 emissions_V6ToEastH6.291,gasoline_euro4,1.0,3873.733719,355351.858276,25.437232,5.442894,137.665817,113340.954479,0.0
SouthEvansGateToSilbury.160,2880.0,526_0,4.6,0.0,0.0,3623.0,215_1,19.43,13.33,743.0,2705.63,397.0,21,0.0,537.86,0,tripinfo_SouthEvansGateToSilbury.160 emissions_SouthEvansGateToSilbury.160,electric,0.97,0.0,0.0,0.0,0.0,0.0,0.0,0.0
SouthEvansGateToSilbury.163,2934.0,526_0,5.1,0.0,0.0,3624.0,215_1,19.43,14.65,690.0,2705.13,350.0,15,0.0,510.4,0,tripinfo_SouthEvansGateToSilbury.163 emissions_SouthEvansGateToSilbury.163,gasoline_euro4,1.11,79409.311426,1864502.142575,404.869002,40.701529,813.463248,594713.773371,0.0
EastSilburyToEastAvebury.83,2410.0,317_0,5.1,0.0,682.0,3625.0,213_0,19.13,10.45,1215.0,2987.04,749.0,19,0.0,931.38,0,tripinfo_EastSilburyToEastAvebury.83 emissions_EastSilburyToEastAvebury.83,gasoline_euro4,0.77,151973.969799,3008943.560008,762.149178,67.234511,1327.845814,959765.415964,0.0
SouthEvansGateToSilbury.164,2952.0,526_0,4.6,0.0,0.0,3626.0,215_1,19.43,13.77,674.0,2705.6,336.0,12,0.0,485.02,0,tripinfo_SouthEvansGateToSilbury.164 emissions_SouthEvansGateToSilbury.164,electric,1.06,0.0,0.0,0.0,0.0,0.0,0.0,0.0
SouthEvansGateToSilbury.168,3024.0,526_0,4.6,0.0,0.0,3628.0,215_1,19.43,15.09,604.0,2705.63,290.0,12,0.0,421.51,0,tripinfo_SouthEvansGateToSilbury.168 emissions_SouthEvansGateToSilbury.168,electric,1.1,0.0,0.0,0.0,0.0,0.0,0.0,0.0
V6ToEastH6.292,3504.0,468_0,4.6,0.0,0.0,3628.0,522_1,56.88,12.61,124.0,1507.63,0.0,0,0.0,11.47,0,tripinfo_V6ToEastH6.292 emissions_V6ToEastH6.292,electric,0.97,0.0,0.0,0.0,0.0,0.0,0.0,0.0
V6ToEastH6.293,3516.0,468_0,4.6,0.0,0.0,3629.0,522_1,56.88,14.59,113.0,1507.63,0.0,0,0.0,19.94,0,tripinfo_V6ToEastH6.293 emissions_V6ToEastH6.293,electric,1.17,0.0,0.0,0.0,0.0,0.0,0.0,0.0
SouthEvansGateToSilbury.166,2988.0,526_0,5.1,0.0,0.0,3630.0,215_1,19.43,12.5,642.0,2705.15,337.0,10,0.0,437.9,0,tripinfo_SouthEvansGateToSilbury.166 emissions_SouthEvansGateToSilbury.166,gasoline_euro4,0.98,71562.939107,1695198.557858,364.49817,35.879097,730.641967,540712.544536,0.0
EastA509ToH6.101,1818.0,770_0,5.1,0.0,0.0,3634.0,522_1,56.88,13.81,1816.0,3253.79,1461.0,20,0.0,1575.88,0,tripinfo_EastA509ToH6.101 emissions_EastA509ToH6.101,gasoline_euro4,1.0,259407.407822,4801012.694736,1293.197858,113.186281,2150.486277,1531387.721646,0.0
SouthEvansGateToSilbury.162,2916.0,526_0,4.6,0.0,0.0,3634.0,215_1,19.43,11.97,718.0,2705.65,365.0,12,0.0,502.2,0,tripinfo_SouthEvansGateToSilbury.162 emissions_SouthEvansGateToSilbury.162,electric,0.93,0.0,0.0,0.0,0.0,0.0,0.0,0.0
SouthEvansGateToSilbury.165,2970.0,526_0,5.1,0.0,0.0,3636.0,215_1,19.43,13.18,666.0,2705.18,334.0,13,0.0,467.39,0,tripinfo_SouthEvansGateToSilbury.165 emissions_SouthEvansGateToSilbury.165,gasoline_euro4,1.01,76310.724186,1827356.371553,389.519367,39.319841,793.474759,582865.180137,0.0
V6ToEastH6.294,3528.0,468_0,5.1,0.0,0.0,3644.0,522_1,56.88,14.13,116.0,1507.13,0.0,0,0.0,12.66,0,tripinfo_V6ToEastH6.294 emissions_V6ToEastH6.294,gasoline_euro4,1.05,3682.735555,362154.903699,24.651665,5.496677,138.864063,115510.750736,0.0
WestA509ToAvebury.60,1080.0,773_0,5.1,0.0,0.0,3664.0,213_0,19.13,15.78,2584.0,2315.92,2188.0,48,0.0,2439.94,0,tripinfo_WestA509ToAvebury.60 emissions_WestA509ToAvebury.60,gasoline_euro4,1.17,395736.370679,6918588.733179,1963.846224,167.901801,3134.093256,2206842.932637,0.0
WestA509ToAvebury.41,738.0,773_0,4.6,0.0,0.0,3667.0,213_0,19.13,13.07,2929.0,2322.98,2410.0,52,0.0,2753.32,0,tripinfo_WestA509ToAvebury.41 emissions_WestA509ToAvebury.41,electric,0.96,0.0,0.0,0.0,0.0,0.0,0.0,0.0
V6ToEastH6.296,3552.0,468_0,4.6,0.0,0.0,3669.0,522_1,56.88,13.14,117.0,1507.32,0.0,0,0.0,11.35,0,tripinfo_V6ToEastH6.296 emissions_V6ToEastH6.296,electric,1.03,0.0,0.0,0.0,0.0,0.0,0.0,0.0
WestH6ToSaxonSt.95,1140.0,524_0,5.1,0.0,0.0,3671.0,771_1,56.88,11.9,2531.0,2569.87,2040.0,45,0.0,2328.91,0,tripinfo_WestH6ToSaxonSt.95 emissions_WestH6ToSaxonSt.95,gasoline_euro4,0.93,373825.687346,6509635.791898,1854.419947,156.862573,2943.667351,2076400.1599,0.0
V6ToEastH6.297,3564.0,468_0,5.1,0.0,0.0,3678.0,522_1,56.88,13.91,114.0,1507.13,0.0,0,0.0,13.49,0,tripinfo_V6ToEastH6.297 emissions_V6ToEastH6.297,gasoline_euro4,1.09,3940.504768,377037.976404,25.90492,5.887637,145.086017,120257.635132,0.0
V6ToEastH6.295,3540.0,468_0,5.1,0.0,0.0,3689.0,522_0,56.88,10.94,149.0,1507.13,0.0,0,0.0,13.43,0,tripinfo_V6ToEastH6.295 emissions_V6ToEastH6.295,gasoline_euro4,0.81,4581.906621,356312.623117,28.988381,4.877611,136.173559,113648.437517,0.0
V6ToEastH6.298,3576.0,468_0,5.1,0.0,0.0,3705.0,522_1,56.88,12.97,129.0,1507.13,0.0,0,0.0,14.81,0,tripinfo_V6ToEastH6.298 emissions_V6ToEastH6.298,gasoline_euro4,0.95,4196.743269,360523.402077,27.231555,5.48752,140.202285,114990.632722,0.0
EastSilburyToEastAvebury.87,2498.0,317_0,5.1,0.0,706.0,3710.0,213_1,19.13,12.45,1212.0,2992.19,796.0,22,0.0,988.29,0,tripinfo_EastSilburyToEastAvebury.87 emissions_EastSilburyToEastAvebury.87,gasoline_euro4,0.97,158692.67361,3160317.252295,795.810579,71.808843,1398.48014,1008047.444228,0.0
EastSilburyToEastAvebury.84,2482.0,317_0,4.6,0.0,738.0,3712.0,213_0,19.13,10.86,1230.0,2987.54,751.0,27,0.0,960.6,0,tripinfo_EastSilburyToEastAvebury.84 emissions_EastSilburyToEastAvebury.84,electric,0.81,0.0,0.0,0.0,0.0,0.0,0.0,0.0
SouthEvansGateToSilbury.170,3060.0,526_0,4.6,0.0,0.0,3712.0,215_1,19.43,11.26,652.0,2705.6,326.0,13,0.0,417.5,0,tripinfo_SouthEvansGateToSilbury.170 emissions_SouthEvansGateToSilbury.170,electric,0.85,0.0,0.0,0.0,0.0,0.0,0.0,0.0
SouthEvansGateToSilbury.171,3078.0,526_0,4.6,0.0,0.0,3713.0,215_1,19.43,13.74,635.0,2705.63,340.0,13,0.0,451.34,0,tripinfo_SouthEvansGateToSilbury.171 emissions_SouthEvansGateToSilbury.171,electric,1.09,0.0,0.0,0.0,0.0,0.0,0.0,0.0
V6ToEastH6.299,3588.0,468_0,5.1,0.0,0.0,3714.0,522_1,56.88,12.6,126.0,1507.13,0.0,0,0.0,13.67,0,tripinfo_V6ToEastH6.299 emissions_V6ToEastH6.299,gasoline_euro4,0.97,3802.092271,347678.702336,24.896996,5.110652,133.145168,110893.839298,0.0
SouthEvansGateToSilbury.173,3114.0,526_0,4.6,0.0,0.0,3715.0,215_1,19.43,15.59,601.0,2705.63,311.0,9,0.0,429.27,0,tripinfo_SouthEvansGateToSilbury.173 emissions_SouthEvansGateToSilbury.173,electric,1.16,0.0,0.0,0.0,0.0,0.0,0.0,0.0
SouthEvansGateToSilbury.169,3042.0,526_0,5.1,0.0,0.0,3717.0,215_1,19.43,14.48,675.0,2705.1,371.0,12,0.0,484.12,0,tripinfo_SouthEvansGateToSilbury.169 emissions_SouthEvansGateToSilbury.169,gasoline_euro4,1.05,78344.060257,1841166.024292,398.87177,39.654017,798.694775,587270.889705,0.0
SouthEvansGateToSilbury.167,3006.0,526_0,4.6,0.0,0.0,3721.0,215_1,19.43,11.42,715.0,2705.65,374.0,14,0.0,487.46,0,tripinfo_SouthEvansGateToSilbury.167 emissions_SouthEvansGateToSilbury.167,electric,0.88,0.0,0.0,0.0,0.0,0.0,0.0,0.0
EastA509ToH6.74,1332.0,770_0,4.6,0.0,0.0,3723.0,522_1,56.88,12.04,2391.0,3285.78,1927.0,36,0.0,2120.97,0,tripinfo_EastA509ToH6.74 emissions_EastA509ToH6.74,electric,0.89,0.0,0.0,0.0,0.0,0.0,0.0,0.0
EastA509ToH6.95,1710.0,770_0,5.1,0.0,0.0,3723.0,522_0,56.88,14.05,2013.0,3288.34,1631.0,23,0.0,1786.45,0,tripinfo_EastA509ToH6.95 emissions_EastA509ToH6.95,gasoline_euro4,1.06,290759.840085,5360696.73966,1448.701721,126.473815,2403.445444,1709911.588114,0.0
EastA509ToH6.97,1746.0,770_0,5.1,0.0,0.0,3727.0,522_1,56.88,12.05,1981.0,3286.86,1588.0,22,0.0,1726.63,0,tripinfo_EastA509ToH6.97 emissions_EastA509ToH6.97,gasoline_euro4,0.94,284369.021551,5244532.343399,1417.316586,123.501895,2350.534234,1672858.671138,0.0
EastA509ToH6.78,1404.0,770_0,5.1,0.0,0.0,3728.0,522_1,56.88,12.96,2324.0,3285.3,1861.0,42,0.0,2086.28,0,tripinfo_EastA509ToH6.78 emissions_EastA509ToH6.78,gasoline_euro4,1.01,339787.319156,6126444.753826,1690.03483,145.72035,2755.104156,1954167.117248,0.0
WestH6ToSaxonSt.98,1176.0,524_0,4.6,0.0,0.0,3746.0,771_1,56.88,17.15,2570.0,2570.37,2085.0,42,0.0,2419.64,0,tripinfo_WestH6ToSaxonSt.98 emissions_WestH6ToSaxonSt.98,electric,1.25,0.0,0.0,0.0,0.0,0.0,0.0,0.0
WestH6ToSaxonSt.96,1152.0,524_0,5.1,0.0,0.0,3758.0,771_1,56.88,11.58,2606.0,2569.84,2092.0,42,0.0,2400.39,0,tripinfo_WestH6ToSaxonSt.96 emissions_WestH6ToSaxonSt.96,gasoline_euro4,0.92,385526.413857,6693912.163395,1912.177908,161.267257,3027.188264,2135180.151601,0.0
EastSilburyToEastAvebury.88,2501.0,317_0,5.1,0.0,693.0,3798.0,213_1,19.13,13.96,1297.0,2987.08,878.0,29,0.0,1083.72,0,tripinfo_EastSilburyToEastAvebury.88 emissions_EastSilburyToEastAvebury.88,gasoline_euro4,1.02,173568.489832,3407616.469902,868.793035,77.712171,1507.648814,1086929.846573,0.0
SouthEvansGateToSilbury.174,3132.0,526_0,4.6,0.0,0.0,3798.0,215_1,19.43,14.31,666.0,2705.63,346.0,12,0.0,472.31,0,tripinfo_SouthEvansGateToSilbury.174 emissions_SouthEvansGateToSilbury.174,electric,1.03,0.0,0.0,0.0,0.0,0.0,0.0,0.0
EastA509ToH6.40,720.0,770_0,5.1,0.0,0.0,3799.0,522_1,56.88,13.29,3079.0,3260.43,2676.0,15,0.0,2766.97,0,tripinfo_EastA509ToH6.40 emissions_EastA509ToH6.40,gasoline_euro4,1.0,456251.270357,7886224.813265,2261.336872,190.437605,3562.463297,2515497.373519,0.0
EastSilburyToEastAvebury.86,2494.0,317_0,4.6,0.0,718.0,3800.0,213_0,19.13,10.81,1306.0,2987.54,858.0,31,0.0,1041.67,0,tripinfo_EastSilburyToEastAvebury.86 emissions_EastSilburyToEastAvebury.86,electric,0.82,0.0,0.0,0.0,0.0,0.0,0.0,0.0
EastSilburyToEastAvebury.90,2575.0,317_0,5.1,0.0,735.0,3800.0,213_1,19.13,15.51,1225.0,2987.08,794.0,27,0.0,1034.13,0,tripinfo_EastSilburyToEastAvebury.90 emissions_EastSilburyToEastAvebury.90,gasoline_euro4,1.14,161626.258439,3240189.619801,811.485392,74.019577,1436.240485,1033523.272995,0.0
SouthEvansGateToSilbury.172,3096.0,526_0,5.1,0.0,0.0,3801.0,215_1,19.43,13.08,705.0,2705.15,375.0,12,0.0,495.57,0,tripinfo_SouthEvansGateToSilbury.172 emissions_SouthEvansGateToSilbury.172,gasoline_euro4,0.95,80961.25175,1880336.075596,412.258672,40.353955,816.447849,599765.618661,0.0
EastSilburyToEastAvebury.91,2581.0,317_0,4.6,0.0,725.0,3802.0,213_0,19.13,15.1,1221.0,2992.71,777.0,27,0.0,1021.52,0,tripinfo_EastSilburyToEastAvebury.91 emissions_EastSilburyToEastAvebury.91,electric,1.09,0.0,0.0,0.0,0.0,0.0,0.0,0.0
SouthEvansGateToSilbury.175,3150.0,526_0,4.6,0.0,0.0,3806.0,215_1,19.43,10.15,656.0,2705.64,310.0,12,0.0,412.78,0,tripinfo_SouthEvansGateToSilbury.175 emissions_SouthEvansGateToSilbury.175,electric,0.82,0.0,0.0,0.0,0.0,0.0,0.0,0.0
EastSilburyToEastAvebury.92,2587.0,317_0,4.6,0.0,715.0,3807.0,213_1,19.13,14.57,1220.0,2987.58,788.0,30,0.0,1019.69,0,tripinfo_EastSilburyToEastAvebury.92 emissions_EastSilburyToEastAvebury.92,electric,1.09,0.0,0.0,0.0,0.0,0.0,0.0,0.0
EastSilburyToEastAvebury.94,2669.0,317_0,4.6,0.0,765.0,3809.0,213_1,19.13,15.5,1140.0,2987.58,729.0,27,0.0,958.84,0,tripinfo_EastSilburyToEastAvebury.94 emissions_EastSilburyToEastAvebury.94,electric,1.2,0.0,0.0,0.0,0.0,0.0,0.0,0.0
SouthEvansGateToSilbury.176,3168.0,526_0,4.6,0.0,0.0,3812.0,215_1,19.43,13.43,644.0,2705.65,333.0,9,0.0,440.24,0,tripinfo_SouthEvansGateToSilbury.176 emissions_SouthEvansGateToSilbury.176,electric,0.98,0.0,0.0,0.0,0.0,0.0,0.0,0.0
EastAveburyToWestA509.180,1730.0,483_0,4.6,0.0,0.0,3819.0,774_2,29.75,14.79,2089.0,2210.26,1720.0,39,0.0,1939.94,0,tripinfo_EastAveburyToWestA509.180 emissions_EastAveburyToWestA509.180,electric,1.08,0.0,0.0,0.0,0.0,0.0,0.0,0.0
EastAveburyToWestA509.168,1628.0,483_0,4.6,0.0,0.0,3831.0,774_1,29.75,14.21,2203.0,2213.92,1806.0,45,0.0,2048.55,0,tripinfo_EastAveburyToWestA509.168 emissions_EastAveburyToWestA509.168,electric,1.04,0.0,0.0,0.0,0.0,0.0,0.0,0.0
EastAveburyToWestA509.218,2069.0,483_0,4.6,0.0,16.0,3835.0,774_2,29.75,12.69,1766.0,2210.28,1410.0,38,0.0,1594.65,0,tripinfo_EastAveburyToWestA509.218 emissions_EastAveburyToWestA509.218,electric,0.94,0.0,0.0,0.0,0.0,0.0,0.0,0.0
EastAveburyToWestA509.233,2181.0,483_0,5.1,0.0,0.5,3835.0,774_1,29.75,11.29,1654.0,2209.78,1334.0,28,0.0,1465.97,0,tripinfo_EastAveburyToWestA509.233 emissions_EastAveburyToWestA509.233,gasoline_euro4,0.85,241170.736931,4348059.288379,1200.049039,103.249658,1957.181923,1386911.206365,0.0
EastAveburyToWestA509.101,1059.0,483_0,4.6,0.0,0.5,3837.0,774_0,29.75,14.07,2778.0,2210.74,2308.0,49,0.0,2619.51,0,tripinfo_EastAveburyToWestA509.101 emissions_EastAveburyToWestA509.101,electric,1.02,0.0,0.0,0.0,0.0,0.0,0.0,0.0
WestH6ToSaxonSt.97,1164.0,524_0,5.1,0.0,0.0,3837.0,771_1,56.88,12.74,2673.0,2569.87,2152.0,44,0.0,2483.87,0,tripinfo_WestH6ToSaxonSt.97 emissions_WestH6ToSaxonSt.97,gasoline_euro4,1.0,397953.969937,6907712.492281,1973.475542,166.752466,3124.766474,2203376.49226,0.0
EastAveburyToWestA509.144,1424.0,483_0,5.1,0.0,0.0,3837.0,774_2,29.75,13.26,2413.0,2209.78,1996.0,44,0.0,2252.67,0,tripinfo_EastAveburyToWestA509.144 emissions_EastAveburyToWestA509.144,gasoline_euro4,1.0,364788.321951,6350439.858694,1809.943551,153.933238,2878.415977,2025619.907092,0.0
EastAveburyToWestA509.235,2233.0,483_0,5.1,0.0,35.5,3839.0,774_1,29.75,12.91,1606.0,2209.78,1268.0,29,0.0,1436.05,0,tripinfo_EastAveburyToWestA509.235 emissions_EastAveburyToWestA509.235,gasoline_euro4,0.94,233097.869808,4226451.240124,1159.983135,100.208113,1899.900231,1348120.972533,0.0
WestA509ToEastH6.47,1695.0,773_0,4.6,0.0,3.0,3878.0,522_0,56.88,11.55,2183.0,3658.19,1732.0,31,0.0,1874.01,0,tripinfo_WestA509ToEastH6.47 emissions_WestA509ToEastH6.47,electric,0.86,0.0,0.0,0.0,0.0,0.0,0.0,0.0
WestA509ToEastH6.55,1982.0,773_0,4.6,0.0,2.0,3879.0,522_1,56.88,12.39,1897.0,3658.15,1433.0,25,0.0,1625.23,0,tripinfo_WestA509ToEastH6.55 emissions_WestA509ToEastH6.55,electric,0.97,0.0,0.0,0.0,0.0,0.0,0.0,0.0
WestA509ToEastH6.49,1767.0,773_0,4.6,0.0,3.0,3880.0,522_1,56.88,13.46,2113.0,3658.2,1665.0,31,0.0,1850.78,0,tripinfo_WestA509ToEastH6.49 emissions_WestA509ToEastH6.49,electric,1.01,0.0,0.0,0.0,0.0,0.0,0.0,0.0
SouthEvansGateToSilbury.177,3186.0,526_0,5.1,0.0,0.0,3886.0,215_1,19.43,12.87,700.0,2705.13,381.0,11,0.0,499.03,0,tripinfo_SouthEvansGateToSilbury.177 emissions_SouthEvansGateToSilbury.177,gasoline_euro4,0.99,82109.956742,1895677.380759,417.303075,40.77047,822.060214,604659.22379,0.0
SouthEvansGateToSilbury.178,3204.0,526_0,4.6,0.0,0.0,3886.0,215_0,19.43,14.87,682.0,2705.71,368.0,10,0.0,504.67,0,tripinfo_SouthEvansGateToSilbury.178 emissions_SouthEvansGateToSilbury.178,electric,1.13,0.0,0.0,0.0,0.0,0.0,0.0,0.0
EastSilburyToEastAvebury.89,2570.0,317_0,5.1,0.0,746.0,3888.0,213_0,19.13,11.23,1318.0,2992.16,833.0,28,0.0,1054.94,0,tripinfo_EastSilburyToEastAvebury.89 emissions_EastSilburyToEastAvebury.89,gasoline_euro4,0.83,170102.312154,3319480.334134,852.006035,75.21593,1470.411929,1058818.083504,0.0
EastSilburyToEastAvebury.95,2672.0,317_0,5.1,0.0,752.0,3888.0,213_1,19.13,12.34,1216.0,2987.08,756.0,23,0.0,972.19,0,tripinfo_EastSilburyToEastAvebury.95 emissions_EastSilburyToEastAvebury.95,gasoline_euro4,0.89,155883.244536,3115261.638257,781.971596,70.016385,1374.108482,993676.611041,0.0
SouthEvansGateToSilbury.179,3222.0,526_0,4.6,0.0,0.0,3888.0,215_1,19.43,15.37,666.0,2705.6,380.0,11,0.0,486.46,0,tripinfo_SouthEvansGateToSilbury.179 emissions_SouthEvansGateToSilbury.179,electric,1.11,0.0,0.0,0.0,0.0,0.0,0.0,0.0
SouthEvansGateToSilbury.180,3240.0,526_0,4.6,0.0,0.0,3888.0,215_0,19.43,13.2,648.0,2705.71,350.0,13,0.0,454.25,0,tripinfo_SouthEvansGateToSilbury.180 emissions_SouthEvansGateToSilbury.180,electric,1.03,0.0,0.0,0.0,0.0,0.0,0.0,0.0
EastSilburyToEastAvebury.96,2675.0,317_0,4.6,0.0,739.0,3889.0,213_1,19.13,12.93,1214.0,2992.7,761.0,24,0.0,995.18,0,tripinfo_EastSilburyToEastAvebury.96 emissions_EastSilburyToEastAvebury.96,electric,0.99,0.0,0.0,0.0,0.0,0.0,0.0,0.0
EastSilburyToEastAvebury.93,2664.0,317_0,5.1,0.0,776.0,3890.0,213_0,19.13,11.78,1226.0,2992.16,761.0,26,0.0,969.7,0,tripinfo_EastSilburyToEastAvebury.93 emissions_EastSilburyToEastAvebury.93,gasoline_euro4,0.85,157420.30438,3130354.948291,789.70497,70.43726,1382.799279,998491.272616,0.0
SouthEvansGateToSilbury.182,3276.0,526_0,4.6,0.0,0.0,3890.0,215_1,19.43,14.97,614.0,2705.63,339.0,11,0.0,441.74,0,tripinfo_SouthEvansGateToSilbury.182 emissions_SouthEvansGateToSilbury.182,electric,1.16,0.0,0.0,0.0,0.0,0.0,0.0,0.0
EastSilburyToEastAvebury.97,2745.0,317_0,5.1,0.0,793.0,3891.0,213_0,19.13,13.64,1146.0,2987.1,713.0,25,0.0,951.02,0,tripinfo_EastSilburyToEastAvebury.97 emissions_EastSilburyToEastAvebury.97,gasoline_euro4,1.12,151254.927573,3082115.668458,759.952727,70.223312,1363.226621,983101.043295,0.0
EastSilburyToEastAvebury.99,2758.0,317_0,4.6,0.0,774.0,3891.0,213_1,19.13,16.37,1133.0,2987.58,724.0,26,0.0,948.05,0,tripinfo_EastSilburyToEastAvebury.99 emissions_EastSilburyToEastAvebury.99,electric,1.18,0.0,0.0,0.0,0.0,0.0,0.0,0.0
EastSilburyToEastAvebury.98,2754.0,317_0,4.6,0.0,786.0,3902.0,213_1,19.13,12.81,1148.0,2992.7,696.0,26,0.0,916.23,0,tripinfo_EastSilburyToEastAvebury.98 emissions_EastSilburyToEastAvebury.98,electric,0.94,0.0,0.0,0.0,0.0,0.0,0.0,0.0
EastSilburyToEastAvebury.100,2761.0,317_0,4.6,0.0,761.0,3973.0,213_1,19.13,14.79,1212.0,2987.58,798.0,24,0.0,1013.36,0,tripinfo_EastSilburyToEastAvebury.100 emissions_EastSilburyToEastAvebury.100,electric,1.1,0.0,0.0,0.0,0.0,0.0,0.0,0.0
EastSilburyToEastAvebury.102,2850.0,317_0,5.1,0.0,818.0,3973.0,213_0,19.13,14.99,1123.0,2987.1,713.0,25,0.0,931.91,0,tripinfo_EastSilburyToEastAvebury.102 emissions_EastSilburyToEastAvebury.102,gasoline_euro4,1.14,147791.057095,3018064.105992,742.806986,68.616329,1333.07534,962670.54293,0.0
SouthEvansGateToSilbury.181,3258.0,526_0,5.1,0.0,0.0,3974.0,215_0,19.43,12.92,716.0,2705.18,410.0,13,0.0,511.49,0,tripinfo_SouthEvansGateToSilbury.181 emissions_SouthEvansGateToSilbury.181,gasoline_euro4,0.97,84210.91345,1925835.336283,427.972656,41.724597,837.959631,614278.793816,0.0
EastSilburyToEastAvebury.101,2839.0,317_0,4.6,0.0,823.0,3975.0,213_1,19.13,12.7,1136.0,2992.7,710.0,23,0.0,916.65,0,tripinfo_EastSilburyToEastAvebury.101 emissions_EastSilburyToEastAvebury.101,electric,0.99,0.0,0.0,0.0,0.0,0.0,0.0,0.0
EastSilburyToEastAvebury.104,2934.0,317_0,5.1,0.0,870.0,3975.0,213_0,19.13,15.85,1041.0,2987.1,674.0,19,0.0,857.77,0,tripinfo_EastSilburyToEastAvebury.104 emissions_EastSilburyToEastAvebury.104,gasoline_euro4,1.19,136500.598953,2866101.374915,687.981091,65.033492,1264.249586,914196.840087,0.0
SouthEvansGateToSilbury.184,3312.0,526_0,5.1,0.0,0.0,3975.0,215_1,19.43,12.46,663.0,2705.13,360.0,12,0.0,456.64,0,tripinfo_SouthEvansGateToSilbury.184 emissions_SouthEvansGateToSilbury.184,gasoline_euro4,0.97,75075.969404,1780879.63968,382.703952,37.701751,768.304789,568041.913865,0.0
SouthEvansGateToSilbury.186,3348.0,526_0,5.1,0.0,0.0,3976.0,215_0,19.43,13.93,628.0,2705.18,330.0,12,0.0,431.98,0,tripinfo_SouthEvansGateToSilbury.186 emissions_SouthEvansGateToSilbury.186,gasoline_euro4,1.01,71770.01188,1767998.816142,367.692233,37.766466,765.930299,563931.140755,0.0
EastSilburyToEastAvebury.103,2928.0,317_0,5.1,0.0,880.0,3977.0,213_1,19.13,15.76,1049.0,2992.2,684.0,22,0.0,868.77,0,tripinfo_EastSilburyToEastAvebury.103 emissions_EastSilburyToEastAvebury.103,gasoline_euro4,1.21,138777.188488,2934253.771003,700.035592,66.727948,1295.48841,935934.50849,0.0
EastSilburyToEastAvebury.105,2937.0,317_0,4.6,0.0,857.0,3977.0,213_0,19.13,13.42,1040.0,2987.6,681.0,17,0.0,828.29,0,tripinfo_EastSilburyToEastAvebury.105 emissions_EastSilburyToEastAvebury.105,electric,1.03,0.0,0.0,0.0,0.0,0.0,0.0,0.0
SouthEvansGateToSilbury.183,3294.0,526_0,5.1,0.0,0.0,3977.0,215_1,19.43,12.5,683.0,2705.13,368.0,13,0.0,480.56,0,tripinfo_SouthEvansGateToSilbury.183 emissions_SouthEvansGateToSilbury.183,gasoline_euro4,0.99,78088.060845,1832808.184336,397.732624,39.207375,794.087613,584605.410818,0.0
SouthEvansGateToSilbury.185,3330.0,526_0,5.1,0.0,0.0,3978.0,215_0,19.43,15.85,648.0,2705.13,359.0,11,0.0,473.47,0,tripinfo_SouthEvansGateToSilbury.185 emissions_SouthEvansGateToSilbury.185,gasoline_euro4,1.15,77121.124683,1858712.629886,394.000742,40.565045,808.814893,592865.87582,0.0
EastA509ToH6.94,1692.0,770_0,5.1,0.0,0.0,3988.0,522_0,56.88,11.73,2296.0,3264.63,1862.0,18,0.0,1960.52,0,tripinfo_EastA509ToH6.94 emissions_EastA509ToH6.94,gasoline_euro4,0.88,324255.855563,5820813.708158,1612.494916,137.773737,2613.398622,1856680.998114,0.0
EastA509ToH6.154,2772.0,770_0,5.1,0.0,0.0,3989.0,522_1,56.88,13.59,1217.0,3232.84,832.0,13,0.0,907.28,0,tripinfo_EastA509ToH6.154 emissions_EastA509ToH6.154,gasoline_euro4,1.03,150483.184586,3032955.140254,755.426392,68.998162,1340.336445,967421.618504,0.0
EastSilburyToEastAvebury.106,2940.0,317_0,4.6,0.0,844.0,3991.0,213_1,19.13,12.31,1051.0,2987.59,674.0,17,0.0,810.12,0,tripinfo_EastSilburyToEastAvebury.106 emissions_EastSilburyToEastAvebury.106,electric,0.9,0.0,0.0,0.0,0.0,0.0,0.0,0.0
EastA509ToH6.147,2646.0,770_0,5.1,0.0,0.0,3991.0,522_1,56.88,13.47,1345.0,3270.43,1016.0,19,0.0,1110.52,0,tripinfo_EastA509ToH6.147 emissions_EastA509ToH6.147,gasoline_euro4,1.0,184085.612237,3585803.259164,921.286787,82.540558,1591.799816,1143766.318415,0.0
EastSilburyToEastAvebury.110,3025.0,317_0,4.6,0.0,865.0,4061.0,213_0,19.13,15.91,1036.0,2987.6,692.0,16,0.0,859.97,0,tripinfo_EastSilburyToEastAvebury.110 emissions_EastSilburyToEastAvebury.110,electric,1.24,0.0,0.0,0.0,0.0,0.0,0.0,0.0
EastSilburyToEastAvebury.109,3022.0,317_0,4.6,0.0,878.0,4063.0,213_1,19.13,11.73,1041.0,2987.58,673.0,15,0.0,800.46,0,tripinfo_EastSilburyToEastAvebury.109 emissions_EastSilburyToEastAvebury.109,electric,0.9,0.0,0.0,0.0,0.0,0.0,0.0,0.0
SouthEvansGateToSilbury.191,3438.0,526_0,4.6,0.0,0.0,4063.0,215_1,19.43,12.65,625.0,2705.63,329.0,13,0.0,423.53,0,tripinfo_SouthEvansGateToSilbury.191 emissions_SouthEvansGateToSilbury.191,electric,0.99,0.0,0.0,0.0,0.0,0.0,0.0,0.0
EastSilburyToEastAvebury.108,3019.0,317_0,5.1,0.0,891.0,4065.0,213_1,19.13,12.53,1046.0,2992.19,685.0,18,0.0,811.26,0,tripinfo_EastSilburyToEastAvebury.108 emissions_EastSilburyToEastAvebury.108,gasoline_euro4,0.93,132924.811985,2736132.20346,668.674187,60.995192,1202.864883,872743.562707,0.0
SouthEvansGateToSilbury.190,3420.0,526_0,5.1,0.0,0.0,4065.0,215_1,19.43,12.08,645.0,2705.13,325.0,15,0.0,431.57,0,tripinfo_SouthEvansGateToSilbury.190 emissions_SouthEvansGateToSilbury.190,gasoline_euro4,0.94,71035.819052,1711887.188638,363.066769,36.214579,739.628743,546034.858627,0.0
EastSilburyToEastAvebury.107,3010.0,317_0,4.6,0.0,898.0,4068.0,213_0,19.13,9.91,1058.0,2992.65,627.0,17,0.0,767.75,0,tripinfo_EastSilburyToEastAvebury.107 emissions_EastSilburyToEastAvebury.107,electric,0.75,0.0,0.0,0.0,0.0,0.0,0.0,0.0
SouthEvansGateToSilbury.187,3366.0,526_0,4.6,0.0,0.0,4068.0,215_1,19.43,12.72,702.0,2705.65,379.0,14,0.0,483.96,0,tripinfo_SouthEvansGateToSilbury.187 emissions_SouthEvansGateToSilbury.187,electric,0.92,0.0,0.0,0.0,0.0,0.0,0.0,0.0
SouthEvansGateToSilbury.189,3402.0,526_0,5.1,0.0,0.0,4069.0,215_1,19.43,13.42,667.0,2705.1,354.0,13,0.0,470.26,0,tripinfo_SouthEvansGateToSilbury.189 emissions_SouthEvansGateToSilbury.189,gasoline_euro4,1.01,76423.562426,1790467.546529,389.125743,38.365389,775.638333,571100.171781,0.0
EastSilburyToEastAvebury.111,3097.0,317_0,5.1,0.0,921.0,4071.0,213_1,19.13,14.91,974.0,2987.08,648.0,17,0.0,774.01,0,tripinfo_EastSilburyToEastAvebury.111 emissions_EastSilburyToEastAvebury.111,gasoline_euro4,1.09,125736.852076,2645702.983166,632.836576,59.058132,1158.687797,843897.564814,0.0
SouthEvansGateToSilbury.188,3384.0,526_0,5.1,0.0,0.0,4073.0,215_1,19.43,13.7,689.0,2705.15,373.0,16,0.0,487.48,0,tripinfo_SouthEvansGateToSilbury.188 emissions_SouthEvansGateToSilbury.188,gasoline_euro4,0.99,80207.095082,1857560.412794,408.095854,40.036122,806.441104,592500.918654,0.0
WestH6ToSaxonSt.99,1188.0,524_0,5.1,0.0,0.0,4106.0,771_1,56.88,13.22,2918.0,2569.84,2405.0,44,0.0,2727.61,0,tripinfo_WestH6ToSaxonSt.99 emissions_WestH6ToSaxonSt.99,gasoline_euro4,0.99,440161.945897,7599542.04475,2181.65752,183.914059,3440.570853,2424052.667649,0.0
WestH6ToSaxonSt.100,1200.0,524_0,5.1,0.0,0.0,4111.0,771_1,56.88,11.64,2911.0,2569.87,2376.0,41,0.0,2705.43,0,tripinfo_WestH6ToSaxonSt.100 emissions_WestH6ToSaxonSt.100,gasoline_euro4,0.92,434696.416481,7494899.190494,2154.718157,181.299823,3393.868875,2390674.833103,0.0
EastSilburyToEastAvebury.113,3108.0,317_0,5.1,0.0,900.0,4150.0,213_0,19.13,12.27,1042.0,2987.1,672.0,19,0.0,814.0,0,tripinfo_EastSilburyToEastAvebury.113 emissions_EastSilburyToEastAvebury.113,gasoline_euro4,0.95,133150.168892,2749674.622998,670.184477,61.720479,1211.896513,877062.408703,0.0
SouthEvansGateToSilbury.192,3456.0,526_0,5.1,0.0,0.0,4150.0,215_0,19.43,13.31,694.0,2705.21,379.0,16,0.0,497.62,0,tripinfo_SouthEvansGateToSilbury.192 emissions_SouthEvansGateToSilbury.192,gasoline_euro4,1.01,81817.043612,1907983.194897,416.556441,41.452941,831.038647,608583.319583,0.0
SouthEvansGateToSilbury.194,3492.0,526_0,5.1,0.0,0.0,4150.0,215_1,19.43,13.62,658.0,2705.13,341.0,12,0.0,463.12,0,tripinfo_SouthEvansGateToSilbury.194 emissions_SouthEvansGateToSilbury.194,gasoline_euro4,1.02,75649.755943,1841416.202389,387.084395,39.614621,799.375292,587349.039101,0.0
EastSilburyToEastAvebury.112,3105.0,317_0,4.6,0.0,913.0,4151.0,213_1,19.13,11.64,1046.0,2992.69,676.0,16,0.0,809.2,0,tripinfo_EastSilburyToEastAvebury.112 emissions_EastSilburyToEastAvebury.112,electric,0.92,0.0,0.0,0.0,0.0,0.0,0.0,0.0
SouthEvansGateToSilbury.195,3510.0,526_0,4.6,0.0,0.0,4152.0,215_1,19.43,15.03,642.0,2705.63,331.0,10,0.0,461.64,0,tripinfo_SouthEvansGateToSilbury.195 emissions_SouthEvansGateToSilbury.195,electric,1.11,0.0,0.0,0.0,0.0,0.0,0.0,0.0
SouthEvansGateToSilbury.196,3528.0,526_0,4.6,0.0,0.0,4154.0,215_0,19.43,12.56,626.0,2705.68,316.0,10,0.0,411.11,0,tripinfo_SouthEvansGateToSilbury.196 emissions_SouthEvansGateToSilbury.196,electric,0.93,0.0,0.0,0.0,0.0,0.0,0.0,0.0
SouthEvansGateToSilbury.193,3474.0,526_0,5.1,0.0,0.0,4155.0,215_1,19.43,12.25,681.0,2705.1,346.0,11,0.0,468.03,0,tripinfo_SouthEvansGateToSilbury.193 emissions_SouthEvansGateToSilbury.193,gasoline_euro4,0.94,76590.077081,1818885.607596,390.986627,38.786165,788.335776,580164.117556,0.0
SouthEvansGateToSilbury.197,3546.0,526_0,4.6,0.0,0.0,4158.0,215_0,19.43,13.18,612.0,2705.68,292.0,10,0.0,401.7,0,tripinfo_SouthEvansGateToSilbury.197 emissions_SouthEvansGateToSilbury.197,electric,0.95,0.0,0.0,0.0,0.0,0.0,0.0,0.0
EastSilburyToEastAvebury.114,3117.0,317_0,4.6,0.0,893.0,4166.0,213_1,19.13,12.45,1049.0,2987.58,689.0,20,0.0,817.14,0,tripinfo_EastSilburyToEastAvebury.114 emissions_EastSilburyToEastAvebury.114,electric,0.94,0.0,0.0,0.0,0.0,0.0,0.0,0.0
EastAveburyToWestA509.206,1960.0,483_0,4.6,0.0,9.0,4173.0,774_2,29.75,14.27,2213.0,2210.26,1871.0,37,0.0,2057.29,0,tripinfo_EastAveburyToWestA509.206 emissions_EastAveburyToWestA509.206,electric,1.03,0.0,0.0,0.0,0.0,0.0,0.0,0.0
EastAveburyToWestA509.103,1076.0,483_0,5.1,0.0,0.5,4180.0,774_1,29.75,11.87,3104.0,2209.78,2657.0,45,0.0,2934.25,0,tripinfo_EastAveburyToWestA509.103 emissions_EastAveburyToWestA509.103,gasoline_euro4,0.95,475533.930906,8102911.901843,2354.874729,197.62607,3679.603021,2584616.505644,0.0
EastAveburyToWestA509.220,2073.0,483_0,4.6,0.0,3.0,4187.0,774_0,29.75,11.58,2114.0,2210.77,1754.0,35,0.0,1930.96,0,tripinfo_EastAveburyToWestA509.220 emissions_EastAveburyToWestA509.220,electric,0.88,0.0,0.0,0.0,0.0,0.0,0.0,0.0
EastAveburyToWestA509.240,2310.0,483_0,4.6,0.0,70.0,4188.0,774_1,29.75,11.72,1878.0,2213.92,1532.0,37,0.0,1700.97,0,tripinfo_EastAveburyToWestA509.240 emissions_EastAveburyToWestA509.240,electric,0.91,0.0,0.0,0.0,0.0,0.0,0.0,0.0
EastAveburyToWestA509.184,1764.0,483_0,5.1,0.0,0.0,4189.0,774_2,29.75,11.55,2425.0,2209.78,2012.0,42,0.0,2248.58,0,tripinfo_EastAveburyToWestA509.184 emissions_EastAveburyToWestA509.184,gasoline_euro4,0.91,364754.065989,6346094.060217,1809.438173,153.245424,2872.747772,2024234.494962,0.0
EastAveburyToWestA509.245,2322.0,483_0,5.1,0.0,39.5,4193.0,774_1,29.75,11.4,1871.0,2209.78,1502.0,42,0.0,1686.69,0,tripinfo_EastAveburyToWestA509.245 emissions_EastAveburyToWestA509.245,gasoline_euro4,0.87,276293.458562,4936973.032436,1373.762762,118.086228,2227.828309,1574759.055908,0.0
EastAveburyToWestA509.250,2337.0,483_0,4.6,0.0,12.0,4195.0,774_1,29.75,11.1,1858.0,2213.42,1486.0,41,0.0,1675.02,0,tripinfo_EastAveburyToWestA509.250 emissions_EastAveburyToWestA509.250,electric,0.88,0.0,0.0,0.0,0.0,0.0,0.0,0.0
WestA509ToEastH6.51,1839.0,773_0,5.1,0.0,3.0,4224.0,522_1,56.88,11.89,2385.0,3604.98,1926.0,34,0.0,2097.65,0,tripinfo_WestA509ToEastH6.51 emissions_WestA509ToEastH6.51,gasoline_euro4,0.91,345541.643905,6286560.092301,1720.014744,148.322833,2820.051714,2005238.898706,0.0
EastSilburyToEastAvebury.115,3191.0,317_0,5.1,0.0,951.0,4237.0,213_0,19.13,16.84,1046.0,2981.38,732.0,20,0.0,874.9,0,tripinfo_EastSilburyToEastAvebury.115 emissions_EastSilburyToEastAvebury.115,gasoline_euro4,1.27,142764.369966,2953176.125355,717.947633,67.553839,1302.761375,941971.765863,0.0
SouthEvansGateToSilbury.199,3582.0,526_0,4.6,0.0,0.0,4238.0,215_1,19.43,14.21,656.0,2705.63,351.0,13,0.0,465.81,0,tripinfo_SouthEvansGateToSilbury.199 emissions_SouthEvansGateToSilbury.199,electric,1.05,0.0,0.0,0.0,0.0,0.0,0.0,0.0
SouthEvansGateToSilbury.198,3564.0,526_0,5.1,0.0,0.0,4240.0,215_0,19.43,12.13,676.0,2705.18,351.0,11,0.0,453.76,0,tripinfo_SouthEvansGateToSilbury.198 emissions_SouthEvansGateToSilbury.198,gasoline_euro4,0.9,75909.149807,1785035.238238,386.891317,37.771986,771.7106,569367.797234,0.0
EastSilburyToEastAvebury.116,3195.0,317_0,4.6,0.0,939.0,4246.0,213_1,19.13,15.28,1051.0,2992.69,717.0,22,0.0,853.3,0,tripinfo_EastSilburyToEastAvebury.116 emissions_EastSilburyToEastAvebury.116,electric,1.1,0.0,0.0,0.0,0.0,0.0,0.0,0.0
EastSilburyToEastAvebury.119,3290.0,317_0,5.1,0.0,986.0,4248.0,213_1,19.13,15.79,958.0,2987.08,623.0,17,0.0,766.78,0,tripinfo_EastSilburyToEastAvebury.119 emissions_EastSilburyToEastAvebury.119,gasoline_euro4,1.14,123452.416795,2606948.755603,622.526846,58.805472,1147.971355,831535.206429,0.0
EastSilburyToEastAvebury.120,3360.0,317_0,5.1,0.0,1040.0,4250.0,213_1,19.13,14.57,890.0,2987.08,570.0,19,0.0,690.6,0,tripinfo_EastSilburyToEastAvebury.120 emissions_EastSilburyToEastAvebury.120,gasoline_euro4,1.09,113084.964322,2408783.039972,569.980337,53.543024,1053.619254,768326.818641,0.0
WestA509ToEastH6.52,1875.0,773_0,4.6,0.0,3.0,4303.0,522_1,56.88,14.78,2428.0,3658.2,1963.0,35,0.0,2181.76,0,tripinfo_WestA509ToEastH6.52 emissions_WestA509ToEastH6.52,electric,1.08,0.0,0.0,0.0,0.0,0.0,0.0,0.0
EastSilburyToEastAvebury.118,3273.0,317_0,4.6,0.0,985.0,4326.0,213_1,19.13,12.19,1053.0,2981.86,688.0,21,0.0,820.49,0,tripinfo_EastSilburyToEastAvebury.118 emissions_EastSilburyToEastAvebury.118,electric,0.93,0.0,0.0,0.0,0.0,0.0,0.0,0.0
EastSilburyToEastAvebury.117,3200.0,317_0,4.6,0.0,928.0,4328.0,213_0,19.13,11.52,1128.0,2992.66,743.0,24,0.0,882.58,0,tripinfo_EastSilburyToEastAvebury.117 emissions_EastSilburyToEastAvebury.117,electric,0.89,0.0,0.0,0.0,0.0,0.0,0.0,0.0
EastSilburyToEastAvebury.121,3375.0,317_0,4.6,0.0,1039.0,4337.0,213_1,19.13,14.22,962.0,2992.69,637.0,18,0.0,753.86,0,tripinfo_EastSilburyToEastAvebury.121 emissions_EastSilburyToEastAvebury.121,electric,1.05,0.0,0.0,0.0,0.0,0.0,0.0,0.0
EastSilburyToEastAvebury.124,3462.0,317_0,4.6,0.0,1078.0,4338.0,213_1,19.13,14.24,876.0,2992.7,540.0,15,0.0,677.1,0,tripinfo_EastSilburyToEastAvebury.124 emissions_EastSilburyToEastAvebury.124,electric,1.1,0.0,0.0,0.0,0.0,0.0,0.0,0.0
EastSilburyToEastAvebury.122,3378.0,317_0,5.1,0.0,1026.0,4415.0,213_0,19.13,12.45,1037.0,2981.38,692.0,20,0.0,811.32,0,tripinfo_EastSilburyToEastAvebury.122 emissions_EastSilburyToEastAvebury.122,gasoline_euro4,0.96,133575.797279,2732119.607551,671.175758,60.994731,1199.755138,871464.180618,0.0
EastSilburyToEastAvebury.123,3458.0,317_0,5.1,0.0,1090.0,4416.0,213_1,19.13,10.27,958.0,2987.02,581.0,16,0.0,693.68,0,tripinfo_EastSilburyToEastAvebury.123 emissions_EastSilburyToEastAvebury.123,gasoline_euro4,0.82,115174.676343,2409567.650154,580.593158,52.6044,1053.558107,768579.352549,0.0
EastA509ToH6.99,1782.0,770_0,5.1,0.0,0.0,4420.0,522_1,56.88,12.66,2638.0,3273.19,2249.0,28,0.0,2391.94,0,tripinfo_EastA509ToH6.99 emissions_EastA509ToH6.99,gasoline_euro4,0.97,393695.952676,6973146.369273,1955.269742,167.017039,3143.105262,2224244.72083,0.0
EastSilburyToEastAvebury.127,3550.0,317_0,5.1,0.0,1118.0,4425.0,213_1,19.13,14.18,875.0,2992.19,548.0,17,0.0,662.2,0,tripinfo_EastSilburyToEastAvebury.127 emissions_EastSilburyToEastAvebury.127,gasoline_euro4,1.03,108788.67624,2346020.082526,549.094529,51.789613,1025.072343,748306.924906,0.0
EastSilburyToEastAvebury.128,3553.0,317_0,4.6,0.0,1105.0,4427.0,213_1,19.13,13.72,874.0,2992.69,543.0,16,0.0,671.1,0,tripinfo_EastSilburyToEastAvebury.128 emissions_EastSilburyToEastAvebury.128,electric,1.08,0.0,0.0,0.0,0.0,0.0,0.0,0.0
EastSilburyToEastAvebury.129,3630.0,317_0,5.1,0.0,1166.0,4429.0,213_1,19.13,14.2,799.0,2987.08,481.0,18,0.0,592.11,0,tripinfo_EastSilburyToEastAvebury.129 emissions_EastSilburyToEastAvebury.129,gasoline_euro4,1.06,97726.017472,2141296.872907,494.191018,47.2269,934.573113,683005.738545,0.0
WestA509ToAvebury.42,756.0,773_0,4.6,0.0,0.0,4456.0,213_0,19.13,14.64,3700.0,2317.84,3150.0,62,0.0,3549.19,0,tripinfo_WestA509ToAvebury.42 emissions_WestA509ToAvebury.42,electric,1.12,0.0,0.0,0.0,0.0,0.0,0.0,0.0
WestA509ToAvebury.43,774.0,773_0,5.1,0.0,0.0,4461.0,213_0,19.13,10.07,3687.0,2307.65,3179.0,42,0.0,3463.78,0,tripinfo_WestA509ToAvebury.43 emissions_WestA509ToAvebury.43,gasoline_euro4,0.81,564462.993149,9489051.187739,2792.749442,231.968172,4313.955835,3026762.78802,0.0
WestA509ToAvebury.62,1116.0,773_0,5.1,0.0,0.0,4463.0,213_0,19.13,11.78,3347.0,2259.56,2893.0,40,0.0,3171.38,0,tripinfo_WestA509ToAvebury.62 emissions_WestA509ToAvebury.62,gasoline_euro4,0.93,514946.025649,8724575.654967,2549.065299,213.183151,3965.16905,2782912.333938,0.0
WestA509ToAvebury.63,1134.0,773_0,5.1,0.0,0.0,4466.0,213_0,19.13,11.94,3332.0,2315.92,2864.0,52,0.0,3137.32,0,tripinfo_WestA509ToAvebury.63 emissions_WestA509ToAvebury.63,gasoline_euro4,0.86,512520.764241,8710329.255902,2537.901268,212.555261,3957.715318,2778367.397546,0.0
EastA509ToH6.87,1566.0,770_0,4.6,0.0,0.0,4502.0,522_1,56.88,13.58,2936.0,3285.8,2505.0,42,0.0,2706.0,0,tripinfo_EastA509ToH6.87 emissions_EastA509ToH6.87,electric,1.04,0.0,0.0,0.0,0.0,0.0,0.0,0.0
EastSilburyToEastAvebury.125,3466.0,317_0,4.6,0.0,1066.0,4503.0,213_1,19.13,11.99,1037.0,2987.59,684.0,18,0.0,796.52,0,tripinfo_EastSilburyToEastAvebury.125 emissions_EastSilburyToEastAvebury.125,electric,0.91,0.0,0.0,0.0,0.0,0.0,0.0,0.0
EastSilburyToEastAvebury.126,3539.0,317_0,4.6,0.0,1123.0,4503.0,213_0,19.13,12.36,964.0,2981.88,608.0,18,0.0,735.78,0,tripinfo_EastSilburyToEastAvebury.126 emissions_EastSilburyToEastAvebury.126,electric,0.95,0.0,0.0,0.0,0.0,0.0,0.0,0.0
EastSilburyToEastAvebury.131,3728.0,317_0,5.1,0.0,1232.0,4514.0,213_1,19.13,12.84,786.0,2987.08,472.0,13,0.0,570.58,0,tripinfo_EastSilburyToEastAvebury.131 emissions_EastSilburyToEastAvebury.131,gasoline_euro4,1.01,94441.105789,2105076.675336,477.935084,45.391793,911.111956,671452.832014,0.0
EastA509ToH6.158,2844.0,770_0,4.6,0.0,0.0,4514.0,522_1,56.88,12.75,1670.0,3219.38,1249.0,9,0.0,1308.42,0,tripinfo_EastA509ToH6.158 emissions_EastA509ToH6.158,electric,0.92,0.0,0.0,0.0,0.0,0.0,0.0,0.0
EastSilburyToEastAvebury.130,3719.0,317_0,4.6,0.0,1239.0,4516.0,213_1,19.13,13.79,797.0,2986.97,483.0,14,0.0,584.47,0,tripinfo_EastSilburyToEastAvebury.130 emissions_EastSilburyToEastAvebury.130,electric,1.02,0.0,0.0,0.0,0.0,0.0,0.0,0.0
EastSilburyToEastAvebury.132,3810.0,317_0,5.1,0.0,1298.0,4518.0,213_1,19.13,14.75,708.0,2987.08,410.0,12,0.0,509.27,0,tripinfo_EastSilburyToEastAvebury.132 emissions_EastSilburyToEastAvebury.132,gasoline_euro4,1.1,83990.341878,1972472.525328,427.441691,42.582438,853.645938,629153.361013,0.0
EastSilburyToEastAvebury.134,3817.0,317_0,4.6,0.0,1273.0,4602.0,213_1,19.13,13.1,785.0,2987.58,472.0,12,0.0,570.64,0,tripinfo_EastSilburyToEastAvebury.134 emissions_EastSilburyToEastAvebury.134,electric,1.02,0.0,0.0,0.0,0.0,0.0,0.0,0.0
EastSilburyToEastAvebury.135,3893.0,317_0,4.6,0.0,1333.0,4603.0,213_1,19.13,15.48,710.0,2987.58,412.0,12,0.0,515.92,0,tripinfo_EastSilburyToEastAvebury.135 emissions_EastSilburyToEastAvebury.135,electric,1.12,0.0,0.0,0.0,0.0,0.0,0.0,0.0
EastA509ToH6.139,2502.0,770_0,4.6,0.0,0.0,4674.0,522_1,56.88,15.18,2172.0,3198.65,1643.0,16,0.0,1731.9,0,tripinfo_EastA509ToH6.139 emissions_EastA509ToH6.139,electric,1.12,0.0,0.0,0.0,0.0,0.0,0.0,0.0
EastSilburyToEastAvebury.133,3814.0,317_0,4.6,0.0,1286.0,4678.0,213_0,19.13,12.83,864.0,2992.72,536.0,13,0.0,635.67,0,tripinfo_EastSilburyToEastAvebury.133 emissions_EastSilburyToEastAvebury.133,electric,0.96,0.0,0.0,0.0,0.0,0.0,0.0,0.0
EastSilburyToEastAvebury.139,3909.0,317_0,5.1,0.0,1285.0,4687.0,213_1,19.13,14.78,778.0,2987.08,468.0,12,0.0,575.55,0,tripinfo_EastSilburyToEastAvebury.139 emissions_EastSilburyToEastAvebury.139,gasoline_euro4,1.08,94000.918689,2108741.047704,476.113461,45.836234,914.473231,672620.825938,0.0
EastSilburyToEastAvebury.138,3905.0,317_0,4.6,0.0,1297.0,4691.0,213_1,19.13,13.66,786.0,2992.69,463.0,12,0.0,573.55,0,tripinfo_EastSilburyToEastAvebury.138 emissions_EastSilburyToEastAvebury.138,electric,1.03,0.0,0.0,0.0,0.0,0.0,0.0,0.0
WestH6ToSaxonSt.102,1224.0,524_0,4.6,0.0,0.0,4702.0,771_1,56.88,16.18,3478.0,2570.37,2958.0,49,0.0,3318.26,0,tripinfo_WestH6ToSaxonSt.102 emissions_WestH6ToSaxonSt.102,electric,1.18,0.0,0.0,0.0,0.0,0.0,0.0,0.0
EastAveburyToWestA509.167,1620.0,483_0,5.1,0.0,0.5,4703.0,774_1,29.75,13.32,3083.0,2209.79,2666.0,50,0.0,2919.64,0,tripinfo_EastAveburyToWestA509.167 emissions_EastAveburyToWestA509.167,gasoline_euro4,0.99,475254.151095,8128244.965244,2354.457986,198.358648,3691.622906,2592695.860887,0.0
EastAveburyToWestA509.211,1994.0,483_0,4.6,0.0,0.5,4706.0,774_1,29.75,12.54,2712.0,2210.28,2327.0,42,0.0,2544.15,0,tripinfo_EastAveburyToWestA509.211 emissions_EastAveburyToWestA509.211,electric,0.96,0.0,0.0,0.0,0.0,0.0,0.0,0.0
WestH6ToSaxonSt.101,1212.0,524_0,5.1,0.0,0.0,4709.0,771_1,56.88,13.36,3497.0,2569.84,2960.0,46,0.0,3312.29,0,tripinfo_WestH6ToSaxonSt.101 emissions_WestH6ToSaxonSt.101,gasoline_euro4,1.02,533502.811682,9106744.956992,2642.237143,222.095332,4135.028646,2904812.330683,0.0
WestH6ToSaxonSt.106,1272.0,524_0,5.1,0.0,0.0,4717.0,771_1,56.88,11.46,3445.0,2548.7,2842.0,46,0.0,3189.23,0,tripinfo_WestH6ToSaxonSt.106 emissions_WestH6ToSaxonSt.106,gasoline_euro4,0.91,515127.754534,8750112.916468,2550.541452,213.282866,3973.542793,2791057.817562,0.0
EastAveburyToWestA509.259,2515.0,483_0,5.1,0.0,113.5,4717.0,774_2,29.75,13.18,2202.0,2209.76,1858.0,30,0.0,2034.27,0,tripinfo_EastAveburyToWestA509.259 emissions_EastAveburyToWestA509.259,gasoline_euro4,0.96,331510.6609,5816840.153531,1645.863708,140.338087,2632.656512,1855414.967322,0.0
EastAveburyToWestA509.252,2354.0,483_0,4.6,0.0,12.0,4719.0,774_2,29.75,12.57,2365.0,2210.26,1989.0,40,0.0,2196.92,0,tripinfo_EastAveburyToWestA509.252 emissions_EastAveburyToWestA509.252,electric,0.96,0.0,0.0,0.0,0.0,0.0,0.0,0.0
EastAveburyToWestA509.258,2504.0,483_0,4.6,0.0,111.0,4720.0,774_1,29.75,9.82,2216.0,2210.26,1870.0,28,0.0,2015.3,0,tripinfo_EastAveburyToWestA509.258 emissions_EastAveburyToWestA509.258,electric,0.8,0.0,0.0,0.0,0.0,0.0,0.0,0.0
WestA509ToAvebury.52,936.0,773_0,5.1,0.0,0.0,4721.0,213_0,19.13,13.32,3785.0,2222.6,3308.0,40,0.0,3578.71,0,tripinfo_WestA509ToAvebury.52 emissions_WestA509ToAvebury.52,gasoline_euro4,1.01,581419.277488,9754171.132653,2875.709298,239.402599,4438.273591,3111328.952935,0.0
EastAveburyToWestA509.256,2462.0,483_0,4.6,0.0,86.0,4721.0,774_0,29.75,11.25,2259.0,2213.91,1911.0,30,0.0,2061.63,0,tripinfo_EastAveburyToWestA509.256 emissions_EastAveburyToWestA509.256,electric,0.81,0.0,0.0,0.0,0.0,0.0,0.0,0.0
EastAveburyToWestA509.227,2144.0,483_0,4.6,0.0,14.5,4722.0,774_1,29.75,13.27,2578.0,2197.33,2119.0,40,0.0,2368.79,0,tripinfo_EastAveburyToWestA509.227 emissions_EastAveburyToWestA509.227,electric,1.11,0.0,0.0,0.0,0.0,0.0,0.0,0.0
EastAveburyToWestA509.212,2002.0,483_0,5.1,0.0,0.0,4723.0,774_1,29.75,11.69,2721.0,2209.77,2295.0,38,0.0,2548.94,0,tripinfo_EastAveburyToWestA509.212 emissions_EastAveburyToWestA509.212,gasoline_euro4,0.93,414261.838919,7133609.152845,2053.423838,173.168052,3234.795573,2275432.45621,0.0
WestA509ToEastH6.53,1911.0,773_0,4.6,0.0,3.0,4733.0,522_1,56.88,16.26,2822.0,3658.15,2392.0,43,0.0,2610.58,0,tripinfo_WestA509ToEastH6.53 emissions_WestA509ToEastH6.53,electric,1.26,0.0,0.0,0.0,0.0,0.0,0.0,0.0
EastA509ToH6.105,1890.0,770_0,5.1,0.0,0.0,4766.0,522_1,56.88,13.76,2876.0,3264.63,2424.0,23,0.0,2579.68,0,tripinfo_EastA509ToH6.105 emissions_EastA509ToH6.105,gasoline_euro4,1.07,421872.537646,7403785.161407,2093.371937,178.334151,3341.287417,2361608.15996,0.0
EastSilburyToEastAvebury.136,3899.0,317_0,5.1,0.0,1323.0,4767.0,213_1,19.13,12.29,868.0,2988.46,537.0,12,0.0,633.34,0,tripinfo_EastSilburyToEastAvebury.136 emissions_EastSilburyToEastAvebury.136,gasoline_euro4,0.93,105109.620988,2271139.798049,530.892015,49.581188,990.013035,724423.009452,0.0
EastSilburyToEastAvebury.137,3902.0,317_0,5.1,0.0,1310.0,4767.0,213_0,19.13,11.82,865.0,2981.32,515.0,14,0.0,621.02,0,tripinfo_EastSilburyToEastAvebury.137 emissions_EastSilburyToEastAvebury.137,gasoline_euro4,0.89,102895.836499,2222049.181271,520.058396,48.153008,967.578783,708765.023365,0.0
EastSilburyToEastAvebury.140,3981.0,317_0,4.6,0.0,1341.0,4768.0,213_1,19.13,13.26,787.0,2987.58,451.0,12,0.0,561.29,0,tripinfo_EastSilburyToEastAvebury.140 emissions_EastSilburyToEastAvebury.140,electric,0.97,0.0,0.0,0.0,0.0,0.0,0.0,0.0
EastSilburyToEastAvebury.141,3987.0,317_0,4.6,0.0,1331.0,4769.0,213_0,19.13,12.25,782.0,2987.61,439.0,11,0.0,550.12,0,tripinfo_EastSilburyToEastAvebury.141 emissions_EastSilburyToEastAvebury.141,electric,0.94,0.0,0.0,0.0,0.0,0.0,0.0,0.0
EastA509ToH6.106,1908.0,770_0,5.1,0.0,0.0,4770.0,522_1,56.88,13.74,2862.0,3264.63,2400.0,24,0.0,2558.25,0,tripinfo_EastA509ToH6.106 emissions_EastA509ToH6.106,gasoline_euro4,1.03,419650.166076,7355747.240458,2082.416651,177.17446,3320.872662,2346285.711482,0.0
EastSilburyToEastAvebury.144,4073.0,317_0,5.1,0.0,1369.0,4779.0,213_1,19.13,12.86,706.0,2992.19,380.0,10,0.0,484.05,0,tripinfo_EastSilburyToEastAvebury.144 emissions_EastSilburyToEastAvebury.144,gasoline_euro4,0.98,78709.387285,1847023.61697,400.834733,39.068873,796.536389,589140.238447,0.0
EastA509ToH6.151,2718.0,770_0,5.1,0.0,0.0,4779.0,522_1,56.88,11.78,2061.0,3264.59,1647.0,22,0.0,1734.2,0,tripinfo_EastA509ToH6.151 emissions_EastA509ToH6.151,gasoline_euro4,0.94,286695.278383,5186382.098803,1426.345717,122.870288,2327.988706,1654313.097959,0.0
EastSilburyToEastAvebury.145,4078.0,317_0,5.1,0.0,1358.0,4781.0,213_1,19.13,13.91,703.0,2992.19,372.0,10,0.0,493.24,0,tripinfo_EastSilburyToEastAvebury.145 emissions_EastSilburyToEastAvebury.145,gasoline_euro4,1.04,77429.539251,1842737.665609,394.871905,39.022508,795.271142,587772.353903,0.0
EastA509ToH6.152,2736.0,770_0,4.6,0.0,0.0,4782.0,522_1,56.88,12.74,2046.0,3265.09,1626.0,23,0.0,1720.81,0,tripinfo_EastA509ToH6.152 emissions_EastA509ToH6.152,electric,0.94,0.0,0.0,0.0,0.0,0.0,0.0,0.0
WestH6ToSaxonSt.103,1236.0,524_0,5.1,0.0,0.0,4793.0,771_1,56.88,14.49,3557.0,2569.84,3040.0,50,0.0,3384.88,0,tripinfo_WestH6ToSaxonSt.103 emissions_WestH6ToSaxonSt.103,gasoline_euro4,1.1,544635.939141,9284562.396832,2697.037096,226.809594,4216.81391,2961531.46332,0.0
WestH6ToSaxonSt.105,1260.0,524_0,5.1,0.0,0.0,4799.0,771_1,56.88,12.45,3539.0,2569.84,2972.0,46,0.0,3346.11,0,tripinfo_WestH6ToSaxonSt.105 emissions_WestH6ToSaxonSt.105,gasoline_euro4,0.98,539355.868469,9177923.189687,2670.615818,223.728615,4167.106806,2927517.500481,0.0
EastSilburyToEastAvebury.147,4163.0,317_0,4.6,0.0,1411.0,4853.0,213_1,19.13,14.52,690.0,2992.69,364.0,11,0.0,490.56,0,tripinfo_EastSilburyToEastAvebury.147 emissions_EastSilburyToEastAvebury.147,electric,1.09,0.0,0.0,0.0,0.0,0.0,0.0,0.0
EastSilburyToEastAvebury.143,3993.0,317_0,4.6,0.0,1305.0,4854.0,213_0,19.13,13.28,861.0,2987.6,507.0,12,0.0,649.89,0,tripinfo_EastSilburyToEastAvebury.143 emissions_EastSilburyToEastAvebury.143,electric,1.03,0.0,0.0,0.0,0.0,0.0,0.0,0.0
EastSilburyToEastAvebury.148,4167.0,317_0,4.6,0.0,1399.0,4855.0,213_1,19.13,14.19,688.0,2987.58,352.0,10,0.0,485.47,0,tripinfo_EastSilburyToEastAvebury.148 emissions_EastSilburyToEastAvebury.148,electric,1.08,0.0,0.0,0.0,0.0,0.0,0.0,0.0
EastSilburyToEastAvebury.146,4082.0,317_0,5.1,0.0,1346.0,4856.0,213_0,19.13,13.65,774.0,2987.1,422.0,12,0.0,560.31,0,tripinfo_EastSilburyToEastAvebury.146 emissions_EastSilburyToEastAvebury.146,gasoline_euro4,1.02,89129.342243,2051576.111456,453.217968,44.340543,892.819332,654385.669579,0.0
EastSilburyToEastAvebury.142,3990.0,317_0,5.1,0.0,1318.0,4862.0,213_1,19.13,9.86,872.0,2987.03,468.0,14,0.0,566.26,0,tripinfo_EastSilburyToEastAvebury.142 emissions_EastSilburyToEastAvebury.142,gasoline_euro4,0.71,97565.661894,2107550.989656,493.208555,44.787984,915.957089,672244.328718,0.0
EastSilburyToEastAvebury.149,4171.0,317_0,5.1,0.0,1387.0,4864.0,213_1,19.13,14.58,693.0,2987.08,392.0,9,0.0,489.15,0,tripinfo_EastSilburyToEastAvebury.149 emissions_EastSilburyToEastAvebury.149,gasoline_euro4,1.07,79586.144227,1882506.782171,405.075016,40.13014,812.249452,600457.408952,0.0
EastSilburyToEastAvebury.152,4249.0,317_0,5.1,0.0,1417.0,4866.0,213_1,19.13,14.44,617.0,2992.2,335.0,7,0.0,415.19,0,tripinfo_EastSilburyToEastAvebury.152 emissions_EastSilburyToEastAvebury.152,gasoline_euro4,1.08,68193.727403,1705593.937794,349.188348,35.719212,730.407003,544026.413786,0.0
EastSilburyToEastAvebury.153,4252.0,317_0,4.6,0.0,1404.0,4867.0,213_1,19.13,15.25,615.0,2987.58,332.0,6,0.0,417.86,0,tripinfo_EastSilburyToEastAvebury.153 emissions_EastSilburyToEastAvebury.153,electric,1.1,0.0,0.0,0.0,0.0,0.0,0.0,0.0
WestH6ToSaxonSt.104,1248.0,524_0,4.6,0.0,0.0,4878.0,771_1,56.88,16.7,3630.0,2570.36,3076.0,58,0.0,3475.98,0,tripinfo_WestH6ToSaxonSt.104 emissions_WestH6ToSaxonSt.104,electric,1.22,0.0,0.0,0.0,0.0,0.0,0.0,0.0
EastSilburyToEastAvebury.155,4258.0,317_0,5.1,0.0,1378.0,4942.0,213_0,19.13,12.66,684.0,2992.21,371.0,8,0.0,458.3,0,tripinfo_EastSilburyToEastAvebury.155 emissions_EastSilburyToEastAvebury.155,gasoline_euro4,0.97,76022.463393,1815962.455559,388.03325,38.450706,783.827387,579231.827426,0.0
EastSilburyToEastAvebury.150,4241.0,317_0,4.6,0.0,1441.0,4943.0,213_1,19.13,11.09,702.0,2987.58,390.0,7,0.0,456.94,0,tripinfo_EastSilburyToEastAvebury.150 emissions_EastSilburyToEastAvebury.150,electric,0.89,0.0,0.0,0.0,0.0,0.0,0.0,0.0
EastSilburyToEastAvebury.154,4255.0,317_0,5.1,0.0,1391.0,4944.0,213_1,19.13,14.07,689.0,2987.08,370.0,7,0.0,482.81,0,tripinfo_EastSilburyToEastAvebury.154 emissions_EastSilburyToEastAvebury.154,gasoline_euro4,1.05,77642.031308,1884825.061606,397.099597,40.170981,815.692264,601195.577203,0.0
EastSilburyToEastAvebury.151,4245.0,317_0,5.1,0.0,1429.0,4945.0,213_0,19.13,12.2,700.0,2981.38,380.0,8,0.0,463.21,0,tripinfo_EastSilburyToEastAvebury.151 emissions_EastSilburyToEastAvebury.151,gasoline_euro4,0.92,77414.087115,1828165.57146,394.616357,38.142181,785.824806,583125.432408,0.0
EastSilburyToEastAvebury.156,4261.0,317_0,4.6,0.0,1365.0,4954.0,213_1,19.13,13.76,693.0,2987.58,401.0,7,0.0,475.43,0,tripinfo_EastSilburyToEastAvebury.156 emissions_EastSilburyToEastAvebury.156,electric,1.0,0.0,0.0,0.0,0.0,0.0,0.0,0.0
EastSilburyToEastAvebury.157,4329.0,317_0,5.1,0.0,1417.0,4956.0,213_1,19.13,13.29,627.0,2981.36,348.0,6,0.0,417.25,0,tripinfo_EastSilburyToEastAvebury.157 emissions_EastSilburyToEastAvebury.157,gasoline_euro4,1.04,70142.912156,1723977.860036,358.707631,36.611991,742.313987,549890.431223,0.0
EastSilburyToEastAvebury.159,4335.0,317_0,4.6,0.0,1391.0,4958.0,213_1,19.13,14.19,623.0,2992.69,331.0,6,0.0,424.67,0,tripinfo_EastSilburyToEastAvebury.159 emissions_EastSilburyToEastAvebury.159,electric,1.1,0.0,0.0,0.0,0.0,0.0,0.0,0.0
EastA509ToH6.102,1836.0,770_0,4.6,0.0,0.0,5029.0,522_1,56.88,14.27,3193.0,3291.56,2783.0,39,0.0,2969.71,0,tripinfo_EastA509ToH6.102 emissions_EastA509ToH6.102,electric,1.08,0.0,0.0,0.0,0.0,0.0,0.0,0.0
EastSilburyToEastAvebury.160,4338.0,317_0,5.1,0.0,1378.0,5030.0,213_1,19.13,13.24,692.0,2992.19,396.0,8,0.0,477.21,0,tripinfo_EastSilburyToEastAvebury.160 emissions_EastSilburyToEastAvebury.160,gasoline_euro4,1.02,79594.894655,1891447.029025,405.749938,40.221083,815.748771,603309.017543,0.0
EastSilburyToEastAvebury.158,4332.0,317_0,5.1,0.0,1404.0,5031.0,213_0,19.13,12.59,699.0,2987.1,403.0,8,0.0,478.02,0,tripinfo_EastSilburyToEastAvebury.158 emissions_EastSilburyToEastAvebury.158,gasoline_euro4,0.99,79348.002101,1868791.482861,403.683496,39.3533,802.941335,596083.548061,0.0
EastSilburyToEastAvebury.161,4341.0,317_0,5.1,0.0,1365.0,5032.0,213_1,19.13,12.75,691.0,2987.09,383.0,9,0.0,457.38,0,tripinfo_EastSilburyToEastAvebury.161 emissions_EastSilburyToEastAvebury.161,gasoline_euro4,0.93,76461.781534,1801092.334985,389.502228,37.792013,774.728928,574489.848354,0.0
EastSilburyToEastAvebury.162,4344.0,317_0,5.1,0.0,1352.0,5033.0,213_0,19.13,14.08,689.0,2987.11,378.0,8,0.0,473.77,0,tripinfo_EastSilburyToEastAvebury.162 emissions_EastSilburyToEastAvebury.162,gasoline_euro4,1.01,77409.787012,1841436.895025,395.330621,39.658383,799.586267,587356.763059,0.0
EastSilburyToEastAvebury.163,4347.0,317_0,4.6,0.0,1339.0,5041.0,213_1,19.13,13.75,694.0,2987.58,406.0,8,0.0,484.46,0,tripinfo_EastSilburyToEastAvebury.163 emissions_EastSilburyToEastAvebury.163,electric,1.04,0.0,0.0,0.0,0.0,0.0,0.0,0.0
EastAveburyToWestA509.228,2147.0,483_0,5.1,0.0,9.0,5066.0,774_2,29.75,12.91,2919.0,2192.78,2517.0,54,0.0,2767.09,0,tripinfo_EastAveburyToWestA509.228 emissions_EastAveburyToWestA509.228,gasoline_euro4,1.0,451056.650569,7703985.484516,2234.476466,188.276791,3501.448879,2457368.311372,0.0
WestA509ToAvebury.95,1710.0,773_0,5.1,0.0,0.0,5072.0,213_0,19.13,12.89,3362.0,2158.49,2769.0,30,0.0,2858.43,0,tripinfo_WestA509ToAvebury.95 emissions_WestA509ToAvebury.95,gasoline_euro4,0.96,470044.756505,7861572.941854,2324.423716,193.047866,3576.620684,2507639.880558,0.0
WestA509ToAvebury.47,846.0,773_0,5.1,0.0,0.0,5075.0,213_0,19.13,12.73,4229.0,2199.98,3576.0,21,0.0,3665.44,0,tripinfo_WestA509ToAvebury.47 emissions_WestA509ToAvebury.47,gasoline_euro4,1.0,603441.494529,9993397.257935,2981.574896,246.718126,4554.186874,3187639.380019,0.0
EastSilburyToEastAvebury.167,4424.0,317_0,4.6,0.0,1352.0,5127.0,213_1,19.13,14.01,703.0,2987.58,385.0,8,0.0,500.13,0,tripinfo_EastSilburyToEastAvebury.167 emissions_EastSilburyToEastAvebury.167,electric,1.07,0.0,0.0,0.0,0.0,0.0,0.0,0.0
EastSilburyToEastAvebury.166,4421.0,317_0,5.1,0.0,1365.0,5206.0,213_1,19.13,12.7,785.0,2992.19,455.0,9,0.0,557.29,0,tripinfo_EastSilburyToEastAvebury.166 emissions_EastSilburyToEastAvebury.166,gasoline_euro4,0.96,90499.833773,2054959.9759,459.471099,43.965357,890.651944,655466.390054,0.0
EastSilburyToEastAvebury.169,4430.0,317_0,5.1,0.0,1326.0,5206.0,213_0,19.13,14.72,776.0,2987.1,439.0,10,0.0,576.62,0,tripinfo_EastSilburyToEastAvebury.169 emissions_EastSilburyToEastAvebury.169,gasoline_euro4,1.09,90328.259969,2085790.398132,459.391201,45.168168,907.285262,665298.665209,0.0
EastSilburyToEastAvebury.170,4433.0,317_0,5.1,0.0,1313.0,5208.0,213_1,19.13,13.26,775.0,2987.08,432.0,9,0.0,566.34,0,tripinfo_EastSilburyToEastAvebury.170 emissions_EastSilburyToEastAvebury.170,gasoline_euro4,1.04,89824.641917,2079267.488729,456.862108,44.844889,903.16657,663218.131331,0.0
EastSilburyToEastAvebury.164,4350.0,317_0,5.1,0.0,1326.0,5210.0,213_0,19.13,10.38,860.0,2992.16,507.0,10,0.0,599.53,0,tripinfo_EastSilburyToEastAvebury.164 emissions_EastSilburyToEastAvebury.164,gasoline_euro4,0.84,100215.092264,2192005.024137,507.297675,46.846254,951.666351,699181.719725,0.0
EastSilburyToEastAvebury.168,4427.0,317_0,5.1,0.0,1339.0,5212.0,213_1,19.13,10.94,785.0,2987.09,414.0,10,0.0,523.62,0,tripinfo_EastSilburyToEastAvebury.168 emissions_EastSilburyToEastAvebury.168,gasoline_euro4,0.83,87158.363876,2006486.295861,443.62795,42.61144,870.467886,640004.290081,0.0
EastSilburyToEastAvebury.165,4418.0,317_0,4.6,0.0,1378.0,5214.0,213_0,19.13,10.11,796.0,2981.82,426.0,9,0.0,509.48,0,tripinfo_EastSilburyToEastAvebury.165 emissions_EastSilburyToEastAvebury.165,electric,0.76,0.0,0.0,0.0,0.0,0.0,0.0,0.0
EastSilburyToEastAvebury.171,4436.0,317_0,5.1,0.0,1300.0,5214.0,213_1,19.13,14.57,778.0,2987.08,482.0,9,0.0,588.32,0,tripinfo_EastSilburyToEastAvebury.171 emissions_EastSilburyToEastAvebury.171,gasoline_euro4,1.15,96669.254631,2192525.951888,490.533669,48.361679,955.696916,699344.039991,0.0
EastSilburyToEastAvebury.173,4509.0,317_0,4.6,0.0,1341.0,5220.0,213_1,19.13,13.53,711.0,2987.58,404.0,8,0.0,497.5,0,tripinfo_EastSilburyToEastAvebury.173 emissions_EastSilburyToEastAvebury.173,electric,1.02,0.0,0.0,0.0,0.0,0.0,0.0,0.0
EastSilburyToEastAvebury.176,4518.0,317_0,4.6,0.0,1302.0,5222.0,213_1,19.13,15.22,704.0,2992.69,389.0,8,0.0,511.21,0,tripinfo_EastSilburyToEastAvebury.176 emissions_EastSilburyToEastAvebury.176,electric,1.13,0.0,0.0,0.0,0.0,0.0,0.0,0.0
EastSilburyToEastAvebury.175,4515.0,317_0,5.1,0.0,1315.0,5293.0,213_0,19.13,14.08,778.0,2981.38,456.0,9,0.0,581.3,0,tripinfo_EastSilburyToEastAvebury.175 emissions_EastSilburyToEastAvebury.175,gasoline_euro4,1.11,92110.182767,2114475.150878,468.517061,46.178552,921.898519,674448.131011,0.0
EastSilburyToEastAvebury.177,4521.0,317_0,4.6,0.0,1289.0,5295.0,213_1,19.13,11.52,774.0,2992.7,432.0,9,0.0,535.89,0,tripinfo_EastSilburyToEastAvebury.177 emissions_EastSilburyToEastAvebury.177,electric,0.92,0.0,0.0,0.0,0.0,0.0,0.0,0.0
EastSilburyToEastAvebury.174,4512.0,317_0,4.6,0.0,1328.0,5297.0,213_1,19.13,14.03,785.0,2987.58,431.0,9,0.0,573.46,0,tripinfo_EastSilburyToEastAvebury.174 emissions_EastSilburyToEastAvebury.174,electric,1.03,0.0,0.0,0.0,0.0,0.0,0.0,0.0
EastSilburyToEastAvebury.172,4506.0,317_0,4.6,0.0,1354.0,5300.0,213_0,19.13,9.29,794.0,2992.65,412.0,9,0.0,496.52,0,tripinfo_EastSilburyToEastAvebury.172 emissions_EastSilburyToEastAvebury.172,electric,0.73,0.0,0.0,0.0,0.0,0.0,0.0,0.0
EastSilburyToEastAvebury.178,4524.0,317_0,5.1,0.0,1276.0,5303.0,213_1,19.13,14.94,779.0,2987.08,485.0,9,0.0,578.0,0,tripinfo_EastSilburyToEastAvebury.178 emissions_EastSilburyToEastAvebury.178,gasoline_euro4,1.08,95385.122375,2152698.354535,483.533328,46.927738,935.105922,686641.267388,0.0
EastSilburyToEastAvebury.179,4593.0,317_0,5.1,0.0,1329.0,5307.0,213_1,19.13,13.6,714.0,2987.09,416.0,9,0.0,503.55,0,tripinfo_EastSilburyToEastAvebury.179 emissions_EastSilburyToEastAvebury.179,gasoline_euro4,1.04,82615.163472,1931553.407892,419.977763,41.208191,832.986599,616102.296503,0.0
EastSilburyToEastAvebury.183,4606.0,317_0,4.6,0.0,1278.0,5310.0,213_1,19.13,12.96,704.0,2987.58,399.0,8,0.0,488.88,0,tripinfo_EastSilburyToEastAvebury.183 emissions_EastSilburyToEastAvebury.183,electric,1.01,0.0,0.0,0.0,0.0,0.0,0.0,0.0
WestA509ToEastH6.62,2235.0,773_0,5.1,0.0,3.0,5355.0,522_1,56.88,15.26,3120.0,3552.25,2728.0,35,0.0,2898.78,0,tripinfo_WestA509ToEastH6.62 emissions_WestA509ToEastH6.62,gasoline_euro4,1.15,475017.856954,8351744.679298,2357.450837,201.920391,3774.191967,2663980.276211,0.0
EastSilburyToEastAvebury.180,4597.0,317_0,4.6,0.0,1317.0,5382.0,213_1,19.13,13.74,785.0,2992.69,480.0,10,0.0,570.99,0,tripinfo_EastSilburyToEastAvebury.180 emissions_EastSilburyToEastAvebury.180,electric,1.02,0.0,0.0,0.0,0.0,0.0,0.0,0.0
EastSilburyToEastAvebury.182,4603.0,317_0,5.1,0.0,1291.0,5382.0,213_0,19.13,14.24,779.0,2986.49,464.0,9,0.0,570.66,0,tripinfo_EastSilburyToEastAvebury.182 emissions_EastSilburyToEastAvebury.182,gasoline_euro4,1.05,93882.340802,2133343.974862,476.446047,46.543528,928.872503,680467.316008,0.0
EastSilburyToEastAvebury.181,4600.0,317_0,5.1,0.0,1304.0,5384.0,213_1,19.13,13.31,784.0,2987.09,470.0,11,0.0,570.25,0,tripinfo_EastSilburyToEastAvebury.181 emissions_EastSilburyToEastAvebury.181,gasoline_euro4,1.02,94384.310101,2147897.624963,478.55537,46.214837,929.648877,685110.132348,0.0
EastA509ToH6.119,2142.0,770_0,4.6,0.0,0.0,5385.0,522_1,56.88,13.41,3243.0,3219.4,2666.0,32,0.0,2801.07,0,tripinfo_EastA509ToH6.119 emissions_EastA509ToH6.119,electric,0.99,0.0,0.0,0.0,0.0,0.0,0.0,0.0
EastSilburyToEastAvebury.184,4609.0,317_0,5.1,0.0,1265.0,5385.0,213_0,19.13,11.68,776.0,2987.1,434.0,10,0.0,539.88,0,tripinfo_EastSilburyToEastAvebury.184 emissions_EastSilburyToEastAvebury.184,gasoline_euro4,0.92,89175.230668,2035459.766235,452.836365,43.360908,880.50526,649246.412761,0.0
EastA509ToH6.103,1854.0,770_0,4.6,0.0,0.0,5387.0,522_1,56.88,13.46,3533.0,3291.56,3104.0,41,0.0,3299.64,0,tripinfo_EastA509ToH6.103 emissions_EastA509ToH6.103,electric,1.03,0.0,0.0,0.0,0.0,0.0,0.0,0.0
EastSilburyToEastAvebury.185,4612.0,317_0,5.1,0.0,1252.0,5390.0,213_1,19.13,14.41,778.0,2987.08,480.0,10,0.0,576.64,0,tripinfo_EastSilburyToEastAvebury.185 emissions_EastSilburyToEastAvebury.185,gasoline_euro4,1.08,94955.171792,2146713.082119,481.363314,46.768446,931.928459,684732.080472,0.0
EastSilburyToEastAvebury.188,4688.0,317_0,4.6,0.0,1280.0,5394.0,213_1,19.13,14.55,706.0,2992.69,406.0,8,0.0,498.4,0,tripinfo_EastSilburyToEastAvebury.188 emissions_EastSilburyToEastAvebury.188,electric,1.05,0.0,0.0,0.0,0.0,0.0,0.0,0.0
EastSilburyToEastAvebury.189,4690.0,317_0,4.6,0.0,1266.0,5398.0,213_1,19.13,12.85,708.0,2992.69,396.0,9,0.0,489.98,0,tripinfo_EastSilburyToEastAvebury.189 emissions_EastSilburyToEastAvebury.189,electric,1.0,0.0,0.0,0.0,0.0,0.0,0.0,0.0
EastAveburyToWestA509.254,2456.0,483_0,5.1,0.0,97.0,5404.0,774_2,29.75,14.51,2948.0,2209.76,2613.0,37,0.0,2798.76,0,tripinfo_EastAveburyToWestA509.254 emissions_EastAveburyToWestA509.254,gasoline_euro4,1.07,457002.154675,7845402.897895,2264.400915,191.355566,3561.546669,2502475.718489,0.0
WestH6ToSaxonSt.116,1392.0,524_0,4.6,0.0,0.0,5411.0,771_1,56.88,13.63,4019.0,2518.58,3475.0,45,0.0,3802.88,0,tripinfo_WestH6ToSaxonSt.116 emissions_WestH6ToSaxonSt.116,electric,1.05,0.0,0.0,0.0,0.0,0.0,0.0,0.0
EastAveburyToWestA509.234,2189.0,483_0,4.6,0.0,0.0,5411.0,774_1,29.75,12.89,3222.0,2210.3,2841.0,42,0.0,3055.27,0,tripinfo_EastAveburyToWestA509.234 emissions_EastAveburyToWestA509.234,electric,0.96,0.0,0.0,0.0,0.0,0.0,0.0,0.0
WestH6ToSaxonSt.134,1608.0,524_0,4.6,0.0,0.0,5412.0,771_1,56.88,14.11,3804.0,2517.77,3090.0,44,0.0,3395.95,0,tripinfo_WestH6ToSaxonSt.134 emissions_WestH6ToSaxonSt.134,electric,1.1,0.0,0.0,0.0,0.0,0.0,0.0,0.0
EastAveburyToWestA509.236,2236.0,483_0,5.1,0.0,30.0,5412.0,774_2,29.75,13.73,3176.0,2209.78,2797.0,45,0.0,3016.29,0,tripinfo_EastAveburyToWestA509.236 emissions_EastAveburyToWestA509.236,gasoline_euro4,1.0,493068.295079,8452303.63258,2443.173296,206.48531,3841.006802,2696061.004452,0.0
EastAveburyToWestA509.210,1985.0,483_0,4.6,0.0,0.0,5415.0,774_1,29.75,12.63,3430.0,2213.92,2983.0,49,0.0,3268.34,0,tripinfo_EastAveburyToWestA509.210 emissions_EastAveburyToWestA509.210,electric,1.0,0.0,0.0,0.0,0.0,0.0,0.0,0.0
EastAveburyToWestA509.255,2459.0,483_0,5.1,0.0,91.5,5416.0,774_2,29.75,13.42,2957.0,2209.78,2570.0,38,0.0,2794.01,0,tripinfo_EastAveburyToWestA509.255 emissions_EastAveburyToWestA509.255,gasoline_euro4,0.98,454171.000092,7781334.579687,2250.297018,189.682696,3532.721754,2482040.322739,0.0
EastAveburyToWestA509.261,2572.0,483_0,4.6,0.0,153.5,5421.0,774_1,29.75,12.08,2849.0,2210.26,2465.0,36,0.0,2677.6,0,tripinfo_EastAveburyToWestA509.261 emissions_EastAveburyToWestA509.261,electric,0.94,0.0,0.0,0.0,0.0,0.0,0.0,0.0
EastAveburyToWestA509.263,2576.0,483_0,5.1,0.0,140.5,5423.0,774_1,29.75,12.28,2847.0,2209.76,2477.0,42,0.0,2676.68,0,tripinfo_EastAveburyToWestA509.263 emissions_EastAveburyToWestA509.263,gasoline_euro4,0.94,437147.248915,7526291.654455,2166.798542,183.093697,3415.039444,2400687.400201,0.0
WestH6ToSaxonSt.108,1296.0,524_0,4.6,0.0,0.0,5424.0,771_1,56.88,10.51,4128.0,2570.34,3524.0,52,0.0,3900.27,0,tripinfo_WestH6ToSaxonSt.108 emissions_WestH6ToSaxonSt.108,electric,0.83,0.0,0.0,0.0,0.0,0.0,0.0,0.0
WestH6ToSaxonSt.107,1284.0,524_0,5.1,0.0,0.0,5426.0,771_1,56.88,13.53,4142.0,2548.65,3453.0,55,0.0,3887.74,0,tripinfo_WestH6ToSaxonSt.107 emissions_WestH6ToSaxonSt.107,gasoline_euro4,1.01,625583.270664,10540676.855556,3095.44242,258.139672,4794.837271,3362202.776453,0.0
WestH6ToSaxonSt.110,1320.0,524_0,5.1,0.0,0.0,5427.0,771_0,56.88,14.65,4107.0,2548.68,3525.0,46,0.0,3934.29,0,tripinfo_WestH6ToSaxonSt.110 emissions_WestH6ToSaxonSt.110,gasoline_euro4,1.07,631667.284666,10689268.177821,3126.847705,261.977538,4863.57546,3409597.602121,0.0
EastSilburyToEastAvebury.190,4694.0,317_0,5.1,0.0,1254.0,5469.0,213_0,19.13,14.75,775.0,2987.1,451.0,10,0.0,583.4,0,tripinfo_EastSilburyToEastAvebury.190 emissions_EastSilburyToEastAvebury.190,gasoline_euro4,1.14,92282.738227,2131307.282317,469.486292,46.651353,929.989303,679816.48841,0.0
EastSilburyToEastAvebury.187,4685.0,317_0,4.6,0.0,1293.0,5470.0,213_1,19.13,13.95,785.0,2987.58,470.0,9,0.0,570.8,0,tripinfo_EastSilburyToEastAvebury.187 emissions_EastSilburyToEastAvebury.187,electric,1.02,0.0,0.0,0.0,0.0,0.0,0.0,0.0
EastSilburyToEastAvebury.191,4697.0,317_0,4.6,0.0,1241.0,5473.0,213_1,19.13,13.05,776.0,2992.7,438.0,9,0.0,547.8,0,tripinfo_EastSilburyToEastAvebury.191 emissions_EastSilburyToEastAvebury.191,electric,0.96,0.0,0.0,0.0,0.0,0.0,0.0,0.0
EastSilburyToEastAvebury.186,4681.0,317_0,4.6,0.0,1305.0,5474.0,213_0,19.13,10.76,793.0,2981.82,439.0,10,0.0,524.58,0,tripinfo_EastSilburyToEastAvebury.186 emissions_EastSilburyToEastAvebury.186,electric,0.81,0.0,0.0,0.0,0.0,0.0,0.0,0.0
EastSilburyToEastAvebury.195,4776.0,317_0,5.1,0.0,1256.0,5481.0,213_1,19.13,14.05,705.0,2992.19,399.0,10,0.0,497.62,0,tripinfo_EastSilburyToEastAvebury.195 emissions_EastSilburyToEastAvebury.195,gasoline_euro4,1.05,82015.848809,1922706.869364,417.759317,41.513165,833.737336,613279.842185,0.0
EastSilburyToEastAvebury.194,4773.0,317_0,4.6,0.0,1269.0,5483.0,213_1,19.13,13.8,710.0,2992.69,402.0,9,0.0,503.9,0,tripinfo_EastSilburyToEastAvebury.194 emissions_EastSilburyToEastAvebury.194,electric,1.06,0.0,0.0,0.0,0.0,0.0,0.0,0.0
EastSilburyToEastAvebury.196,4779.0,317_0,5.1,0.0,1243.0,5484.0,213_1,19.13,15.83,705.0,2987.08,395.0,9,0.0,519.51,0,tripinfo_EastSilburyToEastAvebury.196 emissions_EastSilburyToEastAvebury.196,gasoline_euro4,1.17,83136.926673,1957992.996513,423.422006,42.544687,850.689026,624534.313836,0.0
WestH6ToSaxonSt.109,1308.0,524_0,4.6,0.0,0.0,5495.0,771_1,56.88,15.35,4187.0,2570.36,3622.0,49,0.0,4028.05,0,tripinfo_WestH6ToSaxonSt.109 emissions_WestH6ToSaxonSt.109,electric,1.19,0.0,0.0,0.0,0.0,0.0,0.0,0.0
WestH6ToSaxonSt.114,1368.0,524_0,5.1,0.0,0.0,5496.0,771_1,56.88,16.53,4128.0,2528.72,3452.0,50,0.0,3861.44,0,tripinfo_WestH6ToSaxonSt.114 emissions_WestH6ToSaxonSt.114,gasoline_euro4,1.19,620509.174729,10473517.533921,3070.490541,256.727019,4762.944714,3340779.820403,0.0
EastAveburyToWestA509.264,2578.0,483_0,4.6,0.0,134.0,5498.0,774_1,29.75,12.42,2920.0,2210.26,2523.0,45,0.0,2751.64,0,tripinfo_EastAveburyToWestA509.264 emissions_EastAveburyToWestA509.264,electric,0.95,0.0,0.0,0.0,0.0,0.0,0.0,0.0
WestH6ToSaxonSt.115,1380.0,524_0,5.1,0.0,0.0,5507.0,771_1,56.88,12.73,4127.0,2528.7,3455.0,41,0.0,3817.32,0,tripinfo_WestH6ToSaxonSt.115 emissions_WestH6ToSaxonSt.115,gasoline_euro4,0.94,616703.022052,10387910.565514,3051.532979,254.273367,4724.096271,3313474.614834,0.0
WestH6ToSaxonSt.111,1332.0,524_0,4.6,0.0,0.0,5508.0,771_1,56.88,13.25,4176.0,2570.37,3562.0,47,0.0,3985.89,0,tripinfo_WestH6ToSaxonSt.111 emissions_WestH6ToSaxonSt.111,electric,0.99,0.0,0.0,0.0,0.0,0.0,0.0,0.0
EastSilburyToEastAvebury.197,4782.0,317_0,4.6,0.0,1230.0,5557.0,213_0,19.13,14.59,775.0,2987.6,457.0,10,0.0,581.92,0,tripinfo_EastSilburyToEastAvebury.197 emissions_EastSilburyToEastAvebury.197,electric,1.13,0.0,0.0,0.0,0.0,0.0,0.0,0.0
EastSilburyToEastAvebury.192,4700.0,317_0,4.6,0.0,1228.0,5559.0,213_1,19.13,12.42,859.0,2981.86,531.0,11,0.0,621.8,0,tripinfo_EastSilburyToEastAvebury.192 emissions_EastSilburyToEastAvebury.192,electric,0.92,0.0,0.0,0.0,0.0,0.0,0.0,0.0
EastSilburyToEastAvebury.193,4769.0,317_0,5.1,0.0,1281.0,5560.0,213_1,19.13,14.57,791.0,2987.08,465.0,11,0.0,600.57,0,tripinfo_EastSilburyToEastAvebury.193 emissions_EastSilburyToEastAvebury.193,gasoline_euro4,1.14,94714.688975,2144250.015426,480.728743,46.787458,934.423557,683946.191109,0.0
EastSilburyToEastAvebury.198,4785.0,317_0,4.6,0.0,1217.0,5561.0,213_0,19.13,12.74,776.0,2986.99,429.0,10,0.0,540.33,0,tripinfo_EastSilburyToEastAvebury.198 emissions_EastSilburyToEastAvebury.198,electric,0.92,0.0,0.0,0.0,0.0,0.0,0.0,0.0
EastSilburyToEastAvebury.199,4788.0,317_0,4.6,0.0,1204.0,5568.0,213_1,19.13,14.2,780.0,2987.58,462.0,9,0.0,571.91,0,tripinfo_EastSilburyToEastAvebury.199 emissions_EastSilburyToEastAvebury.199,electric,1.05,0.0,0.0,0.0,0.0,0.0,0.0,0.0
WestH6ToSaxonSt.113,1356.0,524_0,4.6,0.0,0.0,5592.0,771_1,56.88,12.29,4236.0,2570.33,3634.0,49,0.0,4026.29,0,tripinfo_WestH6ToSaxonSt.113 emissions_WestH6ToSaxonSt.113,electric,0.9,0.0,0.0,0.0,0.0,0.0,0.0,0.0
WestH6ToSaxonSt.112,1344.0,524_0,4.6,0.0,0.0,5594.0,771_1,56.88,13.25,4250.0,2570.37,3629.0,50,0.0,4054.72,0,tripinfo_WestH6ToSaxonSt.112 emissions_WestH6ToSaxonSt.112,electric,0.97,0.0,0.0,0.0,0.0,0.0,0.0,0.0
WestA509ToEastH6.65,2343.0,773_0,4.6,0.0,3.0,5631.0,522_1,56.88,12.87,3288.0,3605.47,2814.0,42,0.0,3015.59,0,tripinfo_WestA509ToEastH6.65 emissions_WestA509ToEastH6.65,electric,0.94,0.0,0.0,0.0,0.0,0.0,0.0,0.0
WestA509ToEastH6.63,2271.0,773_0,4.6,0.0,3.0,5635.0,522_1,56.88,11.59,3364.0,3605.47,2881.0,47,0.0,3084.04,0,tripinfo_WestA509ToEastH6.63 emissions_WestA509ToEastH6.63,electric,0.91,0.0,0.0,0.0,0.0,0.0,0.0,0.0
WestA509ToEastH6.64,2307.0,773_0,5.1,0.0,3.0,5637.0,522_1,56.88,12.55,3330.0,3604.96,2813.0,51,0.0,3070.71,0,tripinfo_WestA509ToEastH6.64 emissions_WestA509ToEastH6.64,gasoline_euro4,0.98,500928.201753,8738583.614796,2485.278443,210.991917,3952.061603,2787374.154331,0.0
WestA509ToEastH6.66,2379.0,773_0,5.1,0.0,3.0,5640.0,522_1,56.88,12.01,3261.0,3604.97,2733.0,44,0.0,2985.56,0,tripinfo_WestA509ToEastH6.66 emissions_WestA509ToEastH6.66,gasoline_euro4,0.93,488782.278476,8576946.868948,2426.320354,206.641373,3877.187652,2735814.988394,0.0
WestA509ToEastH6.48,1731.0,773_0,5.1,0.0,3.0,5641.0,522_1,56.88,13.94,3910.0,3624.31,3454.0,47,0.0,3656.39,0,tripinfo_WestA509ToEastH6.48 emissions_WestA509ToEastH6.48,gasoline_euro4,1.02,599578.027438,10312403.625174,2971.006352,250.497602,4671.715127,3289384.276732,0.0
WestA509ToEastH6.54,1947.0,773_0,4.6,0.0,3.0,5643.0,522_1,56.88,15.07,3696.0,3658.15,3201.0,43,0.0,3462.6,0,tripinfo_WestA509ToEastH6.54 emissions_WestA509ToEastH6.54,electric,1.13,0.0,0.0,0.0,0.0,0.0,0.0,0.0
WestA509ToEastH6.50,1803.0,773_0,5.1,0.0,3.0,5645.0,522_1,56.88,13.68,3842.0,3656.8,3340.0,37,0.0,3578.46,0,tripinfo_WestA509ToEastH6.50 emissions_WestA509ToEastH6.50,gasoline_euro4,1.0,585684.467544,10096196.222412,2902.008695,244.366911,4566.662378,3220419.994847,0.0
EastA509ToH6.136,2448.0,770_0,5.1,0.0,0.0,5653.0,522_1,56.88,13.09,3205.0,3197.27,2587.0,15,0.0,2687.16,0,tripinfo_EastA509ToH6.136 emissions_EastA509ToH6.136,gasoline_euro4,0.96,443136.746994,7650145.332702,2196.470117,185.017084,3459.506482,2440194.215181,0.0
WestA509ToAvebury.103,1854.0,773_0,4.6,0.0,0.0,5692.0,213_0,19.13,14.52,3838.0,2285.37,3466.0,43,0.0,3689.02,0,tripinfo_WestA509ToAvebury.103 emissions_WestA509ToAvebury.103,electric,1.11,0.0,0.0,0.0,0.0,0.0,0.0,0.0
WestA509ToEastH6.60,2163.0,773_0,4.6,0.0,3.0,5711.0,522_1,56.88,13.97,3548.0,3658.15,3067.0,42,0.0,3299.69,0,tripinfo_WestA509ToEastH6.60 emissions_WestA509ToEastH6.60,electric,1.07,0.0,0.0,0.0,0.0,0.0,0.0,0.0
WestA509ToEastH6.61,2199.0,773_0,5.1,0.0,3.0,5736.0,522_1,56.88,13.59,3537.0,3647.78,3031.0,41,0.0,3267.59,0,tripinfo_WestA509ToEastH6.61 emissions_WestA509ToEastH6.61,gasoline_euro4,0.98,532758.49479,9327146.144749,2644.032824,224.8976,4217.527065,2975108.873669,0.0
WestA509ToEastH6.56,2019.0,773_0,5.1,0.0,3.0,5738.0,522_0,56.88,9.51,3719.0,3656.8,3129.0,43,0.0,3374.48,0,tripinfo_WestA509ToEastH6.56 emissions_WestA509ToEastH6.56,gasoline_euro4,0.77,556069.55789,9569442.480496,2756.077767,230.051862,4324.734271,3052401.63036,0.0
WestA509ToEastH6.58,2091.0,773_0,5.1,0.0,3.0,5740.0,522_1,56.88,11.17,3649.0,3656.8,3071.0,36,0.0,3336.02,0,tripinfo_WestA509ToEastH6.58 emissions_WestA509ToEastH6.58,gasoline_euro4,0.84,546031.680733,9443605.339498,2707.626569,228.027794,4273.932463,3012260.045638,0.0
WestA509ToEastH6.67,2415.0,773_0,5.1,0.0,3.0,5742.0,522_1,56.88,13.01,3327.0,3595.56,2807.0,40,0.0,3063.76,0,tripinfo_WestA509ToEastH6.67 emissions_WestA509ToEastH6.67,gasoline_euro4,0.99,500104.833679,8761259.263543,2482.05166,211.464509,3962.472255,2794605.737696,0.0
EastA509ToH6.164,2952.0,770_0,4.6,0.0,0.0,5744.0,522_1,56.88,13.89,2792.0,3232.32,2406.0,17,0.0,2499.0,0,tripinfo_EastA509ToH6.164 emissions_EastA509ToH6.164,electric,1.05,0.0,0.0,0.0,0.0,0.0,0.0,0.0
EastA509ToH6.127,2286.0,770_0,5.1,0.0,0.0,5745.0,522_0,56.88,16.34,3459.0,3213.06,2839.0,20,0.0,2984.09,0,tripinfo_EastA509ToH6.127 emissions_EastA509ToH6.127,gasoline_euro4,1.18,489229.468996,8450684.553576,2425.086737,205.816909,3829.501028,2695543.226469,0.0
EastA509ToH6.98,1764.0,770_0,4.6,0.0,0.0,5902.0,522_1,56.88,15.89,4138.0,3283.0,3724.0,45,0.0,3940.98,0,tripinfo_EastA509ToH6.98 emissions_EastA509ToH6.98,electric,1.21,0.0,0.0,0.0,0.0,0.0,0.0,0.0
WestA509ToEastH6.68,2451.0,773_0,5.1,0.0,3.0,5977.0,522_1,56.88,13.6,3526.0,3624.31,3112.0,40,0.0,3269.23,0,tripinfo_WestA509ToEastH6.68 emissions_WestA509ToEastH6.68,gasoline_euro4,1.01,538483.977898,9366050.629982,2670.26768,226.382618,4233.965127,2987520.160356,0.0
WestA509ToEastH6.57,2055.0,773_0,5.1,0.0,3.0,5979.0,522_1,56.88,15.35,3924.0,3657.7,3515.0,38,0.0,3684.77,0,tripinfo_WestA509ToEastH6.57 emissions_WestA509ToEastH6.57,gasoline_euro4,1.11,606086.414012,10477355.20876,3004.336424,254.785435,4746.133543,3341997.246482,0.0
WestA509ToEastH6.77,2775.0,773_0,5.1,0.0,3.0,5983.0,522_1,56.88,14.55,3208.0,3657.65,2741.0,33,0.0,2955.77,0,tripinfo_WestA509ToEastH6.77 emissions_WestA509ToEastH6.77,gasoline_euro4,1.05,483693.562532,8516771.311916,2401.284744,205.280955,3846.268046,2716619.611318,0.0
WestA509ToEastH6.59,2127.0,773_0,4.6,0.0,3.0,5985.0,522_1,56.88,13.8,3858.0,3657.3,3374.0,33,0.0,3600.68,0,tripinfo_WestA509ToEastH6.59 emissions_WestA509ToEastH6.59,electric,1.03,0.0,0.0,0.0,0.0,0.0,0.0,0.0
WestA509ToEastH6.70,2523.0,773_0,4.6,0.0,3.0,5994.0,522_1,56.88,12.16,3471.0,3658.15,2995.0,32,0.0,3179.52,0,tripinfo_WestA509ToEastH6.70 emissions_WestA509ToEastH6.70,electric,0.91,0.0,0.0,0.0,0.0,0.0,0.0,0.0
WestA509ToEastH6.76,2739.0,773_0,4.6,0.0,3.0,6008.0,522_0,56.88,10.88,3269.0,3605.06,2779.0,26,0.0,2943.59,0,tripinfo_WestA509ToEastH6.76 emissions_WestA509ToEastH6.76,electric,0.8,0.0,0.0,0.0,0.0,0.0,0.0,0.0
WestA509ToEastH6.69,2487.0,773_0,5.1,0.0,3.0,6015.0,522_0,56.88,9.54,3528.0,3657.64,3024.0,29,0.0,3184.65,0,tripinfo_WestA509ToEastH6.69 emissions_WestA509ToEastH6.69,gasoline_euro4,0.77,526821.908657,9108681.750373,2612.226687,219.159848,4117.572405,2905429.24722,0.0
EastAveburyToWestA509.204,1934.0,483_0,4.6,0.0,0.0,6020.0,774_2,29.75,14.31,4086.0,2210.28,3613.0,62,0.0,3931.37,0,tripinfo_EastAveburyToWestA509.204 emissions_EastAveburyToWestA509.204,electric,1.04,0.0,0.0,0.0,0.0,0.0,0.0,0.0
EastAveburyToWestA509.268,2589.0,483_0,5.1,0.0,111.0,6024.0,774_2,29.75,12.84,3435.0,2209.76,3042.0,47,0.0,3274.82,0,tripinfo_EastAveburyToWestA509.268 emissions_EastAveburyToWestA509.268,gasoline_euro4,1.01,533937.892436,9082376.595048,2644.181848,222.563187,4131.769293,2897039.43402,0.0
EastAveburyToWestA509.271,2597.0,483_0,4.6,0.0,93.5,6028.0,774_2,29.75,15.25,3431.0,2213.44,3035.0,55,0.0,3285.2,0,tripinfo_EastAveburyToWestA509.271 emissions_EastAveburyToWestA509.271,electric,1.1,0.0,0.0,0.0,0.0,0.0,0.0,0.0
EastAveburyToWestA509.270,2594.0,483_0,4.6,0.0,99.0,6034.0,774_0,29.75,11.8,3440.0,2210.76,3020.0,52,0.0,3257.85,0,tripinfo_EastAveburyToWestA509.270 emissions_EastAveburyToWestA509.270,electric,0.88,0.0,0.0,0.0,0.0,0.0,0.0,0.0
EastAveburyToWestA509.274,2684.0,483_0,5.1,0.0,155.0,6034.0,774_1,29.75,15.11,3350.0,2209.76,2911.0,58,0.0,3206.68,0,tripinfo_EastAveburyToWestA509.274 emissions_EastAveburyToWestA509.274,gasoline_euro4,1.12,519129.084705,8853985.365177,2571.46157,216.829221,4027.522633,2824187.855257,0.0
EastAveburyToWestA509.267,2586.0,483_0,4.6,0.0,116.5,6037.0,774_1,29.75,11.49,3451.0,2210.26,3032.0,47,0.0,3272.92,0,tripinfo_EastAveburyToWestA509.267 emissions_EastAveburyToWestA509.267,electric,0.9,0.0,0.0,0.0,0.0,0.0,0.0,0.0
WestA509ToAvebury.77,1386.0,773_0,4.6,0.0,0.0,6040.0,213_0,19.13,12.75,4654.0,2141.16,4086.0,55,0.0,4268.88,0,tripinfo_WestA509ToAvebury.77 emissions_WestA509ToAvebury.77,electric,1.0,0.0,0.0,0.0,0.0,0.0,0.0,0.0
EastAveburyToWestA509.275,2688.0,483_0,5.1,0.0,150.5,6044.0,774_1,29.75,12.33,3356.0,2209.76,2908.0,57,0.0,3176.26,0,tripinfo_EastAveburyToWestA509.275 emissions_EastAveburyToWestA509.275,gasoline_euro4,0.89,517973.968506,8787867.489641,2564.583637,214.742073,3994.462736,2803100.318124,0.0
EastAveburyToWestA509.276,2691.0,483_0,4.6,0.0,145.0,6052.0,774_0,29.75,9.9,3361.0,2213.42,2893.0,56,0.0,3152.72,0,tripinfo_EastAveburyToWestA509.276 emissions_EastAveburyToWestA509.276,electric,0.77,0.0,0.0,0.0,0.0,0.0,0.0,0.0
EastA509ToH6.140,2520.0,770_0,4.6,0.0,0.0,6080.0,522_1,56.88,14.72,3560.0,3197.77,2937.0,18,0.0,3044.92,0,tripinfo_EastA509ToH6.140 emissions_EastA509ToH6.140,electric,1.15,0.0,0.0,0.0,0.0,0.0,0.0,0.0
EastA509ToH6.112,2016.0,770_0,5.1,0.0,0.0,6095.0,522_1,56.88,12.76,4079.0,3264.63,3561.0,31,0.0,3756.67,0,tripinfo_EastA509ToH6.112 emissions_EastA509ToH6.112,gasoline_euro4,0.96,615393.708732,10459421.662216,3046.925246,255.013197,4746.131799,3336282.678141,0.0
EastAveburyToWestA509.281,2775.0,483_0,5.1,0.0,186.5,6099.0,774_0,29.75,11.49,3324.0,2125.28,2802.0,57,0.0,3042.91,0,tripinfo_EastAveburyToWestA509.281 emissions_EastAveburyToWestA509.281,gasoline_euro4,0.84,497276.54354,8396292.18464,2461.253639,205.387629,3818.42326,2678199.265048,0.0
WestH6ToSaxonSt.119,1428.0,524_0,5.1,0.0,0.0,6113.0,771_1,56.88,14.33,4685.0,2517.71,4084.0,43,0.0,4444.74,0,tripinfo_WestH6ToSaxonSt.119 emissions_WestH6ToSaxonSt.119,gasoline_euro4,1.09,718792.314724,12015559.310684,3554.243366,295.630343,5471.566498,3832654.246854,0.0
EastAveburyToWestA509.284,2789.0,483_0,4.6,0.0,175.0,6113.0,774_1,29.75,15.51,3324.0,2213.9,2864.0,50,0.0,3184.22,0,tripinfo_EastAveburyToWestA509.284 emissions_EastAveburyToWestA509.284,electric,1.15,0.0,0.0,0.0,0.0,0.0,0.0,0.0
WestH6ToSaxonSt.117,1404.0,524_0,4.6,0.0,0.0,6115.0,771_1,56.88,16.25,4711.0,2570.37,4114.0,53,0.0,4551.12,0,tripinfo_WestH6ToSaxonSt.117 emissions_WestH6ToSaxonSt.117,electric,1.18,0.0,0.0,0.0,0.0,0.0,0.0,0.0
EastAveburyToWestA509.260,2528.0,483_0,5.1,0.0,118.0,6118.0,774_1,29.75,11.86,3590.0,2209.78,3108.0,58,0.0,3408.29,0,tripinfo_EastAveburyToWestA509.260 emissions_EastAveburyToWestA509.260,gasoline_euro4,0.88,555093.770178,9389451.710669,2747.736025,229.850931,4270.697176,2994990.562687,0.0
EastAveburyToWestA509.246,2326.0,483_0,5.1,0.0,35.0,6119.0,774_2,29.75,12.02,3793.0,2209.76,3262.0,75,0.0,3618.45,0,tripinfo_EastAveburyToWestA509.246 emissions_EastAveburyToWestA509.246,gasoline_euro4,0.92,587272.686828,9922871.923563,2906.819261,243.238057,4516.001917,3165137.703407,0.0
EastAveburyToWestA509.305,3019.0,483_0,5.1,0.0,226.5,6120.0,774_1,29.75,14.68,3101.0,2183.89,2657.0,47,0.0,2897.78,0,tripinfo_EastAveburyToWestA509.305 emissions_EastAveburyToWestA509.305,gasoline_euro4,1.15,469993.635792,8063967.771712,2329.045881,197.129176,3665.33694,2572191.708473,0.0
EastAveburyToWestA509.278,2695.0,483_0,4.6,0.0,132.0,6121.0,774_2,29.75,14.48,3426.0,2210.26,2950.0,62,0.0,3282.27,0,tripinfo_EastAveburyToWestA509.278 emissions_EastAveburyToWestA509.278,electric,1.12,0.0,0.0,0.0,0.0,0.0,0.0,0.0
EastAveburyToWestA509.249,2334.0,483_0,4.6,0.0,17.5,6122.0,774_2,29.75,14.28,3788.0,2193.26,3311.0,75,0.0,3642.9,0,tripinfo_EastAveburyToWestA509.249 emissions_EastAveburyToWestA509.249,electric,1.11,0.0,0.0,0.0,0.0,0.0,0.0,0.0
WestH6ToSaxonSt.118,1416.0,524_0,4.6,0.0,0.0,6127.0,771_1,56.88,11.67,4711.0,2570.36,4097.0,53,0.0,4495.04,0,tripinfo_WestH6ToSaxonSt.118 emissions_WestH6ToSaxonSt.118,electric,0.87,0.0,0.0,0.0,0.0,0.0,0.0,0.0
EastAveburyToWestA509.273,2674.0,483_0,5.1,0.0,153.5,6129.0,774_1,29.75,12.36,3455.0,2209.78,3002.0,66,0.0,3278.66,0,tripinfo_EastAveburyToWestA509.273 emissions_EastAveburyToWestA509.273,gasoline_euro4,0.91,535190.053655,9066002.313352,2649.388822,221.948016,4123.499716,2891818.111046,0.0
EastA509ToH6.165,2970.0,770_0,5.1,0.0,0.0,6188.0,522_1,56.88,11.78,3218.0,3183.62,2698.0,20,0.0,2793.85,0,tripinfo_EastA509ToH6.165 emissions_EastA509ToH6.165,gasoline_euro4,0.93,461360.759579,7989288.129587,2287.552697,193.259951,3614.506143,2548370.791164,0.0
WestH6ToSaxonSt.120,1440.0,524_0,5.1,0.0,0.0,6199.0,771_1,56.88,15.54,4759.0,2548.67,4171.0,50,0.0,4584.58,0,tripinfo_WestH6ToSaxonSt.120 emissions_WestH6ToSaxonSt.120,gasoline_euro4,1.12,740369.661204,12393110.864738,3661.245893,304.852966,5643.009108,3953082.911873,0.0
EastAveburyToWestA509.311,3110.0,483_0,5.1,0.0,266.5,6200.0,774_1,29.75,13.56,3090.0,2112.83,2539.0,35,0.0,2754.65,0,tripinfo_EastAveburyToWestA509.311 emissions_EastAveburyToWestA509.311,gasoline_euro4,0.98,448802.510802,7661508.204905,2223.003542,187.00904,3480.620043,2443819.56122,0.0
EastAveburyToWestA509.282,2778.0,483_0,5.1,0.0,181.0,6202.0,774_2,29.75,14.35,3424.0,2183.89,2894.0,55,0.0,3170.62,0,tripinfo_EastAveburyToWestA509.282 emissions_EastAveburyToWestA509.282,gasoline_euro4,1.05,515620.136069,8787047.184346,2554.067421,215.17107,3997.18722,2802836.674106,0.0
EastAveburyToWestA509.288,2867.0,483_0,5.1,0.0,219.0,6203.0,774_2,29.75,15.23,3336.0,2212.94,2937.0,46,0.0,3194.92,0,tripinfo_EastAveburyToWestA509.288 emissions_EastAveburyToWestA509.288,gasoline_euro4,1.14,518012.429546,8850761.895863,2566.201406,216.718286,4025.083637,2823159.158913,0.0
EastAveburyToWestA509.112,1152.0,483_0,5.1,0.0,0.0,6205.0,774_2,29.75,13.93,5053.0,2209.74,4454.0,68,0.0,4895.53,0,tripinfo_EastAveburyToWestA509.112 emissions_EastAveburyToWestA509.112,gasoline_euro4,1.02,791470.402684,13171321.324328,3912.721342,324.738296,6005.250943,4201313.974974,0.0
EastAveburyToWestA509.280,2726.0,483_0,4.6,0.0,146.0,6210.0,774_2,29.75,12.75,3484.0,2210.26,3004.0,60,0.0,3324.15,0,tripinfo_EastAveburyToWestA509.280 emissions_EastAveburyToWestA509.280,electric,1.0,0.0,0.0,0.0,0.0,0.0,0.0,0.0
EastAveburyToWestA509.287,2864.0,483_0,5.1,0.0,224.5,6211.0,774_0,29.75,12.43,3347.0,2210.24,2907.0,52,0.0,3174.13,0,tripinfo_EastAveburyToWestA509.287 emissions_EastAveburyToWestA509.287,gasoline_euro4,0.93,516419.53166,8798139.82473,2557.667015,214.971759,3999.357317,2806375.527843,0.0
EastAveburyToWestA509.182,1747.0,483_0,5.1,0.0,0.0,6212.0,774_2,29.75,13.32,4465.0,2178.1,3928.0,61,0.0,4263.36,0,tripinfo_EastAveburyToWestA509.182 emissions_EastAveburyToWestA509.182,gasoline_euro4,1.05,692542.497806,11548560.021201,3424.169339,284.619042,5264.454144,3683693.941971,0.0
EastAveburyToWestA509.293,2932.0,483_0,4.6,0.0,241.5,6218.0,774_1,29.75,11.74,3286.0,2210.26,2853.0,54,0.0,3110.68,0,tripinfo_EastAveburyToWestA509.293 emissions_EastAveburyToWestA509.293,electric,0.92,0.0,0.0,0.0,0.0,0.0,0.0,0.0
WestA509ToEastH6.73,2631.0,773_0,5.1,0.0,3.0,6241.0,522_1,56.88,13.48,3610.0,3657.69,3171.0,35,0.0,3348.94,0,tripinfo_WestA509ToEastH6.73 emissions_WestA509ToEastH6.73,gasoline_euro4,1.01,551006.10493,9573233.312604,2732.523148,231.799064,4331.375337,3053605.804451,0.0
WestA509ToEastH6.74,2667.0,773_0,5.1,0.0,3.0,6244.0,522_1,56.88,12.88,3577.0,3647.77,3133.0,33,0.0,3316.43,0,tripinfo_WestA509ToEastH6.74 emissions_WestA509ToEastH6.74,gasoline_euro4,1.01,545987.956771,9487596.733455,2707.372694,229.390511,4289.868625,3026290.337766,0.0
WestA509ToEastH6.71,2559.0,773_0,5.1,0.0,3.0,6249.0,522_1,56.88,13.33,3690.0,3603.11,3249.0,27,0.0,3419.66,0,tripinfo_WestA509ToEastH6.71 emissions_WestA509ToEastH6.71,gasoline_euro4,0.96,562613.856013,9675798.994173,2787.752137,234.368616,4378.072338,3086325.119601,0.0
WestA509ToEastH6.96,3459.0,773_0,5.1,0.0,3.0,6251.0,522_1,56.88,13.54,2792.0,3611.07,2324.0,24,0.0,2542.24,0,tripinfo_WestA509ToEastH6.96 emissions_WestA509ToEastH6.96,gasoline_euro4,1.04,414811.647798,7369696.602902,2060.464867,176.733338,3322.644766,2350732.412492,0.0
EastA509ToH6.122,2196.0,770_0,4.6,0.0,0.0,6261.0,522_1,56.88,15.22,4065.0,3252.66,3680.0,43,0.0,3844.68,0,tripinfo_EastA509ToH6.122 emissions_EastA509ToH6.122,electric,1.12,0.0,0.0,0.0,0.0,0.0,0.0,0.0
EastAveburyToWestA509.310,3107.0,483_0,5.1,0.0,272.0,6287.0,774_2,29.75,13.17,3180.0,2209.76,2796.0,63,0.0,3021.17,0,tripinfo_EastAveburyToWestA509.310 emissions_EastAveburyToWestA509.310,gasoline_euro4,1.01,492672.196811,8432766.956098,2440.750482,205.839764,3830.502163,2689829.983336,0.0
EastAveburyToWestA509.286,2843.0,483_0,5.1,0.0,212.0,6288.0,774_2,29.75,14.14,3445.0,2183.89,2922.0,74,0.0,3250.25,0,tripinfo_EastAveburyToWestA509.286 emissions_EastAveburyToWestA509.286,gasoline_euro4,1.03,528482.801859,8966724.825636,2616.561171,219.816557,4080.720815,2860150.224908,0.0
WestH6ToSaxonSt.121,1452.0,524_0,4.6,0.0,0.0,6289.0,771_1,56.88,14.85,4837.0,2570.34,4233.0,57,0.0,4664.39,0,tripinfo_WestH6ToSaxonSt.121 emissions_WestH6ToSaxonSt.121,electric,1.1,0.0,0.0,0.0,0.0,0.0,0.0,0.0
EastAveburyToWestA509.237,2239.0,483_0,4.6,0.0,24.5,6290.0,774_2,29.75,13.77,4051.0,2210.27,3549.0,82,0.0,3899.15,0,tripinfo_EastAveburyToWestA509.237 emissions_EastAveburyToWestA509.237,electric,1.06,0.0,0.0,0.0,0.0,0.0,0.0,0.0
EastA509ToH6.111,1998.0,770_0,5.1,0.0,0.0,6291.0,522_0,56.88,9.33,4293.0,3199.78,3642.0,37,0.0,3833.34,0,tripinfo_EastA509ToH6.111 emissions_EastA509ToH6.111,gasoline_euro4,0.74,631444.116134,10642922.170929,3124.623211,258.933671,4829.852912,3394818.296976,0.0
EastAveburyToWestA509.290,2924.0,483_0,4.6,0.0,259.0,6292.0,774_2,29.75,14.13,3368.0,2210.26,2962.0,54,0.0,3218.38,0,tripinfo_EastAveburyToWestA509.290 emissions_EastAveburyToWestA509.290,electric,1.07,0.0,0.0,0.0,0.0,0.0,0.0,0.0
EastAveburyToWestA509.108,1118.0,483_0,5.1,0.0,0.0,6293.0,774_1,29.75,13.24,5175.0,2213.4,4600.0,75,0.0,5013.73,0,tripinfo_EastAveburyToWestA509.108 emissions_EastAveburyToWestA509.108,gasoline_euro4,0.99,812862.032729,13509327.51412,4017.992137,333.120153,6159.898057,4309129.900638,0.0
EastAveburyToWestA509.309,3104.0,483_0,5.1,0.0,277.5,6295.0,774_2,29.75,14.09,3191.0,2209.76,2777.0,59,0.0,3036.76,0,tripinfo_EastAveburyToWestA509.309 emissions_EastAveburyToWestA509.309,gasoline_euro4,1.04,492916.238723,8421074.393392,2441.590379,205.612793,3825.912487,2686100.871672,0.0
EastAveburyToWestA509.308,3101.0,483_0,5.1,0.0,283.0,6297.0,774_2,29.75,14.51,3196.0,2209.76,2779.0,61,0.0,3042.73,0,tripinfo_EastAveburyToWestA509.308 emissions_EastAveburyToWestA509.308,gasoline_euro4,1.05,493848.840117,8457159.248599,2446.928742,206.617053,3843.253381,2697610.112635,0.0
WestA509ToAvebury.93,1674.0,773_0,5.1,0.0,0.0,6305.0,213_0,19.13,14.06,4631.0,2293.44,4125.0,43,0.0,4420.57,0,tripinfo_WestA509ToAvebury.93 emissions_WestA509ToAvebury.93,gasoline_euro4,1.07,717417.325601,11919478.976857,3545.713842,293.864513,5430.954845,3802009.260417,0.0
WestA509ToAvebury.50,900.0,773_0,5.1,0.0,0.0,6308.0,213_0,19.13,16.81,5408.0,2242.57,4822.0,36,0.0,4943.94,0,tripinfo_WestA509ToAvebury.50 emissions_WestA509ToAvebury.50,gasoline_euro4,1.24,813763.302014,13403366.706476,4019.127752,332.425881,6115.647402,4275333.938667,0.0
WestA509ToEastH6.78,2811.0,773_0,5.1,0.0,3.0,6330.0,522_1,56.88,13.29,3519.0,3657.69,3017.0,42,0.0,3254.6,0,tripinfo_WestA509ToEastH6.78 emissions_WestA509ToEastH6.78,gasoline_euro4,1.0,534291.954918,9331891.748519,2650.548431,224.971429,4215.557556,2976623.622373,0.0
EastAveburyToWestA509.296,2940.0,483_0,4.6,0.0,224.0,6375.0,774_1,29.75,14.3,3435.0,2213.9,3002.0,61,0.0,3291.86,0,tripinfo_EastAveburyToWestA509.296 emissions_EastAveburyToWestA509.296,electric,1.12,0.0,0.0,0.0,0.0,0.0,0.0,0.0
EastAveburyToWestA509.332,3329.0,483_0,5.1,0.0,307.0,6377.0,774_2,29.75,12.25,3048.0,2149.69,2501.0,58,0.0,2754.67,0,tripinfo_EastAveburyToWestA509.332 emissions_EastAveburyToWestA509.332,gasoline_euro4,0.97,448697.672152,7714747.65432,2224.058556,188.007939,3504.077698,2460799.79585,0.0
EastAveburyToWestA509.289,2921.0,483_0,5.1,0.0,264.5,6379.0,774_2,29.75,14.58,3458.0,2209.76,3003.0,65,0.0,3313.24,0,tripinfo_EastAveburyToWestA509.289 emissions_EastAveburyToWestA509.289,gasoline_euro4,1.11,537758.937234,9151709.783288,2663.321631,224.159687,4163.612995,2919154.796204,0.0
EastAveburyToWestA509.113,1161.0,483_0,4.6,0.0,0.5,6380.0,774_2,29.75,13.7,5219.0,2210.26,4580.0,99,0.0,5070.07,0,tripinfo_EastAveburyToWestA509.113 emissions_EastAveburyToWestA509.113,electric,1.07,0.0,0.0,0.0,0.0,0.0,0.0,0.0
EastAveburyToWestA509.299,2949.0,483_0,4.6,0.0,207.5,6382.0,774_2,29.75,15.21,3433.0,2210.26,2993.0,73,0.0,3294.93,0,tripinfo_EastAveburyToWestA509.299 emissions_EastAveburyToWestA509.299,electric,1.17,0.0,0.0,0.0,0.0,0.0,0.0,0.0
EastAveburyToWestA509.314,3119.0,483_0,5.1,0.0,250.0,6384.0,774_2,29.75,14.15,3265.0,2209.76,2828.0,72,0.0,3114.77,0,tripinfo_EastAveburyToWestA509.314 emissions_EastAveburyToWestA509.314,gasoline_euro4,1.07,504934.456085,8639766.798945,2501.632546,211.081413,3927.091568,2755857.300919,0.0
EastAveburyToWestA509.316,3184.0,483_0,5.1,0.0,298.0,6387.0,774_2,29.75,13.29,3203.0,2209.76,2788.0,61,0.0,3042.71,0,tripinfo_EastAveburyToWestA509.316 emissions_EastAveburyToWestA509.316,gasoline_euro4,1.01,494154.26689,8448235.8314,2448.061096,206.197367,3838.308409,2694764.517413,0.0
WestA509ToAvebury.111,1998.0,773_0,5.1,0.0,0.0,6394.0,213_0,19.13,12.1,4396.0,2240.02,3821.0,47,0.0,4073.29,0,tripinfo_WestA509ToAvebury.111 emissions_WestA509ToAvebury.111,gasoline_euro4,0.87,665148.05444,11050611.040303,3287.65052,271.806609,5032.525474,3524863.350551,0.0
WestA509ToAvebury.92,1656.0,773_0,5.1,0.0,0.0,6396.0,213_0,19.13,13.06,4740.0,2249.41,4171.0,45,0.0,4433.17,0,tripinfo_WestA509ToAvebury.92 emissions_WestA509ToAvebury.92,gasoline_euro4,0.96,724077.805799,12016980.03082,3578.592605,296.126567,5475.539667,3833110.292211,0.0
EastAveburyToWestA509.297,2943.0,483_0,5.1,0.0,218.5,6462.0,774_2,29.75,14.0,3519.0,2209.76,3037.0,68,0.0,3360.09,0,tripinfo_EastAveburyToWestA509.297 emissions_EastAveburyToWestA509.297,gasoline_euro4,1.01,546135.184568,9278126.137091,2704.233191,226.937571,4218.824478,2959479.265775,0.0
EastAveburyToWestA509.183,1756.0,483_0,5.1,0.0,0.5,6468.0,774_1,29.75,12.46,4712.0,2209.78,4090.0,89,0.0,4542.15,0,tripinfo_EastAveburyToWestA509.183 emissions_EastAveburyToWestA509.183,gasoline_euro4,0.94,736573.615388,12284232.068847,3642.021816,302.429785,5599.167154,3918354.660192,0.0
EastAveburyToWestA509.300,2952.0,483_0,4.6,0.0,202.0,6472.0,774_1,29.75,12.34,3520.0,2190.31,3041.0,65,0.0,3339.3,0,tripinfo_EastAveburyToWestA509.300 emissions_EastAveburyToWestA509.300,electric,0.95,0.0,0.0,0.0,0.0,0.0,0.0,0.0
EastAveburyToWestA509.321,3198.0,483_0,5.1,0.0,269.5,6473.0,774_2,29.75,15.07,3275.0,2183.89,2849.0,64,0.0,3137.92,0,tripinfo_EastAveburyToWestA509.321 emissions_EastAveburyToWestA509.321,gasoline_euro4,1.14,508887.869447,8745234.310044,2522.434203,214.056544,3978.498925,2789496.762255,0.0
WestH6ToSaxonSt.145,1740.0,524_0,4.6,0.0,0.0,6474.0,771_1,56.88,11.09,4734.0,2512.78,4042.0,54,0.0,4351.91,0,tripinfo_WestH6ToSaxonSt.145 emissions_WestH6ToSaxonSt.145,electric,0.88,0.0,0.0,0.0,0.0,0.0,0.0,0.0
EastAveburyToWestA509.147,1450.0,483_0,5.1,0.0,0.5,6475.0,774_0,29.75,10.82,5025.0,2197.56,4527.0,71,0.0,4840.07,0,tripinfo_EastAveburyToWestA509.147 emissions_EastAveburyToWestA509.147,gasoline_euro4,0.87,789254.600351,13120896.759778,3901.723678,323.859895,5985.909819,4185229.889525,0.0
EastAveburyToWestA509.295,2937.0,483_0,5.1,0.0,229.5,6477.0,774_2,29.75,13.25,3540.0,2209.76,3070.0,62,0.0,3372.56,0,tripinfo_EastAveburyToWestA509.295 emissions_EastAveburyToWestA509.295,gasoline_euro4,0.96,548137.996758,9331888.069872,2714.753938,228.337022,4243.911581,2976627.094034,0.0
EastAveburyToWestA509.324,3207.0,483_0,5.1,0.0,253.0,6478.0,774_2,29.75,15.05,3271.0,2209.76,2862.0,64,0.0,3123.41,0,tripinfo_EastAveburyToWestA509.324 emissions_EastAveburyToWestA509.324,gasoline_euro4,1.09,508554.271046,8757185.707917,2521.092693,214.221743,3982.889158,2793308.41681,0.0
EastAveburyToWestA509.298,2946.0,483_0,5.1,0.0,213.0,6480.0,774_0,29.75,11.64,3534.0,2213.4,3045.0,62,0.0,3358.76,0,tripinfo_EastAveburyToWestA509.298 emissions_EastAveburyToWestA509.298,gasoline_euro4,0.92,547392.927312,9310961.408161,2710.883124,227.646627,4233.52456,2969952.544878,0.0
WestA509ToAvebury.133,2394.0,773_0,5.1,0.0,0.0,6481.0,213_0,19.13,13.03,4087.0,2169.42,3381.0,28,0.0,3507.19,0,tripinfo_WestA509ToAvebury.133 emissions_WestA509ToAvebury.133,gasoline_euro4,1.0,575397.784566,9550370.925132,2843.75724,235.836909,4354.509343,3046324.264865,0.0
WestA509ToAvebury.99,1782.0,773_0,5.1,0.0,0.0,6484.0,213_0,19.13,11.54,4702.0,2128.88,4023.0,32,0.0,4108.13,0,tripinfo_WestA509ToAvebury.99 emissions_WestA509ToAvebury.99,gasoline_euro4,0.91,676171.24777,11105333.931752,3339.259611,274.928789,5067.923547,3542321.510458,0.0
WestA509ToEastH6.72,2595.0,773_0,5.1,0.0,3.0,6512.0,522_1,56.88,14.58,3917.0,3624.31,3508.0,36,0.0,3686.53,0,tripinfo_WestA509ToEastH6.72 emissions_WestA509ToEastH6.72,gasoline_euro4,1.13,606923.950456,10471893.997432,3007.962419,255.076791,4745.427055,3340255.51447,0.0
EastA509ToH6.166,2988.0,770_0,4.6,0.0,0.0,6534.0,522_1,56.88,12.28,3546.0,3227.82,3104.0,26,0.0,3212.09,0,tripinfo_EastA509ToH6.166 emissions_EastA509ToH6.166,electric,0.92,0.0,0.0,0.0,0.0,0.0,0.0,0.0
EastA509ToH6.96,1728.0,770_0,5.1,0.0,0.0,6538.0,522_1,56.88,13.51,4810.0,3278.3,4377.0,45,0.0,4574.52,0,tripinfo_EastA509ToH6.96 emissions_EastA509ToH6.96,gasoline_euro4,1.01,752003.40499,12641084.605999,3719.380125,309.553163,5742.552407,4032179.977089,0.0
WestH6ToSaxonSt.122,1464.0,524_0,4.6,0.0,0.0,6553.0,771_1,56.88,14.64,5089.0,2570.34,4476.0,59,0.0,4919.61,0,tripinfo_WestH6ToSaxonSt.122 emissions_WestH6ToSaxonSt.122,electric,1.12,0.0,0.0,0.0,0.0,0.0,0.0,0.0
EastAveburyToWestA509.148,1458.0,483_0,5.1,0.0,0.0,6556.0,774_1,29.75,11.84,5098.0,2193.95,4577.0,67,0.0,4923.13,0,tripinfo_EastAveburyToWestA509.148 emissions_EastAveburyToWestA509.148,gasoline_euro4,0.92,803392.679451,13368443.583393,3971.828593,329.827048,6097.66661,4264190.679276,0.0
EastAveburyToWestA509.301,3007.0,483_0,5.1,0.0,248.5,6556.0,774_2,29.75,13.94,3549.0,2209.76,3063.0,59,0.0,3389.94,0,tripinfo_EastAveburyToWestA509.301 emissions_EastAveburyToWestA509.301,gasoline_euro4,1.01,550942.541051,9377661.064402,2728.474347,229.539741,4264.737551,2991227.459584,0.0
WestH6ToSaxonSt.123,1476.0,524_0,5.1,0.0,0.0,6557.0,771_1,56.88,13.47,5081.0,2569.84,4510.0,57,0.0,4899.62,0,tripinfo_WestH6ToSaxonSt.123 emissions_WestH6ToSaxonSt.123,gasoline_euro4,1.04,795189.430848,13313746.352884,3932.817597,327.673084,6065.13928,4246741.5342,0.0
WestH6ToSaxonSt.125,1500.0,524_0,4.6,0.0,0.0,6558.0,771_1,56.88,15.38,5058.0,2570.33,4469.0,56,0.0,4892.92,0,tripinfo_WestH6ToSaxonSt.125 emissions_WestH6ToSaxonSt.125,electric,1.14,0.0,0.0,0.0,0.0,0.0,0.0,0.0
WestH6ToSaxonSt.124,1488.0,524_0,5.1,0.0,0.0,6560.0,771_1,56.88,14.78,5072.0,2569.87,4487.0,56,0.0,4904.71,0,tripinfo_WestH6ToSaxonSt.124 emissions_WestH6ToSaxonSt.124,gasoline_euro4,1.13,794151.330839,13308915.79865,3927.912644,327.577054,6063.00956,4245200.177872,0.0
EastAveburyToWestA509.241,2313.0,483_0,4.6,0.0,64.5,6560.0,774_1,29.75,12.82,4247.0,2210.28,3750.0,84,0.0,4074.65,0,tripinfo_EastAveburyToWestA509.241 emissions_EastAveburyToWestA509.241,electric,0.93,0.0,0.0,0.0,0.0,0.0,0.0,0.0
EastAveburyToWestA509.335,3337.0,483_0,5.1,0.0,289.5,6561.0,774_2,29.75,12.56,3224.0,2209.76,2800.0,69,0.0,3058.09,0,tripinfo_EastAveburyToWestA509.335 emissions_EastAveburyToWestA509.335,gasoline_euro4,0.97,498521.397531,8553551.218277,2470.458108,208.944958,3888.262698,2728355.939778,0.0
EastAveburyToWestA509.329,3320.0,483_0,4.6,0.0,323.5,6562.0,774_2,29.75,14.25,3242.0,2213.41,2819.0,74,0.0,3102.29,0,tripinfo_EastAveburyToWestA509.329 emissions_EastAveburyToWestA509.329,electric,1.15,0.0,0.0,0.0,0.0,0.0,0.0,0.0
EastAveburyToWestA509.121,1229.0,483_0,4.6,0.0,0.5,6564.0,774_1,29.75,13.29,5335.0,2210.27,4706.0,98,0.0,5177.2,0,tripinfo_EastAveburyToWestA509.121 emissions_EastAveburyToWestA509.121,electric,1.02,0.0,0.0,0.0,0.0,0.0,0.0,0.0
EastAveburyToWestA509.303,3013.0,483_0,5.1,0.0,237.5,6566.0,774_0,29.75,12.16,3553.0,2213.4,3072.0,60,0.0,3377.9,0,tripinfo_EastAveburyToWestA509.303 emissions_EastAveburyToWestA509.303,gasoline_euro4,0.92,548688.46652,9315996.852694,2716.857697,228.094447,4238.085352,2971558.960847,0.0
WestA509ToAvebury.55,990.0,773_0,4.6,0.0,0.0,6569.0,213_0,19.13,14.21,5579.0,2243.48,5055.0,52,0.0,5391.25,0,tripinfo_WestA509ToAvebury.55 emissions_WestA509ToAvebury.55,electric,1.04,0.0,0.0,0.0,0.0,0.0,0.0,0.0
WestA509ToAvebury.88,1584.0,773_0,4.6,0.0,0.0,6573.0,213_0,19.13,10.83,4989.0,2270.88,4505.0,51,0.0,4804.27,0,tripinfo_WestA509ToAvebury.88 emissions_WestA509ToAvebury.88,electric,0.87,0.0,0.0,0.0,0.0,0.0,0.0,0.0
WestA509ToAvebury.81,1458.0,773_0,5.1,0.0,0.0,6575.0,213_0,19.13,12.73,5117.0,2299.36,4586.0,46,0.0,4867.76,0,tripinfo_WestA509ToAvebury.81 emissions_WestA509ToAvebury.81,gasoline_euro4,0.95,793389.578372,13137760.824677,3920.58863,324.294093,5990.367431,4190611.266406,0.0
WestA509ToAvebury.44,792.0,773_0,5.1,0.0,0.0,6576.0,213_0,19.13,14.29,5784.0,2317.28,5269.0,64,0.0,5631.93,0,tripinfo_WestA509ToAvebury.44 emissions_WestA509ToAvebury.44,gasoline_euro4,1.1,916469.477775,15101363.953706,4526.97448,373.873229,6891.872913,4816952.284754,0.0
WestA509ToEastH6.75,2703.0,773_0,4.6,0.0,3.0,6588.0,522_1,56.88,14.5,3885.0,3624.8,3458.0,42,0.0,3650.84,0,tripinfo_WestA509ToEastH6.75 emissions_WestA509ToEastH6.75,electric,1.11,0.0,0.0,0.0,0.0,0.0,0.0,0.0
WestA509ToEastH6.83,2991.0,773_0,4.6,0.0,3.0,6600.0,522_1,56.88,15.48,3609.0,3658.2,3118.0,44,0.0,3376.17,0,tripinfo_WestA509ToEastH6.83 emissions_WestA509ToEastH6.83,electric,1.14,0.0,0.0,0.0,0.0,0.0,0.0,0.0
EastA509ToH6.104,1872.0,770_0,4.6,0.0,0.0,6614.0,522_1,56.88,13.99,4742.0,3278.8,4332.0,36,0.0,4514.6,0,tripinfo_EastA509ToH6.104 emissions_EastA509ToH6.104,electric,1.05,0.0,0.0,0.0,0.0,0.0,0.0,0.0
EastAveburyToWestA509.341,3368.0,483_0,4.6,0.0,269.5,6634.0,774_2,29.75,15.16,3266.0,2210.26,2847.0,61,0.0,3119.3,0,tripinfo_EastAveburyToWestA509.341 emissions_EastAveburyToWestA509.341,electric,1.09,0.0,0.0,0.0,0.0,0.0,0.0,0.0
EastAveburyToWestA509.319,3193.0,483_0,4.6,0.0,281.5,6639.0,774_2,29.75,14.34,3446.0,2210.26,3003.0,74,0.0,3291.39,0,tripinfo_EastAveburyToWestA509.319 emissions_EastAveburyToWestA509.319,electric,1.04,0.0,0.0,0.0,0.0,0.0,0.0,0.0
WestH6ToSaxonSt.126,1512.0,524_0,4.6,0.0,0.0,6643.0,771_1,56.88,13.28,5131.0,2570.34,4555.0,58,0.0,4949.34,0,tripinfo_WestH6ToSaxonSt.126 emissions_WestH6ToSaxonSt.126,electric,1.03,0.0,0.0,0.0,0.0,0.0,0.0,0.0
WestH6ToSaxonSt.128,1536.0,524_0,5.1,0.0,0.0,6647.0,771_1,56.88,13.13,5111.0,2569.87,4507.0,56,0.0,4919.01,0,tripinfo_WestH6ToSaxonSt.128 emissions_WestH6ToSaxonSt.128,gasoline_euro4,0.98,797167.550275,13321547.094352,3941.833755,327.626687,6067.363563,4249231.000991,0.0
EastAveburyToWestA509.349,3468.0,483_0,5.1,0.0,301.5,6647.0,774_2,29.75,14.63,3179.0,2112.83,2570.0,74,0.0,2861.08,0,tripinfo_EastAveburyToWestA509.349 emissions_EastAveburyToWestA509.349,gasoline_euro4,1.06,462954.794484,7934601.072598,2294.120349,193.912258,3608.117676,2530927.445126,0.0
WestH6ToSaxonSt.127,1524.0,524_0,4.6,0.0,0.0,6648.0,771_1,56.88,14.49,5124.0,2570.37,4522.0,56,0.0,4948.31,0,tripinfo_WestH6ToSaxonSt.127 emissions_WestH6ToSaxonSt.127,electric,1.07,0.0,0.0,0.0,0.0,0.0,0.0,0.0
EastAveburyToWestA509.336,3340.0,483_0,5.1,0.0,284.0,6652.0,774_1,29.75,11.86,3312.0,2213.42,2872.0,59,0.0,3141.57,0,tripinfo_EastAveburyToWestA509.336 emissions_EastAveburyToWestA509.336,gasoline_euro4,0.94,512330.147174,8765864.179419,2538.512754,214.15284,3985.289819,2796079.040348,0.0
EastAveburyToWestA509.304,3016.0,483_0,5.1,0.0,232.0,6653.0,774_0,29.75,11.5,3637.0,2210.25,3159.0,60,0.0,3448.15,0,tripinfo_EastAveburyToWestA509.304 emissions_EastAveburyToWestA509.304,gasoline_euro4,0.85,561042.243644,9478679.843523,2777.059281,232.143173,4313.123104,3023452.239392,0.0
WestH6ToSaxonSt.129,1548.0,524_0,4.6,0.0,0.0,6654.0,771_1,56.88,12.93,5106.0,2570.34,4492.0,52,0.0,4907.64,0,tripinfo_WestH6ToSaxonSt.129 emissions_WestH6ToSaxonSt.129,electric,0.95,0.0,0.0,0.0,0.0,0.0,0.0,0.0
EastAveburyToWestA509.362,3722.0,483_0,4.6,0.0,445.0,6654.0,774_2,29.75,12.71,2932.0,2210.26,2516.0,69,0.0,2761.1,0,tripinfo_EastAveburyToWestA509.362 emissions_EastAveburyToWestA509.362,electric,0.94,0.0,0.0,0.0,0.0,0.0,0.0,0.0
EastAveburyToWestA509.302,3010.0,483_0,4.6,0.0,243.0,6656.0,774_2,29.75,12.76,3646.0,2210.27,3157.0,76,0.0,3480.58,0,tripinfo_EastAveburyToWestA509.302 emissions_EastAveburyToWestA509.302,electric,0.97,0.0,0.0,0.0,0.0,0.0,0.0,0.0
WestA509ToAvebury.53,954.0,773_0,5.1,0.0,0.0,6657.0,213_0,19.13,14.12,5703.0,2245.13,5188.0,62,0.0,5537.77,0,tripinfo_WestA509ToAvebury.53 emissions_WestA509ToAvebury.53,gasoline_euro4,1.04,901843.29021,14868636.914747,4454.794441,367.829237,6784.040845,4742718.233249,0.0
WestA509ToAvebury.112,2016.0,773_0,5.1,0.0,0.0,6660.0,213_0,19.13,11.37,4644.0,2319.12,4178.0,52,0.0,4450.37,0,tripinfo_WestA509ToAvebury.112 emissions_WestA509ToAvebury.112,gasoline_euro4,0.86,726687.229843,12088809.113019,3592.410973,297.440346,5507.219323,3856021.287349,0.0
WestA509ToEastH6.79,2847.0,773_0,4.6,0.0,3.0,6679.0,522_1,56.88,14.28,3832.0,3658.11,3347.0,44,0.0,3581.23,0,tripinfo_WestA509ToEastH6.79 emissions_WestA509ToEastH6.79,electric,1.05,0.0,0.0,0.0,0.0,0.0,0.0,0.0
WestA509ToEastH6.81,2919.0,773_0,4.6,0.0,3.0,6691.0,522_1,56.88,12.36,3772.0,3658.18,3217.0,44,0.0,3484.17,0,tripinfo_WestA509ToEastH6.81 emissions_WestA509ToEastH6.81,electric,0.92,0.0,0.0,0.0,0.0,0.0,0.0,0.0
EastA509ToH6.149,2682.0,770_0,5.1,0.0,0.0,6717.0,522_0,56.88,11.68,4035.0,3194.82,3345.0,17,0.0,3462.03,0,tripinfo_EastA509ToH6.149 emissions_EastA509ToH6.149,gasoline_euro4,0.86,570633.645291,9625384.305941,2823.83973,234.518189,4367.050664,3070249.491381,0.0
EastAveburyToWestA509.251,2339.0,483_0,4.6,0.0,5.5,6737.0,774_2,29.75,11.84,4398.0,2210.29,3803.0,100,0.0,4224.16,0,tripinfo_EastAveburyToWestA509.251 emissions_EastAveburyToWestA509.251,electric,0.92,0.0,0.0,0.0,0.0,0.0,0.0,0.0
EastAveburyToWestA509.356,3548.0,483_0,5.1,0.0,322.0,6737.0,774_1,29.75,11.33,3189.0,2209.76,2740.0,67,0.0,3001.94,0,tripinfo_EastAveburyToWestA509.356 emissions_EastAveburyToWestA509.356,gasoline_euro4,0.86,489348.999062,8376583.709549,2424.664011,204.196402,3805.460231,2671909.233692,0.0
EastAveburyToWestA509.317,3187.0,483_0,4.6,0.0,292.5,6739.0,774_1,29.75,12.96,3552.0,2213.92,3072.0,76,0.0,3394.47,0,tripinfo_EastAveburyToWestA509.317 emissions_EastAveburyToWestA509.317,electric,1.02,0.0,0.0,0.0,0.0,0.0,0.0,0.0
EastAveburyToWestA509.357,3640.0,483_0,5.1,0.0,405.5,6739.0,774_2,29.75,12.76,3099.0,2169.64,2633.0,76,0.0,2929.5,0,tripinfo_EastAveburyToWestA509.357 emissions_EastAveburyToWestA509.357,gasoline_euro4,0.97,474023.301416,8128937.435987,2349.060809,198.221055,3693.528348,2592915.954347,0.0
EastAveburyToWestA509.257,2465.0,483_0,4.6,0.0,80.5,6741.0,774_1,29.75,12.43,4276.0,2170.38,3724.0,89,0.0,4103.61,0,tripinfo_EastAveburyToWestA509.257 emissions_EastAveburyToWestA509.257,electric,0.91,0.0,0.0,0.0,0.0,0.0,0.0,0.0
EastAveburyToWestA509.307,3098.0,483_0,4.6,0.0,288.5,6741.0,774_2,29.75,13.63,3643.0,2210.26,3168.0,71,0.0,3492.08,0,tripinfo_EastAveburyToWestA509.307 emissions_EastAveburyToWestA509.307,electric,1.07,0.0,0.0,0.0,0.0,0.0,0.0,0.0
EastAveburyToWestA509.340,3365.0,483_0,5.1,0.0,275.0,6743.0,774_2,29.75,13.97,3378.0,2169.64,2932.0,53,0.0,3184.14,0,tripinfo_EastAveburyToWestA509.340 emissions_EastAveburyToWestA509.340,gasoline_euro4,1.03,518193.704748,8873009.595684,2567.766351,217.181332,4036.291459,2830254.896183,0.0
WestA509ToAvebury.70,1260.0,773_0,4.6,0.0,0.0,6746.0,213_0,19.13,12.94,5486.0,2224.53,4924.0,38,0.0,5194.42,0,tripinfo_WestA509ToAvebury.70 emissions_WestA509ToAvebury.70,electric,0.99,0.0,0.0,0.0,0.0,0.0,0.0,0.0
EastAveburyToWestA509.348,3465.0,483_0,5.1,0.0,307.0,6812.0,774_2,29.75,13.63,3347.0,2209.76,2880.0,66,0.0,3194.41,0,tripinfo_EastAveburyToWestA509.348 emissions_EastAveburyToWestA509.348,gasoline_euro4,1.05,518307.948687,8857315.622425,2567.425849,216.439543,4025.554856,2825249.983929,0.0
EastAveburyToWestA509.367,3979.0,483_0,5.1,0.0,659.5,6814.0,774_2,29.75,14.46,2835.0,2209.76,2421.0,68,0.0,2683.52,0,tripinfo_EastAveburyToWestA509.367 emissions_EastAveburyToWestA509.367,gasoline_euro4,1.06,436450.716133,7586558.224403,2165.247891,184.717008,3444.903321,2419907.859071,0.0
WestH6ToSaxonSt.131,1572.0,524_0,5.1,0.0,0.0,6816.0,771_1,56.88,15.61,5244.0,2548.51,4612.0,52,0.0,5063.48,0,tripinfo_WestH6ToSaxonSt.131 emissions_WestH6ToSaxonSt.131,gasoline_euro4,1.16,817687.144703,13684067.455649,4043.87225,336.956695,6233.614816,4364864.507642,0.0
WestH6ToSaxonSt.130,1560.0,524_0,5.1,0.0,0.0,6824.0,771_1,56.88,12.9,5264.0,2569.84,4634.0,57,0.0,5069.9,0,tripinfo_WestH6ToSaxonSt.130 emissions_WestH6ToSaxonSt.130,gasoline_euro4,0.97,819490.492917,13679427.308804,4052.250872,336.739079,6233.298893,4363385.798808,0.0
EastAveburyToWestA509.359,3713.0,483_0,4.6,0.0,461.5,6824.0,774_1,29.75,12.56,3111.0,2210.26,2668.0,70,0.0,2935.85,0,tripinfo_EastAveburyToWestA509.359 emissions_EastAveburyToWestA509.359,electric,0.92,0.0,0.0,0.0,0.0,0.0,0.0,0.0
WestH6ToSaxonSt.133,1596.0,524_0,5.1,0.0,0.0,6825.0,771_1,56.88,13.87,5229.0,2569.84,4585.0,51,0.0,5055.89,0,tripinfo_WestH6ToSaxonSt.133 emissions_WestH6ToSaxonSt.133,gasoline_euro4,1.09,815658.499391,13647903.55642,4033.871218,335.887688,6218.190955,4353329.341224,0.0
EastAveburyToWestA509.368,3982.0,483_0,4.6,0.0,654.0,6826.0,774_2,29.75,11.98,2844.0,2213.42,2418.0,71,0.0,2670.35,0,tripinfo_EastAveburyToWestA509.368 emissions_EastAveburyToWestA509.368,electric,0.92,0.0,0.0,0.0,0.0,0.0,0.0,0.0
WestH6ToSaxonSt.132,1584.0,524_0,5.1,0.0,0.0,6827.0,771_1,56.88,15.14,5243.0,2569.87,4598.0,51,0.0,5077.7,0,tripinfo_WestH6ToSaxonSt.132 emissions_WestH6ToSaxonSt.132,gasoline_euro4,1.14,817967.365631,13688611.369699,4045.530847,337.330178,6238.999384,4366313.550865,0.0
EastAveburyToWestA509.122,1237.0,483_0,5.1,0.0,0.0,6828.0,774_2,29.75,14.99,5591.0,2209.74,5014.0,107,0.0,5442.67,0,tripinfo_EastAveburyToWestA509.122 emissions_EastAveburyToWestA509.122,gasoline_euro4,1.08,882999.914306,14682299.244387,4365.188845,362.655644,6699.416913,4683276.881317,0.0
EastAveburyToWestA509.269,2591.0,483_0,4.6,0.0,104.5,6833.0,774_0,29.75,11.37,4242.0,2210.75,3637.0,103,0.0,4054.24,0,tripinfo_EastAveburyToWestA509.269 emissions_EastAveburyToWestA509.269,electric,0.86,0.0,0.0,0.0,0.0,0.0,0.0,0.0
WestA509ToAvebury.45,810.0,773_0,5.1,0.0,0.0,6838.0,213_0,19.13,15.61,6028.0,2317.28,5549.0,64,0.0,5886.72,0,tripinfo_WestA509ToAvebury.45 emissions_WestA509ToAvebury.45,gasoline_euro4,1.19,961196.15836,15838719.529455,4747.498458,392.166999,7225.663648,5052150.060634,0.0
EastA509ToH6.150,2700.0,770_0,4.6,0.0,0.0,6891.0,522_0,56.88,11.57,4191.0,3248.41,3758.0,31,0.0,3859.47,0,tripinfo_EastA509ToH6.150 emissions_EastA509ToH6.150,electric,0.87,0.0,0.0,0.0,0.0,0.0,0.0,0.0
EastA509ToH6.108,1944.0,770_0,4.6,0.0,0.0,6894.0,522_1,56.88,11.94,4950.0,3248.45,4438.0,38,0.0,4617.88,0,tripinfo_EastA509ToH6.108 emissions_EastA509ToH6.108,electric,0.9,0.0,0.0,0.0,0.0,0.0,0.0,0.0
WestH6ToSaxonSt.136,1632.0,524_0,5.1,0.0,0.0,6904.0,771_1,56.88,15.53,5272.0,2569.87,4636.0,55,0.0,5108.23,0,tripinfo_WestH6ToSaxonSt.136 emissions_WestH6ToSaxonSt.136,gasoline_euro4,1.15,822668.1507,13725784.757287,4067.437011,338.104836,6254.056921,4378172.630224,0.0
WestH6ToSaxonSt.147,1764.0,524_0,4.6,0.0,0.0,6909.0,771_1,56.88,14.51,5145.0,2570.37,4532.0,44,0.0,4968.18,0,tripinfo_WestH6ToSaxonSt.147 emissions_WestH6ToSaxonSt.147,electric,1.06,0.0,0.0,0.0,0.0,0.0,0.0,0.0
WestA509ToAvebury.90,1620.0,773_0,4.6,0.0,0.0,6922.0,213_0,19.13,13.43,5302.0,2244.72,4756.0,50,0.0,4992.07,0,tripinfo_WestA509ToAvebury.90 emissions_WestA509ToAvebury.90,electric,1.0,0.0,0.0,0.0,0.0,0.0,0.0,0.0
WestH6ToSaxonSt.135,1620.0,524_0,4.6,0.0,0.0,6925.0,771_0,56.88,9.85,5305.0,2570.36,4638.0,56,0.0,5057.67,0,tripinfo_WestH6ToSaxonSt.135 emissions_WestH6ToSaxonSt.135,electric,0.76,0.0,0.0,0.0,0.0,0.0,0.0,0.0
WestA509ToAvebury.101,1818.0,773_0,4.6,0.0,0.0,6925.0,213_0,19.13,11.91,5107.0,2296.03,4601.0,45,0.0,4846.94,0,tripinfo_WestA509ToAvebury.101 emissions_WestA509ToAvebury.101,electric,0.89,0.0,0.0,0.0,0.0,0.0,0.0,0.0
WestA509ToAvebury.104,1872.0,773_0,5.1,0.0,0.0,6927.0,213_0,19.13,14.86,5055.0,2300.26,4546.0,50,0.0,4829.14,0,tripinfo_WestA509ToAvebury.104 emissions_WestA509ToAvebury.104,gasoline_euro4,1.09,786059.875142,13054984.974036,3885.258976,322.279883,5952.535651,4164206.335895,0.0
WestA509ToEastH6.87,3135.0,773_0,5.1,0.0,3.0,6961.0,522_1,56.88,13.5,3826.0,3657.68,3317.0,41,0.0,3564.34,0,tripinfo_WestA509ToEastH6.87 emissions_WestA509ToEastH6.87,gasoline_euro4,1.01,585365.323927,10132740.388359,2901.856561,245.231534,4583.907435,3232075.108448,0.0
EastA509ToH6.157,2826.0,770_0,5.1,0.0,0.0,6962.0,522_1,56.88,15.49,4136.0,3230.06,3621.0,29,0.0,3788.44,0,tripinfo_EastA509ToH6.157 emissions_EastA509ToH6.157,gasoline_euro4,1.12,622900.699521,10564291.833197,3083.292707,258.673694,4796.786143,3369733.267093,0.0
WestH6ToSaxonSt.137,1644.0,524_0,5.1,0.0,0.0,6993.0,771_1,56.88,14.21,5349.0,2569.84,4681.0,55,0.0,5175.77,0,tripinfo_WestH6ToSaxonSt.137 emissions_WestH6ToSaxonSt.137,gasoline_euro4,1.09,835087.294384,13944307.719228,4128.918058,343.043641,6350.836364,4447875.896367,0.0
WestH6ToSaxonSt.138,1656.0,524_0,4.6,0.0,0.0,6998.0,771_1,56.88,13.35,5342.0,2570.37,4705.0,55,0.0,5150.78,0,tripinfo_WestH6ToSaxonSt.138 emissions_WestH6ToSaxonSt.138,electric,0.99,0.0,0.0,0.0,0.0,0.0,0.0,0.0
WestH6ToSaxonSt.139,1668.0,524_0,4.6,0.0,0.0,7008.0,771_1,56.88,10.93,5340.0,2570.34,4702.0,56,0.0,5117.01,0,tripinfo_WestH6ToSaxonSt.139 emissions_WestH6ToSaxonSt.139,electric,0.84,0.0,0.0,0.0,0.0,0.0,0.0,0.0
WestH6ToSaxonSt.140,1680.0,524_0,4.6,0.0,0.0,7009.0,771_1,56.88,13.36,5329.0,2570.36,4662.0,56,0.0,5137.27,0,tripinfo_WestH6ToSaxonSt.140 emissions_WestH6ToSaxonSt.140,electric,0.98,0.0,0.0,0.0,0.0,0.0,0.0,0.0
WestA509ToAvebury.109,1962.0,773_0,5.1,0.0,0.0,7009.0,213_0,19.13,15.44,5047.0,2234.3,4504.0,53,0.0,4761.93,0,tripinfo_WestA509ToAvebury.109 emissions_WestA509ToAvebury.109,gasoline_euro4,1.11,777790.295139,12912124.753356,3844.11577,319.064937,5888.482134,4118637.443234,0.0
WestA509ToAvebury.48,864.0,773_0,5.1,0.0,0.0,7011.0,213_0,19.13,13.04,6147.0,2304.6,5670.0,45,0.0,5906.07,0,tripinfo_WestA509ToAvebury.48 emissions_WestA509ToAvebury.48,gasoline_euro4,1.01,967272.012845,15914174.821627,4777.426888,394.013418,7262.659876,5076219.321497,0.0
WestA509ToAvebury.96,1728.0,773_0,5.1,0.0,0.0,7013.0,213_0,19.13,14.54,5285.0,2203.04,4725.0,45,0.0,4934.06,0,tripinfo_WestA509ToAvebury.96 emissions_WestA509ToAvebury.96,gasoline_euro4,1.05,808443.99151,13360509.930187,3994.349402,330.53679,6096.020111,4261662.757745,0.0
WestA509ToAvebury.57,1026.0,773_0,4.6,0.0,0.0,7015.0,213_0,19.13,14.74,5989.0,2270.3,5568.0,58,0.0,5825.74,0,tripinfo_WestA509ToAvebury.57 emissions_WestA509ToAvebury.57,electric,1.09,0.0,0.0,0.0,0.0,0.0,0.0,0.0
WestA509ToAvebury.65,1170.0,773_0,4.6,0.0,0.0,7018.0,213_0,19.13,13.8,5848.0,2307.86,5425.0,53,0.0,5691.01,0,tripinfo_WestA509ToAvebury.65 emissions_WestA509ToAvebury.65,electric,1.06,0.0,0.0,0.0,0.0,0.0,0.0,0.0
EastA509ToH6.67,1206.0,770_0,5.1,0.0,0.0,7063.0,522_1,56.88,12.78,5857.0,3264.63,5423.0,29,0.0,5528.92,0,tripinfo_EastA509ToH6.67 emissions_EastA509ToH6.67,gasoline_euro4,0.94,912337.205767,15166638.674031,4509.330561,373.188008,6903.535816,4837771.017813,0.0
WestH6ToSaxonSt.141,1692.0,524_0,5.1,0.0,0.0,7082.0,771_1,56.88,14.31,5390.0,2569.87,4738.0,55,0.0,5210.27,0,tripinfo_WestH6ToSaxonSt.141 emissions_WestH6ToSaxonSt.141,gasoline_euro4,1.05,842085.299458,14008749.420065,4162.640721,345.261281,6385.10952,4468432.452127,0.0
WestH6ToSaxonSt.142,1704.0,524_0,4.6,0.0,0.0,7090.0,771_1,56.88,12.17,5386.0,2570.34,4737.0,57,0.0,5178.52,0,tripinfo_WestH6ToSaxonSt.142 emissions_WestH6ToSaxonSt.142,electric,0.91,0.0,0.0,0.0,0.0,0.0,0.0,0.0
WestH6ToSaxonSt.143,1716.0,524_0,4.6,0.0,0.0,7091.0,771_1,56.88,13.52,5375.0,2570.37,4711.0,62,0.0,5210.93,0,tripinfo_WestH6ToSaxonSt.143 emissions_WestH6ToSaxonSt.143,electric,1.14,0.0,0.0,0.0,0.0,0.0,0.0,0.0
WestH6ToSaxonSt.144,1728.0,524_0,5.1,0.0,0.0,7093.0,771_1,56.88,13.4,5365.0,2569.84,4717.0,57,0.0,5171.73,0,tripinfo_WestH6ToSaxonSt.144 emissions_WestH6ToSaxonSt.144,gasoline_euro4,0.97,839194.791945,13979934.23142,4148.802402,344.277237,6371.235415,4459240.680851,0.0
WestA509ToAvebury.58,1044.0,773_0,4.6,0.0,0.0,7096.0,213_0,19.13,14.75,6052.0,2250.82,5569.0,61,0.0,5833.37,0,tripinfo_WestA509ToAvebury.58 emissions_WestA509ToAvebury.58,electric,1.11,0.0,0.0,0.0,0.0,0.0,0.0,0.0
WestA509ToAvebury.68,1224.0,773_0,4.6,0.0,0.0,7099.0,213_0,19.13,12.83,5875.0,2245.5,5420.0,63,0.0,5718.84,0,tripinfo_WestA509ToAvebury.68 emissions_WestA509ToAvebury.68,electric,1.0,0.0,0.0,0.0,0.0,0.0,0.0,0.0
WestA509ToAvebury.46,828.0,773_0,4.6,0.0,0.0,7101.0,213_0,19.13,14.24,6273.0,2322.97,5823.0,62,0.0,6118.37,0,tripinfo_WestA509ToAvebury.46 emissions_WestA509ToAvebury.46,electric,1.09,0.0,0.0,0.0,0.0,0.0,0.0,0.0
WestA509ToAvebury.105,1890.0,773_0,5.1,0.0,0.0,7105.0,213_0,19.13,13.39,5215.0,2228.11,4612.0,56,0.0,4833.02,0,tripinfo_WestA509ToAvebury.105 emissions_WestA509ToAvebury.105,gasoline_euro4,0.97,791184.544239,13114899.199222,3909.860716,323.808431,5980.837453,4183318.320667,0.0
EastA509ToH6.118,2124.0,770_0,4.6,0.0,0.0,7150.0,522_1,56.88,12.82,5026.0,3230.58,4473.0,36,0.0,4674.56,0,tripinfo_EastA509ToH6.118 emissions_EastA509ToH6.118,electric,0.92,0.0,0.0,0.0,0.0,0.0,0.0,0.0
WestH6ToSaxonSt.148,1776.0,524_0,4.6,0.0,0.0,7174.0,771_1,56.88,12.24,5398.0,2570.37,4781.0,59,0.0,5199.61,0,tripinfo_WestH6ToSaxonSt.148 emissions_WestH6ToSaxonSt.148,electric,0.95,0.0,0.0,0.0,0.0,0.0,0.0,0.0
WestA509ToAvebury.61,1098.0,773_0,5.1,0.0,0.0,7184.0,213_0,19.13,13.37,6086.0,2227.26,5470.0,53,0.0,5702.9,0,tripinfo_WestA509ToAvebury.61 emissions_WestA509ToAvebury.61,gasoline_euro4,0.97,933935.071329,15353596.548534,4612.560693,380.469868,7010.098653,4897409.056948,0.0
WestH6ToSaxonSt.146,1752.0,524_0,5.1,0.0,0.0,7185.0,771_1,56.88,10.21,5433.0,2569.84,4792.0,69,0.0,5191.85,0,tripinfo_WestH6ToSaxonSt.146 emissions_WestH6ToSaxonSt.146,gasoline_euro4,0.78,845566.828244,14043326.648186,4179.614737,345.426922,6399.311185,4479463.254459,0.0
WestA509ToAvebury.118,2124.0,773_0,4.6,0.0,0.0,7189.0,213_0,19.13,11.2,5065.0,2249.86,4543.0,51,0.0,4729.46,0,tripinfo_WestA509ToAvebury.118 emissions_WestA509ToAvebury.118,electric,0.81,0.0,0.0,0.0,0.0,0.0,0.0,0.0
WestA509ToAvebury.115,2070.0,773_0,5.1,0.0,0.0,7191.0,213_0,19.13,12.33,5121.0,2322.17,4638.0,59,0.0,4943.91,0,tripinfo_WestA509ToAvebury.115 emissions_WestA509ToAvebury.115,gasoline_euro4,0.94,807386.706445,13415687.249091,3991.01737,331.051344,6118.244293,4279260.952343,0.0
WestA509ToAvebury.87,1566.0,773_0,5.1,0.0,0.0,7193.0,213_0,19.13,11.29,5627.0,2244.31,5044.0,51,0.0,5308.45,0,tripinfo_WestA509ToAvebury.87 emissions_WestA509ToAvebury.87,gasoline_euro4,0.87,869253.48274,14313622.435673,4293.910312,354.191017,6533.794362,4565683.212462,0.0
WestA509ToAvebury.137,2466.0,773_0,4.6,0.0,0.0,7195.0,213_0,19.13,14.12,4729.0,2244.72,4172.0,52,0.0,4435.61,0,tripinfo_WestA509ToAvebury.137 emissions_WestA509ToAvebury.137,electric,1.05,0.0,0.0,0.0,0.0,0.0,0.0,0.0
WestA509ToAvebury.69,1242.0,773_0,4.6,0.0,0.0,7197.0,213_0,19.13,11.93,5955.0,2289.99,5420.0,57,0.0,5701.38,0,tripinfo_WestA509ToAvebury.69 emissions_WestA509ToAvebury.69,electric,0.93,0.0,0.0,0.0,0.0,0.0,0.0,0.0
WestA509ToAvebury.126,2268.0,773_0,5.1,0.0,0.0,7199.0,213_0,19.13,12.38,4931.0,2224.88,4359.0,54,0.0,4639.56,0,tripinfo_WestA509ToAvebury.126 emissions_WestA509ToAvebury.126,gasoline_euro4,0.98,756863.046134,12568100.230795,3741.1995,310.490988,5734.462169,4008902.25095,0.0
WestA509ToAvebury.91,1638.0,773_0,5.1,0.0,0.0,7201.0,213_0,19.13,14.26,5563.0,2244.22,5055.0,51,0.0,5274.11,0,tripinfo_WestA509ToAvebury.91 emissions_WestA509ToAvebury.91,gasoline_euro4,1.08,863024.713086,14227613.810776,4262.859768,352.112299,6491.392126,4538248.006974,0.0
WestH6ToSaxonSt.149,1788.0,524_0,4.6,0.0,0.0,7255.0,771_1,56.88,14.48,5467.0,2556.44,4874.0,64,0.0,5300.42,0,tripinfo_WestH6ToSaxonSt.149 emissions_WestH6ToSaxonSt.149,electric,1.12,0.0,0.0,0.0,0.0,0.0,0.0,0.0
WestA509ToAvebury.97,1746.0,773_0,5.1,0.0,0.0,7273.0,213_0,19.13,12.65,5527.0,2244.22,5065.0,63,0.0,5283.2,0,tripinfo_WestA509ToAvebury.97 emissions_WestA509ToAvebury.97,gasoline_euro4,0.97,866052.831122,14322956.924751,4278.882354,353.873894,6532.409049,4568658.939268,0.0
WestA509ToAvebury.71,1278.0,773_0,5.1,0.0,0.0,7275.0,213_0,19.13,12.4,5997.0,2238.64,5448.0,55,0.0,5692.02,0,tripinfo_WestA509ToAvebury.71 emissions_WestA509ToAvebury.71,gasoline_euro4,0.97,931330.497204,15321505.497879,4599.705987,379.421441,6993.71442,4887172.656552,0.0
WestA509ToAvebury.127,2286.0,773_0,5.1,0.0,0.0,7278.0,213_0,19.13,11.89,4992.0,2295.48,4463.0,61,0.0,4745.75,0,tripinfo_WestA509ToAvebury.127 emissions_WestA509ToAvebury.127,gasoline_euro4,0.95,775252.320791,12907670.059929,3832.895207,318.56963,5887.630253,4117215.377196,0.0
WestA509ToAvebury.136,2448.0,773_0,5.1,0.0,0.0,7283.0,213_0,19.13,10.56,4835.0,2244.22,4259.0,48,0.0,4492.54,0,tripinfo_WestA509ToAvebury.136 emissions_WestA509ToAvebury.136,gasoline_euro4,0.78,737458.387856,12269581.512969,3645.860778,302.173569,5593.4148,3913682.514187,0.0
WestA509ToAvebury.67,1206.0,773_0,5.1,0.0,0.0,7284.0,213_0,19.13,12.56,6078.0,2251.32,5674.0,58,0.0,5930.05,0,tripinfo_WestA509ToAvebury.67 emissions_WestA509ToAvebury.67,gasoline_euro4,1.06,967719.528715,15918789.009982,4779.84501,394.616201,7270.344047,5077690.525344,0.0
WestA509ToAvebury.128,2304.0,773_0,5.1,0.0,0.0,7286.0,213_0,19.13,13.76,4982.0,2177.92,4423.0,49,0.0,4699.35,0,tripinfo_WestA509ToAvebury.128 emissions_WestA509ToAvebury.128,gasoline_euro4,1.02,765972.773744,12632450.527968,3783.745589,312.375496,5763.317071,4029431.449894,0.0
WestA509ToEastH6.90,3243.0,773_0,5.1,0.0,3.0,7302.0,522_1,56.88,15.7,4059.0,3657.6,3582.0,45,0.0,3833.26,0,tripinfo_WestA509ToEastH6.90 emissions_WestA509ToEastH6.90,gasoline_euro4,1.18,627414.785392,10855751.861979,3110.096409,264.05035,4916.534191,3462695.227887,0.0
EastA509ToH6.155,2790.0,770_0,5.1,0.0,0.0,7333.0,522_1,56.88,13.21,4543.0,3232.84,4119.0,29,0.0,4233.4,0,tripinfo_EastA509ToH6.155 emissions_EastA509ToH6.155,gasoline_euro4,0.97,698441.777259,11777634.139209,3455.720998,288.120891,5348.983242,3756760.529552,0.0
EastA509ToH6.156,2808.0,770_0,4.6,0.0,0.0,7335.0,522_1,56.88,13.72,4527.0,3230.54,4055.0,33,0.0,4228.51,0,tripinfo_EastA509ToH6.156 emissions_EastA509ToH6.156,electric,1.03,0.0,0.0,0.0,0.0,0.0,0.0,0.0
EastAveburyToWestA509.354,3542.0,483_0,4.6,0.0,333.0,7349.0,774_2,29.75,13.42,3807.0,2210.26,3371.0,72,0.0,3652.79,0,tripinfo_EastAveburyToWestA509.354 emissions_EastAveburyToWestA509.354,electric,1.04,0.0,0.0,0.0,0.0,0.0,0.0,0.0
EastAveburyToWestA509.265,2582.0,483_0,4.6,0.0,129.5,7350.0,774_1,29.75,12.15,4768.0,2210.28,4198.0,95,0.0,4588.43,0,tripinfo_EastAveburyToWestA509.265 emissions_EastAveburyToWestA509.265,electric,0.89,0.0,0.0,0.0,0.0,0.0,0.0,0.0
EastAveburyToWestA509.327,3307.0,483_0,5.1,0.0,327.5,7350.0,774_2,29.75,14.34,4043.0,2209.76,3548.0,70,0.0,3897.2,0,tripinfo_EastAveburyToWestA509.327 emissions_EastAveburyToWestA509.327,gasoline_euro4,1.1,631124.97572,10660898.516604,3123.944265,261.852302,4855.025319,3400548.489026,0.0
EastAveburyToWestA509.277,2694.0,483_0,5.1,0.0,139.5,7353.0,774_2,29.75,13.28,4659.0,2209.78,4089.0,113,0.0,4504.56,0,tripinfo_EastAveburyToWestA509.277 emissions_EastAveburyToWestA509.277,gasoline_euro4,1.04,730254.170047,12254067.873092,3612.60004,301.767005,5586.204766,3908730.053208,0.0
EastAveburyToWestA509.334,3334.0,483_0,4.6,0.0,295.0,7354.0,774_2,29.75,14.52,4020.0,2210.26,3532.0,74,0.0,3881.33,0,tripinfo_EastAveburyToWestA509.334 emissions_EastAveburyToWestA509.334,electric,1.16,0.0,0.0,0.0,0.0,0.0,0.0,0.0
EastAveburyToWestA509.217,2067.0,483_0,5.1,0.0,22.5,7357.0,774_2,29.75,13.5,5290.0,2193.93,4672.0,107,0.0,5083.84,0,tripinfo_EastAveburyToWestA509.217 emissions_EastAveburyToWestA509.217,gasoline_euro4,1.01,825389.710623,13765705.354633,4081.393675,339.692204,6279.419965,4390905.705597,0.0
EastAveburyToWestA509.253,2358.0,483_0,4.6,0.0,7.5,7358.0,774_0,29.75,11.59,5000.0,2213.93,4381.0,115,0.0,4808.46,0,tripinfo_EastAveburyToWestA509.253 emissions_EastAveburyToWestA509.253,electric,0.84,0.0,0.0,0.0,0.0,0.0,0.0,0.0
WestA509ToAvebury.86,1548.0,773_0,5.1,0.0,0.0,7361.0,213_0,19.13,13.18,5813.0,2243.32,5317.0,48,0.0,5571.92,0,tripinfo_WestA509ToAvebury.86 emissions_WestA509ToAvebury.86,gasoline_euro4,0.97,913594.868561,15064831.341153,4513.223816,372.82088,6875.142292,4805299.052643,0.0
WestA509ToAvebury.64,1152.0,773_0,5.1,0.0,0.0,7363.0,213_0,19.13,12.79,6211.0,2248.51,5792.0,41,0.0,5969.25,0,tripinfo_WestA509ToAvebury.64 emissions_WestA509ToAvebury.64,gasoline_euro4,0.95,979681.431215,16081061.736861,4838.023915,398.718567,7343.513862,5129452.787569,0.0
EastAveburyToWestA509.365,3829.0,483_0,4.6,0.0,526.5,7363.0,774_1,29.75,12.78,3534.0,2210.26,3085.0,64,0.0,3361.08,0,tripinfo_EastAveburyToWestA509.365 emissions_EastAveburyToWestA509.365,electric,0.93,0.0,0.0,0.0,0.0,0.0,0.0,0.0
WestA509ToAvebury.154,2772.0,773_0,5.1,0.0,0.0,7365.0,213_0,19.13,13.35,4593.0,2244.22,4053.0,45,0.0,4328.84,0,tripinfo_WestA509ToAvebury.154 emissions_WestA509ToAvebury.154,gasoline_euro4,1.01,706101.400933,11802470.48939,3491.900208,291.002102,5380.423552,3764683.695971,0.0
EastA509ToH6.143,2574.0,770_0,5.1,0.0,0.0,7398.0,522_1,56.88,16.29,4824.0,3215.86,4234.0,30,0.0,4414.87,0,tripinfo_EastA509ToH6.143 emissions_EastA509ToH6.143,gasoline_euro4,1.18,726123.095854,12217493.002587,3592.318679,300.570035,5558.005649,3897063.264424,0.0
EastAveburyToWestA509.378,4010.0,483_0,5.1,0.0,597.0,7426.0,774_2,29.75,13.95,3416.0,2209.76,2962.0,95,0.0,3268.44,0,tripinfo_EastAveburyToWestA509.378 emissions_EastAveburyToWestA509.378,gasoline_euro4,1.08,531043.36275,9089739.962694,2631.153094,222.409418,4133.39616,2899386.354088,0.0
EastAveburyToWestA509.366,3918.0,483_0,4.6,0.0,607.0,7433.0,774_1,29.75,12.41,3515.0,2210.26,3058.0,81,0.0,3352.33,0,tripinfo_EastAveburyToWestA509.366 emissions_EastAveburyToWestA509.366,electric,0.99,0.0,0.0,0.0,0.0,0.0,0.0,0.0
EastAveburyToWestA509.344,3453.0,483_0,5.1,0.0,329.0,7436.0,774_1,29.75,13.36,3983.0,2209.76,3513.0,81,0.0,3818.17,0,tripinfo_EastAveburyToWestA509.344 emissions_EastAveburyToWestA509.344,gasoline_euro4,0.97,623114.498708,10542592.254334,3084.228477,258.499067,4797.516323,3362811.745496,0.0
EastAveburyToWestA509.388,4162.0,483_0,4.6,0.0,664.0,7438.0,774_2,29.75,13.09,3276.0,2210.26,2861.0,69,0.0,3112.09,0,tripinfo_EastAveburyToWestA509.388 emissions_EastAveburyToWestA509.388,electric,0.98,0.0,0.0,0.0,0.0,0.0,0.0,0.0
EastAveburyToWestA509.158,1543.0,483_0,5.1,0.0,0.0,7440.0,774_1,29.75,13.03,5897.0,2194.42,5325.0,105,0.0,5737.96,0,tripinfo_EastAveburyToWestA509.158 emissions_EastAveburyToWestA509.158,gasoline_euro4,1.0,934968.062741,15500699.825978,4620.803997,383.075116,7073.677531,4944327.201356,0.0
EastAveburyToWestA509.318,3190.0,483_0,5.1,0.0,287.0,7440.0,774_2,29.75,13.61,4250.0,2209.76,3752.0,79,0.0,4098.93,0,tripinfo_EastAveburyToWestA509.318 emissions_EastAveburyToWestA509.318,gasoline_euro4,1.06,667285.377306,11223012.905899,3301.505693,275.942535,5111.738617,3579849.853384,0.0
EastAveburyToWestA509.352,3536.0,483_0,4.6,0.0,344.0,7442.0,774_1,29.75,13.16,3906.0,2210.76,3490.0,69,0.0,3751.55,0,tripinfo_EastAveburyToWestA509.352 emissions_EastAveburyToWestA509.352,electric,1.04,0.0,0.0,0.0,0.0,0.0,0.0,0.0
EastAveburyToWestA509.143,1416.0,483_0,5.1,0.0,0.5,7445.0,774_2,29.75,13.39,6029.0,2193.94,5491.0,77,0.0,5869.46,0,tripinfo_EastAveburyToWestA509.143 emissions_EastAveburyToWestA509.143,gasoline_euro4,1.01,956187.128532,15789223.868554,4724.161032,390.783368,7207.801312,5036360.858656,0.0
WestA509ToAvebury.74,1332.0,773_0,5.1,0.0,0.0,7449.0,213_0,19.13,13.6,6117.0,2233.45,5558.0,54,0.0,5820.24,0,tripinfo_WestA509ToAvebury.74 emissions_WestA509ToAvebury.74,gasoline_euro4,1.02,952998.294584,15656868.593909,4706.252268,388.078478,7148.330369,4994145.461887,0.0
WestA509ToEastH6.89,3207.0,773_0,5.1,0.0,3.0,7476.0,522_1,56.88,13.45,4269.0,3604.55,3756.0,49,0.0,4003.17,0,tripinfo_WestA509ToEastH6.89 emissions_WestA509ToEastH6.89,gasoline_euro4,0.98,656415.400477,11252746.984215,3251.759857,273.351912,5098.435632,3589330.315856,0.0
EastA509ToH6.124,2232.0,770_0,5.1,0.0,0.0,7491.0,522_1,56.88,15.06,5259.0,3274.04,4791.0,37,0.0,4977.51,0,tripinfo_EastA509ToH6.124 emissions_EastA509ToH6.124,gasoline_euro4,1.15,816933.93398,13734207.99239,4041.233511,337.851601,6248.590267,4380856.299224,0.0
EastA509ToH6.174,3132.0,770_0,5.1,0.0,0.0,7508.0,522_1,56.88,11.31,4376.0,3200.48,3806.0,33,0.0,3912.08,0,tripinfo_EastA509ToH6.174 emissions_EastA509ToH6.174,gasoline_euro4,0.89,645714.343753,10885186.100089,3195.30359,266.380006,4946.910396,3472092.643972,0.0
EastA509ToH6.121,2178.0,770_0,5.1,0.0,0.0,7509.0,522_1,56.88,14.03,5331.0,3232.88,4807.0,34,0.0,5027.7,0,tripinfo_EastA509ToH6.121 emissions_EastA509ToH6.121,gasoline_euro4,1.05,824251.088095,13795654.964786,4076.099527,339.153762,6277.466749,4400458.887564,0.0
EastAveburyToWestA509.323,3204.0,483_0,4.6,0.0,258.5,7512.0,774_2,29.75,16.05,4308.0,2210.27,3800.0,100,0.0,4169.39,0,tripinfo_EastAveburyToWestA509.323 emissions_EastAveburyToWestA509.323,electric,1.16,0.0,0.0,0.0,0.0,0.0,0.0,0.0
EastAveburyToWestA509.364,3787.0,483_0,4.6,0.0,493.0,7516.0,774_2,29.75,15.11,3729.0,2210.28,3302.0,73,0.0,3583.94,0,tripinfo_EastAveburyToWestA509.364 emissions_EastAveburyToWestA509.364,electric,1.11,0.0,0.0,0.0,0.0,0.0,0.0,0.0
EastAveburyToWestA509.375,4000.0,483_0,4.6,0.0,612.5,7517.0,774_2,29.75,15.58,3517.0,2210.28,3067.0,83,0.0,3380.14,0,tripinfo_EastAveburyToWestA509.375 emissions_EastAveburyToWestA509.375,electric,1.17,0.0,0.0,0.0,0.0,0.0,0.0,0.0
WestH6ToSaxonSt.150,1800.0,524_0,4.6,0.0,0.0,7527.0,771_1,56.88,12.68,5727.0,2570.37,5082.0,66,0.0,5522.09,0,tripinfo_WestH6ToSaxonSt.150 emissions_WestH6ToSaxonSt.150,electric,0.92,0.0,0.0,0.0,0.0,0.0,0.0,0.0
EastAveburyToWestA509.371,3989.0,483_0,5.1,0.0,635.5,7527.0,774_1,29.75,12.43,3538.0,2209.76,3126.0,79,0.0,3373.84,0,tripinfo_EastAveburyToWestA509.371 emissions_EastAveburyToWestA509.371,gasoline_euro4,0.98,552291.700521,9412401.411858,2735.252489,230.289217,4279.403185,3002308.408973,0.0
EastAveburyToWestA509.239,2246.0,483_0,4.6,0.0,14.5,7528.0,774_2,29.75,14.0,5282.0,2210.28,4765.0,78,0.0,5123.21,0,tripinfo_EastAveburyToWestA509.239 emissions_EastAveburyToWestA509.239,electric,1.01,0.0,0.0,0.0,0.0,0.0,0.0,0.0
EastAveburyToWestA509.389,4165.0,483_0,5.1,0.0,658.5,7537.0,774_0,29.75,11.71,3372.0,2213.4,2978.0,64,0.0,3189.65,0,tripinfo_EastAveburyToWestA509.389 emissions_EastAveburyToWestA509.389,gasoline_euro4,0.88,523001.358055,8910110.201759,2590.413474,217.750516,4050.465272,2842091.117409,0.0
EastAveburyToWestA509.394,4243.0,483_0,5.1,0.0,694.0,7537.0,774_2,29.75,12.29,3294.0,2169.88,2931.0,59,0.0,3123.23,0,tripinfo_EastAveburyToWestA509.394 emissions_EastAveburyToWestA509.394,gasoline_euro4,0.92,512504.121673,8718644.946542,2538.04783,213.339842,3964.791452,2781018.914076,0.0
WestA509ToAvebury.129,2322.0,773_0,4.6,0.0,0.0,7548.0,213_0,19.13,13.97,5226.0,2249.91,4757.0,54,0.0,4994.28,0,tripinfo_WestA509ToAvebury.129 emissions_WestA509ToAvebury.129,electric,1.03,0.0,0.0,0.0,0.0,0.0,0.0,0.0
EastA509ToH6.131,2358.0,770_0,5.1,0.0,0.0,7590.0,522_1,56.88,12.27,5232.0,3275.25,4813.0,46,0.0,4980.92,0,tripinfo_EastA509ToH6.131 emissions_EastA509ToH6.131,gasoline_euro4,0.93,819396.844667,13751315.371732,4053.019591,337.202599,6253.581546,4386315.205705,0.0
EastA509ToH6.113,2034.0,770_0,4.6,0.0,0.0,7594.0,522_1,56.88,11.72,5560.0,3265.13,5004.0,39,0.0,5231.38,0,tripinfo_EastA509ToH6.113 emissions_EastA509ToH6.113,electric,0.94,0.0,0.0,0.0,0.0,0.0,0.0,0.0
EastAveburyToWestA509.201,1909.0,483_0,4.6,0.0,0.5,7605.0,774_2,29.75,14.12,5696.0,2210.27,5153.0,86,0.0,5540.33,0,tripinfo_EastAveburyToWestA509.201 emissions_EastAveburyToWestA509.201,electric,1.03,0.0,0.0,0.0,0.0,0.0,0.0,0.0
EastAveburyToWestA509.114,1169.0,483_0,5.1,0.0,0.0,7608.0,774_2,29.75,13.87,6439.0,2209.76,5752.0,120,0.0,6280.25,0,tripinfo_EastAveburyToWestA509.114 emissions_EastAveburyToWestA509.114,gasoline_euro4,1.01,1020107.986062,16800717.268154,5039.079894,416.029437,7671.669564,5359002.942359,0.0
WestH6ToSaxonSt.151,1812.0,524_0,5.1,0.0,0.0,7608.0,771_1,56.88,14.55,5796.0,2569.84,5150.0,76,0.0,5626.71,0,tripinfo_WestH6ToSaxonSt.151 emissions_WestH6ToSaxonSt.151,gasoline_euro4,1.11,911082.574885,15162595.842666,4503.793834,374.041915,6912.925415,4836479.292794,0.0
WestH6ToSaxonSt.152,1824.0,524_0,4.6,0.0,0.0,7610.0,771_1,56.88,14.55,5786.0,2570.37,5117.0,74,0.0,5616.38,0,tripinfo_WestH6ToSaxonSt.152 emissions_WestH6ToSaxonSt.152,electric,1.11,0.0,0.0,0.0,0.0,0.0,0.0,0.0
EastAveburyToWestA509.387,4159.0,483_0,4.6,0.0,669.5,7610.0,774_2,29.75,14.69,3451.0,2213.42,3058.0,60,0.0,3302.04,0,tripinfo_EastAveburyToWestA509.387 emissions_EastAveburyToWestA509.387,electric,1.08,0.0,0.0,0.0,0.0,0.0,0.0,0.0
WestH6ToSaxonSt.153,1836.0,524_0,5.1,0.0,0.0,7612.0,771_1,56.88,15.52,5776.0,2569.84,5088.0,69,0.0,5609.12,0,tripinfo_WestH6ToSaxonSt.153 emissions_WestH6ToSaxonSt.153,gasoline_euro4,1.13,906406.823364,15072458.523065,4480.62736,372.071237,6873.695452,4807727.993818,0.0
EastAveburyToWestA509.384,4111.0,483_0,5.1,0.0,647.0,7612.0,774_2,29.75,14.83,3501.0,2209.76,3067.0,65,0.0,3355.19,0,tripinfo_EastAveburyToWestA509.384 emissions_EastAveburyToWestA509.384,gasoline_euro4,1.1,547476.922021,9350671.634861,2712.276556,229.104765,4254.066959,2982617.093647,0.0
EastAveburyToWestA509.328,3317.0,483_0,5.1,0.0,329.0,7613.0,774_2,29.75,15.07,4296.0,2209.76,3824.0,68,0.0,4152.43,0,tripinfo_EastAveburyToWestA509.328 emissions_EastAveburyToWestA509.328,gasoline_euro4,1.12,677192.692909,11423618.232008,3351.527767,281.103794,5204.72959,3643836.217878,0.0
EastAveburyToWestA509.181,1739.0,483_0,5.1,0.0,0.5,7616.0,774_2,29.75,13.59,5877.0,2193.93,5295.0,83,0.0,5692.63,0,tripinfo_EastAveburyToWestA509.181 emissions_EastAveburyToWestA509.181,gasoline_euro4,1.02,925747.124314,15316246.649531,4574.413144,378.577073,6988.991957,4885492.550081,0.0
EastAveburyToWestA509.292,2928.0,483_0,5.1,0.0,246.0,7618.0,774_2,29.75,14.08,4690.0,2154.05,4239.0,68,0.0,4537.66,0,tripinfo_EastAveburyToWestA509.292 emissions_EastAveburyToWestA509.292,gasoline_euro4,1.02,739903.411081,12329725.38915,3657.748826,303.751121,5618.475374,3932866.114985,0.0
EastAveburyToWestA509.226,2142.0,483_0,4.6,0.0,21.0,7620.0,774_2,29.75,14.03,5478.0,2194.43,4967.0,93,0.0,5321.36,0,tripinfo_EastAveburyToWestA509.226 emissions_EastAveburyToWestA509.226,electric,1.01,0.0,0.0,0.0,0.0,0.0,0.0,0.0
WestA509ToAvebury.49,882.0,773_0,5.1,0.0,0.0,7630.0,213_0,19.13,9.39,6748.0,2293.95,6140.0,48,0.0,6394.95,0,tripinfo_WestA509ToAvebury.49 emissions_WestA509ToAvebury.49,gasoline_euro4,0.76,1049706.735616,17176320.804344,5182.753532,425.341533,7842.670644,5478815.352657,0.0
EastA509ToH6.100,1800.0,770_0,4.6,0.0,0.0,7693.0,522_1,56.88,12.04,5893.0,3285.8,5393.0,52,0.0,5625.56,0,tripinfo_EastA509ToH6.100 emissions_EastA509ToH6.100,electric,0.9,0.0,0.0,0.0,0.0,0.0,0.0,0.0
WestH6ToSaxonSt.155,1860.0,524_0,5.1,0.0,0.0,7694.0,771_1,56.88,16.41,5834.0,2569.87,5185.0,73,0.0,5680.67,0,tripinfo_WestH6ToSaxonSt.155 emissions_WestH6ToSaxonSt.155,gasoline_euro4,1.23,917288.786683,15260414.897537,4534.349333,376.770871,6959.02681,4867680.899556,0.0
EastAveburyToWestA509.330,3323.0,483_0,5.1,0.0,318.0,7700.0,774_1,29.75,14.01,4377.0,2213.4,3872.0,71,0.0,4226.02,0,tripinfo_EastAveburyToWestA509.330 emissions_EastAveburyToWestA509.330,gasoline_euro4,1.06,685668.282584,11533933.474255,3392.673054,283.828995,5255.777533,3679025.058805,0.0
EastAveburyToWestA509.118,1203.0,483_0,5.1,0.0,0.0,7705.0,774_2,29.75,12.81,6502.0,2209.76,5767.0,130,0.0,6332.94,0,tripinfo_EastAveburyToWestA509.118 emissions_EastAveburyToWestA509.118,gasoline_euro4,0.95,1028292.385932,16957072.004839,5080.083801,419.742174,7743.472211,5408875.4171,0.0
EastAveburyToWestA509.243,2318.0,483_0,5.1,0.0,52.5,7705.0,774_1,29.75,11.55,5387.0,2209.77,4777.0,116,0.0,5198.25,0,tripinfo_EastAveburyToWestA509.243 emissions_EastAveburyToWestA509.243,gasoline_euro4,0.85,849659.186516,14118693.204499,4200.086929,348.168816,6439.031457,4503502.007165,0.0
WestH6ToSaxonSt.154,1848.0,524_0,4.6,0.0,0.0,7706.0,771_1,56.88,11.44,5858.0,2556.44,5154.0,81,0.0,5653.33,0,tripinfo_WestH6ToSaxonSt.154 emissions_WestH6ToSaxonSt.154,electric,0.91,0.0,0.0,0.0,0.0,0.0,0.0,0.0
WestH6ToSaxonSt.207,2484.0,524_0,5.1,0.0,0.0,7707.0,771_1,56.88,13.87,5223.0,2551.92,4604.0,61,0.0,5040.43,0,tripinfo_WestH6ToSaxonSt.207 emissions_WestH6ToSaxonSt.207,gasoline_euro4,1.02,817303.014362,13610233.62939,4040.471006,335.252417,6202.710819,4341315.782259,0.0
EastAveburyToWestA509.338,3359.0,483_0,5.1,0.0,286.0,7707.0,774_1,29.75,14.52,4348.0,2212.92,3852.0,65,0.0,4202.23,0,tripinfo_EastAveburyToWestA509.338 emissions_EastAveburyToWestA509.338,gasoline_euro4,1.1,681535.09396,11465592.018143,3372.303271,282.241007,5225.209537,3657225.760647,0.0
EastAveburyToWestA509.382,4080.0,483_0,4.6,0.0,633.0,7707.0,774_2,29.75,12.77,3627.0,2210.27,3155.0,76,0.0,3459.4,0,tripinfo_EastAveburyToWestA509.382 emissions_EastAveburyToWestA509.382,electric,0.96,0.0,0.0,0.0,0.0,0.0,0.0,0.0
EastAveburyToWestA509.203,1926.0,483_0,5.1,0.0,0.5,7709.0,774_2,29.75,14.15,5783.0,2209.75,5251.0,82,0.0,5629.41,0,tripinfo_EastAveburyToWestA509.203 emissions_EastAveburyToWestA509.203,gasoline_euro4,1.05,916174.442965,15201892.05269,4528.509539,375.888067,6938.806283,4849014.468256,0.0
WestH6ToSaxonSt.177,2124.0,524_0,5.1,0.0,0.0,7709.0,771_1,56.88,13.77,5585.0,2570.84,4930.0,69,0.0,5406.0,0,tripinfo_WestH6ToSaxonSt.177 emissions_WestH6ToSaxonSt.177,gasoline_euro4,1.05,877147.295696,14616348.385487,4336.688945,360.313691,6663.764278,4662239.878921,0.0
EastAveburyToWestA509.315,3122.0,483_0,5.1,0.0,244.5,7710.0,774_2,29.75,14.58,4588.0,2209.75,4097.0,74,0.0,4447.18,0,tripinfo_EastAveburyToWestA509.315 emissions_EastAveburyToWestA509.315,gasoline_euro4,1.14,721538.794011,12145383.631411,3570.582007,299.113619,5536.992621,3874061.163102,0.0
WestH6ToSaxonSt.156,1872.0,524_0,4.6,0.0,0.0,7716.0,771_1,56.88,11.18,5844.0,2556.44,5194.0,71,0.0,5623.74,0,tripinfo_WestH6ToSaxonSt.156 emissions_WestH6ToSaxonSt.156,electric,0.85,0.0,0.0,0.0,0.0,0.0,0.0,0.0
WestH6ToSaxonSt.157,1884.0,524_0,5.1,0.0,0.0,7718.0,771_1,56.88,12.19,5834.0,2555.94,5196.0,61,0.0,5638.48,0,tripinfo_WestH6ToSaxonSt.157 emissions_WestH6ToSaxonSt.157,gasoline_euro4,0.96,914328.949489,15156768.132191,4518.809341,373.948008,6912.795761,4834622.578561,0.0
EastAveburyToWestA509.386,4157.0,483_0,5.1,0.0,676.0,7782.0,774_2,29.75,13.84,3625.0,2209.78,3197.0,74,0.0,3469.63,0,tripinfo_EastAveburyToWestA509.386 emissions_EastAveburyToWestA509.386,gasoline_euro4,1.03,565616.354544,9632292.800472,2801.377406,235.949432,4382.248109,3072447.876532,0.0
WestH6ToSaxonSt.158,1896.0,524_0,5.1,0.0,0.0,7783.0,771_1,56.88,15.53,5887.0,2555.97,5271.0,56,0.0,5729.29,0,tripinfo_WestH6ToSaxonSt.158 emissions_WestH6ToSaxonSt.158,gasoline_euro4,1.19,927165.82726,15397617.885663,4582.578072,380.35772,7022.57544,4911445.969366,0.0
EastAveburyToWestA509.230,2155.0,483_0,5.1,0.0,0.0,7785.0,774_2,29.75,14.22,5630.0,2209.77,4996.0,100,0.0,5472.63,0,tripinfo_EastAveburyToWestA509.230 emissions_EastAveburyToWestA509.230,gasoline_euro4,1.02,888823.706029,14777972.869959,4393.835201,364.894201,6742.508844,4713794.459503,0.0
EastAveburyToWestA509.391,4171.0,483_0,5.1,0.0,647.5,7786.0,774_2,29.75,14.58,3615.0,2209.76,3139.0,74,0.0,3490.42,0,tripinfo_EastAveburyToWestA509.391 emissions_EastAveburyToWestA509.391,gasoline_euro4,1.28,563068.194637,9577207.73767,2788.401651,234.722724,4357.814401,3054877.495747,0.0
WestH6ToSaxonSt.189,2268.0,524_0,5.1,0.0,0.0,7790.0,771_1,56.88,12.74,5522.0,2566.66,4875.0,58,0.0,5330.75,0,tripinfo_WestH6ToSaxonSt.189 emissions_WestH6ToSaxonSt.189,gasoline_euro4,0.98,863635.546365,14377122.8065,4269.363368,354.107582,6551.846684,4585934.019351,0.0
EastAveburyToWestA509.154,1509.0,483_0,5.1,0.0,0.0,7793.0,774_0,29.75,13.04,6284.0,2210.22,5676.0,104,0.0,6112.93,0,tripinfo_EastAveburyToWestA509.154 emissions_EastAveburyToWestA509.154,gasoline_euro4,0.94,995404.832767,16423158.150569,4917.919158,406.540314,7499.326657,5238570.147653,0.0
WestH6ToSaxonSt.168,2016.0,524_0,4.6,0.0,0.0,7795.0,771_1,56.88,13.1,5779.0,2557.21,5117.0,56,0.0,5580.72,0,tripinfo_WestH6ToSaxonSt.168 emissions_WestH6ToSaxonSt.168,electric,0.95,0.0,0.0,0.0,0.0,0.0,0.0,0.0
WestH6ToSaxonSt.193,2316.0,524_0,5.1,0.0,0.0,7797.0,771_1,56.88,14.44,5481.0,2567.96,4899.0,39,0.0,5301.85,0,tripinfo_WestH6ToSaxonSt.193 emissions_WestH6ToSaxonSt.193,gasoline_euro4,1.05,856285.213923,14279155.269043,4233.665311,351.825472,6508.392101,4554683.761069,0.0
EastAveburyToWestA509.313,3116.0,483_0,4.6,0.0,255.5,7797.0,774_0,29.75,12.07,4681.0,2213.91,4063.0,105,0.0,4507.19,0,tripinfo_EastAveburyToWestA509.313 emissions_EastAveburyToWestA509.313,electric,0.93,0.0,0.0,0.0,0.0,0.0,0.0,0.0
WestH6ToSaxonSt.159,1908.0,524_0,5.1,0.0,0.0,7798.0,771_1,56.88,13.71,5890.0,2555.97,5251.0,55,0.0,5702.91,0,tripinfo_WestH6ToSaxonSt.159 emissions_WestH6ToSaxonSt.159,gasoline_euro4,1.0,922347.714635,15308837.923839,4558.762826,377.58647,6980.718465,4883128.382992,0.0
EastAveburyToWestA509.209,1977.0,483_0,4.6,0.0,0.5,7798.0,774_2,29.75,12.63,5821.0,2210.29,5130.0,111,0.0,5647.14,0,tripinfo_EastAveburyToWestA509.209 emissions_EastAveburyToWestA509.209,electric,0.92,0.0,0.0,0.0,0.0,0.0,0.0,0.0
EastAveburyToWestA509.242,2314.0,483_0,4.6,0.0,57.0,7800.0,774_2,29.75,13.85,5486.0,2170.36,4882.0,91,0.0,5332.64,0,tripinfo_EastAveburyToWestA509.242 emissions_EastAveburyToWestA509.242,electric,1.03,0.0,0.0,0.0,0.0,0.0,0.0,0.0
WestA509ToAvebury.106,1908.0,773_0,5.1,0.0,0.0,7801.0,213_0,19.13,12.91,5893.0,2290.34,5504.0,55,0.0,5723.92,0,tripinfo_WestA509ToAvebury.106 emissions_WestA509ToAvebury.106,gasoline_euro4,0.98,937036.523112,15495028.450352,4629.880356,383.105899,7069.309311,4942519.701845,0.0
WestH6ToSaxonSt.161,1932.0,524_0,4.6,0.0,0.0,7802.0,771_1,56.88,12.9,5870.0,2570.37,5258.0,46,0.0,5669.4,0,tripinfo_WestH6ToSaxonSt.161 emissions_WestH6ToSaxonSt.161,electric,0.94,0.0,0.0,0.0,0.0,0.0,0.0,0.0
EastA509ToH6.116,2088.0,770_0,4.6,0.0,0.0,7850.0,522_1,56.88,14.45,5762.0,3248.11,5173.0,40,0.0,5411.82,0,tripinfo_EastA509ToH6.116 emissions_EastA509ToH6.116,electric,1.09,0.0,0.0,0.0,0.0,0.0,0.0,0.0
EastA509ToH6.126,2268.0,770_0,4.6,0.0,0.0,7857.0,522_1,56.88,13.12,5589.0,3216.36,5051.0,37,0.0,5200.24,0,tripinfo_EastA509ToH6.126 emissions_EastA509ToH6.126,electric,1.04,0.0,0.0,0.0,0.0,0.0,0.0,0.0
EastAveburyToWestA509.187,1790.0,483_0,5.1,0.0,0.5,7873.0,774_1,29.75,12.37,6083.0,2209.76,5462.0,86,0.0,5917.75,0,tripinfo_EastAveburyToWestA509.187 emissions_EastAveburyToWestA509.187,gasoline_euro4,0.97,960264.945646,15893404.692498,4745.375887,392.905426,7254.684356,5069590.861086,0.0
EastAveburyToWestA509.312,3113.0,483_0,5.1,0.0,261.0,7874.0,774_2,29.75,13.53,4761.0,2209.76,4164.0,118,0.0,4605.82,0,tripinfo_EastAveburyToWestA509.312 emissions_EastAveburyToWestA509.312,gasoline_euro4,1.03,748022.037743,12535268.249492,3700.148339,308.619474,5713.789195,3998426.432813,0.0
WestH6ToSaxonSt.162,1944.0,524_0,4.6,0.0,0.0,7875.0,771_1,56.88,13.71,5931.0,2570.37,5367.0,43,0.0,5748.86,0,tripinfo_WestH6ToSaxonSt.162 emissions_WestH6ToSaxonSt.162,electric,1.03,0.0,0.0,0.0,0.0,0.0,0.0,0.0
EastAveburyToWestA509.165,1603.0,483_0,5.1,0.0,0.5,7876.0,774_2,29.75,13.96,6273.0,2209.76,5659.0,90,0.0,6121.29,0,tripinfo_EastAveburyToWestA509.165 emissions_EastAveburyToWestA509.165,gasoline_euro4,1.06,993334.520095,16462729.732898,4909.389209,407.297506,7516.77369,5251189.801108,0.0
WestH6ToSaxonSt.163,1956.0,524_0,4.6,0.0,0.0,7877.0,771_1,56.88,15.11,5921.0,2570.37,5327.0,44,0.0,5748.1,0,tripinfo_WestH6ToSaxonSt.163 emissions_WestH6ToSaxonSt.163,electric,1.09,0.0,0.0,0.0,0.0,0.0,0.0,0.0
EastAveburyToWestA509.213,2040.0,483_0,5.1,0.0,29.5,7877.0,774_2,29.75,16.17,5837.0,2212.92,5208.0,99,0.0,5705.38,0,tripinfo_EastAveburyToWestA509.213 emissions_EastAveburyToWestA509.213,gasoline_euro4,1.22,920939.283878,15291510.079712,4552.28931,378.258744,6982.002378,4877599.629367,0.0
WestH6ToSaxonSt.231,3252.0,524_0,4.6,0.0,480.0,7880.0,771_1,56.88,13.76,4628.0,2536.89,4141.0,33,0.0,4443.9,0,tripinfo_WestH6ToSaxonSt.231 emissions_WestH6ToSaxonSt.231,electric,1.01,0.0,0.0,0.0,0.0,0.0,0.0,0.0
EastAveburyToWestA509.178,1713.0,483_0,5.1,0.0,0.0,7881.0,774_1,29.75,12.31,6168.0,2209.76,5513.0,96,0.0,5999.36,0,tripinfo_EastAveburyToWestA509.178 emissions_EastAveburyToWestA509.178,gasoline_euro4,0.95,972673.029578,16106779.631271,4806.806859,398.114741,7351.7878,5137651.768105,0.0
EastAveburyToWestA509.342,3447.0,483_0,5.1,0.0,340.0,7882.0,774_2,29.75,13.9,4435.0,2209.76,3908.0,78,0.0,4279.02,0,tripinfo_EastAveburyToWestA509.342 emissions_EastAveburyToWestA509.342,gasoline_euro4,1.03,694736.371337,11669009.216537,3437.109184,286.921828,5315.968648,3722111.648856,0.0
EastAveburyToWestA509.369,3985.0,483_0,4.6,0.0,648.5,7884.0,774_2,29.75,14.18,3899.0,2210.26,3386.0,74,0.0,3754.44,0,tripinfo_EastAveburyToWestA509.369 emissions_EastAveburyToWestA509.369,electric,1.11,0.0,0.0,0.0,0.0,0.0,0.0,0.0
WestH6ToSaxonSt.166,1992.0,524_0,4.6,0.0,0.0,7894.0,771_0,56.88,14.6,5902.0,2570.37,5307.0,44,0.0,5735.71,0,tripinfo_WestH6ToSaxonSt.166 emissions_WestH6ToSaxonSt.166,electric,1.13,0.0,0.0,0.0,0.0,0.0,0.0,0.0
WestH6ToSaxonSt.160,1920.0,524_0,5.1,0.0,0.0,7895.0,771_0,56.88,10.27,5975.0,2555.94,5329.0,51,0.0,5731.11,0,tripinfo_WestH6ToSaxonSt.160 emissions_WestH6ToSaxonSt.160,gasoline_euro4,0.77,932908.745869,15457129.510665,4610.543236,380.875549,7047.891819,4930430.975902,0.0
WestH6ToSaxonSt.164,1968.0,524_0,4.6,0.0,0.0,7896.0,771_1,56.88,12.44,5928.0,2570.34,5302.0,45,0.0,5737.36,0,tripinfo_WestH6ToSaxonSt.164 emissions_WestH6ToSaxonSt.164,electric,0.99,0.0,0.0,0.0,0.0,0.0,0.0,0.0
WestH6ToSaxonSt.165,1980.0,524_0,5.1,0.0,0.0,7898.0,771_1,56.88,13.69,5918.0,2569.84,5289.0,41,0.0,5728.03,0,tripinfo_WestH6ToSaxonSt.165 emissions_WestH6ToSaxonSt.165,gasoline_euro4,0.99,927507.127393,15440284.917675,4585.564951,380.858994,7042.413669,4925054.742079,0.0
EastAveburyToWestA509.222,2134.0,483_0,5.1,0.0,47.0,7964.0,774_1,29.75,11.49,5830.0,2209.76,5211.0,93,0.0,5654.75,0,tripinfo_EastAveburyToWestA509.222 emissions_EastAveburyToWestA509.222,gasoline_euro4,0.92,919227.015865,15249131.171489,4543.283439,376.47413,6957.821179,4864083.232612,0.0
EastAveburyToWestA509.351,3474.0,483_0,5.1,0.0,290.5,7965.0,774_2,29.75,12.47,4491.0,2209.76,3931.0,105,0.0,4325.26,0,tripinfo_EastAveburyToWestA509.351 emissions_EastAveburyToWestA509.351,gasoline_euro4,0.97,706101.407676,11858664.834724,3493.402059,291.760569,5404.047595,3782606.69224,0.0
WestH6ToSaxonSt.167,2004.0,524_0,4.6,0.0,0.0,7966.0,771_1,56.88,12.21,5962.0,2570.37,5361.0,46,0.0,5765.01,0,tripinfo_WestH6ToSaxonSt.167 emissions_WestH6ToSaxonSt.167,electric,0.96,0.0,0.0,0.0,0.0,0.0,0.0,0.0
WestH6ToSaxonSt.170,2040.0,524_0,5.1,0.0,0.0,7967.0,771_1,56.88,12.96,5927.0,2569.84,5320.0,43,0.0,5732.21,0,tripinfo_WestH6ToSaxonSt.170 emissions_WestH6ToSaxonSt.170,gasoline_euro4,0.96,929181.615735,15436479.887507,4592.83105,380.695518,7038.490452,4923842.430641,0.0
EastAveburyToWestA509.172,1662.0,483_0,5.1,0.0,0.0,7968.0,774_2,29.75,13.5,6306.0,2209.76,5679.0,101,0.0,6150.88,0,tripinfo_EastAveburyToWestA509.172 emissions_EastAveburyToWestA509.172,gasoline_euro4,1.03,999764.945156,16559679.384504,4941.002902,409.671061,7560.534285,5282114.702966,0.0
WestH6ToSaxonSt.169,2028.0,524_0,4.6,0.0,0.0,7969.0,771_1,56.88,13.42,5941.0,2562.94,5340.0,44,0.0,5763.38,0,tripinfo_WestH6ToSaxonSt.169 emissions_WestH6ToSaxonSt.169,electric,1.05,0.0,0.0,0.0,0.0,0.0,0.0,0.0
EastAveburyToWestA509.247,2330.0,483_0,5.1,0.0,30.5,7969.0,774_1,29.75,11.72,5639.0,2212.94,5008.0,102,0.0,5461.76,0,tripinfo_EastAveburyToWestA509.247 emissions_EastAveburyToWestA509.247,gasoline_euro4,0.91,890997.364626,14779824.880315,4403.834716,364.939211,6743.378869,4714386.553881,0.0
WestH6ToSaxonSt.172,2064.0,524_0,5.1,0.0,0.0,7971.0,771_1,56.88,13.28,5907.0,2569.87,5300.0,45,0.0,5719.13,0,tripinfo_WestH6ToSaxonSt.172 emissions_WestH6ToSaxonSt.172,gasoline_euro4,1.0,925266.333325,15355786.18987,4573.060166,379.005528,7003.741408,4898103.419539,0.0
EastAveburyToWestA509.376,4004.0,483_0,4.6,0.0,608.0,7971.0,774_1,29.75,12.46,3967.0,2210.26,3384.0,116,0.0,3798.32,0,tripinfo_EastAveburyToWestA509.376 emissions_EastAveburyToWestA509.376,electric,0.95,0.0,0.0,0.0,0.0,0.0,0.0,0.0
EastAveburyToWestA509.390,4168.0,483_0,5.1,0.0,653.0,7972.0,774_0,29.75,12.2,3804.0,2210.26,3274.0,86,0.0,3637.37,0,tripinfo_EastAveburyToWestA509.390 emissions_EastAveburyToWestA509.390,gasoline_euro4,0.96,590843.633393,10034025.689175,2925.678047,245.830044,4566.356373,3200591.028029,0.0
EastAveburyToWestA509.399,4255.0,483_0,4.6,0.0,663.5,7972.0,774_2,29.75,13.87,3717.0,2209.61,3239.0,48,0.0,3567.18,0,tripinfo_EastAveburyToWestA509.399 emissions_EastAveburyToWestA509.399,electric,1.07,0.0,0.0,0.0,0.0,0.0,0.0,0.0
WestH6ToSaxonSt.174,2088.0,524_0,4.6,0.0,0.0,7973.0,771_1,56.88,14.0,5885.0,2570.37,5264.0,44,0.0,5710.8,0,tripinfo_WestH6ToSaxonSt.174 emissions_WestH6ToSaxonSt.174,electric,1.08,0.0,0.0,0.0,0.0,0.0,0.0,0.0
WestH6ToSaxonSt.171,2052.0,524_0,5.1,0.0,0.0,7986.0,771_1,56.88,10.03,5934.0,2569.84,5329.0,44,0.0,5699.08,0,tripinfo_WestH6ToSaxonSt.171 emissions_WestH6ToSaxonSt.171,gasoline_euro4,0.8,928554.72755,15394319.098836,4589.29348,379.508216,7020.458328,4910395.491977,0.0
WestH6ToSaxonSt.175,2100.0,524_0,5.1,0.0,0.0,7988.0,771_1,56.88,11.82,5888.0,2562.44,5265.0,45,0.0,5672.8,0,tripinfo_WestH6ToSaxonSt.175 emissions_WestH6ToSaxonSt.175,gasoline_euro4,0.87,919847.307428,15243566.448446,4546.030288,375.859198,6951.391312,4862309.463353,0.0
EastAveburyToWestA509.320,3195.0,483_0,4.6,0.0,275.0,8037.0,774_2,29.75,17.01,4842.0,2210.26,4316.0,65,0.0,4711.41,0,tripinfo_EastAveburyToWestA509.320 emissions_EastAveburyToWestA509.320,electric,1.23,0.0,0.0,0.0,0.0,0.0,0.0,0.0
EastAveburyToWestA509.272,2600.0,483_0,4.6,0.0,88.0,8050.0,774_1,29.75,12.83,5450.0,2210.26,4811.0,84,0.0,5288.41,0,tripinfo_EastAveburyToWestA509.272 emissions_EastAveburyToWestA509.272,electric,1.0,0.0,0.0,0.0,0.0,0.0,0.0,0.0
WestH6ToSaxonSt.173,2076.0,524_0,5.1,0.0,0.0,8051.0,771_1,56.88,13.21,5975.0,2569.86,5373.0,49,0.0,5792.8,0,tripinfo_WestH6ToSaxonSt.173 emissions_WestH6ToSaxonSt.173,gasoline_euro4,1.03,935908.983457,15517574.997708,4625.164204,382.832756,7075.578913,4949710.715381,0.0
EastAveburyToWestA509.279,2725.0,483_0,5.1,0.0,153.5,8051.0,774_2,29.75,13.93,5326.0,2209.76,4703.0,85,0.0,5171.72,0,tripinfo_EastAveburyToWestA509.279 emissions_EastAveburyToWestA509.279,gasoline_euro4,1.04,836016.510503,13914463.635952,4133.275302,343.576096,6348.759498,4438356.603003,0.0
EastAveburyToWestA509.333,3331.0,483_0,4.6,0.0,300.5,8052.0,774_2,29.75,15.3,4721.0,2193.16,4155.0,92,0.0,4557.89,0,tripinfo_EastAveburyToWestA509.333 emissions_EastAveburyToWestA509.333,electric,1.12,0.0,0.0,0.0,0.0,0.0,0.0,0.0
EastAveburyToWestA509.337,3350.0,483_0,4.6,0.0,285.5,8057.0,774_1,29.75,12.27,4707.0,2213.42,4170.0,59,0.0,4538.6,0,tripinfo_EastAveburyToWestA509.337 emissions_EastAveburyToWestA509.337,electric,0.96,0.0,0.0,0.0,0.0,0.0,0.0,0.0
WestH6ToSaxonSt.176,2112.0,524_0,5.1,0.0,0.0,8058.0,771_1,56.88,11.59,5946.0,2562.44,5331.0,49,0.0,5741.65,0,tripinfo_WestH6ToSaxonSt.176 emissions_WestH6ToSaxonSt.176,gasoline_euro4,0.92,930257.970385,15402861.289404,4597.152594,380.245836,7026.506197,4913120.468046,0.0
EastAveburyToWestA509.244,2321.0,483_0,5.1,0.0,47.0,8061.0,774_1,29.75,11.92,5740.0,2209.74,5087.0,96,0.0,5567.29,0,tripinfo_EastAveburyToWestA509.244 emissions_EastAveburyToWestA509.244,gasoline_euro4,0.93,902151.578991,14944962.854364,4458.435131,368.945366,6818.241555,4767062.179972,0.0
EastAveburyToWestA509.363,3786.0,483_0,4.6,0.0,500.5,8062.0,774_2,29.75,12.12,4276.0,2210.26,3771.0,60,0.0,4109.45,0,tripinfo_EastAveburyToWestA509.363 emissions_EastAveburyToWestA509.363,electric,0.96,0.0,0.0,0.0,0.0,0.0,0.0,0.0
WestA509ToAvebury.102,1836.0,773_0,5.1,0.0,0.0,8065.0,213_0,19.13,14.39,6229.0,2234.3,5723.0,45,0.0,5937.33,0,tripinfo_WestA509ToAvebury.102 emissions_WestA509ToAvebury.102,gasoline_euro4,1.06,972805.04005,15985233.062708,4804.361773,396.404342,7298.952246,5098885.15602,0.0
WestH6ToSaxonSt.203,2436.0,524_0,5.1,0.0,0.0,8066.0,771_1,56.88,10.36,5630.0,2543.49,5012.0,43,0.0,5400.06,0,tripinfo_WestH6ToSaxonSt.203 emissions_WestH6ToSaxonSt.203,gasoline_euro4,0.81,877238.976724,14538914.543757,4335.451484,357.909955,6626.264341,4637544.070376,0.0
WestH6ToSaxonSt.180,2160.0,524_0,4.6,0.0,0.0,8067.0,771_1,56.88,13.36,5907.0,2562.9,5297.0,44,0.0,5729.71,0,tripinfo_WestH6ToSaxonSt.180 emissions_WestH6ToSaxonSt.180,electric,1.06,0.0,0.0,0.0,0.0,0.0,0.0,0.0
WestH6ToSaxonSt.186,2232.0,524_0,4.6,0.0,0.0,8069.0,771_1,56.88,12.12,5837.0,2561.6,5210.0,47,0.0,5636.89,0,tripinfo_WestH6ToSaxonSt.186 emissions_WestH6ToSaxonSt.186,electric,0.94,0.0,0.0,0.0,0.0,0.0,0.0,0.0
WestH6ToSaxonSt.178,2136.0,524_0,4.6,0.0,0.0,8071.0,771_1,56.88,12.09,5935.0,2562.94,5309.0,44,0.0,5740.37,0,tripinfo_WestH6ToSaxonSt.178 emissions_WestH6ToSaxonSt.178,electric,0.96,0.0,0.0,0.0,0.0,0.0,0.0,0.0
WestH6ToSaxonSt.182,2184.0,524_0,4.6,0.0,0.0,8072.0,771_1,56.88,14.38,5888.0,2562.94,5288.0,43,0.0,5723.79,0,tripinfo_WestH6ToSaxonSt.182 emissions_WestH6ToSaxonSt.182,electric,1.14,0.0,0.0,0.0,0.0,0.0,0.0,0.0
EastA509ToH6.117,2106.0,770_0,5.1,0.0,0.0,8125.0,522_0,56.88,11.81,6019.0,3264.63,5421.0,44,0.0,5670.48,0,tripinfo_EastA509ToH6.117 emissions_EastA509ToH6.117,gasoline_euro4,0.87,931350.828254,15471563.88869,4603.582696,380.46169,7044.310568,4935034.913479,0.0
EastAveburyToWestA509.385,4154.0,483_0,5.1,0.0,681.5,8137.0,774_1,29.75,12.42,3983.0,2209.74,3470.0,72,0.0,3817.37,0,tripinfo_EastAveburyToWestA509.385 emissions_EastAveburyToWestA509.385,gasoline_euro4,0.97,618714.58479,10459294.513982,3062.520882,256.443623,4760.64333,3336242.244407,0.0
EastAveburyToWestA509.262,2575.0,483_0,5.1,0.0,148.0,8138.0,774_2,29.75,14.5,5563.0,2209.76,4928.0,90,0.0,5412.66,0,tripinfo_EastAveburyToWestA509.262 emissions_EastAveburyToWestA509.262,gasoline_euro4,1.07,874002.840583,14517307.2969,4320.04333,358.514227,6624.243373,4630649.263002,0.0
WestH6ToSaxonSt.179,2148.0,524_0,5.1,0.0,0.0,8142.0,771_1,56.88,12.67,5994.0,2562.43,5374.0,45,0.0,5793.03,0,tripinfo_WestH6ToSaxonSt.179 emissions_WestH6ToSaxonSt.179,gasoline_euro4,0.93,938320.089221,15557452.951216,4637.549003,384.001292,7097.067634,4962430.492707,0.0
EastAveburyToWestA509.238,2242.0,483_0,5.1,0.0,19.0,8142.0,774_1,29.75,13.0,5900.0,2209.76,5281.0,97,0.0,5737.6,0,tripinfo_EastAveburyToWestA509.238 emissions_EastAveburyToWestA509.238,gasoline_euro4,0.99,932253.94374,15447723.594462,4607.432208,381.816285,7050.6101,4927429.363004,0.0
WestH6ToSaxonSt.183,2196.0,524_0,5.1,0.0,0.0,8144.0,771_1,56.88,15.13,5948.0,2569.87,5359.0,44,0.0,5780.99,0,tripinfo_WestH6ToSaxonSt.183 emissions_WestH6ToSaxonSt.183,gasoline_euro4,1.13,934067.13362,15505319.553535,4616.849773,382.965172,7074.097969,4945800.297275,0.0
EastAveburyToWestA509.130,1305.0,483_0,5.1,0.0,0.0,8145.0,774_2,29.75,13.56,6840.0,2209.76,6068.0,148,0.0,6689.04,0,tripinfo_EastAveburyToWestA509.130 emissions_EastAveburyToWestA509.130,gasoline_euro4,1.06,1085849.772058,17886131.295116,5364.030731,443.213722,8170.397636,5705221.981191,0.0
EastAveburyToWestA509.370,3988.0,483_0,5.1,0.0,643.0,8146.0,774_0,29.75,11.97,4158.0,2213.4,3643.0,62,0.0,3975.74,0,tripinfo_EastAveburyToWestA509.370 emissions_EastAveburyToWestA509.370,gasoline_euro4,0.88,645173.276044,10822957.732483,3191.405591,265.485091,4926.602047,3452244.381188,0.0
WestH6ToSaxonSt.181,2172.0,524_0,5.1,0.0,0.0,8147.0,771_1,56.88,12.01,5975.0,2562.41,5371.0,45,0.0,5777.8,0,tripinfo_WestH6ToSaxonSt.181 emissions_WestH6ToSaxonSt.181,gasoline_euro4,0.95,937276.381139,15531025.397467,4632.034972,383.493533,7085.017126,4954001.012136,0.0
EastAveburyToWestA509.339,3362.0,483_0,4.6,0.0,280.5,8147.0,774_2,29.75,14.58,4785.0,2210.26,4142.0,107,0.0,4642.74,0,tripinfo_EastAveburyToWestA509.339 emissions_EastAveburyToWestA509.339,electric,1.13,0.0,0.0,0.0,0.0,0.0,0.0,0.0
WestH6ToSaxonSt.184,2208.0,524_0,4.6,0.0,0.0,8148.0,771_1,56.88,15.04,5940.0,2570.36,5342.0,47,0.0,5766.82,0,tripinfo_WestH6ToSaxonSt.184 emissions_WestH6ToSaxonSt.184,electric,1.09,0.0,0.0,0.0,0.0,0.0,0.0,0.0
WestH6ToSaxonSt.185,2220.0,524_0,5.1,0.0,0.0,8150.0,771_1,56.88,13.59,5930.0,2569.86,5324.0,46,0.0,5751.66,0,tripinfo_WestH6ToSaxonSt.185 emissions_WestH6ToSaxonSt.185,gasoline_euro4,1.06,928584.510943,15426815.835814,4590.009998,380.902268,7037.565377,4920759.273477,0.0
EastAveburyToWestA509.285,2794.0,483_0,4.6,0.0,171.5,8150.0,774_0,29.75,11.27,5356.0,2210.74,4734.0,80,0.0,5174.6,0,tripinfo_EastAveburyToWestA509.285 emissions_EastAveburyToWestA509.285,electric,0.89,0.0,0.0,0.0,0.0,0.0,0.0,0.0
WestH6ToSaxonSt.187,2244.0,524_0,5.1,0.0,0.0,8152.0,771_1,56.88,14.13,5908.0,2569.87,5299.0,45,0.0,5729.0,0,tripinfo_WestH6ToSaxonSt.187 emissions_WestH6ToSaxonSt.187,gasoline_euro4,1.05,927211.286986,15403160.323231,4583.194455,380.242977,7025.929676,4913213.910824,0.0
WestH6ToSaxonSt.188,2256.0,524_0,5.1,0.0,0.0,8157.0,771_1,56.88,12.39,5901.0,2569.86,5300.0,43,0.0,5693.82,0,tripinfo_WestH6ToSaxonSt.188 emissions_WestH6ToSaxonSt.188,gasoline_euro4,0.91,925022.280345,15333630.033554,4571.809882,378.571506,6995.310731,4891036.740124,0.0
EastA509ToH6.109,1962.0,770_0,4.6,0.0,0.0,8203.0,522_1,56.88,12.9,6241.0,3283.0,5712.0,52,0.0,5942.65,0,tripinfo_EastA509ToH6.109 emissions_EastA509ToH6.109,electric,0.99,0.0,0.0,0.0,0.0,0.0,0.0,0.0
EastAveburyToWestA509.396,4249.0,483_0,4.6,0.0,683.0,8226.0,774_1,29.75,12.99,3977.0,2210.26,3440.0,60,0.0,3806.63,0,tripinfo_EastAveburyToWestA509.396 emissions_EastAveburyToWestA509.396,electric,0.94,0.0,0.0,0.0,0.0,0.0,0.0,0.0
EastAveburyToWestA509.383,4085.0,483_0,4.6,0.0,629.5,8227.0,774_2,29.75,13.8,4142.0,2210.26,3618.0,65,0.0,3988.01,0,tripinfo_EastAveburyToWestA509.383 emissions_EastAveburyToWestA509.383,electric,1.05,0.0,0.0,0.0,0.0,0.0,0.0,0.0
WestH6ToSaxonSt.191,2292.0,524_0,5.1,0.0,0.0,8228.0,771_1,56.88,13.13,5936.0,2569.87,5331.0,45,0.0,5746.16,0,tripinfo_WestH6ToSaxonSt.191 emissions_WestH6ToSaxonSt.191,gasoline_euro4,0.99,932549.894037,15502120.289937,4609.816426,382.499026,7070.153023,4944779.41797,0.0
EastAveburyToWestA509.361,3721.0,483_0,4.6,0.0,452.5,8228.0,774_2,29.75,14.67,4507.0,2210.26,3954.0,61,0.0,4358.26,0,tripinfo_EastAveburyToWestA509.361 emissions_EastAveburyToWestA509.361,electric,1.08,0.0,0.0,0.0,0.0,0.0,0.0,0.0
WestH6ToSaxonSt.190,2280.0,524_0,5.1,0.0,0.0,8231.0,771_1,56.88,12.62,5951.0,2569.87,5345.0,43,0.0,5757.78,0,tripinfo_WestH6ToSaxonSt.190 emissions_WestH6ToSaxonSt.190,gasoline_euro4,0.97,933467.325436,15477116.48208,4613.344478,382.100566,7059.8682,4936805.150401,0.0
EastAveburyToWestA509.381,4078.0,483_0,5.1,0.0,639.5,8232.0,774_2,29.75,12.91,4154.0,2189.79,3602.0,91,0.0,3982.34,0,tripinfo_EastAveburyToWestA509.381 emissions_EastAveburyToWestA509.381,gasoline_euro4,0.99,647848.198169,10914620.693715,3205.725661,268.138466,4971.253161,3481480.202142,0.0
EastAveburyToWestA509.380,4077.0,483_0,4.6,0.0,647.0,8233.0,774_0,29.75,12.63,4156.0,2213.9,3615.0,67,0.0,3983.26,0,tripinfo_EastAveburyToWestA509.380 emissions_EastAveburyToWestA509.380,electric,0.93,0.0,0.0,0.0,0.0,0.0,0.0,0.0
EastAveburyToWestA509.395,4246.0,483_0,5.1,0.0,688.5,8234.0,774_2,29.75,14.93,3988.0,2209.76,3430.0,94,0.0,3838.72,0,tripinfo_EastAveburyToWestA509.395 emissions_EastAveburyToWestA509.395,gasoline_euro4,1.08,624802.133134,10563793.70705,3092.676692,259.610773,4811.357212,3369574.059276,0.0
EastAveburyToWestA509.374,3998.0,483_0,4.6,0.0,619.0,8235.0,774_2,29.75,13.21,4237.0,2210.26,3684.0,71,0.0,4079.71,0,tripinfo_EastAveburyToWestA509.374 emissions_EastAveburyToWestA509.374,electric,1.02,0.0,0.0,0.0,0.0,0.0,0.0,0.0
WestH6ToSaxonSt.192,2304.0,524_0,4.6,0.0,0.0,8241.0,771_1,56.88,10.75,5937.0,2570.34,5318.0,44,0.0,5709.96,0,tripinfo_WestH6ToSaxonSt.192 emissions_WestH6ToSaxonSt.192,electric,0.83,0.0,0.0,0.0,0.0,0.0,0.0,0.0
WestH6ToSaxonSt.195,2340.0,524_0,4.6,0.0,0.0,8241.0,771_0,56.88,13.86,5901.0,2570.34,5276.0,45,0.0,5724.45,0,tripinfo_WestH6ToSaxonSt.195 emissions_WestH6ToSaxonSt.195,electric,1.07,0.0,0.0,0.0,0.0,0.0,0.0,0.0
WestH6ToSaxonSt.196,2352.0,524_0,5.1,0.0,0.0,8243.0,771_1,56.88,14.38,5891.0,2569.87,5254.0,44,0.0,5711.91,0,tripinfo_WestH6ToSaxonSt.196 emissions_WestH6ToSaxonSt.196,gasoline_euro4,1.06,922234.331377,15329083.528985,4558.878542,377.992221,6990.468717,4889585.412795,0.0
WestH6ToSaxonSt.197,2364.0,524_0,5.1,0.0,0.0,8244.0,771_1,56.88,13.86,5880.0,2569.87,5271.0,44,0.0,5704.18,0,tripinfo_WestH6ToSaxonSt.197 emissions_WestH6ToSaxonSt.197,gasoline_euro4,1.07,922041.94238,15333379.444049,4558.064733,378.106424,6992.23415,4890955.421526,0.0
WestH6ToSaxonSt.194,2328.0,524_0,5.1,0.0,0.0,8247.0,771_1,56.88,11.44,5919.0,2569.84,5308.0,45,0.0,5707.83,0,tripinfo_WestH6ToSaxonSt.194 emissions_WestH6ToSaxonSt.194,gasoline_euro4,0.89,926319.777203,15382403.292932,4578.922702,379.621775,7017.475313,4906593.236466,0.0
WestH6ToSaxonSt.198,2376.0,524_0,5.1,0.0,0.0,8250.0,771_1,56.88,11.21,5874.0,2569.87,5261.0,46,0.0,5653.74,0,tripinfo_WestH6ToSaxonSt.198 emissions_WestH6ToSaxonSt.198,gasoline_euro4,0.85,916515.004916,15206340.572898,4530.09456,375.06635,6935.66641,4850434.489291,0.0
EastAveburyToWestA509.346,3459.0,483_0,4.6,0.0,318.0,8312.0,774_1,29.75,13.06,4853.0,2210.26,4246.0,103,0.0,4691.25,0,tripinfo_EastAveburyToWestA509.346 emissions_EastAveburyToWestA509.346,electric,0.99,0.0,0.0,0.0,0.0,0.0,0.0,0.0
EastAveburyToWestA509.266,2584.0,483_0,4.6,0.0,123.0,8314.0,774_2,29.75,14.05,5730.0,2210.28,5050.0,95,0.0,5574.34,0,tripinfo_EastAveburyToWestA509.266 emissions_EastAveburyToWestA509.266,electric,1.03,0.0,0.0,0.0,0.0,0.0,0.0,0.0
WestH6ToSaxonSt.199,2388.0,524_0,5.1,0.0,0.0,8315.0,771_1,56.88,13.82,5927.0,2569.84,5338.0,48,0.0,5744.81,0,tripinfo_WestH6ToSaxonSt.199 emissions_WestH6ToSaxonSt.199,gasoline_euro4,1.03,930498.172634,15450790.756556,4599.37561,381.448246,7048.30953,4928407.017482,0.0
EastAveburyToWestA509.294,2934.0,483_0,5.1,0.0,235.0,8316.0,774_2,29.75,13.54,5382.0,2209.76,4725.0,68,0.0,5225.12,0,tripinfo_EastAveburyToWestA509.294 emissions_EastAveburyToWestA509.294,gasoline_euro4,1.03,845243.710442,14051139.497797,4178.275145,346.660359,6409.025725,4481953.663944,0.0
WestH6ToSaxonSt.200,2400.0,524_0,4.6,0.0,0.0,8317.0,771_1,56.88,15.58,5917.0,2570.37,5320.0,46,0.0,5751.07,0,tripinfo_WestH6ToSaxonSt.200 emissions_WestH6ToSaxonSt.200,electric,1.14,0.0,0.0,0.0,0.0,0.0,0.0,0.0
EastAveburyToWestA509.358,3643.0,483_0,5.1,0.0,400.0,8317.0,774_2,29.75,13.37,4674.0,2209.77,4098.0,88,0.0,4515.5,0,tripinfo_EastAveburyToWestA509.358 emissions_EastAveburyToWestA509.358,gasoline_euro4,1.01,729554.589041,12212435.991417,3608.205984,300.67734,5566.59747,3895451.755542,0.0
EastAveburyToWestA509.225,2141.0,483_0,5.1,0.0,28.5,8320.0,774_1,29.75,12.64,6179.0,2210.27,5444.0,131,0.0,6016.1,0,tripinfo_EastAveburyToWestA509.225 emissions_EastAveburyToWestA509.225,gasoline_euro4,0.98,975861.06286,16132250.239418,4821.640555,398.720026,7362.67955,5145777.324908,0.0
WestH6ToSaxonSt.201,2412.0,524_0,4.6,0.0,0.0,8321.0,771_1,56.88,12.82,5909.0,2570.37,5297.0,46,0.0,5715.92,0,tripinfo_WestH6ToSaxonSt.201 emissions_WestH6ToSaxonSt.201,electric,0.98,0.0,0.0,0.0,0.0,0.0,0.0,0.0
EastAveburyToWestA509.325,3210.0,483_0,4.6,0.0,247.5,8324.0,774_0,29.75,12.26,5114.0,2213.9,4440.0,72,0.0,4946.01,0,tripinfo_EastAveburyToWestA509.325 emissions_EastAveburyToWestA509.325,electric,0.96,0.0,0.0,0.0,0.0,0.0,0.0,0.0
EastAveburyToWestA509.398,4253.0,483_0,4.6,0.0,670.0,8324.0,774_2,29.75,12.54,4071.0,2210.29,3535.0,90,0.0,3906.9,0,tripinfo_EastAveburyToWestA509.398 emissions_EastAveburyToWestA509.398,electric,0.98,0.0,0.0,0.0,0.0,0.0,0.0,0.0
WestH6ToSaxonSt.202,2424.0,524_0,5.1,0.0,0.0,8331.0,771_1,56.88,10.64,5907.0,2569.84,5262.0,44,0.0,5677.73,0,tripinfo_WestH6ToSaxonSt.202 emissions_WestH6ToSaxonSt.202,gasoline_euro4,0.82,922182.443314,15300450.073593,4558.073888,377.167555,6977.477653,4880453.24892,0.0
WestH6ToSaxonSt.205,2460.0,524_0,4.6,0.0,0.0,8331.0,771_0,56.88,15.79,5871.0,2570.37,5253.0,48,0.0,5706.4,0,tripinfo_WestH6ToSaxonSt.205 emissions_WestH6ToSaxonSt.205,electric,1.14,0.0,0.0,0.0,0.0,0.0,0.0,0.0
WestH6ToSaxonSt.204,2448.0,524_0,5.1,0.0,0.0,8334.0,771_1,56.88,12.73,5886.0,2569.86,5251.0,50,0.0,5685.0,0,tripinfo_WestH6ToSaxonSt.204 emissions_WestH6ToSaxonSt.204,gasoline_euro4,0.94,920553.7599,15323619.502898,4551.180857,377.799725,6988.348393,4887841.701602,0.0
WestH6ToSaxonSt.206,2472.0,524_0,5.1,0.0,0.0,8336.0,771_1,56.88,12.56,5864.0,2569.87,5231.0,42,0.0,5665.13,0,tripinfo_WestH6ToSaxonSt.206 emissions_WestH6ToSaxonSt.206,gasoline_euro4,0.95,915596.036465,15224862.056033,4526.273061,375.380964,6943.235981,4856341.22137,0.0
EastA509ToH6.138,2484.0,770_0,4.6,0.0,0.0,8365.0,522_1,56.88,16.8,5881.0,3248.11,5440.0,31,0.0,5640.25,0,tripinfo_EastA509ToH6.138 emissions_EastA509ToH6.138,electric,1.24,0.0,0.0,0.0,0.0,0.0,0.0,0.0
EastA509ToH6.107,1926.0,770_0,4.6,0.0,0.0,8370.0,522_1,56.88,16.04,6444.0,3248.45,5953.0,52,0.0,6178.7,0,tripinfo_EastA509ToH6.107 emissions_EastA509ToH6.107,electric,1.17,0.0,0.0,0.0,0.0,0.0,0.0,0.0
EastA509ToH6.186,3348.0,770_0,5.1,0.0,0.0,8390.0,522_1,56.88,13.08,5042.0,3176.95,4351.0,25,0.0,4526.76,0,tripinfo_EastA509ToH6.186 emissions_EastA509ToH6.186,gasoline_euro4,0.97,742659.373181,12410000.980819,3671.891724,304.744337,5644.940762,3958472.068762,0.0
EastAveburyToWestA509.306,3095.0,483_0,5.1,0.0,294.0,8398.0,774_2,29.75,13.57,5303.0,2209.77,4637.0,117,0.0,5146.74,0,tripinfo_EastAveburyToWestA509.306 emissions_EastAveburyToWestA509.306,gasoline_euro4,1.03,834663.261763,13888852.922765,4126.491762,342.958625,6336.988197,4430187.550822,0.0
EastAveburyToWestA509.353,3539.0,483_0,4.6,0.0,338.5,8404.0,774_2,29.75,16.76,4865.0,2210.27,4245.0,105,0.0,4732.34,0,tripinfo_EastAveburyToWestA509.353 emissions_EastAveburyToWestA509.353,electric,1.21,0.0,0.0,0.0,0.0,0.0,0.0,0.0
EastAveburyToWestA509.372,3992.0,483_0,4.6,0.0,630.0,8404.0,774_1,29.75,12.59,4412.0,2210.27,3710.0,116,0.0,4242.8,0,tripinfo_EastAveburyToWestA509.372 emissions_EastAveburyToWestA509.372,electric,0.95,0.0,0.0,0.0,0.0,0.0,0.0,0.0
WestH6ToSaxonSt.208,2548.0,524_0,4.6,0.0,52.0,8409.0,771_1,56.88,11.46,5861.0,2570.37,5234.0,41,0.0,5648.41,0,tripinfo_WestH6ToSaxonSt.208 emissions_WestH6ToSaxonSt.208,electric,0.89,0.0,0.0,0.0,0.0,0.0,0.0,0.0
WestH6ToSaxonSt.229,3166.0,524_0,4.6,0.0,418.0,8410.0,771_1,56.88,12.9,5244.0,2556.83,4659.0,41,0.0,5046.62,0,tripinfo_WestH6ToSaxonSt.229 emissions_WestH6ToSaxonSt.229,electric,0.95,0.0,0.0,0.0,0.0,0.0,0.0,0.0
EastAveburyToWestA509.155,1518.0,483_0,5.1,0.0,0.5,8411.0,774_1,29.75,13.66,6893.0,2213.38,6194.0,115,0.0,6737.06,0,tripinfo_EastAveburyToWestA509.155 emissions_EastAveburyToWestA509.155,gasoline_euro4,1.03,1093969.759526,18037967.673411,5404.622932,446.677447,8237.988766,5753653.586311,0.0
EastAveburyToWestA509.145,1433.0,483_0,5.1,0.0,0.5,8412.0,774_2,29.75,13.98,6979.0,2209.74,6272.0,117,0.0,6820.3,0,tripinfo_EastAveburyToWestA509.145 emissions_EastAveburyToWestA509.145,gasoline_euro4,1.01,1107726.764809,18259506.112599,5472.179416,452.132017,8338.81521,5824318.921485,0.0
WestH6ToSaxonSt.209,2552.0,524_0,4.6,0.0,44.0,8412.0,771_1,56.88,13.88,5860.0,2570.37,5201.0,42,0.0,5671.95,0,tripinfo_WestH6ToSaxonSt.209 emissions_WestH6ToSaxonSt.209,electric,1.0,0.0,0.0,0.0,0.0,0.0,0.0,0.0
WestH6ToSaxonSt.210,2555.0,524_0,4.6,0.0,35.0,8413.0,771_1,56.88,14.24,5858.0,2570.36,5211.0,44,0.0,5682.6,0,tripinfo_WestH6ToSaxonSt.210 emissions_WestH6ToSaxonSt.210,electric,1.07,0.0,0.0,0.0,0.0,0.0,0.0,0.0
EastAveburyToWestA509.291,2927.0,483_0,4.6,0.0,253.5,8413.0,774_0,29.75,11.72,5486.0,2210.75,4784.0,85,0.0,5299.34,0,tripinfo_EastAveburyToWestA509.291 emissions_EastAveburyToWestA509.291,electric,0.86,0.0,0.0,0.0,0.0,0.0,0.0,0.0
WestH6ToSaxonSt.227,3083.0,524_0,4.6,0.0,359.0,8415.0,771_1,56.88,12.92,5332.0,2556.14,4741.0,40,0.0,5149.36,0,tripinfo_WestH6ToSaxonSt.227 emissions_WestH6ToSaxonSt.227,electric,1.02,0.0,0.0,0.0,0.0,0.0,0.0,0.0
WestH6ToSaxonSt.211,2558.0,524_0,4.6,0.0,26.0,8417.0,771_1,56.88,13.62,5859.0,2570.36,5234.0,47,0.0,5672.03,0,tripinfo_WestH6ToSaxonSt.211 emissions_WestH6ToSaxonSt.211,electric,1.01,0.0,0.0,0.0,0.0,0.0,0.0,0.0
WestH6ToSaxonSt.212,2561.0,524_0,5.1,0.0,17.0,8419.0,771_1,56.88,13.71,5858.0,2569.84,5233.0,42,0.0,5667.39,0,tripinfo_WestH6ToSaxonSt.212 emissions_WestH6ToSaxonSt.212,gasoline_euro4,0.99,916454.770893,15232828.53156,4530.21555,375.733485,6947.186886,4858882.398884,0.0
EastAveburyToWestA509.343,3450.0,483_0,5.1,0.0,334.5,8419.0,774_1,29.75,12.57,4969.0,2209.76,4294.0,114,0.0,4791.73,0,tripinfo_EastAveburyToWestA509.343 emissions_EastAveburyToWestA509.343,gasoline_euro4,0.91,778626.550739,13000994.302899,3850.336653,320.146126,5926.691584,4146982.73124,0.0
WestA509ToEastH6.86,3099.0,773_0,4.6,0.0,3.0,8448.0,522_1,56.88,11.98,5349.0,3624.79,4810.0,54,0.0,5065.97,0,tripinfo_WestA509ToEastH6.86 emissions_WestA509ToEastH6.86,electric,0.92,0.0,0.0,0.0,0.0,0.0,0.0,0.0
WestH6ToSaxonSt.214,2806.0,524_0,4.6,0.0,238.0,8487.0,771_1,56.88,14.88,5681.0,2570.36,5086.0,43,0.0,5515.19,0,tripinfo_WestH6ToSaxonSt.214 emissions_WestH6ToSaxonSt.214,electric,1.14,0.0,0.0,0.0,0.0,0.0,0.0,0.0
EastAveburyToWestA509.345,3456.0,483_0,5.1,0.0,323.5,8491.0,774_1,29.75,11.78,5035.0,2209.78,4336.0,119,0.0,4863.52,0,tripinfo_EastAveburyToWestA509.345 emissions_EastAveburyToWestA509.345,gasoline_euro4,0.94,790410.131213,13207222.740383,3908.898576,325.289586,6021.69376,4212763.808965,0.0
EastAveburyToWestA509.373,3995.0,483_0,5.1,0.0,624.5,8492.0,774_1,29.75,13.14,4497.0,2210.24,3863.0,115,0.0,4341.64,0,tripinfo_EastAveburyToWestA509.373 emissions_EastAveburyToWestA509.373,gasoline_euro4,1.03,705070.242567,11824357.911217,3487.830346,290.836848,5387.984425,3771664.391024,0.0
EastAveburyToWestA509.283,2781.0,483_0,5.1,0.0,175.5,8494.0,774_2,29.75,12.19,5713.0,2209.76,4972.0,99,0.0,5537.74,0,tripinfo_EastAveburyToWestA509.283 emissions_EastAveburyToWestA509.283,gasoline_euro4,0.92,896006.731253,14854517.845542,4428.279629,366.435648,6775.712355,4738212.376735,0.0
WestH6ToSaxonSt.213,2563.0,524_0,4.6,0.0,7.0,8496.0,771_1,56.88,11.99,5933.0,2570.37,5316.0,44,0.0,5735.37,0,tripinfo_WestH6ToSaxonSt.213 emissions_WestH6ToSaxonSt.213,electric,0.96,0.0,0.0,0.0,0.0,0.0,0.0,0.0
EastAveburyToWestA509.355,3545.0,483_0,4.6,0.0,327.5,8496.0,774_0,29.75,13.18,4951.0,2213.91,4308.0,84,0.0,4783.55,0,tripinfo_EastAveburyToWestA509.355 emissions_EastAveburyToWestA509.355,electric,0.96,0.0,0.0,0.0,0.0,0.0,0.0,0.0
EastAveburyToWestA509.350,3471.0,483_0,5.1,0.0,296.0,8499.0,774_2,29.75,13.17,5028.0,2209.76,4361.0,122,0.0,4865.51,0,tripinfo_EastAveburyToWestA509.350 emissions_EastAveburyToWestA509.350,gasoline_euro4,0.99,790929.311064,13201741.942113,3911.022724,325.229127,6018.564002,4211016.098664,0.0
EastAveburyToWestA509.393,4240.0,483_0,5.1,0.0,699.5,8500.0,774_0,29.75,12.35,4260.0,2210.22,3603.0,83,0.0,4084.05,0,tripinfo_EastAveburyToWestA509.393 emissions_EastAveburyToWestA509.393,gasoline_euro4,0.91,659251.261217,11063229.268347,3261.297711,271.657359,5038.684832,3528884.258701,0.0
EastAveburyToWestA509.379,4013.0,483_0,4.6,0.0,591.5,8501.0,774_2,29.75,12.98,4488.0,2210.26,3891.0,110,0.0,4329.15,0,tripinfo_EastAveburyToWestA509.379 emissions_EastAveburyToWestA509.379,electric,1.01,0.0,0.0,0.0,0.0,0.0,0.0,0.0
WestH6ToSaxonSt.215,2810.0,524_0,5.1,0.0,230.0,8503.0,771_1,56.88,11.18,5693.0,2569.87,5044.0,43,0.0,5475.48,0,tripinfo_WestH6ToSaxonSt.215 emissions_WestH6ToSaxonSt.215,gasoline_euro4,0.86,887163.06774,14733746.023757,4385.271178,362.993745,6717.516215,4699688.805891,0.0
WestH6ToSaxonSt.240,3619.0,524_0,5.1,0.0,739.0,8505.0,771_1,56.88,11.55,4886.0,2556.36,4325.0,37,0.0,4680.71,0,tripinfo_WestH6ToSaxonSt.240 emissions_WestH6ToSaxonSt.240,gasoline_euro4,0.91,759045.317453,12700139.040626,3754.19377,312.031863,5784.541465,4051017.488579,0.0
WestA509ToAvebury.178,3204.0,773_0,5.1,0.0,0.0,8505.0,213_0,19.13,12.75,5301.0,2240.02,4603.0,56,0.0,5002.02,0,tripinfo_WestA509ToAvebury.178 emissions_WestA509ToAvebury.178,gasoline_euro4,0.99,813442.822524,13469963.700556,4019.796069,332.845394,6145.268666,4296575.023658,0.0
WestH6ToSaxonSt.216,2812.0,524_0,4.6,0.0,220.0,8507.0,771_1,56.88,12.63,5695.0,2570.34,5052.0,47,0.0,5497.83,0,tripinfo_WestH6ToSaxonSt.216 emissions_WestH6ToSaxonSt.216,electric,0.96,0.0,0.0,0.0,0.0,0.0,0.0,0.0
WestH6ToSaxonSt.218,2819.0,524_0,5.1,0.0,203.0,8508.0,771_1,56.88,14.45,5689.0,2569.83,5059.0,42,0.0,5522.45,0,tripinfo_WestH6ToSaxonSt.218 emissions_WestH6ToSaxonSt.218,gasoline_euro4,1.13,891232.468213,14849522.010268,4406.495138,366.129662,6772.007842,4736616.189108,0.0
WestH6ToSaxonSt.234,3420.0,524_0,4.6,0.0,612.0,8510.0,771_1,56.88,14.53,5090.0,2556.15,4530.0,38,0.0,4913.6,0,tripinfo_WestH6ToSaxonSt.234 emissions_WestH6ToSaxonSt.234,electric,1.06,0.0,0.0,0.0,0.0,0.0,0.0,0.0
WestA509ToEastH6.95,3423.0,773_0,5.1,0.0,3.0,8529.0,522_1,56.88,13.0,5106.0,3604.1,4564.0,49,0.0,4853.49,0,tripinfo_WestA509ToEastH6.95 emissions_WestA509ToEastH6.95,gasoline_euro4,1.02,795947.168983,13453724.68564,3939.098025,329.750621,6114.998403,4291388.03736,0.0
EastAveburyToWestA509.331,3326.0,483_0,4.6,0.0,312.5,8579.0,774_2,29.75,13.58,5253.0,2210.28,4518.0,144,0.0,5102.58,0,tripinfo_EastAveburyToWestA509.331 emissions_EastAveburyToWestA509.331,electric,1.07,0.0,0.0,0.0,0.0,0.0,0.0,0.0
EastAveburyToWestA509.322,3201.0,483_0,4.6,0.0,264.0,8581.0,774_1,29.75,12.16,5380.0,2210.25,4710.0,102,0.0,5201.18,0,tripinfo_EastAveburyToWestA509.322 emissions_EastAveburyToWestA509.322,electric,0.9,0.0,0.0,0.0,0.0,0.0,0.0,0.0
EastAveburyToWestA509.377,4007.0,483_0,4.6,0.0,602.5,8582.0,774_2,29.75,14.44,4575.0,2210.24,3923.0,81,0.0,4426.74,0,tripinfo_EastAveburyToWestA509.377 emissions_EastAveburyToWestA509.377,electric,1.09,0.0,0.0,0.0,0.0,0.0,0.0,0.0
EastAveburyToWestA509.248,2331.0,483_0,5.1,0.0,23.0,8583.0,774_1,29.75,15.16,6252.0,2209.75,5532.0,114,0.0,6109.78,0,tripinfo_EastAveburyToWestA509.248 emissions_EastAveburyToWestA509.248,gasoline_euro4,1.13,992359.057797,16422915.767931,4904.014041,406.453354,7499.274472,5238490.949953,0.0
WestH6ToSaxonSt.217,2816.0,524_0,5.1,0.0,212.0,8584.0,771_1,56.88,12.6,5768.0,2569.87,5141.0,45,0.0,5563.73,0,tripinfo_WestH6ToSaxonSt.217 emissions_WestH6ToSaxonSt.217,gasoline_euro4,0.92,901135.253065,14975963.890406,4454.420636,369.292962,6829.41612,4776949.379125,0.0
WestH6ToSaxonSt.220,2825.0,524_0,4.6,0.0,185.0,8585.0,771_1,56.88,13.16,5760.0,2570.37,5121.0,44,0.0,5568.97,0,tripinfo_WestH6ToSaxonSt.220 emissions_WestH6ToSaxonSt.220,electric,0.98,0.0,0.0,0.0,0.0,0.0,0.0,0.0
EastAveburyToWestA509.326,3285.0,483_0,5.1,0.0,314.0,8587.0,774_2,29.75,12.53,5302.0,2209.76,4593.0,75,0.0,5140.18,0,tripinfo_EastAveburyToWestA509.326 emissions_EastAveburyToWestA509.326,gasoline_euro4,0.99,829721.187626,13792570.095109,4101.563531,340.217902,6291.618693,4399476.683614,0.0
EastAveburyToWestA509.219,2072.0,483_0,5.1,0.0,10.5,8589.0,774_2,29.75,13.93,6517.0,2209.76,5740.0,102,0.0,6359.94,0,tripinfo_EastAveburyToWestA509.219 emissions_EastAveburyToWestA509.219,gasoline_euro4,1.02,1027479.593128,16959780.11536,5076.473081,419.636295,7743.828096,5409738.778715,0.0
EastAveburyToWestA509.166,1611.0,483_0,5.1,0.0,0.0,8591.0,774_0,29.75,11.95,6980.0,2213.4,6195.0,117,0.0,6796.35,0,tripinfo_EastAveburyToWestA509.166 emissions_EastAveburyToWestA509.166,gasoline_euro4,0.88,1103624.971282,18150360.249149,5451.104428,449.316437,8288.861812,5789505.909149,0.0
WestH6ToSaxonSt.219,2822.0,524_0,4.6,0.0,194.0,8592.0,771_1,56.88,11.47,5770.0,2570.34,5136.0,43,0.0,5554.85,0,tripinfo_WestH6ToSaxonSt.219 emissions_WestH6ToSaxonSt.219,electric,0.87,0.0,0.0,0.0,0.0,0.0,0.0,0.0
WestA509ToAvebury.66,1188.0,773_0,4.6,0.0,0.0,8594.0,213_0,19.13,10.84,7406.0,2243.87,6880.0,42,0.0,7083.03,0,tripinfo_WestA509ToAvebury.66 emissions_WestA509ToAvebury.66,electric,0.87,0.0,0.0,0.0,0.0,0.0,0.0,0.0
WestH6ToSaxonSt.223,3071.0,524_0,4.6,0.0,395.0,8594.0,771_1,56.88,12.45,5523.0,2570.33,4895.0,42,0.0,5327.53,0,tripinfo_WestH6ToSaxonSt.223 emissions_WestH6ToSaxonSt.223,electric,0.96,0.0,0.0,0.0,0.0,0.0,0.0,0.0
WestH6ToSaxonSt.221,2913.0,524_0,5.1,0.0,261.0,8595.0,771_1,56.88,14.45,5682.0,2569.86,5029.0,41,0.0,5503.61,0,tripinfo_WestH6ToSaxonSt.221 emissions_WestH6ToSaxonSt.221,gasoline_euro4,1.05,888765.220038,14826549.992086,4394.818153,365.538713,6761.849923,4729288.022567,0.0
WestH6ToSaxonSt.224,3074.0,524_0,4.6,0.0,386.0,8597.0,771_1,56.88,14.2,5523.0,2570.33,4884.0,48,0.0,5343.55,0,tripinfo_WestH6ToSaxonSt.224 emissions_WestH6ToSaxonSt.224,electric,1.05,0.0,0.0,0.0,0.0,0.0,0.0,0.0
WestH6ToSaxonSt.222,2988.0,524_0,4.6,0.0,324.0,8599.0,771_1,56.88,14.2,5611.0,2570.37,4968.0,43,0.0,5438.35,0,tripinfo_WestH6ToSaxonSt.222 emissions_WestH6ToSaxonSt.222,electric,1.09,0.0,0.0,0.0,0.0,0.0,0.0,0.0
WestA509ToAvebury.54,972.0,773_0,4.6,0.0,0.0,8601.0,213_0,19.13,13.96,7629.0,2305.1,7195.0,45,0.0,7393.58,0,tripinfo_WestA509ToAvebury.54 emissions_WestA509ToAvebury.54,electric,1.04,0.0,0.0,0.0,0.0,0.0,0.0,0.0
WestA509ToEastH6.91,3279.0,773_0,4.6,0.0,3.0,8622.0,522_1,56.88,12.03,5343.0,3658.18,4797.0,57,0.0,5062.08,0,tripinfo_WestA509ToEastH6.91 emissions_WestA509ToEastH6.91,electric,0.94,0.0,0.0,0.0,0.0,0.0,0.0,0.0
EastAveburyToWestA509.347,3462.0,483_0,5.1,0.0,312.5,8663.0,774_1,29.75,13.02,5201.0,2209.76,4483.0,89,0.0,5040.39,0,tripinfo_EastAveburyToWestA509.347 emissions_EastAveburyToWestA509.347,gasoline_euro4,1.0,812858.278087,13536088.779329,4018.736824,333.558271,6172.329026,4317665.178366,0.0
WestH6ToSaxonSt.225,3077.0,524_0,5.1,0.0,377.0,8666.0,771_1,56.88,14.82,5589.0,2569.87,4966.0,42,0.0,5418.65,0,tripinfo_WestH6ToSaxonSt.225 emissions_WestH6ToSaxonSt.225,gasoline_euro4,1.11,872461.039211,14552388.952407,4313.862382,358.816279,6635.197469,4641837.808108,0.0
WestH6ToSaxonSt.226,3080.0,524_0,5.1,0.0,368.0,8668.0,771_1,56.88,13.92,5588.0,2569.86,4957.0,45,0.0,5414.81,0,tripinfo_WestH6ToSaxonSt.226 emissions_WestH6ToSaxonSt.226,gasoline_euro4,1.08,873607.058403,14562247.457798,4319.034982,358.89519,6637.931247,4644982.961885,0.0
WestH6ToSaxonSt.230,3249.0,524_0,5.1,0.0,489.0,8671.0,771_1,56.88,14.2,5422.0,2569.87,4827.0,37,0.0,5245.18,0,tripinfo_WestH6ToSaxonSt.230 emissions_WestH6ToSaxonSt.230,gasoline_euro4,1.07,846331.970027,14119709.192243,4184.68193,347.915302,6436.525216,4503824.234427,0.0
EastAveburyToWestA509.392,4176.0,483_0,4.6,0.0,644.0,8674.0,774_1,29.75,13.21,4498.0,2210.74,3864.0,99,0.0,4336.84,0,tripinfo_EastAveburyToWestA509.392 emissions_EastAveburyToWestA509.392,electric,1.0,0.0,0.0,0.0,0.0,0.0,0.0,0.0
EastAveburyToWestA509.397,4250.0,483_0,5.1,0.0,675.5,8676.0,774_2,29.75,14.43,4426.0,2209.76,3833.0,61,0.0,4275.62,0,tripinfo_EastAveburyToWestA509.397 emissions_EastAveburyToWestA509.397,gasoline_euro4,1.07,687812.254345,11532864.996476,3402.411171,283.511921,5254.606901,3678685.923901,0.0
EastAveburyToWestA509.360,3718.0,483_0,4.6,0.0,458.0,8677.0,774_1,29.75,11.05,4959.0,2210.26,4311.0,80,0.0,4765.64,0,tripinfo_EastAveburyToWestA509.360 emissions_EastAveburyToWestA509.360,electric,0.83,0.0,0.0,0.0,0.0,0.0,0.0,0.0
WestA509ToAvebury.113,2034.0,773_0,4.6,0.0,0.0,8680.0,213_0,19.13,15.3,6646.0,2314.49,6177.0,70,0.0,6505.65,0,tripinfo_WestA509ToAvebury.113 emissions_WestA509ToAvebury.113,electric,1.19,0.0,0.0,0.0,0.0,0.0,0.0,0.0
WestH6ToSaxonSt.228,3086.0,524_0,5.1,0.0,350.0,8680.0,771_1,56.88,11.41,5594.0,2569.86,4943.0,41,0.0,5376.92,0,tripinfo_WestH6ToSaxonSt.228 emissions_WestH6ToSaxonSt.228,gasoline_euro4,0.87,872623.566191,14506812.130793,4313.789288,357.506476,6614.827647,4627302.002256,0.0
WestH6ToSaxonSt.232,3255.0,524_0,5.1,0.0,471.0,8681.0,771_1,56.88,13.52,5426.0,2569.87,4826.0,39,0.0,5255.76,0,tripinfo_WestH6ToSaxonSt.232 emissions_WestH6ToSaxonSt.232,gasoline_euro4,1.1,848030.20142,14150680.972295,4193.335915,348.789123,6452.393544,4513703.188966,0.0
WestH6ToSaxonSt.233,3260.0,524_0,5.1,0.0,464.0,8683.0,771_1,56.88,12.91,5423.0,2569.87,4821.0,42,0.0,5227.44,0,tripinfo_WestH6ToSaxonSt.233 emissions_WestH6ToSaxonSt.233,gasoline_euro4,0.96,846762.08306,14116453.736889,4186.836055,347.718398,6435.197625,4502786.362356,0.0
WestA509ToEastH6.93,3351.0,773_0,4.6,0.0,3.0,8723.0,522_0,56.88,10.3,5372.0,3658.14,4795.0,57,0.0,5049.22,0,tripinfo_WestA509ToEastH6.93 emissions_WestA509ToEastH6.93,electric,0.82,0.0,0.0,0.0,0.0,0.0,0.0,0.0
EastA509ToH6.184,3312.0,770_0,5.1,0.0,0.0,8731.0,522_1,56.88,12.41,5419.0,3193.07,4663.0,28,0.0,4868.7,0,tripinfo_EastA509ToH6.184 emissions_EastA509ToH6.184,gasoline_euro4,0.96,799458.59242,13329496.405003,3952.399063,327.876793,6067.674621,4251768.002542,0.0
WestH6ToSaxonSt.236,3606.0,524_0,5.1,0.0,774.0,8753.0,771_1,56.88,14.23,5147.0,2569.86,4547.0,37,0.0,4970.85,0,tripinfo_WestH6ToSaxonSt.236 emissions_WestH6ToSaxonSt.236,gasoline_euro4,1.07,800231.016643,13379125.321395,3957.022752,329.015863,6093.59439,4267596.679925,0.0
WestH6ToSaxonSt.239,3615.0,524_0,4.6,0.0,747.0,8756.0,771_1,56.88,13.56,5141.0,2570.37,4577.0,38,0.0,4962.36,0,tripinfo_WestH6ToSaxonSt.239 emissions_WestH6ToSaxonSt.239,electric,1.06,0.0,0.0,0.0,0.0,0.0,0.0,0.0
WestH6ToSaxonSt.237,3609.0,524_0,4.6,0.0,765.0,8757.0,771_1,56.88,16.4,5148.0,2570.37,4544.0,39,0.0,4991.55,0,tripinfo_WestH6ToSaxonSt.237 emissions_WestH6ToSaxonSt.237,electric,1.21,0.0,0.0,0.0,0.0,0.0,0.0,0.0
WestA509ToAvebury.153,2754.0,773_0,5.1,0.0,0.0,8768.0,213_0,19.13,12.64,6014.0,2244.22,5394.0,58,0.0,5715.11,0,tripinfo_WestA509ToAvebury.153 emissions_WestA509ToAvebury.153,gasoline_euro4,1.0,932307.257756,15403626.311061,4606.354013,381.193291,7031.356455,4913364.757481,0.0
WestH6ToSaxonSt.235,3425.0,524_0,5.1,0.0,605.0,8772.0,771_1,56.88,10.31,5347.0,2569.84,4725.0,41,0.0,5116.17,0,tripinfo_WestH6ToSaxonSt.235 emissions_WestH6ToSaxonSt.235,gasoline_euro4,0.82,830776.533473,13824473.406307,4107.155704,339.921859,6299.030598,4409653.747722,0.0
WestH6ToSaxonSt.241,3622.0,524_0,4.6,0.0,730.0,8772.0,771_0,56.88,12.86,5150.0,2570.34,4559.0,38,0.0,4960.02,0,tripinfo_WestH6ToSaxonSt.241 emissions_WestH6ToSaxonSt.241,electric,0.99,0.0,0.0,0.0,0.0,0.0,0.0,0.0
WestH6ToSaxonSt.238,3612.0,524_0,4.6,0.0,756.0,8774.0,771_1,56.88,14.0,5162.0,2570.37,4557.0,38,0.0,4985.01,0,tripinfo_WestH6ToSaxonSt.238 emissions_WestH6ToSaxonSt.238,electric,1.07,0.0,0.0,0.0,0.0,0.0,0.0,0.0
EastA509ToH6.132,2376.0,770_0,5.1,0.0,0.0,8820.0,522_1,56.88,12.33,6444.0,3225.88,5910.0,37,0.0,6131.29,0,tripinfo_EastA509ToH6.132 emissions_EastA509ToH6.132,gasoline_euro4,0.97,1005619.134787,16665402.636348,4969.047411,410.718085,7591.2074,5315839.610792,0.0
EastA509ToH6.153,2754.0,770_0,4.6,0.0,0.0,8822.0,522_1,56.88,14.53,6068.0,3251.21,5666.0,53,0.0,5848.83,0,tripinfo_EastA509ToH6.153 emissions_EastA509ToH6.153,electric,1.06,0.0,0.0,0.0,0.0,0.0,0.0,0.0
WestH6ToSaxonSt.243,3884.0,524_0,5.1,0.0,968.0,8843.0,771_1,56.88,14.35,4959.0,2569.87,4357.0,40,0.0,4781.48,0,tripinfo_WestH6ToSaxonSt.243 emissions_WestH6ToSaxonSt.243,gasoline_euro4,1.06,768259.095915,12845326.749605,3799.218052,315.867288,5851.613671,4097328.647726,0.0
WestH6ToSaxonSt.242,3625.0,524_0,5.1,0.0,721.0,8854.0,771_1,56.88,11.66,5229.0,2569.84,4612.0,43,0.0,5007.26,0,tripinfo_WestH6ToSaxonSt.242 emissions_WestH6ToSaxonSt.242,gasoline_euro4,0.85,812163.170336,13543322.034954,4015.736996,332.838581,6169.632492,4319972.76338,0.0
WestH6ToSaxonSt.245,3958.0,524_0,5.1,0.0,1018.0,8855.0,771_1,56.88,12.53,4897.0,2569.84,4296.0,34,0.0,4703.64,0,tripinfo_WestH6ToSaxonSt.245 emissions_WestH6ToSaxonSt.245,gasoline_euro4,0.97,756457.834139,12656635.339464,3741.322412,311.262756,5767.361973,4037140.519606,0.0
WestH6ToSaxonSt.244,3952.0,524_0,5.1,0.0,1024.0,8857.0,771_1,56.88,13.82,4905.0,2569.87,4295.0,40,0.0,4731.89,0,tripinfo_WestH6ToSaxonSt.244 emissions_WestH6ToSaxonSt.244,gasoline_euro4,1.09,759004.901681,12727473.503251,3754.643688,312.962209,5799.628245,4059735.030022,0.0
WestH6ToSaxonSt.246,4049.0,524_0,5.1,0.0,1097.0,8859.0,771_1,56.88,12.67,4810.0,2569.84,4201.0,33,0.0,4607.08,0,tripinfo_WestH6ToSaxonSt.246 emissions_WestH6ToSaxonSt.246,gasoline_euro4,0.93,742113.826758,12446793.13539,3671.225893,305.988944,5671.254318,3970205.24557,0.0
WestH6ToSaxonSt.247,4351.0,524_0,4.6,0.0,1387.0,8860.0,771_1,56.88,13.01,4509.0,2570.37,3929.0,32,0.0,4313.13,0,tripinfo_WestH6ToSaxonSt.247 emissions_WestH6ToSaxonSt.247,electric,0.96,0.0,0.0,0.0,0.0,0.0,0.0,0.0
WestH6ToSaxonSt.248,4357.0,524_0,4.6,0.0,1381.0,8862.0,771_1,56.88,13.49,4505.0,2570.34,3906.0,36,0.0,4321.33,0,tripinfo_WestH6ToSaxonSt.248 emissions_WestH6ToSaxonSt.248,electric,1.03,0.0,0.0,0.0,0.0,0.0,0.0,0.0
WestA509ToAvebury.142,2556.0,773_0,5.1,0.0,0.0,8864.0,213_0,19.13,13.39,6308.0,2249.41,5756.0,60,0.0,6062.65,0,tripinfo_WestA509ToAvebury.142 emissions_WestA509ToAvebury.142,gasoline_euro4,1.02,989194.639117,16297819.510335,4886.275708,403.735105,7441.182383,5198590.976791,0.0
WestH6ToSaxonSt.250,4486.0,524_0,4.6,0.0,1486.0,8931.0,771_1,56.88,13.11,4445.0,2570.36,3889.0,34,0.0,4262.33,0,tripinfo_WestH6ToSaxonSt.250 emissions_WestH6ToSaxonSt.250,electric,1.03,0.0,0.0,0.0,0.0,0.0,0.0,0.0
WestH6ToSaxonSt.249,4483.0,524_0,4.6,0.0,1495.0,8937.0,771_1,56.88,12.74,4454.0,2570.37,3876.0,36,0.0,4254.23,0,tripinfo_WestH6ToSaxonSt.249 emissions_WestH6ToSaxonSt.249,electric,0.94,0.0,0.0,0.0,0.0,0.0,0.0,0.0
WestH6ToSaxonSt.251,4489.0,524_0,5.1,0.0,1477.0,8941.0,771_1,56.88,12.2,4452.0,2569.84,3879.0,39,0.0,4244.35,0,tripinfo_WestH6ToSaxonSt.251 emissions_WestH6ToSaxonSt.251,gasoline_euro4,0.91,684736.308529,11498738.473049,3387.308412,281.807903,5232.529074,3667800.83466,0.0
WestH6ToSaxonSt.253,4794.0,524_0,4.6,0.0,1758.0,8942.0,771_1,56.88,14.69,4148.0,2570.34,3582.0,34,0.0,3978.72,0,tripinfo_WestH6ToSaxonSt.253 emissions_WestH6ToSaxonSt.253,electric,1.11,0.0,0.0,0.0,0.0,0.0,0.0,0.0
WestH6ToSaxonSt.252,4493.0,524_0,4.6,0.0,1469.0,8944.0,771_1,56.88,12.59,4451.0,2570.37,3863.0,36,0.0,4257.26,0,tripinfo_WestH6ToSaxonSt.252 emissions_WestH6ToSaxonSt.252,electric,0.97,0.0,0.0,0.0,0.0,0.0,0.0,0.0
WestA509ToAvebury.190,3420.0,773_0,5.1,0.0,0.0,8944.0,213_0,19.13,11.85,5524.0,2257.89,4886.0,66,0.0,5278.39,0,tripinfo_WestA509ToAvebury.190 emissions_WestA509ToAvebury.190,gasoline_euro4,0.92,857038.764448,14154472.314303,4234.258539,349.883223,6458.928841,4514917.091783,0.0
WestH6ToSaxonSt.254,4798.0,524_0,5.1,0.0,1750.0,8948.0,771_1,56.88,11.29,4150.0,2569.87,3567.0,33,0.0,3935.66,0,tripinfo_WestH6ToSaxonSt.254 emissions_WestH6ToSaxonSt.254,gasoline_euro4,0.88,634578.244871,10699677.92355,3140.35622,261.576764,4865.450697,3412920.207678,0.0
WestH6ToSaxonSt.256,5100.0,524_0,5.1,0.0,2028.0,9018.0,771_1,56.88,14.25,3918.0,2569.87,3349.0,34,0.0,3741.55,0,tripinfo_WestH6ToSaxonSt.256 emissions_WestH6ToSaxonSt.256,gasoline_euro4,1.07,599891.411498,10165646.069642,2969.529123,248.343564,4620.031797,3242576.160663,0.0
WestH6ToSaxonSt.255,4803.0,524_0,4.6,0.0,1743.0,9029.0,771_1,56.88,10.75,4226.0,2570.34,3643.0,34,0.0,4001.69,0,tripinfo_WestH6ToSaxonSt.255 emissions_WestH6ToSaxonSt.255,electric,0.84,0.0,0.0,0.0,0.0,0.0,0.0,0.0
WestH6ToSaxonSt.257,5107.0,524_0,5.1,0.0,2023.0,9031.0,771_1,56.88,13.0,3924.0,2569.87,3339.0,34,0.0,3731.76,0,tripinfo_WestH6ToSaxonSt.257 emissions_WestH6ToSaxonSt.257,gasoline_euro4,0.98,599915.690898,10169041.096531,2970.107941,248.320301,4622.777081,3243659.054158,0.0
WestH6ToSaxonSt.258,5410.0,524_0,5.1,0.0,2314.0,9033.0,771_1,56.88,13.09,3623.0,2569.87,3043.0,31,0.0,3436.19,0,tripinfo_WestH6ToSaxonSt.258 emissions_WestH6ToSaxonSt.258,gasoline_euro4,1.01,549814.816826,9388673.537736,2723.596528,228.750653,4264.939466,2994740.109008,0.0
WestA509ToAvebury.170,3060.0,773_0,5.1,0.0,0.0,9034.0,213_0,19.13,11.85,5974.0,2234.3,5309.0,61,0.0,5654.04,0,tripinfo_WestA509ToAvebury.170 emissions_WestA509ToAvebury.170,gasoline_euro4,0.86,921674.06541,15202072.351365,4553.478591,375.999219,6939.287337,4849075.388768,0.0
WestH6ToSaxonSt.259,5415.0,524_0,4.6,0.0,2307.0,9034.0,771_1,56.88,13.9,3619.0,2570.36,3041.0,31,0.0,3432.7,0,tripinfo_WestH6ToSaxonSt.259 emissions_WestH6ToSaxonSt.259,electric,1.01,0.0,0.0,0.0,0.0,0.0,0.0,0.0
WestH6ToSaxonSt.260,5714.0,524_0,4.6,0.0,2594.0,9036.0,771_1,56.88,15.08,3322.0,2570.37,2755.0,30,0.0,3149.97,0,tripinfo_WestH6ToSaxonSt.260 emissions_WestH6ToSaxonSt.260,electric,1.1,0.0,0.0,0.0,0.0,0.0,0.0,0.0
WestA509ToEastH6.84,3027.0,773_0,4.6,0.0,3.0,9060.0,522_1,56.88,13.58,6033.0,3658.18,5454.0,61,0.0,5762.05,0,tripinfo_WestA509ToEastH6.84 emissions_WestA509ToEastH6.84,electric,0.98,0.0,0.0,0.0,0.0,0.0,0.0,0.0
EastA509ToH6.163,2934.0,770_0,4.6,0.0,0.0,9093.0,522_0,56.88,14.61,6159.0,3254.25,5742.0,49,0.0,5936.57,0,tripinfo_EastA509ToH6.163 emissions_EastA509ToH6.163,electric,1.06,0.0,0.0,0.0,0.0,0.0,0.0,0.0
EastA509ToH6.160,2880.0,770_0,5.1,0.0,0.0,9094.0,522_0,56.88,11.08,6214.0,3218.88,5555.0,40,0.0,5698.47,0,tripinfo_EastA509ToH6.160 emissions_EastA509ToH6.160,gasoline_euro4,0.85,938848.34868,15552414.028054,4639.704819,383.034516,7084.812841,4960825.068835,0.0
EastA509ToH6.173,3114.0,770_0,4.6,0.0,0.0,9099.0,522_1,56.88,15.42,5985.0,3219.4,5271.0,32,0.0,5556.19,0,tripinfo_EastA509ToH6.173 emissions_EastA509ToH6.173,electric,1.13,0.0,0.0,0.0,0.0,0.0,0.0,0.0
EastA509ToH6.123,2214.0,770_0,4.6,0.0,0.0,9100.0,522_0,56.88,11.44,6886.0,3236.42,6371.0,46,0.0,6609.81,0,tripinfo_EastA509ToH6.123 emissions_EastA509ToH6.123,electric,0.85,0.0,0.0,0.0,0.0,0.0,0.0,0.0
EastA509ToH6.185,3330.0,770_0,5.1,0.0,0.0,9104.0,522_1,56.88,12.87,5774.0,3174.53,5200.0,48,0.0,5375.49,0,tripinfo_EastA509ToH6.185 emissions_EastA509ToH6.185,gasoline_euro4,0.97,883705.107809,14736311.661574,4369.269709,362.931297,6712.670789,4700505.360898,0.0
EastA509ToH6.199,3582.0,770_0,4.6,0.0,0.0,9105.0,522_1,56.88,13.78,5523.0,3239.1,4951.0,52,0.0,5225.29,0,tripinfo_EastA509ToH6.199 emissions_EastA509ToH6.199,electric,1.06,0.0,0.0,0.0,0.0,0.0,0.0,0.0
WestH6ToSaxonSt.261,6019.0,524_0,5.1,0.0,2887.0,9114.0,771_1,56.88,12.11,3095.0,2569.84,2524.0,30,0.0,2879.82,0,tripinfo_WestH6ToSaxonSt.261 emissions_WestH6ToSaxonSt.261,gasoline_euro4,0.88,462121.050175,7981475.668457,2291.285062,193.331281,3618.995297,2545878.87394,0.0
WestH6ToSaxonSt.262,6025.0,524_0,5.1,0.0,2881.0,9116.0,771_1,56.88,12.87,3091.0,2569.87,2532.0,33,0.0,2888.93,0,tripinfo_WestH6ToSaxonSt.262 emissions_WestH6ToSaxonSt.262,gasoline_euro4,0.94,461756.593776,7971794.205808,2289.37376,193.31746,3616.001175,2542790.613097,0.0
WestH6ToSaxonSt.263,6323.0,524_0,5.1,0.0,3167.0,9117.0,771_1,56.88,13.85,2794.0,2569.84,2243.0,29,0.0,2613.71,0,tripinfo_WestH6ToSaxonSt.263 emissions_WestH6ToSaxonSt.263,gasoline_euro4,1.04,412993.539918,7191152.849043,2049.105622,174.041126,3260.012903,2293784.853682,0.0
WestH6ToSaxonSt.264,6624.0,524_0,5.1,0.0,3456.0,9119.0,771_1,56.88,12.81,2495.0,2569.86,1942.0,29,0.0,2297.86,0,tripinfo_WestH6ToSaxonSt.264 emissions_WestH6ToSaxonSt.264,gasoline_euro4,0.95,363732.726346,6418411.523153,1806.590367,154.345714,2903.53352,2047299.109602,0.0
WestA509ToAvebury.148,2664.0,773_0,5.1,0.0,0.0,9121.0,213_0,19.13,13.21,6457.0,2244.22,5845.0,54,0.0,6155.26,0,tripinfo_WestA509ToAvebury.148 emissions_WestA509ToAvebury.148,gasoline_euro4,0.99,1005633.598974,16577404.583535,4967.901931,410.822317,7570.767257,5287770.97393,0.0
WestA509ToAvebury.75,1350.0,773_0,5.1,0.0,0.0,9123.0,213_0,19.13,15.09,7773.0,2238.64,7235.0,51,0.0,7488.96,0,tripinfo_WestA509ToAvebury.75 emissions_WestA509ToAvebury.75,gasoline_euro4,1.11,1226346.138683,20024300.962224,6053.917327,498.200709,9154.607819,6387248.736527,0.0
WestH6ToSaxonSt.265,6627.0,524_0,4.6,0.0,3447.0,9128.0,771_1,56.88,9.91,2501.0,2570.37,1928.0,30,0.0,2262.36,0,tripinfo_WestH6ToSaxonSt.265 emissions_WestH6ToSaxonSt.265,electric,0.79,0.0,0.0,0.0,0.0,0.0,0.0,0.0
EastA509ToH6.115,2070.0,770_0,5.1,0.0,0.0,9169.0,522_1,56.88,13.43,7099.0,3288.34,6582.0,63,0.0,6859.16,0,tripinfo_EastA509ToH6.115 emissions_EastA509ToH6.115,gasoline_euro4,1.0,1125218.126729,18631972.885788,5560.025447,460.018708,8493.027394,5943125.10958,0.0
EastA509ToH6.176,3168.0,770_0,5.1,0.0,0.0,9174.0,522_1,56.88,13.16,6006.0,3221.62,5502.0,44,0.0,5766.95,0,tripinfo_EastA509ToH6.176 emissions_EastA509ToH6.176,gasoline_euro4,0.97,944409.719289,15738783.723164,4668.822278,387.534273,7167.906326,5020268.708386,0.0
EastA509ToH6.120,2160.0,770_0,4.6,0.0,0.0,9190.0,522_1,56.88,11.72,7030.0,3268.78,6530.0,56,0.0,6745.36,0,tripinfo_EastA509ToH6.120 emissions_EastA509ToH6.120,electric,0.89,0.0,0.0,0.0,0.0,0.0,0.0,0.0
EastA509ToH6.146,2628.0,770_0,4.6,0.0,0.0,9192.0,522_1,56.88,12.92,6564.0,3259.65,5998.0,51,0.0,6236.56,0,tripinfo_EastA509ToH6.146 emissions_EastA509ToH6.146,electric,0.93,0.0,0.0,0.0,0.0,0.0,0.0,0.0
WestH6ToSaxonSt.267,6636.0,524_0,5.1,0.0,3432.0,9193.0,771_1,56.88,13.89,2557.0,2569.86,2004.0,31,0.0,2384.16,0,tripinfo_WestH6ToSaxonSt.267 emissions_WestH6ToSaxonSt.267,gasoline_euro4,1.09,376580.452747,6637495.749503,1869.631021,159.601933,2999.832501,2117181.374278,0.0
WestH6ToSaxonSt.266,6631.0,524_0,5.1,0.0,3439.0,9199.0,771_1,56.88,12.58,2568.0,2569.86,2006.0,31,0.0,2376.21,0,tripinfo_WestH6ToSaxonSt.266 emissions_WestH6ToSaxonSt.266,gasoline_euro4,0.98,377011.963387,6602799.99711,1871.050285,158.927368,2986.791428,2106115.687707,0.0
WestH6ToSaxonSt.269,6937.0,524_0,4.6,0.0,3709.0,9201.0,771_1,56.88,13.04,2264.0,2570.37,1726.0,31,0.0,2077.95,0,tripinfo_WestH6ToSaxonSt.269 emissions_WestH6ToSaxonSt.269,electric,1.02,0.0,0.0,0.0,0.0,0.0,0.0,0.0
WestH6ToSaxonSt.268,6932.0,524_0,4.6,0.0,3716.0,9209.0,771_1,56.88,11.45,2277.0,2570.34,1709.0,30,0.0,2063.83,0,tripinfo_WestH6ToSaxonSt.268 emissions_WestH6ToSaxonSt.268,electric,0.88,0.0,0.0,0.0,0.0,0.0,0.0,0.0
WestA509ToAvebury.185,3330.0,773_0,4.6,0.0,0.0,9209.0,213_0,19.13,14.49,5879.0,2197.71,5241.0,66,0.0,5577.25,0,tripinfo_WestA509ToAvebury.185 emissions_WestA509ToAvebury.185,electric,1.07,0.0,0.0,0.0,0.0,0.0,0.0,0.0
WestH6ToSaxonSt.270,7029.0,524_0,5.1,0.0,3789.0,9211.0,771_1,56.88,13.23,2182.0,2569.86,1629.0,30,0.0,1994.83,0,tripinfo_WestH6ToSaxonSt.270 emissions_WestH6ToSaxonSt.270,gasoline_euro4,1.01,313783.963202,5615894.481297,1560.296355,134.266849,2535.865252,1791315.959234,0.0
WestA509ToAvebury.176,3168.0,773_0,4.6,0.0,0.0,9213.0,213_0,19.13,11.03,6045.0,2249.86,5389.0,65,0.0,5791.54,0,tripinfo_WestA509ToAvebury.176 emissions_WestA509ToAvebury.176,electric,0.85,0.0,0.0,0.0,0.0,0.0,0.0,0.0
EastA509ToH6.128,2304.0,770_0,4.6,0.0,0.0,9246.0,522_1,56.88,15.64,6942.0,3274.54,6456.0,45,0.0,6714.43,0,tripinfo_EastA509ToH6.128 emissions_EastA509ToH6.128,electric,1.21,0.0,0.0,0.0,0.0,0.0,0.0,0.0
EastA509ToH6.162,2916.0,770_0,5.1,0.0,0.0,9264.0,522_1,56.88,12.6,6348.0,3285.26,5885.0,60,0.0,6092.61,0,tripinfo_EastA509ToH6.162 emissions_EastA509ToH6.162,gasoline_euro4,0.94,1002727.108787,16685751.488096,4956.933372,411.049964,7601.066939,5322327.916311,0.0
EastA509ToH6.110,1980.0,770_0,5.1,0.0,0.0,9266.0,522_1,56.88,14.28,7286.0,3285.3,6769.0,68,0.0,7055.46,0,tripinfo_EastA509ToH6.110 emissions_EastA509ToH6.110,gasoline_euro4,1.04,1157882.026245,19159568.860747,5721.209637,473.48918,8736.78065,6111414.75335,0.0
EastA509ToH6.167,3006.0,770_0,4.6,0.0,0.0,9268.0,522_1,56.88,14.09,6262.0,3285.78,5784.0,43,0.0,6027.73,0,tripinfo_EastA509ToH6.167 emissions_EastA509ToH6.167,electric,1.02,0.0,0.0,0.0,0.0,0.0,0.0,0.0
EastA509ToH6.134,2412.0,770_0,4.6,0.0,0.0,9271.0,522_1,56.88,12.84,6859.0,3285.8,6342.0,48,0.0,6619.14,0,tripinfo_EastA509ToH6.134 emissions_EastA509ToH6.134,electric,1.0,0.0,0.0,0.0,0.0,0.0,0.0,0.0
EastA509ToH6.114,2052.0,770_0,5.1,0.0,0.0,9272.0,522_1,56.88,14.6,7220.0,3285.3,6655.0,65,0.0,6994.67,0,tripinfo_EastA509ToH6.114 emissions_EastA509ToH6.114,gasoline_euro4,1.06,1145074.41443,18973814.884587,5658.691211,468.884955,8652.261977,6052162.97673,0.0
WestH6ToSaxonSt.271,7033.0,524_0,5.1,0.0,3781.0,9280.0,771_1,56.88,14.24,2247.0,2569.86,1701.0,31,0.0,2075.17,0,tripinfo_WestH6ToSaxonSt.271 emissions_WestH6ToSaxonSt.271,gasoline_euro4,1.1,325515.981392,5824854.257449,1618.409812,139.500486,2629.815975,1857968.222045,0.0
EastA509ToH6.135,2430.0,770_0,4.6,0.0,0.0,9281.0,522_0,56.88,12.01,6851.0,3285.8,6302.0,45,0.0,6578.69,0,tripinfo_EastA509ToH6.135 emissions_EastA509ToH6.135,electric,0.88,0.0,0.0,0.0,0.0,0.0,0.0,0.0
WestH6ToSaxonSt.272,7036.0,524_0,4.6,0.0,3772.0,9283.0,771_1,56.88,14.11,2247.0,2570.36,1709.0,28,0.0,2071.48,0,tripinfo_WestH6ToSaxonSt.272 emissions_WestH6ToSaxonSt.272,electric,1.07,0.0,0.0,0.0,0.0,0.0,0.0,0.0
WestH6ToSaxonSt.273,7039.0,524_0,4.6,0.0,3763.0,9294.0,771_1,56.88,11.36,2255.0,2570.34,1717.0,28,0.0,2035.87,0,tripinfo_WestH6ToSaxonSt.273 emissions_WestH6ToSaxonSt.273,electric,0.86,0.0,0.0,0.0,0.0,0.0,0.0,0.0
WestH6ToSaxonSt.276,7117.0,524_0,5.1,0.0,3805.0,9296.0,771_1,56.88,13.18,2179.0,2569.83,1643.0,27,0.0,1993.9,0,tripinfo_WestH6ToSaxonSt.276 emissions_WestH6ToSaxonSt.276,gasoline_euro4,1.02,314232.011494,5654326.873359,1563.299654,135.198507,2553.688764,1803573.708785,0.0
WestH6ToSaxonSt.275,7114.0,524_0,4.6,0.0,3814.0,9298.0,771_1,56.88,12.02,2184.0,2570.37,1649.0,28,0.0,1978.55,0,tripinfo_WestH6ToSaxonSt.275 emissions_WestH6ToSaxonSt.275,electric,0.92,0.0,0.0,0.0,0.0,0.0,0.0,0.0
WestA509ToAvebury.120,2160.0,773_0,4.6,0.0,0.0,9299.0,213_0,19.13,11.53,7139.0,2318.63,6670.0,64,0.0,6938.9,0,tripinfo_WestA509ToAvebury.120 emissions_WestA509ToAvebury.120,electric,0.84,0.0,0.0,0.0,0.0,0.0,0.0,0.0
WestH6ToSaxonSt.277,7120.0,524_0,5.1,0.0,3796.0,9299.0,771_1,56.88,14.05,2179.0,2569.87,1646.0,28,0.0,2001.0,0,tripinfo_WestH6ToSaxonSt.277 emissions_WestH6ToSaxonSt.277,gasoline_euro4,1.06,313955.500475,5641408.5322,1561.640387,134.757125,2546.607185,1799453.558995,0.0
EastA509ToH6.88,1584.0,770_0,5.1,0.0,0.0,9350.0,522_0,56.88,15.33,7766.0,3267.43,7318.0,47,0.0,7554.0,0,tripinfo_EastA509ToH6.88 emissions_EastA509ToH6.88,gasoline_euro4,1.14,1240274.583912,20496141.485394,6128.101103,507.373496,9351.804573,6537747.484125,0.0
EastA509ToH6.198,3564.0,770_0,4.6,0.0,0.0,9350.0,522_1,56.88,13.0,5786.0,3285.76,5236.0,46,0.0,5531.7,0,tripinfo_EastA509ToH6.198 emissions_EastA509ToH6.198,electric,0.94,0.0,0.0,0.0,0.0,0.0,0.0,0.0
EastA509ToH6.133,2394.0,770_0,4.6,0.0,0.0,9354.0,522_1,56.88,12.97,6960.0,3235.46,6367.0,57,0.0,6670.85,0,tripinfo_EastA509ToH6.133 emissions_EastA509ToH6.133,electric,0.97,0.0,0.0,0.0,0.0,0.0,0.0,0.0
EastA509ToH6.179,3222.0,770_0,4.6,0.0,0.0,9356.0,522_1,56.88,13.91,6134.0,3252.66,5611.0,52,0.0,5887.62,0,tripinfo_EastA509ToH6.179 emissions_EastA509ToH6.179,electric,1.05,0.0,0.0,0.0,0.0,0.0,0.0,0.0
EastA509ToH6.130,2340.0,770_0,4.6,0.0,0.0,9358.0,522_1,56.88,13.66,7018.0,3252.99,6486.0,38,0.0,6691.9,0,tripinfo_EastA509ToH6.130 emissions_EastA509ToH6.130,electric,1.01,0.0,0.0,0.0,0.0,0.0,0.0,0.0
EastA509ToH6.144,2592.0,770_0,4.6,0.0,0.0,9360.0,522_1,56.88,14.98,6768.0,3285.8,6236.0,45,0.0,6546.59,0,tripinfo_EastA509ToH6.144 emissions_EastA509ToH6.144,electric,1.08,0.0,0.0,0.0,0.0,0.0,0.0,0.0
EastA509ToH6.145,2610.0,770_0,5.1,0.0,0.0,9362.0,522_1,56.88,13.41,6752.0,3291.06,6211.0,42,0.0,6518.76,0,tripinfo_EastA509ToH6.145 emissions_EastA509ToH6.145,gasoline_euro4,1.03,1065918.304099,17720044.069916,5268.45177,436.908757,8073.221694,5652240.985814,0.0
WestH6ToSaxonSt.278,7124.0,524_0,5.1,0.0,3788.0,9372.0,771_1,56.88,12.98,2248.0,2569.84,1710.0,29,0.0,2062.72,0,tripinfo_WestH6ToSaxonSt.278 emissions_WestH6ToSaxonSt.278,gasoline_euro4,1.02,325242.886239,5814107.232408,1616.782723,139.097872,2624.794396,1854540.531947,0.0
WestH6ToSaxonSt.274,7111.0,524_0,5.1,0.0,3823.0,9373.0,771_1,56.88,14.77,2262.0,2569.87,1720.0,33,0.0,2089.53,0,tripinfo_WestH6ToSaxonSt.274 emissions_WestH6ToSaxonSt.274,gasoline_euro4,1.09,327572.20435,5857802.950182,1628.642671,140.271849,2645.148631,1868478.092905,0.0
WestH6ToSaxonSt.280,7130.0,524_0,5.1,0.0,3770.0,9376.0,771_1,56.88,13.13,2246.0,2569.86,1736.0,30,0.0,2063.37,0,tripinfo_WestH6ToSaxonSt.280 emissions_WestH6ToSaxonSt.280,gasoline_euro4,1.03,325503.471998,5794187.119952,1617.634559,138.785096,2616.848503,1848187.274919,0.0
WestH6ToSaxonSt.279,7127.0,524_0,5.1,0.0,3779.0,9379.0,771_1,56.88,13.45,2252.0,2569.84,1749.0,30,0.0,2061.33,0,tripinfo_WestH6ToSaxonSt.279 emissions_WestH6ToSaxonSt.279,gasoline_euro4,0.99,327609.139334,5832905.207839,1628.121693,139.439764,2632.602654,1860537.561444,0.0
WestH6ToSaxonSt.281,7133.0,524_0,5.1,0.0,3761.0,9381.0,771_1,56.88,14.52,2248.0,2569.87,1723.0,29,0.0,2073.88,0,tripinfo_WestH6ToSaxonSt.281 emissions_WestH6ToSaxonSt.281,gasoline_euro4,1.08,325774.249499,5820990.349364,1619.384346,139.406715,2628.576377,1856735.999266,0.0
WestA509ToAvebury.76,1368.0,773_0,5.1,0.0,0.0,9384.0,213_0,19.13,15.06,8016.0,2233.45,7446.0,58,0.0,7730.44,0,tripinfo_WestA509ToAvebury.76 emissions_WestA509ToAvebury.76,gasoline_euro4,1.1,1265920.522614,20653462.017983,6248.298319,513.616368,9439.983929,6587936.197337,0.0
WestH6ToSaxonSt.282,7201.0,524_0,4.6,0.0,3817.0,9384.0,771_1,56.88,13.21,2183.0,2570.37,1681.0,28,0.0,1990.19,0,tripinfo_WestH6ToSaxonSt.282 emissions_WestH6ToSaxonSt.282,electric,0.98,0.0,0.0,0.0,0.0,0.0,0.0,0.0
WestA509ToEastH6.88,3171.0,773_0,5.1,0.0,3.0,9413.0,522_1,56.88,12.14,6242.0,3657.68,5690.0,64,0.0,5963.5,0,tripinfo_WestA509ToEastH6.88 emissions_WestA509ToEastH6.88,gasoline_euro4,0.95,981261.361464,16441949.945348,4853.232973,403.822309,7481.463145,5244558.531757,0.0
EastA509ToH6.178,3204.0,770_0,4.6,0.0,0.0,9441.0,522_1,56.88,12.0,6237.0,3291.56,5687.0,38,0.0,5969.87,0,tripinfo_EastA509ToH6.178 emissions_EastA509ToH6.178,electric,0.9,0.0,0.0,0.0,0.0,0.0,0.0,0.0
EastA509ToH6.137,2466.0,770_0,5.1,0.0,0.0,9446.0,522_0,56.88,12.06,6980.0,3217.94,6333.0,35,0.0,6525.81,0,tripinfo_EastA509ToH6.137 emissions_EastA509ToH6.137,gasoline_euro4,0.88,1074170.122834,17746196.438129,5307.212717,437.887373,8089.586021,5660586.809794,0.0
EastA509ToH6.171,3078.0,770_0,5.1,0.0,0.0,9447.0,522_1,56.88,14.39,6369.0,3269.51,5846.0,40,0.0,6142.72,0,tripinfo_EastA509ToH6.171 emissions_EastA509ToH6.171,gasoline_euro4,1.06,1003588.629595,16732703.01635,4961.894024,412.249478,7623.148593,5337302.865413,0.0
EastA509ToH6.141,2538.0,770_0,5.1,0.0,0.0,9449.0,522_1,56.88,15.24,6911.0,3253.37,6405.0,43,0.0,6639.22,0,tripinfo_EastA509ToH6.141 emissions_EastA509ToH6.141,gasoline_euro4,1.17,1087354.746939,18067454.720914,5374.960954,446.659218,8240.524048,5763055.06731,0.0
EastA509ToH6.129,2322.0,770_0,4.6,0.0,0.0,9452.0,522_1,56.88,13.55,7130.0,3285.8,6582.0,49,0.0,6889.1,0,tripinfo_EastA509ToH6.129 emissions_EastA509ToH6.129,electric,0.99,0.0,0.0,0.0,0.0,0.0,0.0,0.0
EastA509ToH6.125,2250.0,770_0,4.6,0.0,0.0,9453.0,522_1,56.88,13.75,7203.0,3251.25,6592.0,50,0.0,6919.02,0,tripinfo_EastA509ToH6.125 emissions_EastA509ToH6.125,electric,1.06,0.0,0.0,0.0,0.0,0.0,0.0,0.0
EastA509ToH6.175,3150.0,770_0,4.6,0.0,0.0,9458.0,522_1,56.88,12.82,6308.0,3235.69,5668.0,52,0.0,5974.96,0,tripinfo_EastA509ToH6.175 emissions_EastA509ToH6.175,electric,0.93,0.0,0.0,0.0,0.0,0.0,0.0,0.0
EastA509ToH6.177,3186.0,770_0,4.6,0.0,0.0,9460.0,522_1,56.88,13.12,6274.0,3238.75,5732.0,37,0.0,6037.34,0,tripinfo_EastA509ToH6.177 emissions_EastA509ToH6.177,electric,0.99,0.0,0.0,0.0,0.0,0.0,0.0,0.0
WestH6ToSaxonSt.283,7205.0,524_0,4.6,0.0,3809.0,9460.0,771_1,56.88,12.71,2255.0,2570.36,1763.0,30,0.0,2066.16,0,tripinfo_WestH6ToSaxonSt.283 emissions_WestH6ToSaxonSt.283,electric,1.0,0.0,0.0,0.0,0.0,0.0,0.0,0.0
WestH6ToSaxonSt.284,7208.0,524_0,4.6,0.0,3800.0,9465.0,771_1,56.88,11.76,2257.0,2570.37,1753.0,30,0.0,2052.87,0,tripinfo_WestH6ToSaxonSt.284 emissions_WestH6ToSaxonSt.284,electric,0.92,0.0,0.0,0.0,0.0,0.0,0.0,0.0
WestH6ToSaxonSt.285,7211.0,524_0,5.1,0.0,3791.0,9468.0,771_1,56.88,12.09,2257.0,2569.87,1759.0,29,0.0,2051.59,0,tripinfo_WestH6ToSaxonSt.285 emissions_WestH6ToSaxonSt.285,gasoline_euro4,0.92,328311.010761,5856449.988006,1631.956783,139.719759,2641.830218,1868047.637743,0.0
WestH6ToSaxonSt.287,7217.0,524_0,5.1,0.0,3773.0,9469.0,771_1,56.88,14.37,2252.0,2569.87,1737.0,27,0.0,2079.75,0,tripinfo_WestH6ToSaxonSt.287 emissions_WestH6ToSaxonSt.287,gasoline_euro4,1.09,327803.373381,5853172.936574,1629.854617,140.353679,2645.421982,1867001.308736,0.0
WestA509ToAvebury.186,3348.0,773_0,5.1,0.0,0.0,9472.0,213_0,19.13,13.06,6124.0,2224.88,5433.0,90,0.0,5827.16,0,tripinfo_WestA509ToAvebury.186 emissions_WestA509ToAvebury.186,gasoline_euro4,0.95,950915.377747,15659005.694948,4697.296633,388.036269,7152.434594,4994825.649433,0.0
WestH6ToSaxonSt.286,7214.0,524_0,4.6,0.0,3782.0,9473.0,771_1,56.88,11.99,2259.0,2570.34,1747.0,26,0.0,2048.34,0,tripinfo_WestH6ToSaxonSt.286 emissions_WestH6ToSaxonSt.286,electric,0.9,0.0,0.0,0.0,0.0,0.0,0.0,0.0
WestH6ToSaxonSt.288,7220.0,524_0,4.6,0.0,3764.0,9475.0,771_1,56.88,15.97,2255.0,2570.37,1732.0,27,0.0,2102.93,0,tripinfo_WestH6ToSaxonSt.288 emissions_WestH6ToSaxonSt.288,electric,1.24,0.0,0.0,0.0,0.0,0.0,0.0,0.0
WestA509ToEastH6.92,3315.0,773_0,5.1,0.0,3.0,9496.0,522_1,56.88,13.09,6181.0,3657.68,5653.0,72,0.0,5925.5,0,tripinfo_WestA509ToEastH6.92 emissions_WestA509ToEastH6.92,gasoline_euro4,1.04,971691.144356,16298616.253607,4806.024776,400.553079,7416.456641,5198837.844494,0.0
EastA509ToH6.159,2862.0,770_0,4.6,0.0,0.0,9523.0,522_1,56.88,12.89,6661.0,3285.8,6125.0,39,0.0,6414.15,0,tripinfo_EastA509ToH6.159 emissions_EastA509ToH6.159,electric,0.97,0.0,0.0,0.0,0.0,0.0,0.0,0.0
EastA509ToH6.196,3528.0,770_0,5.1,0.0,0.0,9525.0,522_1,56.88,13.39,5997.0,3285.26,5441.0,42,0.0,5769.21,0,tripinfo_EastA509ToH6.196 emissions_EastA509ToH6.196,gasoline_euro4,1.05,940877.322278,15742299.671318,4653.07422,387.646751,7169.855293,5021387.759817,0.0
EastA509ToH6.161,2898.0,770_0,5.1,0.0,0.0,9534.0,522_1,56.88,11.59,6636.0,3274.94,6082.0,38,0.0,6364.23,0,tripinfo_EastA509ToH6.161 emissions_EastA509ToH6.161,gasoline_euro4,0.88,1042551.516136,17285163.542818,5152.52314,425.98492,7876.710963,5513527.193817,0.0
EastA509ToH6.168,3024.0,770_0,4.6,0.0,0.0,9534.0,522_0,56.88,16.38,6510.0,3270.01,5968.0,41,0.0,6311.92,0,tripinfo_EastA509ToH6.168 emissions_EastA509ToH6.168,electric,1.23,0.0,0.0,0.0,0.0,0.0,0.0,0.0
EastA509ToH6.169,3042.0,770_0,4.6,0.0,0.0,9538.0,522_1,56.88,12.76,6496.0,3270.01,5952.0,38,0.0,6235.85,0,tripinfo_EastA509ToH6.169 emissions_EastA509ToH6.169,electric,0.93,0.0,0.0,0.0,0.0,0.0,0.0,0.0
EastA509ToH6.142,2556.0,770_0,5.1,0.0,0.0,9540.0,522_1,56.88,12.81,6984.0,3285.3,6380.0,49,0.0,6746.99,0,tripinfo_EastA509ToH6.142 emissions_EastA509ToH6.142,gasoline_euro4,1.01,1101073.493863,18296995.171391,5442.461574,451.429547,8340.723364,5836273.461967,0.0
EastA509ToH6.172,3096.0,770_0,4.6,0.0,0.0,9544.0,522_1,56.88,12.04,6448.0,3285.8,5871.0,42,0.0,6185.63,0,tripinfo_EastA509ToH6.172 emissions_EastA509ToH6.172,electric,0.91,0.0,0.0,0.0,0.0,0.0,0.0,0.0
WestH6ToSaxonSt.289,7223.0,524_0,4.6,0.0,3755.0,9548.0,771_1,56.88,13.18,2325.0,2570.34,1817.0,29,0.0,2135.67,0,tripinfo_WestH6ToSaxonSt.289 emissions_WestH6ToSaxonSt.289,electric,1.0,0.0,0.0,0.0,0.0,0.0,0.0,0.0
WestH6ToSaxonSt.290,7226.0,524_0,4.6,0.0,3746.0,9549.0,771_1,56.88,13.83,2323.0,2570.37,1819.0,31,0.0,2138.18,0,tripinfo_WestH6ToSaxonSt.290 emissions_WestH6ToSaxonSt.290,electric,1.02,0.0,0.0,0.0,0.0,0.0,0.0,0.0
WestH6ToSaxonSt.292,7295.0,524_0,5.1,0.0,3791.0,9555.0,771_1,56.88,11.76,2260.0,2569.87,1723.0,31,0.0,2055.61,0,tripinfo_WestH6ToSaxonSt.292 emissions_WestH6ToSaxonSt.292,gasoline_euro4,0.92,326972.37423,5811563.665634,1624.845368,139.081039,2624.256633,1853730.386383,0.0
WestA509ToAvebury.72,1296.0,773_0,4.6,0.0,0.0,9560.0,213_0,19.13,14.06,8264.0,2316.42,7849.0,67,0.0,8100.7,0,tripinfo_WestA509ToAvebury.72 emissions_WestA509ToAvebury.72,electric,1.03,0.0,0.0,0.0,0.0,0.0,0.0,0.0
WestA509ToAvebury.158,2844.0,773_0,5.1,0.0,0.0,9563.0,213_0,19.13,12.54,6719.0,2230.07,6071.0,67,0.0,6416.19,0,tripinfo_WestA509ToAvebury.158 emissions_WestA509ToAvebury.158,gasoline_euro4,0.91,1047592.870684,17200230.258057,5173.539524,426.285748,7855.814523,5486439.167754,0.0
WestA509ToAvebury.56,1008.0,773_0,5.1,0.0,0.0,9566.0,213_0,19.13,12.46,8558.0,2257.07,8097.0,52,0.0,8324.57,0,tripinfo_WestA509ToAvebury.56 emissions_WestA509ToAvebury.56,gasoline_euro4,0.93,1367363.62568,22281507.548698,6748.925593,553.947773,10185.247958,7107243.102927,0.0
WestA509ToAvebury.73,1314.0,773_0,5.1,0.0,0.0,9568.0,213_0,19.13,11.99,8254.0,2259.88,7785.0,72,0.0,8052.6,0,tripinfo_WestA509ToAvebury.73 emissions_WestA509ToAvebury.73,gasoline_euro4,0.94,1320478.441445,21560854.679393,6518.403322,535.762418,9854.72879,6877371.421229,0.0
WestA509ToEastH6.99,3567.0,773_0,5.1,0.0,3.0,9591.0,522_1,56.88,12.17,6024.0,3657.68,5411.0,72,0.0,5741.69,0,tripinfo_WestA509ToEastH6.99 emissions_WestA509ToEastH6.99,gasoline_euro4,0.94,940623.281575,15756400.969292,4652.194983,386.893367,7170.20326,5025886.271154,0.0
WestA509ToEastH6.94,3387.0,773_0,4.6,0.0,3.0,9601.0,522_0,56.88,11.57,6214.0,3648.24,5618.0,61,0.0,5904.89,0,tripinfo_WestA509ToEastH6.94 emissions_WestA509ToEastH6.94,electric,0.85,0.0,0.0,0.0,0.0,0.0,0.0,0.0
EastA509ToH6.148,2664.0,770_0,4.6,0.0,0.0,9623.0,522_0,56.88,10.6,6959.0,3285.8,6362.0,39,0.0,6674.53,0,tripinfo_EastA509ToH6.148 emissions_EastA509ToH6.148,electric,0.84,0.0,0.0,0.0,0.0,0.0,0.0,0.0
EastA509ToH6.188,3384.0,770_0,5.1,0.0,0.0,9623.0,522_1,56.88,12.59,6239.0,3285.3,5705.0,39,0.0,5990.5,0,tripinfo_EastA509ToH6.188 emissions_EastA509ToH6.188,gasoline_euro4,0.96,978521.164806,16316580.756184,4837.732127,401.457333,7430.695089,5204571.048994,0.0
EastA509ToH6.190,3420.0,770_0,5.1,0.0,0.0,9625.0,522_0,56.88,16.05,6205.0,3291.06,5663.0,40,0.0,6001.39,0,tripinfo_EastA509ToH6.190 emissions_EastA509ToH6.190,gasoline_euro4,1.18,975127.449876,16312091.308354,4822.731433,402.208591,7433.764447,5203136.087312,0.0
EastA509ToH6.194,3492.0,770_0,4.6,0.0,0.0,9625.0,522_1,56.88,11.79,6133.0,3285.76,5540.0,42,0.0,5876.79,0,tripinfo_EastA509ToH6.194 emissions_EastA509ToH6.194,electric,0.93,0.0,0.0,0.0,0.0,0.0,0.0,0.0
EastA509ToH6.170,3060.0,770_0,5.1,0.0,0.0,9628.0,522_1,56.88,13.27,6568.0,3285.3,5990.0,42,0.0,6326.44,0,tripinfo_EastA509ToH6.170 emissions_EastA509ToH6.170,gasoline_euro4,0.99,1031908.006065,17179513.845204,5101.290257,423.184532,7826.407034,5479825.119922,0.0
EastA509ToH6.193,3474.0,770_0,4.6,0.0,0.0,9630.0,522_1,56.88,13.83,6156.0,3291.56,5586.0,43,0.0,5935.3,0,tripinfo_EastA509ToH6.193 emissions_EastA509ToH6.193,electric,1.09,0.0,0.0,0.0,0.0,0.0,0.0,0.0
WestH6ToSaxonSt.293,7299.0,524_0,5.1,0.0,3783.0,9633.0,771_1,56.88,14.56,2334.0,2569.84,1813.0,31,0.0,2157.5,0,tripinfo_WestH6ToSaxonSt.293 emissions_WestH6ToSaxonSt.293,gasoline_euro4,1.06,340954.976024,6060032.835919,1694.177357,145.538008,2738.364184,1932984.727021,0.0
EastA509ToH6.197,3546.0,770_0,5.1,0.0,0.0,9633.0,522_1,56.88,13.37,6087.0,3285.3,5507.0,37,0.0,5844.77,0,tripinfo_EastA509ToH6.197 emissions_EastA509ToH6.197,gasoline_euro4,0.99,951249.693946,15908279.935116,4704.134376,391.36504,7244.965084,5074331.782947,0.0
WestH6ToSaxonSt.294,7302.0,524_0,4.6,0.0,3774.0,9638.0,771_1,56.88,12.98,2336.0,2570.37,1793.0,33,0.0,2145.99,0,tripinfo_WestH6ToSaxonSt.294 emissions_WestH6ToSaxonSt.294,electric,0.99,0.0,0.0,0.0,0.0,0.0,0.0,0.0
WestH6ToSaxonSt.291,7292.0,524_0,5.1,0.0,3800.0,9645.0,771_1,56.88,11.56,2353.0,2569.84,1815.0,33,0.0,2139.97,0,tripinfo_WestH6ToSaxonSt.291 emissions_WestH6ToSaxonSt.291,gasoline_euro4,0.88,342357.962467,6061442.888011,1700.811389,145.041768,2737.396351,1933435.90211,0.0
WestH6ToSaxonSt.295,7305.0,524_0,4.6,0.0,3765.0,9647.0,771_1,56.88,13.73,2342.0,2570.36,1805.0,30,0.0,2161.72,0,tripinfo_WestH6ToSaxonSt.295 emissions_WestH6ToSaxonSt.295,electric,1.04,0.0,0.0,0.0,0.0,0.0,0.0,0.0
WestH6ToSaxonSt.297,7311.0,524_0,4.6,0.0,3747.0,9649.0,771_1,56.88,12.89,2338.0,2570.37,1786.0,31,0.0,2152.49,0,tripinfo_WestH6ToSaxonSt.297 emissions_WestH6ToSaxonSt.297,electric,1.02,0.0,0.0,0.0,0.0,0.0,0.0,0.0
WestH6ToSaxonSt.298,7314.0,524_0,4.6,0.0,3738.0,9650.0,771_1,56.88,14.91,2336.0,2570.37,1779.0,28,0.0,2163.89,0,tripinfo_WestH6ToSaxonSt.298 emissions_WestH6ToSaxonSt.298,electric,1.09,0.0,0.0,0.0,0.0,0.0,0.0,0.0
WestH6ToSaxonSt.296,7308.0,524_0,4.6,0.0,3756.0,9658.0,771_1,56.88,10.7,2350.0,2570.34,1793.0,31,0.0,2127.68,0,tripinfo_WestH6ToSaxonSt.296 emissions_WestH6ToSaxonSt.296,electric,0.85,0.0,0.0,0.0,0.0,0.0,0.0,0.0
WestA509ToEastH6.85,3063.0,773_0,5.1,0.0,3.0,9684.0,522_1,56.88,16.09,6621.0,3657.67,6031.0,77,0.0,6399.38,0,tripinfo_WestA509ToEastH6.85 emissions_WestA509ToEastH6.85,gasoline_euro4,1.19,1047259.257783,17538758.508322,5179.233317,432.032341,7984.572506,5594411.203554,0.0
WestA509ToEastH6.97,3495.0,773_0,4.6,0.0,3.0,9685.0,522_0,56.88,11.34,6190.0,3658.18,5549.0,62,0.0,5884.32,0,tripinfo_WestA509ToEastH6.97 emissions_WestA509ToEastH6.97,electric,0.87,0.0,0.0,0.0,0.0,0.0,0.0,0.0
EastA509ToH6.181,3258.0,770_0,4.6,0.0,0.0,9691.0,522_1,56.88,15.22,6433.0,3270.01,5861.0,47,0.0,6217.1,0,tripinfo_EastA509ToH6.181 emissions_EastA509ToH6.181,electric,1.11,0.0,0.0,0.0,0.0,0.0,0.0,0.0
EastA509ToH6.192,3456.0,770_0,5.1,0.0,0.0,9699.0,522_1,56.88,12.84,6243.0,3285.3,5665.0,44,0.0,6005.94,0,tripinfo_EastA509ToH6.192 emissions_EastA509ToH6.192,gasoline_euro4,1.01,978687.838972,16323328.380728,4838.607459,401.694928,7433.277717,5206723.155442,0.0
EastA509ToH6.182,3276.0,770_0,5.1,0.0,0.0,9716.0,522_1,56.88,13.76,6440.0,3285.3,5858.0,47,0.0,6201.98,0,tripinfo_EastA509ToH6.182 emissions_EastA509ToH6.182,gasoline_euro4,1.01,1010791.212685,16852195.74378,4997.591602,414.759474,7676.616803,5375418.403065,0.0
EastA509ToH6.195,3510.0,770_0,4.6,0.0,0.0,9717.0,522_0,56.88,10.62,6207.0,3288.84,5588.0,40,0.0,5914.2,0,tripinfo_EastA509ToH6.195 emissions_EastA509ToH6.195,electric,0.82,0.0,0.0,0.0,0.0,0.0,0.0,0.0
EastA509ToH6.180,3240.0,770_0,5.1,0.0,0.0,9718.0,522_1,56.88,13.94,6478.0,3285.3,5892.0,47,0.0,6243.06,0,tripinfo_EastA509ToH6.180 emissions_EastA509ToH6.180,gasoline_euro4,1.02,1016673.363945,16955929.836444,5026.971341,417.603611,7725.834846,5408506.375422,0.0
EastA509ToH6.183,3294.0,770_0,5.1,0.0,0.0,9720.0,522_1,56.88,12.68,6426.0,3285.3,5815.0,43,0.0,6185.64,0,tripinfo_EastA509ToH6.183 emissions_EastA509ToH6.183,gasoline_euro4,1.0,1006135.688625,16761161.298562,4974.017458,412.822321,7637.178436,5346380.859406,0.0
EastA509ToH6.187,3366.0,770_0,5.1,0.0,0.0,9728.0,522_0,56.88,10.9,6362.0,3285.3,5750.0,37,0.0,6070.43,0,tripinfo_EastA509ToH6.187 emissions_EastA509ToH6.187,gasoline_euro4,0.82,990702.820807,16484494.7975,4897.824536,405.607091,7510.306423,5258132.536913,0.0
WestH6ToSaxonSt.299,7381.0,524_0,5.1,0.0,3793.0,9734.0,771_1,56.88,10.7,2353.0,2569.87,1783.0,30,0.0,2115.22,0,tripinfo_WestH6ToSaxonSt.299 emissions_WestH6ToSaxonSt.299,gasoline_euro4,0.79,337260.180269,5952765.227894,1675.134927,142.3431,2688.464658,1898771.398637,0.0
WestA509ToAvebury.169,3042.0,773_0,4.6,0.0,0.0,9736.0,213_0,19.13,13.88,6694.0,2290.9,6087.0,70,0.0,6519.15,0,tripinfo_WestA509ToAvebury.169 emissions_WestA509ToAvebury.169,electric,1.08,0.0,0.0,0.0,0.0,0.0,0.0,0.0
WestA509ToAvebury.179,3222.0,773_0,5.1,0.0,0.0,9740.0,213_0,19.13,11.98,6518.0,2321.96,5944.0,79,0.0,6332.35,0,tripinfo_WestA509ToAvebury.179 emissions_WestA509ToAvebury.179,gasoline_euro4,0.91,1032466.780511,17024589.950135,5100.670773,421.384124,7772.791433,5430412.109212,0.0
WestA509ToAvebury.184,3312.0,773_0,4.6,0.0,0.0,9744.0,213_0,19.13,10.45,6432.0,2228.48,5724.0,73,0.0,6118.09,0,tripinfo_WestA509ToAvebury.184 emissions_WestA509ToAvebury.184,electric,0.82,0.0,0.0,0.0,0.0,0.0,0.0,0.0
WestA509ToAvebury.94,1692.0,773_0,4.6,0.0,0.0,9745.0,213_0,19.13,12.14,8053.0,2270.83,7641.0,54,0.0,7895.18,0,tripinfo_WestA509ToAvebury.94 emissions_WestA509ToAvebury.94,electric,1.01,0.0,0.0,0.0,0.0,0.0,0.0,0.0
WestA509ToAvebury.107,1926.0,773_0,5.1,0.0,0.0,9747.0,213_0,19.13,12.75,7821.0,2257.42,7319.0,74,0.0,7649.55,0,tripinfo_WestA509ToAvebury.107 emissions_WestA509ToAvebury.107,gasoline_euro4,0.93,1250089.867334,20404735.101793,6170.871402,506.744274,9325.914868,6508598.806272,0.0
WestA509ToAvebury.116,2088.0,773_0,4.6,0.0,0.0,9754.0,213_0,19.13,8.68,7666.0,2318.64,7159.0,62,0.0,7418.45,0,tripinfo_WestA509ToAvebury.116 emissions_WestA509ToAvebury.116,electric,0.68,0.0,0.0,0.0,0.0,0.0,0.0,0.0
WestA509ToAvebury.110,1980.0,773_0,4.6,0.0,0.0,9756.0,213_0,19.13,11.45,7776.0,2265.69,7277.0,62,0.0,7596.67,0,tripinfo_WestA509ToAvebury.110 emissions_WestA509ToAvebury.110,electric,0.9,0.0,0.0,0.0,0.0,0.0,0.0,0.0
WestA509ToAvebury.177,3186.0,773_0,5.1,0.0,0.0,9757.0,213_0,19.13,12.12,6571.0,2214.96,6103.0,70,0.0,6428.19,0,tripinfo_WestA509ToAvebury.177 emissions_WestA509ToAvebury.177,gasoline_euro4,1.08,1048304.915233,17247566.921758,5177.925555,427.742491,7879.408448,5501536.598855,0.0
EastA509ToH6.189,3402.0,770_0,5.1,0.0,0.0,9779.0,522_1,56.88,15.3,6377.0,3285.3,5827.0,39,0.0,6160.03,0,tripinfo_EastA509ToH6.189 emissions_EastA509ToH6.189,gasoline_euro4,1.1,1004377.299813,16789855.804712,4966.499815,413.74985,7648.040747,5355531.325998,0.0
EastA509ToH6.191,3438.0,770_0,5.1,0.0,0.0,9786.0,522_1,56.88,14.15,6348.0,3285.3,5761.0,44,0.0,6119.3,0,tripinfo_EastA509ToH6.191 emissions_EastA509ToH6.191,gasoline_euro4,1.05,996393.227693,16651954.208764,4926.696099,409.629679,7582.083064,5311545.207316,0.0
WestA509ToAvebury.135,2430.0,773_0,5.1,0.0,0.0,9824.0,213_0,19.13,14.77,7394.0,2325.79,6850.0,76,0.0,7246.34,0,tripinfo_WestA509ToAvebury.135 emissions_WestA509ToAvebury.135,gasoline_euro4,1.14,1180931.069323,19441665.30259,5833.170948,482.358906,8881.991261,6201397.703886,0.0
WestA509ToAvebury.150,2700.0,773_0,5.1,0.0,0.0,9826.0,213_0,19.13,14.05,7126.0,2207.57,6605.0,79,0.0,6975.39,0,tripinfo_WestA509ToAvebury.150 emissions_WestA509ToAvebury.150,gasoline_euro4,1.04,1139569.200846,18643298.80436,5625.764227,462.752549,8516.787834,5946743.478395,0.0
WestA509ToAvebury.160,2880.0,773_0,5.1,0.0,0.0,9829.0,213_0,19.13,13.97,6949.0,2248.0,6340.0,77,0.0,6793.04,0,tripinfo_WestA509ToAvebury.160 emissions_WestA509ToAvebury.160,gasoline_euro4,1.03,1107334.89038,18149990.30387,5467.657303,450.046199,8289.97309,5789389.62045,0.0
WestA509ToAvebury.78,1404.0,773_0,5.1,0.0,0.0,9831.0,213_0,19.13,14.93,8427.0,2315.6,7924.0,64,0.0,8279.32,0,tripinfo_WestA509ToAvebury.78 emissions_WestA509ToAvebury.78,gasoline_euro4,1.14,1352641.823123,22108420.970001,6677.519429,549.516547,10104.190937,7052030.298521,0.0
WestA509ToAvebury.130,2340.0,773_0,4.6,0.0,0.0,9834.0,213_0,19.13,13.3,7494.0,2308.77,6981.0,78,0.0,7328.1,0,tripinfo_WestA509ToAvebury.130 emissions_WestA509ToAvebury.130,electric,1.01,0.0,0.0,0.0,0.0,0.0,0.0,0.0
WestA509ToAvebury.89,1602.0,773_0,4.6,0.0,0.0,9837.0,213_0,19.13,12.66,8235.0,2318.69,7772.0,57,0.0,8057.7,0,tripinfo_WestA509ToAvebury.89 emissions_WestA509ToAvebury.89,electric,0.95,0.0,0.0,0.0,0.0,0.0,0.0,0.0
WestA509ToAvebury.59,1062.0,773_0,5.1,0.0,0.0,9839.0,213_0,19.13,12.87,8777.0,2261.3,8294.0,54,0.0,8584.3,0,tripinfo_WestA509ToAvebury.59 emissions_WestA509ToAvebury.59,gasoline_euro4,1.02,1404948.762904,22876763.518102,6933.764723,569.107726,10459.075748,7297115.077324,0.0
WestA509ToAvebury.108,1944.0,773_0,4.6,0.0,0.0,9912.0,213_0,19.13,14.27,7968.0,2323.88,7508.0,61,0.0,7813.25,0,tripinfo_WestA509ToAvebury.108 emissions_WestA509ToAvebury.108,electric,1.09,0.0,0.0,0.0,0.0,0.0,0.0,0.0
WestA509ToAvebury.171,3078.0,773_0,5.1,0.0,0.0,9915.0,213_0,19.13,13.77,6837.0,2271.57,6261.0,62,0.0,6643.99,0,tripinfo_WestA509ToAvebury.171 emissions_WestA509ToAvebury.171,gasoline_euro4,1.01,1080949.20226,17777319.867531,5338.832522,440.441117,8117.534193,5670515.228556,0.0
WestA509ToAvebury.119,2142.0,773_0,4.6,0.0,0.0,9917.0,213_0,19.13,14.13,7775.0,2257.92,7316.0,62,0.0,7621.27,0,tripinfo_WestA509ToAvebury.119 emissions_WestA509ToAvebury.119,electric,1.07,0.0,0.0,0.0,0.0,0.0,0.0,0.0
WestA509ToAvebury.131,2358.0,773_0,4.6,0.0,0.0,9919.0,213_0,19.13,13.68,7561.0,2313.91,7051.0,81,0.0,7397.7,0,tripinfo_WestA509ToAvebury.131 emissions_WestA509ToAvebury.131,electric,1.01,0.0,0.0,0.0,0.0,0.0,0.0,0.0
WestA509ToAvebury.149,2682.0,773_0,5.1,0.0,0.0,9923.0,213_0,19.13,13.08,7241.0,2262.15,6680.0,67,0.0,7054.26,0,tripinfo_WestA509ToAvebury.149 emissions_WestA509ToAvebury.149,gasoline_euro4,1.0,1151968.526217,18974534.234566,5690.465568,470.434049,8667.963746,6052394.701921,0.0
WestA509ToAvebury.145,2610.0,773_0,5.1,0.0,0.0,9924.0,213_0,19.13,16.0,7314.0,2318.19,6783.0,77,0.0,7170.54,0,tripinfo_WestA509ToAvebury.145 emissions_WestA509ToAvebury.145,gasoline_euro4,1.18,1166958.12611,19239264.916642,5765.091176,477.211761,8790.35602,6136836.15244,0.0
WestA509ToAvebury.121,2178.0,773_0,5.1,0.0,0.0,10000.0,213_0,19.13,12.9,7822.0,2308.27,7327.0,67,0.0,7643.12,0,tripinfo_WestA509ToAvebury.121 emissions_WestA509ToAvebury.121,gasoline_euro4,0.93,1250672.322573,20494844.059348,6175.577147,508.689649,9364.974697,6537338.502915,0.0
WestA509ToAvebury.151,2718.0,773_0,4.6,0.0,0.0,10004.0,213_0,19.13,11.62,7286.0,2313.96,6712.0,60,0.0,7096.6,0,tripinfo_WestA509ToAvebury.151 emissions_WestA509ToAvebury.151,electric,0.89,0.0,0.0,0.0,0.0,0.0,0.0,0.0
WestA509ToAvebury.187,3366.0,773_0,5.1,0.0,0.0,10006.0,213_0,19.13,11.81,6640.0,2313.41,6035.0,81,0.0,6459.28,0,tripinfo_WestA509ToAvebury.187 emissions_WestA509ToAvebury.187,gasoline_euro4,0.93,1054106.596277,17404718.755048,5208.200229,430.636866,7945.901082,5551662.791363,0.0
WestA509ToAvebury.195,3510.0,773_0,5.1,0.0,0.0,10008.0,213_0,19.13,12.89,6498.0,2323.33,5882.0,84,0.0,6327.18,0,tripinfo_WestA509ToAvebury.195 emissions_WestA509ToAvebury.195,gasoline_euro4,0.99,1029659.909723,17025035.075562,5087.720352,421.115518,7771.935873,5430552.511076,0.0
WestA509ToAvebury.173,3114.0,773_0,5.1,0.0,0.0,10009.0,213_0,19.13,14.42,6895.0,2308.27,6305.0,88,0.0,6746.15,0,tripinfo_WestA509ToAvebury.173 emissions_WestA509ToAvebury.173,gasoline_euro4,1.12,1095717.304992,18071866.076261,5413.298237,447.666125,8253.700328,5764466.002493,0.0
WestA509ToAvebury.166,2988.0,773_0,4.6,0.0,0.0,10012.0,213_0,19.13,13.29,7024.0,2323.83,6417.0,89,0.0,6851.81,0,tripinfo_WestA509ToAvebury.166 emissions_WestA509ToAvebury.166,electric,0.98,0.0,0.0,0.0,0.0,0.0,0.0,0.0
WestA509ToAvebury.79,1422.0,773_0,4.6,0.0,0.0,10015.0,213_0,19.13,11.24,8593.0,2313.06,8051.0,65,0.0,8397.81,0,tripinfo_WestA509ToAvebury.79 emissions_WestA509ToAvebury.79,electric,0.86,0.0,0.0,0.0,0.0,0.0,0.0,0.0
WestA509ToAvebury.193,3474.0,773_0,5.1,0.0,0.0,10017.0,213_0,19.13,12.56,6543.0,2318.19,5871.0,99,0.0,6371.21,0,tripinfo_WestA509ToAvebury.193 emissions_WestA509ToAvebury.193,gasoline_euro4,0.98,1034381.563996,17115392.966668,5111.551474,423.46377,7814.716917,5459373.739264,0.0
WestA509ToEastH6.98,3531.0,773_0,4.6,0.0,3.0,10026.0,522_1,56.88,12.97,6495.0,3658.18,5840.0,78,0.0,6228.2,0,tripinfo_WestA509ToEastH6.98 emissions_WestA509ToEastH6.98,electric,0.99,0.0,0.0,0.0,0.0,0.0,0.0,0.0
WestA509ToAvebury.172,3096.0,773_0,5.1,0.0,0.0,10089.0,213_0,19.13,13.68,6993.0,2318.19,6380.0,82,0.0,6832.68,0,tripinfo_WestA509ToAvebury.172 emissions_WestA509ToAvebury.172,gasoline_euro4,1.06,1109312.049007,18292136.652619,5480.144309,453.068958,8353.63885,5834726.887181,0.0
WestA509ToAvebury.161,2898.0,773_0,4.6,0.0,0.0,10090.0,213_0,19.13,15.69,7192.0,2265.61,6634.0,81,0.0,7053.84,0,tripinfo_WestA509ToAvebury.161 emissions_WestA509ToAvebury.161,electric,1.19,0.0,0.0,0.0,0.0,0.0,0.0,0.0
WestA509ToAvebury.165,2970.0,773_0,5.1,0.0,0.0,10095.0,213_0,19.13,11.49,7125.0,2318.19,6545.0,93,0.0,6936.27,0,tripinfo_WestA509ToAvebury.165 emissions_WestA509ToAvebury.165,gasoline_euro4,0.9,1135634.055427,18693363.06379,5609.688454,463.029781,8537.22294,5962709.220944,0.0
WestA509ToAvebury.164,2952.0,773_0,5.1,0.0,0.0,10097.0,213_0,19.13,12.07,7145.0,2323.59,6552.0,83,0.0,6967.86,0,tripinfo_WestA509ToAvebury.164 emissions_WestA509ToAvebury.164,gasoline_euro4,0.96,1135992.557978,18705761.153418,5611.533603,463.432214,8543.405635,5966663.535566,0.0
WestA509ToAvebury.174,3132.0,773_0,5.1,0.0,0.0,10098.0,213_0,19.13,14.12,6966.0,2323.33,6335.0,86,0.0,6812.75,0,tripinfo_WestA509ToAvebury.174 emissions_WestA509ToAvebury.174,gasoline_euro4,1.1,1106980.986483,18270181.73801,5469.431186,452.76352,8345.92542,5827722.943913,0.0
WestA509ToAvebury.181,3258.0,773_0,5.1,0.0,0.0,10101.0,213_0,19.13,12.52,6843.0,2323.33,6187.0,89,0.0,6666.18,0,tripinfo_WestA509ToAvebury.181 emissions_WestA509ToAvebury.181,gasoline_euro4,0.96,1085402.628606,17897797.54231,5362.400345,443.459837,8175.61858,5708942.549816,0.0
WestA509ToAvebury.182,3276.0,773_0,4.6,0.0,0.0,10103.0,213_0,19.13,12.76,6827.0,2318.69,6192.0,101,0.0,6644.14,0,tripinfo_WestA509ToAvebury.182 emissions_WestA509ToAvebury.182,electric,0.92,0.0,0.0,0.0,0.0,0.0,0.0,0.0
WestA509ToAvebury.80,1440.0,773_0,4.6,0.0,0.0,10177.0,213_0,19.13,12.87,8737.0,2307.92,8195.0,74,0.0,8567.08,0,tripinfo_WestA509ToAvebury.80 emissions_WestA509ToAvebury.80,electric,0.99,0.0,0.0,0.0,0.0,0.0,0.0,0.0
WestA509ToAvebury.162,2916.0,773_0,4.6,0.0,0.0,10179.0,213_0,19.13,13.81,7263.0,2270.75,6734.0,81,0.0,7107.86,0,tripinfo_WestA509ToAvebury.162 emissions_WestA509ToAvebury.162,electric,1.07,0.0,0.0,0.0,0.0,0.0,0.0,0.0
WestA509ToAvebury.192,3456.0,773_0,5.1,0.0,0.0,10183.0,213_0,19.13,10.24,6727.0,2318.19,6039.0,86,0.0,6516.25,0,tripinfo_WestA509ToAvebury.192 emissions_WestA509ToAvebury.192,gasoline_euro4,0.8,1062013.969183,17497112.102991,5246.409001,432.806263,7988.876799,5581135.415666,0.0
WestA509ToAvebury.163,2934.0,773_0,5.1,0.0,0.0,10185.0,213_0,19.13,14.06,7251.0,2309.26,6662.0,84,0.0,7091.34,0,tripinfo_WestA509ToAvebury.163 emissions_WestA509ToAvebury.163,gasoline_euro4,1.02,1154787.401966,18954208.329933,5702.849148,469.951342,8658.443191,6045913.857315,0.0
WestA509ToAvebury.198,3564.0,773_0,5.1,0.0,0.0,10187.0,213_0,19.13,14.95,6623.0,2323.33,6007.0,86,0.0,6465.5,0,tripinfo_WestA509ToAvebury.198 emissions_WestA509ToAvebury.198,gasoline_euro4,1.08,1049366.159635,17347418.374355,5185.352819,429.528687,7922.326599,5533384.214213,0.0
WestA509ToAvebury.194,3492.0,773_0,5.1,0.0,0.0,10190.0,213_0,19.13,11.03,6698.0,2318.19,6025.0,97,0.0,6500.39,0,tripinfo_WestA509ToAvebury.194 emissions_WestA509ToAvebury.194,gasoline_euro4,0.85,1060133.426993,17520264.802244,5238.396008,433.000622,7997.098114,5588518.876109,0.0
WestA509ToAvebury.197,3546.0,773_0,5.1,0.0,0.0,10192.0,213_0,19.13,14.0,6646.0,2318.19,5946.0,92,0.0,6511.2,0,tripinfo_WestA509ToAvebury.197 emissions_WestA509ToAvebury.197,gasoline_euro4,1.25,1051350.576318,17386708.728419,5195.350054,430.485594,7940.720312,5545916.558605,0.0
WestA509ToEastH6.82,2955.0,773_0,4.6,0.0,3.0,10200.0,522_1,56.88,13.81,7245.0,3658.2,6647.0,81,0.0,6986.64,0,tripinfo_WestA509ToEastH6.82 emissions_WestA509ToEastH6.82,electric,1.03,0.0,0.0,0.0,0.0,0.0,0.0,0.0
WestA509ToEastH6.80,2883.0,773_0,5.1,0.0,3.0,10206.0,522_1,56.88,12.29,7323.0,3594.68,6766.0,73,0.0,7055.05,0,tripinfo_WestA509ToEastH6.80 emissions_WestA509ToEastH6.80,gasoline_euro4,0.97,1157097.624456,19190851.236461,5717.953323,473.152676,8743.294525,6121392.64951,0.0
WestA509ToAvebury.196,3528.0,773_0,5.1,0.0,0.0,10265.0,213_0,19.13,13.41,6737.0,2318.19,6068.0,93,0.0,6575.4,0,tripinfo_WestA509ToAvebury.196 emissions_WestA509ToAvebury.196,gasoline_euro4,1.05,1066623.642186,17619802.024445,5270.265951,436.53784,8048.536548,5620267.823762,0.0
WestA509ToAvebury.183,3294.0,773_0,4.6,0.0,0.0,10267.0,213_0,19.13,12.92,6973.0,2318.69,6331.0,95,0.0,6805.39,0,tripinfo_WestA509ToAvebury.183 emissions_WestA509ToAvebury.183,electric,1.01,0.0,0.0,0.0,0.0,0.0,0.0,0.0
WestA509ToAvebury.175,3150.0,773_0,5.1,0.0,0.0,10270.0,213_0,19.13,12.86,7120.0,2318.19,6484.0,87,0.0,6940.35,0,tripinfo_WestA509ToAvebury.175 emissions_WestA509ToAvebury.175,gasoline_euro4,0.94,1128991.014992,18567169.942477,5576.308609,459.910411,8479.008556,5922457.484247,0.0
WestA509ToAvebury.125,2250.0,773_0,5.1,0.0,0.0,10272.0,213_0,19.13,15.18,8022.0,2268.75,7446.0,87,0.0,7880.46,0,tripinfo_WestA509ToAvebury.125 emissions_WestA509ToAvebury.125,gasoline_euro4,1.16,1285615.455155,21052930.796806,6347.930988,522.987128,9622.058654,6715354.19171,0.0
WestA509ToAvebury.199,3582.0,773_0,4.6,0.0,0.0,10274.0,213_0,19.13,13.77,6692.0,2308.77,6045.0,98,0.0,6530.28,0,tripinfo_WestA509ToAvebury.199 emissions_WestA509ToAvebury.199,electric,1.04,0.0,0.0,0.0,0.0,0.0,0.0,0.0
WestA509ToAvebury.167,3006.0,773_0,5.1,0.0,0.0,10278.0,213_0,19.13,11.34,7272.0,2323.33,6632.0,93,0.0,7081.2,0,tripinfo_WestA509ToAvebury.167 emissions_WestA509ToAvebury.167,gasoline_euro4,0.89,1152230.013709,18920598.750936,5690.604715,469.011575,8643.690399,6035192.996822,0.0
WestA509ToAvebury.189,3402.0,773_0,5.1,0.0,0.0,10280.0,213_0,19.13,12.97,6878.0,2323.38,6174.0,97,0.0,6708.63,0,tripinfo_WestA509ToAvebury.189 emissions_WestA509ToAvebury.189,gasoline_euro4,1.0,1088457.691285,17959613.607089,5377.593443,444.686356,8201.741466,5728660.206453,0.0
WestA509ToAvebury.159,2862.0,773_0,5.1,0.0,0.0,10353.0,213_0,19.13,13.97,7491.0,2265.11,6879.0,82,0.0,7328.78,0,tripinfo_WestA509ToAvebury.159 emissions_WestA509ToAvebury.159,gasoline_euro4,1.02,1191010.695125,19549492.895835,5881.826698,485.082737,8933.398147,6235794.114046,0.0
WestA509ToAvebury.82,1476.0,773_0,5.1,0.0,0.0,10356.0,213_0,19.13,11.28,8880.0,2317.34,8308.0,71,0.0,8692.51,0,tripinfo_WestA509ToAvebury.82 emissions_WestA509ToAvebury.82,gasoline_euro4,0.9,1422040.929786,23164320.87572,7018.709558,576.006578,10591.356079,7388838.53179,0.0
WestA509ToAvebury.191,3438.0,773_0,4.6,0.0,0.0,10358.0,213_0,19.13,13.47,6920.0,2323.88,6328.0,85,0.0,6757.71,0,tripinfo_WestA509ToAvebury.191 emissions_WestA509ToAvebury.191,electric,1.04,0.0,0.0,0.0,0.0,0.0,0.0,0.0
WestA509ToAvebury.83,1494.0,773_0,4.6,0.0,0.0,10360.0,213_0,19.13,13.08,8866.0,2317.84,8307.0,71,0.0,8686.85,0,tripinfo_WestA509ToAvebury.83 emissions_WestA509ToAvebury.83,electric,0.94,0.0,0.0,0.0,0.0,0.0,0.0,0.0
WestA509ToAvebury.84,1512.0,773_0,4.6,0.0,0.0,10363.0,213_0,19.13,11.48,8851.0,2323.03,8281.0,71,0.0,8653.7,0,tripinfo_WestA509ToAvebury.84 emissions_WestA509ToAvebury.84,electric,0.85,0.0,0.0,0.0,0.0,0.0,0.0,0.0
WestA509ToAvebury.100,1800.0,773_0,5.1,0.0,0.0,10366.0,213_0,19.13,11.21,8566.0,2322.48,8000.0,75,0.0,8373.5,0,tripinfo_WestA509ToAvebury.100 emissions_WestA509ToAvebury.100,gasoline_euro4,0.88,1371079.052319,22367930.528283,6768.147875,556.14313,10227.21723,7134808.678223,0.0
WestA509ToAvebury.85,1530.0,773_0,5.1,0.0,0.0,10368.0,213_0,19.13,13.49,8838.0,2317.34,8269.0,71,0.0,8674.88,0,tripinfo_WestA509ToAvebury.85 emissions_WestA509ToAvebury.85,gasoline_euro4,1.04,1418548.637316,23147936.522757,7002.497323,575.748027,10584.539111,7383610.566983,0.0
WestA509ToAvebury.114,2052.0,773_0,4.6,0.0,0.0,10441.0,213_0,19.13,12.08,8389.0,2317.84,7807.0,79,0.0,8213.12,0,tripinfo_WestA509ToAvebury.114 emissions_WestA509ToAvebury.114,electric,0.96,0.0,0.0,0.0,0.0,0.0,0.0,0.0
WestA509ToAvebury.98,1764.0,773_0,5.1,0.0,0.0,10443.0,213_0,19.13,11.97,8679.0,2317.34,8112.0,78,0.0,8497.16,0,tripinfo_WestA509ToAvebury.98 emissions_WestA509ToAvebury.98,gasoline_euro4,0.93,1390601.079547,22682771.109607,6864.303318,564.02145,10371.254366,7235235.004731,0.0
WestA509ToAvebury.122,2196.0,773_0,5.1,0.0,0.0,10447.0,213_0,19.13,11.84,8251.0,2263.66,7666.0,79,0.0,8062.15,0,tripinfo_WestA509ToAvebury.122 emissions_WestA509ToAvebury.122,gasoline_euro4,0.87,1320974.050377,21546636.142541,6520.532748,535.120599,9847.514817,6872837.22873,0.0
WestA509ToAvebury.117,2106.0,773_0,5.1,0.0,0.0,10449.0,213_0,19.13,11.36,8343.0,2322.53,7734.0,83,0.0,8155.58,0,tripinfo_WestA509ToAvebury.117 emissions_WestA509ToAvebury.117,gasoline_euro4,0.9,1334725.895686,21809603.832114,6589.401682,541.920432,9970.089256,6956715.454116,0.0
WestA509ToAvebury.124,2232.0,773_0,4.6,0.0,0.0,10451.0,213_0,19.13,12.2,8219.0,2322.64,7611.0,79,0.0,8029.72,0,tripinfo_WestA509ToAvebury.124 emissions_WestA509ToAvebury.124,electric,0.89,0.0,0.0,0.0,0.0,0.0,0.0,0.0
WestA509ToAvebury.147,2646.0,773_0,4.6,0.0,0.0,10453.0,213_0,19.13,15.17,7807.0,2269.3,7206.0,77,0.0,7656.16,0,tripinfo_WestA509ToAvebury.147 emissions_WestA509ToAvebury.147,electric,1.1,0.0,0.0,0.0,0.0,0.0,0.0,0.0
WestA509ToAvebury.123,2214.0,773_0,5.1,0.0,0.0,10455.0,213_0,19.13,14.27,8241.0,2263.66,7664.0,75,0.0,8086.8,0,tripinfo_WestA509ToAvebury.123 emissions_WestA509ToAvebury.123,gasoline_euro4,1.07,1320721.511202,21595682.86717,6520.666146,536.739442,9872.691112,6888479.340912,0.0
WestA509ToAvebury.168,3024.0,773_0,4.6,0.0,0.0,10457.0,213_0,19.13,12.01,7433.0,2317.84,6741.0,77,0.0,7254.04,0,tripinfo_WestA509ToAvebury.168 emissions_WestA509ToAvebury.168,electric,0.94,0.0,0.0,0.0,0.0,0.0,0.0,0.0
WestA509ToAvebury.139,2502.0,773_0,4.6,0.0,0.0,10530.0,213_0,19.13,12.8,8028.0,2264.16,7389.0,85,0.0,7865.81,0,tripinfo_WestA509ToAvebury.139 emissions_WestA509ToAvebury.139,electric,1.0,0.0,0.0,0.0,0.0,0.0,0.0,0.0
WestA509ToAvebury.152,2736.0,773_0,4.6,0.0,0.0,10531.0,213_0,19.13,14.04,7795.0,2269.35,7151.0,85,0.0,7640.76,0,tripinfo_WestA509ToAvebury.152 emissions_WestA509ToAvebury.152,electric,1.07,0.0,0.0,0.0,0.0,0.0,0.0,0.0
WestA509ToAvebury.132,2376.0,773_0,5.1,0.0,0.0,10536.0,213_0,19.13,10.49,8160.0,2263.66,7499.0,86,0.0,7952.65,0,tripinfo_WestA509ToAvebury.132 emissions_WestA509ToAvebury.132,gasoline_euro4,0.79,1300921.246212,21228537.259588,6421.840897,526.989634,9702.191108,6771371.450636,0.0
WestA509ToAvebury.134,2412.0,773_0,4.6,0.0,0.0,10538.0,213_0,19.13,12.56,8126.0,2317.45,7443.0,98,0.0,7944.4,0,tripinfo_WestA509ToAvebury.134 emissions_WestA509ToAvebury.134,electric,0.93,0.0,0.0,0.0,0.0,0.0,0.0,0.0
WestA509ToAvebury.138,2484.0,773_0,4.6,0.0,0.0,10540.0,213_0,19.13,10.54,8056.0,2269.3,7381.0,81,0.0,7851.85,0,tripinfo_WestA509ToAvebury.138 emissions_WestA509ToAvebury.138,electric,0.81,0.0,0.0,0.0,0.0,0.0,0.0,0.0
WestA509ToAvebury.188,3384.0,773_0,4.6,0.0,0.0,10542.0,213_0,19.13,13.72,7158.0,2322.98,6373.0,100,0.0,6991.05,0,tripinfo_WestA509ToAvebury.188 emissions_WestA509ToAvebury.188,electric,1.02,0.0,0.0,0.0,0.0,0.0,0.0,0.0
WestA509ToAvebury.143,2574.0,773_0,4.6,0.0,0.0,10544.0,213_0,19.13,13.25,7970.0,2269.3,7265.0,100,0.0,7798.33,0,tripinfo_WestA509ToAvebury.143 emissions_WestA509ToAvebury.143,electric,0.96,0.0,0.0,0.0,0.0,0.0,0.0,0.0
WestA509ToAvebury.140,2520.0,773_0,4.6,0.0,0.0,10546.0,213_0,19.13,11.76,8026.0,2317.45,7336.0,94,0.0,7838.86,0,tripinfo_WestA509ToAvebury.140 emissions_WestA509ToAvebury.140,electric,0.9,0.0,0.0,0.0,0.0,0.0,0.0,0.0
WestA509ToAvebury.141,2538.0,773_0,4.6,0.0,0.0,10616.0,213_0,19.13,14.68,8078.0,2264.16,7396.0,93,0.0,7928.07,0,tripinfo_WestA509ToAvebury.141 emissions_WestA509ToAvebury.141,electric,1.1,0.0,0.0,0.0,0.0,0.0,0.0,0.0
WestA509ToAvebury.180,3240.0,773_0,5.1,0.0,0.0,10619.0,213_0,19.13,13.39,7379.0,2317.34,6640.0,85,0.0,7207.93,0,tripinfo_WestA509ToAvebury.180 emissions_WestA509ToAvebury.180,gasoline_euro4,0.99,1170643.738971,19208333.42406,5781.02163,476.333208,8775.956132,6126973.428446,0.0
WestA509ToAvebury.156,2808.0,773_0,5.1,0.0,0.0,10622.0,213_0,19.13,13.31,7814.0,2316.95,7112.0,90,0.0,7646.86,0,tripinfo_WestA509ToAvebury.156 emissions_WestA509ToAvebury.156,gasoline_euro4,1.01,1246021.202404,20420848.225628,6152.802688,506.907659,9332.218063,6513735.494225,0.0
WestA509ToAvebury.155,2790.0,773_0,5.1,0.0,0.0,10624.0,213_0,19.13,15.34,7834.0,2316.95,7109.0,93,0.0,7683.81,0,tripinfo_WestA509ToAvebury.155 emissions_WestA509ToAvebury.155,gasoline_euro4,1.13,1249063.769844,20487938.337697,6168.167125,508.441791,9362.756716,6535134.946188,0.0
WestA509ToAvebury.144,2592.0,773_0,5.1,0.0,0.0,10630.0,213_0,19.13,9.74,8038.0,2268.8,7344.0,89,0.0,7819.4,0,tripinfo_WestA509ToAvebury.144 emissions_WestA509ToAvebury.144,gasoline_euro4,0.75,1281887.668535,20928131.912328,6328.108712,519.40352,9564.866383,6675549.351857,0.0
WestA509ToAvebury.146,2628.0,773_0,5.1,0.0,0.0,10632.0,213_0,19.13,13.16,8004.0,2268.85,7314.0,97,0.0,7845.21,0,tripinfo_WestA509ToAvebury.146 emissions_WestA509ToAvebury.146,gasoline_euro4,1.04,1276525.18766,20897019.069051,6302.980409,518.682209,9550.51958,6665622.895426,0.0
WestA509ToAvebury.157,2826.0,773_0,5.1,0.0,0.0,10634.0,213_0,19.13,14.19,7808.0,2316.95,7078.0,88,0.0,7648.94,0,tripinfo_WestA509ToAvebury.157 emissions_WestA509ToAvebury.157,gasoline_euro4,1.07,1243262.662192,20421001.376409,6140.452749,506.641877,9332.286844,6513782.77787,0.0
