id,depart,departLane,departPos,departSpeed,departDelay,arrival,arrivalLane,arrivalPos,arrivalSpeed,duration,routeLength,waitingTime,waitingCount,stopTime,timeLoss,rerouteNo,devices,vType,speedFactor,CO_abs,CO2_abs,HC_abs,PMx_abs,NOx_abs,fuel_abs,electricity_abs
V6ToEastH6.0,0.0,468_1,0.0,0.0,0.0,119.0,522_1,56.88,14.14,119.0,1512.23,0.0,0,0.0,13.27,0,tripinfo_V6ToEastH6.0 emissions_V6ToEastH6.0,gasoline_euro4,1.03,4022.708954,362778.157764,26.288848,5.734656,141.22357,115709.455558,0.0
V6ToEastH6.1,12.0,468_1,0.0,0.0,0.0,132.0,522_1,56.88,14.19,120.0,1512.23,0.0,0,0.0,15.81,0,tripinfo_V6ToEastH6.1 emissions_V6ToEastH6.1,electric,1.05,0.0,0.0,0.0,0.0,0.0,0.0,0.0
V6ToEastH6.2,24.0,468_1,0.0,0.0,0.0,142.0,522_1,56.88,13.44,118.0,1512.23,0.0,0,0.0,13.15,0,tripinfo_V6ToEastH6.2 emissions_V6ToEastH6.2,electric,1.05,0.0,0.0,0.0,0.0,0.0,0.0,0.0
V6ToEastH6.3,36.0,468_1,0.0,0.0,0.0,165.0,522_1,56.88,11.95,129.0,1512.23,0.0,0,0.0,12.2,0,tripinfo_V6ToEastH6.3 emissions_V6ToEastH6.3,electric,0.94,0.0,0.0,0.0,0.0,0.0,0.0,0.0
V6ToEastH6.4,48.0,468_1,0.0,0.0,0.0,167.0,522_1,56.88,15.05,119.0,1512.23,0.0,0,0.0,24.08,0,tripinfo_V6ToEastH6.4 emissions_V6ToEastH6.4,gasoline_euro4,1.16,5508.142498,424347.815055,34.806615,7.58155,171.337365,135346.831992,0.0
EastA509ToH6.0,0.0,770_0,0.0,0.0,0.0,177.0,522_0,56.88,13.89,177.0,1483.75,53.0,2,0.0,77.82,0,tripinfo_EastA509ToH6.0 emissions_EastA509ToH6.0,electric,1.08,0.0,0.0,0.0,0.0,0.0,0.0,0.0
EastA509ToH6.1,18.0,770_0,0.0,0.0,0.0,190.0,522_0,56.88,14.45,172.0,1483.75,57.0,1,0.0,74.01,0,tripinfo_EastA509ToH6.1 emissions_EastA509ToH6.1,gasoline_euro4,1.09,13565.826075,514252.653568,73.10154,9.488369,209.286562,164026.202532,0.0
V6ToEastH6.5,60.0,468_1,0.0,0.0,0.0,205.0,522_1,56.88,11.74,145.0,1512.23,2.0,1,0.0,20.21,0,tripinfo_V6ToEastH6.5 emissions_V6ToEastH6.5,gasoline_euro4,0.87,4903.410047,355670.932723,30.328328,5.112466,136.723394,113443.756219,0.0
V6ToEastH6.7,84.0,468_1,0.0,0.0,0.0,205.0,522_0,56.88,15.95,121.0,1512.23,0.0,0,0.0,27.55,0,tripinfo_V6ToEastH6.7 emissions_V6ToEastH6.7,gasoline_euro4,1.17,5769.363648,434756.459793,36.037181,7.75249,175.833935,138666.71776,0.0
V6ToEastH6.6,72.0,468_1,0.0,0.0,0.0,209.0,522_1,56.88,11.92,137.0,1512.23,0.0,0,0.0,18.22,0,tripinfo_V6ToEastH6.6 emissions_V6ToEastH6.6,electric,0.92,0.0,0.0,0.0,0.0,0.0,0.0,0.0
V6ToEastH6.8,96.0,468_1,0.0,0.0,0.0,216.0,522_1,56.88,15.78,120.0,1512.23,3.0,1,0.0,27.65,0,tripinfo_V6ToEastH6.8 emissions_V6ToEastH6.8,electric,1.18,0.0,0.0,0.0,0.0,0.0,0.0,0.0
V6ToEastH6.9,108.0,468_1,0.0,0.0,0.0,225.0,522_1,56.88,14.18,117.0,1511.92,0.0,0,0.0,11.99,0,tripinfo_V6ToEastH6.9 emissions_V6ToEastH6.9,gasoline_euro4,1.04,3739.916156,349548.617475,24.494975,5.345976,134.443121,111489.966919,0.0
V6ToEastH6.10,120.0,468_1,0.0,0.0,0.0,239.0,522_1,56.88,14.72,119.0,1512.23,1.0,1,0.0,18.02,0,tripinfo_V6ToEastH6.10 emissions_V6ToEastH6.10,electric,1.09,0.0,0.0,0.0,0.0,0.0,0.0,0.0
SouthEvansGateToSilbury.1,18.0,526_0,0.0,0.0,0.0,259.0,215_1,19.43,10.96,241.0,1457.4,99.0,2,0.0,117.12,0,tripinfo_SouthEvansGateToSilbury.1 emissions_SouthEvansGateToSilbury.1,electric,0.86,0.0,0.0,0.0,0.0,0.0,0.0,0.0
SouthEvansGateToSilbury.0,0.0,526_0,0.0,0.0,0.0,261.0,215_1,19.43,10.66,261.0,1477.63,107.0,2,0.0,132.04,0,tripinfo_SouthEvansGateToSilbury.0 emissions_SouthEvansGateToSilbury.0,electric,0.83,0.0,0.0,0.0,0.0,0.0,0.0,0.0
SouthEvansGateToSilbury.3,54.0,526_0,0.0,0.0,0.0,263.0,215_1,19.43,13.24,209.0,1460.71,71.0,2,0.0,103.22,0,tripinfo_SouthEvansGateToSilbury.3 emissions_SouthEvansGateToSilbury.3,gasoline_euro4,1.01,18152.620148,604097.771513,96.396959,11.653159,252.582332,192683.939291,0.0
V6ToEastH6.11,132.0,468_1,0.0,0.0,0.0,273.0,522_0,56.88,10.69,141.0,1512.23,0.0,0,0.0,13.05,0,tripinfo_V6ToEastH6.11 emissions_V6ToEastH6.11,gasoline_euro4,0.85,3943.115574,345042.690064,25.722686,4.55184,129.782193,110053.778075,0.0
WestA509ToAvebury.0,0.0,773_0,0.0,0.0,0.0,276.0,213_1,19.13,14.18,276.0,2287.98,95.0,3,0.0,119.18,0,tripinfo_WestA509ToAvebury.0 emissions_WestA509ToAvebury.0,electric,1.06,0.0,0.0,0.0,0.0,0.0,0.0,0.0
V6ToEastH6.12,144.0,468_1,0.0,0.0,0.0,277.0,522_1,56.88,11.91,133.0,1512.23,0.0,0,0.0,11.81,0,tripinfo_V6ToEastH6.12 emissions_V6ToEastH6.12,electric,0.9,0.0,0.0,0.0,0.0,0.0,0.0,0.0
V6ToEastH6.13,156.0,468_1,0.0,0.0,0.0,279.0,522_1,56.88,13.35,123.0,1512.23,0.0,0,0.0,16.19,0,tripinfo_V6ToEastH6.13 emissions_V6ToEastH6.13,gasoline_euro4,1.02,4191.514359,364821.910654,27.006514,5.694888,141.865707,116361.458528,0.0
V6ToEastH6.14,168.0,468_1,0.0,0.0,0.0,297.0,522_1,56.88,12.16,129.0,1512.23,0.0,0,0.0,12.86,0,tripinfo_V6ToEastH6.14 emissions_V6ToEastH6.14,gasoline_euro4,0.94,3807.816256,352622.487016,25.016477,4.982569,133.98178,112470.871417,0.0
WestA509ToEastH6.0,3.0,773_0,0.0,0.0,3.0,302.0,522_1,56.88,12.97,299.0,2720.9,73.0,3,0.0,104.1,0,tripinfo_WestA509ToEastH6.0 emissions_WestA509ToEastH6.0,electric,1.01,0.0,0.0,0.0,0.0,0.0,0.0,0.0
V6ToEastH6.15,180.0,468_1,0.0,0.0,0.0,313.0,522_1,56.88,11.95,133.0,1512.23,0.0,0,0.0,12.73,0,tripinfo_V6ToEastH6.15 emissions_V6ToEastH6.15,gasoline_euro4,0.91,3908.713927,349798.022672,25.480456,4.964464,133.347915,111570.05773,0.0
WestA509ToEastH6.2,75.0,773_0,0.0,0.0,3.0,315.0,522_1,56.88,15.66,240.0,2720.9,20.0,3,0.0,69.28,0,tripinfo_WestA509ToEastH6.2 emissions_WestA509ToEastH6.2,gasoline_euro4,1.15,12419.073238,732081.829576,72.641941,12.67657,292.360988,233501.659625,0.0
V6ToEastH6.16,192.0,468_1,0.0,0.0,0.0,324.0,522_1,56.88,12.46,132.0,1512.23,0.0,0,0.0,15.51,0,tripinfo_V6ToEastH6.16 emissions_V6ToEastH6.16,gasoline_euro4,0.94,4246.861576,358685.044002,27.439315,5.39762,139.09262,114404.400406,0.0
SouthEvansGateToSilbury.6,108.0,526_0,0.0,0.0,0.0,344.0,215_1,19.43,14.08,236.0,1477.52,109.0,2,0.0,133.49,0,tripinfo_SouthEvansGateToSilbury.6 emissions_SouthEvansGateToSilbury.6,gasoline_euro4,1.04,23758.289452,709065.162783,123.999057,14.126893,298.306597,226165.554204,0.0
SouthEvansGateToSilbury.9,162.0,526_0,0.0,0.0,0.0,346.0,215_1,19.43,14.63,184.0,1477.59,66.0,1,0.0,88.03,0,tripinfo_SouthEvansGateToSilbury.9 emissions_SouthEvansGateToSilbury.9,electric,1.12,0.0,0.0,0.0,0.0,0.0,0.0,0.0
SouthEvansGateToSilbury.2,36.0,526_0,0.0,0.0,0.0,349.0,215_1,19.43,13.15,313.0,2410.47,91.0,5,0.0,136.66,0,tripinfo_SouthEvansGateToSilbury.2 emissions_SouthEvansGateToSilbury.2,electric,0.99,0.0,0.0,0.0,0.0,0.0,0.0,0.0
WestH6ToSaxonSt.2,24.0,524_0,0.0,0.0,0.0,351.0,771_0,56.88,13.03,327.0,2602.68,94.0,4,0.0,143.11,0,tripinfo_WestH6ToSaxonSt.2 emissions_WestH6ToSaxonSt.2,electric,1.03,0.0,0.0,0.0,0.0,0.0,0.0,0.0
SouthEvansGateToSilbury.5,90.0,526_0,0.0,0.0,0.0,351.0,215_1,19.43,12.74,261.0,2410.44,41.0,3,0.0,85.09,0,tripinfo_SouthEvansGateToSilbury.5 emissions_SouthEvansGateToSilbury.5,electric,0.99,0.0,0.0,0.0,0.0,0.0,0.0,0.0
WestH6ToSaxonSt.3,36.0,524_0,0.0,0.0,0.0,352.0,771_0,56.88,15.13,316.0,2601.42,88.0,4,0.0,148.42,0,tripinfo_WestH6ToSaxonSt.3 emissions_WestH6ToSaxonSt.3,gasoline_euro4,1.12,25117.359925,950242.42359,135.776245,18.202302,394.336709,303088.818869,0.0
EastA509ToH6.5,90.0,770_0,0.0,0.0,0.0,354.0,522_0,56.88,13.33,264.0,1483.64,132.0,2,0.0,158.83,0,tripinfo_EastA509ToH6.5 emissions_EastA509ToH6.5,gasoline_euro4,1.02,27651.147036,759958.135959,143.133894,15.597423,323.523779,242399.399414,0.0
WestH6ToSaxonSt.0,0.0,524_0,0.0,0.0,0.0,356.0,771_0,56.88,12.82,356.0,2602.7,117.0,3,0.0,155.16,0,tripinfo_WestH6ToSaxonSt.0 emissions_WestH6ToSaxonSt.0,electric,0.94,0.0,0.0,0.0,0.0,0.0,0.0,0.0
EastA509ToH6.4,72.0,770_0,0.0,0.0,0.0,356.0,522_0,56.88,15.2,284.0,1483.75,146.0,3,0.0,192.6,0,tripinfo_EastA509ToH6.4 emissions_EastA509ToH6.4,electric,1.18,0.0,0.0,0.0,0.0,0.0,0.0,0.0
WestH6ToSaxonSt.4,48.0,524_0,0.0,0.0,0.0,357.0,771_0,56.88,13.54,309.0,2602.68,81.0,2,0.0,124.4,0,tripinfo_WestH6ToSaxonSt.4 emissions_WestH6ToSaxonSt.4,electric,1.02,0.0,0.0,0.0,0.0,0.0,0.0,0.0
WestH6ToSaxonSt.6,72.0,524_0,0.0,0.0,0.0,359.0,771_0,56.88,15.21,287.0,2600.56,71.0,2,0.0,120.66,0,tripinfo_WestH6ToSaxonSt.6 emissions_WestH6ToSaxonSt.6,electric,1.13,0.0,0.0,0.0,0.0,0.0,0.0,0.0
EastA509ToH6.3,54.0,770_0,0.0,0.0,0.0,360.0,522_0,56.88,12.72,306.0,1483.64,163.0,3,0.0,195.7,0,tripinfo_EastA509ToH6.3 emissions_EastA509ToH6.3,electric,0.97,0.0,0.0,0.0,0.0,0.0,0.0,0.0
EastA509ToH6.6,108.0,770_0,0.0,0.0,0.0,364.0,522_1,56.88,13.37,256.0,1483.75,119.0,2,0.0,151.96,0,tripinfo_EastA509ToH6.6 emissions_EastA509ToH6.6,electric,1.03,0.0,0.0,0.0,0.0,0.0,0.0,0.0
EastA509ToH6.2,36.0,770_0,0.0,0.0,0.0,366.0,522_0,56.88,11.63,330.0,1483.75,176.0,3,0.0,207.5,0,tripinfo_EastA509ToH6.2 emissions_EastA509ToH6.2,electric,0.88,0.0,0.0,0.0,0.0,0.0,0.0,0.0
WestA509ToAvebury.1,18.0,773_0,0.0,0.0,0.0,367.0,213_1,19.13,12.05,349.0,2332.43,134.0,4,0.0,168.39,0,tripinfo_WestA509ToAvebury.1 emissions_WestA509ToAvebury.1,electric,0.94,0.0,0.0,0.0,0.0,0.0,0.0,0.0
SouthEvansGateToSilbury.4,72.0,526_0,0.0,0.0,0.0,368.0,215_0,19.43,11.88,296.0,1471.76,148.0,4,0.0,181.32,0,tripinfo_SouthEvansGateToSilbury.4 emissions_SouthEvansGateToSilbury.4,gasoline_euro4,0.93,30833.999778,799513.997467,158.759583,16.334023,341.088681,255017.47036,0.0
WestA509ToAvebury.4,72.0,773_0,0.0,0.0,0.0,369.0,213_1,19.13,12.39,297.0,2287.98,91.0,3,0.0,121.62,0,tripinfo_WestA509ToAvebury.4 emissions_WestA509ToAvebury.4,electric,0.95,0.0,0.0,0.0,0.0,0.0,0.0,0.0
V6ToEastH6.17,204.0,468_1,0.0,0.0,0.0,373.0,522_1,56.88,13.9,169.0,2060.88,0.0,0,0.0,19.75,0,tripinfo_V6ToEastH6.17 emissions_V6ToEastH6.17,electric,1.01,0.0,0.0,0.0,0.0,0.0,0.0,0.0
V6ToEastH6.18,216.0,468_1,0.0,0.0,0.0,379.0,522_1,56.88,13.85,163.0,2031.44,0.0,0,0.0,17.41,0,tripinfo_V6ToEastH6.18 emissions_V6ToEastH6.18,gasoline_euro4,1.02,5032.611806,468311.813423,32.971412,7.054226,179.635996,149370.107938,0.0
V6ToEastH6.21,252.0,468_1,0.0,0.0,0.0,384.0,522_1,56.88,12.03,132.0,1512.23,0.0,0,0.0,17.64,0,tripinfo_V6ToEastH6.21 emissions_V6ToEastH6.21,gasoline_euro4,0.96,4694.949082,379213.285461,30.083535,6.048153,149.636539,120951.712347,0.0
V6ToEastH6.22,264.0,468_1,0.0,0.0,0.0,386.0,522_1,56.88,12.98,122.0,1512.23,0.0,0,0.0,13.77,0,tripinfo_V6ToEastH6.22 emissions_V6ToEastH6.22,gasoline_euro4,1.01,3795.028622,358452.264563,25.166146,5.4238,137.793662,114329.893049,0.0
V6ToEastH6.19,228.0,468_1,0.0,0.0,0.0,405.0,522_1,56.88,13.79,177.0,2060.88,0.0,0,0.0,26.98,0,tripinfo_V6ToEastH6.19 emissions_V6ToEastH6.19,gasoline_euro4,1.01,6366.39767,510690.075297,39.995664,7.851958,197.775026,162887.175864,0.0
V6ToEastH6.20,240.0,468_1,0.0,0.0,0.0,409.0,522_1,56.88,13.5,169.0,2060.88,2.0,1,0.0,26.36,0,tripinfo_V6ToEastH6.20 emissions_V6ToEastH6.20,electric,1.06,0.0,0.0,0.0,0.0,0.0,0.0,0.0
EastAveburyToWestA509.0,200.0,483_1,0.0,0.0,0.0,412.0,774_0,29.75,14.1,212.0,2241.69,24.0,1,0.0,51.79,0,tripinfo_EastAveburyToWestA509.0 emissions_EastAveburyToWestA509.0,gasoline_euro4,1.03,10971.292403,630419.46824,63.556871,10.437275,249.507358,201076.544844,0.0
WestA509ToAvebury.2,39.0,773_0,0.0,0.0,3.0,417.0,213_0,19.13,12.43,378.0,2286.74,166.0,4,0.0,201.86,0,tripinfo_WestA509ToAvebury.2 emissions_WestA509ToAvebury.2,gasoline_euro4,0.94,35596.456637,1024315.932313,185.468927,20.232257,431.210271,326719.944509,0.0
WestA509ToAvebury.3,54.0,773_0,0.0,0.0,0.0,420.0,213_0,19.13,11.76,366.0,2323.29,134.0,3,0.0,175.84,0,tripinfo_WestA509ToAvebury.3 emissions_WestA509ToAvebury.3,gasoline_euro4,0.89,30842.940653,943339.066748,162.078023,17.740984,391.859538,300891.027863,0.0
WestA509ToAvebury.6,111.0,773_0,0.0,0.0,3.0,421.0,213_0,19.13,13.57,310.0,2322.58,89.0,4,0.0,155.61,0,tripinfo_WestA509ToAvebury.6 emissions_WestA509ToAvebury.6,electric,1.09,0.0,0.0,0.0,0.0,0.0,0.0,0.0
WestA509ToAvebury.9,162.0,773_0,0.0,0.0,0.0,423.0,213_0,19.13,13.14,261.0,2279.03,41.0,5,0.0,97.8,0,tripinfo_WestA509ToAvebury.9 emissions_WestA509ToAvebury.9,electric,1.02,0.0,0.0,0.0,0.0,0.0,0.0,0.0
WestH6ToSaxonSt.8,96.0,524_0,0.0,0.0,0.0,428.0,771_0,56.88,15.07,332.0,2600.53,118.0,4,0.0,161.68,0,tripinfo_WestH6ToSaxonSt.8 emissions_WestH6ToSaxonSt.8,gasoline_euro4,1.1,28573.939006,1003062.706254,152.493282,19.145126,414.392206,319937.786903,0.0
SouthEvansGateToSilbury.13,234.0,526_0,0.0,0.0,0.0,433.0,215_1,19.43,10.97,199.0,1477.59,52.0,2,0.0,70.94,0,tripinfo_SouthEvansGateToSilbury.13 emissions_SouthEvansGateToSilbury.13,electric,0.83,0.0,0.0,0.0,0.0,0.0,0.0,0.0
SouthEvansGateToSilbury.10,180.0,526_0,0.0,0.0,0.0,435.0,215_1,19.43,12.94,255.0,1477.62,120.0,2,0.0,150.08,0,tripinfo_SouthEvansGateToSilbury.10 emissions_SouthEvansGateToSilbury.10,electric,1.02,0.0,0.0,0.0,0.0,0.0,0.0,0.0
SouthEvansGateToSilbury.7,126.0,526_0,0.0,0.0,0.0,437.0,215_1,19.43,12.17,311.0,2410.45,81.0,3,0.0,111.59,0,tripinfo_SouthEvansGateToSilbury.7 emissions_SouthEvansGateToSilbury.7,electric,0.88,0.0,0.0,0.0,0.0,0.0,0.0,0.0
WestH6ToSaxonSt.7,84.0,524_0,0.0,0.0,0.0,444.0,771_0,56.88,13.14,360.0,2603.36,119.0,3,0.0,172.94,0,tripinfo_WestH6ToSaxonSt.7 emissions_WestH6ToSaxonSt.7,gasoline_euro4,1.01,29025.25718,997530.943371,154.636902,18.650737,412.119507,318174.126635,0.0
WestA509ToEastH6.1,36.0,773_0,0.0,0.0,0.0,446.0,522_0,56.88,11.75,410.0,2716.24,158.0,4,0.0,198.29,0,tripinfo_WestA509ToEastH6.1 emissions_WestA509ToEastH6.1,electric,0.93,0.0,0.0,0.0,0.0,0.0,0.0,0.0
WestH6ToSaxonSt.11,132.0,524_0,0.0,0.0,0.0,446.0,771_0,56.88,15.49,314.0,2602.7,79.0,2,0.0,153.0,0,tripinfo_WestH6ToSaxonSt.11 emissions_WestH6ToSaxonSt.11,gasoline_euro4,1.17,23716.042092,937792.66712,129.470559,17.793239,389.283332,299117.334882,0.0
WestH6ToSaxonSt.1,12.0,524_0,0.0,0.0,0.0,447.0,771_1,56.88,11.92,435.0,2587.05,190.0,3,0.0,224.03,0,tripinfo_WestH6ToSaxonSt.1 emissions_WestH6ToSaxonSt.1,electric,0.89,0.0,0.0,0.0,0.0,0.0,0.0,0.0
EastA509ToH6.8,144.0,770_0,0.0,0.0,0.0,447.0,522_1,56.88,13.31,303.0,1483.82,154.0,4,0.0,194.86,0,tripinfo_EastA509ToH6.8 emissions_EastA509ToH6.8,gasoline_euro4,1.0,32479.047392,845561.08373,167.336253,17.610567,362.970568,269704.422703,0.0
WestH6ToSaxonSt.5,60.0,524_0,0.0,0.0,0.0,454.0,771_0,56.88,11.2,394.0,2602.67,129.0,4,0.0,166.57,0,tripinfo_WestH6ToSaxonSt.5 emissions_WestH6ToSaxonSt.5,electric,0.83,0.0,0.0,0.0,0.0,0.0,0.0,0.0
EastA509ToH6.7,126.0,770_0,0.0,0.0,0.0,454.0,522_0,56.88,11.67,328.0,1483.77,170.0,3,0.0,201.79,0,tripinfo_EastA509ToH6.7 emissions_EastA509ToH6.7,electric,0.85,0.0,0.0,0.0,0.0,0.0,0.0,0.0
WestH6ToSaxonSt.9,108.0,524_0,0.0,0.0,0.0,456.0,771_0,56.88,12.41,348.0,2602.68,92.0,4,0.0,151.56,0,tripinfo_WestH6ToSaxonSt.9 emissions_WestH6ToSaxonSt.9,electric,0.96,0.0,0.0,0.0,0.0,0.0,0.0,0.0
V6ToEastH6.23,276.0,468_1,0.0,0.0,0.0,457.0,522_1,56.88,12.95,181.0,2031.44,12.0,1,0.0,34.09,0,tripinfo_V6ToEastH6.23 emissions_V6ToEastH6.23,gasoline_euro4,1.01,7851.075975,533854.82177,47.425768,8.471943,208.661927,170276.155583,0.0
WestH6ToSaxonSt.10,120.0,524_0,0.0,0.0,0.0,458.0,771_0,56.88,13.65,338.0,2602.68,80.0,4,0.0,149.06,0,tripinfo_WestH6ToSaxonSt.10 emissions_WestH6ToSaxonSt.10,gasoline_euro4,1.0,24912.016449,942281.722028,134.871598,17.442482,389.174586,300550.315427,0.0
WestA509ToAvebury.5,90.0,773_0,0.0,0.0,0.0,460.0,213_1,19.13,13.02,370.0,2332.43,159.0,5,0.0,195.8,0,tripinfo_WestA509ToAvebury.5 emissions_WestA509ToAvebury.5,gasoline_euro4,0.97,34198.944957,1008475.136482,178.396981,19.504682,420.703235,321667.266477,0.0
WestH6ToSaxonSt.12,144.0,524_0,0.0,0.0,0.0,460.0,771_0,56.88,14.11,316.0,2601.42,88.0,3,0.0,143.79,0,tripinfo_WestH6ToSaxonSt.12 emissions_WestH6ToSaxonSt.12,electric,1.1,0.0,0.0,0.0,0.0,0.0,0.0,0.0
V6ToEastH6.24,288.0,468_1,0.0,0.0,0.0,470.0,522_1,56.88,15.46,182.0,2311.67,0.0,0,0.0,37.46,0,tripinfo_V6ToEastH6.24 emissions_V6ToEastH6.24,electric,1.18,0.0,0.0,0.0,0.0,0.0,0.0,0.0
V6ToEastH6.25,300.0,468_1,0.0,0.0,0.0,484.0,522_1,56.88,14.06,184.0,2060.88,4.0,2,0.0,36.48,0,tripinfo_V6ToEastH6.25 emissions_V6ToEastH6.25,gasoline_euro4,1.02,7322.406399,519227.717275,44.811973,8.237807,203.558517,165610.526636,0.0
WestA509ToEastH6.3,108.0,773_0,0.0,0.0,0.0,488.0,522_1,56.88,12.47,380.0,2765.35,115.0,4,0.0,158.57,0,tripinfo_WestA509ToEastH6.3 emissions_WestA509ToEastH6.3,electric,0.9,0.0,0.0,0.0,0.0,0.0,0.0,0.0
WestA509ToEastH6.4,144.0,773_0,0.0,0.0,0.0,490.0,522_1,56.88,13.31,346.0,2720.9,98.0,3,0.0,152.49,0,tripinfo_WestA509ToEastH6.4 emissions_WestA509ToEastH6.4,gasoline_euro4,1.02,25886.158146,970757.332268,139.491289,17.722058,397.572331,309633.379894,0.0
V6ToEastH6.30,360.0,468_1,0.0,0.0,0.0,492.0,522_1,56.88,12.39,132.0,1512.23,0.0,0,0.0,18.73,0,tripinfo_V6ToEastH6.30 emissions_V6ToEastH6.30,electric,0.96,0.0,0.0,0.0,0.0,0.0,0.0,0.0
EastA509ToH6.9,162.0,770_0,0.0,0.0,0.0,494.0,522_1,56.88,13.9,332.0,2408.85,107.0,5,0.0,170.72,0,tripinfo_EastA509ToH6.9 emissions_EastA509ToH6.9,electric,1.08,0.0,0.0,0.0,0.0,0.0,0.0,0.0
V6ToEastH6.26,312.0,468_1,0.0,0.0,0.0,496.0,522_1,56.88,13.71,184.0,2060.88,2.0,1,0.0,37.96,0,tripinfo_V6ToEastH6.26 emissions_V6ToEastH6.26,electric,1.03,0.0,0.0,0.0,0.0,0.0,0.0,0.0
V6ToEastH6.31,372.0,468_1,0.0,0.0,0.0,499.0,522_1,56.88,14.54,127.0,1512.23,0.0,0,0.0,25.49,0,tripinfo_V6ToEastH6.31 emissions_V6ToEastH6.31,electric,1.08,0.0,0.0,0.0,0.0,0.0,0.0,0.0
EastAveburyToWestA509.2,217.0,483_1,0.0,0.0,0.0,501.0,774_0,29.75,13.78,284.0,2241.69,78.0,3,0.0,118.0,0,tripinfo_EastAveburyToWestA509.2 emissions_EastAveburyToWestA509.2,gasoline_euro4,1.0,21773.223291,811604.333366,117.607263,15.150951,334.902427,258869.560311,0.0
EastAveburyToWestA509.10,285.0,483_1,0.0,0.0,0.0,504.0,774_1,29.75,14.28,219.0,2238.64,12.0,2,0.0,67.67,0,tripinfo_EastAveburyToWestA509.10 emissions_EastAveburyToWestA509.10,electric,1.1,0.0,0.0,0.0,0.0,0.0,0.0,0.0
EastAveburyToWestA509.4,234.0,483_1,0.0,0.0,0.0,507.0,774_0,29.75,11.99,273.0,2241.68,52.0,3,0.0,93.56,0,tripinfo_EastAveburyToWestA509.4 emissions_EastAveburyToWestA509.4,gasoline_euro4,0.92,17372.660253,715552.547487,95.376712,12.321545,289.373599,228232.849436,0.0
EastAveburyToWestA509.16,336.0,483_1,0.0,0.0,0.0,508.0,774_1,29.75,15.66,172.0,2250.42,0.0,0,0.0,29.05,0,tripinfo_EastAveburyToWestA509.16 emissions_EastAveburyToWestA509.16,gasoline_euro4,1.16,6943.303726,582430.939053,44.23651,9.554647,227.400962,185768.470296,0.0
EastAveburyToWestA509.6,251.0,483_0,0.0,0.0,0.0,513.0,774_0,29.75,12.42,262.0,2264.22,44.0,1,0.0,79.42,0,tripinfo_EastAveburyToWestA509.6 emissions_EastAveburyToWestA509.6,gasoline_euro4,0.91,15423.520904,707925.50242,86.145752,11.79741,283.351507,225799.479956,0.0
V6ToEastH6.32,384.0,468_1,0.0,0.0,0.0,513.0,522_1,56.88,13.43,129.0,1512.23,1.0,1,0.0,25.19,0,tripinfo_V6ToEastH6.32 emissions_V6ToEastH6.32,electric,1.05,0.0,0.0,0.0,0.0,0.0,0.0,0.0
WestH6ToSaxonSt.18,216.0,524_0,0.0,0.0,0.0,514.0,771_0,56.88,15.29,298.0,2600.55,98.0,3,0.0,133.87,0,tripinfo_WestH6ToSaxonSt.18 emissions_WestH6ToSaxonSt.18,gasoline_euro4,1.15,24604.132152,938896.970893,132.620875,17.841848,386.169222,299470.149126,0.0
V6ToEastH6.29,348.0,468_1,0.0,0.0,0.0,519.0,522_1,56.88,13.11,171.0,2060.88,0.0,0,0.0,21.11,0,tripinfo_V6ToEastH6.29 emissions_V6ToEastH6.29,gasoline_euro4,1.0,5761.861636,503653.734364,37.024738,7.808441,195.545482,160642.483355,0.0
SouthEvansGateToSilbury.12,216.0,526_0,0.0,0.0,0.0,520.0,215_1,19.43,12.94,304.0,2430.15,89.0,3,0.0,124.67,0,tripinfo_SouthEvansGateToSilbury.12 emissions_SouthEvansGateToSilbury.12,electric,0.98,0.0,0.0,0.0,0.0,0.0,0.0,0.0
EastAveburyToWestA509.7,259.0,483_0,0.0,0.0,0.0,522.0,774_0,29.75,11.99,263.0,2254.74,40.0,2,0.0,78.32,0,tripinfo_EastAveburyToWestA509.7 emissions_EastAveburyToWestA509.7,electric,0.89,0.0,0.0,0.0,0.0,0.0,0.0,0.0
SouthEvansGateToSilbury.16,288.0,526_0,0.0,0.0,0.0,522.0,215_1,19.43,13.81,234.0,1477.6,100.0,2,0.0,127.6,0,tripinfo_SouthEvansGateToSilbury.16 emissions_SouthEvansGateToSilbury.16,gasoline_euro4,1.0,22384.081772,678622.810815,117.30726,13.453016,285.463348,216455.460065,0.0
SouthEvansGateToSilbury.8,144.0,526_0,0.0,0.0,0.0,524.0,215_1,19.43,13.66,380.0,2410.46,167.0,4,0.0,206.27,0,tripinfo_SouthEvansGateToSilbury.8 emissions_SouthEvansGateToSilbury.8,gasoline_euro4,1.0,35441.659738,1043518.320248,184.859524,20.423118,436.749991,332844.539272,0.0
V6ToEastH6.28,336.0,468_1,0.0,0.0,0.0,524.0,522_1,56.88,12.62,188.0,2058.25,5.0,1,0.0,30.59,0,tripinfo_V6ToEastH6.28 emissions_V6ToEastH6.28,gasoline_euro4,0.95,6943.445371,495848.678691,42.523528,7.705059,193.623103,158153.815859,0.0
V6ToEastH6.34,408.0,468_1,0.0,0.0,0.0,526.0,522_1,56.88,14.64,118.0,1512.23,0.0,0,0.0,17.96,0,tripinfo_V6ToEastH6.34 emissions_V6ToEastH6.34,electric,1.09,0.0,0.0,0.0,0.0,0.0,0.0,0.0
SouthEvansGateToSilbury.11,198.0,526_0,0.0,0.0,0.0,527.0,215_1,19.43,13.6,329.0,2410.44,104.0,4,0.0,151.29,0,tripinfo_SouthEvansGateToSilbury.11 emissions_SouthEvansGateToSilbury.11,electric,0.98,0.0,0.0,0.0,0.0,0.0,0.0,0.0
WestH6ToSaxonSt.17,204.0,524_0,0.0,0.0,0.0,527.0,771_0,56.88,13.35,323.0,2602.68,88.0,4,0.0,131.28,0,tripinfo_WestH6ToSaxonSt.17 emissions_WestH6ToSaxonSt.17,gasoline_euro4,0.98,24292.538243,927124.236767,131.422582,16.94597,379.984624,295715.852336,0.0
WestH6ToSaxonSt.13,156.0,524_0,0.0,0.0,0.0,530.0,771_0,56.88,12.77,374.0,2602.65,133.0,5,0.0,179.89,0,tripinfo_WestH6ToSaxonSt.13 emissions_WestH6ToSaxonSt.13,electric,0.97,0.0,0.0,0.0,0.0,0.0,0.0,0.0
SouthEvansGateToSilbury.20,360.0,526_0,0.0,0.0,0.0,530.0,215_1,19.43,13.73,170.0,1477.52,53.0,1,0.0,69.66,0,tripinfo_SouthEvansGateToSilbury.20 emissions_SouthEvansGateToSilbury.20,electric,1.07,0.0,0.0,0.0,0.0,0.0,0.0,0.0
EastA509ToH6.11,198.0,770_0,0.0,0.0,0.0,533.0,522_0,56.88,12.6,335.0,1483.75,193.0,3,0.0,222.38,0,tripinfo_EastA509ToH6.11 emissions_EastA509ToH6.11,gasoline_euro4,0.96,37929.240616,926323.494844,193.783471,19.283142,396.875092,295466.361967,0.0
WestH6ToSaxonSt.16,192.0,524_0,0.0,0.0,0.0,534.0,771_0,56.88,12.82,342.0,2602.65,99.0,4,0.0,148.3,0,tripinfo_WestH6ToSaxonSt.16 emissions_WestH6ToSaxonSt.16,gasoline_euro4,0.97,26010.962997,937304.52438,139.349243,17.167855,384.480672,298963.833224,0.0
V6ToEastH6.35,420.0,468_1,0.0,0.0,0.0,535.0,522_1,56.88,14.84,115.0,1512.23,0.0,0,0.0,13.48,0,tripinfo_V6ToEastH6.35 emissions_V6ToEastH6.35,electric,1.08,0.0,0.0,0.0,0.0,0.0,0.0,0.0
V6ToEastH6.27,324.0,468_1,0.0,0.0,0.0,536.0,522_1,56.88,15.86,212.0,2031.44,64.0,1,0.0,91.31,0,tripinfo_V6ToEastH6.27 emissions_V6ToEastH6.27,electric,1.23,0.0,0.0,0.0,0.0,0.0,0.0,0.0
WestH6ToSaxonSt.15,180.0,524_0,0.0,0.0,0.0,539.0,771_0,56.88,12.22,359.0,2602.7,100.0,4,0.0,153.4,0,tripinfo_WestH6ToSaxonSt.15 emissions_WestH6ToSaxonSt.15,electric,0.91,0.0,0.0,0.0,0.0,0.0,0.0,0.0
WestA509ToAvebury.8,147.0,773_0,0.0,0.0,3.0,540.0,213_1,19.13,14.63,393.0,2288.59,190.0,6,0.0,247.87,0,tripinfo_WestA509ToAvebury.8 emissions_WestA509ToAvebury.8,gasoline_euro4,1.14,41673.614116,1167878.898783,216.348732,24.232335,497.843106,372510.722255,0.0
WestH6ToSaxonSt.19,228.0,524_0,0.0,0.0,0.0,541.0,771_0,56.88,14.05,313.0,2600.56,85.0,3,0.0,128.75,0,tripinfo_WestH6ToSaxonSt.19 emissions_WestH6ToSaxonSt.19,electric,1.02,0.0,0.0,0.0,0.0,0.0,0.0,0.0
WestH6ToSaxonSt.14,168.0,524_0,0.0,0.0,0.0,543.0,771_0,56.88,13.34,375.0,2601.22,115.0,4,0.0,184.5,0,tripinfo_WestH6ToSaxonSt.14 emissions_WestH6ToSaxonSt.14,gasoline_euro4,0.99,30841.318417,1052225.820569,164.351692,20.018777,437.986889,335619.395507,0.0
WestA509ToAvebury.11,198.0,773_0,0.0,0.0,0.0,543.0,213_1,19.13,13.93,345.0,2332.43,145.0,4,0.0,184.2,0,tripinfo_WestA509ToAvebury.11 emissions_WestA509ToAvebury.11,electric,1.06,0.0,0.0,0.0,0.0,0.0,0.0,0.0
EastA509ToH6.12,216.0,770_0,0.0,0.0,0.0,543.0,522_0,56.88,13.19,327.0,1483.64,180.0,4,0.0,216.19,0,tripinfo_EastA509ToH6.12 emissions_EastA509ToH6.12,gasoline_euro4,0.97,36973.650106,919240.041556,189.410164,19.261961,395.058065,293206.380207,0.0
EastA509ToH6.15,270.0,770_0,0.0,0.0,0.0,546.0,522_1,56.88,13.84,276.0,1483.69,129.0,3,0.0,174.79,0,tripinfo_EastA509ToH6.15 emissions_EastA509ToH6.15,gasoline_euro4,1.06,28849.214596,805607.21079,149.801079,16.510863,343.339062,256959.544742,0.0
EastA509ToH6.13,234.0,770_0,0.0,0.0,0.0,547.0,522_0,56.88,11.57,313.0,1483.64,159.0,4,0.0,192.31,0,tripinfo_EastA509ToH6.13 emissions_EastA509ToH6.13,electric,0.89,0.0,0.0,0.0,0.0,0.0,0.0,0.0
WestA509ToEastH6.8,288.0,773_0,0.0,0.0,0.0,553.0,522_1,56.88,12.4,265.0,2762.5,19.0,1,0.0,46.85,0,tripinfo_WestA509ToEastH6.8 emissions_WestA509ToEastH6.8,gasoline_euro4,0.92,10674.083104,685382.763157,63.909071,10.410457,266.284191,218607.806726,0.0
WestA509ToEastH6.6,216.0,773_0,0.0,0.0,0.0,556.0,522_1,56.88,13.41,340.0,2716.14,111.0,3,0.0,150.45,0,tripinfo_WestA509ToEastH6.6 emissions_WestA509ToEastH6.6,electric,1.03,0.0,0.0,0.0,0.0,0.0,0.0,0.0
EastA509ToH6.14,252.0,770_0,0.0,0.0,0.0,556.0,522_0,56.88,13.1,304.0,1483.82,142.0,5,0.0,193.02,0,tripinfo_EastA509ToH6.14 emissions_EastA509ToH6.14,electric,0.97,0.0,0.0,0.0,0.0,0.0,0.0,0.0
WestA509ToEastH6.7,252.0,773_0,0.0,0.0,0.0,575.0,522_0,56.88,14.36,323.0,2720.9,83.0,3,0.0,147.61,0,tripinfo_WestA509ToEastH6.7 emissions_WestA509ToEastH6.7,gasoline_euro4,1.12,23937.096686,948609.47863,130.119469,17.460193,388.079687,302568.110435,0.0
WestA509ToEastH6.5,180.0,773_0,0.0,0.0,0.0,576.0,522_0,56.88,11.36,396.0,2720.9,134.0,3,0.0,173.0,0,tripinfo_WestA509ToEastH6.5 emissions_WestA509ToEastH6.5,electric,0.88,0.0,0.0,0.0,0.0,0.0,0.0,0.0
EastAveburyToWestA509.20,370.0,483_1,0.0,0.0,0.0,581.0,774_0,29.75,16.37,211.0,2238.62,23.0,2,0.0,71.09,0,tripinfo_EastAveburyToWestA509.20 emissions_EastAveburyToWestA509.20,electric,1.18,0.0,0.0,0.0,0.0,0.0,0.0,0.0
EastAveburyToWestA509.11,293.0,483_1,0.0,0.0,0.0,585.0,774_0,29.75,14.93,292.0,2238.85,99.0,5,0.0,144.07,0,tripinfo_EastAveburyToWestA509.11 emissions_EastAveburyToWestA509.11,electric,1.1,0.0,0.0,0.0,0.0,0.0,0.0,0.0
V6ToEastH6.37,444.0,468_1,0.0,0.0,0.0,587.0,522_0,56.88,11.54,143.0,1511.92,0.0,0,0.0,12.68,0,tripinfo_V6ToEastH6.37 emissions_V6ToEastH6.37,gasoline_euro4,0.84,4107.049551,340542.31489,26.481682,4.711422,130.137942,108618.175172,0.0
V6ToEastH6.38,456.0,468_1,0.0,0.0,0.0,587.0,522_1,56.88,14.22,131.0,1512.23,0.0,0,0.0,24.92,0,tripinfo_V6ToEastH6.38 emissions_V6ToEastH6.38,electric,1.03,0.0,0.0,0.0,0.0,0.0,0.0,0.0
EastAveburyToWestA509.13,310.0,483_0,0.0,0.0,0.0,589.0,774_0,29.75,15.52,279.0,2257.78,91.0,3,0.0,131.57,0,tripinfo_EastAveburyToWestA509.13 emissions_EastAveburyToWestA509.13,electric,1.12,0.0,0.0,0.0,0.0,0.0,0.0,0.0
V6ToEastH6.33,396.0,468_1,0.0,0.0,0.0,590.0,522_1,56.88,11.48,194.0,2060.88,0.0,0,0.0,25.08,0,tripinfo_V6ToEastH6.33 emissions_V6ToEastH6.33,gasoline_euro4,0.89,6263.820048,495505.180029,39.721452,7.297618,191.843786,158044.276894,0.0
EastAveburyToWestA509.1,208.0,483_1,0.0,0.0,0.0,595.0,774_2,29.75,14.67,387.0,2218.4,198.0,5,0.0,238.61,0,tripinfo_EastAveburyToWestA509.1 emissions_EastAveburyToWestA509.1,gasoline_euro4,1.09,41045.966089,1108517.443672,211.797734,22.768766,469.85889,353577.809612,0.0
WestA509ToAvebury.7,126.0,773_0,0.0,0.0,0.0,597.0,213_0,19.13,12.11,471.0,2288.83,251.0,4,0.0,286.59,0,tripinfo_WestA509ToAvebury.7 emissions_WestA509ToAvebury.7,electric,0.9,0.0,0.0,0.0,0.0,0.0,0.0,0.0
EastAveburyToWestA509.3,225.0,483_1,0.0,0.0,0.0,600.0,774_2,29.75,14.08,375.0,2215.02,180.0,5,0.0,221.18,0,tripinfo_EastAveburyToWestA509.3 emissions_EastAveburyToWestA509.3,gasoline_euro4,1.04,38186.066011,1061737.355726,198.107096,21.717084,450.767184,338656.028214,0.0
EastAveburyToWestA509.8,268.0,483_1,0.0,0.0,0.0,606.0,774_1,29.75,13.08,338.0,2215.5,129.0,4,0.0,182.23,0,tripinfo_EastAveburyToWestA509.8 emissions_EastAveburyToWestA509.8,electric,1.03,0.0,0.0,0.0,0.0,0.0,0.0,0.0
WestH6ToSaxonSt.24,288.0,524_0,0.0,0.0,0.0,606.0,771_0,56.88,14.43,318.0,2602.7,104.0,4,0.0,141.98,0,tripinfo_WestH6ToSaxonSt.24 emissions_WestH6ToSaxonSt.24,electric,1.07,0.0,0.0,0.0,0.0,0.0,0.0,0.0
SouthEvansGateToSilbury.15,270.0,526_0,0.0,0.0,0.0,608.0,215_1,19.43,12.12,338.0,2430.19,118.0,2,0.0,149.35,0,tripinfo_SouthEvansGateToSilbury.15 emissions_SouthEvansGateToSilbury.15,gasoline_euro4,0.93,27333.526252,911597.53278,145.181832,17.022984,376.932464,290765.229189,0.0
EastAveburyToWestA509.5,242.0,483_1,0.0,0.0,0.0,610.0,774_1,29.75,13.68,368.0,2218.4,157.0,4,0.0,208.76,0,tripinfo_EastAveburyToWestA509.5 emissions_EastAveburyToWestA509.5,electric,1.01,0.0,0.0,0.0,0.0,0.0,0.0,0.0
SouthEvansGateToSilbury.19,342.0,526_0,0.0,0.0,0.0,610.0,215_1,19.43,12.75,268.0,2430.22,48.0,2,0.0,80.96,0,tripinfo_SouthEvansGateToSilbury.19 emissions_SouthEvansGateToSilbury.19,gasoline_euro4,0.94,15362.785319,715934.57684,86.027929,11.948793,285.979979,228353.906352,0.0
SouthEvansGateToSilbury.18,324.0,526_0,0.0,0.0,0.0,612.0,215_1,19.43,13.94,288.0,2410.51,75.0,4,0.0,119.52,0,tripinfo_SouthEvansGateToSilbury.18 emissions_SouthEvansGateToSilbury.18,gasoline_euro4,1.04,21676.069627,837882.971046,117.35664,15.471702,343.772561,267251.060439,0.0
WestH6ToSaxonSt.26,312.0,524_0,0.0,0.0,0.0,614.0,771_0,56.88,12.89,302.0,2602.68,79.0,2,0.0,114.99,0,tripinfo_WestH6ToSaxonSt.26 emissions_WestH6ToSaxonSt.26,electric,1.01,0.0,0.0,0.0,0.0,0.0,0.0,0.0
WestH6ToSaxonSt.20,240.0,524_0,0.0,0.0,0.0,615.0,771_0,56.88,14.33,375.0,2603.31,142.0,5,0.0,202.59,0,tripinfo_WestH6ToSaxonSt.20 emissions_WestH6ToSaxonSt.20,electric,1.09,0.0,0.0,0.0,0.0,0.0,0.0,0.0
SouthEvansGateToSilbury.17,306.0,526_0,0.0,0.0,0.0,615.0,215_1,19.43,10.73,309.0,2430.12,64.0,2,0.0,96.04,0,tripinfo_SouthEvansGateToSilbury.17 emissions_SouthEvansGateToSilbury.17,gasoline_euro4,0.82,18893.079689,767778.18353,103.649234,12.662019,307.851926,244891.525173,0.0
EastA509ToH6.19,342.0,770_0,0.0,0.0,0.0,615.0,522_0,56.88,15.34,273.0,1483.69,142.0,3,0.0,178.39,0,tripinfo_EastA509ToH6.19 emissions_EastA509ToH6.19,electric,1.13,0.0,0.0,0.0,0.0,0.0,0.0,0.0
SouthEvansGateToSilbury.14,252.0,526_0,0.0,0.0,0.0,617.0,215_1,19.43,13.21,365.0,2410.44,135.0,5,0.0,181.66,0,tripinfo_SouthEvansGateToSilbury.14 emissions_SouthEvansGateToSilbury.14,gasoline_euro4,0.95,31771.144596,995364.225672,167.487193,19.18698,416.206957,317484.139513,0.0
WestH6ToSaxonSt.23,276.0,524_0,0.0,0.0,0.0,618.0,771_0,56.88,14.3,342.0,2602.7,109.0,6,0.0,170.36,0,tripinfo_WestH6ToSaxonSt.23 emissions_WestH6ToSaxonSt.23,electric,1.1,0.0,0.0,0.0,0.0,0.0,0.0,0.0
WestH6ToSaxonSt.25,300.0,524_0,0.0,0.0,0.0,620.0,771_0,56.88,14.23,320.0,2602.68,84.0,5,0.0,137.75,0,tripinfo_WestH6ToSaxonSt.25 emissions_WestH6ToSaxonSt.25,gasoline_euro4,1.03,24340.398586,933737.080287,131.540909,17.22475,383.148068,297824.783883,0.0
WestH6ToSaxonSt.21,252.0,524_0,0.0,0.0,0.0,622.0,771_0,56.88,14.0,370.0,2600.56,134.0,5,0.0,198.51,0,tripinfo_WestH6ToSaxonSt.21 emissions_WestH6ToSaxonSt.21,electric,1.1,0.0,0.0,0.0,0.0,0.0,0.0,0.0
EastA509ToH6.16,288.0,770_0,0.0,0.0,0.0,622.0,522_0,56.88,13.01,334.0,1483.82,190.0,4,0.0,220.13,0,tripinfo_EastA509ToH6.16 emissions_EastA509ToH6.16,electric,0.94,0.0,0.0,0.0,0.0,0.0,0.0,0.0
WestH6ToSaxonSt.22,264.0,524_0,0.0,0.0,0.0,624.0,771_0,56.88,14.4,360.0,2602.68,122.0,4,0.0,184.15,0,tripinfo_WestH6ToSaxonSt.22 emissions_WestH6ToSaxonSt.22,gasoline_euro4,1.07,30442.858774,1032548.125222,161.770219,19.791658,428.76156,329342.957869,0.0
EastA509ToH6.17,306.0,770_0,0.0,0.0,0.0,624.0,522_0,56.88,13.18,318.0,1483.82,171.0,4,0.0,214.04,0,tripinfo_EastA509ToH6.17 emissions_EastA509ToH6.17,electric,1.03,0.0,0.0,0.0,0.0,0.0,0.0,0.0
EastA509ToH6.18,324.0,770_0,0.0,0.0,0.0,626.0,522_1,56.88,14.9,302.0,1483.82,155.0,4,0.0,206.37,0,tripinfo_EastA509ToH6.18 emissions_EastA509ToH6.18,electric,1.12,0.0,0.0,0.0,0.0,0.0,0.0,0.0
EastA509ToH6.20,360.0,770_0,0.0,0.0,0.0,626.0,522_0,56.88,13.02,266.0,1483.82,114.0,3,0.0,159.66,0,tripinfo_EastA509ToH6.20 emissions_EastA509ToH6.20,electric,1.0,0.0,0.0,0.0,0.0,0.0,0.0,0.0
WestA509ToAvebury.21,378.0,773_0,0.0,0.0,0.0,630.0,213_1,19.13,14.72,252.0,2337.25,66.0,2,0.0,93.79,0,tripinfo_WestA509ToAvebury.21 emissions_WestA509ToAvebury.21,electric,1.08,0.0,0.0,0.0,0.0,0.0,0.0,0.0
WestA509ToAvebury.10,183.0,773_0,0.0,0.0,3.0,632.0,213_1,19.13,13.74,449.0,2288.61,221.0,7,0.0,286.57,0,tripinfo_WestA509ToAvebury.10 emissions_WestA509ToAvebury.10,electric,1.02,0.0,0.0,0.0,0.0,0.0,0.0,0.0
EastSilburyToEastAvebury.0,400.0,317_0,0.0,0.0,0.0,634.0,213_1,19.13,15.84,234.0,1590.82,95.0,4,0.0,132.13,0,tripinfo_EastSilburyToEastAvebury.0 emissions_EastSilburyToEastAvebury.0,electric,1.14,0.0,0.0,0.0,0.0,0.0,0.0,0.0
V6ToEastH6.36,432.0,468_1,0.0,0.0,0.0,636.0,522_1,56.88,12.65,204.0,2031.44,23.0,1,0.0,51.46,0,tripinfo_V6ToEastH6.36 emissions_V6ToEastH6.36,electric,0.97,0.0,0.0,0.0,0.0,0.0,0.0,0.0
V6ToEastH6.40,480.0,468_1,0.0,0.0,0.0,639.0,522_1,56.88,14.24,159.0,2031.44,0.0,0,0.0,22.51,0,tripinfo_V6ToEastH6.40 emissions_V6ToEastH6.40,gasoline_euro4,1.09,5495.681113,483674.320015,35.570567,7.826678,189.117735,154269.626592,0.0
WestA509ToAvebury.14,255.0,773_0,0.0,0.0,3.0,641.0,213_1,19.13,13.99,386.0,2287.98,168.0,7,0.0,230.11,0,tripinfo_WestA509ToAvebury.14 emissions_WestA509ToAvebury.14,gasoline_euro4,1.06,37842.168605,1073811.289106,196.226727,21.243591,450.572614,342507.437389,0.0
V6ToEastH6.39,468.0,468_1,0.0,0.0,0.0,644.0,522_1,56.88,12.63,176.0,2060.88,0.0,0,0.0,23.32,0,tripinfo_V6ToEastH6.39 emissions_V6ToEastH6.39,electric,0.98,0.0,0.0,0.0,0.0,0.0,0.0,0.0
V6ToEastH6.43,516.0,468_1,0.0,0.0,0.0,648.0,522_1,56.88,12.42,132.0,1512.23,0.0,0,0.0,17.82,0,tripinfo_V6ToEastH6.43 emissions_V6ToEastH6.43,electric,0.96,0.0,0.0,0.0,0.0,0.0,0.0,0.0
EastA509ToH6.24,432.0,770_0,0.0,0.0,0.0,650.0,522_0,56.88,14.48,218.0,1483.69,85.0,4,0.0,120.44,0,tripinfo_EastA509ToH6.24 emissions_EastA509ToH6.24,electric,1.1,0.0,0.0,0.0,0.0,0.0,0.0,0.0
EastA509ToH6.10,180.0,770_0,0.0,0.0,0.0,654.0,522_1,56.88,14.22,474.0,3322.57,187.0,6,0.0,242.55,0,tripinfo_EastA509ToH6.10 emissions_EastA509ToH6.10,gasoline_euro4,1.04,42088.932851,1353949.452847,221.726389,26.001916,561.553585,431858.937303,0.0
V6ToEastH6.44,528.0,468_1,0.0,0.0,0.0,662.0,522_1,56.88,12.93,134.0,1512.23,1.0,1,0.0,19.45,0,tripinfo_V6ToEastH6.44 emissions_V6ToEastH6.44,electric,0.95,0.0,0.0,0.0,0.0,0.0,0.0,0.0
EastAveburyToWestA509.19,361.0,483_1,0.0,0.0,0.0,671.0,774_2,29.75,14.95,310.0,2243.73,112.0,3,0.0,161.82,0,tripinfo_EastAveburyToWestA509.19 emissions_EastAveburyToWestA509.19,electric,1.12,0.0,0.0,0.0,0.0,0.0,0.0,0.0
EastAveburyToWestA509.17,344.0,483_1,0.0,0.0,0.0,673.0,774_2,29.75,15.36,329.0,2246.8,132.0,3,0.0,182.95,0,tripinfo_EastAveburyToWestA509.17 emissions_EastAveburyToWestA509.17,gasoline_euro4,1.14,32062.115615,1014430.379674,168.904508,20.426755,427.811974,323564.319284,0.0
WestA509ToAvebury.13,234.0,773_0,0.0,0.0,0.0,681.0,213_0,19.13,13.94,447.0,2323.29,245.0,4,0.0,280.06,0,tripinfo_WestA509ToAvebury.13 emissions_WestA509ToAvebury.13,electric,1.02,0.0,0.0,0.0,0.0,0.0,0.0,0.0
EastAveburyToWestA509.22,387.0,483_1,0.0,0.0,0.0,681.0,774_0,29.75,11.79,294.0,2311.97,62.0,2,0.0,105.01,0,tripinfo_EastAveburyToWestA509.22 emissions_EastAveburyToWestA509.22,gasoline_euro4,0.91,19778.367151,785915.072442,107.820856,13.923349,320.681434,250675.664632,0.0
EastAveburyToWestA509.18,353.0,483_1,0.0,0.0,0.0,682.0,774_1,29.75,12.35,329.0,2246.79,109.0,4,0.0,156.58,0,tripinfo_EastAveburyToWestA509.18 emissions_EastAveburyToWestA509.18,electric,0.97,0.0,0.0,0.0,0.0,0.0,0.0,0.0
EastAveburyToWestA509.25,412.0,483_1,0.0,0.0,0.0,682.0,774_0,29.75,13.98,270.0,2241.69,57.0,2,0.0,109.86,0,tripinfo_EastAveburyToWestA509.25 emissions_EastAveburyToWestA509.25,gasoline_euro4,1.03,19090.883619,779020.237653,104.187186,14.033855,317.669796,248475.921567,0.0
WestA509ToAvebury.12,219.0,773_0,0.0,0.0,3.0,683.0,213_0,19.13,13.48,464.0,2288.6,256.0,5,0.0,296.96,0,tripinfo_WestA509ToAvebury.12 emissions_WestA509ToAvebury.12,electric,1.0,0.0,0.0,0.0,0.0,0.0,0.0,0.0
EastSilburyToEastAvebury.1,416.0,317_0,0.0,0.0,0.0,685.0,213_0,19.13,14.05,269.0,680.87,176.0,6,0.0,219.15,0,tripinfo_EastSilburyToEastAvebury.1 emissions_EastSilburyToEastAvebury.1,electric,1.03,0.0,0.0,0.0,0.0,0.0,0.0,0.0
EastAveburyToWestA509.12,302.0,483_1,0.0,0.0,0.0,687.0,774_2,29.75,14.54,385.0,2215.91,178.0,4,0.0,233.71,0,tripinfo_EastAveburyToWestA509.12 emissions_EastAveburyToWestA509.12,electric,1.06,0.0,0.0,0.0,0.0,0.0,0.0,0.0
EastAveburyToWestA509.14,319.0,483_1,0.0,0.0,0.0,689.0,774_2,29.75,14.47,370.0,2215.02,165.0,5,0.0,219.54,0,tripinfo_EastAveburyToWestA509.14 emissions_EastAveburyToWestA509.14,electric,1.07,0.0,0.0,0.0,0.0,0.0,0.0,0.0
WestH6ToSaxonSt.32,384.0,524_0,0.0,0.0,0.0,692.0,771_0,56.88,14.83,308.0,2602.7,92.0,3,0.0,140.66,0,tripinfo_WestH6ToSaxonSt.32 emissions_WestH6ToSaxonSt.32,electric,1.13,0.0,0.0,0.0,0.0,0.0,0.0,0.0
V6ToEastH6.45,540.0,468_1,0.0,0.0,0.0,695.0,522_1,56.88,14.47,155.0,2060.88,0.0,0,0.0,19.65,0,tripinfo_V6ToEastH6.45 emissions_V6ToEastH6.45,electric,1.11,0.0,0.0,0.0,0.0,0.0,0.0,0.0
SouthEvansGateToSilbury.24,432.0,526_0,0.0,0.0,0.0,697.0,215_1,19.43,12.84,265.0,1477.59,126.0,2,0.0,154.26,0,tripinfo_SouthEvansGateToSilbury.24 emissions_SouthEvansGateToSilbury.24,electric,0.97,0.0,0.0,0.0,0.0,0.0,0.0,0.0
SouthEvansGateToSilbury.22,396.0,526_0,0.0,0.0,0.0,699.0,215_1,19.43,12.54,303.0,2430.12,81.0,2,0.0,116.18,0,tripinfo_SouthEvansGateToSilbury.22 emissions_SouthEvansGateToSilbury.22,electric,0.94,0.0,0.0,0.0,0.0,0.0,0.0,0.0
WestH6ToSaxonSt.28,336.0,524_0,0.0,0.0,0.0,701.0,771_0,56.88,14.45,365.0,2601.39,132.0,5,0.0,195.75,0,tripinfo_WestH6ToSaxonSt.28 emissions_WestH6ToSaxonSt.28,electric,1.11,0.0,0.0,0.0,0.0,0.0,0.0,0.0
SouthEvansGateToSilbury.21,378.0,526_0,0.0,0.0,0.0,701.0,215_1,19.43,12.88,323.0,2410.44,110.0,3,0.0,146.56,0,tripinfo_SouthEvansGateToSilbury.21 emissions_SouthEvansGateToSilbury.21,electric,0.99,0.0,0.0,0.0,0.0,0.0,0.0,0.0
SouthEvansGateToSilbury.23,414.0,526_0,0.0,0.0,0.0,702.0,215_1,19.43,14.7,288.0,2410.48,82.0,2,0.0,126.77,0,tripinfo_SouthEvansGateToSilbury.23 emissions_SouthEvansGateToSilbury.23,gasoline_euro4,1.08,22743.720697,875358.61163,123.06783,16.543379,360.85121,279203.935608,0.0
EastAveburyToWestA509.9,276.0,483_1,0.0,0.0,0.0,704.0,774_1,29.75,11.75,428.0,2218.32,193.0,6,0.0,242.7,0,tripinfo_EastAveburyToWestA509.9 emissions_EastAveburyToWestA509.9,gasoline_euro4,0.87,41874.94618,1100100.65169,216.010012,21.736884,464.640868,350894.819926,0.0
EastA509ToH6.25,450.0,770_0,0.0,0.0,0.0,708.0,522_0,56.88,12.28,258.0,1483.8,119.0,3,0.0,145.05,0,tripinfo_EastA509ToH6.25 emissions_EastA509ToH6.25,gasoline_euro4,0.95,25297.524529,704325.517777,131.347586,14.146659,298.045458,224654.77271,0.0
WestH6ToSaxonSt.31,372.0,524_0,0.0,0.0,0.0,709.0,771_0,56.88,12.23,337.0,2602.68,88.0,3,0.0,130.11,0,tripinfo_WestH6ToSaxonSt.31 emissions_WestH6ToSaxonSt.31,electric,0.91,0.0,0.0,0.0,0.0,0.0,0.0,0.0
WestH6ToSaxonSt.27,324.0,524_0,0.0,0.0,0.0,713.0,771_0,56.88,13.62,389.0,2603.34,143.0,6,0.0,203.28,0,tripinfo_WestH6ToSaxonSt.27 emissions_WestH6ToSaxonSt.27,gasoline_euro4,1.01,34369.431396,1079720.21079,180.797839,20.861519,450.830417,344390.41061,0.0
V6ToEastH6.41,492.0,468_1,0.0,0.0,0.0,713.0,522_1,56.88,15.62,221.0,2031.44,67.0,1,0.0,91.96,0,tripinfo_V6ToEastH6.41 emissions_V6ToEastH6.41,electric,1.15,0.0,0.0,0.0,0.0,0.0,0.0,0.0
WestH6ToSaxonSt.30,360.0,524_0,0.0,0.0,0.0,717.0,771_0,56.88,11.93,357.0,2602.7,92.0,7,0.0,153.94,0,tripinfo_WestH6ToSaxonSt.30 emissions_WestH6ToSaxonSt.30,electric,0.93,0.0,0.0,0.0,0.0,0.0,0.0,0.0
V6ToEastH6.50,600.0,468_1,0.0,0.0,0.0,717.0,522_1,56.88,14.84,117.0,1512.23,0.0,0,0.0,15.71,0,tripinfo_V6ToEastH6.50 emissions_V6ToEastH6.50,electric,1.08,0.0,0.0,0.0,0.0,0.0,0.0,0.0
V6ToEastH6.42,504.0,468_1,0.0,0.0,0.0,720.0,522_1,56.88,14.43,216.0,2031.44,55.0,1,0.0,80.62,0,tripinfo_V6ToEastH6.42 emissions_V6ToEastH6.42,electric,1.09,0.0,0.0,0.0,0.0,0.0,0.0,0.0
WestA509ToEastH6.12,432.0,773_0,0.0,0.0,0.0,722.0,522_1,56.88,14.77,290.0,2762.5,69.0,2,0.0,103.83,0,tripinfo_WestA509ToEastH6.12 emissions_WestA509ToEastH6.12,electric,1.08,0.0,0.0,0.0,0.0,0.0,0.0,0.0
WestH6ToSaxonSt.29,348.0,524_0,0.0,0.0,0.0,723.0,771_0,56.88,11.62,375.0,2602.65,107.0,4,0.0,162.83,0,tripinfo_WestH6ToSaxonSt.29 emissions_WestH6ToSaxonSt.29,gasoline_euro4,0.89,28045.18138,951638.413411,149.333156,17.198557,390.687831,303537.069996,0.0
EastSilburyToEastAvebury.2,432.0,317_0,0.0,0.0,0.0,726.0,213_1,19.13,12.27,294.0,1590.8,139.0,3,0.0,164.25,0,tripinfo_EastSilburyToEastAvebury.2 emissions_EastSilburyToEastAvebury.2,electric,0.89,0.0,0.0,0.0,0.0,0.0,0.0,0.0
EastA509ToH6.23,414.0,770_0,0.0,0.0,0.0,728.0,522_1,56.88,14.71,314.0,1483.82,157.0,6,0.0,216.24,0,tripinfo_EastA509ToH6.23 emissions_EastA509ToH6.23,gasoline_euro4,1.1,35790.967997,916646.801282,184.094157,19.491515,396.003101,292378.175283,0.0
EastA509ToH6.21,378.0,770_0,0.0,0.0,0.0,730.0,522_0,56.88,11.2,352.0,1483.77,192.0,5,0.0,230.05,0,tripinfo_EastA509ToH6.21 emissions_EastA509ToH6.21,electric,0.88,0.0,0.0,0.0,0.0,0.0,0.0,0.0
EastA509ToH6.27,486.0,770_0,0.0,0.0,0.0,730.0,522_1,56.88,14.35,244.0,1483.69,109.0,4,0.0,143.66,0,tripinfo_EastA509ToH6.27 emissions_EastA509ToH6.27,gasoline_euro4,1.07,24931.97834,718672.449897,129.850574,14.637352,304.790097,229230.125141,0.0
V6ToEastH6.51,612.0,468_1,0.0,0.0,0.0,737.0,522_1,56.88,12.63,125.0,1512.23,0.0,0,0.0,13.12,0,tripinfo_V6ToEastH6.51 emissions_V6ToEastH6.51,electric,0.98,0.0,0.0,0.0,0.0,0.0,0.0,0.0
V6ToEastH6.46,552.0,468_1,0.0,0.0,0.0,741.0,522_0,56.88,12.19,189.0,2060.88,0.0,0,0.0,17.8,0,tripinfo_V6ToEastH6.46 emissions_V6ToEastH6.46,gasoline_euro4,0.88,5413.42908,464966.50652,35.147263,6.641555,178.497389,148303.744092,0.0
V6ToEastH6.48,576.0,468_1,0.0,0.0,0.0,741.0,522_1,56.88,17.44,165.0,2060.88,2.0,1,0.0,45.64,0,tripinfo_V6ToEastH6.48 emissions_V6ToEastH6.48,electric,1.26,0.0,0.0,0.0,0.0,0.0,0.0,0.0
WestA509ToEastH6.9,324.0,773_0,0.0,0.0,0.0,747.0,522_1,56.88,12.99,423.0,2765.35,172.0,6,0.0,214.87,0,tripinfo_WestA509ToEastH6.9 emissions_WestA509ToEastH6.9,electric,0.96,0.0,0.0,0.0,0.0,0.0,0.0,0.0
V6ToEastH6.53,636.0,468_1,0.0,0.0,0.0,747.0,522_0,56.88,15.86,111.0,1511.92,0.0,0,0.0,16.8,0,tripinfo_V6ToEastH6.53 emissions_V6ToEastH6.53,electric,1.16,0.0,0.0,0.0,0.0,0.0,0.0,0.0
EastAveburyToWestA509.28,438.0,483_1,0.0,0.0,0.0,761.0,774_2,29.75,13.7,323.0,2243.73,122.0,3,0.0,167.83,0,tripinfo_EastAveburyToWestA509.28 emissions_EastAveburyToWestA509.28,electric,1.07,0.0,0.0,0.0,0.0,0.0,0.0,0.0
V6ToEastH6.49,588.0,468_1,0.0,0.0,0.0,765.0,522_1,56.88,12.79,177.0,2060.88,4.0,1,0.0,23.76,0,tripinfo_V6ToEastH6.49 emissions_V6ToEastH6.49,electric,0.98,0.0,0.0,0.0,0.0,0.0,0.0,0.0
WestA509ToAvebury.17,306.0,773_0,0.0,0.0,0.0,766.0,213_0,19.13,15.96,460.0,2288.57,266.0,6,0.0,315.89,0,tripinfo_WestA509ToAvebury.17 emissions_WestA509ToAvebury.17,gasoline_euro4,1.15,53264.138023,1324215.519226,272.706617,28.236003,568.113828,422379.415397,0.0
EastAveburyToWestA509.26,421.0,483_1,0.0,0.0,0.0,770.0,774_0,29.75,12.48,349.0,2250.42,118.0,4,0.0,172.33,0,tripinfo_EastAveburyToWestA509.26 emissions_EastAveburyToWestA509.26,gasoline_euro4,0.94,30527.211376,968841.044512,161.170249,18.615181,405.118491,309024.009666,0.0
EastAveburyToWestA509.36,506.0,483_1,0.0,0.0,0.0,770.0,774_1,29.75,14.94,264.0,2237.39,54.0,3,0.0,119.1,0,tripinfo_EastAveburyToWestA509.36 emissions_EastAveburyToWestA509.36,electric,1.14,0.0,0.0,0.0,0.0,0.0,0.0,0.0
EastAveburyToWestA509.27,429.0,483_1,0.0,0.0,0.0,772.0,774_2,29.75,11.72,343.0,2246.79,113.0,4,0.0,161.87,0,tripinfo_EastAveburyToWestA509.27 emissions_EastAveburyToWestA509.27,gasoline_euro4,0.92,28882.942084,921406.387171,152.653279,17.339807,383.242348,293894.451411,0.0
V6ToEastH6.54,648.0,468_1,0.0,0.0,0.0,772.0,522_1,56.88,12.43,124.0,1512.23,0.0,0,0.0,12.83,0,tripinfo_V6ToEastH6.54 emissions_V6ToEastH6.54,gasoline_euro4,0.99,3706.852739,353005.834865,24.447483,5.159852,134.591353,112592.895401,0.0
EastAveburyToWestA509.34,489.0,483_1,0.0,0.0,0.0,773.0,774_0,29.75,13.55,284.0,2241.68,71.0,4,0.0,118.05,0,tripinfo_EastAveburyToWestA509.34 emissions_EastAveburyToWestA509.34,electric,1.0,0.0,0.0,0.0,0.0,0.0,0.0,0.0
EastAveburyToWestA509.15,327.0,483_1,0.0,0.0,0.0,778.0,774_2,29.75,13.44,451.0,2218.4,238.0,6,0.0,290.33,0,tripinfo_EastAveburyToWestA509.15 emissions_EastAveburyToWestA509.15,electric,1.0,0.0,0.0,0.0,0.0,0.0,0.0,0.0
EastAveburyToWestA509.23,395.0,483_1,0.0,0.0,0.0,781.0,774_2,29.75,13.14,386.0,2215.02,180.0,4,0.0,225.76,0,tripinfo_EastAveburyToWestA509.23 emissions_EastAveburyToWestA509.23,gasoline_euro4,1.0,38359.561245,1066652.252473,198.671202,21.310986,449.64872,340224.24974,0.0
V6ToEastH6.56,672.0,468_1,0.0,0.0,0.0,782.0,522_1,56.88,14.79,110.0,1512.23,0.0,0,0.0,15.16,0,tripinfo_V6ToEastH6.56 emissions_V6ToEastH6.56,electric,1.16,0.0,0.0,0.0,0.0,0.0,0.0,0.0
SouthEvansGateToSilbury.26,468.0,526_0,0.0,0.0,0.0,785.0,215_1,19.43,14.36,317.0,2430.12,105.0,2,0.0,147.48,0,tripinfo_SouthEvansGateToSilbury.26 emissions_SouthEvansGateToSilbury.26,gasoline_euro4,1.04,25901.014788,918987.000615,138.455784,17.283318,379.526686,293120.9783,0.0
SouthEvansGateToSilbury.30,540.0,526_0,0.0,0.0,0.0,788.0,215_1,19.43,11.71,248.0,1477.59,105.0,2,0.0,132.87,0,tripinfo_SouthEvansGateToSilbury.30 emissions_SouthEvansGateToSilbury.30,gasoline_euro4,0.93,23320.773253,680790.706174,121.803313,13.447472,287.107509,217147.510618,0.0
SouthEvansGateToSilbury.31,558.0,526_0,0.0,0.0,0.0,789.0,215_1,19.43,12.58,231.0,1477.59,90.0,2,0.0,120.32,0,tripinfo_SouthEvansGateToSilbury.31 emissions_SouthEvansGateToSilbury.31,electric,0.96,0.0,0.0,0.0,0.0,0.0,0.0,0.0
WestH6ToSaxonSt.34,408.0,524_0,0.0,0.0,0.0,793.0,771_0,56.88,12.35,385.0,2602.65,143.0,4,0.0,180.07,0,tripinfo_WestH6ToSaxonSt.34 emissions_WestH6ToSaxonSt.34,gasoline_euro4,0.92,31963.213858,1009872.246198,168.473039,18.922833,417.873924,322112.166186,0.0
SouthEvansGateToSilbury.25,450.0,526_0,0.0,0.0,0.0,793.0,215_1,19.43,10.99,343.0,2430.12,94.0,2,0.0,130.97,0,tripinfo_SouthEvansGateToSilbury.25 emissions_SouthEvansGateToSilbury.25,electric,0.83,0.0,0.0,0.0,0.0,0.0,0.0,0.0
WestH6ToSaxonSt.39,468.0,524_0,0.0,0.0,0.0,794.0,771_0,56.88,14.13,326.0,2603.34,92.0,5,0.0,155.78,0,tripinfo_WestH6ToSaxonSt.39 emissions_WestH6ToSaxonSt.39,electric,1.1,0.0,0.0,0.0,0.0,0.0,0.0,0.0
SouthEvansGateToSilbury.29,522.0,526_0,0.0,0.0,0.0,795.0,215_1,19.43,14.5,273.0,2430.12,61.0,1,0.0,112.38,0,tripinfo_SouthEvansGateToSilbury.29 emissions_SouthEvansGateToSilbury.29,gasoline_euro4,1.1,19928.435445,844822.727854,109.592836,15.624888,346.594695,269463.279798,0.0
SouthEvansGateToSilbury.27,486.0,526_0,0.0,0.0,0.0,796.0,215_1,19.43,14.67,310.0,2410.48,92.0,4,0.0,146.87,0,tripinfo_SouthEvansGateToSilbury.27 emissions_SouthEvansGateToSilbury.27,gasoline_euro4,1.07,25582.74526,928534.332607,137.344615,17.704083,385.137336,296165.549283,0.0
SouthEvansGateToSilbury.28,504.0,526_0,0.0,0.0,0.0,798.0,215_1,19.43,14.81,294.0,2410.48,85.0,5,0.0,136.25,0,tripinfo_SouthEvansGateToSilbury.28 emissions_SouthEvansGateToSilbury.28,gasoline_euro4,1.11,23688.680432,895533.288141,127.898614,16.97984,369.935297,285639.02132,0.0
WestH6ToSaxonSt.36,432.0,524_0,0.0,0.0,0.0,799.0,771_0,56.88,11.91,367.0,2600.55,117.0,4,0.0,158.5,0,tripinfo_WestH6ToSaxonSt.36 emissions_WestH6ToSaxonSt.36,gasoline_euro4,0.9,28874.03402,978242.751049,153.917009,18.068127,404.19104,312022.428769,0.0
EastA509ToH6.29,522.0,770_0,0.0,0.0,0.0,800.0,522_0,56.88,11.32,278.0,1483.64,130.0,3,0.0,156.95,0,tripinfo_EastA509ToH6.29 emissions_EastA509ToH6.29,electric,0.88,0.0,0.0,0.0,0.0,0.0,0.0,0.0
WestH6ToSaxonSt.35,420.0,524_0,0.0,0.0,0.0,801.0,771_0,56.88,13.62,381.0,2601.44,132.0,5,0.0,197.95,0,tripinfo_WestH6ToSaxonSt.35 emissions_WestH6ToSaxonSt.35,electric,1.03,0.0,0.0,0.0,0.0,0.0,0.0,0.0
WestH6ToSaxonSt.38,456.0,524_0,0.0,0.0,0.0,802.0,771_0,56.88,14.32,346.0,2600.56,108.0,4,0.0,176.68,0,tripinfo_WestH6ToSaxonSt.38 emissions_WestH6ToSaxonSt.38,electric,1.11,0.0,0.0,0.0,0.0,0.0,0.0,0.0
V6ToEastH6.52,624.0,468_1,0.0,0.0,0.0,802.0,522_1,56.88,13.18,178.0,2060.88,0.0,0,0.0,22.83,0,tripinfo_V6ToEastH6.52 emissions_V6ToEastH6.52,gasoline_euro4,0.97,5813.890075,493955.042949,37.485372,7.419032,190.868986,157549.461465,0.0
WestH6ToSaxonSt.37,444.0,524_0,0.0,0.0,0.0,804.0,771_0,56.88,13.08,360.0,2603.31,104.0,4,0.0,171.81,0,tripinfo_WestH6ToSaxonSt.37 emissions_WestH6ToSaxonSt.37,gasoline_euro4,1.0,28736.560426,1011254.504025,153.782584,19.093999,419.932562,322550.7045,0.0
EastSilburyToEastAvebury.4,464.0,317_0,0.0,0.0,0.0,804.0,213_1,19.13,13.82,340.0,1590.8,194.0,6,0.0,226.24,0,tripinfo_EastSilburyToEastAvebury.4 emissions_EastSilburyToEastAvebury.4,gasoline_euro4,1.02,38772.273741,951313.491077,197.973653,19.898076,407.052597,303437.116047,0.0
WestA509ToEastH6.10,360.0,773_0,0.0,0.0,0.0,807.0,522_0,56.88,13.27,447.0,2704.63,204.0,6,0.0,258.15,0,tripinfo_WestA509ToEastH6.10 emissions_WestA509ToEastH6.10,electric,1.04,0.0,0.0,0.0,0.0,0.0,0.0,0.0
WestH6ToSaxonSt.33,396.0,524_0,0.0,0.0,0.0,807.0,771_0,56.88,11.32,411.0,2602.68,148.0,5,0.0,201.34,0,tripinfo_WestH6ToSaxonSt.33 emissions_WestH6ToSaxonSt.33,gasoline_euro4,0.9,35219.784893,1095441.964175,185.24782,20.50097,454.501139,349406.056092,0.0
EastA509ToH6.26,468.0,770_0,0.0,0.0,0.0,809.0,522_0,56.88,13.02,341.0,1483.82,184.0,5,0.0,230.96,0,tripinfo_EastA509ToH6.26 emissions_EastA509ToH6.26,gasoline_euro4,0.97,38765.159148,957574.591408,198.557866,20.276008,413.388463,305433.695598,0.0
WestA509ToAvebury.19,342.0,773_0,0.0,0.0,0.0,810.0,213_0,19.13,9.28,468.0,2288.0,203.0,5,0.0,241.52,0,tripinfo_WestA509ToAvebury.19 emissions_WestA509ToAvebury.19,gasoline_euro4,0.73,43766.531408,1110050.523894,224.922516,21.583037,468.849017,354069.667063,0.0
EastA509ToH6.28,504.0,770_0,0.0,0.0,0.0,811.0,522_1,56.88,12.91,307.0,1483.82,146.0,4,0.0,199.13,0,tripinfo_EastA509ToH6.28 emissions_EastA509ToH6.28,electric,0.99,0.0,0.0,0.0,0.0,0.0,0.0,0.0
EastA509ToH6.30,540.0,770_0,0.0,0.0,0.0,813.0,522_0,56.88,13.17,273.0,1483.82,118.0,4,0.0,162.77,0,tripinfo_EastA509ToH6.30 emissions_EastA509ToH6.30,gasoline_euro4,0.97,26567.331205,728451.080347,137.470303,14.593332,308.151461,232350.217488,0.0
EastA509ToH6.31,558.0,770_0,0.0,0.0,0.0,813.0,522_1,56.88,17.78,255.0,1483.82,112.0,3,0.0,172.17,0,tripinfo_EastA509ToH6.31 emissions_EastA509ToH6.31,gasoline_euro4,1.3,28011.834038,812868.830199,146.314979,17.298458,349.21862,259274.345677,0.0
EastAveburyToWestA509.21,378.0,483_1,0.0,0.0,0.0,818.0,774_0,29.75,15.62,440.0,2302.13,239.0,6,0.0,292.85,0,tripinfo_EastAveburyToWestA509.21 emissions_EastAveburyToWestA509.21,gasoline_euro4,1.14,50037.365941,1332521.824251,258.159977,28.156112,571.068069,425026.774895,0.0
WestA509ToEastH6.11,396.0,773_0,0.0,0.0,0.0,832.0,522_1,56.88,14.03,436.0,2764.5,188.0,5,0.0,241.47,0,tripinfo_WestA509ToEastH6.11 emissions_WestA509ToEastH6.11,gasoline_euro4,1.03,41554.553811,1221814.347733,216.49058,24.213079,512.684756,389714.171538,0.0
V6ToEastH6.55,660.0,468_1,0.0,0.0,0.0,833.0,522_1,56.88,14.48,173.0,2060.88,1.0,1,0.0,32.91,0,tripinfo_V6ToEastH6.55 emissions_V6ToEastH6.55,electric,1.07,0.0,0.0,0.0,0.0,0.0,0.0,0.0
V6ToEastH6.47,564.0,468_1,0.0,0.0,0.0,835.0,522_0,56.88,9.27,271.0,2031.44,51.0,1,0.0,74.23,0,tripinfo_V6ToEastH6.47 emissions_V6ToEastH6.47,gasoline_euro4,0.75,15644.852161,616595.153164,85.316908,9.758859,245.687472,196670.657352,0.0
EastA509ToH6.22,396.0,770_0,0.0,0.0,0.0,836.0,522_1,56.88,13.34,440.0,3322.55,135.0,4,0.0,195.31,0,tripinfo_EastA509ToH6.22 emissions_EastA509ToH6.22,electric,0.98,0.0,0.0,0.0,0.0,0.0,0.0,0.0
EastAveburyToWestA509.43,565.0,483_1,0.0,0.0,0.0,843.0,774_0,29.75,14.21,278.0,2308.45,59.0,6,0.0,113.77,0,tripinfo_EastAveburyToWestA509.43 emissions_EastAveburyToWestA509.43,gasoline_euro4,1.04,20588.550898,839050.845456,112.411665,15.547001,345.092445,267622.733804,0.0
V6ToEastH6.60,720.0,468_1,0.0,0.0,0.0,849.0,522_1,56.88,12.26,129.0,1512.23,0.0,0,0.0,12.39,0,tripinfo_V6ToEastH6.60 emissions_V6ToEastH6.60,electric,0.94,0.0,0.0,0.0,0.0,0.0,0.0,0.0
EastAveburyToWestA509.39,531.0,483_1,0.0,0.0,0.0,854.0,774_1,29.75,13.72,323.0,2246.79,115.0,3,0.0,155.1,0,tripinfo_EastAveburyToWestA509.39 emissions_EastAveburyToWestA509.39,gasoline_euro4,0.99,27751.135995,910546.404716,146.819826,17.367261,378.452875,290429.791768,0.0
WestA509ToAvebury.16,291.0,773_0,0.0,0.0,3.0,855.0,213_0,19.13,13.1,564.0,2322.44,339.0,7,0.0,393.77,0,tripinfo_WestA509ToAvebury.16 emissions_WestA509ToAvebury.16,electric,0.99,0.0,0.0,0.0,0.0,0.0,0.0,0.0
EastAveburyToWestA509.38,523.0,483_1,0.0,0.0,0.0,855.0,774_2,29.75,14.39,332.0,2240.45,106.0,5,0.0,185.05,0,tripinfo_EastAveburyToWestA509.38 emissions_EastAveburyToWestA509.38,electric,1.13,0.0,0.0,0.0,0.0,0.0,0.0,0.0
EastAveburyToWestA509.44,574.0,483_1,0.0,0.0,0.0,859.0,774_0,29.75,13.12,285.0,2241.68,60.0,6,0.0,111.85,0,tripinfo_EastAveburyToWestA509.44 emissions_EastAveburyToWestA509.44,electric,0.96,0.0,0.0,0.0,0.0,0.0,0.0,0.0
EastAveburyToWestA509.29,446.0,483_1,0.0,0.0,0.0,867.0,774_2,29.75,13.62,421.0,2215.02,208.0,5,0.0,264.49,0,tripinfo_EastAveburyToWestA509.29 emissions_EastAveburyToWestA509.29,electric,1.03,0.0,0.0,0.0,0.0,0.0,0.0,0.0
EastAveburyToWestA509.24,404.0,483_1,0.0,0.0,0.0,872.0,774_1,29.75,13.13,468.0,2219.42,248.0,6,0.0,299.08,0,tripinfo_EastAveburyToWestA509.24 emissions_EastAveburyToWestA509.24,electric,0.96,0.0,0.0,0.0,0.0,0.0,0.0,0.0
SouthEvansGateToSilbury.37,666.0,526_0,0.0,0.0,0.0,872.0,215_1,19.43,15.08,206.0,1477.52,79.0,3,0.0,111.19,0,tripinfo_SouthEvansGateToSilbury.37 emissions_SouthEvansGateToSilbury.37,gasoline_euro4,1.13,19628.077783,644192.529959,103.906104,12.949739,271.941551,205472.225314,0.0
EastAveburyToWestA509.32,472.0,483_1,0.0,0.0,0.0,873.0,774_2,29.75,12.98,401.0,2215.02,192.0,6,0.0,240.51,0,tripinfo_EastAveburyToWestA509.32 emissions_EastAveburyToWestA509.32,gasoline_euro4,1.0,41607.468204,1122872.696467,215.208044,23.2002,479.709573,358156.445549,0.0
EastAveburyToWestA509.33,480.0,483_1,0.0,0.0,0.0,874.0,774_2,29.75,14.81,394.0,2218.4,182.0,6,0.0,248.31,0,tripinfo_EastAveburyToWestA509.33 emissions_EastAveburyToWestA509.33,gasoline_euro4,1.1,40989.080588,1140176.390058,212.83181,23.639161,487.421449,363674.820416,0.0
SouthEvansGateToSilbury.34,612.0,526_0,0.0,0.0,0.0,876.0,215_1,19.43,11.36,264.0,1477.59,120.0,2,0.0,144.02,0,tripinfo_SouthEvansGateToSilbury.34 emissions_SouthEvansGateToSilbury.34,gasoline_euro4,0.89,25333.934807,707978.306303,131.64618,13.947214,298.65813,225820.096463,0.0
SouthEvansGateToSilbury.33,594.0,526_0,0.0,0.0,0.0,878.0,215_1,19.43,11.95,284.0,2430.19,57.0,1,0.0,83.01,0,tripinfo_SouthEvansGateToSilbury.33 emissions_SouthEvansGateToSilbury.33,electric,0.87,0.0,0.0,0.0,0.0,0.0,0.0,0.0
EastAveburyToWestA509.31,463.0,483_1,0.0,0.0,0.0,879.0,774_0,29.75,14.73,416.0,2325.5,190.0,5,0.0,253.1,0,tripinfo_EastAveburyToWestA509.31 emissions_EastAveburyToWestA509.31,electric,1.07,0.0,0.0,0.0,0.0,0.0,0.0,0.0
V6ToEastH6.57,684.0,468_1,0.0,0.0,0.0,879.0,522_1,56.88,12.55,195.0,2060.88,2.0,1,0.0,32.4,0,tripinfo_V6ToEastH6.57 emissions_V6ToEastH6.57,gasoline_euro4,0.93,7232.474461,525259.947474,44.361492,7.806134,203.107725,167535.026755,0.0
SouthEvansGateToSilbury.32,576.0,526_0,0.0,0.0,0.0,880.0,215_1,19.43,12.66,304.0,2410.48,86.0,3,0.0,122.84,0,tripinfo_SouthEvansGateToSilbury.32 emissions_SouthEvansGateToSilbury.32,gasoline_euro4,0.96,21606.99221,816276.377753,116.679882,14.574672,331.997531,260360.36171,0.0
SouthEvansGateToSilbury.35,630.0,526_0,0.0,0.0,0.0,882.0,215_1,19.43,13.0,252.0,2410.44,28.0,3,0.0,70.13,0,tripinfo_SouthEvansGateToSilbury.35 emissions_SouthEvansGateToSilbury.35,gasoline_euro4,0.96,13286.3641,692099.693913,76.141476,11.594853,276.91657,220750.494403,0.0
V6ToEastH6.59,708.0,468_1,0.0,0.0,0.0,882.0,522_0,56.88,15.87,174.0,2059.8,0.0,0,0.0,45.4,0,tripinfo_V6ToEastH6.59 emissions_V6ToEastH6.59,electric,1.17,0.0,0.0,0.0,0.0,0.0,0.0,0.0
WestH6ToSaxonSt.46,552.0,524_0,0.0,0.0,0.0,883.0,771_0,56.88,12.79,331.0,2603.31,91.0,4,0.0,138.92,0,tripinfo_WestH6ToSaxonSt.46 emissions_WestH6ToSaxonSt.46,electric,0.98,0.0,0.0,0.0,0.0,0.0,0.0,0.0
EastAveburyToWestA509.30,455.0,483_0,0.0,0.0,0.0,884.0,774_0,29.75,11.2,429.0,2338.29,184.0,3,0.0,231.37,0,tripinfo_EastAveburyToWestA509.30 emissions_EastAveburyToWestA509.30,electric,0.87,0.0,0.0,0.0,0.0,0.0,0.0,0.0
WestH6ToSaxonSt.45,540.0,524_0,0.0,0.0,0.0,884.0,771_0,56.88,14.72,344.0,2602.67,105.0,5,0.0,179.17,0,tripinfo_WestH6ToSaxonSt.45 emissions_WestH6ToSaxonSt.45,electric,1.14,0.0,0.0,0.0,0.0,0.0,0.0,0.0
V6ToEastH6.61,732.0,468_1,0.0,0.0,0.0,885.0,522_0,56.88,10.15,153.0,1512.23,0.0,0,0.0,19.33,0,tripinfo_V6ToEastH6.61 emissions_V6ToEastH6.61,electric,0.82,0.0,0.0,0.0,0.0,0.0,0.0,0.0
EastAveburyToWestA509.41,548.0,483_0,0.0,0.0,0.0,886.0,774_0,29.75,12.9,338.0,2338.31,103.0,4,0.0,163.21,0,tripinfo_EastAveburyToWestA509.41 emissions_EastAveburyToWestA509.41,gasoline_euro4,0.99,28322.862083,967311.526174,151.002345,18.665243,404.832696,308534.670976,0.0
V6ToEastH6.63,756.0,468_1,0.0,0.0,0.0,886.0,522_1,56.88,12.7,130.0,1512.23,0.0,0,0.0,19.75,0,tripinfo_V6ToEastH6.63 emissions_V6ToEastH6.63,gasoline_euro4,0.99,4332.44027,374229.135983,27.882501,5.609512,144.280574,119362.225521,0.0
V6ToEastH6.58,696.0,468_1,0.0,0.0,0.0,888.0,522_1,56.88,12.82,192.0,2311.67,0.0,0,0.0,22.68,0,tripinfo_V6ToEastH6.58 emissions_V6ToEastH6.58,electric,1.01,0.0,0.0,0.0,0.0,0.0,0.0,0.0
WestH6ToSaxonSt.40,480.0,524_0,0.0,0.0,0.0,891.0,771_0,56.88,11.55,411.0,2602.68,150.0,3,0.0,185.17,0,tripinfo_WestH6ToSaxonSt.40 emissions_WestH6ToSaxonSt.40,gasoline_euro4,0.83,33541.218757,1021325.689749,176.35717,18.991654,424.003066,325766.211636,0.0
WestH6ToSaxonSt.44,528.0,524_0,0.0,0.0,0.0,893.0,771_0,56.88,12.22,365.0,2602.7,109.0,4,0.0,170.88,0,tripinfo_WestH6ToSaxonSt.44 emissions_WestH6ToSaxonSt.44,gasoline_euro4,0.97,28771.618844,995424.168888,153.595738,18.675599,412.948359,317501.890928,0.0
EastA509ToH6.32,576.0,770_0,0.0,0.0,0.0,894.0,522_0,56.88,13.18,318.0,1483.64,170.0,4,0.0,206.45,0,tripinfo_EastA509ToH6.32 emissions_EastA509ToH6.32,electric,0.96,0.0,0.0,0.0,0.0,0.0,0.0,0.0
WestA509ToAvebury.36,651.0,773_0,0.0,0.0,3.0,894.0,213_0,19.13,12.51,243.0,2337.25,51.0,1,0.0,71.32,0,tripinfo_WestA509ToAvebury.36 emissions_WestA509ToAvebury.36,electric,0.99,0.0,0.0,0.0,0.0,0.0,0.0,0.0
EastSilburyToEastAvebury.6,496.0,317_0,0.0,0.0,0.0,895.0,213_0,19.13,13.61,399.0,1590.85,233.0,8,0.0,290.22,0,tripinfo_EastSilburyToEastAvebury.6 emissions_EastSilburyToEastAvebury.6,electric,1.06,0.0,0.0,0.0,0.0,0.0,0.0,0.0
EastSilburyToEastAvebury.7,512.0,317_0,0.0,0.0,0.0,895.0,213_1,19.13,12.96,383.0,1590.81,215.0,8,0.0,262.94,0,tripinfo_EastSilburyToEastAvebury.7 emissions_EastSilburyToEastAvebury.7,electric,0.97,0.0,0.0,0.0,0.0,0.0,0.0,0.0
WestH6ToSaxonSt.47,564.0,524_0,0.0,0.0,0.0,895.0,771_0,56.88,15.19,331.0,2603.34,83.0,5,0.0,164.1,0,tripinfo_WestH6ToSaxonSt.47 emissions_WestH6ToSaxonSt.47,electric,1.13,0.0,0.0,0.0,0.0,0.0,0.0,0.0
WestA509ToEastH6.18,648.0,773_0,0.0,0.0,0.0,895.0,522_1,56.88,14.26,247.0,2762.5,27.0,1,0.0,54.64,0,tripinfo_WestA509ToEastH6.18 emissions_WestA509ToEastH6.18,electric,1.04,0.0,0.0,0.0,0.0,0.0,0.0,0.0
WestH6ToSaxonSt.48,576.0,524_0,0.0,0.0,0.0,896.0,771_0,56.88,12.22,320.0,2602.68,72.0,2,0.0,126.64,0,tripinfo_WestH6ToSaxonSt.48 emissions_WestH6ToSaxonSt.48,electric,0.97,0.0,0.0,0.0,0.0,0.0,0.0,0.0
WestH6ToSaxonSt.42,504.0,524_0,0.0,0.0,0.0,898.0,771_0,56.88,16.31,394.0,2601.42,131.0,5,0.0,242.11,0,tripinfo_WestH6ToSaxonSt.42 emissions_WestH6ToSaxonSt.42,electric,1.24,0.0,0.0,0.0,0.0,0.0,0.0,0.0
EastA509ToH6.34,612.0,770_0,0.0,0.0,0.0,900.0,522_0,56.88,15.67,288.0,1483.69,144.0,6,0.0,198.22,0,tripinfo_EastA509ToH6.34 emissions_EastA509ToH6.34,gasoline_euro4,1.19,33086.979393,871487.376338,170.510863,18.554697,374.925593,277973.327374,0.0
V6ToEastH6.64,768.0,468_1,0.0,0.0,0.0,901.0,522_1,56.88,12.5,133.0,1512.23,0.0,0,0.0,15.68,0,tripinfo_V6ToEastH6.64 emissions_V6ToEastH6.64,gasoline_euro4,0.94,4310.894176,367242.939473,27.822231,5.477826,141.770938,117134.035014,0.0
EastA509ToH6.37,666.0,770_0,0.0,0.0,0.0,902.0,522_0,56.88,15.27,236.0,1483.69,100.0,4,0.0,142.99,0,tripinfo_EastA509ToH6.37 emissions_EastA509ToH6.37,electric,1.15,0.0,0.0,0.0,0.0,0.0,0.0,0.0
WestH6ToSaxonSt.41,492.0,524_0,0.0,0.0,0.0,904.0,771_0,56.88,10.47,412.0,2602.65,133.0,4,0.0,187.37,0,tripinfo_WestH6ToSaxonSt.41 emissions_WestH6ToSaxonSt.41,gasoline_euro4,0.84,33224.422977,1018479.770427,174.800061,19.170604,424.652526,324858.042382,0.0
WestH6ToSaxonSt.43,516.0,524_0,0.0,0.0,0.0,906.0,771_1,56.88,12.13,390.0,2600.53,114.0,4,0.0,183.67,0,tripinfo_WestH6ToSaxonSt.43 emissions_WestH6ToSaxonSt.43,electric,0.91,0.0,0.0,0.0,0.0,0.0,0.0,0.0
WestA509ToEastH6.13,468.0,773_0,0.0,0.0,0.0,908.0,522_0,56.88,13.9,440.0,2716.31,181.0,6,0.0,243.8,0,tripinfo_WestA509ToEastH6.13 emissions_WestA509ToEastH6.13,electric,1.0,0.0,0.0,0.0,0.0,0.0,0.0,0.0
EastA509ToH6.35,630.0,770_0,0.0,0.0,0.0,908.0,522_1,56.88,15.29,278.0,1483.82,123.0,4,0.0,180.74,0,tripinfo_EastA509ToH6.35 emissions_EastA509ToH6.35,electric,1.1,0.0,0.0,0.0,0.0,0.0,0.0,0.0
EastAveburyToWestA509.40,540.0,483_1,0.0,0.0,0.0,940.0,774_2,29.75,13.47,400.0,2246.79,187.0,4,0.0,235.19,0,tripinfo_EastAveburyToWestA509.40 emissions_EastAveburyToWestA509.40,electric,1.01,0.0,0.0,0.0,0.0,0.0,0.0,0.0
EastAveburyToWestA509.53,650.0,483_1,0.0,0.0,0.0,943.0,774_0,29.75,13.56,293.0,2241.69,89.0,5,0.0,134.99,0,tripinfo_EastAveburyToWestA509.53 emissions_EastAveburyToWestA509.53,gasoline_euro4,1.05,23650.663628,833507.328645,126.172851,15.566165,342.897556,265856.524916,0.0
EastAveburyToWestA509.37,514.0,483_1,0.0,0.0,0.0,945.0,774_2,29.75,14.92,431.0,2215.91,224.0,6,0.0,291.58,0,tripinfo_EastAveburyToWestA509.37 emissions_EastAveburyToWestA509.37,electric,1.15,0.0,0.0,0.0,0.0,0.0,0.0,0.0
EastAveburyToWestA509.48,608.0,483_1,0.0,0.0,0.0,946.0,774_1,29.75,11.87,338.0,2246.8,75.0,3,0.0,161.8,0,tripinfo_EastAveburyToWestA509.48 emissions_EastAveburyToWestA509.48,electric,0.95,0.0,0.0,0.0,0.0,0.0,0.0,0.0
EastSilburyToEastAvebury.5,480.0,317_0,0.0,0.0,0.0,948.0,213_0,19.13,13.33,468.0,680.89,367.0,7,0.0,416.35,0,tripinfo_EastSilburyToEastAvebury.5 emissions_EastSilburyToEastAvebury.5,electric,0.97,0.0,0.0,0.0,0.0,0.0,0.0,0.0
V6ToEastH6.69,828.0,468_1,0.0,0.0,0.0,955.0,522_1,56.88,13.09,127.0,1512.23,0.0,0,0.0,12.38,0,tripinfo_V6ToEastH6.69 emissions_V6ToEastH6.69,gasoline_euro4,0.95,3984.633048,369721.801766,26.219979,5.371388,141.146027,117924.638586,0.0
SouthEvansGateToSilbury.36,648.0,526_0,0.0,0.0,0.0,961.0,215_1,19.43,12.76,313.0,2430.12,97.0,2,0.0,129.74,0,tripinfo_SouthEvansGateToSilbury.36 emissions_SouthEvansGateToSilbury.36,electric,0.96,0.0,0.0,0.0,0.0,0.0,0.0,0.0
WestH6ToSaxonSt.52,624.0,524_0,0.0,0.0,0.0,962.0,771_0,56.88,14.82,338.0,2601.44,124.0,5,0.0,172.54,0,tripinfo_WestH6ToSaxonSt.52 emissions_WestH6ToSaxonSt.52,electric,1.14,0.0,0.0,0.0,0.0,0.0,0.0,0.0
SouthEvansGateToSilbury.41,738.0,526_0,0.0,0.0,0.0,963.0,215_1,19.43,13.17,225.0,1477.52,92.0,2,0.0,121.36,0,tripinfo_SouthEvansGateToSilbury.41 emissions_SouthEvansGateToSilbury.41,electric,1.03,0.0,0.0,0.0,0.0,0.0,0.0,0.0
SouthEvansGateToSilbury.39,702.0,526_0,0.0,0.0,0.0,964.0,215_1,19.43,15.97,262.0,2430.19,63.0,1,0.0,114.1,0,tripinfo_SouthEvansGateToSilbury.39 emissions_SouthEvansGateToSilbury.39,gasoline_euro4,1.18,19669.36741,859593.983192,108.834502,16.08313,352.538083,274174.203595,0.0
WestH6ToSaxonSt.49,588.0,524_0,0.0,0.0,0.0,965.0,771_0,56.88,13.31,377.0,2602.68,147.0,4,0.0,198.13,0,tripinfo_WestH6ToSaxonSt.49 emissions_WestH6ToSaxonSt.49,electric,1.05,0.0,0.0,0.0,0.0,0.0,0.0,0.0
V6ToEastH6.65,780.0,468_1,0.0,0.0,0.0,965.0,522_1,56.88,12.54,185.0,2060.88,0.0,0,0.0,22.08,0,tripinfo_V6ToEastH6.65 emissions_V6ToEastH6.65,gasoline_euro4,0.92,5521.650348,474690.803514,35.641453,6.864594,182.096124,151405.291388,0.0
SouthEvansGateToSilbury.40,720.0,526_0,0.0,0.0,0.0,966.0,215_1,19.43,15.11,246.0,1477.6,109.0,2,0.0,149.2,0,tripinfo_SouthEvansGateToSilbury.40 emissions_SouthEvansGateToSilbury.40,gasoline_euro4,1.11,24877.477167,736196.246013,130.043765,15.041444,312.706999,234819.083103,0.0
EastAveburyToWestA509.42,557.0,483_1,0.0,0.0,0.0,967.0,774_0,29.75,8.61,410.0,2243.75,127.0,5,0.0,175.07,0,tripinfo_EastAveburyToWestA509.42 emissions_EastAveburyToWestA509.42,electric,0.71,0.0,0.0,0.0,0.0,0.0,0.0,0.0
WestH6ToSaxonSt.51,612.0,524_0,0.0,0.0,0.0,967.0,771_0,56.88,14.01,355.0,2600.58,119.0,5,0.0,173.83,0,tripinfo_WestH6ToSaxonSt.51 emissions_WestH6ToSaxonSt.51,gasoline_euro4,1.04,30357.112335,1031834.60622,161.527425,19.811081,428.811821,329115.323019,0.0
SouthEvansGateToSilbury.38,684.0,526_0,0.0,0.0,0.0,968.0,215_1,19.43,13.4,284.0,2410.48,75.0,2,0.0,110.68,0,tripinfo_SouthEvansGateToSilbury.38 emissions_SouthEvansGateToSilbury.38,electric,1.01,0.0,0.0,0.0,0.0,0.0,0.0,0.0
V6ToEastH6.67,804.0,468_1,0.0,0.0,0.0,968.0,522_1,56.88,14.71,164.0,2060.88,2.0,1,0.0,23.62,0,tripinfo_V6ToEastH6.67 emissions_V6ToEastH6.67,gasoline_euro4,1.07,6231.275257,516640.532488,39.629882,8.279757,201.296917,164784.626114,0.0
WestH6ToSaxonSt.55,660.0,524_0,0.0,0.0,0.0,969.0,771_0,56.88,14.69,309.0,2600.58,88.0,5,0.0,139.58,0,tripinfo_WestH6ToSaxonSt.55 emissions_WestH6ToSaxonSt.55,electric,1.11,0.0,0.0,0.0,0.0,0.0,0.0,0.0
SouthEvansGateToSilbury.44,792.0,526_0,0.0,0.0,0.0,970.0,215_1,19.43,14.76,178.0,1477.59,62.0,1,0.0,80.53,0,tripinfo_SouthEvansGateToSilbury.44 emissions_SouthEvansGateToSilbury.44,electric,1.1,0.0,0.0,0.0,0.0,0.0,0.0,0.0
WestH6ToSaxonSt.56,672.0,524_0,0.0,0.0,0.0,971.0,771_0,56.88,15.74,299.0,2603.36,79.0,4,0.0,132.57,0,tripinfo_WestH6ToSaxonSt.56 emissions_WestH6ToSaxonSt.56,electric,1.13,0.0,0.0,0.0,0.0,0.0,0.0,0.0
WestH6ToSaxonSt.53,636.0,524_0,0.0,0.0,0.0,973.0,771_0,56.88,13.92,337.0,2600.53,99.0,3,0.0,161.37,0,tripinfo_WestH6ToSaxonSt.53 emissions_WestH6ToSaxonSt.53,electric,1.07,0.0,0.0,0.0,0.0,0.0,0.0,0.0
EastA509ToH6.38,684.0,770_0,0.0,0.0,0.0,974.0,522_0,56.88,12.22,290.0,1483.64,147.0,4,0.0,175.55,0,tripinfo_EastA509ToH6.38 emissions_EastA509ToH6.38,electric,0.94,0.0,0.0,0.0,0.0,0.0,0.0,0.0
EastA509ToH6.40,720.0,770_0,0.0,0.0,0.0,974.0,522_1,56.88,14.92,254.0,1483.8,124.0,3,0.0,159.72,0,tripinfo_EastA509ToH6.40 emissions_EastA509ToH6.40,gasoline_euro4,1.13,26904.613417,763635.577296,139.626663,15.669743,324.099962,243571.809314,0.0
WestH6ToSaxonSt.50,600.0,524_0,0.0,0.0,0.0,976.0,771_0,56.88,13.27,376.0,2602.65,128.0,4,0.0,186.81,0,tripinfo_WestH6ToSaxonSt.50 emissions_WestH6ToSaxonSt.50,gasoline_euro4,0.99,32324.478814,1049440.078287,171.105702,20.413641,439.524676,334731.361336,0.0
EastA509ToH6.42,756.0,770_0,0.0,0.0,0.0,976.0,522_0,56.88,15.0,220.0,1483.69,91.0,3,0.0,123.88,0,tripinfo_EastA509ToH6.42 emissions_EastA509ToH6.42,gasoline_euro4,1.12,21459.428633,675868.295911,113.06113,13.554774,284.504514,215576.185758,0.0
EastA509ToH6.39,702.0,770_0,0.0,0.0,0.0,978.0,522_0,56.88,15.41,276.0,1483.82,131.0,5,0.0,183.57,0,tripinfo_EastA509ToH6.39 emissions_EastA509ToH6.39,electric,1.16,0.0,0.0,0.0,0.0,0.0,0.0,0.0
WestH6ToSaxonSt.54,648.0,524_0,0.0,0.0,0.0,980.0,771_0,56.88,12.36,332.0,2602.68,87.0,4,0.0,140.25,0,tripinfo_WestH6ToSaxonSt.54 emissions_WestH6ToSaxonSt.54,gasoline_euro4,0.98,24253.983559,908356.784076,130.753065,16.417651,371.008622,289730.279293,0.0
EastA509ToH6.36,648.0,770_0,0.0,0.0,0.0,981.0,522_0,56.88,14.49,333.0,1483.82,185.0,5,0.0,231.69,0,tripinfo_EastA509ToH6.36 emissions_EastA509ToH6.36,gasoline_euro4,1.06,38970.740083,978365.216755,199.633741,20.669975,420.621083,312064.848372,0.0
EastSilburyToEastAvebury.8,528.0,317_0,0.0,0.0,0.0,982.0,213_1,19.13,13.55,454.0,1590.8,282.0,9,0.0,339.49,0,tripinfo_EastSilburyToEastAvebury.8 emissions_EastSilburyToEastAvebury.8,electric,1.01,0.0,0.0,0.0,0.0,0.0,0.0,0.0
V6ToEastH6.62,744.0,468_1,0.0,0.0,0.0,990.0,522_1,56.88,12.06,246.0,2031.44,68.0,1,0.0,90.26,0,tripinfo_V6ToEastH6.62 emissions_V6ToEastH6.62,gasoline_euro4,0.95,16751.78495,648215.754391,90.886376,11.532351,263.601669,206755.355407,0.0
V6ToEastH6.66,792.0,468_1,0.0,0.0,0.0,991.0,522_1,56.88,14.99,199.0,2031.44,32.0,1,0.0,69.27,0,tripinfo_V6ToEastH6.66 emissions_V6ToEastH6.66,gasoline_euro4,1.14,12151.087689,623167.340669,69.429279,11.18766,252.723226,198763.319038,0.0
EastA509ToH6.44,792.0,770_0,0.0,0.0,0.0,996.0,522_0,56.88,14.36,204.0,1483.69,69.0,3,0.0,102.32,0,tripinfo_EastA509ToH6.44 emissions_EastA509ToH6.44,electric,1.06,0.0,0.0,0.0,0.0,0.0,0.0,0.0
EastAveburyToWestA509.35,497.0,483_1,0.0,0.0,0.0,999.0,774_0,29.75,12.87,502.0,2302.13,265.0,9,0.0,336.35,0,tripinfo_EastAveburyToWestA509.35 emissions_EastAveburyToWestA509.35,electric,1.02,0.0,0.0,0.0,0.0,0.0,0.0,0.0
V6ToEastH6.68,816.0,468_1,0.0,0.0,0.0,1010.0,522_1,56.88,12.43,194.0,2311.67,0.0,0,0.0,20.45,0,tripinfo_V6ToEastH6.68 emissions_V6ToEastH6.68,electric,0.98,0.0,0.0,0.0,0.0,0.0,0.0,0.0
WestA509ToEastH6.14,504.0,773_0,0.0,0.0,0.0,1013.0,522_1,56.88,12.92,509.0,2765.36,237.0,7,0.0,302.46,0,tripinfo_WestA509ToEastH6.14 emissions_WestA509ToEastH6.14,gasoline_euro4,0.97,51149.594832,1374632.784003,264.059323,27.588339,581.518502,438460.032992,0.0
WestA509ToEastH6.15,540.0,773_0,0.0,0.0,0.0,1014.0,522_1,56.88,13.85,474.0,2720.92,220.0,7,0.0,282.27,0,tripinfo_WestA509ToEastH6.15 emissions_WestA509ToEastH6.15,gasoline_euro4,1.02,47040.640488,1301555.523338,243.445806,26.192962,550.111427,415149.957533,0.0
EastA509ToH6.33,594.0,770_0,0.0,0.0,0.0,1018.0,522_1,56.88,16.2,424.0,3322.55,162.0,5,0.0,224.31,0,tripinfo_EastA509ToH6.33 emissions_EastA509ToH6.33,electric,1.21,0.0,0.0,0.0,0.0,0.0,0.0,0.0
V6ToEastH6.71,852.0,468_1,0.0,0.0,0.0,1023.0,522_1,56.88,15.2,171.0,2060.88,1.0,1,0.0,35.05,0,tripinfo_V6ToEastH6.71 emissions_V6ToEastH6.71,electric,1.11,0.0,0.0,0.0,0.0,0.0,0.0,0.0
EastAveburyToWestA509.50,625.0,483_1,0.0,0.0,0.0,1027.0,774_2,29.75,13.35,402.0,2246.79,191.0,4,0.0,243.83,0,tripinfo_EastAveburyToWestA509.50 emissions_EastAveburyToWestA509.50,gasoline_euro4,1.05,41882.289112,1164451.815194,217.186927,23.961308,496.220928,371417.984827,0.0
EastAveburyToWestA509.60,710.0,483_1,0.0,0.0,0.0,1028.0,774_2,29.75,14.56,318.0,2243.72,119.0,4,0.0,167.71,0,tripinfo_EastAveburyToWestA509.60 emissions_EastAveburyToWestA509.60,electric,1.11,0.0,0.0,0.0,0.0,0.0,0.0,0.0
EastAveburyToWestA509.65,752.0,483_1,0.0,0.0,0.0,1029.0,774_1,29.75,16.25,277.0,2240.93,79.0,5,0.0,136.98,0,tripinfo_EastAveburyToWestA509.65 emissions_EastAveburyToWestA509.65,electric,1.19,0.0,0.0,0.0,0.0,0.0,0.0,0.0
V6ToEastH6.75,900.0,468_1,0.0,0.0,0.0,1031.0,522_1,56.88,12.61,131.0,1512.23,0.0,0,0.0,16.86,0,tripinfo_V6ToEastH6.75 emissions_V6ToEastH6.75,electric,0.96,0.0,0.0,0.0,0.0,0.0,0.0,0.0
WestA509ToAvebury.15,270.0,773_0,0.0,0.0,0.0,1032.0,213_0,19.13,12.15,762.0,2277.09,520.0,10,0.0,589.4,0,tripinfo_WestA509ToAvebury.15 emissions_WestA509ToAvebury.15,electric,0.96,0.0,0.0,0.0,0.0,0.0,0.0,0.0
EastAveburyToWestA509.51,633.0,483_1,0.0,0.0,0.0,1033.0,774_2,29.75,13.22,400.0,2246.81,178.0,5,0.0,230.62,0,tripinfo_EastAveburyToWestA509.51 emissions_EastAveburyToWestA509.51,electric,0.98,0.0,0.0,0.0,0.0,0.0,0.0,0.0
V6ToEastH6.72,864.0,468_1,0.0,0.0,0.0,1036.0,522_1,56.88,13.57,172.0,2060.88,1.0,1,0.0,22.58,0,tripinfo_V6ToEastH6.72 emissions_V6ToEastH6.72,electric,1.01,0.0,0.0,0.0,0.0,0.0,0.0,0.0
EastAveburyToWestA509.62,727.0,483_0,0.0,0.0,0.0,1044.0,774_0,29.75,11.63,317.0,2257.8,93.0,3,0.0,133.75,0,tripinfo_EastAveburyToWestA509.62 emissions_EastAveburyToWestA509.62,gasoline_euro4,0.9,24467.107947,839898.777322,130.659574,15.396349,346.435998,267895.854647,0.0
SouthEvansGateToSilbury.42,756.0,526_0,0.0,0.0,0.0,1047.0,215_1,19.43,14.21,291.0,2410.44,92.0,3,0.0,134.25,0,tripinfo_SouthEvansGateToSilbury.42 emissions_SouthEvansGateToSilbury.42,electric,1.11,0.0,0.0,0.0,0.0,0.0,0.0,0.0
EastAveburyToWestA509.47,599.0,483_1,0.0,0.0,0.0,1048.0,774_1,29.75,13.4,449.0,2215.02,199.0,9,0.0,283.19,0,tripinfo_EastAveburyToWestA509.47 emissions_EastAveburyToWestA509.47,gasoline_euro4,0.97,46235.346752,1193018.107404,238.016934,24.599716,510.502066,380531.640668,0.0
EastAveburyToWestA509.52,642.0,483_1,0.0,0.0,0.0,1051.0,774_0,29.75,13.0,409.0,2328.56,165.0,6,0.0,232.26,0,tripinfo_EastAveburyToWestA509.52 emissions_EastAveburyToWestA509.52,electric,0.98,0.0,0.0,0.0,0.0,0.0,0.0,0.0
WestH6ToSaxonSt.61,732.0,524_0,0.0,0.0,0.0,1052.0,771_0,56.88,14.06,320.0,2600.58,90.0,4,0.0,134.72,0,tripinfo_WestH6ToSaxonSt.61 emissions_WestH6ToSaxonSt.61,electric,1.02,0.0,0.0,0.0,0.0,0.0,0.0,0.0
V6ToEastH6.73,876.0,468_1,0.0,0.0,0.0,1052.0,522_1,56.88,12.86,176.0,2060.88,0.0,0,0.0,20.83,0,tripinfo_V6ToEastH6.73 emissions_V6ToEastH6.73,electric,0.97,0.0,0.0,0.0,0.0,0.0,0.0,0.0
WestH6ToSaxonSt.58,696.0,524_0,0.0,0.0,0.0,1055.0,771_0,56.88,13.59,359.0,2602.68,128.0,5,0.0,175.17,0,tripinfo_WestH6ToSaxonSt.58 emissions_WestH6ToSaxonSt.58,gasoline_euro4,1.02,30525.354779,1023891.161847,161.994937,19.436867,423.936804,326582.185978,0.0
WestH6ToSaxonSt.62,744.0,524_0,0.0,0.0,0.0,1057.0,771_0,56.88,14.88,313.0,2603.36,78.0,5,0.0,139.27,0,tripinfo_WestH6ToSaxonSt.62 emissions_WestH6ToSaxonSt.62,gasoline_euro4,1.08,23763.391363,936050.117915,129.190726,17.423993,385.225978,298561.995991,0.0
EastA509ToH6.45,810.0,770_0,0.0,0.0,0.0,1057.0,522_0,56.88,15.4,247.0,1483.77,115.0,4,0.0,156.08,0,tripinfo_EastA509ToH6.45 emissions_EastA509ToH6.45,gasoline_euro4,1.19,26547.251851,770801.240307,138.373023,16.072072,328.742791,245856.748287,0.0
EastAveburyToWestA509.46,591.0,483_1,0.0,0.0,0.0,1058.0,774_1,29.75,11.84,467.0,2218.32,209.0,9,0.0,278.39,0,tripinfo_EastAveburyToWestA509.46 emissions_EastAveburyToWestA509.46,gasoline_euro4,0.85,47131.894027,1188007.361495,242.153453,23.835653,504.840854,378934.817353,0.0
WestH6ToSaxonSt.57,684.0,524_0,0.0,0.0,0.0,1062.0,771_0,56.88,12.43,378.0,2602.68,142.0,3,0.0,179.8,0,tripinfo_WestH6ToSaxonSt.57 emissions_WestH6ToSaxonSt.57,gasoline_euro4,0.95,32218.710665,1038104.207996,170.319454,19.781899,431.796707,331116.321867,0.0
WestH6ToSaxonSt.59,708.0,524_0,0.0,0.0,0.0,1064.0,771_0,56.88,12.15,356.0,2602.68,109.0,6,0.0,161.13,0,tripinfo_WestH6ToSaxonSt.59 emissions_WestH6ToSaxonSt.59,electric,0.96,0.0,0.0,0.0,0.0,0.0,0.0,0.0
V6ToEastH6.78,936.0,468_1,0.0,0.0,0.0,1066.0,522_1,56.88,11.75,130.0,1512.23,0.0,0,0.0,11.56,0,tripinfo_V6ToEastH6.78 emissions_V6ToEastH6.78,electric,0.92,0.0,0.0,0.0,0.0,0.0,0.0,0.0
V6ToEastH6.74,888.0,468_1,0.0,0.0,0.0,1068.0,522_1,56.88,14.19,180.0,2060.88,5.0,1,0.0,35.45,0,tripinfo_V6ToEastH6.74 emissions_V6ToEastH6.74,gasoline_euro4,1.04,7942.197394,559686.948166,48.560486,9.322019,222.339765,178514.722361,0.0
EastSilburyToEastAvebury.11,576.0,317_1,0.0,0.0,0.0,1070.0,213_1,19.13,12.67,494.0,2116.49,285.0,9,0.0,337.09,0,tripinfo_EastSilburyToEastAvebury.11 emissions_EastSilburyToEastAvebury.11,gasoline_euro4,0.98,56893.273969,1349371.626078,290.038708,28.713918,582.494511,430404.938252,0.0
WestA509ToAvebury.18,327.0,773_0,0.0,0.0,3.0,1072.0,213_1,19.13,13.58,745.0,2331.58,503.0,11,0.0,577.96,0,tripinfo_WestA509ToAvebury.18 emissions_WestA509ToAvebury.18,electric,1.02,0.0,0.0,0.0,0.0,0.0,0.0,0.0
V6ToEastH6.70,840.0,468_1,0.0,0.0,0.0,1074.0,522_1,56.88,12.51,234.0,2031.44,61.0,1,0.0,85.57,0,tripinfo_V6ToEastH6.70 emissions_V6ToEastH6.70,electric,0.99,0.0,0.0,0.0,0.0,0.0,0.0,0.0
V6ToEastH6.76,912.0,468_1,0.0,0.0,0.0,1075.0,522_0,56.88,16.43,163.0,2031.44,6.0,1,0.0,39.86,0,tripinfo_V6ToEastH6.76 emissions_V6ToEastH6.76,electric,1.2,0.0,0.0,0.0,0.0,0.0,0.0,0.0
WestA509ToAvebury.25,450.0,773_0,0.0,0.0,0.0,1078.0,213_1,19.13,14.6,628.0,2287.96,387.0,10,0.0,472.22,0,tripinfo_WestA509ToAvebury.25 emissions_WestA509ToAvebury.25,electric,1.06,0.0,0.0,0.0,0.0,0.0,0.0,0.0
WestH6ToSaxonSt.60,720.0,524_0,0.0,0.0,0.0,1079.0,771_0,56.88,10.37,359.0,2600.56,80.0,6,0.0,130.07,0,tripinfo_WestH6ToSaxonSt.60 emissions_WestH6ToSaxonSt.60,gasoline_euro4,0.82,23982.240244,867311.474923,129.146184,14.914813,352.180259,276639.740052,0.0
EastA509ToH6.46,828.0,770_0,0.0,0.0,0.0,1083.0,522_1,56.88,14.27,255.0,1483.69,116.0,4,0.0,150.68,0,tripinfo_EastA509ToH6.46 emissions_EastA509ToH6.46,electric,1.03,0.0,0.0,0.0,0.0,0.0,0.0,0.0
EastA509ToH6.43,774.0,770_0,0.0,0.0,0.0,1086.0,522_0,56.88,10.35,312.0,1483.75,145.0,5,0.0,179.69,0,tripinfo_EastA509ToH6.43 emissions_EastA509ToH6.43,gasoline_euro4,0.81,31387.204325,796538.674185,161.404341,15.955267,338.749855,254069.205723,0.0
WestA509ToEastH6.20,720.0,773_0,0.0,0.0,0.0,1094.0,522_1,56.88,13.55,374.0,2720.9,141.0,4,0.0,177.03,0,tripinfo_WestA509ToEastH6.20 emissions_WestA509ToEastH6.20,gasoline_euro4,1.0,31485.343014,1037483.602605,166.267036,19.384143,426.708219,330918.395702,0.0
WestA509ToEastH6.16,576.0,773_0,0.0,0.0,0.0,1096.0,522_1,56.88,14.79,520.0,2765.37,279.0,6,0.0,342.48,0,tripinfo_WestA509ToEastH6.16 emissions_WestA509ToEastH6.16,gasoline_euro4,1.13,57260.876453,1498402.938984,294.982464,31.588221,642.17551,477937.698387,0.0
EastAveburyToWestA509.45,582.0,483_1,0.0,0.0,0.0,1096.0,774_0,29.75,11.12,514.0,2302.13,247.0,10,0.0,319.9,0,tripinfo_EastAveburyToWestA509.45 emissions_EastAveburyToWestA509.45,gasoline_euro4,0.87,54042.864627,1340924.624237,277.17705,27.78812,576.118304,427709.819945,0.0
V6ToEastH6.77,924.0,468_1,0.0,0.0,0.0,1098.0,522_1,56.88,14.06,174.0,2060.88,1.0,1,0.0,34.17,0,tripinfo_V6ToEastH6.77 emissions_V6ToEastH6.77,electric,1.08,0.0,0.0,0.0,0.0,0.0,0.0,0.0
V6ToEastH6.82,984.0,468_1,0.0,0.0,0.0,1104.0,522_1,56.88,13.46,120.0,1512.23,0.0,0,0.0,16.86,0,tripinfo_V6ToEastH6.82 emissions_V6ToEastH6.82,gasoline_euro4,1.06,4610.744903,382532.698433,29.485579,6.344087,151.149413,122010.128246,0.0
V6ToEastH6.83,996.0,468_1,0.0,0.0,0.0,1106.0,522_1,56.88,15.13,110.0,1512.23,0.0,0,0.0,16.77,0,tripinfo_V6ToEastH6.83 emissions_V6ToEastH6.83,electric,1.18,0.0,0.0,0.0,0.0,0.0,0.0,0.0
EastAveburyToWestA509.63,735.0,483_1,0.0,0.0,0.0,1118.0,774_1,29.75,12.3,383.0,2243.75,165.0,8,0.0,212.42,0,tripinfo_EastAveburyToWestA509.63 emissions_EastAveburyToWestA509.63,gasoline_euro4,0.97,36789.998536,1039957.796103,191.142697,20.740121,439.298896,331709.286298,0.0
WestA509ToAvebury.23,414.0,773_0,0.0,0.0,0.0,1120.0,213_0,19.13,13.75,706.0,2273.84,480.0,9,0.0,549.97,0,tripinfo_WestA509ToAvebury.23 emissions_WestA509ToAvebury.23,gasoline_euro4,1.06,90619.193207,1927156.768952,456.661321,42.81639,842.759279,614703.163348,0.0
EastAveburyToWestA509.79,871.0,483_0,0.0,0.0,0.0,1123.0,774_0,29.75,14.21,252.0,2257.78,54.0,2,0.0,95.11,0,tripinfo_EastAveburyToWestA509.79 emissions_EastAveburyToWestA509.79,gasoline_euro4,1.05,18181.082372,780030.413211,100.622439,14.485041,321.012711,248797.084493,0.0
EastAveburyToWestA509.78,863.0,483_0,0.0,0.0,0.0,1126.0,774_0,29.75,13.46,263.0,2257.99,56.0,3,0.0,103.32,0,tripinfo_EastAveburyToWestA509.78 emissions_EastAveburyToWestA509.78,gasoline_euro4,1.03,18243.33182,775172.936127,100.299014,13.912811,315.18191,247248.390876,0.0
EastAveburyToWestA509.61,718.0,483_1,0.0,0.0,0.0,1128.0,774_1,29.75,11.37,410.0,2246.79,158.0,5,0.0,217.33,0,tripinfo_EastAveburyToWestA509.61 emissions_EastAveburyToWestA509.61,electric,0.86,0.0,0.0,0.0,0.0,0.0,0.0,0.0
EastAveburyToWestA509.73,820.0,483_1,0.0,0.0,0.0,1128.0,774_0,29.75,14.36,308.0,2241.68,102.0,5,0.0,152.33,0,tripinfo_EastAveburyToWestA509.73 emissions_EastAveburyToWestA509.73,electric,1.07,0.0,0.0,0.0,0.0,0.0,0.0,0.0
EastAveburyToWestA509.54,659.0,483_1,0.0,0.0,0.0,1129.0,774_2,29.75,14.82,470.0,2215.02,257.0,8,0.0,323.52,0,tripinfo_EastAveburyToWestA509.54 emissions_EastAveburyToWestA509.54,gasoline_euro4,1.09,52990.431296,1323432.252024,271.579229,28.034454,569.121837,422129.530238,0.0
EastAveburyToWestA509.72,812.0,483_1,0.0,0.0,0.0,1129.0,774_0,29.75,15.28,317.0,2241.68,115.0,4,0.0,171.86,0,tripinfo_EastAveburyToWestA509.72 emissions_EastAveburyToWestA509.72,gasoline_euro4,1.14,29661.548962,969047.190098,157.289184,19.43215,408.856972,309088.326658,0.0
EastAveburyToWestA509.49,616.0,483_1,0.0,0.0,0.0,1136.0,774_1,29.75,12.54,520.0,2218.4,271.0,8,0.0,353.58,0,tripinfo_EastAveburyToWestA509.49 emissions_EastAveburyToWestA509.49,electric,0.97,0.0,0.0,0.0,0.0,0.0,0.0,0.0
SouthEvansGateToSilbury.49,882.0,526_0,0.0,0.0,0.0,1136.0,215_1,19.43,14.35,254.0,1477.59,126.0,2,0.0,152.35,0,tripinfo_SouthEvansGateToSilbury.49 emissions_SouthEvansGateToSilbury.49,gasoline_euro4,1.05,26379.29951,747278.274782,136.873907,15.1484,315.757562,238354.710345,0.0
WestH6ToSaxonSt.64,768.0,524_0,0.0,0.0,0.0,1138.0,771_0,56.88,13.58,370.0,2602.67,145.0,5,0.0,185.09,0,tripinfo_WestH6ToSaxonSt.64 emissions_WestH6ToSaxonSt.64,electric,1.02,0.0,0.0,0.0,0.0,0.0,0.0,0.0
SouthEvansGateToSilbury.45,810.0,526_0,0.0,0.0,0.0,1138.0,215_1,19.43,13.13,328.0,2430.15,109.0,3,0.0,152.23,0,tripinfo_SouthEvansGateToSilbury.45 emissions_SouthEvansGateToSilbury.45,gasoline_euro4,1.0,26812.74369,945507.742007,143.260176,17.569796,389.268811,301580.420026,0.0
WestH6ToSaxonSt.65,780.0,524_0,0.0,0.0,0.0,1140.0,771_0,56.88,13.84,360.0,2603.34,127.0,4,0.0,185.59,0,tripinfo_WestH6ToSaxonSt.65 emissions_WestH6ToSaxonSt.65,gasoline_euro4,1.08,31358.804913,1054151.907575,166.57587,20.579178,440.426991,336233.480256,0.0
SouthEvansGateToSilbury.48,864.0,526_0,0.0,0.0,0.0,1140.0,215_1,19.43,13.84,276.0,2430.15,57.0,2,0.0,101.89,0,tripinfo_SouthEvansGateToSilbury.48 emissions_SouthEvansGateToSilbury.48,electric,1.01,0.0,0.0,0.0,0.0,0.0,0.0,0.0
WestH6ToSaxonSt.68,816.0,524_0,0.0,0.0,0.0,1142.0,771_0,56.88,14.52,326.0,2602.68,98.0,5,0.0,157.76,0,tripinfo_WestH6ToSaxonSt.68 emissions_WestH6ToSaxonSt.68,gasoline_euro4,1.12,26808.213722,982374.987131,144.192575,18.774522,407.099109,313338.386082,0.0
SouthEvansGateToSilbury.46,828.0,526_0,0.0,0.0,0.0,1142.0,215_1,19.43,14.67,314.0,2410.47,101.0,5,0.0,153.57,0,tripinfo_SouthEvansGateToSilbury.46 emissions_SouthEvansGateToSilbury.46,gasoline_euro4,1.09,27373.853279,965309.804537,146.228517,18.845788,402.761752,307895.431349,0.0
V6ToEastH6.80,960.0,468_1,0.0,0.0,0.0,1142.0,522_1,56.88,13.24,182.0,2060.88,2.0,1,0.0,28.99,0,tripinfo_V6ToEastH6.80 emissions_V6ToEastH6.80,gasoline_euro4,0.98,6832.670881,525531.960716,42.75899,8.19537,204.955476,167621.132342,0.0
SouthEvansGateToSilbury.52,936.0,526_0,0.0,0.0,0.0,1144.0,215_1,19.43,12.91,208.0,1477.52,60.0,2,0.0,101.36,0,tripinfo_SouthEvansGateToSilbury.52 emissions_SouthEvansGateToSilbury.52,electric,1.01,0.0,0.0,0.0,0.0,0.0,0.0,0.0
V6ToEastH6.81,972.0,468_1,0.0,0.0,0.0,1144.0,522_1,56.88,13.89,172.0,2060.88,0.0,0,0.0,28.07,0,tripinfo_V6ToEastH6.81 emissions_V6ToEastH6.81,gasoline_euro4,1.04,6119.095951,527343.288464,39.571563,8.178791,204.611639,168198.479932,0.0
EastAveburyToWestA509.58,693.0,483_1,0.0,0.0,0.0,1145.0,774_1,29.75,12.47,452.0,2218.29,210.0,8,0.0,284.28,0,tripinfo_EastAveburyToWestA509.58 emissions_EastAveburyToWestA509.58,gasoline_euro4,0.96,47455.68464,1209405.098564,243.77215,25.003901,517.677394,385758.808103,0.0
EastAveburyToWestA509.55,667.0,483_1,0.0,0.0,0.0,1147.0,774_2,29.75,12.72,480.0,2215.02,243.0,9,0.0,315.2,0,tripinfo_EastAveburyToWestA509.55 emissions_EastAveburyToWestA509.55,electric,0.98,0.0,0.0,0.0,0.0,0.0,0.0,0.0
WestH6ToSaxonSt.69,828.0,524_0,0.0,0.0,0.0,1147.0,771_0,56.88,15.05,319.0,2602.68,86.0,5,0.0,147.83,0,tripinfo_WestH6ToSaxonSt.69 emissions_WestH6ToSaxonSt.69,gasoline_euro4,1.1,25277.524015,952066.799154,136.501206,17.897595,391.985265,303671.225998,0.0
SouthEvansGateToSilbury.47,846.0,526_0,0.0,0.0,0.0,1149.0,215_1,19.43,10.68,303.0,2430.19,50.0,2,0.0,84.22,0,tripinfo_SouthEvansGateToSilbury.47 emissions_SouthEvansGateToSilbury.47,electric,0.8,0.0,0.0,0.0,0.0,0.0,0.0,0.0
SouthEvansGateToSilbury.43,774.0,526_0,0.0,0.0,0.0,1150.0,215_1,19.43,11.52,376.0,2410.48,127.0,6,0.0,183.53,0,tripinfo_SouthEvansGateToSilbury.43 emissions_SouthEvansGateToSilbury.43,electric,0.91,0.0,0.0,0.0,0.0,0.0,0.0,0.0
V6ToEastH6.86,1032.0,468_1,0.0,0.0,0.0,1150.0,522_1,56.88,13.85,118.0,1511.92,0.0,0,0.0,16.53,0,tripinfo_V6ToEastH6.86 emissions_V6ToEastH6.86,gasoline_euro4,1.08,4527.202922,388394.584126,28.846208,6.162337,150.992652,123879.986125,0.0
SouthEvansGateToSilbury.50,900.0,526_0,0.0,0.0,0.0,1152.0,215_1,19.43,15.16,252.0,2410.44,37.0,4,0.0,110.74,0,tripinfo_SouthEvansGateToSilbury.50 emissions_SouthEvansGateToSilbury.50,gasoline_euro4,1.24,18589.663492,857180.147684,104.529029,16.70608,357.178534,273402.87573,0.0
WestH6ToSaxonSt.63,756.0,524_0,0.0,0.0,0.0,1154.0,771_0,56.88,13.25,398.0,2602.7,151.0,4,0.0,208.97,0,tripinfo_WestH6ToSaxonSt.63 emissions_WestH6ToSaxonSt.63,electric,1.0,0.0,0.0,0.0,0.0,0.0,0.0,0.0
WestH6ToSaxonSt.67,804.0,524_0,0.0,0.0,0.0,1155.0,771_0,56.88,15.14,351.0,2601.44,111.0,7,0.0,181.64,0,tripinfo_WestH6ToSaxonSt.67 emissions_WestH6ToSaxonSt.67,electric,1.11,0.0,0.0,0.0,0.0,0.0,0.0,0.0
WestA509ToAvebury.22,399.0,773_0,0.0,0.0,3.0,1156.0,213_0,19.13,14.76,757.0,2332.45,499.0,10,0.0,600.81,0,tripinfo_WestA509ToAvebury.22 emissions_WestA509ToAvebury.22,electric,1.09,0.0,0.0,0.0,0.0,0.0,0.0,0.0
EastA509ToH6.47,846.0,770_0,0.0,0.0,0.0,1156.0,522_0,56.88,12.79,310.0,1483.64,166.0,5,0.0,202.64,0,tripinfo_EastA509ToH6.47 emissions_EastA509ToH6.47,electric,1.0,0.0,0.0,0.0,0.0,0.0,0.0,0.0
V6ToEastH6.87,1044.0,468_1,0.0,0.0,0.0,1156.0,522_1,56.88,14.17,112.0,1512.23,0.0,0,0.0,13.79,0,tripinfo_V6ToEastH6.87 emissions_V6ToEastH6.87,electric,1.11,0.0,0.0,0.0,0.0,0.0,0.0,0.0
EastA509ToH6.48,864.0,770_0,0.0,0.0,0.0,1161.0,522_0,56.88,13.8,297.0,1483.8,145.0,6,0.0,195.29,0,tripinfo_EastA509ToH6.48 emissions_EastA509ToH6.48,electric,1.05,0.0,0.0,0.0,0.0,0.0,0.0,0.0
EastSilburyToEastAvebury.13,608.0,317_0,0.0,0.0,0.0,1163.0,213_0,19.13,13.57,555.0,1590.8,360.0,8,0.0,440.87,0,tripinfo_EastSilburyToEastAvebury.13 emissions_EastSilburyToEastAvebury.13,gasoline_euro4,1.02,70587.517966,1462591.299799,355.204798,33.014485,645.205017,466521.684855,0.0
WestH6ToSaxonSt.66,792.0,524_0,0.0,0.0,0.0,1165.0,771_0,56.88,10.63,373.0,2602.68,96.0,4,0.0,151.58,0,tripinfo_WestH6ToSaxonSt.66 emissions_WestH6ToSaxonSt.66,gasoline_euro4,0.85,26634.708579,931295.148554,142.601414,16.239015,379.029673,297048.475676,0.0
V6ToEastH6.79,948.0,468_1,0.0,0.0,0.0,1172.0,522_1,56.88,11.72,224.0,2031.44,28.0,2,0.0,54.63,0,tripinfo_V6ToEastH6.79 emissions_V6ToEastH6.79,electric,0.87,0.0,0.0,0.0,0.0,0.0,0.0,0.0
EastA509ToH6.49,882.0,770_0,0.0,0.0,0.0,1173.0,522_0,56.88,13.79,291.0,1483.8,126.0,6,0.0,188.26,0,tripinfo_EastA509ToH6.49 emissions_EastA509ToH6.49,electric,1.05,0.0,0.0,0.0,0.0,0.0,0.0,0.0
WestA509ToEastH6.22,792.0,773_0,0.0,0.0,0.0,1191.0,522_1,56.88,12.8,399.0,2765.35,138.0,6,0.0,190.62,0,tripinfo_WestA509ToEastH6.22 emissions_WestA509ToEastH6.22,electric,0.96,0.0,0.0,0.0,0.0,0.0,0.0,0.0
V6ToEastH6.84,1008.0,468_1,0.0,0.0,0.0,1193.0,522_1,56.88,12.9,185.0,2060.88,1.0,1,0.0,27.32,0,tripinfo_V6ToEastH6.84 emissions_V6ToEastH6.84,gasoline_euro4,0.96,6604.546869,512645.793489,41.383975,7.765515,198.989468,163511.225994,0.0
V6ToEastH6.85,1020.0,468_1,0.0,0.0,0.0,1195.0,522_0,56.88,8.37,175.0,1512.23,0.0,0,0.0,17.1,0,tripinfo_V6ToEastH6.85 emissions_V6ToEastH6.85,gasoline_euro4,0.69,5999.015888,358615.594136,35.392816,4.651332,136.879516,114384.028782,0.0
EastSilburyToEastAvebury.12,592.0,317_0,0.0,0.0,0.0,1202.0,213_0,19.13,13.31,610.0,680.92,495.0,11,0.0,558.24,0,tripinfo_EastSilburyToEastAvebury.12 emissions_EastSilburyToEastAvebury.12,electric,0.97,0.0,0.0,0.0,0.0,0.0,0.0,0.0
EastSilburyToEastAvebury.3,448.0,317_1,0.0,0.0,0.0,1205.0,213_0,19.13,12.11,757.0,2107.56,505.0,13,0.0,581.28,0,tripinfo_EastSilburyToEastAvebury.3 emissions_EastSilburyToEastAvebury.3,electric,0.87,0.0,0.0,0.0,0.0,0.0,0.0,0.0
EastAveburyToWestA509.76,846.0,483_1,0.0,0.0,0.0,1212.0,774_0,29.75,12.88,366.0,2241.68,126.0,6,0.0,194.8,0,tripinfo_EastAveburyToWestA509.76 emissions_EastAveburyToWestA509.76,gasoline_euro4,0.97,32803.049637,992690.295603,171.874337,19.234363,415.820863,316631.803504,0.0
EastAveburyToWestA509.89,956.0,483_0,0.0,0.0,0.0,1212.0,774_1,29.75,14.23,256.0,2257.78,53.0,4,0.0,95.28,0,tripinfo_EastAveburyToWestA509.89 emissions_EastAveburyToWestA509.89,gasoline_euro4,1.02,18039.038507,783746.7284,99.595608,14.12314,319.333669,249982.737183,0.0
EastAveburyToWestA509.64,744.0,483_1,0.0,0.0,0.0,1214.0,774_1,29.75,11.16,470.0,2246.79,207.0,9,0.0,276.72,0,tripinfo_EastAveburyToWestA509.64 emissions_EastAveburyToWestA509.64,gasoline_euro4,0.86,47405.95141,1211298.715469,243.885775,24.440977,515.747573,386363.414358,0.0
EastAveburyToWestA509.75,837.0,483_1,0.0,0.0,0.0,1215.0,774_0,29.75,13.66,378.0,2241.68,149.0,6,0.0,214.88,0,tripinfo_EastAveburyToWestA509.75 emissions_EastAveburyToWestA509.75,electric,1.01,0.0,0.0,0.0,0.0,0.0,0.0,0.0
EastSilburyToEastAvebury.29,864.0,317_1,0.0,0.0,0.0,1224.0,213_1,19.13,14.52,360.0,2638.68,119.0,5,0.0,179.24,0,tripinfo_EastSilburyToEastAvebury.29 emissions_EastSilburyToEastAvebury.29,electric,1.05,0.0,0.0,0.0,0.0,0.0,0.0,0.0
SouthEvansGateToSilbury.55,990.0,526_0,0.0,0.0,0.0,1224.0,215_1,19.43,14.56,234.0,1477.59,108.0,2,0.0,135.19,0,tripinfo_SouthEvansGateToSilbury.55 emissions_SouthEvansGateToSilbury.55,gasoline_euro4,1.08,23569.067254,693695.247152,123.214468,14.14201,294.286993,221263.005701,0.0
V6ToEastH6.88,1056.0,468_1,0.0,0.0,0.0,1227.0,522_1,56.88,13.65,171.0,2060.88,0.0,0,0.0,19.14,0,tripinfo_V6ToEastH6.88 emissions_V6ToEastH6.88,electric,0.99,0.0,0.0,0.0,0.0,0.0,0.0,0.0
SouthEvansGateToSilbury.51,918.0,526_0,0.0,0.0,0.0,1228.0,215_1,19.43,12.08,310.0,2430.12,81.0,2,0.0,112.64,0,tripinfo_SouthEvansGateToSilbury.51 emissions_SouthEvansGateToSilbury.51,gasoline_euro4,0.89,21250.270577,800076.569331,115.061298,14.160322,326.128238,255193.396652,0.0
SouthEvansGateToSilbury.53,954.0,526_0,0.0,0.0,0.0,1230.0,215_1,19.43,13.96,276.0,2430.12,64.0,2,0.0,106.92,0,tripinfo_SouthEvansGateToSilbury.53 emissions_SouthEvansGateToSilbury.53,electric,1.04,0.0,0.0,0.0,0.0,0.0,0.0,0.0
WestH6ToSaxonSt.71,852.0,524_0,0.0,0.0,0.0,1231.0,771_0,56.88,14.89,379.0,2601.42,153.0,6,0.0,211.44,0,tripinfo_WestH6ToSaxonSt.71 emissions_WestH6ToSaxonSt.71,gasoline_euro4,1.13,35315.718194,1098611.09932,185.284916,21.583752,458.236588,350415.791611,0.0
SouthEvansGateToSilbury.54,972.0,526_0,0.0,0.0,0.0,1231.0,215_1,19.43,14.41,259.0,2430.15,53.0,2,0.0,96.68,0,tripinfo_SouthEvansGateToSilbury.54 emissions_SouthEvansGateToSilbury.54,electric,1.08,0.0,0.0,0.0,0.0,0.0,0.0,0.0
WestH6ToSaxonSt.76,912.0,524_0,0.0,0.0,0.0,1233.0,771_0,56.88,14.76,321.0,2601.21,103.0,4,0.0,152.77,0,tripinfo_WestH6ToSaxonSt.76 emissions_WestH6ToSaxonSt.76,gasoline_euro4,1.12,26610.061334,964077.7074,143.066125,18.714259,400.926645,307502.183223,0.0
EastAveburyToWestA509.86,931.0,483_1,0.0,0.0,0.0,1233.0,774_0,29.75,10.23,302.0,2241.69,42.0,3,0.0,94.3,0,tripinfo_EastAveburyToWestA509.86 emissions_EastAveburyToWestA509.86,gasoline_euro4,0.8,18265.956113,715402.80018,99.607422,11.881499,288.412493,228186.05654,0.0
SouthEvansGateToSilbury.58,1044.0,526_0,0.0,0.0,0.0,1233.0,215_1,19.43,13.55,189.0,1477.52,59.0,1,0.0,87.12,0,tripinfo_SouthEvansGateToSilbury.58 emissions_SouthEvansGateToSilbury.58,electric,1.05,0.0,0.0,0.0,0.0,0.0,0.0,0.0
EastAveburyToWestA509.56,676.0,483_1,0.0,0.0,0.0,1234.0,774_1,29.75,11.97,558.0,2218.32,304.0,10,0.0,373.53,0,tripinfo_EastAveburyToWestA509.56 emissions_EastAveburyToWestA509.56,gasoline_euro4,0.87,62638.847302,1433863.59986,318.418578,30.32822,619.556461,457356.637826,0.0
WestH6ToSaxonSt.73,876.0,524_0,0.0,0.0,0.0,1234.0,771_0,56.88,16.77,358.0,2602.7,140.0,4,0.0,204.94,0,tripinfo_WestH6ToSaxonSt.73 emissions_WestH6ToSaxonSt.73,electric,1.23,0.0,0.0,0.0,0.0,0.0,0.0,0.0
EastAveburyToWestA509.67,769.0,483_1,0.0,0.0,0.0,1235.0,774_1,29.75,13.93,466.0,2218.88,238.0,8,0.0,307.41,0,tripinfo_EastAveburyToWestA509.67 emissions_EastAveburyToWestA509.67,gasoline_euro4,1.01,50365.426606,1251689.004143,257.874732,25.969825,535.357159,399246.671475,0.0
V6ToEastH6.89,1068.0,468_1,0.0,0.0,0.0,1241.0,522_1,56.88,13.16,173.0,2060.88,0.0,0,0.0,21.43,0,tripinfo_V6ToEastH6.89 emissions_V6ToEastH6.89,electric,0.99,0.0,0.0,0.0,0.0,0.0,0.0,0.0
EastAveburyToWestA509.57,684.0,483_1,0.0,0.0,0.0,1243.0,774_0,29.75,11.38,559.0,2214.94,285.0,10,0.0,363.4,0,tripinfo_EastAveburyToWestA509.57 emissions_EastAveburyToWestA509.57,electric,0.82,0.0,0.0,0.0,0.0,0.0,0.0,0.0
WestH6ToSaxonSt.72,864.0,524_0,0.0,0.0,0.0,1243.0,771_0,56.88,10.93,379.0,2602.67,123.0,4,0.0,164.63,0,tripinfo_WestH6ToSaxonSt.72 emissions_WestH6ToSaxonSt.72,electric,0.88,0.0,0.0,0.0,0.0,0.0,0.0,0.0
WestA509ToAvebury.28,507.0,773_0,0.0,0.0,3.0,1244.0,213_1,19.13,13.27,737.0,2331.56,474.0,12,0.0,573.93,0,tripinfo_WestA509ToAvebury.28 emissions_WestA509ToAvebury.28,electric,1.04,0.0,0.0,0.0,0.0,0.0,0.0,0.0
WestH6ToSaxonSt.70,840.0,524_0,0.0,0.0,0.0,1244.0,771_0,56.88,12.96,404.0,2601.22,148.0,8,0.0,233.81,0,tripinfo_WestH6ToSaxonSt.70 emissions_WestH6ToSaxonSt.70,electric,1.1,0.0,0.0,0.0,0.0,0.0,0.0,0.0
EastAveburyToWestA509.59,701.0,483_1,0.0,0.0,0.0,1245.0,774_0,29.75,11.93,544.0,2328.54,292.0,8,0.0,357.7,0,tripinfo_EastAveburyToWestA509.59 emissions_EastAveburyToWestA509.59,electric,0.93,0.0,0.0,0.0,0.0,0.0,0.0,0.0
WestA509ToEastH6.28,1008.0,773_0,0.0,0.0,0.0,1246.0,522_0,56.88,15.51,238.0,2762.5,19.0,1,0.0,65.83,0,tripinfo_WestA509ToEastH6.28 emissions_WestA509ToEastH6.28,gasoline_euro4,1.17,11261.936445,717091.685561,66.894118,12.010851,282.787749,228720.366972,0.0
WestH6ToSaxonSt.74,888.0,524_0,0.0,0.0,0.0,1247.0,771_0,56.88,11.44,359.0,2602.68,102.0,4,0.0,145.66,0,tripinfo_WestH6ToSaxonSt.74 emissions_WestH6ToSaxonSt.74,gasoline_euro4,0.88,26671.151029,937610.487882,142.93021,16.969874,385.128894,299062.051435,0.0
V6ToEastH6.92,1104.0,468_1,0.0,0.0,0.0,1247.0,522_1,56.88,12.06,143.0,1512.23,0.0,0,0.0,21.36,0,tripinfo_V6ToEastH6.92 emissions_V6ToEastH6.92,gasoline_euro4,0.9,5250.979604,380465.179097,32.48724,5.91092,149.464602,121351.503651,0.0
WestH6ToSaxonSt.75,900.0,524_0,0.0,0.0,0.0,1249.0,771_0,56.88,12.95,349.0,2602.7,98.0,4,0.0,154.75,0,tripinfo_WestH6ToSaxonSt.75 emissions_WestH6ToSaxonSt.75,electric,0.97,0.0,0.0,0.0,0.0,0.0,0.0,0.0
WestA509ToEastH6.23,828.0,773_0,0.0,0.0,0.0,1251.0,522_0,56.88,13.43,423.0,2714.28,183.0,4,0.0,222.44,0,tripinfo_WestA509ToEastH6.23 emissions_WestA509ToEastH6.23,electric,0.98,0.0,0.0,0.0,0.0,0.0,0.0,0.0
EastA509ToH6.53,954.0,770_0,0.0,0.0,0.0,1252.0,522_1,56.88,14.18,298.0,1483.8,150.0,5,0.0,194.5,0,tripinfo_EastA509ToH6.53 emissions_EastA509ToH6.53,gasoline_euro4,1.04,32713.858662,860172.573479,168.601758,18.030637,369.25402,274364.646861,0.0
WestH6ToSaxonSt.77,924.0,524_0,0.0,0.0,0.0,1254.0,771_0,56.88,11.73,330.0,2602.7,75.0,3,0.0,117.64,0,tripinfo_WestH6ToSaxonSt.77 emissions_WestH6ToSaxonSt.77,electric,0.89,0.0,0.0,0.0,0.0,0.0,0.0,0.0
EastA509ToH6.54,972.0,770_0,0.0,0.0,0.0,1255.0,522_0,56.88,13.05,283.0,1483.75,125.0,4,0.0,169.3,0,tripinfo_EastA509ToH6.54 emissions_EastA509ToH6.54,gasoline_euro4,0.94,28908.706365,774633.08358,149.493044,15.875198,330.9447,247080.636031,0.0
EastSilburyToEastAvebury.10,560.0,317_0,0.0,0.0,0.0,1256.0,213_0,19.13,11.38,696.0,1590.85,469.0,11,0.0,556.89,0,tripinfo_EastSilburyToEastAvebury.10 emissions_EastSilburyToEastAvebury.10,electric,0.84,0.0,0.0,0.0,0.0,0.0,0.0,0.0
EastA509ToH6.55,990.0,770_0,0.0,0.0,0.0,1256.0,522_1,56.88,14.14,266.0,1483.8,114.0,4,0.0,162.82,0,tripinfo_EastA509ToH6.55 emissions_EastA509ToH6.55,electric,1.04,0.0,0.0,0.0,0.0,0.0,0.0,0.0
EastAveburyToWestA509.66,761.0,483_1,0.0,0.0,0.0,1258.0,774_0,29.75,15.28,497.0,2302.13,265.0,10,0.0,349.85,0,tripinfo_EastAveburyToWestA509.66 emissions_EastAveburyToWestA509.66,electric,1.14,0.0,0.0,0.0,0.0,0.0,0.0,0.0
WestA509ToEastH6.17,612.0,773_0,0.0,0.0,0.0,1266.0,522_0,56.88,9.86,654.0,2704.64,345.0,6,0.0,395.95,0,tripinfo_WestA509ToEastH6.17 emissions_WestA509ToEastH6.17,gasoline_euro4,0.76,69470.535445,1610098.805596,353.673142,33.052957,691.026752,513570.489579,0.0
V6ToEastH6.90,1080.0,468_1,0.0,0.0,0.0,1270.0,522_1,56.88,15.23,190.0,2311.67,0.0,0,0.0,38.51,0,tripinfo_V6ToEastH6.90 emissions_V6ToEastH6.90,gasoline_euro4,1.12,7976.207006,628577.588575,50.162427,10.400842,248.521606,200487.208863,0.0
WestA509ToEastH6.26,936.0,773_0,0.0,0.0,0.0,1274.0,522_0,56.88,10.16,338.0,2762.5,42.0,2,0.0,76.92,0,tripinfo_WestA509ToEastH6.26 emissions_WestA509ToEastH6.26,gasoline_euro4,0.77,16702.847034,761343.120988,93.430551,11.571273,299.826118,242838.737468,0.0
V6ToEastH6.91,1092.0,468_1,0.0,0.0,0.0,1275.0,522_1,56.88,12.99,183.0,2060.88,0.0,0,0.0,29.61,0,tripinfo_V6ToEastH6.91 emissions_V6ToEastH6.91,electric,0.98,0.0,0.0,0.0,0.0,0.0,0.0,0.0
EastAveburyToWestA509.80,880.0,483_1,0.0,0.0,0.0,1281.0,774_2,29.75,17.2,401.0,2246.79,211.0,8,0.0,274.69,0,tripinfo_EastAveburyToWestA509.80 emissions_EastAveburyToWestA509.80,electric,1.32,0.0,0.0,0.0,0.0,0.0,0.0,0.0
EastAveburyToWestA509.90,965.0,483_1,0.0,0.0,0.0,1289.0,774_0,29.75,13.59,324.0,2311.97,82.0,2,0.0,148.77,0,tripinfo_EastAveburyToWestA509.90 emissions_EastAveburyToWestA509.90,gasoline_euro4,0.99,25357.74744,935431.468988,136.983622,17.684689,389.711496,298365.284682,0.0
EastAveburyToWestA509.81,888.0,483_1,0.0,0.0,0.0,1291.0,774_2,29.75,14.33,403.0,2246.8,180.0,5,0.0,247.23,0,tripinfo_EastAveburyToWestA509.81 emissions_EastAveburyToWestA509.81,gasoline_euro4,1.06,41800.869866,1153571.817951,216.368488,23.475986,488.939444,367948.186109,0.0
EastAveburyToWestA509.87,939.0,483_1,0.0,0.0,0.0,1293.0,774_0,29.75,14.03,354.0,2241.68,128.0,5,0.0,197.08,0,tripinfo_EastAveburyToWestA509.87 emissions_EastAveburyToWestA509.87,gasoline_euro4,1.06,32782.975537,1014280.400455,172.669148,20.340604,429.746777,323516.988685,0.0
WestA509ToAvebury.43,774.0,773_0,0.0,0.0,0.0,1294.0,213_0,19.13,11.77,520.0,2323.42,277.0,14,0.0,338.06,0,tripinfo_WestA509ToAvebury.43 emissions_WestA509ToAvebury.43,gasoline_euro4,0.93,56891.848998,1371445.403625,290.437698,28.384676,586.875484,437446.093601,0.0
WestA509ToAvebury.24,435.0,773_0,0.0,0.0,3.0,1296.0,213_0,19.13,12.48,861.0,2323.29,601.0,11,0.0,678.39,0,tripinfo_WestA509ToAvebury.24 emissions_WestA509ToAvebury.24,gasoline_euro4,0.93,112039.139325,2240547.924579,561.92459,50.40062,987.128682,714668.710605,0.0
EastAveburyToWestA509.97,1024.0,483_1,0.0,0.0,0.0,1297.0,774_0,29.75,13.59,273.0,2241.69,53.0,5,0.0,114.23,0,tripinfo_EastAveburyToWestA509.97 emissions_EastAveburyToWestA509.97,gasoline_euro4,1.05,20265.007251,804363.574474,109.911062,14.575812,327.709061,256559.678453,0.0
WestA509ToAvebury.26,471.0,773_0,0.0,0.0,3.0,1298.0,213_0,19.13,13.33,827.0,2288.83,578.0,9,0.0,653.95,0,tripinfo_WestA509ToAvebury.26 emissions_WestA509ToAvebury.26,gasoline_euro4,0.96,108502.039846,2175309.754962,544.17204,49.051087,958.233014,693859.363597,0.0
EastAveburyToWestA509.68,778.0,483_1,0.0,0.0,0.0,1298.0,774_2,29.75,14.41,520.0,2218.4,294.0,9,0.0,373.19,0,tripinfo_EastAveburyToWestA509.68 emissions_EastAveburyToWestA509.68,gasoline_euro4,1.1,61300.464274,1445491.794628,311.768175,30.953002,623.248994,461064.088016,0.0
EastSilburyToEastAvebury.37,992.0,317_1,0.0,0.0,0.0,1300.0,213_0,19.13,14.79,308.0,2107.51,115.0,7,0.0,171.86,0,tripinfo_EastSilburyToEastAvebury.37 emissions_EastSilburyToEastAvebury.37,gasoline_euro4,1.13,29311.092014,941021.745113,154.353099,18.551285,393.59344,300149.953855,0.0
WestA509ToAvebury.52,939.0,773_0,0.0,0.0,3.0,1302.0,213_0,19.13,15.51,363.0,2328.43,172.0,8,0.0,216.11,0,tripinfo_WestA509ToAvebury.52 emissions_WestA509ToAvebury.52,gasoline_euro4,1.16,37322.551229,1086611.415745,194.428365,21.968735,456.926268,346589.214065,0.0
WestH6ToSaxonSt.78,936.0,524_0,0.0,0.0,0.0,1306.0,771_0,56.88,15.08,370.0,2602.68,147.0,4,0.0,202.69,0,tripinfo_WestH6ToSaxonSt.78 emissions_WestH6ToSaxonSt.78,gasoline_euro4,1.12,34474.19441,1081488.407029,181.147236,21.292007,450.899079,344954.106312,0.0
EastAveburyToWestA509.98,1033.0,483_1,0.0,0.0,0.0,1306.0,774_0,29.75,12.51,273.0,2311.97,33.0,3,0.0,83.35,0,tripinfo_EastAveburyToWestA509.98 emissions_EastAveburyToWestA509.98,electric,0.91,0.0,0.0,0.0,0.0,0.0,0.0,0.0
V6ToEastH6.95,1140.0,468_1,0.0,0.0,0.0,1307.0,522_1,56.88,13.92,167.0,2062.87,0.0,0,0.0,25.34,0,tripinfo_V6ToEastH6.95 emissions_V6ToEastH6.95,gasoline_euro4,1.06,5719.961763,499668.811323,37.113832,7.996946,195.914108,159371.217726,0.0
EastSilburyToEastAvebury.36,976.0,317_1,0.0,0.0,0.0,1312.0,213_1,19.13,14.95,336.0,2638.68,96.0,6,0.0,158.98,0,tripinfo_EastSilburyToEastAvebury.36 emissions_EastSilburyToEastAvebury.36,electric,1.08,0.0,0.0,0.0,0.0,0.0,0.0,0.0
SouthEvansGateToSilbury.56,1008.0,526_0,0.0,0.0,0.0,1312.0,215_1,19.43,12.87,304.0,2430.19,79.0,2,0.0,114.87,0,tripinfo_SouthEvansGateToSilbury.56 emissions_SouthEvansGateToSilbury.56,electric,0.93,0.0,0.0,0.0,0.0,0.0,0.0,0.0
V6ToEastH6.94,1128.0,468_1,0.0,0.0,0.0,1313.0,522_1,56.88,12.79,185.0,2060.88,0.0,0,0.0,23.12,0,tripinfo_V6ToEastH6.94 emissions_V6ToEastH6.94,gasoline_euro4,0.93,6175.293691,498431.164883,39.169609,7.593487,194.119519,158977.168777,0.0
SouthEvansGateToSilbury.59,1062.0,526_0,0.0,0.0,0.0,1314.0,215_1,19.43,16.68,252.0,2430.19,63.0,1,0.0,106.39,0,tripinfo_SouthEvansGateToSilbury.59 emissions_SouthEvansGateToSilbury.59,gasoline_euro4,1.21,18495.14645,819972.81283,102.448137,15.11481,333.676579,261536.844101,0.0
SouthEvansGateToSilbury.57,1026.0,526_0,0.0,0.0,0.0,1315.0,215_1,19.43,13.78,289.0,2410.48,82.0,3,0.0,116.07,0,tripinfo_SouthEvansGateToSilbury.57 emissions_SouthEvansGateToSilbury.57,gasoline_euro4,1.01,21319.176214,829188.230187,115.328594,14.799996,336.018676,264478.348484,0.0
SouthEvansGateToSilbury.60,1080.0,526_0,0.0,0.0,0.0,1317.0,215_1,19.43,15.05,237.0,2410.48,35.0,3,0.0,78.3,0,tripinfo_SouthEvansGateToSilbury.60 emissions_SouthEvansGateToSilbury.60,electric,1.1,0.0,0.0,0.0,0.0,0.0,0.0,0.0
V6ToEastH6.99,1188.0,468_1,0.0,0.0,0.0,1320.0,522_1,56.88,13.11,132.0,1512.23,0.0,0,0.0,21.52,0,tripinfo_V6ToEastH6.99 emissions_V6ToEastH6.99,gasoline_euro4,0.99,4977.656566,400699.354986,31.595705,6.321324,157.312338,127804.86642,0.0
SouthEvansGateToSilbury.65,1170.0,526_0,0.0,0.0,0.0,1322.0,215_1,19.43,14.07,152.0,1477.59,32.0,1,0.0,51.01,0,tripinfo_SouthEvansGateToSilbury.65 emissions_SouthEvansGateToSilbury.65,electric,1.06,0.0,0.0,0.0,0.0,0.0,0.0,0.0
WestH6ToSaxonSt.79,948.0,524_0,0.0,0.0,0.0,1324.0,771_0,56.88,12.99,376.0,2602.7,139.0,8,0.0,186.86,0,tripinfo_WestH6ToSaxonSt.79 emissions_WestH6ToSaxonSt.79,gasoline_euro4,1.0,32957.120769,1064133.471155,173.901258,20.306055,441.870739,339418.586375,0.0
WestH6ToSaxonSt.80,960.0,524_0,0.0,0.0,0.0,1326.0,771_0,56.88,12.7,366.0,2601.41,120.0,7,0.0,168.97,0,tripinfo_WestH6ToSaxonSt.80 emissions_WestH6ToSaxonSt.80,gasoline_euro4,0.96,29719.066632,1004764.930024,157.977867,18.631774,414.46223,320481.978281,0.0
WestH6ToSaxonSt.81,972.0,524_0,0.0,0.0,0.0,1328.0,771_0,56.88,13.32,356.0,2602.7,104.0,6,0.0,166.46,0,tripinfo_WestH6ToSaxonSt.81 emissions_WestH6ToSaxonSt.81,gasoline_euro4,0.99,29018.285728,1010373.300909,155.183872,19.377224,421.274053,322269.523593,0.0
WestA509ToEastH6.19,684.0,773_0,0.0,0.0,0.0,1329.0,522_0,56.88,10.84,645.0,2704.58,360.0,7,0.0,418.58,0,tripinfo_WestA509ToEastH6.19 emissions_WestA509ToEastH6.19,electric,0.87,0.0,0.0,0.0,0.0,0.0,0.0,0.0
EastAveburyToWestA509.69,786.0,483_1,0.0,0.0,0.0,1329.0,774_1,29.75,11.8,543.0,2218.32,269.0,8,0.0,354.16,0,tripinfo_EastAveburyToWestA509.69 emissions_EastAveburyToWestA509.69,gasoline_euro4,0.85,57934.99642,1374920.615279,295.596836,28.09107,587.863676,438555.484935,0.0
WestH6ToSaxonSt.84,1008.0,524_0,0.0,0.0,0.0,1330.0,771_0,56.88,16.52,322.0,2603.36,87.0,5,0.0,169.31,0,tripinfo_WestH6ToSaxonSt.84 emissions_WestH6ToSaxonSt.84,electric,1.24,0.0,0.0,0.0,0.0,0.0,0.0,0.0
WestH6ToSaxonSt.82,984.0,524_0,0.0,0.0,0.0,1331.0,771_0,56.88,14.79,347.0,2601.41,99.0,5,0.0,174.23,0,tripinfo_WestH6ToSaxonSt.82 emissions_WestH6ToSaxonSt.82,gasoline_euro4,1.09,28887.230624,1005300.432905,154.291138,19.367932,418.712816,320651.391886,0.0
V6ToEastH6.100,1200.0,468_1,0.0,0.0,0.0,1332.0,522_1,56.88,12.68,132.0,1512.23,0.0,0,0.0,13.23,0,tripinfo_V6ToEastH6.100 emissions_V6ToEastH6.100,electric,0.92,0.0,0.0,0.0,0.0,0.0,0.0,0.0
WestA509ToAvebury.31,558.0,773_0,0.0,0.0,0.0,1334.0,213_1,19.13,13.62,776.0,2287.96,500.0,14,0.0,611.98,0,tripinfo_WestA509ToAvebury.31 emissions_WestA509ToAvebury.31,electric,1.01,0.0,0.0,0.0,0.0,0.0,0.0,0.0
WestA509ToAvebury.48,867.0,773_0,0.0,0.0,3.0,1334.0,213_0,19.13,12.38,467.0,2332.43,230.0,11,0.0,292.1,0,tripinfo_WestA509ToAvebury.48 emissions_WestA509ToAvebury.48,gasoline_euro4,0.97,49747.819918,1272821.080336,255.508566,26.213533,543.255163,405986.371805,0.0
WestH6ToSaxonSt.83,996.0,524_0,0.0,0.0,0.0,1338.0,771_0,56.88,11.43,342.0,2602.7,76.0,4,0.0,122.32,0,tripinfo_WestH6ToSaxonSt.83 emissions_WestH6ToSaxonSt.83,electric,0.85,0.0,0.0,0.0,0.0,0.0,0.0,0.0
WestH6ToSaxonSt.85,1020.0,524_0,0.0,0.0,0.0,1340.0,771_0,56.88,13.69,320.0,2602.7,70.0,4,0.0,133.76,0,tripinfo_WestH6ToSaxonSt.85 emissions_WestH6ToSaxonSt.85,gasoline_euro4,1.01,22652.551259,890583.617503,123.436174,16.311615,366.247699,284060.350813,0.0
V6ToEastH6.93,1116.0,468_1,0.0,0.0,0.0,1341.0,522_1,56.88,13.07,225.0,2031.44,48.0,1,0.0,69.71,0,tripinfo_V6ToEastH6.93 emissions_V6ToEastH6.93,gasoline_euro4,0.95,13593.662096,604704.696738,75.374672,10.242567,242.011433,192876.364362,0.0
V6ToEastH6.97,1164.0,468_1,0.0,0.0,0.0,1344.0,522_1,56.88,13.0,180.0,2060.88,2.0,1,0.0,28.59,0,tripinfo_V6ToEastH6.97 emissions_V6ToEastH6.97,gasoline_euro4,1.0,6639.712191,515099.221684,41.588795,8.094213,201.188844,164293.436917,0.0
V6ToEastH6.96,1152.0,468_1,0.0,0.0,0.0,1353.0,522_1,56.88,13.13,201.0,2311.67,1.0,1,0.0,27.21,0,tripinfo_V6ToEastH6.96 emissions_V6ToEastH6.96,gasoline_euro4,0.98,7047.251449,570880.423656,44.653363,8.859628,222.661609,182085.029161,0.0
WestA509ToEastH6.24,864.0,773_0,0.0,0.0,0.0,1363.0,522_1,56.88,12.07,499.0,2765.37,227.0,8,0.0,287.11,0,tripinfo_WestA509ToEastH6.24 emissions_WestA509ToEastH6.24,electric,0.94,0.0,0.0,0.0,0.0,0.0,0.0,0.0
V6ToEastH6.98,1176.0,468_1,0.0,0.0,0.0,1367.0,522_1,56.88,13.97,191.0,2311.67,0.0,0,0.0,29.4,0,tripinfo_V6ToEastH6.98 emissions_V6ToEastH6.98,electric,1.06,0.0,0.0,0.0,0.0,0.0,0.0,0.0
EastA509ToH6.50,900.0,770_0,0.0,0.0,0.0,1369.0,522_1,56.88,14.65,469.0,3322.55,200.0,5,0.0,251.82,0,tripinfo_EastA509ToH6.50 emissions_EastA509ToH6.50,gasoline_euro4,1.11,44088.588837,1389463.108701,231.73476,27.322158,579.527857,443186.352281,0.0
EastAveburyToWestA509.92,982.0,483_1,0.0,0.0,0.0,1384.0,774_1,29.75,16.59,402.0,2247.36,173.0,7,0.0,267.46,0,tripinfo_EastAveburyToWestA509.92 emissions_EastAveburyToWestA509.92,gasoline_euro4,1.24,42886.070766,1213504.015672,223.202833,25.477723,520.539603,387062.819621,0.0
EastAveburyToWestA509.82,897.0,483_1,0.0,0.0,0.0,1386.0,774_1,29.75,12.04,489.0,2246.79,255.0,9,0.0,309.95,0,tripinfo_EastAveburyToWestA509.82 emissions_EastAveburyToWestA509.82,gasoline_euro4,0.93,53367.119776,1333036.140404,273.715039,27.651828,571.730279,425193.459318,0.0
EastAveburyToWestA509.88,948.0,483_1,0.0,0.0,0.0,1387.0,774_2,29.75,13.94,439.0,2243.73,192.0,8,0.0,281.1,0,tripinfo_EastAveburyToWestA509.88 emissions_EastAveburyToWestA509.88,electric,1.06,0.0,0.0,0.0,0.0,0.0,0.0,0.0
EastAveburyToWestA509.83,905.0,483_1,0.0,0.0,0.0,1388.0,774_1,29.75,13.73,483.0,2249.96,240.0,7,0.0,319.53,0,tripinfo_EastAveburyToWestA509.83 emissions_EastAveburyToWestA509.83,gasoline_euro4,1.02,53843.737371,1370612.593773,276.986672,29.354226,594.270153,437177.311239,0.0
EastAveburyToWestA509.91,973.0,483_1,0.0,0.0,0.0,1390.0,774_1,29.75,12.82,417.0,2243.95,179.0,6,0.0,249.8,0,tripinfo_EastAveburyToWestA509.91 emissions_EastAveburyToWestA509.91,gasoline_euro4,0.98,43234.217058,1181690.855823,223.968857,24.322146,505.411258,376917.015654,0.0
EastAveburyToWestA509.107,1109.0,483_1,0.0,0.0,0.0,1391.0,774_0,29.75,14.6,282.0,2238.64,58.0,5,0.0,136.15,0,tripinfo_EastAveburyToWestA509.107 emissions_EastAveburyToWestA509.107,gasoline_euro4,1.13,21568.937236,822407.918596,116.870995,15.577397,341.306652,262314.803282,0.0
EastAveburyToWestA509.93,990.0,483_1,0.0,0.0,0.0,1393.0,774_1,29.75,12.28,403.0,2243.75,173.0,5,0.0,226.41,0,tripinfo_EastAveburyToWestA509.93 emissions_EastAveburyToWestA509.93,electric,0.94,0.0,0.0,0.0,0.0,0.0,0.0,0.0
EastAveburyToWestA509.96,1016.0,483_1,0.0,0.0,0.0,1393.0,774_2,29.75,14.05,377.0,2245.31,139.0,7,0.0,215.39,0,tripinfo_EastAveburyToWestA509.96 emissions_EastAveburyToWestA509.96,gasoline_euro4,1.02,36206.624487,1088759.064618,189.966976,21.65256,460.31189,347273.726815,0.0
V6ToEastH6.103,1236.0,468_1,0.0,0.0,0.0,1394.0,522_1,56.88,15.22,158.0,2060.88,0.0,0,0.0,24.4,0,tripinfo_V6ToEastH6.103 emissions_V6ToEastH6.103,electric,1.13,0.0,0.0,0.0,0.0,0.0,0.0,0.0
WestH6ToSaxonSt.86,1032.0,524_0,0.0,0.0,0.0,1399.0,771_0,56.88,14.39,367.0,2600.56,140.0,5,0.0,191.52,0,tripinfo_WestH6ToSaxonSt.86 emissions_WestH6ToSaxonSt.86,electric,1.07,0.0,0.0,0.0,0.0,0.0,0.0,0.0
SouthEvansGateToSilbury.66,1188.0,526_0,0.0,0.0,0.0,1401.0,215_1,19.43,13.61,213.0,1477.6,75.0,2,0.0,105.55,0,tripinfo_SouthEvansGateToSilbury.66 emissions_SouthEvansGateToSilbury.66,gasoline_euro4,1.0,18591.90821,616062.485402,98.610026,11.911594,257.309537,196500.269298,0.0
EastAveburyToWestA509.106,1101.0,483_1,0.0,0.0,0.0,1402.0,774_0,29.75,11.37,301.0,2241.69,60.0,5,0.0,113.72,0,tripinfo_EastAveburyToWestA509.106 emissions_EastAveburyToWestA509.106,gasoline_euro4,0.89,20045.018215,751658.85774,108.420102,13.231174,306.576968,239750.112913,0.0
EastAveburyToWestA509.94,999.0,483_1,0.0,0.0,0.0,1403.0,774_0,29.75,13.61,404.0,2328.56,156.0,5,0.0,247.04,0,tripinfo_EastAveburyToWestA509.94 emissions_EastAveburyToWestA509.94,gasoline_euro4,1.11,41352.718194,1228553.76109,216.75674,25.459457,526.861292,391862.093733,0.0
WestH6ToSaxonSt.90,1080.0,524_0,0.0,0.0,0.0,1403.0,771_0,56.88,12.96,323.0,2602.7,77.0,5,0.0,137.24,0,tripinfo_WestH6ToSaxonSt.90 emissions_WestH6ToSaxonSt.90,electric,1.02,0.0,0.0,0.0,0.0,0.0,0.0,0.0
SouthEvansGateToSilbury.61,1098.0,526_0,0.0,0.0,0.0,1403.0,215_1,19.43,12.17,305.0,2430.12,89.0,2,0.0,123.85,0,tripinfo_SouthEvansGateToSilbury.61 emissions_SouthEvansGateToSilbury.61,gasoline_euro4,0.97,22833.922444,860653.077015,123.168688,15.670452,352.086553,274514.462912,0.0
WestH6ToSaxonSt.91,1092.0,524_0,0.0,0.0,0.0,1407.0,771_0,56.88,13.27,315.0,2602.68,70.0,4,0.0,126.94,0,tripinfo_WestH6ToSaxonSt.91 emissions_WestH6ToSaxonSt.91,gasoline_euro4,1.0,22045.687557,877556.240747,119.750571,15.767674,357.664409,279905.304005,0.0
V6ToEastH6.102,1224.0,468_1,0.0,0.0,0.0,1407.0,522_1,56.88,15.08,183.0,2311.67,0.0,0,0.0,29.67,0,tripinfo_V6ToEastH6.102 emissions_V6ToEastH6.102,electric,1.11,0.0,0.0,0.0,0.0,0.0,0.0,0.0
SouthEvansGateToSilbury.70,1260.0,526_0,0.0,0.0,0.0,1408.0,215_1,19.43,15.49,148.0,1477.52,35.0,1,0.0,52.95,0,tripinfo_SouthEvansGateToSilbury.70 emissions_SouthEvansGateToSilbury.70,electric,1.13,0.0,0.0,0.0,0.0,0.0,0.0,0.0
EastAveburyToWestA509.71,803.0,483_1,0.0,0.0,0.0,1410.0,774_1,29.75,12.15,607.0,2215.02,336.0,10,0.0,433.34,0,tripinfo_EastAveburyToWestA509.71 emissions_EastAveburyToWestA509.71,gasoline_euro4,0.93,70269.601167,1572638.221245,356.251493,33.998723,684.186406,501621.437503,0.0
WestH6ToSaxonSt.89,1068.0,524_0,0.0,0.0,0.0,1410.0,771_0,56.88,13.48,342.0,2602.7,86.0,7,0.0,160.24,0,tripinfo_WestH6ToSaxonSt.89 emissions_WestH6ToSaxonSt.89,electric,1.04,0.0,0.0,0.0,0.0,0.0,0.0,0.0
EastAveburyToWestA509.74,829.0,483_1,0.0,0.0,0.0,1411.0,774_2,29.75,12.4,582.0,2215.02,329.0,10,0.0,414.74,0,tripinfo_EastAveburyToWestA509.74 emissions_EastAveburyToWestA509.74,electric,0.96,0.0,0.0,0.0,0.0,0.0,0.0,0.0
EastAveburyToWestA509.70,795.0,483_1,0.0,0.0,0.0,1413.0,774_0,29.75,12.03,618.0,2219.9,349.0,10,0.0,437.9,0,tripinfo_EastAveburyToWestA509.70 emissions_EastAveburyToWestA509.70,gasoline_euro4,0.9,72381.73804,1599004.994969,366.596634,34.572179,696.089124,510032.182076,0.0
EastAveburyToWestA509.77,854.0,483_1,0.0,0.0,0.0,1414.0,774_2,29.75,12.18,560.0,2218.37,288.0,10,0.0,386.06,0,tripinfo_EastAveburyToWestA509.77 emissions_EastAveburyToWestA509.77,gasoline_euro4,0.92,62465.714861,1445910.895893,317.897947,30.640115,624.783263,461198.840943,0.0
WestA509ToEastH6.25,900.0,773_0,0.0,0.0,0.0,1414.0,522_0,56.88,11.98,514.0,2716.24,231.0,9,0.0,294.93,0,tripinfo_WestA509ToEastH6.25 emissions_WestA509ToEastH6.25,gasoline_euro4,0.89,49941.011402,1313936.458073,257.663553,26.226502,556.378102,419100.840666,0.0
EastA509ToH6.58,1044.0,770_0,0.0,0.0,0.0,1414.0,522_1,56.88,13.64,370.0,1483.8,200.0,7,0.0,265.56,0,tripinfo_EastA509ToH6.58 emissions_EastA509ToH6.58,electric,1.03,0.0,0.0,0.0,0.0,0.0,0.0,0.0
WestH6ToSaxonSt.87,1044.0,524_0,0.0,0.0,0.0,1416.0,771_0,56.88,13.54,372.0,2601.39,110.0,5,0.0,179.34,0,tripinfo_WestH6ToSaxonSt.87 emissions_WestH6ToSaxonSt.87,electric,0.98,0.0,0.0,0.0,0.0,0.0,0.0,0.0
V6ToEastH6.108,1296.0,468_1,0.0,0.0,0.0,1419.0,522_1,56.88,13.36,123.0,1512.23,0.0,0,0.0,13.44,0,tripinfo_V6ToEastH6.108 emissions_V6ToEastH6.108,gasoline_euro4,1.0,3930.973069,357383.193754,25.691662,5.406654,137.795058,113988.962215,0.0
EastSilburyToEastAvebury.14,624.0,317_0,0.0,0.0,0.0,1421.0,213_1,19.13,14.76,797.0,1590.8,577.0,14,0.0,690.97,0,tripinfo_EastSilburyToEastAvebury.14 emissions_EastSilburyToEastAvebury.14,electric,1.09,0.0,0.0,0.0,0.0,0.0,0.0,0.0
SouthEvansGateToSilbury.62,1116.0,526_0,0.0,0.0,0.0,1423.0,215_0,19.43,12.48,307.0,1471.76,144.0,6,0.0,196.39,0,tripinfo_SouthEvansGateToSilbury.62 emissions_SouthEvansGateToSilbury.62,electric,0.96,0.0,0.0,0.0,0.0,0.0,0.0,0.0
V6ToEastH6.104,1248.0,468_1,0.0,0.0,0.0,1423.0,522_1,56.88,13.48,175.0,2060.88,2.0,1,0.0,28.58,0,tripinfo_V6ToEastH6.104 emissions_V6ToEastH6.104,gasoline_euro4,1.03,6454.428287,514264.133975,40.559904,8.064075,200.502864,164026.963726,0.0
V6ToEastH6.101,1212.0,468_1,0.0,0.0,0.0,1426.0,522_1,56.88,13.22,214.0,2031.44,46.0,1,0.0,68.73,0,tripinfo_V6ToEastH6.101 emissions_V6ToEastH6.101,gasoline_euro4,1.02,13467.056254,620902.928586,75.26022,10.865734,250.096567,198042.254655,0.0
V6ToEastH6.105,1260.0,468_1,0.0,0.0,0.0,1430.0,522_1,56.88,12.58,170.0,2031.44,0.0,0,0.0,19.81,0,tripinfo_V6ToEastH6.105 emissions_V6ToEastH6.105,gasoline_euro4,0.99,5045.573312,468057.600397,33.004466,6.819973,178.602744,149289.286375,0.0
EastA509ToH6.60,1080.0,770_0,0.0,0.0,0.0,1433.0,522_1,56.88,15.58,353.0,1483.8,181.0,8,0.0,261.36,0,tripinfo_EastA509ToH6.60 emissions_EastA509ToH6.60,electric,1.17,0.0,0.0,0.0,0.0,0.0,0.0,0.0
EastA509ToH6.59,1062.0,770_0,0.0,0.0,0.0,1434.0,522_0,56.88,12.86,372.0,1483.75,191.0,7,0.0,263.37,0,tripinfo_EastA509ToH6.59 emissions_EastA509ToH6.59,electric,0.99,0.0,0.0,0.0,0.0,0.0,0.0,0.0
EastA509ToH6.52,936.0,770_0,0.0,0.0,0.0,1438.0,522_1,56.88,16.05,502.0,3322.55,228.0,6,0.0,303.61,0,tripinfo_EastA509ToH6.52 emissions_EastA509ToH6.52,electric,1.21,0.0,0.0,0.0,0.0,0.0,0.0,0.0
EastA509ToH6.56,1008.0,770_0,0.0,0.0,0.0,1445.0,522_0,56.88,13.74,437.0,2394.47,203.0,9,0.0,274.16,0,tripinfo_EastA509ToH6.56 emissions_EastA509ToH6.56,gasoline_euro4,1.07,45493.490526,1238088.139565,235.321669,25.558596,527.73014,394905.843319,0.0
EastA509ToH6.41,738.0,770_0,0.0,0.0,0.0,1451.0,522_1,56.88,12.96,713.0,2408.85,467.0,10,0.0,534.1,0,tripinfo_EastA509ToH6.41 emissions_EastA509ToH6.41,gasoline_euro4,0.98,89037.417843,1921237.254372,449.703321,42.403238,839.92662,612814.52425,0.0
EastA509ToH6.62,1116.0,770_0,0.0,0.0,0.0,1452.0,522_0,56.88,14.78,336.0,1483.69,159.0,9,0.0,241.64,0,tripinfo_EastA509ToH6.62 emissions_EastA509ToH6.62,gasoline_euro4,1.13,37951.470729,951208.098917,194.709371,20.458066,412.508927,303402.241056,0.0
EastA509ToH6.61,1098.0,770_0,0.0,0.0,0.0,1454.0,522_0,56.88,15.89,356.0,1483.8,191.0,8,0.0,264.03,0,tripinfo_EastA509ToH6.61 emissions_EastA509ToH6.61,electric,1.17,0.0,0.0,0.0,0.0,0.0,0.0,0.0
EastA509ToH6.63,1134.0,770_0,0.0,0.0,0.0,1462.0,522_0,56.88,11.41,328.0,1483.8,136.0,8,0.0,202.91,0,tripinfo_EastA509ToH6.63 emissions_EastA509ToH6.63,gasoline_euro4,0.86,33922.915341,868285.281183,174.672995,17.769867,372.144754,276953.311429,0.0
EastA509ToH6.64,1152.0,770_0,0.0,0.0,0.0,1463.0,522_1,56.88,12.93,311.0,1483.8,127.0,8,0.0,199.54,0,tripinfo_EastA509ToH6.64 emissions_EastA509ToH6.64,gasoline_euro4,0.97,32838.952568,866645.512901,169.487105,17.826257,371.328813,276429.54277,0.0
WestA509ToAvebury.20,363.0,773_0,0.0,0.0,3.0,1465.0,213_0,19.13,14.35,1102.0,2277.69,833.0,18,0.0,946.95,0,tripinfo_WestA509ToAvebury.20 emissions_WestA509ToAvebury.20,gasoline_euro4,1.06,153728.689139,2944623.34123,768.318384,68.584077,1313.077528,939249.327034,0.0
EastAveburyToWestA509.113,1160.0,483_1,0.0,0.0,0.0,1466.0,774_0,29.75,13.77,306.0,2241.68,93.0,4,0.0,151.94,0,tripinfo_EastAveburyToWestA509.113 emissions_EastAveburyToWestA509.113,electric,1.07,0.0,0.0,0.0,0.0,0.0,0.0,0.0
WestA509ToAvebury.56,1011.0,773_0,0.0,0.0,3.0,1473.0,213_0,19.13,14.91,462.0,2328.43,261.0,9,0.0,309.19,0,tripinfo_WestA509ToAvebury.56 emissions_WestA509ToAvebury.56,gasoline_euro4,1.11,52397.831617,1302476.486785,268.222915,27.450119,557.091298,415445.785916,0.0
EastAveburyToWestA509.117,1194.0,483_1,0.0,0.0,0.0,1475.0,774_0,29.75,14.48,281.0,2241.68,62.0,7,0.0,123.11,0,tripinfo_EastAveburyToWestA509.117 emissions_EastAveburyToWestA509.117,electric,1.05,0.0,0.0,0.0,0.0,0.0,0.0,0.0
EastAveburyToWestA509.84,914.0,483_1,0.0,0.0,0.0,1477.0,774_2,29.75,13.59,563.0,2218.4,341.0,10,0.0,412.51,0,tripinfo_EastAveburyToWestA509.84 emissions_EastAveburyToWestA509.84,electric,1.07,0.0,0.0,0.0,0.0,0.0,0.0,0.0
WestA509ToAvebury.29,522.0,773_0,0.0,0.0,0.0,1478.0,213_0,19.13,13.74,956.0,2277.06,688.0,17,0.0,797.25,0,tripinfo_WestA509ToAvebury.29 emissions_WestA509ToAvebury.29,electric,1.04,0.0,0.0,0.0,0.0,0.0,0.0,0.0
EastAveburyToWestA509.100,1050.0,483_1,0.0,0.0,0.0,1488.0,774_0,29.75,12.34,438.0,2328.54,187.0,6,0.0,259.04,0,tripinfo_EastAveburyToWestA509.100 emissions_EastAveburyToWestA509.100,electric,0.97,0.0,0.0,0.0,0.0,0.0,0.0,0.0
V6ToEastH6.110,1320.0,468_1,0.0,0.0,0.0,1488.0,522_1,56.88,14.21,168.0,2060.88,0.0,0,0.0,27.44,0,tripinfo_V6ToEastH6.110 emissions_V6ToEastH6.110,gasoline_euro4,1.07,5717.458805,505655.200597,37.20182,7.88164,196.323136,161280.798028,0.0
SouthEvansGateToSilbury.64,1152.0,526_0,0.0,0.0,0.0,1489.0,215_1,19.43,11.75,337.0,2430.19,113.0,2,0.0,145.9,0,tripinfo_SouthEvansGateToSilbury.64 emissions_SouthEvansGateToSilbury.64,electric,0.92,0.0,0.0,0.0,0.0,0.0,0.0,0.0
SouthEvansGateToSilbury.68,1224.0,526_0,0.0,0.0,0.0,1490.0,215_1,19.43,14.89,266.0,2430.12,68.0,2,0.0,117.71,0,tripinfo_SouthEvansGateToSilbury.68 emissions_SouthEvansGateToSilbury.68,electric,1.18,0.0,0.0,0.0,0.0,0.0,0.0,0.0
WestH6ToSaxonSt.88,1056.0,524_0,0.0,0.0,0.0,1491.0,771_0,56.88,13.07,435.0,2602.65,172.0,8,0.0,250.87,0,tripinfo_WestH6ToSaxonSt.88 emissions_WestH6ToSaxonSt.88,gasoline_euro4,1.02,41221.207489,1207296.18694,214.712398,23.56078,504.71109,385083.93163,0.0
SouthEvansGateToSilbury.69,1242.0,526_0,0.0,0.0,0.0,1492.0,215_1,19.43,14.45,250.0,2430.12,57.0,1,0.0,83.46,0,tripinfo_SouthEvansGateToSilbury.69 emissions_SouthEvansGateToSilbury.69,electric,1.05,0.0,0.0,0.0,0.0,0.0,0.0,0.0
SouthEvansGateToSilbury.63,1134.0,526_0,0.0,0.0,0.0,1496.0,215_1,19.43,11.15,362.0,2412.56,121.0,5,0.0,159.36,0,tripinfo_SouthEvansGateToSilbury.63 emissions_SouthEvansGateToSilbury.63,gasoline_euro4,0.86,29065.63922,935883.472906,153.737049,17.021936,384.703049,298512.694493,0.0
V6ToEastH6.109,1308.0,468_1,0.0,0.0,0.0,1496.0,522_0,56.88,12.02,188.0,2060.88,0.0,0,0.0,17.26,0,tripinfo_V6ToEastH6.109 emissions_V6ToEastH6.109,electric,0.88,0.0,0.0,0.0,0.0,0.0,0.0,0.0
EastAveburyToWestA509.95,1007.0,483_1,0.0,0.0,0.0,1499.0,774_1,29.75,12.7,492.0,2215.02,251.0,9,0.0,318.31,0,tripinfo_EastAveburyToWestA509.95 emissions_EastAveburyToWestA509.95,electric,0.93,0.0,0.0,0.0,0.0,0.0,0.0,0.0
WestH6ToSaxonSt.93,1116.0,524_0,0.0,0.0,0.0,1500.0,771_0,56.88,12.42,384.0,2602.67,131.0,6,0.0,182.18,0,tripinfo_WestH6ToSaxonSt.93 emissions_WestH6ToSaxonSt.93,electric,0.93,0.0,0.0,0.0,0.0,0.0,0.0,0.0
WestH6ToSaxonSt.97,1164.0,524_0,0.0,0.0,0.0,1502.0,771_0,56.88,14.28,338.0,2601.44,85.0,5,0.0,169.69,0,tripinfo_WestH6ToSaxonSt.97 emissions_WestH6ToSaxonSt.97,gasoline_euro4,1.12,26152.364231,952143.867622,140.811064,18.136862,395.566441,303696.020894,0.0
EastAveburyToWestA509.85,922.0,483_1,0.0,0.0,0.0,1503.0,774_1,29.75,11.62,581.0,2218.32,313.0,9,0.0,394.76,0,tripinfo_EastAveburyToWestA509.85 emissions_EastAveburyToWestA509.85,electric,0.86,0.0,0.0,0.0,0.0,0.0,0.0,0.0
WestH6ToSaxonSt.95,1140.0,524_0,0.0,0.0,0.0,1505.0,771_0,56.88,12.66,365.0,2602.67,108.0,6,0.0,163.45,0,tripinfo_WestH6ToSaxonSt.95 emissions_WestH6ToSaxonSt.95,gasoline_euro4,0.93,27785.865734,959953.833238,148.364053,17.572412,395.023123,306188.810117,0.0
EastSilburyToEastAvebury.17,672.0,317_0,0.0,0.0,0.0,1507.0,213_1,19.13,15.79,835.0,1590.84,597.0,14,0.0,736.52,0,tripinfo_EastSilburyToEastAvebury.17 emissions_EastSilburyToEastAvebury.17,electric,1.18,0.0,0.0,0.0,0.0,0.0,0.0,0.0
WestH6ToSaxonSt.98,1176.0,524_0,0.0,0.0,0.0,1507.0,771_0,56.88,15.99,331.0,2600.58,84.0,5,0.0,180.25,0,tripinfo_WestH6ToSaxonSt.98 emissions_WestH6ToSaxonSt.98,electric,1.25,0.0,0.0,0.0,0.0,0.0,0.0,0.0
WestH6ToSaxonSt.96,1152.0,524_0,0.0,0.0,0.0,1508.0,771_0,56.88,12.85,356.0,2600.58,93.0,6,0.0,158.44,0,tripinfo_WestH6ToSaxonSt.96 emissions_WestH6ToSaxonSt.96,gasoline_euro4,0.95,27443.139091,973697.334554,146.918822,18.078226,402.402004,310571.660125,0.0
V6ToEastH6.111,1332.0,468_1,0.0,0.0,0.0,1511.0,522_1,56.88,15.02,179.0,2060.88,9.0,2,0.0,45.48,0,tripinfo_V6ToEastH6.111 emissions_V6ToEastH6.111,electric,1.13,0.0,0.0,0.0,0.0,0.0,0.0,0.0
WestH6ToSaxonSt.99,1188.0,524_0,0.0,0.0,0.0,1512.0,771_0,56.88,12.42,324.0,2602.7,64.0,3,0.0,121.07,0,tripinfo_WestH6ToSaxonSt.99 emissions_WestH6ToSaxonSt.99,gasoline_euro4,0.93,20457.840986,822330.303968,111.429036,13.991924,330.309952,262291.270211,0.0
EastSilburyToEastAvebury.9,544.0,317_0,0.0,0.0,0.0,1515.0,213_1,19.13,12.18,971.0,2477.36,645.0,15,0.0,765.32,0,tripinfo_EastSilburyToEastAvebury.9 emissions_EastSilburyToEastAvebury.9,gasoline_euro4,0.88,126476.256546,2501443.72004,634.049476,56.443959,1104.602431,797887.413855,0.0
EastSilburyToEastAvebury.15,640.0,317_0,0.0,0.0,0.0,1517.0,213_1,19.13,12.11,877.0,1590.83,629.0,16,0.0,753.0,0,tripinfo_EastSilburyToEastAvebury.15 emissions_EastSilburyToEastAvebury.15,electric,0.94,0.0,0.0,0.0,0.0,0.0,0.0,0.0
V6ToEastH6.106,1272.0,468_1,0.0,0.0,0.0,1521.0,522_1,56.88,11.34,249.0,2031.44,64.0,1,0.0,85.6,0,tripinfo_V6ToEastH6.106 emissions_V6ToEastH6.106,electric,0.91,0.0,0.0,0.0,0.0,0.0,0.0,0.0
V6ToEastH6.107,1284.0,468_1,0.0,0.0,0.0,1522.0,522_1,56.88,14.04,238.0,2031.44,61.0,1,0.0,91.96,0,tripinfo_V6ToEastH6.107 emissions_V6ToEastH6.107,electric,1.01,0.0,0.0,0.0,0.0,0.0,0.0,0.0
V6ToEastH6.112,1344.0,468_1,0.0,0.0,0.0,1525.0,522_1,56.88,12.46,181.0,2060.88,0.0,0,0.0,25.54,0,tripinfo_V6ToEastH6.112 emissions_V6ToEastH6.112,electric,0.97,0.0,0.0,0.0,0.0,0.0,0.0,0.0
WestA509ToEastH6.29,1044.0,773_0,0.0,0.0,0.0,1533.0,522_1,56.88,13.25,489.0,2765.35,240.0,6,0.0,294.75,0,tripinfo_WestA509ToEastH6.29 emissions_WestA509ToEastH6.29,electric,1.03,0.0,0.0,0.0,0.0,0.0,0.0,0.0
EastA509ToH6.57,1026.0,770_0,0.0,0.0,0.0,1538.0,522_1,56.88,13.43,512.0,3322.55,198.0,7,0.0,272.75,0,tripinfo_EastA509ToH6.57 emissions_EastA509ToH6.57,gasoline_euro4,1.01,46987.083456,1448040.002799,246.739784,28.228486,606.048973,461870.992837,0.0
EastA509ToH6.51,918.0,770_0,0.0,0.0,0.0,1543.0,522_1,56.88,13.07,625.0,2408.87,369.0,8,0.0,446.13,0,tripinfo_EastA509ToH6.51 emissions_EastA509ToH6.51,gasoline_euro4,0.98,74566.514795,1708132.6518,378.884009,36.931764,742.141593,544838.752954,0.0
V6ToEastH6.113,1356.0,468_1,0.0,0.0,0.0,1549.0,522_1,56.88,11.38,193.0,2060.88,0.0,0,0.0,25.65,0,tripinfo_V6ToEastH6.113 emissions_V6ToEastH6.113,electric,0.9,0.0,0.0,0.0,0.0,0.0,0.0,0.0
V6ToEastH6.114,1368.0,468_1,0.0,0.0,0.0,1551.0,522_1,56.88,12.87,183.0,2060.88,0.0,0,0.0,29.76,0,tripinfo_V6ToEastH6.114 emissions_V6ToEastH6.114,electric,0.98,0.0,0.0,0.0,0.0,0.0,0.0,0.0
V6ToEastH6.118,1416.0,468_1,0.0,0.0,0.0,1554.0,522_1,56.88,11.8,138.0,1512.23,0.0,0,0.0,20.26,0,tripinfo_V6ToEastH6.118 emissions_V6ToEastH6.118,gasoline_euro4,0.93,4583.225801,375876.219319,29.292483,5.608825,145.851576,119887.7142,0.0
V6ToEastH6.119,1428.0,468_1,0.0,0.0,0.0,1556.0,522_1,56.88,13.03,128.0,1512.23,0.0,0,0.0,19.6,0,tripinfo_V6ToEastH6.119 emissions_V6ToEastH6.119,electric,1.01,0.0,0.0,0.0,0.0,0.0,0.0,0.0
WestA509ToAvebury.40,723.0,773_0,0.0,0.0,3.0,1559.0,213_0,19.13,13.1,836.0,2250.13,625.0,7,0.0,664.16,0,tripinfo_WestA509ToAvebury.40 emissions_WestA509ToAvebury.40,gasoline_euro4,0.95,111050.46155,2203837.403466,556.517641,49.870357,971.80775,702959.392886,0.0
EastAveburyToWestA509.102,1067.0,483_1,0.0,0.0,0.0,1559.0,774_1,29.75,13.38,492.0,2246.79,268.0,7,0.0,320.04,0,tripinfo_EastAveburyToWestA509.102 emissions_EastAveburyToWestA509.102,gasoline_euro4,0.97,54671.337283,1346813.321108,279.750945,28.073923,577.536366,429588.258193,0.0
V6ToEastH6.115,1380.0,468_1,0.0,0.0,0.0,1559.0,522_1,56.88,12.2,179.0,2060.88,0.0,0,0.0,17.94,0,tripinfo_V6ToEastH6.115 emissions_V6ToEastH6.115,electric,0.94,0.0,0.0,0.0,0.0,0.0,0.0,0.0
EastAveburyToWestA509.115,1177.0,483_1,0.0,0.0,0.0,1561.0,774_1,29.75,14.2,384.0,2244.23,154.0,5,0.0,227.6,0,tripinfo_EastAveburyToWestA509.115 emissions_EastAveburyToWestA509.115,gasoline_euro4,1.06,37520.454067,1098574.030146,196.191975,22.16049,466.402728,350404.597211,0.0
EastAveburyToWestA509.103,1075.0,483_1,0.0,0.0,0.0,1562.0,774_2,29.75,12.62,487.0,2246.81,249.0,8,0.0,311.07,0,tripinfo_EastAveburyToWestA509.103 emissions_EastAveburyToWestA509.103,gasoline_euro4,0.95,52771.967027,1301604.983673,270.304192,27.293037,560.245387,415168.053317,0.0
EastAveburyToWestA509.121,1228.0,483_1,0.0,0.0,0.0,1564.0,774_0,29.75,13.12,336.0,2241.68,102.0,6,0.0,172.85,0,tripinfo_EastAveburyToWestA509.121 emissions_EastAveburyToWestA509.121,electric,1.02,0.0,0.0,0.0,0.0,0.0,0.0,0.0
V6ToEastH6.116,1392.0,468_1,0.0,0.0,0.0,1565.0,522_1,56.88,13.27,173.0,2060.88,5.0,1,0.0,29.56,0,tripinfo_V6ToEastH6.116 emissions_V6ToEastH6.116,gasoline_euro4,1.05,6983.113062,519042.200632,43.27152,8.40073,204.062832,165550.978056,0.0
V6ToEastH6.117,1404.0,468_1,0.0,0.0,0.0,1568.0,522_1,56.88,14.52,164.0,2060.88,0.0,0,0.0,24.99,0,tripinfo_V6ToEastH6.117 emissions_V6ToEastH6.117,gasoline_euro4,1.08,6097.010514,520940.087398,39.242158,8.500551,204.472117,166155.673427,0.0
EastAveburyToWestA509.101,1058.0,483_1,0.0,0.0,0.0,1571.0,774_2,29.75,13.84,513.0,2215.02,277.0,8,0.0,355.26,0,tripinfo_EastAveburyToWestA509.101 emissions_EastAveburyToWestA509.101,electric,1.02,0.0,0.0,0.0,0.0,0.0,0.0,0.0
SouthEvansGateToSilbury.74,1332.0,526_0,0.0,0.0,0.0,1575.0,215_1,19.43,15.34,243.0,1477.59,122.0,3,0.0,152.02,0,tripinfo_SouthEvansGateToSilbury.74 emissions_SouthEvansGateToSilbury.74,electric,1.18,0.0,0.0,0.0,0.0,0.0,0.0,0.0
EastAveburyToWestA509.99,1041.0,483_1,0.0,0.0,0.0,1579.0,774_1,29.75,11.97,538.0,2218.32,292.0,9,0.0,362.55,0,tripinfo_EastAveburyToWestA509.99 emissions_EastAveburyToWestA509.99,electric,0.92,0.0,0.0,0.0,0.0,0.0,0.0,0.0
SouthEvansGateToSilbury.77,1386.0,526_0,0.0,0.0,0.0,1579.0,215_1,19.43,13.08,193.0,1477.59,61.0,1,0.0,81.62,0,tripinfo_SouthEvansGateToSilbury.77 emissions_SouthEvansGateToSilbury.77,electric,0.96,0.0,0.0,0.0,0.0,0.0,0.0,0.0
SouthEvansGateToSilbury.73,1314.0,526_0,0.0,0.0,0.0,1580.0,215_1,19.43,14.58,266.0,2430.12,61.0,1,0.0,100.33,0,tripinfo_SouthEvansGateToSilbury.73 emissions_SouthEvansGateToSilbury.73,gasoline_euro4,1.06,18098.994511,798871.727297,100.478799,14.487947,325.674503,254806.784125,0.0
WestH6ToSaxonSt.94,1128.0,524_0,0.0,0.0,0.0,1581.0,771_0,56.88,13.3,453.0,2602.7,196.0,8,0.0,261.02,0,tripinfo_WestH6ToSaxonSt.94 emissions_WestH6ToSaxonSt.94,gasoline_euro4,0.98,44005.268224,1231463.926278,228.172447,24.268275,517.026485,392793.555246,0.0
EastAveburyToWestA509.104,1084.0,483_1,0.0,0.0,0.0,1583.0,774_1,29.75,11.25,499.0,2218.32,264.0,8,0.0,320.73,0,tripinfo_EastAveburyToWestA509.104 emissions_EastAveburyToWestA509.104,electric,0.9,0.0,0.0,0.0,0.0,0.0,0.0,0.0
WestH6ToSaxonSt.100,1200.0,524_0,0.0,0.0,0.0,1583.0,771_0,56.88,13.16,383.0,2602.7,132.0,8,0.0,194.25,0,tripinfo_WestH6ToSaxonSt.100 emissions_WestH6ToSaxonSt.100,gasoline_euro4,1.0,33029.01407,1066513.179024,174.45126,20.549698,444.680895,340177.371634,0.0
SouthEvansGateToSilbury.67,1206.0,526_0,0.0,0.0,0.0,1583.0,215_1,19.43,12.59,377.0,2410.48,150.0,4,0.0,190.8,0,tripinfo_SouthEvansGateToSilbury.67 emissions_SouthEvansGateToSilbury.67,gasoline_euro4,0.94,33494.598538,1013077.521593,175.457512,19.488784,422.94304,323134.806752,0.0
EastAveburyToWestA509.110,1135.0,483_1,0.0,0.0,0.0,1584.0,774_0,29.75,16.12,449.0,2325.48,210.0,9,0.0,308.95,0,tripinfo_EastAveburyToWestA509.110 emissions_EastAveburyToWestA509.110,electric,1.24,0.0,0.0,0.0,0.0,0.0,0.0,0.0
SouthEvansGateToSilbury.71,1278.0,526_0,0.0,0.0,0.0,1585.0,215_1,19.43,14.3,307.0,2410.44,91.0,3,0.0,139.4,0,tripinfo_SouthEvansGateToSilbury.71 emissions_SouthEvansGateToSilbury.71,gasoline_euro4,1.04,25047.782585,923573.526247,134.88273,17.519343,382.755861,294583.096995,0.0
SouthEvansGateToSilbury.75,1350.0,526_0,0.0,0.0,0.0,1587.0,215_1,19.43,15.4,237.0,2430.19,49.0,1,0.0,78.49,0,tripinfo_SouthEvansGateToSilbury.75 emissions_SouthEvansGateToSilbury.75,gasoline_euro4,1.11,15071.41832,733999.409032,84.737763,12.97769,294.662709,234114.644311,0.0
EastAveburyToWestA509.114,1169.0,483_1,0.0,0.0,0.0,1588.0,774_0,29.75,12.79,419.0,2325.5,177.0,7,0.0,248.01,0,tripinfo_EastAveburyToWestA509.114 emissions_EastAveburyToWestA509.114,gasoline_euro4,1.01,42677.052591,1216430.147117,222.216948,24.896676,519.233671,387996.596952,0.0
WestH6ToSaxonSt.102,1224.0,524_0,0.0,0.0,0.0,1589.0,771_0,56.88,13.54,365.0,2603.36,105.0,5,0.0,176.18,0,tripinfo_WestH6ToSaxonSt.102 emissions_WestH6ToSaxonSt.102,electric,1.0,0.0,0.0,0.0,0.0,0.0,0.0,0.0
EastAveburyToWestA509.111,1143.0,483_1,0.0,0.0,0.0,1592.0,774_0,29.75,12.05,449.0,2325.75,186.0,9,0.0,257.9,0,tripinfo_EastAveburyToWestA509.111 emissions_EastAveburyToWestA509.111,electric,0.9,0.0,0.0,0.0,0.0,0.0,0.0,0.0
WestH6ToSaxonSt.105,1260.0,524_0,0.0,0.0,0.0,1592.0,771_0,56.88,13.75,332.0,2602.7,74.0,5,0.0,153.26,0,tripinfo_WestH6ToSaxonSt.105 emissions_WestH6ToSaxonSt.105,gasoline_euro4,1.05,24925.519114,964083.979449,135.277455,17.957388,397.944436,307503.883525,0.0
WestA509ToEastH6.27,972.0,773_0,0.0,0.0,0.0,1594.0,522_0,56.88,11.68,622.0,2701.33,325.0,12,0.0,399.15,0,tripinfo_WestA509ToEastH6.27 emissions_WestA509ToEastH6.27,gasoline_euro4,0.88,66971.384588,1618361.946337,342.140467,33.382356,692.88557,516204.370742,0.0
EastA509ToH6.67,1206.0,770_0,0.0,0.0,0.0,1595.0,522_1,56.88,14.66,389.0,1483.69,221.0,8,0.0,287.38,0,tripinfo_EastA509ToH6.67 emissions_EastA509ToH6.67,gasoline_euro4,1.06,46681.562447,1090982.865206,237.681892,23.713434,474.583468,347987.292256,0.0
WestA509ToEastH6.30,1080.0,773_0,0.0,0.0,0.0,1598.0,522_0,56.88,10.99,518.0,2714.28,231.0,6,0.0,286.69,0,tripinfo_WestA509ToEastH6.30 emissions_WestA509ToEastH6.30,gasoline_euro4,0.85,49551.750809,1313282.610662,255.908093,25.563627,552.097534,418892.813971,0.0
WestH6ToSaxonSt.92,1104.0,524_0,0.0,0.0,0.0,1598.0,771_0,56.88,10.76,494.0,2602.68,206.0,8,0.0,270.13,0,tripinfo_WestH6ToSaxonSt.92 emissions_WestH6ToSaxonSt.92,electric,0.84,0.0,0.0,0.0,0.0,0.0,0.0,0.0
EastAveburyToWestA509.109,1126.0,483_1,0.0,0.0,0.0,1598.0,774_0,29.75,11.13,472.0,2328.54,190.0,9,0.0,263.84,0,tripinfo_EastAveburyToWestA509.109 emissions_EastAveburyToWestA509.109,gasoline_euro4,0.83,46604.07348,1242188.368778,241.101306,24.896432,529.208998,396214.971525,0.0
EastA509ToH6.68,1224.0,770_0,0.0,0.0,0.0,1599.0,522_1,56.88,13.17,375.0,1483.69,202.0,8,0.0,268.15,0,tripinfo_EastA509ToH6.68 emissions_EastA509ToH6.68,gasoline_euro4,1.01,43790.861607,1036331.906292,223.303633,22.366705,450.402894,330555.246611,0.0
WestH6ToSaxonSt.106,1272.0,524_0,0.0,0.0,0.0,1599.0,771_0,56.88,12.68,327.0,2602.7,59.0,3,0.0,130.1,0,tripinfo_WestH6ToSaxonSt.106 emissions_WestH6ToSaxonSt.106,gasoline_euro4,0.95,22100.045107,884407.681081,120.707482,15.846978,362.045749,282090.588354,0.0
EastSilburyToEastAvebury.19,704.0,317_0,0.0,0.0,0.0,1600.0,213_0,19.13,13.07,896.0,1590.8,645.0,16,0.0,782.54,0,tripinfo_EastSilburyToEastAvebury.19 emissions_EastSilburyToEastAvebury.19,gasoline_euro4,1.02,125081.200999,2314207.804055,623.372276,54.28061,1034.984726,738167.37162,0.0
WestH6ToSaxonSt.101,1212.0,524_0,0.0,0.0,0.0,1601.0,771_0,56.88,14.73,389.0,2601.39,130.0,8,0.0,222.19,0,tripinfo_WestH6ToSaxonSt.101 emissions_WestH6ToSaxonSt.101,gasoline_euro4,1.13,35368.797015,1158416.354698,187.447514,22.871348,486.880027,369490.006683,0.0
EastA509ToH6.65,1170.0,770_0,0.0,0.0,0.0,1603.0,522_0,56.88,12.44,433.0,1483.8,254.0,8,0.0,319.69,0,tripinfo_EastA509ToH6.65 emissions_EastA509ToH6.65,gasoline_euro4,0.95,52788.138879,1192107.866935,267.953466,25.961289,520.036591,380243.852566,0.0
WestH6ToSaxonSt.107,1284.0,524_0,0.0,0.0,0.0,1603.0,771_0,56.88,13.11,319.0,2600.58,60.0,4,0.0,137.39,0,tripinfo_WestH6ToSaxonSt.107 emissions_WestH6ToSaxonSt.107,gasoline_euro4,1.04,22355.573089,918600.932445,122.761565,17.031867,379.592189,292995.800651,0.0
V6ToEastH6.120,1440.0,468_1,0.0,0.0,0.0,1607.0,522_1,56.88,12.56,167.0,2031.44,0.0,0,0.0,17.3,0,tripinfo_V6ToEastH6.120 emissions_V6ToEastH6.120,gasoline_euro4,0.99,4923.413021,453928.47458,32.086075,6.707765,173.724717,144782.632381,0.0
V6ToEastH6.121,1452.0,468_1,0.0,0.0,0.0,1609.0,522_1,56.88,14.86,157.0,2060.88,0.0,0,0.0,19.27,0,tripinfo_V6ToEastH6.121 emissions_V6ToEastH6.121,gasoline_euro4,1.1,5071.724233,494453.945929,33.360748,7.465609,188.30929,157708.078189,0.0
EastA509ToH6.66,1188.0,770_0,0.0,0.0,0.0,1616.0,522_0,56.88,11.04,428.0,1483.8,233.0,8,0.0,305.02,0,tripinfo_EastA509ToH6.66 emissions_EastA509ToH6.66,gasoline_euro4,0.87,50033.391772,1115716.675531,253.807513,24.186514,486.8626,355878.032438,0.0
EastA509ToH6.69,1242.0,770_0,0.0,0.0,0.0,1617.0,522_1,56.88,12.41,375.0,1483.8,182.0,6,0.0,256.13,0,tripinfo_EastA509ToH6.69 emissions_EastA509ToH6.69,gasoline_euro4,0.9,41902.209901,993111.971882,213.802381,20.964027,429.210361,316770.037089,0.0
V6ToEastH6.122,1464.0,468_1,0.0,0.0,0.0,1619.0,522_1,56.88,14.58,155.0,2060.88,0.0,0,0.0,20.13,0,tripinfo_V6ToEastH6.122 emissions_V6ToEastH6.122,gasoline_euro4,1.12,5695.17851,522677.755121,37.050364,8.382282,203.006391,166709.817537,0.0
WestA509ToEastH6.32,1152.0,773_0,0.0,0.0,0.0,1625.0,522_1,56.88,12.42,473.0,2765.35,191.0,7,0.0,267.04,0,tripinfo_WestA509ToEastH6.32 emissions_WestA509ToEastH6.32,electric,0.97,0.0,0.0,0.0,0.0,0.0,0.0,0.0
V6ToEastH6.123,1476.0,468_1,0.0,0.0,0.0,1640.0,522_1,56.88,13.73,164.0,2060.88,0.0,0,0.0,19.35,0,tripinfo_V6ToEastH6.123 emissions_V6ToEastH6.123,electric,1.04,0.0,0.0,0.0,0.0,0.0,0.0,0.0
EastAveburyToWestA509.122,1237.0,483_1,0.0,0.0,0.0,1641.0,774_2,29.75,13.92,404.0,2246.79,196.0,7,0.0,250.21,0,tripinfo_EastAveburyToWestA509.122 emissions_EastAveburyToWestA509.122,gasoline_euro4,1.08,43070.292051,1182947.957736,223.172459,24.528782,504.6854,377317.753266,0.0
V6ToEastH6.124,1488.0,468_1,0.0,0.0,0.0,1645.0,522_1,56.88,14.52,157.0,2060.88,1.0,1,0.0,23.49,0,tripinfo_V6ToEastH6.124 emissions_V6ToEastH6.124,electric,1.13,0.0,0.0,0.0,0.0,0.0,0.0,0.0
EastAveburyToWestA509.112,1152.0,483_1,0.0,0.0,0.0,1651.0,774_1,29.75,12.11,499.0,2246.79,249.0,9,0.0,320.15,0,tripinfo_EastAveburyToWestA509.112 emissions_EastAveburyToWestA509.112,gasoline_euro4,0.93,54224.513164,1339478.571134,277.772497,27.917322,575.898644,427248.551436,0.0
EastAveburyToWestA509.127,1279.0,483_1,0.0,0.0,0.0,1652.0,774_0,29.75,12.2,373.0,2241.69,145.0,8,0.0,200.73,0,tripinfo_EastAveburyToWestA509.127 emissions_EastAveburyToWestA509.127,gasoline_euro4,0.96,33976.305506,1006526.464847,177.205149,19.424976,419.995732,321045.633927,0.0
EastAveburyToWestA509.128,1288.0,483_1,0.0,0.0,0.0,1654.0,774_0,29.75,12.87,366.0,2241.69,129.0,8,0.0,195.91,0,tripinfo_EastAveburyToWestA509.128 emissions_EastAveburyToWestA509.128,gasoline_euro4,0.97,32921.706976,985134.77937,172.062507,19.208092,412.875795,314221.972223,0.0
WestA509ToAvebury.27,486.0,773_0,0.0,0.0,0.0,1655.0,213_0,19.13,12.43,1169.0,2323.29,879.0,15,0.0,982.58,0,tripinfo_WestA509ToAvebury.27 emissions_WestA509ToAvebury.27,gasoline_euro4,0.91,162005.893453,3043048.465147,808.485982,70.491897,1355.31206,970646.578864,0.0
EastAveburyToWestA509.137,1364.0,483_1,0.0,0.0,0.0,1655.0,774_1,29.75,14.64,291.0,2241.69,64.0,5,0.0,138.98,0,tripinfo_EastAveburyToWestA509.137 emissions_EastAveburyToWestA509.137,gasoline_euro4,1.09,22448.754507,844237.148966,121.502657,16.136156,351.827759,269277.482816,0.0
EastAveburyToWestA509.129,1296.0,483_1,0.0,0.0,0.0,1656.0,774_0,29.75,12.72,360.0,2238.63,118.0,8,0.0,194.07,0,tripinfo_EastAveburyToWestA509.129 emissions_EastAveburyToWestA509.129,electric,1.0,0.0,0.0,0.0,0.0,0.0,0.0,0.0
WestH6ToSaxonSt.104,1248.0,524_0,0.0,0.0,0.0,1657.0,771_0,56.88,15.75,409.0,2602.68,178.0,7,0.0,254.55,0,tripinfo_WestH6ToSaxonSt.104 emissions_WestH6ToSaxonSt.104,electric,1.22,0.0,0.0,0.0,0.0,0.0,0.0,0.0
EastAveburyToWestA509.141,1398.0,483_0,0.0,0.0,0.0,1657.0,774_0,29.75,14.64,259.0,2257.78,52.0,2,0.0,114.2,0,tripinfo_EastAveburyToWestA509.141 emissions_EastAveburyToWestA509.141,gasoline_euro4,1.14,20027.715679,841754.219913,110.363192,16.086193,349.617579,268484.071185,0.0
EastAveburyToWestA509.105,1092.0,483_1,0.0,0.0,0.0,1658.0,774_2,29.75,14.37,566.0,2218.4,336.0,11,0.0,411.94,0,tripinfo_EastAveburyToWestA509.105 emissions_EastAveburyToWestA509.105,electric,1.04,0.0,0.0,0.0,0.0,0.0,0.0,0.0
EastAveburyToWestA509.142,1407.0,483_0,0.0,0.0,0.0,1659.0,774_0,29.75,15.51,252.0,2260.82,50.0,2,0.0,106.68,0,tripinfo_EastAveburyToWestA509.142 emissions_EastAveburyToWestA509.142,electric,1.14,0.0,0.0,0.0,0.0,0.0,0.0,0.0
EastAveburyToWestA509.116,1186.0,483_1,0.0,0.0,0.0,1660.0,774_1,29.75,15.38,474.0,2215.5,256.0,9,0.0,329.91,0,tripinfo_EastAveburyToWestA509.116 emissions_EastAveburyToWestA509.116,electric,1.12,0.0,0.0,0.0,0.0,0.0,0.0,0.0
WestH6ToSaxonSt.103,1236.0,524_0,0.0,0.0,0.0,1662.0,771_0,56.88,14.9,426.0,2600.56,171.0,9,0.0,254.7,0,tripinfo_WestH6ToSaxonSt.103 emissions_WestH6ToSaxonSt.103,gasoline_euro4,1.1,41898.765818,1222713.993232,218.552917,24.774133,517.114865,390000.702948,0.0
EastAveburyToWestA509.119,1211.0,483_1,0.0,0.0,0.0,1664.0,774_1,29.75,14.31,453.0,2215.5,227.0,7,0.0,300.71,0,tripinfo_EastAveburyToWestA509.119 emissions_EastAveburyToWestA509.119,gasoline_euro4,1.05,48917.016901,1225886.55976,250.313204,25.756308,525.457014,391015.867562,0.0
SouthEvansGateToSilbury.76,1368.0,526_0,0.0,0.0,0.0,1664.0,215_1,19.43,12.2,296.0,2430.12,81.0,2,0.0,112.14,0,tripinfo_SouthEvansGateToSilbury.76 emissions_SouthEvansGateToSilbury.76,electric,0.95,0.0,0.0,0.0,0.0,0.0,0.0,0.0
EastAveburyToWestA509.120,1220.0,483_1,0.0,0.0,0.0,1666.0,774_1,29.75,15.57,446.0,2215.5,217.0,7,0.0,304.49,0,tripinfo_EastAveburyToWestA509.120 emissions_EastAveburyToWestA509.120,gasoline_euro4,1.14,48411.565408,1252196.94646,248.994961,26.52262,538.458279,399406.802205,0.0
WestH6ToSaxonSt.108,1296.0,524_0,0.0,0.0,0.0,1666.0,771_0,56.88,14.74,370.0,2600.55,129.0,8,0.0,199.16,0,tripinfo_WestH6ToSaxonSt.108 emissions_WestH6ToSaxonSt.108,electric,1.1,0.0,0.0,0.0,0.0,0.0,0.0,0.0
SouthEvansGateToSilbury.81,1458.0,526_0,0.0,0.0,0.0,1666.0,215_1,19.43,13.2,208.0,1477.52,71.0,2,0.0,100.35,0,tripinfo_SouthEvansGateToSilbury.81 emissions_SouthEvansGateToSilbury.81,gasoline_euro4,1.0,17998.715771,612998.53091,95.683543,11.726042,254.749642,195522.82791,0.0
EastAveburyToWestA509.108,1118.0,483_1,0.0,0.0,0.0,1671.0,774_1,29.75,13.71,553.0,2215.02,301.0,9,0.0,390.75,0,tripinfo_EastAveburyToWestA509.108 emissions_EastAveburyToWestA509.108,gasoline_euro4,0.99,64823.855855,1509783.363104,329.992612,32.337601,653.5531,481571.469658,0.0
SouthEvansGateToSilbury.72,1296.0,526_0,0.0,0.0,0.0,1672.0,215_1,19.43,11.21,376.0,2410.44,128.0,4,0.0,164.54,0,tripinfo_SouthEvansGateToSilbury.72 emissions_SouthEvansGateToSilbury.72,gasoline_euro4,0.83,29560.433709,932544.952687,156.053564,16.538504,381.498007,297448.623776,0.0
SouthEvansGateToSilbury.78,1404.0,526_0,0.0,0.0,0.0,1673.0,215_1,19.43,12.46,269.0,2410.44,56.0,3,0.0,92.93,0,tripinfo_SouthEvansGateToSilbury.78 emissions_SouthEvansGateToSilbury.78,gasoline_euro4,0.99,17108.355629,753273.990205,94.787941,13.004598,303.022525,240263.784954,0.0
EastAveburyToWestA509.140,1390.0,483_0,0.0,0.0,0.0,1675.0,774_0,29.75,12.67,285.0,2338.28,55.0,3,0.0,111.81,0,tripinfo_EastAveburyToWestA509.140 emissions_EastAveburyToWestA509.140,gasoline_euro4,0.99,20049.782844,837799.803498,110.403694,15.279936,344.270522,267223.685702,0.0
V6ToEastH6.125,1500.0,468_1,0.0,0.0,0.0,1675.0,522_1,56.88,12.91,175.0,2060.88,0.0,0,0.0,25.72,0,tripinfo_V6ToEastH6.125 emissions_V6ToEastH6.125,gasoline_euro4,1.01,6224.284107,508717.818839,39.140592,7.895397,197.703028,162257.919031,0.0
SouthEvansGateToSilbury.84,1512.0,526_0,0.0,0.0,0.0,1675.0,215_1,19.43,14.28,163.0,1477.59,49.0,1,0.0,68.95,0,tripinfo_SouthEvansGateToSilbury.84 emissions_SouthEvansGateToSilbury.84,electric,1.14,0.0,0.0,0.0,0.0,0.0,0.0,0.0
WestH6ToSaxonSt.110,1320.0,524_0,0.0,0.0,0.0,1678.0,771_0,56.88,13.03,358.0,2602.7,106.0,5,0.0,170.63,0,tripinfo_WestH6ToSaxonSt.110 emissions_WestH6ToSaxonSt.110,gasoline_euro4,1.0,28824.44958,988898.767067,153.467655,18.534493,408.312503,315420.796524,0.0
WestA509ToEastH6.33,1188.0,773_0,0.0,0.0,0.0,1681.0,522_0,56.88,12.87,493.0,2714.28,231.0,6,0.0,290.44,0,tripinfo_WestA509ToEastH6.33 emissions_WestA509ToEastH6.33,electric,0.97,0.0,0.0,0.0,0.0,0.0,0.0,0.0
EastA509ToH6.72,1296.0,770_0,0.0,0.0,0.0,1684.0,522_1,56.88,12.72,388.0,1483.69,211.0,6,0.0,279.06,0,tripinfo_EastA509ToH6.72 emissions_EastA509ToH6.72,electric,0.98,0.0,0.0,0.0,0.0,0.0,0.0,0.0
EastA509ToH6.71,1278.0,770_0,0.0,0.0,0.0,1685.0,522_0,56.88,11.59,407.0,1483.64,224.0,6,0.0,279.9,0,tripinfo_EastA509ToH6.71 emissions_EastA509ToH6.71,gasoline_euro4,0.84,46261.554622,1050943.785891,235.101019,22.12655,454.027863,335217.773546,0.0
WestA509ToAvebury.76,1371.0,773_0,0.0,0.0,3.0,1685.0,213_0,19.13,14.73,314.0,2336.42,115.0,3,0.0,154.21,0,tripinfo_WestA509ToAvebury.76 emissions_WestA509ToAvebury.76,gasoline_euro4,1.06,27417.582197,938954.546908,145.857092,18.104524,390.467274,299489.934845,0.0
EastA509ToH6.70,1260.0,770_0,0.0,0.0,0.0,1687.0,522_0,56.88,13.25,427.0,1483.8,247.0,7,0.0,321.77,0,tripinfo_EastA509ToH6.70 emissions_EastA509ToH6.70,electric,1.02,0.0,0.0,0.0,0.0,0.0,0.0,0.0
EastA509ToH6.73,1314.0,770_0,0.0,0.0,0.0,1687.0,522_1,56.88,14.3,373.0,1483.8,188.0,7,0.0,273.32,0,tripinfo_EastA509ToH6.73 emissions_EastA509ToH6.73,electric,1.07,0.0,0.0,0.0,0.0,0.0,0.0,0.0
EastA509ToH6.74,1332.0,770_0,0.0,0.0,0.0,1692.0,522_0,56.88,13.99,360.0,1483.8,174.0,6,0.0,254.68,0,tripinfo_EastA509ToH6.74 emissions_EastA509ToH6.74,electric,1.02,0.0,0.0,0.0,0.0,0.0,0.0,0.0
V6ToEastH6.126,1512.0,468_1,0.0,0.0,0.0,1702.0,522_0,56.88,11.42,190.0,2060.88,0.0,0,0.0,20.7,0,tripinfo_V6ToEastH6.126 emissions_V6ToEastH6.126,electric,0.89,0.0,0.0,0.0,0.0,0.0,0.0,0.0
V6ToEastH6.127,1524.0,468_1,0.0,0.0,0.0,1704.0,522_1,56.88,13.09,180.0,2060.88,1.0,1,0.0,26.31,0,tripinfo_V6ToEastH6.127 emissions_V6ToEastH6.127,electric,0.98,0.0,0.0,0.0,0.0,0.0,0.0,0.0
EastAveburyToWestA509.118,1203.0,483_1,0.0,0.0,0.0,1707.0,774_0,29.75,12.99,504.0,2302.13,248.0,8,0.0,326.68,0,tripinfo_EastAveburyToWestA509.118 emissions_EastAveburyToWestA509.118,gasoline_euro4,0.95,54197.208768,1366664.944005,278.259828,28.448859,586.804365,435919.444955,0.0
V6ToEastH6.128,1536.0,468_1,0.0,0.0,0.0,1708.0,522_1,56.88,14.04,172.0,2060.88,0.0,0,0.0,26.38,0,tripinfo_V6ToEastH6.128 emissions_V6ToEastH6.128,gasoline_euro4,1.03,6462.562615,528842.105901,40.965836,8.378963,206.853825,168676.466501,0.0
V6ToEastH6.129,1548.0,468_1,0.0,0.0,0.0,1721.0,522_1,56.88,13.66,173.0,2060.88,1.0,1,0.0,23.73,0,tripinfo_V6ToEastH6.129 emissions_V6ToEastH6.129,electric,1.01,0.0,0.0,0.0,0.0,0.0,0.0,0.0
V6ToEastH6.134,1608.0,468_1,0.0,0.0,0.0,1723.0,522_1,56.88,14.51,115.0,1512.23,0.0,0,0.0,16.68,0,tripinfo_V6ToEastH6.134 emissions_V6ToEastH6.134,electric,1.11,0.0,0.0,0.0,0.0,0.0,0.0,0.0
WestA509ToAvebury.30,543.0,773_0,0.0,0.0,3.0,1730.0,213_0,19.13,14.36,1187.0,2279.03,896.0,18,0.0,1027.68,0,tripinfo_WestA509ToAvebury.30 emissions_WestA509ToAvebury.30,gasoline_euro4,1.04,167819.594151,3157912.527156,837.553989,73.885199,1410.335548,1007283.918296,0.0
WestA509ToAvebury.33,594.0,773_0,0.0,0.0,0.0,1732.0,213_0,19.13,13.44,1138.0,2323.29,852.0,15,0.0,967.28,0,tripinfo_WestA509ToAvebury.33 emissions_WestA509ToAvebury.33,gasoline_euro4,0.99,158302.162436,2983438.037887,790.005918,69.314423,1328.926214,951631.978211,0.0
EastAveburyToWestA509.124,1254.0,483_1,0.0,0.0,0.0,1732.0,774_2,29.75,13.39,478.0,2246.81,260.0,6,0.0,313.61,0,tripinfo_EastAveburyToWestA509.124 emissions_EastAveburyToWestA509.124,gasoline_euro4,1.01,53425.6246,1353150.570542,273.982941,28.37986,580.695358,431608.442095,0.0
V6ToEastH6.130,1560.0,468_1,0.0,0.0,0.0,1735.0,522_1,56.88,13.0,175.0,2060.88,0.0,0,0.0,20.15,0,tripinfo_V6ToEastH6.130 emissions_V6ToEastH6.130,gasoline_euro4,0.97,6012.521388,501328.724493,38.41323,7.682382,194.676272,159901.199506,0.0
EastAveburyToWestA509.123,1245.0,483_1,0.0,0.0,0.0,1741.0,774_1,29.75,11.68,496.0,2246.79,243.0,8,0.0,311.09,0,tripinfo_EastAveburyToWestA509.123 emissions_EastAveburyToWestA509.123,gasoline_euro4,0.9,52769.242299,1297638.521773,270.312369,27.0205,557.984768,413903.18494,0.0
EastAveburyToWestA509.131,1313.0,483_1,0.0,0.0,0.0,1741.0,774_2,29.75,13.22,428.0,2246.79,179.0,9,0.0,261.4,0,tripinfo_EastAveburyToWestA509.131 emissions_EastAveburyToWestA509.131,gasoline_euro4,1.0,42974.742947,1168796.813444,222.535654,23.886263,498.890509,372804.624278,0.0
V6ToEastH6.131,1572.0,468_1,0.0,0.0,0.0,1741.0,522_1,56.88,13.9,169.0,2060.88,0.0,0,0.0,18.82,0,tripinfo_V6ToEastH6.131 emissions_V6ToEastH6.131,gasoline_euro4,1.01,5269.777086,490390.83644,34.59528,7.268259,187.770224,156412.439474,0.0
EastAveburyToWestA509.144,1424.0,483_1,0.0,0.0,0.0,1742.0,774_0,29.75,12.8,318.0,2241.68,86.0,5,0.0,152.38,0,tripinfo_EastAveburyToWestA509.144 emissions_EastAveburyToWestA509.144,gasoline_euro4,1.0,25526.021591,861379.96139,135.617957,16.231905,356.94265,274747.30323,0.0
EastAveburyToWestA509.126,1271.0,483_1,0.0,0.0,0.0,1743.0,774_2,29.75,14.21,472.0,2218.4,260.0,8,0.0,325.14,0,tripinfo_EastAveburyToWestA509.126 emissions_EastAveburyToWestA509.126,electric,1.1,0.0,0.0,0.0,0.0,0.0,0.0,0.0
EastAveburyToWestA509.136,1356.0,483_1,0.0,0.0,0.0,1743.0,774_1,29.75,15.83,387.0,2215.47,184.0,7,0.0,254.46,0,tripinfo_EastAveburyToWestA509.136 emissions_EastAveburyToWestA509.136,gasoline_euro4,1.22,42208.661343,1180164.063868,218.953993,24.753567,504.416013,376428.985729,0.0
EastAveburyToWestA509.145,1432.0,483_0,0.0,0.0,0.0,1744.0,774_0,29.75,13.49,312.0,2261.05,105.0,3,0.0,148.3,0,tripinfo_EastAveburyToWestA509.145 emissions_EastAveburyToWestA509.145,gasoline_euro4,1.01,26025.077387,896761.136285,138.692218,17.041226,372.118696,286032.051657,0.0
EastAveburyToWestA509.143,1415.0,483_0,0.0,0.0,0.0,1746.0,774_0,29.75,12.86,331.0,2257.79,130.0,4,0.0,167.36,0,tripinfo_EastAveburyToWestA509.143 emissions_EastAveburyToWestA509.143,gasoline_euro4,1.01,29907.884322,952645.249206,157.484537,18.471759,397.93828,303857.900961,0.0
WestH6ToSaxonSt.112,1344.0,524_0,0.0,0.0,0.0,1747.0,771_0,56.88,15.36,403.0,2602.7,169.0,7,0.0,236.44,0,tripinfo_WestH6ToSaxonSt.112 emissions_WestH6ToSaxonSt.112,electric,1.13,0.0,0.0,0.0,0.0,0.0,0.0,0.0
EastAveburyToWestA509.138,1373.0,483_1,0.0,0.0,0.0,1747.0,774_1,29.75,14.07,374.0,2215.5,168.0,6,0.0,227.06,0,tripinfo_EastAveburyToWestA509.138 emissions_EastAveburyToWestA509.138,electric,1.1,0.0,0.0,0.0,0.0,0.0,0.0,0.0
WestH6ToSaxonSt.114,1368.0,524_0,0.0,0.0,0.0,1750.0,771_0,56.88,15.67,382.0,2603.36,147.0,8,0.0,224.33,0,tripinfo_WestH6ToSaxonSt.114 emissions_WestH6ToSaxonSt.114,gasoline_euro4,1.19,37095.664285,1149627.883053,195.089184,23.213748,484.264732,366687.640953,0.0
EastAveburyToWestA509.130,1305.0,483_1,0.0,0.0,0.0,1752.0,774_2,29.75,14.38,447.0,2214.99,217.0,9,0.0,295.27,0,tripinfo_EastAveburyToWestA509.130 emissions_EastAveburyToWestA509.130,gasoline_euro4,1.06,48377.196319,1248537.668584,248.513179,25.925115,533.670457,398240.237917,0.0
SouthEvansGateToSilbury.80,1440.0,526_0,0.0,0.0,0.0,1753.0,215_1,19.43,13.86,313.0,2430.12,98.0,2,0.0,141.67,0,tripinfo_SouthEvansGateToSilbury.80 emissions_SouthEvansGateToSilbury.80,gasoline_euro4,1.03,25053.664102,927760.831061,134.621056,17.283901,381.990875,295918.963201,0.0
WestH6ToSaxonSt.109,1308.0,524_0,0.0,0.0,0.0,1755.0,771_0,56.88,15.46,447.0,2602.68,204.0,8,0.0,288.47,0,tripinfo_WestH6ToSaxonSt.109 emissions_WestH6ToSaxonSt.109,electric,1.19,0.0,0.0,0.0,0.0,0.0,0.0,0.0
EastAveburyToWestA509.133,1330.0,483_1,0.0,0.0,0.0,1755.0,774_2,29.75,14.11,425.0,2243.73,182.0,11,0.0,261.61,0,tripinfo_EastAveburyToWestA509.133 emissions_EastAveburyToWestA509.133,electric,1.02,0.0,0.0,0.0,0.0,0.0,0.0,0.0
SouthEvansGateToSilbury.79,1422.0,526_0,0.0,0.0,0.0,1756.0,215_1,19.43,11.4,334.0,2430.22,92.0,4,0.0,130.47,0,tripinfo_SouthEvansGateToSilbury.79 emissions_SouthEvansGateToSilbury.79,electric,0.86,0.0,0.0,0.0,0.0,0.0,0.0,0.0
SouthEvansGateToSilbury.83,1494.0,526_0,0.0,0.0,0.0,1758.0,215_1,19.43,14.09,264.0,2430.12,57.0,3,0.0,96.54,0,tripinfo_SouthEvansGateToSilbury.83 emissions_SouthEvansGateToSilbury.83,electric,1.05,0.0,0.0,0.0,0.0,0.0,0.0,0.0
SouthEvansGateToSilbury.88,1584.0,526_0,0.0,0.0,0.0,1760.0,215_1,19.43,15.43,176.0,1477.59,63.0,1,0.0,80.18,0,tripinfo_SouthEvansGateToSilbury.88 emissions_SouthEvansGateToSilbury.88,gasoline_euro4,1.12,14955.323593,542334.252228,79.8236,10.206685,221.672947,172983.264237,0.0
V6ToEastH6.133,1596.0,468_1,0.0,0.0,0.0,1760.0,522_1,56.88,15.06,164.0,2060.24,0.0,0,0.0,26.36,0,tripinfo_V6ToEastH6.133 emissions_V6ToEastH6.133,electric,1.1,0.0,0.0,0.0,0.0,0.0,0.0,0.0
EastAveburyToWestA509.139,1381.0,483_1,0.0,0.0,0.0,1762.0,774_1,29.75,13.35,381.0,2218.4,157.0,5,0.0,217.11,0,tripinfo_EastAveburyToWestA509.139 emissions_EastAveburyToWestA509.139,electric,0.98,0.0,0.0,0.0,0.0,0.0,0.0,0.0
EastAveburyToWestA509.132,1322.0,483_1,0.0,0.0,0.0,1765.0,774_0,29.75,15.72,443.0,2328.54,206.0,9,0.0,290.43,0,tripinfo_EastAveburyToWestA509.132 emissions_EastAveburyToWestA509.132,gasoline_euro4,1.14,48286.477637,1323459.365984,250.669907,28.017004,570.263482,422135.185876,0.0
WestH6ToSaxonSt.111,1332.0,524_0,0.0,0.0,0.0,1765.0,771_0,56.88,12.52,433.0,2602.68,145.0,9,0.0,242.44,0,tripinfo_WestH6ToSaxonSt.111 emissions_WestH6ToSaxonSt.111,electric,0.99,0.0,0.0,0.0,0.0,0.0,0.0,0.0
WestH6ToSaxonSt.115,1380.0,524_0,0.0,0.0,0.0,1771.0,771_0,56.88,11.62,391.0,2602.67,134.0,6,0.0,188.19,0,tripinfo_WestH6ToSaxonSt.115 emissions_WestH6ToSaxonSt.115,gasoline_euro4,0.93,32355.567447,1023084.542925,170.733825,19.444655,426.226248,326326.007525,0.0
EastA509ToH6.76,1368.0,770_0,0.0,0.0,0.0,1772.0,522_1,56.88,14.4,404.0,1483.69,235.0,6,0.0,306.3,0,tripinfo_EastA509ToH6.76 emissions_EastA509ToH6.76,gasoline_euro4,1.1,49179.80071,1126724.436755,250.22134,24.908264,493.605458,359387.794582,0.0
EastA509ToH6.75,1350.0,770_0,0.0,0.0,0.0,1774.0,522_0,56.88,11.55,424.0,1483.64,252.0,7,0.0,303.54,0,tripinfo_EastA509ToH6.75 emissions_EastA509ToH6.75,gasoline_euro4,0.89,50360.568076,1127226.41033,255.509384,24.280546,490.306218,359549.362177,0.0
EastA509ToH6.78,1404.0,770_0,0.0,0.0,0.0,1774.0,522_1,56.88,15.64,370.0,1483.69,204.0,4,0.0,279.4,0,tripinfo_EastA509ToH6.78 emissions_EastA509ToH6.78,gasoline_euro4,1.18,44699.437215,1078571.030932,228.667003,23.777319,472.152603,344026.990709,0.0
EastSilburyToEastAvebury.18,688.0,317_0,0.0,0.0,0.0,1775.0,213_1,19.13,12.47,1087.0,1590.8,813.0,19,0.0,958.03,0,tripinfo_EastSilburyToEastAvebury.18 emissions_EastSilburyToEastAvebury.18,electric,0.9,0.0,0.0,0.0,0.0,0.0,0.0,0.0
WestA509ToAvebury.32,579.0,773_0,0.0,0.0,3.0,1781.0,213_0,19.13,11.66,1202.0,2332.44,868.0,23,0.0,1016.71,0,tripinfo_WestA509ToAvebury.32 emissions_WestA509ToAvebury.32,gasoline_euro4,0.92,165052.478221,3091010.083179,823.278693,71.609225,1376.776277,985945.262359,0.0
V6ToEastH6.132,1584.0,468_1,0.0,0.0,0.0,1782.0,522_1,56.88,12.38,198.0,2060.88,2.0,1,0.0,33.1,0,tripinfo_V6ToEastH6.132 emissions_V6ToEastH6.132,gasoline_euro4,0.91,7162.035465,516495.974545,44.180435,7.719122,200.937513,164739.649648,0.0
WestA509ToEastH6.35,1260.0,773_0,0.0,0.0,0.0,1784.0,522_0,56.88,13.7,524.0,2716.4,253.0,5,0.0,333.8,0,tripinfo_WestA509ToEastH6.35 emissions_WestA509ToEastH6.35,electric,1.03,0.0,0.0,0.0,0.0,0.0,0.0,0.0
WestH6ToSaxonSt.113,1356.0,524_0,0.0,0.0,0.0,1786.0,771_0,56.88,10.17,430.0,2602.7,142.0,5,0.0,191.18,0,tripinfo_WestH6ToSaxonSt.113 emissions_WestH6ToSaxonSt.113,electric,0.79,0.0,0.0,0.0,0.0,0.0,0.0,0.0
EastA509ToH6.77,1386.0,770_0,0.0,0.0,0.0,1786.0,522_0,56.88,12.83,400.0,1483.75,214.0,5,0.0,293.35,0,tripinfo_EastA509ToH6.77 emissions_EastA509ToH6.77,electric,1.0,0.0,0.0,0.0,0.0,0.0,0.0,0.0
WestH6ToSaxonSt.117,1404.0,524_0,0.0,0.0,0.0,1786.0,771_1,56.88,13.18,382.0,2601.44,105.0,5,0.0,191.44,0,tripinfo_WestH6ToSaxonSt.117 emissions_WestH6ToSaxonSt.117,electric,0.99,0.0,0.0,0.0,0.0,0.0,0.0,0.0
V6ToEastH6.136,1632.0,468_1,0.0,0.0,0.0,1791.0,522_1,56.88,15.59,159.0,2060.88,0.0,0,0.0,27.44,0,tripinfo_V6ToEastH6.136 emissions_V6ToEastH6.136,gasoline_euro4,1.15,6901.507711,551912.245902,43.737351,9.574146,220.482102,176033.979203,0.0
WestH6ToSaxonSt.116,1392.0,524_0,0.0,0.0,0.0,1792.0,771_0,56.88,10.78,400.0,2602.7,107.0,4,0.0,162.4,0,tripinfo_WestH6ToSaxonSt.116 emissions_WestH6ToSaxonSt.116,electric,0.79,0.0,0.0,0.0,0.0,0.0,0.0,0.0
V6ToEastH6.135,1620.0,468_1,0.0,0.0,0.0,1795.0,522_1,56.88,12.88,175.0,2060.88,0.0,0,0.0,23.98,0,tripinfo_V6ToEastH6.135 emissions_V6ToEastH6.135,electric,0.99,0.0,0.0,0.0,0.0,0.0,0.0,0.0
EastA509ToH6.79,1422.0,770_0,0.0,0.0,0.0,1798.0,522_0,56.88,15.29,376.0,1483.8,198.0,6,0.0,278.84,0,tripinfo_EastA509ToH6.79 emissions_EastA509ToH6.79,electric,1.11,0.0,0.0,0.0,0.0,0.0,0.0,0.0
EastAveburyToWestA509.152,1492.0,483_1,0.0,0.0,0.0,1812.0,774_0,29.75,13.24,320.0,2311.97,75.0,4,0.0,146.31,0,tripinfo_EastAveburyToWestA509.152 emissions_EastAveburyToWestA509.152,gasoline_euro4,0.99,25084.775251,908788.2966,134.965471,17.217833,378.218999,289867.438139,0.0
EastAveburyToWestA509.153,1500.0,483_1,0.0,0.0,0.0,1815.0,774_0,29.75,13.12,315.0,2308.45,88.0,5,0.0,149.06,0,tripinfo_EastAveburyToWestA509.153 emissions_EastAveburyToWestA509.153,gasoline_euro4,1.02,26205.037479,935674.231267,140.36106,17.994569,390.406914,298442.89758,0.0
V6ToEastH6.137,1644.0,468_1,0.0,0.0,0.0,1818.0,522_1,56.88,13.37,174.0,2060.88,0.0,0,0.0,18.36,0,tripinfo_V6ToEastH6.137 emissions_V6ToEastH6.137,gasoline_euro4,0.97,5235.008853,488306.465141,34.412415,7.070496,186.267825,155747.799729,0.0
EastAveburyToWestA509.156,1526.0,483_1,0.0,0.0,0.0,1821.0,774_2,29.75,13.35,295.0,2237.39,73.0,3,0.0,129.91,0,tripinfo_EastAveburyToWestA509.156 emissions_EastAveburyToWestA509.156,gasoline_euro4,1.0,22103.753722,813208.237095,118.93976,15.066705,335.317801,259381.392346,0.0
EastSilburyToEastAvebury.50,1200.0,317_0,0.0,0.0,0.0,1822.0,213_0,19.13,11.72,622.0,1581.8,424.0,14,0.0,492.97,0,tripinfo_EastSilburyToEastAvebury.50 emissions_EastSilburyToEastAvebury.50,gasoline_euro4,0.9,81209.10646,1642580.709692,408.031214,36.979609,725.343308,523934.105717,0.0
EastAveburyToWestA509.155,1517.0,483_1,0.0,0.0,0.0,1822.0,774_0,29.75,14.19,305.0,2238.62,83.0,3,0.0,144.76,0,tripinfo_EastAveburyToWestA509.155 emissions_EastAveburyToWestA509.155,gasoline_euro4,1.03,24996.141386,868183.444594,133.712489,16.63545,362.163042,276916.58185,0.0
EastSilburyToEastAvebury.20,720.0,317_0,0.0,0.0,0.0,1824.0,213_0,19.13,13.43,1104.0,680.89,931.0,18,0.0,1052.47,0,tripinfo_EastSilburyToEastAvebury.20 emissions_EastSilburyToEastAvebury.20,gasoline_euro4,0.98,170027.834269,2902236.1931,842.242417,70.955368,1319.283503,925736.882132,0.0
EastSilburyToEastAvebury.33,928.0,317_0,0.0,0.0,0.0,1825.0,213_0,19.13,15.11,897.0,642.19,812.0,8,0.0,854.67,0,tripinfo_EastSilburyToEastAvebury.33 emissions_EastSilburyToEastAvebury.33,electric,1.11,0.0,0.0,0.0,0.0,0.0,0.0,0.0
EastAveburyToWestA509.163,1585.0,483_0,0.0,0.0,0.0,1826.0,774_0,29.75,14.1,241.0,2254.71,42.0,3,0.0,81.92,0,tripinfo_EastAveburyToWestA509.163 emissions_EastAveburyToWestA509.163,electric,1.03,0.0,0.0,0.0,0.0,0.0,0.0,0.0
EastSilburyToEastAvebury.21,736.0,317_0,0.0,0.0,0.0,1828.0,213_0,19.13,14.12,1092.0,680.89,913.0,20,0.0,1043.01,0,tripinfo_EastSilburyToEastAvebury.21 emissions_EastSilburyToEastAvebury.21,electric,1.03,0.0,0.0,0.0,0.0,0.0,0.0,0.0
V6ToEastH6.138,1656.0,468_1,0.0,0.0,0.0,1831.0,522_1,56.88,12.43,175.0,2060.88,0.0,0,0.0,17.98,0,tripinfo_V6ToEastH6.138 emissions_V6ToEastH6.138,electric,0.96,0.0,0.0,0.0,0.0,0.0,0.0,0.0
EastAveburyToWestA509.146,1441.0,483_1,0.0,0.0,0.0,1832.0,774_2,29.75,13.88,391.0,2218.4,190.0,6,0.0,242.24,0,tripinfo_EastAveburyToWestA509.146 emissions_EastAveburyToWestA509.146,gasoline_euro4,1.08,41022.153862,1123517.413065,212.289381,23.006809,476.878879,358361.984972,0.0
EastAveburyToWestA509.154,1509.0,483_1,0.0,0.0,0.0,1835.0,774_0,29.75,12.86,326.0,2241.68,86.0,4,0.0,150.49,0,tripinfo_EastAveburyToWestA509.154 emissions_EastAveburyToWestA509.154,gasoline_euro4,0.94,25387.881142,854027.595136,134.922128,15.781584,352.751857,272402.574033,0.0
SouthEvansGateToSilbury.85,1530.0,526_0,0.0,0.0,0.0,1840.0,215_1,19.43,13.87,310.0,2430.12,104.0,2,0.0,140.88,0,tripinfo_SouthEvansGateToSilbury.85 emissions_SouthEvansGateToSilbury.85,electric,1.04,0.0,0.0,0.0,0.0,0.0,0.0,0.0
SouthEvansGateToSilbury.86,1548.0,526_0,0.0,0.0,0.0,1843.0,215_1,19.43,13.15,295.0,2430.12,77.0,2,0.0,110.87,0,tripinfo_SouthEvansGateToSilbury.86 emissions_SouthEvansGateToSilbury.86,gasoline_euro4,0.95,20467.50959,805274.137743,111.304296,14.222346,326.629473,256850.719109,0.0
WestH6ToSaxonSt.122,1464.0,524_0,0.0,0.0,0.0,1845.0,771_0,56.88,12.64,381.0,2602.67,144.0,5,0.0,188.23,0,tripinfo_WestH6ToSaxonSt.122 emissions_WestH6ToSaxonSt.122,electric,0.98,0.0,0.0,0.0,0.0,0.0,0.0,0.0
SouthEvansGateToSilbury.91,1638.0,526_0,0.0,0.0,0.0,1847.0,215_1,19.43,10.34,209.0,1477.62,53.0,2,0.0,73.5,0,tripinfo_SouthEvansGateToSilbury.91 emissions_SouthEvansGateToSilbury.91,gasoline_euro4,0.79,14372.637019,505934.591284,77.075681,8.661686,205.495757,161374.372186,0.0
WestH6ToSaxonSt.121,1452.0,524_0,0.0,0.0,0.0,1848.0,771_0,56.88,13.02,396.0,2602.7,157.0,6,0.0,204.92,0,tripinfo_WestH6ToSaxonSt.121 emissions_WestH6ToSaxonSt.121,electric,0.99,0.0,0.0,0.0,0.0,0.0,0.0,0.0
EastAveburyToWestA509.147,1449.0,483_1,0.0,0.0,0.0,1849.0,774_1,29.75,11.14,400.0,2218.32,170.0,6,0.0,215.45,0,tripinfo_EastAveburyToWestA509.147 emissions_EastAveburyToWestA509.147,gasoline_euro4,0.87,36968.74823,1011046.560319,191.62243,19.728329,425.26461,322488.905075,0.0
SouthEvansGateToSilbury.82,1476.0,526_0,0.0,0.0,0.0,1849.0,215_1,19.43,13.82,373.0,2410.48,152.0,4,0.0,203.7,0,tripinfo_SouthEvansGateToSilbury.82 emissions_SouthEvansGateToSilbury.82,gasoline_euro4,1.03,35176.377316,1064825.109725,184.472518,21.278633,449.510562,339639.451812,0.0
WestH6ToSaxonSt.126,1512.0,524_0,0.0,0.0,0.0,1849.0,771_0,56.88,15.33,337.0,2599.3,110.0,9,0.0,172.91,0,tripinfo_WestH6ToSaxonSt.126 emissions_WestH6ToSaxonSt.126,electric,1.14,0.0,0.0,0.0,0.0,0.0,0.0,0.0
SouthEvansGateToSilbury.89,1602.0,526_0,0.0,0.0,0.0,1851.0,215_1,19.43,13.81,249.0,2430.19,60.0,1,0.0,83.47,0,tripinfo_SouthEvansGateToSilbury.89 emissions_SouthEvansGateToSilbury.89,gasoline_euro4,1.06,16261.157735,725051.139708,89.731693,12.739696,290.442195,231261.487049,0.0
EastAveburyToWestA509.148,1458.0,483_1,0.0,0.0,0.0,1852.0,774_1,29.75,12.42,394.0,2218.4,175.0,6,0.0,225.07,0,tripinfo_EastAveburyToWestA509.148 emissions_EastAveburyToWestA509.148,gasoline_euro4,0.95,37924.140694,1023104.297305,196.061762,20.418423,432.122042,326334.735343,0.0
WestH6ToSaxonSt.123,1476.0,524_0,0.0,0.0,0.0,1854.0,771_0,56.88,13.17,378.0,2602.7,140.0,5,0.0,184.82,0,tripinfo_WestH6ToSaxonSt.123 emissions_WestH6ToSaxonSt.123,gasoline_euro4,0.97,32723.342536,1040047.91255,172.590394,19.97367,433.236918,331736.396141,0.0
EastAveburyToWestA509.125,1262.0,483_1,0.0,0.0,0.0,1856.0,774_0,29.75,11.85,594.0,2325.5,323.0,13,0.0,407.83,0,tripinfo_EastAveburyToWestA509.125 emissions_EastAveburyToWestA509.125,electric,0.93,0.0,0.0,0.0,0.0,0.0,0.0,0.0
WestA509ToEastH6.37,1332.0,773_0,0.0,0.0,0.0,1856.0,522_0,56.88,12.01,524.0,2704.58,248.0,5,0.0,302.83,0,tripinfo_WestA509ToEastH6.37 emissions_WestA509ToEastH6.37,electric,0.89,0.0,0.0,0.0,0.0,0.0,0.0,0.0
WestH6ToSaxonSt.127,1524.0,524_0,0.0,0.0,0.0,1856.0,771_0,56.88,14.75,332.0,2602.68,96.0,7,0.0,156.21,0,tripinfo_WestH6ToSaxonSt.127 emissions_WestH6ToSaxonSt.127,electric,1.07,0.0,0.0,0.0,0.0,0.0,0.0,0.0
EastAveburyToWestA509.134,1339.0,483_1,0.0,0.0,0.0,1859.0,774_0,29.75,13.09,520.0,2325.77,264.0,11,0.0,351.61,0,tripinfo_EastAveburyToWestA509.134 emissions_EastAveburyToWestA509.134,electric,1.02,0.0,0.0,0.0,0.0,0.0,0.0,0.0
V6ToEastH6.140,1680.0,468_1,0.0,0.0,0.0,1861.0,522_1,56.88,12.7,181.0,2060.88,1.0,1,0.0,27.48,0,tripinfo_V6ToEastH6.140 emissions_V6ToEastH6.140,gasoline_euro4,0.98,6179.364319,499426.145882,39.201035,7.729563,194.664525,159294.391896,0.0
WestA509ToAvebury.77,1386.0,773_0,0.0,0.0,0.0,1862.0,213_1,19.13,13.14,476.0,2332.41,263.0,7,0.0,306.96,0,tripinfo_WestA509ToAvebury.77 emissions_WestA509ToAvebury.77,electric,1.0,0.0,0.0,0.0,0.0,0.0,0.0,0.0
V6ToEastH6.139,1668.0,468_1,0.0,0.0,0.0,1867.0,522_0,56.88,10.43,199.0,2060.88,0.0,0,0.0,21.3,0,tripinfo_V6ToEastH6.139 emissions_V6ToEastH6.139,gasoline_euro4,0.84,5975.327405,476510.619415,37.968691,6.563055,181.835257,151986.330268,0.0
V6ToEastH6.141,1692.0,468_1,0.0,0.0,0.0,1868.0,522_1,56.88,12.71,176.0,2060.88,0.0,0,0.0,26.27,0,tripinfo_V6ToEastH6.141 emissions_V6ToEastH6.141,electric,1.01,0.0,0.0,0.0,0.0,0.0,0.0,0.0
WestH6ToSaxonSt.118,1416.0,524_0,0.0,0.0,0.0,1869.0,771_0,56.88,11.58,453.0,2602.68,156.0,8,0.0,237.06,0,tripinfo_WestH6ToSaxonSt.118 emissions_WestH6ToSaxonSt.118,electric,0.87,0.0,0.0,0.0,0.0,0.0,0.0,0.0
WestA509ToEastH6.45,1620.0,773_0,0.0,0.0,0.0,1869.0,522_1,56.88,13.54,249.0,2762.5,12.0,1,0.0,47.25,0,tripinfo_WestA509ToEastH6.45 emissions_WestA509ToEastH6.45,gasoline_euro4,0.99,10157.704736,693389.732782,61.434502,11.038274,271.801846,221160.672223,0.0
V6ToEastH6.143,1716.0,468_1,0.0,0.0,0.0,1884.0,522_1,56.88,15.19,168.0,2062.87,0.0,0,0.0,36.54,0,tripinfo_V6ToEastH6.143 emissions_V6ToEastH6.143,gasoline_euro4,1.14,6350.620591,527554.37181,40.735211,8.650368,208.195105,168265.395574,0.0
V6ToEastH6.142,1704.0,468_1,0.0,0.0,0.0,1893.0,522_1,56.88,11.91,189.0,2060.88,0.0,0,0.0,23.03,0,tripinfo_V6ToEastH6.142 emissions_V6ToEastH6.142,electric,0.91,0.0,0.0,0.0,0.0,0.0,0.0,0.0
V6ToEastH6.144,1728.0,468_1,0.0,0.0,0.0,1897.0,522_1,56.88,13.11,169.0,2060.88,0.0,0,0.0,21.8,0,tripinfo_V6ToEastH6.144 emissions_V6ToEastH6.144,gasoline_euro4,1.02,5688.872561,501347.890354,36.848915,7.787064,194.660327,159907.006381,0.0
EastSilburyToEastAvebury.23,768.0,317_0,0.0,0.0,0.0,1908.0,213_0,19.13,14.97,1140.0,1576.69,902.0,18,0.0,1036.5,0,tripinfo_EastSilburyToEastAvebury.23 emissions_EastSilburyToEastAvebury.23,gasoline_euro4,1.11,167947.878477,3044813.657225,835.734756,72.698412,1370.199777,971210.797266,0.0
WestA509ToEastH6.21,756.0,773_0,0.0,0.0,0.0,1911.0,522_0,56.88,16.68,1155.0,2705.71,816.0,24,0.0,991.32,0,tripinfo_WestA509ToEastH6.21 emissions_WestA509ToEastH6.21,gasoline_euro4,1.2,159780.413351,3140702.375874,800.153975,72.785913,1394.183972,1001790.761741,0.0
EastSilburyToEastAvebury.49,1184.0,317_1,0.0,0.0,0.0,1913.0,213_0,19.13,13.92,729.0,2107.51,489.0,17,0.0,582.35,0,tripinfo_EastSilburyToEastAvebury.49 emissions_EastSilburyToEastAvebury.49,gasoline_euro4,1.05,95594.782836,1995114.254669,481.118782,44.891488,878.098202,636379.877075,0.0
WestA509ToAvebury.54,975.0,773_0,0.0,0.0,3.0,1915.0,213_0,19.13,13.73,940.0,2279.61,668.0,13,0.0,778.89,0,tripinfo_WestA509ToAvebury.54 emissions_WestA509ToAvebury.54,electric,1.03,0.0,0.0,0.0,0.0,0.0,0.0,0.0
WestA509ToAvebury.82,1479.0,773_0,0.0,0.0,3.0,1919.0,213_0,19.13,12.15,440.0,2327.58,211.0,8,0.0,257.56,0,tripinfo_WestA509ToAvebury.82 emissions_WestA509ToAvebury.82,gasoline_euro4,0.93,44390.991724,1171429.275675,228.900506,23.512124,496.282978,373645.695388,0.0
EastAveburyToWestA509.158,1543.0,483_1,0.0,0.0,0.0,1921.0,774_2,29.75,12.86,378.0,2237.39,113.0,3,0.0,213.09,0,tripinfo_EastAveburyToWestA509.158 emissions_EastAveburyToWestA509.158,gasoline_euro4,1.0,31682.079733,975296.454256,166.635011,18.949888,411.653286,311083.220772,0.0
EastSilburyToEastAvebury.24,784.0,317_0,0.0,0.0,0.0,1922.0,213_0,19.13,11.59,1138.0,1576.66,874.0,18,0.0,1001.45,0,tripinfo_EastSilburyToEastAvebury.24 emissions_EastSilburyToEastAvebury.24,gasoline_euro4,0.84,163265.794265,2917434.892889,811.619482,68.877594,1309.614749,930582.865754,0.0
EastAveburyToWestA509.150,1475.0,483_1,0.0,0.0,0.0,1923.0,774_2,29.75,13.8,448.0,2215.02,224.0,5,0.0,295.58,0,tripinfo_EastAveburyToWestA509.150 emissions_EastAveburyToWestA509.150,gasoline_euro4,1.06,48320.201912,1230004.486007,248.354453,25.858998,528.592174,392328.902435,0.0
V6ToEastH6.148,1776.0,468_1,0.0,0.0,0.0,1923.0,522_1,56.88,12.36,147.0,1512.23,6.0,2,0.0,27.36,0,tripinfo_V6ToEastH6.148 emissions_V6ToEastH6.148,electric,0.91,0.0,0.0,0.0,0.0,0.0,0.0,0.0
EastAveburyToWestA509.151,1483.0,483_1,0.0,0.0,0.0,1926.0,774_2,29.75,13.27,443.0,2214.99,209.0,6,0.0,282.32,0,tripinfo_EastAveburyToWestA509.151 emissions_EastAveburyToWestA509.151,gasoline_euro4,1.0,45637.608369,1187702.134188,234.676792,24.300469,505.673435,378836.004497,0.0
EastAveburyToWestA509.149,1466.0,483_1,0.0,0.0,0.0,1927.0,774_1,29.75,13.06,461.0,2219.98,235.0,6,0.0,291.97,0,tripinfo_EastAveburyToWestA509.149 emissions_EastAveburyToWestA509.149,gasoline_euro4,0.95,49005.360259,1225444.347154,251.048666,25.229599,522.893497,390875.548748,0.0
WestH6ToSaxonSt.120,1440.0,524_0,0.0,0.0,0.0,1928.0,771_0,56.88,15.24,488.0,2601.42,223.0,10,0.0,320.29,0,tripinfo_WestH6ToSaxonSt.120 emissions_WestH6ToSaxonSt.120,gasoline_euro4,1.12,50478.222272,1341144.167684,260.071394,27.725697,571.974722,427777.668462,0.0
EastAveburyToWestA509.157,1534.0,483_1,0.0,0.0,0.0,1929.0,774_0,29.75,9.32,395.0,2240.45,123.0,3,0.0,173.84,0,tripinfo_EastAveburyToWestA509.157 emissions_EastAveburyToWestA509.157,gasoline_euro4,0.75,31972.797104,928129.65192,166.99289,17.197505,386.896144,296040.878473,0.0
SouthEvansGateToSilbury.90,1620.0,526_0,0.0,0.0,0.0,1929.0,215_1,19.43,13.42,309.0,2430.12,95.0,3,0.0,133.77,0,tripinfo_SouthEvansGateToSilbury.90 emissions_SouthEvansGateToSilbury.90,gasoline_euro4,1.0,24002.535385,887000.708071,129.055486,16.431085,364.835289,282918.242881,0.0
SouthEvansGateToSilbury.95,1710.0,526_0,0.0,0.0,0.0,1931.0,215_1,19.43,12.64,221.0,1477.55,77.0,3,0.0,110.21,0,tripinfo_SouthEvansGateToSilbury.95 emissions_SouthEvansGateToSilbury.95,gasoline_euro4,0.96,19552.197174,641378.646487,103.595122,12.357356,268.237897,204575.305879,0.0
EastAveburyToWestA509.161,1568.0,483_1,0.0,0.0,0.0,1932.0,774_2,29.75,12.65,364.0,2218.4,166.0,4,0.0,204.07,0,tripinfo_EastAveburyToWestA509.161 emissions_EastAveburyToWestA509.161,electric,1.0,0.0,0.0,0.0,0.0,0.0,0.0,0.0
SouthEvansGateToSilbury.87,1566.0,526_0,0.0,0.0,0.0,1933.0,215_1,19.43,13.11,367.0,2410.44,142.0,5,0.0,184.0,0,tripinfo_SouthEvansGateToSilbury.87 emissions_SouthEvansGateToSilbury.87,gasoline_euro4,0.95,32564.618683,1005766.864573,171.181264,19.357605,419.839114,320802.53048,0.0
WestH6ToSaxonSt.128,1536.0,524_0,0.0,0.0,0.0,1934.0,771_0,56.88,13.16,398.0,2602.68,148.0,4,0.0,205.98,0,tripinfo_WestH6ToSaxonSt.128 emissions_WestH6ToSaxonSt.128,gasoline_euro4,0.98,34882.099718,1073609.99587,183.164701,20.81573,448.693052,342441.896977,0.0
SouthEvansGateToSilbury.92,1656.0,526_0,0.0,0.0,0.0,1935.0,215_1,19.43,13.42,279.0,2410.44,59.0,3,0.0,102.03,0,tripinfo_SouthEvansGateToSilbury.92 emissions_SouthEvansGateToSilbury.92,electric,0.99,0.0,0.0,0.0,0.0,0.0,0.0,0.0
WestH6ToSaxonSt.119,1428.0,524_0,0.0,0.0,0.0,1936.0,771_0,56.88,14.15,508.0,2602.68,214.0,10,0.0,334.61,0,tripinfo_WestH6ToSaxonSt.119 emissions_WestH6ToSaxonSt.119,gasoline_euro4,1.09,51522.795826,1378621.430759,266.12175,28.546873,589.140253,439731.36741,0.0
V6ToEastH6.145,1740.0,468_1,0.0,0.0,0.0,1936.0,522_0,56.88,11.24,196.0,2060.88,0.0,0,0.0,24.25,0,tripinfo_V6ToEastH6.145 emissions_V6ToEastH6.145,gasoline_euro4,0.88,6145.638798,491087.646892,39.098567,7.09302,189.385911,156635.392176,0.0
WestH6ToSaxonSt.125,1500.0,524_0,0.0,0.0,0.0,1937.0,771_0,56.88,15.78,437.0,2599.3,173.0,7,0.0,271.99,0,tripinfo_WestH6ToSaxonSt.125 emissions_WestH6ToSaxonSt.125,electric,1.14,0.0,0.0,0.0,0.0,0.0,0.0,0.0
WestA509ToEastH6.39,1404.0,773_0,0.0,0.0,0.0,1938.0,522_0,56.88,13.73,534.0,2751.02,268.0,12,0.0,335.91,0,tripinfo_WestA509ToEastH6.39 emissions_WestA509ToEastH6.39,gasoline_euro4,1.01,57587.800657,1484118.749438,295.888049,30.678088,633.296608,473382.713898,0.0
WestH6ToSaxonSt.124,1488.0,524_0,0.0,0.0,0.0,1939.0,771_0,56.88,14.6,451.0,2602.68,181.0,7,0.0,272.68,0,tripinfo_WestH6ToSaxonSt.124 emissions_WestH6ToSaxonSt.124,gasoline_euro4,1.05,43391.673571,1224836.281327,225.470166,24.862054,519.767313,390678.427752,0.0
EastAveburyToWestA509.159,1551.0,483_1,0.0,0.0,0.0,1942.0,774_1,29.75,11.06,391.0,2240.43,122.0,4,0.0,203.27,0,tripinfo_EastAveburyToWestA509.159 emissions_EastAveburyToWestA509.159,electric,0.89,0.0,0.0,0.0,0.0,0.0,0.0,0.0
WestH6ToSaxonSt.133,1596.0,524_0,0.0,0.0,0.0,1942.0,771_0,56.88,14.67,346.0,2600.58,121.0,3,0.0,173.26,0,tripinfo_WestH6ToSaxonSt.133 emissions_WestH6ToSaxonSt.133,gasoline_euro4,1.09,30192.061464,1014874.069007,160.515091,19.952935,424.664913,323705.248982,0.0
EastAveburyToWestA509.160,1560.0,483_1,0.0,0.0,0.0,1943.0,774_2,29.75,12.55,383.0,2237.39,135.0,6,0.0,204.57,0,tripinfo_EastAveburyToWestA509.160 emissions_EastAveburyToWestA509.160,gasoline_euro4,0.93,34722.086251,1031393.412701,182.013924,20.486322,437.499905,328976.414448,0.0
EastAveburyToWestA509.167,1619.0,483_1,0.0,0.0,0.0,1943.0,774_0,29.75,13.45,324.0,2238.89,101.0,4,0.0,157.86,0,tripinfo_EastAveburyToWestA509.167 emissions_EastAveburyToWestA509.167,gasoline_euro4,0.99,26943.097673,908782.819355,143.428779,17.382086,379.172381,289866.696896,0.0
WestH6ToSaxonSt.131,1572.0,524_0,0.0,0.0,0.0,1944.0,771_0,56.88,15.95,372.0,2601.19,153.0,4,0.0,209.85,0,tripinfo_WestH6ToSaxonSt.131 emissions_WestH6ToSaxonSt.131,gasoline_euro4,1.16,36032.313602,1145417.120617,189.954161,23.091257,482.785984,365343.960503,0.0
EastAveburyToWestA509.168,1628.0,483_1,0.0,0.0,0.0,1944.0,774_2,29.75,13.68,316.0,2240.45,74.0,3,0.0,157.84,0,tripinfo_EastAveburyToWestA509.168 emissions_EastAveburyToWestA509.168,electric,1.04,0.0,0.0,0.0,0.0,0.0,0.0,0.0
WestH6ToSaxonSt.134,1608.0,524_0,0.0,0.0,0.0,1946.0,771_0,56.88,15.26,338.0,2600.58,115.0,4,0.0,167.3,0,tripinfo_WestH6ToSaxonSt.134 emissions_WestH6ToSaxonSt.134,electric,1.1,0.0,0.0,0.0,0.0,0.0,0.0,0.0
EastSilburyToEastAvebury.25,800.0,317_1,0.0,0.0,0.0,1948.0,213_1,19.13,16.31,1148.0,2116.55,825.0,25,0.0,1019.07,0,tripinfo_EastSilburyToEastAvebury.25 emissions_EastSilburyToEastAvebury.25,electric,1.19,0.0,0.0,0.0,0.0,0.0,0.0,0.0
EastAveburyToWestA509.135,1347.0,483_1,0.0,0.0,0.0,1950.0,774_0,29.75,12.32,603.0,2328.56,336.0,11,0.0,413.49,0,tripinfo_EastAveburyToWestA509.135 emissions_EastAveburyToWestA509.135,electric,0.92,0.0,0.0,0.0,0.0,0.0,0.0,0.0
V6ToEastH6.151,1812.0,468_1,0.0,0.0,0.0,1953.0,522_1,56.88,12.41,141.0,1512.23,1.0,1,0.0,19.21,0,tripinfo_V6ToEastH6.151 emissions_V6ToEastH6.151,gasoline_euro4,0.9,4908.107841,366962.167259,30.553236,5.414928,141.699296,117044.91701,0.0
WestA509ToAvebury.42,759.0,773_0,0.0,0.0,3.0,1958.0,213_0,19.13,11.88,1199.0,2288.06,855.0,25,0.0,1015.43,0,tripinfo_WestA509ToAvebury.42 emissions_WestA509ToAvebury.42,electric,0.9,0.0,0.0,0.0,0.0,0.0,0.0,0.0
V6ToEastH6.147,1764.0,468_1,0.0,0.0,0.0,1961.0,522_1,56.88,12.49,197.0,2031.44,13.0,1,0.0,37.65,0,tripinfo_V6ToEastH6.147 emissions_V6ToEastH6.147,electric,0.93,0.0,0.0,0.0,0.0,0.0,0.0,0.0
V6ToEastH6.146,1752.0,468_1,0.0,0.0,0.0,1971.0,522_0,56.88,10.81,219.0,2060.96,5.0,1,0.0,27.95,0,tripinfo_V6ToEastH6.146 emissions_V6ToEastH6.146,electric,0.78,0.0,0.0,0.0,0.0,0.0,0.0,0.0
V6ToEastH6.153,1836.0,468_1,0.0,0.0,0.0,1971.0,522_1,56.88,11.88,135.0,1511.92,0.0,0,0.0,14.54,0,tripinfo_V6ToEastH6.153 emissions_V6ToEastH6.153,electric,0.91,0.0,0.0,0.0,0.0,0.0,0.0,0.0
EastAveburyToWestA509.172,1662.0,483_1,0.0,0.0,0.0,1981.0,774_0,29.75,13.65,319.0,2311.97,100.0,2,0.0,150.99,0,tripinfo_EastAveburyToWestA509.172 emissions_EastAveburyToWestA509.172,gasoline_euro4,1.03,26455.413313,921246.602417,141.295257,17.746058,385.101071,293841.436248,0.0
V6ToEastH6.157,1884.0,468_1,0.0,0.0,0.0,1995.0,522_1,56.88,16.19,111.0,1511.92,0.0,0,0.0,18.64,0,tripinfo_V6ToEastH6.157 emissions_V6ToEastH6.157,gasoline_euro4,1.18,4212.063257,381192.426241,27.669096,6.272289,149.001837,121582.523243,0.0
WestA509ToAvebury.83,1494.0,773_0,0.0,0.0,0.0,2001.0,213_0,19.13,12.52,507.0,2277.04,285.0,12,0.0,331.31,0,tripinfo_WestA509ToAvebury.83 emissions_WestA509ToAvebury.83,electric,0.94,0.0,0.0,0.0,0.0,0.0,0.0,0.0
EastSilburyToEastAvebury.66,1456.0,317_1,0.0,0.0,0.0,2002.0,213_0,19.13,14.28,546.0,3026.21,263.0,11,0.0,335.25,0,tripinfo_EastSilburyToEastAvebury.66 emissions_EastSilburyToEastAvebury.66,electric,1.04,0.0,0.0,0.0,0.0,0.0,0.0,0.0
EastAveburyToWestA509.180,1730.0,483_1,0.0,0.0,0.0,2003.0,774_0,29.75,14.7,273.0,2238.62,56.0,3,0.0,120.2,0,tripinfo_EastAveburyToWestA509.180 emissions_EastAveburyToWestA509.180,electric,1.08,0.0,0.0,0.0,0.0,0.0,0.0,0.0
WestA509ToAvebury.74,1335.0,773_0,0.0,0.0,3.0,2005.0,213_0,19.13,13.37,670.0,2277.67,424.0,16,0.0,502.97,0,tripinfo_WestA509ToAvebury.74 emissions_WestA509ToAvebury.74,gasoline_euro4,0.99,84244.751184,1841504.992388,426.245248,40.622278,806.110063,587381.688818,0.0
V6ToEastH6.152,1824.0,468_1,0.0,0.0,0.0,2005.0,522_1,56.88,11.99,181.0,2060.88,0.0,0,0.0,17.55,0,tripinfo_V6ToEastH6.152 emissions_V6ToEastH6.152,gasoline_euro4,0.92,4912.072213,474576.86944,32.395496,6.166014,176.545335,151369.388903,0.0
V6ToEastH6.149,1788.0,468_1,0.0,0.0,0.0,2006.0,522_0,56.88,14.84,218.0,2010.02,49.0,3,0.0,87.81,0,tripinfo_V6ToEastH6.149 emissions_V6ToEastH6.149,electric,1.12,0.0,0.0,0.0,0.0,0.0,0.0,0.0
WestA509ToAvebury.91,1638.0,773_0,0.0,0.0,0.0,2007.0,213_0,19.13,14.67,369.0,2328.43,172.0,9,0.0,211.83,0,tripinfo_WestA509ToAvebury.91 emissions_WestA509ToAvebury.91,gasoline_euro4,1.08,36873.269652,1058235.684202,191.467803,21.061834,443.346621,337539.056834,0.0
V6ToEastH6.150,1800.0,468_1,0.0,0.0,0.0,2010.0,522_0,56.88,12.8,210.0,2010.33,24.0,3,0.0,58.98,0,tripinfo_V6ToEastH6.150 emissions_V6ToEastH6.150,electric,0.96,0.0,0.0,0.0,0.0,0.0,0.0,0.0
EastAveburyToWestA509.162,1577.0,483_1,0.0,0.0,0.0,2015.0,774_1,29.75,13.28,438.0,2218.4,224.0,4,0.0,274.99,0,tripinfo_EastAveburyToWestA509.162 emissions_EastAveburyToWestA509.162,gasoline_euro4,0.98,46415.072966,1192914.575012,238.292619,24.513802,508.268557,380498.862272,0.0
SouthEvansGateToSilbury.98,1764.0,526_0,0.0,0.0,0.0,2016.0,215_1,19.43,13.53,252.0,1477.52,119.0,2,0.0,146.31,0,tripinfo_SouthEvansGateToSilbury.98 emissions_SouthEvansGateToSilbury.98,gasoline_euro4,1.01,25539.25103,731975.180156,133.014338,14.804125,310.152492,233473.417446,0.0
SouthEvansGateToSilbury.93,1674.0,526_0,0.0,0.0,0.0,2019.0,215_1,19.43,12.69,345.0,2430.19,126.0,2,0.0,162.35,0,tripinfo_SouthEvansGateToSilbury.93 emissions_SouthEvansGateToSilbury.93,electric,0.96,0.0,0.0,0.0,0.0,0.0,0.0,0.0
EastAveburyToWestA509.165,1602.0,483_1,0.0,0.0,0.0,2021.0,774_1,29.75,12.25,419.0,2214.94,198.0,4,0.0,243.4,0,tripinfo_EastAveburyToWestA509.165 emissions_EastAveburyToWestA509.165,gasoline_euro4,0.92,41362.575702,1089324.052745,213.321062,21.691296,460.601261,347457.200594,0.0
SouthEvansGateToSilbury.94,1692.0,526_0,0.0,0.0,0.0,2021.0,215_1,19.43,12.75,329.0,2430.2,107.0,2,0.0,142.18,0,tripinfo_SouthEvansGateToSilbury.94 emissions_SouthEvansGateToSilbury.94,electric,0.94,0.0,0.0,0.0,0.0,0.0,0.0,0.0
SouthEvansGateToSilbury.96,1728.0,526_0,0.0,0.0,0.0,2022.0,215_1,19.43,13.29,294.0,2430.12,75.0,2,0.0,113.85,0,tripinfo_SouthEvansGateToSilbury.96 emissions_SouthEvansGateToSilbury.96,gasoline_euro4,0.97,20942.366244,826690.37382,113.87548,14.985671,338.17755,263681.110902,0.0
V6ToEastH6.155,1860.0,468_1,0.0,0.0,0.0,2022.0,522_0,56.88,16.93,162.0,2062.87,0.0,0,0.0,38.89,0,tripinfo_V6ToEastH6.155 emissions_V6ToEastH6.155,gasoline_euro4,1.23,6438.614136,538483.155291,41.038873,8.907775,211.499757,171751.052814,0.0
V6ToEastH6.156,1872.0,468_1,0.0,0.0,0.0,2023.0,522_0,56.88,10.62,151.0,1512.23,1.0,1,0.0,22.53,0,tripinfo_V6ToEastH6.156 emissions_V6ToEastH6.156,gasoline_euro4,0.85,5508.504472,390773.225719,34.000225,5.70861,151.572301,124639.787891,0.0
EastAveburyToWestA509.173,1670.0,483_1,0.0,0.0,0.0,2025.0,774_0,29.75,10.54,355.0,2241.68,97.0,3,0.0,144.63,0,tripinfo_EastAveburyToWestA509.173 emissions_EastAveburyToWestA509.173,electric,0.79,0.0,0.0,0.0,0.0,0.0,0.0,0.0
SouthEvansGateToSilbury.97,1746.0,526_0,0.0,0.0,0.0,2025.0,215_1,19.43,12.11,279.0,2430.19,62.0,1,0.0,92.79,0,tripinfo_SouthEvansGateToSilbury.97 emissions_SouthEvansGateToSilbury.97,gasoline_euro4,0.94,17646.780043,755266.8887,97.113889,13.007144,303.633798,240899.787606,0.0
WestH6ToSaxonSt.129,1548.0,524_0,0.0,0.0,0.0,2027.0,771_0,56.88,12.57,479.0,2603.34,226.0,5,0.0,285.77,0,tripinfo_WestH6ToSaxonSt.129 emissions_WestH6ToSaxonSt.129,electric,0.97,0.0,0.0,0.0,0.0,0.0,0.0,0.0
V6ToEastH6.154,1848.0,468_1,0.0,0.0,0.0,2027.0,522_1,56.88,12.32,179.0,2060.88,2.0,1,0.0,24.91,0,tripinfo_V6ToEastH6.154 emissions_V6ToEastH6.154,electric,0.98,0.0,0.0,0.0,0.0,0.0,0.0,0.0
EastAveburyToWestA509.164,1594.0,483_1,0.0,0.0,0.0,2030.0,774_0,29.75,13.91,436.0,2328.54,211.0,5,0.0,270.02,0,tripinfo_EastAveburyToWestA509.164 emissions_EastAveburyToWestA509.164,gasoline_euro4,1.05,46206.234854,1267945.89366,239.417514,26.095662,540.849518,404429.232919,0.0
WestH6ToSaxonSt.143,1716.0,524_0,0.0,0.0,0.0,2044.0,771_0,56.88,13.2,328.0,2600.56,84.0,5,0.0,141.94,0,tripinfo_WestH6ToSaxonSt.143 emissions_WestH6ToSaxonSt.143,electric,1.01,0.0,0.0,0.0,0.0,0.0,0.0,0.0
WestA509ToAvebury.39,702.0,773_0,0.0,0.0,0.0,2049.0,213_0,19.13,11.57,1347.0,2913.58,932.0,26,0.0,1106.59,0,tripinfo_WestA509ToAvebury.39 emissions_WestA509ToAvebury.39,gasoline_euro4,0.89,179588.540422,3422181.418532,897.464608,78.582505,1520.271476,1091578.40975,0.0
WestH6ToSaxonSt.132,1584.0,524_0,0.0,0.0,0.0,2050.0,771_0,56.88,11.66,466.0,2602.7,190.0,6,0.0,242.49,0,tripinfo_WestH6ToSaxonSt.132 emissions_WestH6ToSaxonSt.132,gasoline_euro4,0.84,42875.443417,1194267.441251,222.886815,23.251753,502.894539,380929.533062,0.0
V6ToEastH6.161,1932.0,468_1,0.0,0.0,0.0,2050.0,522_1,56.88,13.99,118.0,1511.92,0.0,0,0.0,11.75,0,tripinfo_V6ToEastH6.161 emissions_V6ToEastH6.161,electric,1.03,0.0,0.0,0.0,0.0,0.0,0.0,0.0
WestH6ToSaxonSt.130,1560.0,524_0,0.0,0.0,0.0,2052.0,771_0,56.88,12.66,492.0,2602.68,230.0,6,0.0,292.86,0,tripinfo_WestH6ToSaxonSt.130 emissions_WestH6ToSaxonSt.130,gasoline_euro4,0.95,49609.241232,1346646.08661,256.746221,27.0125,570.752447,429532.91927,0.0
WestH6ToSaxonSt.137,1644.0,524_0,0.0,0.0,0.0,2052.0,771_1,56.88,14.71,408.0,2599.3,167.0,4,0.0,234.77,0,tripinfo_WestH6ToSaxonSt.137 emissions_WestH6ToSaxonSt.137,gasoline_euro4,1.09,39174.006477,1181432.424466,205.285408,23.874212,499.373399,376832.64249,0.0
WestH6ToSaxonSt.140,1680.0,524_0,0.0,0.0,0.0,2053.0,771_0,56.88,14.37,373.0,2602.7,131.0,5,0.0,212.28,0,tripinfo_WestH6ToSaxonSt.140 emissions_WestH6ToSaxonSt.140,electric,1.17,0.0,0.0,0.0,0.0,0.0,0.0,0.0
WestH6ToSaxonSt.142,1704.0,524_0,0.0,0.0,0.0,2056.0,771_0,56.88,13.2,352.0,2601.44,98.0,4,0.0,163.28,0,tripinfo_WestH6ToSaxonSt.142 emissions_WestH6ToSaxonSt.142,electric,1.0,0.0,0.0,0.0,0.0,0.0,0.0,0.0
V6ToEastH6.162,1944.0,468_1,0.0,0.0,0.0,2063.0,522_1,56.88,13.24,119.0,1512.23,0.0,0,0.0,12.88,0,tripinfo_V6ToEastH6.162 emissions_V6ToEastH6.162,electric,1.03,0.0,0.0,0.0,0.0,0.0,0.0,0.0
WestH6ToSaxonSt.135,1620.0,524_0,0.0,0.0,0.0,2064.0,771_0,56.88,10.06,444.0,2602.65,146.0,4,0.0,196.17,0,tripinfo_WestH6ToSaxonSt.135 emissions_WestH6ToSaxonSt.135,electric,0.76,0.0,0.0,0.0,0.0,0.0,0.0,0.0
EastAveburyToWestA509.166,1611.0,483_1,0.0,0.0,0.0,2067.0,774_0,29.75,11.9,456.0,2394.26,199.0,5,0.0,256.64,0,tripinfo_EastAveburyToWestA509.166 emissions_EastAveburyToWestA509.166,gasoline_euro4,0.88,44593.873318,1224164.690978,231.369532,24.39349,519.442822,390465.445743,0.0
V6ToEastH6.159,1908.0,468_1,0.0,0.0,0.0,2073.0,522_1,56.88,14.29,165.0,2060.88,0.0,0,0.0,19.4,0,tripinfo_V6ToEastH6.159 emissions_V6ToEastH6.159,gasoline_euro4,1.03,5399.690673,497906.209732,35.247692,7.536755,191.383826,158809.348678,0.0
V6ToEastH6.160,1920.0,468_1,0.0,0.0,0.0,2076.0,522_0,56.88,10.19,156.0,1512.23,0.0,0,0.0,13.38,0,tripinfo_V6ToEastH6.160 emissions_V6ToEastH6.160,electric,0.77,0.0,0.0,0.0,0.0,0.0,0.0,0.0
EastAveburyToWestA509.176,1696.0,483_1,0.0,0.0,0.0,2081.0,774_2,29.75,14.94,385.0,2243.73,180.0,6,0.0,236.63,0,tripinfo_EastAveburyToWestA509.176 emissions_EastAveburyToWestA509.176,electric,1.12,0.0,0.0,0.0,0.0,0.0,0.0,0.0
EastSilburyToEastAvebury.72,1552.0,317_0,0.0,0.0,0.0,2084.0,213_0,19.13,14.83,532.0,658.22,458.0,8,0.0,488.61,0,tripinfo_EastSilburyToEastAvebury.72 emissions_EastSilburyToEastAvebury.72,gasoline_euro4,1.1,80280.846604,1432016.318252,398.977016,34.365899,645.427062,456773.981167,0.0
EastSilburyToEastAvebury.41,1056.0,317_1,0.0,0.0,0.0,2087.0,213_0,19.13,13.56,1031.0,3026.21,691.0,23,0.0,813.85,0,tripinfo_EastSilburyToEastAvebury.41 emissions_EastSilburyToEastAvebury.41,electric,1.01,0.0,0.0,0.0,0.0,0.0,0.0,0.0
EastAveburyToWestA509.174,1679.0,483_0,0.0,0.0,0.0,2087.0,774_0,29.75,13.01,408.0,2257.79,189.0,5,0.0,242.62,0,tripinfo_EastAveburyToWestA509.174 emissions_EastAveburyToWestA509.174,gasoline_euro4,0.99,42065.212542,1153232.700953,217.839923,23.543474,490.803919,367840.076245,0.0
EastAveburyToWestA509.184,1764.0,483_0,0.0,0.0,0.0,2087.0,774_1,29.75,13.72,323.0,2254.73,114.0,4,0.0,168.44,0,tripinfo_EastAveburyToWestA509.184 emissions_EastAveburyToWestA509.184,gasoline_euro4,1.06,28982.711302,956659.598714,153.47647,18.76834,400.967362,305137.397455,0.0
EastAveburyToWestA509.182,1747.0,483_1,0.0,0.0,0.0,2089.0,774_0,29.75,14.37,342.0,2241.68,127.0,6,0.0,183.98,0,tripinfo_EastAveburyToWestA509.182 emissions_EastAveburyToWestA509.182,gasoline_euro4,1.05,30675.617155,937921.71508,160.705433,18.33857,391.707479,299162.319395,0.0
WestA509ToEastH6.40,1440.0,773_0,0.0,0.0,0.0,2090.0,522_0,56.88,17.86,650.0,2705.77,434.0,12,0.0,499.78,0,tripinfo_WestA509ToEastH6.40 emissions_WestA509ToEastH6.40,gasoline_euro4,1.31,85194.382398,1998649.450894,433.60495,44.436972,868.677023,637501.697748,0.0
EastSilburyToEastAvebury.58,1328.0,317_0,0.0,0.0,0.0,2092.0,213_0,19.13,11.37,764.0,1581.8,536.0,16,0.0,633.22,0,tripinfo_EastSilburyToEastAvebury.58 emissions_EastSilburyToEastAvebury.58,gasoline_euro4,0.88,103859.232971,2009060.295694,519.837354,46.250916,894.424658,640831.791529,0.0
EastAveburyToWestA509.186,1781.0,483_0,0.0,0.0,0.0,2092.0,774_0,29.75,15.15,311.0,2257.77,108.0,3,0.0,159.31,0,tripinfo_EastAveburyToWestA509.186 emissions_EastAveburyToWestA509.186,gasoline_euro4,1.09,27737.419425,935726.807939,147.410307,18.33123,391.116536,298460.356835,0.0
V6ToEastH6.163,1956.0,468_1,0.0,0.0,0.0,2092.0,522_0,56.88,11.66,136.0,1512.23,0.0,0,0.0,10.78,0,tripinfo_V6ToEastH6.163 emissions_V6ToEastH6.163,electric,0.87,0.0,0.0,0.0,0.0,0.0,0.0,0.0
EastSilburyToEastAvebury.22,752.0,317_0,0.0,0.0,0.0,2094.0,213_0,19.13,12.73,1342.0,1581.88,1076.0,30,0.0,1219.65,0,tripinfo_EastSilburyToEastAvebury.22 emissions_EastSilburyToEastAvebury.22,gasoline_euro4,0.95,198628.831464,3522862.848759,986.674129,84.248115,1587.955542,1123697.712417,0.0
EastAveburyToWestA509.181,1738.0,483_1,0.0,0.0,0.0,2096.0,774_0,29.75,12.81,358.0,2241.68,143.0,6,0.0,195.01,0,tripinfo_EastAveburyToWestA509.181 emissions_EastAveburyToWestA509.181,gasoline_euro4,1.02,33726.228146,991672.629152,176.036995,19.637819,417.042047,316307.370968,0.0
WestA509ToAvebury.69,1242.0,773_0,0.0,0.0,0.0,2097.0,213_0,19.13,11.72,855.0,2323.42,551.0,20,0.0,672.59,0,tripinfo_WestA509ToAvebury.69 emissions_WestA509ToAvebury.69,electric,0.93,0.0,0.0,0.0,0.0,0.0,0.0,0.0
EastAveburyToWestA509.169,1636.0,483_1,0.0,0.0,0.0,2099.0,774_2,29.75,12.92,463.0,2218.4,249.0,5,0.0,302.53,0,tripinfo_EastAveburyToWestA509.169 emissions_EastAveburyToWestA509.169,gasoline_euro4,1.0,50721.518237,1260375.464751,259.748005,26.318148,540.039605,402017.165177,0.0
V6ToEastH6.165,1980.0,468_1,0.0,0.0,0.0,2103.0,522_1,56.88,13.71,123.0,1511.92,0.0,0,0.0,15.3,0,tripinfo_V6ToEastH6.165 emissions_V6ToEastH6.165,gasoline_euro4,1.02,4343.181032,382870.916554,27.840502,5.874079,147.621071,122118.345671,0.0
EastAveburyToWestA509.185,1772.0,483_1,0.0,0.0,0.0,2104.0,774_0,29.75,12.26,332.0,2311.97,91.0,4,0.0,143.04,0,tripinfo_EastAveburyToWestA509.185 emissions_EastAveburyToWestA509.185,gasoline_euro4,0.92,25819.760235,897700.543042,138.075844,16.743128,372.436943,286331.847649,0.0
SouthEvansGateToSilbury.103,1854.0,526_0,0.0,0.0,0.0,2105.0,215_1,19.43,13.84,251.0,1477.59,117.0,3,0.0,146.64,0,tripinfo_SouthEvansGateToSilbury.103 emissions_SouthEvansGateToSilbury.103,gasoline_euro4,1.03,25717.249401,749933.153595,134.15782,15.134951,317.658775,239201.089638,0.0
EastAveburyToWestA509.177,1704.0,483_1,0.0,0.0,0.0,2106.0,774_0,29.75,15.17,402.0,2328.54,179.0,6,0.0,248.06,0,tripinfo_EastAveburyToWestA509.177 emissions_EastAveburyToWestA509.177,gasoline_euro4,1.13,42535.345319,1224669.095478,222.047776,25.808679,526.707553,390623.456687,0.0
SouthEvansGateToSilbury.104,1872.0,526_0,0.0,0.0,0.0,2106.0,215_1,19.43,14.77,234.0,1477.52,103.0,2,0.0,135.95,0,tripinfo_SouthEvansGateToSilbury.104 emissions_SouthEvansGateToSilbury.104,electric,1.09,0.0,0.0,0.0,0.0,0.0,0.0,0.0
WestA509ToEastH6.52,1872.0,773_0,0.0,0.0,0.0,2107.0,522_0,56.88,13.95,235.0,2754.97,5.0,2,0.0,43.4,0,tripinfo_WestA509ToEastH6.52 emissions_WestA509ToEastH6.52,electric,1.05,0.0,0.0,0.0,0.0,0.0,0.0,0.0
SouthEvansGateToSilbury.100,1800.0,526_0,0.0,0.0,0.0,2109.0,215_1,19.43,12.75,309.0,2430.19,89.0,2,0.0,124.31,0,tripinfo_SouthEvansGateToSilbury.100 emissions_SouthEvansGateToSilbury.100,electric,0.95,0.0,0.0,0.0,0.0,0.0,0.0,0.0
WestH6ToSaxonSt.136,1632.0,524_0,0.0,0.0,0.0,2110.0,771_0,56.88,13.6,478.0,2601.39,215.0,7,0.0,289.87,0,tripinfo_WestH6ToSaxonSt.136 emissions_WestH6ToSaxonSt.136,gasoline_euro4,1.0,47698.910533,1294339.374906,246.76393,26.351427,550.846274,412848.449223,0.0
SouthEvansGateToSilbury.106,1908.0,526_0,0.0,0.0,0.0,2111.0,215_1,19.43,12.98,203.0,1477.6,67.0,2,0.0,95.64,0,tripinfo_SouthEvansGateToSilbury.106 emissions_SouthEvansGateToSilbury.106,electric,1.0,0.0,0.0,0.0,0.0,0.0,0.0,0.0
WestH6ToSaxonSt.139,1668.0,524_0,0.0,0.0,0.0,2112.0,771_0,56.88,16.27,444.0,2601.42,197.0,5,0.0,283.0,0,tripinfo_WestH6ToSaxonSt.139 emissions_WestH6ToSaxonSt.139,electric,1.17,0.0,0.0,0.0,0.0,0.0,0.0,0.0
EastAveburyToWestA509.171,1653.0,483_1,0.0,0.0,0.0,2113.0,774_1,29.75,13.11,460.0,2215.02,235.0,6,0.0,294.0,0,tripinfo_EastAveburyToWestA509.171 emissions_EastAveburyToWestA509.171,electric,0.97,0.0,0.0,0.0,0.0,0.0,0.0,0.0
SouthEvansGateToSilbury.99,1782.0,526_0,0.0,0.0,0.0,2113.0,215_1,19.43,11.54,331.0,2430.12,98.0,2,0.0,138.09,0,tripinfo_SouthEvansGateToSilbury.99 emissions_SouthEvansGateToSilbury.99,electric,0.91,0.0,0.0,0.0,0.0,0.0,0.0,0.0
SouthEvansGateToSilbury.101,1818.0,526_0,0.0,0.0,0.0,2115.0,215_1,19.43,13.66,297.0,2430.12,73.0,3,0.0,122.0,0,tripinfo_SouthEvansGateToSilbury.101 emissions_SouthEvansGateToSilbury.101,electric,1.0,0.0,0.0,0.0,0.0,0.0,0.0,0.0
SouthEvansGateToSilbury.105,1890.0,526_0,0.0,0.0,0.0,2117.0,215_1,19.43,14.28,227.0,2430.12,37.0,1,0.0,63.17,0,tripinfo_SouthEvansGateToSilbury.105 emissions_SouthEvansGateToSilbury.105,electric,1.07,0.0,0.0,0.0,0.0,0.0,0.0,0.0
V6ToEastH6.164,1968.0,468_1,0.0,0.0,0.0,2121.0,522_1,56.88,12.37,153.0,1512.23,5.0,2,0.0,37.27,0,tripinfo_V6ToEastH6.164 emissions_V6ToEastH6.164,electric,0.94,0.0,0.0,0.0,0.0,0.0,0.0,0.0
WestH6ToSaxonSt.141,1692.0,524_0,0.0,0.0,0.0,2122.0,771_0,56.88,11.01,430.0,2602.7,153.0,5,0.0,210.02,0,tripinfo_WestH6ToSaxonSt.141 emissions_WestH6ToSaxonSt.141,gasoline_euro4,0.86,36614.982079,1097180.168182,192.018671,20.720796,457.398762,349961.100977,0.0
WestH6ToSaxonSt.138,1656.0,524_0,0.0,0.0,0.0,2124.0,771_0,56.88,11.51,468.0,2602.68,187.0,5,0.0,260.77,0,tripinfo_WestH6ToSaxonSt.138 emissions_WestH6ToSaxonSt.138,electric,0.91,0.0,0.0,0.0,0.0,0.0,0.0,0.0
WestH6ToSaxonSt.146,1752.0,524_0,0.0,0.0,0.0,2125.0,771_0,56.88,13.94,373.0,2600.55,138.0,4,0.0,191.61,0,tripinfo_WestH6ToSaxonSt.146 emissions_WestH6ToSaxonSt.146,gasoline_euro4,1.04,32832.208181,1085462.044427,173.614103,20.742504,450.637927,346221.028411,0.0
WestH6ToSaxonSt.147,1764.0,524_0,0.0,0.0,0.0,2127.0,771_0,56.88,14.81,363.0,2603.36,134.0,3,0.0,189.81,0,tripinfo_WestH6ToSaxonSt.147 emissions_WestH6ToSaxonSt.147,electric,1.09,0.0,0.0,0.0,0.0,0.0,0.0,0.0
WestH6ToSaxonSt.145,1740.0,524_0,0.0,0.0,0.0,2130.0,771_0,56.88,11.84,390.0,2602.68,149.0,4,0.0,190.42,0,tripinfo_WestH6ToSaxonSt.145 emissions_WestH6ToSaxonSt.145,electric,0.94,0.0,0.0,0.0,0.0,0.0,0.0,0.0
V6ToEastH6.166,1992.0,468_1,0.0,0.0,0.0,2130.0,522_1,56.88,15.72,138.0,1512.23,0.0,0,0.0,41.14,0,tripinfo_V6ToEastH6.166 emissions_V6ToEastH6.166,gasoline_euro4,1.13,6731.129994,460261.87207,41.079959,7.998633,185.638643,146802.342154,0.0
EastAveburyToWestA509.170,1645.0,483_1,0.0,0.0,0.0,2131.0,774_0,29.75,9.88,486.0,2218.32,230.0,6,0.0,273.22,0,tripinfo_EastAveburyToWestA509.170 emissions_EastAveburyToWestA509.170,electric,0.76,0.0,0.0,0.0,0.0,0.0,0.0,0.0
WestA509ToAvebury.44,795.0,773_0,0.0,0.0,3.0,2132.0,213_0,19.13,13.0,1337.0,2332.43,970.0,32,0.0,1166.16,0,tripinfo_WestA509ToAvebury.44 emissions_WestA509ToAvebury.44,gasoline_euro4,0.99,188174.308808,3477965.505085,937.673192,81.415771,1554.151681,1109373.768046,0.0
WestH6ToSaxonSt.150,1800.0,524_0,0.0,0.0,0.0,2132.0,771_0,56.88,13.58,332.0,2601.24,86.0,5,0.0,144.13,0,tripinfo_WestH6ToSaxonSt.150 emissions_WestH6ToSaxonSt.150,electric,1.0,0.0,0.0,0.0,0.0,0.0,0.0,0.0
WestH6ToSaxonSt.149,1788.0,524_0,0.0,0.0,0.0,2136.0,771_0,56.88,11.77,348.0,2602.7,87.0,3,0.0,135.39,0,tripinfo_WestH6ToSaxonSt.149 emissions_WestH6ToSaxonSt.149,electric,0.89,0.0,0.0,0.0,0.0,0.0,0.0,0.0
V6ToEastH6.167,2004.0,468_1,0.0,0.0,0.0,2136.0,522_1,56.88,12.12,132.0,1512.23,0.0,0,0.0,18.24,0,tripinfo_V6ToEastH6.167 emissions_V6ToEastH6.167,electric,0.96,0.0,0.0,0.0,0.0,0.0,0.0,0.0
V6ToEastH6.168,2016.0,468_1,0.0,0.0,0.0,2143.0,522_1,56.88,12.45,127.0,1512.23,0.0,0,0.0,13.07,0,tripinfo_V6ToEastH6.168 emissions_V6ToEastH6.168,gasoline_euro4,0.96,3767.843856,344413.854506,24.705519,5.016343,131.827091,109852.544607,0.0
EastAveburyToWestA509.183,1755.0,483_1,0.0,0.0,0.0,2177.0,774_1,29.75,12.75,422.0,2246.8,166.0,7,0.0,245.86,0,tripinfo_EastAveburyToWestA509.183 emissions_EastAveburyToWestA509.183,gasoline_euro4,0.94,40267.134602,1095602.43413,208.597044,22.057782,465.89138,349458.575543,0.0
EastAveburyToWestA509.191,1823.0,483_1,0.0,0.0,0.0,2179.0,774_0,29.75,13.65,356.0,2309.99,113.0,5,0.0,182.48,0,tripinfo_EastAveburyToWestA509.191 emissions_EastAveburyToWestA509.191,electric,1.0,0.0,0.0,0.0,0.0,0.0,0.0,0.0
EastSilburyToEastAvebury.59,1344.0,317_0,0.0,0.0,0.0,2183.0,213_0,19.13,12.53,839.0,1581.83,607.0,19,0.0,719.26,0,tripinfo_EastSilburyToEastAvebury.59 emissions_EastSilburyToEastAvebury.59,electric,0.97,0.0,0.0,0.0,0.0,0.0,0.0,0.0
EastAveburyToWestA509.195,1857.0,483_0,0.0,0.0,0.0,2184.0,774_1,29.75,14.18,327.0,2254.73,122.0,4,0.0,172.64,0,tripinfo_EastAveburyToWestA509.195 emissions_EastAveburyToWestA509.195,gasoline_euro4,1.07,30413.097385,992000.721803,161.198106,19.731954,417.799306,316409.808147,0.0
WestA509ToEastH6.50,1800.0,773_0,0.0,0.0,0.0,2186.0,522_0,56.88,11.68,386.0,2754.93,124.0,2,0.0,162.3,0,tripinfo_WestA509ToEastH6.50 emissions_WestA509ToEastH6.50,gasoline_euro4,0.9,29190.523945,990130.95783,155.307506,17.93262,405.799958,315814.783154,0.0
EastAveburyToWestA509.189,1806.0,483_1,0.0,0.0,0.0,2187.0,774_0,29.75,12.44,381.0,2241.69,142.0,5,0.0,197.98,0,tripinfo_EastAveburyToWestA509.189 emissions_EastAveburyToWestA509.189,gasoline_euro4,0.9,34159.253185,977503.712759,177.987143,19.106268,411.365301,311788.83169,0.0
EastAveburyToWestA509.196,1866.0,483_0,0.0,0.0,0.0,2189.0,774_0,29.75,15.86,323.0,2257.78,113.0,4,0.0,179.43,0,tripinfo_EastAveburyToWestA509.196 emissions_EastAveburyToWestA509.196,electric,1.15,0.0,0.0,0.0,0.0,0.0,0.0,0.0
EastAveburyToWestA509.204,1934.0,483_0,0.0,0.0,0.0,2190.0,774_0,29.75,13.69,256.0,2254.72,46.0,3,0.0,97.54,0,tripinfo_EastAveburyToWestA509.204 emissions_EastAveburyToWestA509.204,electric,1.04,0.0,0.0,0.0,0.0,0.0,0.0,0.0
V6ToEastH6.169,2028.0,468_1,0.0,0.0,0.0,2190.0,522_1,56.88,13.82,162.0,2060.88,0.0,0,0.0,18.48,0,tripinfo_V6ToEastH6.169 emissions_V6ToEastH6.169,electric,1.05,0.0,0.0,0.0,0.0,0.0,0.0,0.0
EastAveburyToWestA509.178,1713.0,483_1,0.0,0.0,0.0,2191.0,774_2,29.75,13.13,478.0,2218.4,252.0,7,0.0,309.12,0,tripinfo_EastAveburyToWestA509.178 emissions_EastAveburyToWestA509.178,gasoline_euro4,0.95,51965.081842,1275457.560347,265.916548,26.581082,547.167849,406828.292043,0.0
EastAveburyToWestA509.175,1687.0,483_1,0.0,0.0,0.0,2193.0,774_1,29.75,10.4,506.0,2243.74,228.0,6,0.0,284.93,0,tripinfo_EastAveburyToWestA509.175 emissions_EastAveburyToWestA509.175,electric,0.75,0.0,0.0,0.0,0.0,0.0,0.0,0.0
SouthEvansGateToSilbury.110,1980.0,526_0,0.0,0.0,0.0,2193.0,215_1,19.43,13.19,213.0,1477.52,77.0,2,0.0,102.62,0,tripinfo_SouthEvansGateToSilbury.110 emissions_SouthEvansGateToSilbury.110,electric,0.97,0.0,0.0,0.0,0.0,0.0,0.0,0.0
V6ToEastH6.173,2076.0,468_1,0.0,0.0,0.0,2193.0,522_1,56.88,15.24,117.0,1512.23,0.0,0,0.0,19.07,0,tripinfo_V6ToEastH6.173 emissions_V6ToEastH6.173,gasoline_euro4,1.12,4803.580222,406208.436788,30.881537,6.819094,160.479762,129561.431109,0.0
EastAveburyToWestA509.179,1721.0,483_1,0.0,0.0,0.0,2195.0,774_1,29.75,11.8,474.0,2214.94,240.0,7,0.0,300.15,0,tripinfo_EastAveburyToWestA509.179 emissions_EastAveburyToWestA509.179,electric,0.92,0.0,0.0,0.0,0.0,0.0,0.0,0.0
WestH6ToSaxonSt.152,1824.0,524_0,0.0,0.0,0.0,2199.0,771_0,56.88,15.26,375.0,2603.33,146.0,5,0.0,205.58,0,tripinfo_WestH6ToSaxonSt.152 emissions_WestH6ToSaxonSt.152,electric,1.11,0.0,0.0,0.0,0.0,0.0,0.0,0.0
SouthEvansGateToSilbury.102,1836.0,526_0,0.0,0.0,0.0,2199.0,215_1,19.43,10.02,363.0,2430.19,110.0,2,0.0,142.59,0,tripinfo_SouthEvansGateToSilbury.102 emissions_SouthEvansGateToSilbury.102,gasoline_euro4,0.79,26462.331385,857482.474896,140.278784,15.356498,352.605659,273505.671269,0.0
WestH6ToSaxonSt.153,1836.0,524_0,0.0,0.0,0.0,2203.0,771_0,56.88,13.82,367.0,2602.67,141.0,5,0.0,188.45,0,tripinfo_WestH6ToSaxonSt.153 emissions_WestH6ToSaxonSt.153,gasoline_euro4,1.06,32330.505873,1048300.378112,170.800688,20.170447,435.699824,334368.173973,0.0
WestA509ToEastH6.47,1692.0,773_0,0.0,0.0,0.0,2208.0,522_0,56.88,11.42,516.0,2716.09,241.0,8,0.0,292.67,0,tripinfo_WestA509ToEastH6.47 emissions_WestA509ToEastH6.47,electric,0.88,0.0,0.0,0.0,0.0,0.0,0.0,0.0
EastA509ToH6.101,1818.0,770_0,0.0,0.0,0.0,2208.0,522_1,56.88,14.64,390.0,1483.64,223.0,8,0.0,289.48,0,tripinfo_EastA509ToH6.101 emissions_EastA509ToH6.101,gasoline_euro4,1.07,47216.667794,1100803.10238,240.43373,23.947794,479.327853,351119.658981,0.0
EastA509ToH6.100,1800.0,770_0,0.0,0.0,0.0,2210.0,522_0,56.88,12.18,410.0,1483.69,235.0,7,0.0,288.1,0,tripinfo_EastA509ToH6.100 emissions_EastA509ToH6.100,electric,0.88,0.0,0.0,0.0,0.0,0.0,0.0,0.0
EastA509ToH6.103,1854.0,770_0,0.0,0.0,0.0,2210.0,522_1,56.88,15.78,356.0,1483.69,200.0,6,0.0,264.7,0,tripinfo_EastA509ToH6.103 emissions_EastA509ToH6.103,electric,1.17,0.0,0.0,0.0,0.0,0.0,0.0,0.0
WestH6ToSaxonSt.158,1896.0,524_0,0.0,0.0,0.0,2210.0,771_1,56.88,15.6,314.0,2599.29,89.0,3,0.0,155.76,0,tripinfo_WestH6ToSaxonSt.158 emissions_WestH6ToSaxonSt.158,gasoline_euro4,1.19,25963.48129,1007580.285083,141.023737,19.46042,419.044779,321376.661254,0.0
WestA509ToEastH6.44,1584.0,773_0,0.0,0.0,0.0,2212.0,522_0,56.88,14.96,628.0,2704.63,378.0,7,0.0,456.09,0,tripinfo_WestA509ToEastH6.44 emissions_WestA509ToEastH6.44,electric,1.14,0.0,0.0,0.0,0.0,0.0,0.0,0.0
WestH6ToSaxonSt.148,1776.0,524_0,0.0,0.0,0.0,2213.0,771_0,56.88,11.32,437.0,2602.7,153.0,5,0.0,208.12,0,tripinfo_WestH6ToSaxonSt.148 emissions_WestH6ToSaxonSt.148,electric,0.82,0.0,0.0,0.0,0.0,0.0,0.0,0.0
WestH6ToSaxonSt.151,1812.0,524_0,0.0,0.0,0.0,2214.0,771_0,56.88,11.72,402.0,2602.7,164.0,4,0.0,232.78,0,tripinfo_WestH6ToSaxonSt.151 emissions_WestH6ToSaxonSt.151,gasoline_euro4,1.11,37801.658359,1152607.337568,198.383561,22.914243,485.366031,367638.668246,0.0
WestA509ToAvebury.81,1458.0,773_0,0.0,0.0,0.0,2217.0,213_0,19.13,14.32,759.0,2332.43,544.0,12,0.0,597.98,0,tripinfo_WestA509ToAvebury.81 emissions_WestA509ToAvebury.81,gasoline_euro4,1.05,100253.154333,2101452.443298,504.471117,46.852849,919.234709,670298.837908,0.0
EastA509ToH6.105,1890.0,770_0,0.0,0.0,0.0,2218.0,522_0,56.88,13.79,328.0,1483.69,167.0,6,0.0,220.79,0,tripinfo_EastA509ToH6.105 emissions_EastA509ToH6.105,gasoline_euro4,1.0,36964.487595,931897.625168,189.626839,19.706186,402.044568,297243.136285,0.0
EastAveburyToWestA509.192,1832.0,483_1,0.0,0.0,0.0,2223.0,774_0,29.75,14.99,391.0,2373.4,166.0,7,0.0,231.44,0,tripinfo_EastAveburyToWestA509.192 emissions_EastAveburyToWestA509.192,gasoline_euro4,1.09,39145.97512,1166281.795081,204.706136,23.618081,494.313656,372000.332127,0.0
WestH6ToSaxonSt.144,1728.0,524_0,0.0,0.0,0.0,2224.0,771_0,56.88,10.09,496.0,2602.68,200.0,7,0.0,250.83,0,tripinfo_WestH6ToSaxonSt.144 emissions_WestH6ToSaxonSt.144,gasoline_euro4,0.77,44560.982358,1191957.529948,230.424139,22.706628,499.713113,380194.356194,0.0
WestH6ToSaxonSt.154,1848.0,524_0,0.0,0.0,0.0,2224.0,771_1,56.88,12.57,376.0,2602.7,114.0,5,0.0,169.94,0,tripinfo_WestH6ToSaxonSt.154 emissions_WestH6ToSaxonSt.154,electric,0.91,0.0,0.0,0.0,0.0,0.0,0.0,0.0
V6ToEastH6.171,2052.0,468_1,0.0,0.0,0.0,2225.0,522_1,56.88,14.58,173.0,2060.88,1.0,1,0.0,37.23,0,tripinfo_V6ToEastH6.171 emissions_V6ToEastH6.171,electric,1.11,0.0,0.0,0.0,0.0,0.0,0.0,0.0
WestH6ToSaxonSt.156,1872.0,524_0,0.0,0.0,0.0,2226.0,771_0,56.88,13.57,354.0,2601.24,105.0,5,0.0,185.03,0,tripinfo_WestH6ToSaxonSt.156 emissions_WestH6ToSaxonSt.156,electric,1.11,0.0,0.0,0.0,0.0,0.0,0.0,0.0
WestH6ToSaxonSt.157,1884.0,524_0,0.0,0.0,0.0,2228.0,771_0,56.88,12.8,344.0,2602.7,85.0,4,0.0,146.82,0,tripinfo_WestH6ToSaxonSt.157 emissions_WestH6ToSaxonSt.157,gasoline_euro4,0.96,25672.990201,949830.632423,138.472437,17.546459,392.345264,302958.490143,0.0
V6ToEastH6.175,2100.0,468_1,0.0,0.0,0.0,2247.0,522_0,56.88,11.48,147.0,1512.23,0.0,0,0.0,21.88,0,tripinfo_V6ToEastH6.175 emissions_V6ToEastH6.175,electric,0.87,0.0,0.0,0.0,0.0,0.0,0.0,0.0
WestA509ToEastH6.41,1476.0,773_0,0.0,0.0,0.0,2250.0,522_1,56.88,11.41,774.0,2765.34,476.0,13,0.0,547.72,0,tripinfo_WestA509ToEastH6.41 emissions_WestA509ToEastH6.41,electric,0.88,0.0,0.0,0.0,0.0,0.0,0.0,0.0
V6ToEastH6.172,2064.0,468_1,0.0,0.0,0.0,2252.0,522_1,56.88,13.71,188.0,2058.25,7.0,1,0.0,37.53,0,tripinfo_V6ToEastH6.172 emissions_V6ToEastH6.172,gasoline_euro4,1.0,7362.232011,522055.830543,45.34588,8.215643,204.768051,166512.671457,0.0
EastA509ToH6.93,1674.0,770_0,0.0,0.0,0.0,2254.0,522_1,56.88,13.98,580.0,2408.85,331.0,12,0.0,415.83,0,tripinfo_EastA509ToH6.93 emissions_EastA509ToH6.93,gasoline_euro4,1.07,68052.018608,1604597.025026,346.834028,34.798357,697.399463,511812.850363,0.0
V6ToEastH6.177,2124.0,468_1,0.0,0.0,0.0,2260.0,522_1,56.88,13.99,136.0,1512.23,0.0,0,0.0,29.44,0,tripinfo_V6ToEastH6.177 emissions_V6ToEastH6.177,gasoline_euro4,1.03,5117.807315,389070.197615,31.928457,6.226562,153.293153,124095.74474,0.0
WestA509ToAvebury.97,1746.0,773_0,0.0,0.0,0.0,2262.0,213_0,19.13,13.44,516.0,2328.43,302.0,10,0.0,350.66,0,tripinfo_WestA509ToAvebury.97 emissions_WestA509ToAvebury.97,gasoline_euro4,1.02,59534.231841,1409584.486277,303.228818,29.80657,605.419305,449611.21661,0.0
EastAveburyToWestA509.187,1789.0,483_1,0.0,0.0,0.0,2262.0,774_1,29.75,13.41,473.0,2246.79,236.0,8,0.0,301.89,0,tripinfo_EastAveburyToWestA509.187 emissions_EastAveburyToWestA509.187,gasoline_euro4,0.97,51232.379036,1297523.79673,262.889109,26.76662,554.606123,413865.938124,0.0
V6ToEastH6.176,2112.0,468_1,0.0,0.0,0.0,2263.0,522_1,56.88,12.51,151.0,1511.92,0.0,0,0.0,31.89,0,tripinfo_V6ToEastH6.176 emissions_V6ToEastH6.176,gasoline_euro4,0.92,5247.481825,366390.127648,32.184639,5.43937,142.915654,116862.547171,0.0
WestA509ToAvebury.57,1026.0,773_0,0.0,0.0,0.0,2264.0,213_0,19.13,14.67,1238.0,2328.43,929.0,27,0.0,1082.45,0,tripinfo_WestA509ToAvebury.57 emissions_WestA509ToAvebury.57,electric,1.09,0.0,0.0,0.0,0.0,0.0,0.0,0.0
EastA509ToH6.92,1656.0,770_0,0.0,0.0,0.0,2265.0,522_1,56.88,15.2,609.0,2408.85,351.0,10,0.0,449.13,0,tripinfo_EastA509ToH6.92 emissions_EastA509ToH6.92,gasoline_euro4,1.1,72572.999873,1700348.442619,369.463253,36.851381,738.637083,542354.659011,0.0
V6ToEastH6.174,2088.0,468_1,0.0,0.0,0.0,2266.0,522_0,56.88,8.69,178.0,1512.23,0.0,0,0.0,16.79,0,tripinfo_V6ToEastH6.174 emissions_V6ToEastH6.174,electric,0.68,0.0,0.0,0.0,0.0,0.0,0.0,0.0
EastSilburyToEastAvebury.34,944.0,317_0,0.0,0.0,0.0,2267.0,213_0,19.13,12.78,1323.0,642.19,1213.0,14,0.0,1272.81,0,tripinfo_EastSilburyToEastAvebury.34 emissions_EastSilburyToEastAvebury.34,gasoline_euro4,0.99,208851.977754,3486478.667801,1032.728402,85.963254,1589.019008,1112096.974303,0.0
WestA509ToAvebury.37,666.0,773_0,0.0,0.0,0.0,2268.0,213_0,19.13,15.65,1602.0,2323.29,1284.0,33,0.0,1462.3,0,tripinfo_WestA509ToAvebury.37 emissions_WestA509ToAvebury.37,gasoline_euro4,1.21,237976.232673,4291034.895636,1183.102454,102.374187,1926.912749,1368721.717051,0.0
V6ToEastH6.178,2136.0,468_1,0.0,0.0,0.0,2268.0,522_0,56.88,12.29,132.0,1512.23,0.0,0,0.0,32.36,0,tripinfo_V6ToEastH6.178 emissions_V6ToEastH6.178,gasoline_euro4,1.1,5319.673767,403069.356452,33.137844,6.65749,159.305445,128560.620616,0.0
EastA509ToH6.81,1458.0,770_0,0.0,0.0,0.0,2269.0,522_1,56.88,12.5,811.0,3322.55,447.0,15,0.0,548.92,0,tripinfo_EastA509ToH6.81 emissions_EastA509ToH6.81,gasoline_euro4,0.92,91689.261849,2146885.236462,466.938369,45.306836,925.906199,684786.5565,0.0
EastAveburyToWestA509.199,1891.0,483_1,0.0,0.0,0.0,2269.0,774_0,29.75,11.78,378.0,2241.68,139.0,5,0.0,198.61,0,tripinfo_EastAveburyToWestA509.199 emissions_EastAveburyToWestA509.199,electric,0.92,0.0,0.0,0.0,0.0,0.0,0.0,0.0
EastAveburyToWestA509.208,1968.0,483_0,0.0,0.0,0.0,2269.0,774_1,29.75,13.71,301.0,2257.8,93.0,3,0.0,133.7,0,tripinfo_EastAveburyToWestA509.208 emissions_EastAveburyToWestA509.208,electric,0.99,0.0,0.0,0.0,0.0,0.0,0.0,0.0
WestA509ToAvebury.35,630.0,773_0,0.0,0.0,0.0,2271.0,213_0,19.13,13.05,1641.0,2288.83,1292.0,30,0.0,1471.82,0,tripinfo_WestA509ToAvebury.35 emissions_WestA509ToAvebury.35,gasoline_euro4,0.98,240076.548046,4279231.157035,1192.893966,101.909132,1924.700462,1364958.496486,0.0
EastAveburyToWestA509.215,2027.0,483_0,0.0,0.0,0.0,2271.0,774_0,29.75,14.85,244.0,2264.75,50.0,3,0.0,98.89,0,tripinfo_EastAveburyToWestA509.215 emissions_EastAveburyToWestA509.215,gasoline_euro4,1.14,17468.062813,779513.477521,97.317842,14.768209,322.524343,248631.412651,0.0
EastA509ToH6.82,1476.0,770_0,0.0,0.0,0.0,2272.0,522_1,56.88,11.76,796.0,3322.55,428.0,9,0.0,528.07,0,tripinfo_EastA509ToH6.82 emissions_EastA509ToH6.82,gasoline_euro4,0.9,87132.763483,2057396.086225,444.013676,42.720451,882.365614,656242.808727,0.0
WestA509ToEastH6.34,1224.0,773_0,0.0,0.0,0.0,2273.0,522_1,56.88,13.27,1049.0,2765.35,714.0,17,0.0,849.07,0,tripinfo_WestA509ToEastH6.34 emissions_WestA509ToEastH6.34,gasoline_euro4,1.0,137885.222414,2780686.007799,692.275687,63.097672,1229.422266,886955.379326,0.0
V6ToEastH6.170,2040.0,468_1,0.0,0.0,0.0,2277.0,522_0,56.88,12.53,237.0,2023.87,53.0,1,0.0,79.94,0,tripinfo_V6ToEastH6.170 emissions_V6ToEastH6.170,gasoline_euro4,0.94,14941.826767,621970.999541,82.056281,10.539515,249.433363,198384.209772,0.0
SouthEvansGateToSilbury.113,2034.0,526_0,0.0,0.0,0.0,2279.0,215_1,19.43,15.94,245.0,1477.59,117.0,4,0.0,154.6,0,tripinfo_SouthEvansGateToSilbury.113 emissions_SouthEvansGateToSilbury.113,electric,1.19,0.0,0.0,0.0,0.0,0.0,0.0,0.0
V6ToEastH6.179,2148.0,468_1,0.0,0.0,0.0,2280.0,522_1,56.88,11.63,132.0,1512.23,0.0,0,0.0,14.26,0,tripinfo_V6ToEastH6.179 emissions_V6ToEastH6.179,gasoline_euro4,0.93,3958.537443,360965.40385,25.76779,5.106002,137.146308,115131.930758,0.0
EastAveburyToWestA509.188,1798.0,483_1,0.0,0.0,0.0,2282.0,774_2,29.75,14.32,484.0,2218.4,272.0,7,0.0,331.06,0,tripinfo_EastAveburyToWestA509.188 emissions_EastAveburyToWestA509.188,gasoline_euro4,1.05,55403.913261,1362147.775435,283.411309,28.838005,585.956486,434479.015492,0.0
SouthEvansGateToSilbury.109,1962.0,526_0,0.0,0.0,0.0,2283.0,215_1,19.43,12.81,321.0,2430.15,93.0,2,0.0,143.14,0,tripinfo_SouthEvansGateToSilbury.109 emissions_SouthEvansGateToSilbury.109,electric,0.99,0.0,0.0,0.0,0.0,0.0,0.0,0.0
SouthEvansGateToSilbury.107,1926.0,526_0,0.0,0.0,0.0,2289.0,215_1,19.43,8.94,363.0,2430.12,84.0,4,0.0,122.69,0,tripinfo_SouthEvansGateToSilbury.107 emissions_SouthEvansGateToSilbury.107,electric,0.73,0.0,0.0,0.0,0.0,0.0,0.0,0.0
V6ToEastH6.180,2160.0,468_1,0.0,0.0,0.0,2290.0,522_1,56.88,12.88,130.0,1512.23,0.0,0,0.0,15.73,0,tripinfo_V6ToEastH6.180 emissions_V6ToEastH6.180,gasoline_euro4,0.95,4043.138004,364318.133331,26.376577,5.24278,139.279719,116201.208751,0.0
SouthEvansGateToSilbury.108,1944.0,526_0,0.0,0.0,0.0,2291.0,215_1,19.43,13.22,347.0,2410.48,126.0,4,0.0,186.91,0,tripinfo_SouthEvansGateToSilbury.108 emissions_SouthEvansGateToSilbury.108,electric,1.09,0.0,0.0,0.0,0.0,0.0,0.0,0.0
EastAveburyToWestA509.190,1815.0,483_1,0.0,0.0,0.0,2293.0,774_2,29.75,13.29,478.0,2218.37,259.0,8,0.0,317.71,0,tripinfo_EastAveburyToWestA509.190 emissions_EastAveburyToWestA509.190,electric,1.0,0.0,0.0,0.0,0.0,0.0,0.0,0.0
V6ToEastH6.181,2172.0,468_1,0.0,0.0,0.0,2294.0,522_1,56.88,13.64,122.0,1512.23,0.0,0,0.0,13.64,0,tripinfo_V6ToEastH6.181 emissions_V6ToEastH6.181,gasoline_euro4,1.01,4002.651976,355327.33714,26.193358,5.599249,138.719368,113333.047937,0.0
WestH6ToSaxonSt.161,1932.0,524_0,0.0,0.0,0.0,2295.0,771_0,56.88,12.08,363.0,2602.67,123.0,5,0.0,162.46,0,tripinfo_WestH6ToSaxonSt.161 emissions_WestH6ToSaxonSt.161,electric,0.94,0.0,0.0,0.0,0.0,0.0,0.0,0.0
WestH6ToSaxonSt.160,1920.0,524_0,0.0,0.0,0.0,2296.0,771_0,56.88,12.93,376.0,2599.32,139.0,5,0.0,202.38,0,tripinfo_WestH6ToSaxonSt.160 emissions_WestH6ToSaxonSt.160,gasoline_euro4,1.08,33883.550547,1091522.099188,178.776802,21.29053,456.211621,348154.024955,0.0
EastA509ToH6.108,1944.0,770_0,0.0,0.0,0.0,2299.0,522_1,56.88,14.67,355.0,1483.69,210.0,5,0.0,260.06,0,tripinfo_EastA509ToH6.108 emissions_EastA509ToH6.108,electric,1.13,0.0,0.0,0.0,0.0,0.0,0.0,0.0
EastA509ToH6.107,1926.0,770_0,0.0,0.0,0.0,2300.0,522_0,56.88,12.8,374.0,1483.64,217.0,6,0.0,258.43,0,tripinfo_EastA509ToH6.107 emissions_EastA509ToH6.107,electric,0.93,0.0,0.0,0.0,0.0,0.0,0.0,0.0
WestH6ToSaxonSt.155,1860.0,524_0,0.0,0.0,0.0,2301.0,771_0,56.88,11.2,441.0,2602.68,161.0,8,0.0,220.15,0,tripinfo_WestH6ToSaxonSt.155 emissions_WestH6ToSaxonSt.155,gasoline_euro4,0.85,38217.54685,1119616.441124,199.908641,21.010748,466.080964,357118.139738,0.0
EastSilburyToEastAvebury.31,896.0,317_0,0.0,0.0,0.0,2303.0,213_0,19.13,15.49,1407.0,1590.82,1139.0,26,0.0,1307.46,0,tripinfo_EastSilburyToEastAvebury.31 emissions_EastSilburyToEastAvebury.31,electric,1.17,0.0,0.0,0.0,0.0,0.0,0.0,0.0
WestH6ToSaxonSt.163,1956.0,524_0,0.0,0.0,0.0,2303.0,771_0,56.88,13.96,347.0,2603.36,96.0,5,0.0,174.22,0,tripinfo_WestH6ToSaxonSt.163 emissions_WestH6ToSaxonSt.163,electric,1.09,0.0,0.0,0.0,0.0,0.0,0.0,0.0
WestH6ToSaxonSt.159,1908.0,524_0,0.0,0.0,0.0,2305.0,771_0,56.88,15.07,397.0,2602.68,142.0,5,0.0,227.42,0,tripinfo_WestH6ToSaxonSt.159 emissions_WestH6ToSaxonSt.159,gasoline_euro4,1.11,36733.862862,1126375.607883,193.150319,22.686089,477.254142,359271.224684,0.0
WestH6ToSaxonSt.165,1980.0,524_0,0.0,0.0,0.0,2306.0,771_0,56.88,14.42,326.0,2600.58,84.0,4,0.0,157.45,0,tripinfo_WestH6ToSaxonSt.165 emissions_WestH6ToSaxonSt.165,gasoline_euro4,1.11,24948.596347,952299.395702,135.265966,18.158827,395.475936,303744.811746,0.0
SouthEvansGateToSilbury.111,1998.0,526_0,0.0,0.0,0.0,2306.0,215_0,19.43,9.29,308.0,1471.8,129.0,4,0.0,164.86,0,tripinfo_SouthEvansGateToSilbury.111 emissions_SouthEvansGateToSilbury.111,gasoline_euro4,0.74,29727.554322,756329.377436,152.904539,15.09865,322.260863,241243.70741,0.0
WestH6ToSaxonSt.168,2016.0,524_0,0.0,0.0,0.0,2308.0,771_0,56.88,16.91,292.0,2602.67,67.0,3,0.0,137.71,0,tripinfo_WestH6ToSaxonSt.168 emissions_WestH6ToSaxonSt.168,electric,1.22,0.0,0.0,0.0,0.0,0.0,0.0,0.0
V6ToEastH6.182,2184.0,468_1,0.0,0.0,0.0,2310.0,522_1,56.88,14.46,126.0,1512.23,4.0,1,0.0,25.15,0,tripinfo_V6ToEastH6.182 emissions_V6ToEastH6.182,gasoline_euro4,1.09,5876.801323,426858.600484,36.308153,7.261801,169.91985,136148.27851,0.0
V6ToEastH6.183,2196.0,468_1,0.0,0.0,0.0,2333.0,522_1,56.88,12.64,137.0,1512.23,0.0,0,0.0,17.72,0,tripinfo_V6ToEastH6.183 emissions_V6ToEastH6.183,electric,0.91,0.0,0.0,0.0,0.0,0.0,0.0,0.0
V6ToEastH6.184,2208.0,468_1,0.0,0.0,0.0,2335.0,522_1,56.88,14.27,127.0,1511.92,0.0,0,0.0,26.27,0,tripinfo_V6ToEastH6.184 emissions_V6ToEastH6.184,gasoline_euro4,1.09,5376.648706,418237.441046,33.97636,7.113678,167.518913,133398.249638,0.0
EastAveburyToWestA509.207,1959.0,483_1,0.0,0.0,0.0,2340.0,774_0,29.75,16.56,381.0,2238.62,153.0,8,0.0,245.9,0,tripinfo_EastAveburyToWestA509.207 emissions_EastAveburyToWestA509.207,gasoline_euro4,1.23,37820.329367,1095441.747668,196.910451,22.344034,464.8056,349405.483134,0.0
WestA509ToEastH6.36,1296.0,773_0,0.0,0.0,0.0,2343.0,522_1,56.88,11.47,1047.0,2765.34,689.0,13,0.0,818.39,0,tripinfo_WestA509ToEastH6.36 emissions_WestA509ToEastH6.36,electric,0.87,0.0,0.0,0.0,0.0,0.0,0.0,0.0
EastA509ToH6.83,1494.0,770_0,0.0,0.0,0.0,2343.0,522_0,56.88,13.49,849.0,3322.55,512.0,10,0.0,621.43,0,tripinfo_EastA509ToH6.83 emissions_EastA509ToH6.83,gasoline_euro4,1.06,102523.134017,2362136.563293,521.381309,51.613861,1028.940573,753443.759617,0.0
WestA509ToEastH6.43,1548.0,773_0,0.0,0.0,0.0,2345.0,522_1,56.88,13.24,797.0,2765.35,490.0,10,0.0,591.64,0,tripinfo_WestA509ToEastH6.43 emissions_WestA509ToEastH6.43,electric,0.97,0.0,0.0,0.0,0.0,0.0,0.0,0.0
V6ToEastH6.185,2220.0,468_1,0.0,0.0,0.0,2347.0,522_1,56.88,13.86,127.0,1512.23,0.0,0,0.0,23.66,0,tripinfo_V6ToEastH6.185 emissions_V6ToEastH6.185,gasoline_euro4,1.06,4839.739226,387568.06555,30.626439,6.309763,152.784017,123616.374984,0.0
WestA509ToEastH6.38,1368.0,773_0,0.0,0.0,0.0,2351.0,522_1,56.88,12.85,983.0,2765.34,633.0,13,0.0,768.47,0,tripinfo_WestA509ToEastH6.38 emissions_WestA509ToEastH6.38,electric,0.93,0.0,0.0,0.0,0.0,0.0,0.0,0.0
EastAveburyToWestA509.198,1883.0,483_1,0.0,0.0,0.0,2351.0,774_2,29.75,15.22,468.0,2214.99,264.0,9,0.0,327.81,0,tripinfo_EastAveburyToWestA509.198 emissions_EastAveburyToWestA509.198,electric,1.15,0.0,0.0,0.0,0.0,0.0,0.0,0.0
EastSilburyToEastAvebury.27,832.0,317_0,0.0,0.0,0.0,2354.0,213_0,19.13,11.3,1522.0,680.89,1306.0,33,0.0,1463.15,0,tripinfo_EastSilburyToEastAvebury.27 emissions_EastSilburyToEastAvebury.27,electric,0.86,0.0,0.0,0.0,0.0,0.0,0.0,0.0
V6ToEastH6.158,1896.0,468_1,0.0,0.0,0.0,2354.0,522_1,56.88,12.48,458.0,2483.76,185.0,6,0.0,263.81,0,tripinfo_V6ToEastH6.158 emissions_V6ToEastH6.158,gasoline_euro4,0.93,43874.566916,1222304.905879,227.664587,24.399013,517.736213,389871.809222,0.0
EastSilburyToEastAvebury.16,656.0,317_1,0.0,0.0,0.0,2356.0,213_0,19.13,12.52,1700.0,2102.37,1352.0,31,0.0,1530.14,0,tripinfo_EastSilburyToEastAvebury.16 emissions_EastSilburyToEastAvebury.16,electric,0.9,0.0,0.0,0.0,0.0,0.0,0.0,0.0
EastA509ToH6.80,1440.0,770_0,0.0,0.0,0.0,2356.0,522_1,56.88,12.44,916.0,2408.85,592.0,13,0.0,730.59,0,tripinfo_EastA509ToH6.80 emissions_EastA509ToH6.80,gasoline_euro4,0.94,118020.20227,2409187.797561,593.385308,54.582309,1065.951567,768457.716014,0.0
EastAveburyToWestA509.217,2044.0,483_0,0.0,0.0,0.0,2356.0,774_1,29.75,13.76,312.0,2254.73,106.0,4,0.0,149.15,0,tripinfo_EastAveburyToWestA509.217 emissions_EastAveburyToWestA509.217,gasoline_euro4,1.01,26538.390476,909717.536957,141.362962,17.30281,377.501097,290164.745796,0.0
WestA509ToAvebury.59,1062.0,773_0,0.0,0.0,0.0,2357.0,213_0,19.13,14.12,1295.0,2228.58,1079.0,9,0.0,1139.26,0,tripinfo_WestA509ToAvebury.59 emissions_WestA509ToAvebury.59,gasoline_euro4,1.02,188042.350178,3420423.0244,935.592928,80.656871,1530.670103,1091020.60726,0.0
EastAveburyToWestA509.202,1917.0,483_1,0.0,0.0,0.0,2357.0,774_0,29.75,11.42,440.0,2241.68,176.0,8,0.0,257.73,0,tripinfo_EastAveburyToWestA509.202 emissions_EastAveburyToWestA509.202,gasoline_euro4,0.9,43036.125075,1149629.544398,222.454122,23.195992,489.188092,366691.784181,0.0
EastA509ToH6.84,1512.0,770_0,0.0,0.0,0.0,2358.0,522_1,56.88,13.15,846.0,3322.55,487.0,12,0.0,613.5,0,tripinfo_EastA509ToH6.84 emissions_EastA509ToH6.84,electric,1.03,0.0,0.0,0.0,0.0,0.0,0.0,0.0
EastAveburyToWestA509.213,2010.0,483_1,0.0,0.0,0.0,2358.0,774_0,29.75,14.11,348.0,2238.89,118.0,5,0.0,214.19,0,tripinfo_EastAveburyToWestA509.213 emissions_EastAveburyToWestA509.213,gasoline_euro4,1.22,32995.905865,1036131.405748,174.024806,21.038408,440.139413,330486.01799,0.0
V6ToEastH6.186,2232.0,468_1,0.0,0.0,0.0,2360.0,522_1,56.88,15.83,128.0,1512.23,0.0,0,0.0,32.05,0,tripinfo_V6ToEastH6.186 emissions_V6ToEastH6.186,electric,1.15,0.0,0.0,0.0,0.0,0.0,0.0,0.0
V6ToEastH6.187,2244.0,468_1,0.0,0.0,0.0,2361.0,522_1,56.88,13.54,117.0,1512.23,0.0,0,0.0,13.63,0,tripinfo_V6ToEastH6.187 emissions_V6ToEastH6.187,gasoline_euro4,1.05,4196.964993,368092.824404,26.998274,5.874108,143.423815,117404.553731,0.0
EastAveburyToWestA509.200,1900.0,483_1,0.0,0.0,0.0,2363.0,774_0,29.75,11.33,463.0,2311.97,193.0,7,0.0,271.75,0,tripinfo_EastAveburyToWestA509.200 emissions_EastAveburyToWestA509.200,gasoline_euro4,0.9,45531.932605,1217971.465522,235.364205,24.519255,517.95053,388490.48839,0.0
EastAveburyToWestA509.210,1985.0,483_1,0.0,0.0,0.0,2365.0,774_0,29.75,13.07,380.0,2311.97,124.0,8,0.0,205.64,0,tripinfo_EastAveburyToWestA509.210 emissions_EastAveburyToWestA509.210,electric,1.0,0.0,0.0,0.0,0.0,0.0,0.0,0.0
EastAveburyToWestA509.201,1908.0,483_1,0.0,0.0,0.0,2366.0,774_0,29.75,13.52,458.0,2308.5,190.0,9,0.0,289.52,0,tripinfo_EastAveburyToWestA509.201 emissions_EastAveburyToWestA509.201,electric,1.01,0.0,0.0,0.0,0.0,0.0,0.0,0.0
SouthEvansGateToSilbury.119,2142.0,526_0,0.0,0.0,0.0,2367.0,215_1,19.43,13.29,225.0,1477.52,90.0,2,0.0,116.79,0,tripinfo_SouthEvansGateToSilbury.119 emissions_SouthEvansGateToSilbury.119,gasoline_euro4,0.99,20760.869482,635948.751719,109.088202,12.598043,267.658812,202843.89871,0.0
EastAveburyToWestA509.203,1925.0,483_1,0.0,0.0,0.0,2368.0,774_0,29.75,14.18,443.0,2308.45,181.0,6,0.0,280.12,0,tripinfo_EastAveburyToWestA509.203 emissions_EastAveburyToWestA509.203,gasoline_euro4,1.05,46261.135197,1296670.08032,240.693582,26.937801,557.236438,413590.16461,0.0
EastAveburyToWestA509.194,1849.0,483_1,0.0,0.0,0.0,2371.0,774_0,29.75,13.34,522.0,2328.54,286.0,8,0.0,345.24,0,tripinfo_EastAveburyToWestA509.194 emissions_EastAveburyToWestA509.194,gasoline_euro4,0.98,58818.576341,1454449.344951,301.407069,30.584077,625.873782,463920.086406,0.0
V6ToEastH6.188,2256.0,468_1,0.0,0.0,0.0,2371.0,522_1,56.88,14.39,115.0,1512.23,0.0,0,0.0,16.22,0,tripinfo_V6ToEastH6.188 emissions_V6ToEastH6.188,electric,1.1,0.0,0.0,0.0,0.0,0.0,0.0,0.0
SouthEvansGateToSilbury.112,2016.0,526_0,0.0,0.0,0.0,2373.0,215_1,19.43,11.71,357.0,2430.2,120.0,2,0.0,152.07,0,tripinfo_SouthEvansGateToSilbury.112 emissions_SouthEvansGateToSilbury.112,electric,0.86,0.0,0.0,0.0,0.0,0.0,0.0,0.0
SouthEvansGateToSilbury.114,2052.0,526_0,0.0,0.0,0.0,2375.0,215_1,19.43,12.36,323.0,2430.12,90.0,4,0.0,139.56,0,tripinfo_SouthEvansGateToSilbury.114 emissions_SouthEvansGateToSilbury.114,electric,0.96,0.0,0.0,0.0,0.0,0.0,0.0,0.0
SouthEvansGateToSilbury.115,2070.0,526_0,0.0,0.0,0.0,2376.0,215_1,19.43,12.8,306.0,2410.44,83.0,2,0.0,120.49,0,tripinfo_SouthEvansGateToSilbury.115 emissions_SouthEvansGateToSilbury.115,gasoline_euro4,0.94,22044.344047,831095.431795,119.084098,14.836844,338.770619,265087.06536,0.0
WestH6ToSaxonSt.172,2064.0,524_0,0.0,0.0,0.0,2381.0,771_0,56.88,14.16,317.0,2601.44,79.0,3,0.0,140.28,0,tripinfo_WestH6ToSaxonSt.172 emissions_WestH6ToSaxonSt.172,gasoline_euro4,1.06,24120.339714,944863.83836,131.39493,17.797726,391.314479,301373.040013,0.0
EastAveburyToWestA509.211,1993.0,483_1,0.0,0.0,0.0,2387.0,774_1,29.75,12.07,394.0,2218.4,166.0,6,0.0,226.34,0,tripinfo_EastAveburyToWestA509.211 emissions_EastAveburyToWestA509.211,electric,0.96,0.0,0.0,0.0,0.0,0.0,0.0,0.0
WestH6ToSaxonSt.167,2004.0,524_0,0.0,0.0,0.0,2387.0,771_0,56.88,12.22,383.0,2600.58,131.0,4,0.0,186.24,0,tripinfo_WestH6ToSaxonSt.167 emissions_WestH6ToSaxonSt.167,electric,0.95,0.0,0.0,0.0,0.0,0.0,0.0,0.0
SouthEvansGateToSilbury.116,2088.0,526_0,0.0,0.0,0.0,2390.0,215_0,19.43,13.63,302.0,1471.73,171.0,4,0.0,199.64,0,tripinfo_SouthEvansGateToSilbury.116 emissions_SouthEvansGateToSilbury.116,electric,1.04,0.0,0.0,0.0,0.0,0.0,0.0,0.0
V6ToEastH6.189,2268.0,468_1,0.0,0.0,0.0,2391.0,522_1,56.88,13.51,123.0,1511.92,0.0,0,0.0,11.26,0,tripinfo_V6ToEastH6.189 emissions_V6ToEastH6.189,electric,0.98,0.0,0.0,0.0,0.0,0.0,0.0,0.0
EastSilburyToEastAvebury.35,960.0,317_0,0.0,0.0,0.0,2392.0,213_0,19.13,14.09,1432.0,1590.8,1137.0,28,0.0,1321.0,0,tripinfo_EastSilburyToEastAvebury.35 emissions_EastSilburyToEastAvebury.35,electric,1.04,0.0,0.0,0.0,0.0,0.0,0.0,0.0
WestH6ToSaxonSt.164,1968.0,524_0,0.0,0.0,0.0,2393.0,771_1,56.88,15.57,425.0,2600.56,154.0,7,0.0,257.29,0,tripinfo_WestH6ToSaxonSt.164 emissions_WestH6ToSaxonSt.164,electric,1.12,0.0,0.0,0.0,0.0,0.0,0.0,0.0
WestA509ToEastH6.56,2016.0,773_1,0.0,0.0,0.0,2395.0,522_1,56.88,13.26,379.0,3057.71,110.0,2,0.0,153.95,0,tripinfo_WestA509ToEastH6.56 emissions_WestA509ToEastH6.56,gasoline_euro4,0.99,28477.627982,1075532.546423,153.816972,19.86564,442.288018,343052.150075,0.0
WestH6ToSaxonSt.162,1944.0,524_0,0.0,0.0,0.0,2396.0,771_0,56.88,10.0,452.0,2602.68,164.0,6,0.0,210.6,0,tripinfo_WestH6ToSaxonSt.162 emissions_WestH6ToSaxonSt.162,electric,0.78,0.0,0.0,0.0,0.0,0.0,0.0,0.0
WestH6ToSaxonSt.173,2076.0,524_0,0.0,0.0,0.0,2398.0,771_0,56.88,13.83,322.0,2603.34,75.0,3,0.0,139.67,0,tripinfo_WestH6ToSaxonSt.173 emissions_WestH6ToSaxonSt.173,gasoline_euro4,1.03,22393.935156,891724.813208,122.310101,16.192466,365.485155,284424.331548,0.0
WestH6ToSaxonSt.166,1992.0,524_0,0.0,0.0,0.0,2399.0,771_0,56.88,13.76,407.0,2602.68,146.0,6,0.0,228.74,0,tripinfo_WestH6ToSaxonSt.166 emissions_WestH6ToSaxonSt.166,electric,1.05,0.0,0.0,0.0,0.0,0.0,0.0,0.0
EastAveburyToWestA509.193,1840.0,483_1,0.0,0.0,0.0,2400.0,774_0,29.75,15.74,560.0,2302.13,329.0,10,0.0,413.4,0,tripinfo_EastAveburyToWestA509.193 emissions_EastAveburyToWestA509.193,gasoline_euro4,1.14,68977.560851,1643613.263768,351.711851,35.936315,714.426385,524256.971308,0.0
WestH6ToSaxonSt.170,2040.0,524_0,0.0,0.0,0.0,2401.0,771_0,56.88,12.89,361.0,2601.19,91.0,5,0.0,166.16,0,tripinfo_WestH6ToSaxonSt.170 emissions_WestH6ToSaxonSt.170,gasoline_euro4,0.96,27326.152427,958973.089169,146.154321,17.728252,396.14391,305875.45768,0.0
WestH6ToSaxonSt.171,2052.0,524_0,0.0,0.0,0.0,2407.0,771_0,56.88,11.02,355.0,2602.7,74.0,2,0.0,120.0,0,tripinfo_WestH6ToSaxonSt.171 emissions_WestH6ToSaxonSt.171,gasoline_euro4,0.8,22529.973267,842307.967521,121.951696,14.199012,340.733941,268664.357043,0.0
V6ToEastH6.190,2280.0,468_1,0.0,0.0,0.0,2407.0,522_1,56.88,13.51,127.0,1512.23,0.0,0,0.0,14.58,0,tripinfo_V6ToEastH6.190 emissions_V6ToEastH6.190,gasoline_euro4,0.97,4216.647261,374755.839062,27.278387,5.600029,144.142116,119530.178336,0.0
EastAveburyToWestA509.214,2019.0,483_1,0.0,0.0,0.0,2414.0,774_0,29.75,11.71,395.0,2370.1,145.0,6,0.0,204.15,0,tripinfo_EastAveburyToWestA509.214 emissions_EastAveburyToWestA509.214,gasoline_euro4,0.91,35285.383384,1054409.53033,184.726947,20.288671,441.396024,336318.428304,0.0
V6ToEastH6.191,2292.0,468_1,0.0,0.0,0.0,2415.0,522_1,56.88,13.22,123.0,1512.23,0.0,0,0.0,12.64,0,tripinfo_V6ToEastH6.191 emissions_V6ToEastH6.191,electric,0.99,0.0,0.0,0.0,0.0,0.0,0.0,0.0
EastAveburyToWestA509.218,2053.0,483_1,0.0,0.0,0.0,2418.0,774_0,29.75,12.74,365.0,2378.6,118.0,5,0.0,179.31,0,tripinfo_EastAveburyToWestA509.218 emissions_EastAveburyToWestA509.218,electric,0.94,0.0,0.0,0.0,0.0,0.0,0.0,0.0
EastAveburyToWestA509.212,2002.0,483_1,0.0,0.0,0.0,2421.0,774_0,29.75,12.58,419.0,2378.6,145.0,7,0.0,232.44,0,tripinfo_EastAveburyToWestA509.212 emissions_EastAveburyToWestA509.212,gasoline_euro4,0.93,38554.975378,1155505.92364,202.196289,22.972206,489.721652,368563.507693,0.0
EastAveburyToWestA509.220,2070.0,483_1,0.0,0.0,0.0,2429.0,774_0,29.75,12.64,359.0,2311.97,123.0,4,0.0,185.79,0,tripinfo_EastAveburyToWestA509.220 emissions_EastAveburyToWestA509.220,electric,1.0,0.0,0.0,0.0,0.0,0.0,0.0,0.0
EastSilburyToEastAvebury.28,848.0,317_0,0.0,0.0,0.0,2434.0,213_0,19.13,13.93,1586.0,680.89,1382.0,28,0.0,1538.46,0,tripinfo_EastSilburyToEastAvebury.28 emissions_EastSilburyToEastAvebury.28,gasoline_euro4,1.07,249344.709062,4167842.897111,1233.118129,102.727472,1900.559094,1329434.375798,0.0
EastAveburyToWestA509.221,2078.0,483_1,0.0,0.0,0.0,2436.0,774_0,29.75,12.43,358.0,2308.45,119.0,3,0.0,174.8,0,tripinfo_EastAveburyToWestA509.221 emissions_EastAveburyToWestA509.221,gasoline_euro4,0.94,30655.559235,983229.513377,161.919798,18.778471,410.403065,313613.305412,0.0
EastAveburyToWestA509.216,2036.0,483_0,0.0,0.0,0.0,2437.0,774_0,29.75,13.65,401.0,2254.71,181.0,5,0.0,238.19,0,tripinfo_EastAveburyToWestA509.216 emissions_EastAveburyToWestA509.216,gasoline_euro4,1.01,40537.030108,1133846.524058,210.479915,22.984263,481.382019,361656.262263,0.0
EastSilburyToEastAvebury.30,880.0,317_0,0.0,0.0,0.0,2438.0,213_0,19.13,10.9,1558.0,1576.66,1279.0,27,0.0,1419.24,0,tripinfo_EastSilburyToEastAvebury.30 emissions_EastSilburyToEastAvebury.30,gasoline_euro4,0.83,232220.719979,4033222.17958,1151.828551,96.699578,1820.636566,1286491.268188,0.0
EastAveburyToWestA509.223,2095.0,483_1,0.0,0.0,0.0,2439.0,774_0,29.75,13.93,344.0,2308.5,108.0,5,0.0,179.75,0,tripinfo_EastAveburyToWestA509.223 emissions_EastAveburyToWestA509.223,gasoline_euro4,1.04,30627.576747,1023667.781861,162.927552,20.168719,431.2803,326510.033471,0.0
WestA509ToAvebury.112,2016.0,773_0,0.0,0.0,0.0,2440.0,213_0,19.13,12.53,424.0,2328.43,205.0,7,0.0,244.29,0,tripinfo_WestA509ToAvebury.112 emissions_WestA509ToAvebury.112,gasoline_euro4,0.95,42615.122678,1144214.621814,220.462591,23.130705,486.063797,364964.495191,0.0
EastAveburyToWestA509.225,2112.0,483_1,0.0,0.0,0.0,2442.0,774_1,29.75,13.26,330.0,2246.79,110.0,5,0.0,162.01,0,tripinfo_EastAveburyToWestA509.225 emissions_EastAveburyToWestA509.225,gasoline_euro4,0.99,28199.573005,913513.440375,148.902608,17.373138,379.502067,291376.425648,0.0
EastAveburyToWestA509.226,2121.0,483_1,0.0,0.0,0.0,2445.0,774_1,29.75,12.94,324.0,2241.69,92.0,6,0.0,160.86,0,tripinfo_EastAveburyToWestA509.226 emissions_EastAveburyToWestA509.226,electric,1.01,0.0,0.0,0.0,0.0,0.0,0.0,0.0
EastAveburyToWestA509.222,2087.0,483_0,0.0,0.0,0.0,2447.0,774_0,29.75,12.24,360.0,2257.77,120.0,4,0.0,179.28,0,tripinfo_EastAveburyToWestA509.222 emissions_EastAveburyToWestA509.222,gasoline_euro4,0.92,30365.727041,948036.652765,159.62787,17.74649,392.994142,302389.06217,0.0
EastAveburyToWestA509.230,2155.0,483_1,0.0,0.0,0.0,2448.0,774_0,29.75,13.19,293.0,2241.68,72.0,5,0.0,132.02,0,tripinfo_EastAveburyToWestA509.230 emissions_EastAveburyToWestA509.230,gasoline_euro4,1.02,22582.294176,824150.423149,121.409858,15.257292,339.431317,262871.667317,0.0
EastAveburyToWestA509.219,2061.0,483_1,0.0,0.0,0.0,2450.0,774_0,29.75,13.98,389.0,2241.68,164.0,5,0.0,227.33,0,tripinfo_EastAveburyToWestA509.219 emissions_EastAveburyToWestA509.219,gasoline_euro4,1.02,38133.333287,1081954.810621,198.387901,21.966484,459.985084,345104.256915,0.0
EastAveburyToWestA509.205,1942.0,483_1,0.0,0.0,0.0,2455.0,774_1,29.75,12.63,513.0,2218.29,289.0,7,0.0,344.61,0,tripinfo_EastAveburyToWestA509.205 emissions_EastAveburyToWestA509.205,gasoline_euro4,0.96,58023.48333,1380197.153007,295.649975,28.866808,592.315646,440237.75221,0.0
WestH6ToSaxonSt.169,2028.0,524_0,0.0,0.0,0.0,2455.0,771_0,56.88,13.76,427.0,2602.68,175.0,6,0.0,248.54,0,tripinfo_WestH6ToSaxonSt.169 emissions_WestH6ToSaxonSt.169,electric,1.05,0.0,0.0,0.0,0.0,0.0,0.0,0.0
SouthEvansGateToSilbury.122,2196.0,526_0,0.0,0.0,0.0,2456.0,215_1,19.43,12.38,260.0,1477.52,126.0,2,0.0,150.75,0,tripinfo_SouthEvansGateToSilbury.122 emissions_SouthEvansGateToSilbury.122,electric,0.98,0.0,0.0,0.0,0.0,0.0,0.0,0.0
SouthEvansGateToSilbury.123,2214.0,526_0,0.0,0.0,0.0,2458.0,215_1,19.43,14.22,244.0,1477.64,96.0,5,0.0,143.61,0,tripinfo_SouthEvansGateToSilbury.123 emissions_SouthEvansGateToSilbury.123,gasoline_euro4,1.07,24155.035505,727700.438612,126.810747,14.811255,309.398333,232109.027141,0.0
EastAveburyToWestA509.209,1976.0,483_1,0.0,0.0,0.0,2459.0,774_1,29.75,12.83,483.0,2214.99,244.0,7,0.0,308.76,0,tripinfo_EastAveburyToWestA509.209 emissions_EastAveburyToWestA509.209,electric,0.92,0.0,0.0,0.0,0.0,0.0,0.0,0.0
WestH6ToSaxonSt.174,2088.0,524_0,0.0,0.0,0.0,2459.0,771_0,56.88,15.01,371.0,2603.36,144.0,3,0.0,197.32,0,tripinfo_WestH6ToSaxonSt.174 emissions_WestH6ToSaxonSt.174,electric,1.09,0.0,0.0,0.0,0.0,0.0,0.0,0.0
EastAveburyToWestA509.224,2104.0,483_1,0.0,0.0,0.0,2459.0,774_2,29.75,13.82,355.0,2246.79,136.0,4,0.0,193.09,0,tripinfo_EastAveburyToWestA509.224 emissions_EastAveburyToWestA509.224,electric,1.03,0.0,0.0,0.0,0.0,0.0,0.0,0.0
SouthEvansGateToSilbury.120,2160.0,526_0,0.0,0.0,0.0,2462.0,215_1,19.43,11.27,302.0,2430.15,51.0,2,0.0,94.11,0,tripinfo_SouthEvansGateToSilbury.120 emissions_SouthEvansGateToSilbury.120,electric,0.84,0.0,0.0,0.0,0.0,0.0,0.0,0.0
SouthEvansGateToSilbury.117,2106.0,526_0,0.0,0.0,0.0,2463.0,215_1,19.43,11.87,357.0,2430.19,126.0,2,0.0,162.8,0,tripinfo_SouthEvansGateToSilbury.117 emissions_SouthEvansGateToSilbury.117,gasoline_euro4,0.9,29453.009538,957835.350431,156.006858,18.017703,398.009244,305513.610926,0.0
EastAveburyToWestA509.206,1951.0,483_0,0.0,0.0,0.0,2464.0,774_0,29.75,13.63,513.0,2335.22,298.0,5,0.0,345.07,0,tripinfo_EastAveburyToWestA509.206 emissions_EastAveburyToWestA509.206,electric,1.03,0.0,0.0,0.0,0.0,0.0,0.0,0.0
WestH6ToSaxonSt.175,2100.0,524_0,0.0,0.0,0.0,2464.0,771_0,56.88,12.93,364.0,2602.65,128.0,5,0.0,171.53,0,tripinfo_WestH6ToSaxonSt.175 emissions_WestH6ToSaxonSt.175,gasoline_euro4,0.98,29837.585582,1006285.987416,158.039749,18.509305,412.425669,320967.401226,0.0
SouthEvansGateToSilbury.118,2124.0,526_0,0.0,0.0,0.0,2465.0,215_1,19.43,13.42,341.0,2430.12,115.0,3,0.0,173.92,0,tripinfo_SouthEvansGateToSilbury.118 emissions_SouthEvansGateToSilbury.118,electric,1.05,0.0,0.0,0.0,0.0,0.0,0.0,0.0
SouthEvansGateToSilbury.121,2178.0,526_0,0.0,0.0,0.0,2467.0,215_1,19.43,13.64,289.0,2410.48,78.0,2,0.0,122.2,0,tripinfo_SouthEvansGateToSilbury.121 emissions_SouthEvansGateToSilbury.121,electric,1.05,0.0,0.0,0.0,0.0,0.0,0.0,0.0
WestH6ToSaxonSt.180,2160.0,524_0,0.0,0.0,0.0,2468.0,771_0,56.88,13.51,308.0,2603.36,79.0,4,0.0,124.15,0,tripinfo_WestH6ToSaxonSt.180 emissions_WestH6ToSaxonSt.180,electric,1.02,0.0,0.0,0.0,0.0,0.0,0.0,0.0
SouthEvansGateToSilbury.126,2268.0,526_0,0.0,0.0,0.0,2468.0,215_1,19.43,14.07,200.0,1460.71,59.0,3,0.0,97.62,0,tripinfo_SouthEvansGateToSilbury.126 emissions_SouthEvansGateToSilbury.126,gasoline_euro4,1.04,16993.99078,594303.493827,90.921492,11.455428,248.16032,189559.422026,0.0
SouthEvansGateToSilbury.125,2250.0,526_0,0.0,0.0,0.0,2470.0,215_1,19.43,13.81,220.0,2430.12,21.0,1,0.0,53.81,0,tripinfo_SouthEvansGateToSilbury.125 emissions_SouthEvansGateToSilbury.125,gasoline_euro4,1.06,10464.677193,657010.795379,62.209441,10.804608,259.001604,209557.572645,0.0
WestH6ToSaxonSt.179,2148.0,524_0,0.0,0.0,0.0,2473.0,771_0,56.88,11.98,325.0,2602.7,79.0,3,0.0,118.33,0,tripinfo_WestH6ToSaxonSt.179 emissions_WestH6ToSaxonSt.179,gasoline_euro4,0.91,21700.457808,847598.665119,117.994636,14.659518,342.843187,270350.990643,0.0
V6ToEastH6.192,2304.0,468_1,0.0,0.0,0.0,2477.0,522_1,56.88,12.97,173.0,2060.88,0.0,0,0.0,19.18,0,tripinfo_V6ToEastH6.192 emissions_V6ToEastH6.192,electric,0.98,0.0,0.0,0.0,0.0,0.0,0.0,0.0
WestH6ToSaxonSt.178,2136.0,524_0,0.0,0.0,0.0,2479.0,771_0,56.88,12.57,343.0,2601.19,93.0,4,0.0,147.5,0,tripinfo_WestH6ToSaxonSt.178 emissions_WestH6ToSaxonSt.178,electric,0.96,0.0,0.0,0.0,0.0,0.0,0.0,0.0
V6ToEastH6.196,2352.0,468_1,0.0,0.0,0.0,2479.0,522_1,56.88,12.2,127.0,1512.23,0.0,0,0.0,13.59,0,tripinfo_V6ToEastH6.196 emissions_V6ToEastH6.196,gasoline_euro4,0.96,3746.418068,344144.516703,24.426357,4.973061,130.896444,109766.69155,0.0
WestA509ToEastH6.58,2088.0,773_1,0.0,0.0,0.0,2481.0,522_1,56.88,14.07,393.0,3057.71,129.0,2,0.0,174.86,0,tripinfo_WestA509ToEastH6.58 emissions_WestA509ToEastH6.58,gasoline_euro4,1.03,31800.948166,1150333.667395,170.619646,21.443914,472.991151,366911.431005,0.0
V6ToEastH6.197,2364.0,468_1,0.0,0.0,0.0,2484.0,522_1,56.88,13.62,120.0,1512.23,0.0,0,0.0,17.41,0,tripinfo_V6ToEastH6.197 emissions_V6ToEastH6.197,electric,1.07,0.0,0.0,0.0,0.0,0.0,0.0,0.0
WestH6ToSaxonSt.177,2124.0,524_0,0.0,0.0,0.0,2487.0,771_0,56.88,10.27,363.0,2602.7,85.0,4,0.0,131.88,0,tripinfo_WestH6ToSaxonSt.177 emissions_WestH6ToSaxonSt.177,gasoline_euro4,0.81,24566.429175,875367.491244,132.03048,15.17858,356.417987,279209.387782,0.0
EastA509ToH6.109,1962.0,770_0,0.0,0.0,0.0,2488.0,522_0,56.88,14.22,526.0,1483.69,373.0,8,0.0,428.47,0,tripinfo_EastA509ToH6.109 emissions_EastA509ToH6.109,electric,1.1,0.0,0.0,0.0,0.0,0.0,0.0,0.0
EastA509ToH6.110,1980.0,770_0,0.0,0.0,0.0,2492.0,522_0,56.88,13.21,512.0,1483.64,347.0,8,0.0,403.63,0,tripinfo_EastA509ToH6.110 emissions_EastA509ToH6.110,gasoline_euro4,0.99,66541.199881,1394396.039675,335.18794,31.296667,613.932666,444769.228711,0.0
V6ToEastH6.194,2328.0,468_1,0.0,0.0,0.0,2496.0,522_1,56.88,14.08,168.0,2060.88,2.0,1,0.0,23.69,0,tripinfo_V6ToEastH6.194 emissions_V6ToEastH6.194,gasoline_euro4,1.04,6136.031495,510050.586876,38.923733,7.973245,197.688428,162682.939937,0.0
WestH6ToSaxonSt.176,2112.0,524_0,0.0,0.0,0.0,2499.0,771_0,56.88,10.19,387.0,2602.68,90.0,4,0.0,137.27,0,tripinfo_WestH6ToSaxonSt.176 emissions_WestH6ToSaxonSt.176,gasoline_euro4,0.75,26433.256267,900238.092166,141.071668,15.660811,368.19753,287142.742709,0.0
WestA509ToEastH6.53,1908.0,773_0,0.0,0.0,0.0,2501.0,522_0,56.88,13.9,593.0,2716.29,331.0,9,0.0,403.32,0,tripinfo_WestA509ToEastH6.53 emissions_WestA509ToEastH6.53,electric,1.03,0.0,0.0,0.0,0.0,0.0,0.0,0.0
EastA509ToH6.111,1998.0,770_0,0.0,0.0,0.0,2507.0,522_0,56.88,11.79,509.0,1483.69,315.0,10,0.0,386.13,0,tripinfo_EastA509ToH6.111 emissions_EastA509ToH6.111,gasoline_euro4,0.87,63829.721052,1334296.362099,321.630846,29.327162,584.349665,425600.08647,0.0
V6ToEastH6.193,2316.0,468_1,0.0,0.0,0.0,2509.0,522_1,56.88,14.05,193.0,2311.67,1.0,1,0.0,31.29,0,tripinfo_V6ToEastH6.193 emissions_V6ToEastH6.193,gasoline_euro4,1.05,7422.694285,597415.403936,46.679987,9.5961,234.017831,190548.129269,0.0
V6ToEastH6.198,2376.0,468_1,0.0,0.0,0.0,2518.0,522_0,56.88,10.96,142.0,1512.23,0.0,0,0.0,13.97,0,tripinfo_V6ToEastH6.198 emissions_V6ToEastH6.198,electric,0.85,0.0,0.0,0.0,0.0,0.0,0.0,0.0
V6ToEastH6.195,2340.0,468_1,0.0,0.0,0.0,2525.0,522_1,56.88,14.17,185.0,2311.67,0.0,0,0.0,25.93,0,tripinfo_V6ToEastH6.195 emissions_V6ToEastH6.195,gasoline_euro4,1.07,7025.159854,601630.929834,44.948943,9.633865,234.67453,191892.484373,0.0
WestA509ToAvebury.87,1566.0,773_0,0.0,0.0,0.0,2527.0,213_0,19.13,13.3,961.0,2277.04,746.0,12,0.0,802.47,0,tripinfo_WestA509ToAvebury.87 emissions_WestA509ToAvebury.87,gasoline_euro4,1.04,133319.470496,2589894.222345,666.698352,59.616634,1148.151908,826100.733807,0.0
EastAveburyToWestA509.228,2138.0,483_1,0.0,0.0,0.0,2529.0,774_2,29.75,13.47,391.0,2246.79,175.0,5,0.0,224.16,0,tripinfo_EastAveburyToWestA509.228 emissions_EastAveburyToWestA509.228,gasoline_euro4,1.0,38892.503161,1105003.097828,202.178496,22.328401,468.407793,352455.926826,0.0
EastAveburyToWestA509.227,2129.0,483_1,0.0,0.0,0.0,2531.0,774_2,29.75,14.86,402.0,2219.47,207.0,7,0.0,256.87,0,tripinfo_EastAveburyToWestA509.227 emissions_EastAveburyToWestA509.227,electric,1.11,0.0,0.0,0.0,0.0,0.0,0.0,0.0
EastAveburyToWestA509.234,2189.0,483_0,0.0,0.0,0.0,2534.0,774_0,29.75,13.3,345.0,2254.69,117.0,5,0.0,173.74,0,tripinfo_EastAveburyToWestA509.234 emissions_EastAveburyToWestA509.234,electric,0.96,0.0,0.0,0.0,0.0,0.0,0.0,0.0
EastAveburyToWestA509.235,2197.0,483_0,0.0,0.0,0.0,2537.0,774_0,29.75,12.62,340.0,2257.77,101.0,4,0.0,164.32,0,tripinfo_EastAveburyToWestA509.235 emissions_EastAveburyToWestA509.235,gasoline_euro4,0.94,27355.845572,887786.292246,144.594546,16.779775,369.248555,283170.484081,0.0
EastAveburyToWestA509.231,2163.0,483_0,0.0,0.0,0.0,2539.0,774_0,29.75,12.44,376.0,2257.77,139.0,5,0.0,198.38,0,tripinfo_EastAveburyToWestA509.231 emissions_EastAveburyToWestA509.231,electric,0.93,0.0,0.0,0.0,0.0,0.0,0.0,0.0
EastAveburyToWestA509.242,2257.0,483_0,0.0,0.0,0.0,2541.0,774_1,29.75,13.37,284.0,2257.79,76.0,5,0.0,123.33,0,tripinfo_EastAveburyToWestA509.242 emissions_EastAveburyToWestA509.242,electric,1.03,0.0,0.0,0.0,0.0,0.0,0.0,0.0
WestH6ToSaxonSt.183,2196.0,524_0,0.0,0.0,0.0,2542.0,771_0,56.88,15.12,346.0,2602.7,131.0,5,0.0,179.28,0,tripinfo_WestH6ToSaxonSt.183 emissions_WestH6ToSaxonSt.183,gasoline_euro4,1.13,31589.558437,1074700.499184,167.908979,21.014195,448.264429,342787.43217,0.0
SouthEvansGateToSilbury.124,2232.0,526_0,0.0,0.0,0.0,2544.0,215_1,19.43,12.59,312.0,2430.19,98.0,2,0.0,129.48,0,tripinfo_SouthEvansGateToSilbury.124 emissions_SouthEvansGateToSilbury.124,electric,0.96,0.0,0.0,0.0,0.0,0.0,0.0,0.0
SouthEvansGateToSilbury.129,2322.0,526_0,0.0,0.0,0.0,2545.0,215_1,19.43,13.01,223.0,1477.52,88.0,2,0.0,115.69,0,tripinfo_SouthEvansGateToSilbury.129 emissions_SouthEvansGateToSilbury.129,electric,0.99,0.0,0.0,0.0,0.0,0.0,0.0,0.0
EastAveburyToWestA509.237,2214.0,483_1,0.0,0.0,0.0,2546.0,774_0,29.75,11.24,332.0,2241.68,77.0,5,0.0,136.71,0,tripinfo_EastAveburyToWestA509.237 emissions_EastAveburyToWestA509.237,electric,0.85,0.0,0.0,0.0,0.0,0.0,0.0,0.0
EastAveburyToWestA509.238,2223.0,483_1,0.0,0.0,0.0,2547.0,774_0,29.75,11.62,324.0,2311.97,74.0,3,0.0,149.06,0,tripinfo_EastAveburyToWestA509.238 emissions_EastAveburyToWestA509.238,gasoline_euro4,0.99,24829.636683,912186.536378,134.167953,17.3659,381.530882,290950.977192,0.0
V6ToEastH6.200,2400.0,468_1,0.0,0.0,0.0,2552.0,522_1,56.88,15.05,152.0,2060.88,0.0,0,0.0,19.22,0,tripinfo_V6ToEastH6.200 emissions_V6ToEastH6.200,gasoline_euro4,1.14,5695.166881,521812.669628,37.286915,8.524592,203.016738,166433.778075,0.0
EastAveburyToWestA509.197,1874.0,483_1,0.0,0.0,0.0,2554.0,774_0,29.75,13.07,680.0,2328.54,418.0,12,0.0,501.94,0,tripinfo_EastAveburyToWestA509.197 emissions_EastAveburyToWestA509.197,electric,0.98,0.0,0.0,0.0,0.0,0.0,0.0,0.0
WestH6ToSaxonSt.181,2172.0,524_0,0.0,0.0,0.0,2554.0,771_0,56.88,12.06,382.0,2602.68,146.0,3,0.0,183.62,0,tripinfo_WestH6ToSaxonSt.181 emissions_WestH6ToSaxonSt.181,gasoline_euro4,0.95,32462.061164,1024880.925286,170.954629,19.419753,425.108648,326899.148498,0.0
WestH6ToSaxonSt.182,2184.0,524_0,0.0,0.0,0.0,2555.0,771_0,56.88,13.77,371.0,2600.78,139.0,5,0.0,205.85,0,tripinfo_WestH6ToSaxonSt.182 emissions_WestH6ToSaxonSt.182,electric,1.14,0.0,0.0,0.0,0.0,0.0,0.0,0.0
EastA509ToH6.113,2034.0,770_0,0.0,0.0,0.0,2556.0,522_0,56.88,13.95,522.0,1483.69,344.0,8,0.0,418.19,0,tripinfo_EastA509ToH6.113 emissions_EastA509ToH6.113,electric,1.03,0.0,0.0,0.0,0.0,0.0,0.0,0.0
WestH6ToSaxonSt.185,2220.0,524_0,0.0,0.0,0.0,2557.0,771_0,56.88,12.46,337.0,2603.36,99.0,4,0.0,143.7,0,tripinfo_WestH6ToSaxonSt.185 emissions_WestH6ToSaxonSt.185,gasoline_euro4,0.97,26176.509097,934164.343651,140.283989,17.528465,386.550082,297961.908632,0.0
EastAveburyToWestA509.236,2206.0,483_0,0.0,0.0,0.0,2558.0,774_0,29.75,12.88,352.0,2341.33,108.0,5,0.0,178.98,0,tripinfo_EastAveburyToWestA509.236 emissions_EastAveburyToWestA509.236,gasoline_euro4,1.0,29870.929791,982397.121189,158.488575,19.059697,411.988184,313346.96644,0.0
WestH6ToSaxonSt.184,2208.0,524_0,0.0,0.0,0.0,2561.0,771_0,56.88,12.67,353.0,2602.68,105.0,3,0.0,157.31,0,tripinfo_WestH6ToSaxonSt.184 emissions_WestH6ToSaxonSt.184,electric,0.96,0.0,0.0,0.0,0.0,0.0,0.0,0.0
WestA509ToEastH6.55,1980.0,773_0,0.0,0.0,0.0,2563.0,522_1,56.88,13.57,583.0,2716.29,309.0,8,0.0,394.29,0,tripinfo_WestA509ToEastH6.55 emissions_WestA509ToEastH6.55,electric,1.04,0.0,0.0,0.0,0.0,0.0,0.0,0.0
WestH6ToSaxonSt.186,2232.0,524_0,0.0,0.0,0.0,2566.0,771_0,56.88,11.59,334.0,2602.68,81.0,2,0.0,123.38,0,tripinfo_WestH6ToSaxonSt.186 emissions_WestH6ToSaxonSt.186,electric,0.89,0.0,0.0,0.0,0.0,0.0,0.0,0.0
EastA509ToH6.112,2016.0,770_0,0.0,0.0,0.0,2568.0,522_0,56.88,9.6,552.0,1483.64,359.0,7,0.0,412.29,0,tripinfo_EastA509ToH6.112 emissions_EastA509ToH6.112,gasoline_euro4,0.77,69417.881721,1413809.576697,349.047164,31.250606,621.465924,450963.247179,0.0
V6ToEastH6.204,2448.0,468_1,0.0,0.0,0.0,2568.0,522_1,56.88,13.11,120.0,1511.92,0.0,0,0.0,11.87,0,tripinfo_V6ToEastH6.204 emissions_V6ToEastH6.204,electric,1.01,0.0,0.0,0.0,0.0,0.0,0.0,0.0
WestA509ToAvebury.49,882.0,773_0,0.0,0.0,0.0,2569.0,213_1,19.13,10.2,1687.0,2332.42,1266.0,31,0.0,1465.91,0,tripinfo_WestA509ToAvebury.49 emissions_WestA509ToAvebury.49,gasoline_euro4,0.76,239548.247165,4251872.969061,1190.189869,100.390825,1910.02501,1356233.440645,0.0
V6ToEastH6.199,2388.0,468_1,0.0,0.0,0.0,2571.0,522_1,56.88,13.94,183.0,2031.44,9.0,2,0.0,39.27,0,tripinfo_V6ToEastH6.199 emissions_V6ToEastH6.199,gasoline_euro4,1.03,8423.815285,557445.135025,50.247938,8.904969,217.97891,177800.452519,0.0
V6ToEastH6.201,2412.0,468_1,0.0,0.0,0.0,2573.0,522_1,56.88,14.69,161.0,2060.88,0.0,0,0.0,27.89,0,tripinfo_V6ToEastH6.201 emissions_V6ToEastH6.201,gasoline_euro4,1.13,6373.274853,530888.148417,40.61583,8.873651,209.807724,169328.472904,0.0
WestA509ToAvebury.53,954.0,773_0,0.0,0.0,0.0,2574.0,213_0,19.13,12.81,1620.0,2287.98,1242.0,29,0.0,1443.83,0,tripinfo_WestA509ToAvebury.53 emissions_WestA509ToAvebury.53,gasoline_euro4,0.94,234175.927132,4183078.966575,1163.716964,99.108833,1878.199176,1334288.826875,0.0
EastA509ToH6.115,2070.0,770_0,0.0,0.0,0.0,2580.0,522_0,56.88,10.96,510.0,1483.69,302.0,9,0.0,388.13,0,tripinfo_EastA509ToH6.115 emissions_EastA509ToH6.115,gasoline_euro4,0.88,63342.64863,1333756.960195,319.508415,29.619937,586.713949,425427.351334,0.0
V6ToEastH6.205,2460.0,468_1,0.0,0.0,0.0,2582.0,522_1,56.88,13.21,122.0,1512.23,0.0,0,0.0,13.01,0,tripinfo_V6ToEastH6.205 emissions_V6ToEastH6.205,gasoline_euro4,1.0,3633.095456,360834.970648,23.959538,5.091569,135.74932,115090.132036,0.0
WestA509ToEastH6.57,2055.0,773_0,0.0,0.0,3.0,2588.0,522_1,56.88,13.47,533.0,2714.48,244.0,10,0.0,344.05,0,tripinfo_WestA509ToEastH6.57 emissions_WestA509ToEastH6.57,gasoline_euro4,1.04,57085.299411,1493010.708522,293.886461,30.8587,637.697863,476218.358849,0.0
WestA509ToEastH6.46,1656.0,773_0,0.0,0.0,0.0,2589.0,522_0,56.88,11.04,933.0,2704.64,614.0,13,0.0,706.76,0,tripinfo_WestA509ToEastH6.46 emissions_WestA509ToEastH6.46,electric,0.86,0.0,0.0,0.0,0.0,0.0,0.0,0.0
WestA509ToEastH6.42,1512.0,773_0,0.0,0.0,0.0,2598.0,522_1,56.88,12.46,1086.0,2720.9,768.0,14,0.0,882.8,0,tripinfo_WestA509ToEastH6.42 emissions_WestA509ToEastH6.42,gasoline_euro4,0.97,144321.819943,2864370.058132,723.288931,65.092294,1266.325119,913649.451573,0.0
EastAveburyToWestA509.239,2231.0,483_1,0.0,0.0,0.0,2601.0,774_0,29.75,13.53,370.0,2311.97,146.0,4,0.0,199.02,0,tripinfo_EastAveburyToWestA509.239 emissions_EastAveburyToWestA509.239,electric,1.01,0.0,0.0,0.0,0.0,0.0,0.0,0.0
EastAveburyToWestA509.240,2240.0,483_1,0.0,0.0,0.0,2603.0,774_0,29.75,16.73,363.0,2238.63,158.0,6,0.0,233.48,0,tripinfo_EastAveburyToWestA509.240 emissions_EastAveburyToWestA509.240,electric,1.27,0.0,0.0,0.0,0.0,0.0,0.0,0.0
EastSilburyToEastAvebury.26,816.0,317_1,0.0,0.0,0.0,2611.0,213_0,19.13,16.28,1795.0,3019.42,1448.0,27,0.0,1620.36,0,tripinfo_EastSilburyToEastAvebury.26 emissions_EastSilburyToEastAvebury.26,gasoline_euro4,1.26,264897.35608,4863788.929589,1318.910458,115.731961,2180.415285,1551411.746707,0.0
EastAveburyToWestA509.241,2248.0,483_1,0.0,0.0,0.0,2617.0,774_1,29.75,11.74,369.0,2240.45,143.0,5,0.0,191.17,0,tripinfo_EastAveburyToWestA509.241 emissions_EastAveburyToWestA509.241,electric,0.93,0.0,0.0,0.0,0.0,0.0,0.0,0.0
V6ToEastH6.208,2496.0,468_1,0.0,0.0,0.0,2618.0,522_1,56.88,14.94,122.0,1512.23,0.0,0,0.0,23.34,0,tripinfo_V6ToEastH6.208 emissions_V6ToEastH6.208,gasoline_euro4,1.11,4998.253999,397102.058903,31.225895,6.557393,156.195388,126657.180857,0.0
EastAveburyToWestA509.244,2274.0,483_1,0.0,0.0,0.0,2619.0,774_0,29.75,11.74,345.0,2238.9,112.0,8,0.0,168.47,0,tripinfo_EastAveburyToWestA509.244 emissions_EastAveburyToWestA509.244,gasoline_euro4,0.93,29113.458339,914773.808018,153.435252,17.297118,380.550891,291779.109333,0.0
WestA509ToAvebury.51,918.0,773_0,0.0,0.0,0.0,2620.0,213_0,19.13,13.09,1702.0,2273.84,1366.0,29,0.0,1533.9,0,tripinfo_WestA509ToAvebury.51 emissions_WestA509ToAvebury.51,gasoline_euro4,0.99,249734.865342,4446852.827162,1240.811448,106.12849,2001.84083,1418425.128247,0.0
WestA509ToAvebury.45,810.0,773_0,0.0,0.0,0.0,2622.0,213_0,19.13,15.49,1812.0,2288.57,1498.0,24,0.0,1662.82,0,tripinfo_WestA509ToAvebury.45 emissions_WestA509ToAvebury.45,gasoline_euro4,1.12,270261.562362,4788549.33468,1341.816279,114.842512,2156.216961,1527417.299458,0.0
EastAveburyToWestA509.245,2282.0,483_1,0.0,0.0,0.0,2624.0,774_0,29.75,11.72,342.0,2238.62,89.0,7,0.0,152.44,0,tripinfo_EastAveburyToWestA509.245 emissions_EastAveburyToWestA509.245,gasoline_euro4,0.87,26432.721991,868951.804257,140.31328,16.008417,359.749646,277163.245479,0.0
EastAveburyToWestA509.246,2291.0,483_1,0.0,0.0,0.0,2625.0,774_1,29.75,12.11,334.0,2241.7,81.0,4,0.0,153.52,0,tripinfo_EastAveburyToWestA509.246 emissions_EastAveburyToWestA509.246,gasoline_euro4,0.92,26201.140907,891545.087934,139.694593,16.755755,371.216663,284368.679182,0.0
EastAveburyToWestA509.248,2308.0,483_0,0.0,0.0,0.0,2626.0,774_1,29.75,14.07,318.0,2257.79,114.0,5,0.0,172.9,0,tripinfo_EastAveburyToWestA509.248 emissions_EastAveburyToWestA509.248,gasoline_euro4,1.13,29619.826141,987962.108743,157.322385,19.773987,416.636273,315121.048006,0.0
EastSilburyToEastAvebury.70,1520.0,317_0,0.0,0.0,0.0,2628.0,213_0,19.13,9.96,1108.0,680.87,967.0,17,0.0,1041.06,0,tripinfo_EastSilburyToEastAvebury.70 emissions_EastSilburyToEastAvebury.70,electric,0.76,0.0,0.0,0.0,0.0,0.0,0.0,0.0
EastAveburyToWestA509.247,2299.0,483_1,0.0,0.0,0.0,2628.0,774_0,29.75,11.9,329.0,2241.69,90.0,5,0.0,146.78,0,tripinfo_EastAveburyToWestA509.247 emissions_EastAveburyToWestA509.247,gasoline_euro4,0.91,26446.693437,888611.845143,140.932117,16.864699,371.173209,283433.106688,0.0
EastAveburyToWestA509.229,2146.0,483_1,0.0,0.0,0.0,2629.0,774_1,29.75,13.04,483.0,2218.37,268.0,6,0.0,315.31,0,tripinfo_EastAveburyToWestA509.229 emissions_EastAveburyToWestA509.229,gasoline_euro4,0.96,53698.723061,1295870.948442,274.030363,27.127414,556.010206,413339.930342,0.0
EastAveburyToWestA509.252,2342.0,483_0,0.0,0.0,0.0,2631.0,774_0,29.75,12.6,289.0,2257.8,69.0,3,0.0,116.62,0,tripinfo_EastAveburyToWestA509.252 emissions_EastAveburyToWestA509.252,electric,0.96,0.0,0.0,0.0,0.0,0.0,0.0,0.0
SouthEvansGateToSilbury.128,2304.0,526_0,0.0,0.0,0.0,2632.0,215_1,19.43,13.23,328.0,2430.19,117.0,2,0.0,152.57,0,tripinfo_SouthEvansGateToSilbury.128 emissions_SouthEvansGateToSilbury.128,electric,1.0,0.0,0.0,0.0,0.0,0.0,0.0,0.0
V6ToEastH6.202,2424.0,468_1,0.0,0.0,0.0,2632.0,522_0,56.88,10.08,208.0,2060.88,0.0,0,0.0,24.84,0,tripinfo_V6ToEastH6.202 emissions_V6ToEastH6.202,electric,0.82,0.0,0.0,0.0,0.0,0.0,0.0,0.0
SouthEvansGateToSilbury.130,2340.0,526_0,0.0,0.0,0.0,2634.0,215_1,19.43,13.15,294.0,2430.2,81.0,2,0.0,120.36,0,tripinfo_SouthEvansGateToSilbury.130 emissions_SouthEvansGateToSilbury.130,electric,1.01,0.0,0.0,0.0,0.0,0.0,0.0,0.0
V6ToEastH6.203,2436.0,468_1,0.0,0.0,0.0,2635.0,522_1,56.88,12.24,199.0,2060.88,4.0,2,0.0,31.09,0,tripinfo_V6ToEastH6.203 emissions_V6ToEastH6.203,gasoline_euro4,0.89,7486.759354,531675.992247,46.079908,7.930087,206.474259,169581.540013,0.0
SouthEvansGateToSilbury.133,2394.0,526_0,0.0,0.0,0.0,2636.0,215_1,19.43,13.19,242.0,1477.52,97.0,2,0.0,131.81,0,tripinfo_SouthEvansGateToSilbury.133 emissions_SouthEvansGateToSilbury.133,gasoline_euro4,0.97,23406.968517,701124.643266,122.730784,14.163077,298.069355,223632.51774,0.0
V6ToEastH6.209,2508.0,468_1,0.0,0.0,0.0,2637.0,522_1,56.88,12.87,129.0,1512.23,0.0,0,0.0,19.93,0,tripinfo_V6ToEastH6.209 emissions_V6ToEastH6.209,gasoline_euro4,1.0,4479.687331,372157.565691,28.589336,5.846826,145.557625,118701.269025,0.0
WestH6ToSaxonSt.192,2304.0,524_0,0.0,0.0,0.0,2638.0,771_0,56.88,13.14,334.0,2603.34,100.0,4,0.0,149.42,0,tripinfo_WestH6ToSaxonSt.192 emissions_WestH6ToSaxonSt.192,electric,1.02,0.0,0.0,0.0,0.0,0.0,0.0,0.0
SouthEvansGateToSilbury.131,2358.0,526_0,0.0,0.0,0.0,2639.0,215_1,19.43,12.31,281.0,2430.12,59.0,1,0.0,92.97,0,tripinfo_SouthEvansGateToSilbury.131 emissions_SouthEvansGateToSilbury.131,gasoline_euro4,0.93,17454.142808,750293.807228,96.398311,12.906406,302.50008,239313.505568,0.0
EastA509ToH6.95,1710.0,770_0,0.0,0.0,0.0,2640.0,522_0,56.88,12.42,930.0,2393.66,681.0,13,0.0,752.9,0,tripinfo_EastA509ToH6.95 emissions_EastA509ToH6.95,gasoline_euro4,0.98,125661.329475,2529521.974087,630.954106,57.705689,1120.092906,806841.408684,0.0
SouthEvansGateToSilbury.127,2286.0,526_0,0.0,0.0,0.0,2641.0,215_1,19.43,11.97,355.0,2410.44,128.0,4,0.0,170.24,0,tripinfo_SouthEvansGateToSilbury.127 emissions_SouthEvansGateToSilbury.127,electric,0.95,0.0,0.0,0.0,0.0,0.0,0.0,0.0
EastAveburyToWestA509.232,2172.0,483_1,0.0,0.0,0.0,2642.0,774_1,29.75,11.84,470.0,2218.32,223.0,6,0.0,284.32,0,tripinfo_EastAveburyToWestA509.232 emissions_EastAveburyToWestA509.232,electric,0.86,0.0,0.0,0.0,0.0,0.0,0.0,0.0
WestH6ToSaxonSt.188,2256.0,524_0,0.0,0.0,0.0,2642.0,771_0,56.88,12.6,386.0,2600.53,139.0,4,0.0,179.48,0,tripinfo_WestH6ToSaxonSt.188 emissions_WestH6ToSaxonSt.188,gasoline_euro4,0.91,31869.122097,1001210.754069,167.938759,18.803664,415.105986,319349.504514,0.0
WestH6ToSaxonSt.189,2268.0,524_0,0.0,0.0,0.0,2644.0,771_0,56.88,13.36,376.0,2602.7,132.0,4,0.0,182.84,0,tripinfo_WestH6ToSaxonSt.189 emissions_WestH6ToSaxonSt.189,gasoline_euro4,0.97,31766.688172,1040098.263987,168.287021,19.887169,433.348122,331751.902036,0.0
SouthEvansGateToSilbury.132,2376.0,526_0,0.0,0.0,0.0,2645.0,215_1,19.43,10.91,269.0,1460.71,104.0,4,0.0,135.01,0,tripinfo_SouthEvansGateToSilbury.132 emissions_SouthEvansGateToSilbury.132,gasoline_euro4,0.79,23887.542051,660474.113542,124.049769,12.620261,277.054422,210668.482385,0.0
EastAveburyToWestA509.233,2180.0,483_1,0.0,0.0,0.0,2646.0,774_1,29.75,11.59,466.0,2218.4,211.0,4,0.0,277.14,0,tripinfo_EastAveburyToWestA509.233 emissions_EastAveburyToWestA509.233,gasoline_euro4,0.85,46850.143523,1179733.512031,240.529378,23.589496,500.514949,376295.893505,0.0
WestH6ToSaxonSt.190,2280.0,524_0,0.0,0.0,0.0,2646.0,771_0,56.88,13.48,366.0,2602.65,124.0,4,0.0,179.96,0,tripinfo_WestH6ToSaxonSt.190 emissions_WestH6ToSaxonSt.190,gasoline_euro4,1.01,31199.585023,1047436.174272,165.957076,20.239764,437.3377,334091.685362,0.0
EastA509ToH6.114,2052.0,770_0,0.0,0.0,0.0,2647.0,522_0,56.88,12.48,595.0,1483.69,405.0,8,0.0,479.17,0,tripinfo_EastA509ToH6.114 emissions_EastA509ToH6.114,gasoline_euro4,0.92,78784.870139,1598928.795256,395.984936,36.190416,707.272704,510010.044584,0.0
SouthEvansGateToSilbury.137,2466.0,526_0,0.0,0.0,0.0,2647.0,215_1,19.43,12.95,181.0,1460.75,40.0,3,0.0,74.86,0,tripinfo_SouthEvansGateToSilbury.137 emissions_SouthEvansGateToSilbury.137,gasoline_euro4,1.0,12895.181102,507721.959781,70.291836,9.179592,208.264586,161942.983692,0.0
WestH6ToSaxonSt.194,2328.0,524_0,0.0,0.0,0.0,2652.0,771_0,56.88,11.51,324.0,2602.7,73.0,2,0.0,113.17,0,tripinfo_WestH6ToSaxonSt.194 emissions_WestH6ToSaxonSt.194,gasoline_euro4,0.89,21105.758291,841876.085017,115.354737,14.61013,341.366359,268525.355803,0.0
WestH6ToSaxonSt.195,2340.0,524_0,0.0,0.0,0.0,2654.0,771_0,56.88,12.36,314.0,2603.36,72.0,2,0.0,120.17,0,tripinfo_WestH6ToSaxonSt.195 emissions_WestH6ToSaxonSt.195,electric,0.97,0.0,0.0,0.0,0.0,0.0,0.0,0.0
V6ToEastH6.211,2532.0,468_1,0.0,0.0,0.0,2655.0,522_1,56.88,12.98,123.0,1512.23,0.0,0,0.0,14.39,0,tripinfo_V6ToEastH6.211 emissions_V6ToEastH6.211,gasoline_euro4,1.01,3974.753942,360613.948062,26.009829,5.520161,139.516776,115019.363015,0.0
WestH6ToSaxonSt.193,2316.0,524_0,0.0,0.0,0.0,2656.0,771_0,56.88,14.97,340.0,2600.58,92.0,5,0.0,170.91,0,tripinfo_WestH6ToSaxonSt.193 emissions_WestH6ToSaxonSt.193,gasoline_euro4,1.11,27695.795908,1019151.034324,149.158206,19.601706,424.693882,325068.163052,0.0
WestH6ToSaxonSt.191,2292.0,524_0,0.0,0.0,0.0,2660.0,771_0,56.88,12.23,368.0,2603.34,107.0,3,0.0,168.2,0,tripinfo_WestH6ToSaxonSt.191 emissions_WestH6ToSaxonSt.191,gasoline_euro4,0.94,28425.601591,969913.779795,151.581207,18.025741,401.48698,309365.526678,0.0
WestA509ToAvebury.80,1443.0,773_0,0.0,0.0,3.0,2662.0,213_0,19.13,12.61,1219.0,2287.98,913.0,23,0.0,1043.33,0,tripinfo_WestA509ToAvebury.80 emissions_WestA509ToAvebury.80,electric,0.95,0.0,0.0,0.0,0.0,0.0,0.0,0.0
WestH6ToSaxonSt.187,2244.0,524_0,0.0,0.0,0.0,2665.0,771_0,56.88,10.37,421.0,2602.68,142.0,5,0.0,194.58,0,tripinfo_WestH6ToSaxonSt.187 emissions_WestH6ToSaxonSt.187,gasoline_euro4,0.83,34681.890869,1064076.142322,182.537443,20.086275,444.342735,339401.527108,0.0
WestA509ToEastH6.66,2376.0,773_0,0.0,0.0,0.0,2675.0,522_0,56.88,11.24,299.0,2762.5,16.0,2,0.0,52.4,0,tripinfo_WestA509ToEastH6.66 emissions_WestA509ToEastH6.66,gasoline_euro4,0.81,12355.075591,718511.982003,72.719135,10.670083,280.677206,229175.450247,0.0
V6ToEastH6.206,2472.0,468_1,0.0,0.0,0.0,2675.0,522_1,56.88,13.06,203.0,2031.44,12.0,1,0.0,51.78,0,tripinfo_V6ToEastH6.206 emissions_V6ToEastH6.206,gasoline_euro4,0.98,9098.934641,549008.659684,53.73844,9.060597,218.976044,175109.720792,0.0
V6ToEastH6.212,2544.0,468_1,0.0,0.0,0.0,2678.0,522_1,56.88,12.61,134.0,1512.23,1.0,1,0.0,23.73,0,tripinfo_V6ToEastH6.212 emissions_V6ToEastH6.212,gasoline_euro4,0.99,5378.296289,403304.392713,33.486398,6.512503,159.022533,128635.830867,0.0
EastA509ToH6.85,1530.0,770_0,0.0,0.0,0.0,2688.0,522_0,56.88,12.07,1158.0,2408.85,818.0,15,0.0,960.51,0,tripinfo_EastA509ToH6.85 emissions_EastA509ToH6.85,electric,0.88,0.0,0.0,0.0,0.0,0.0,0.0,0.0
EastA509ToH6.106,1908.0,770_0,0.0,0.0,0.0,2690.0,522_0,56.88,16.15,782.0,3289.49,461.0,10,0.0,592.11,0,tripinfo_EastA509ToH6.106 emissions_EastA509ToH6.106,gasoline_euro4,1.26,94293.711641,2257365.373634,481.449578,49.123737,980.653079,720023.124307,0.0
V6ToEastH6.207,2484.0,468_1,0.0,0.0,0.0,2693.0,522_0,56.88,10.44,209.0,2060.88,1.0,1,0.0,23.08,0,tripinfo_V6ToEastH6.207 emissions_V6ToEastH6.207,gasoline_euro4,0.81,6625.690534,473771.097882,40.986452,6.660007,182.465095,151112.762388,0.0
EastA509ToH6.86,1548.0,770_0,0.0,0.0,0.0,2694.0,522_1,56.88,13.97,1146.0,3322.55,764.0,20,0.0,914.21,0,tripinfo_EastA509ToH6.86 emissions_EastA509ToH6.86,electric,1.04,0.0,0.0,0.0,0.0,0.0,0.0,0.0
EastAveburyToWestA509.249,2316.0,483_1,0.0,0.0,0.0,2694.0,774_0,29.75,12.35,378.0,2311.97,145.0,4,0.0,197.27,0,tripinfo_EastAveburyToWestA509.249 emissions_EastAveburyToWestA509.249,electric,0.96,0.0,0.0,0.0,0.0,0.0,0.0,0.0
V6ToEastH6.210,2520.0,468_1,0.0,0.0,0.0,2695.0,522_1,56.88,15.96,175.0,2060.88,0.0,0,0.0,44.5,0,tripinfo_V6ToEastH6.210 emissions_V6ToEastH6.210,electric,1.15,0.0,0.0,0.0,0.0,0.0,0.0,0.0
EastA509ToH6.88,1584.0,770_0,0.0,0.0,0.0,2697.0,522_1,56.88,16.51,1113.0,3322.55,722.0,21,0.0,910.55,0,tripinfo_EastA509ToH6.88 emissions_EastA509ToH6.88,gasoline_euro4,1.19,146000.484973,3112856.005739,736.877636,70.635286,1373.550604,992902.397575,0.0
EastAveburyToWestA509.256,2376.0,483_1,0.0,0.0,0.0,2704.0,774_0,29.75,14.03,328.0,2241.69,101.0,5,0.0,174.39,0,tripinfo_EastAveburyToWestA509.256 emissions_EastAveburyToWestA509.256,electric,1.08,0.0,0.0,0.0,0.0,0.0,0.0,0.0
EastAveburyToWestA509.257,2384.0,483_1,0.0,0.0,0.0,2707.0,774_1,29.75,12.02,323.0,2240.45,94.0,6,0.0,141.83,0,tripinfo_EastAveburyToWestA509.257 emissions_EastAveburyToWestA509.257,electric,0.91,0.0,0.0,0.0,0.0,0.0,0.0,0.0
EastSilburyToEastAvebury.76,1616.0,317_0,0.0,0.0,0.0,2708.0,213_0,19.13,10.15,1092.0,680.87,946.0,21,0.0,1029.54,0,tripinfo_EastSilburyToEastAvebury.76 emissions_EastSilburyToEastAvebury.76,electric,0.81,0.0,0.0,0.0,0.0,0.0,0.0,0.0
EastAveburyToWestA509.259,2401.0,483_1,0.0,0.0,0.0,2710.0,774_0,29.75,13.2,309.0,2238.63,79.0,4,0.0,136.34,0,tripinfo_EastAveburyToWestA509.259 emissions_EastAveburyToWestA509.259,gasoline_euro4,0.96,23431.934831,856294.913214,126.074459,15.963885,354.618923,273124.304241,0.0
EastSilburyToEastAvebury.32,912.0,317_0,0.0,0.0,0.0,2712.0,213_0,19.13,11.38,1800.0,680.89,1609.0,24,0.0,1742.45,0,tripinfo_EastSilburyToEastAvebury.32 emissions_EastSilburyToEastAvebury.32,gasoline_euro4,0.88,283935.909683,4707986.83847,1403.291239,116.258213,2148.084395,1501727.587795,0.0
WestH6ToSaxonSt.202,2424.0,524_0,0.0,0.0,0.0,2715.0,771_0,56.88,16.91,291.0,2601.42,92.0,3,0.0,145.63,0,tripinfo_WestH6ToSaxonSt.202 emissions_WestH6ToSaxonSt.202,gasoline_euro4,1.3,26123.225565,1011305.902198,141.74307,20.118459,421.283192,322564.486289,0.0
EastAveburyToWestA509.260,2410.0,483_0,0.0,0.0,0.0,2718.0,774_0,29.75,11.75,308.0,2264.2,79.0,3,0.0,119.3,0,tripinfo_EastAveburyToWestA509.260 emissions_EastAveburyToWestA509.260,gasoline_euro4,0.88,21796.924849,803793.693998,117.506151,14.186256,327.673604,256379.331525,0.0
SouthEvansGateToSilbury.134,2412.0,526_0,0.0,0.0,0.0,2720.0,215_1,19.43,13.41,308.0,2430.12,106.0,2,0.0,142.67,0,tripinfo_SouthEvansGateToSilbury.134 emissions_SouthEvansGateToSilbury.134,electric,1.06,0.0,0.0,0.0,0.0,0.0,0.0,0.0
WestH6ToSaxonSt.196,2352.0,524_0,0.0,0.0,0.0,2721.0,771_0,56.88,13.66,369.0,2600.56,142.0,4,0.0,190.54,0,tripinfo_WestH6ToSaxonSt.196 emissions_WestH6ToSaxonSt.196,gasoline_euro4,1.06,33183.056014,1060260.127379,174.859902,20.724674,442.911313,338182.787822,0.0
WestH6ToSaxonSt.200,2400.0,524_0,0.0,0.0,0.0,2722.0,771_0,56.88,15.57,322.0,2600.55,108.0,4,0.0,155.71,0,tripinfo_WestH6ToSaxonSt.200 emissions_WestH6ToSaxonSt.200,electric,1.13,0.0,0.0,0.0,0.0,0.0,0.0,0.0
SouthEvansGateToSilbury.138,2484.0,526_0,0.0,0.0,0.0,2723.0,215_1,19.43,13.29,239.0,1477.59,103.0,3,0.0,132.17,0,tripinfo_SouthEvansGateToSilbury.138 emissions_SouthEvansGateToSilbury.138,gasoline_euro4,1.0,23126.44926,691511.404963,120.831759,13.559468,289.802742,220566.799338,0.0
SouthEvansGateToSilbury.135,2430.0,526_0,0.0,0.0,0.0,2725.0,215_1,19.43,15.87,295.0,2430.12,93.0,3,0.0,141.0,0,tripinfo_SouthEvansGateToSilbury.135 emissions_SouthEvansGateToSilbury.135,gasoline_euro4,1.14,25068.839686,941341.674504,135.184048,18.221193,390.552162,300249.736459,0.0
EastAveburyToWestA509.258,2393.0,483_0,0.0,0.0,0.0,2727.0,774_0,29.75,10.1,334.0,2254.72,92.0,2,0.0,127.6,0,tripinfo_EastAveburyToWestA509.258 emissions_EastAveburyToWestA509.258,electric,0.8,0.0,0.0,0.0,0.0,0.0,0.0,0.0
SouthEvansGateToSilbury.136,2448.0,526_0,0.0,0.0,0.0,2728.0,215_1,19.43,12.02,280.0,2430.19,61.0,1,0.0,88.99,0,tripinfo_SouthEvansGateToSilbury.136 emissions_SouthEvansGateToSilbury.136,gasoline_euro4,0.92,17078.535424,735041.391234,94.355871,12.494517,295.341234,234448.779926,0.0
V6ToEastH6.214,2568.0,468_1,0.0,0.0,0.0,2728.0,522_1,56.88,13.68,160.0,2060.88,0.0,0,0.0,16.65,0,tripinfo_V6ToEastH6.214 emissions_V6ToEastH6.214,gasoline_euro4,1.05,4959.493585,480511.329504,32.806024,7.284247,184.096216,153261.024888,0.0
SouthEvansGateToSilbury.141,2538.0,526_0,0.0,0.0,0.0,2729.0,215_1,19.43,14.15,191.0,1460.75,60.0,3,0.0,100.4,0,tripinfo_SouthEvansGateToSilbury.141 emissions_SouthEvansGateToSilbury.141,gasoline_euro4,1.17,17472.636067,615709.877113,93.41303,12.11407,257.565736,196386.872413,0.0
EastAveburyToWestA509.243,2265.0,483_1,0.0,0.0,0.0,2730.0,774_1,29.75,10.73,465.0,2218.32,221.0,8,0.0,275.53,0,tripinfo_EastAveburyToWestA509.243 emissions_EastAveburyToWestA509.243,gasoline_euro4,0.85,47079.612282,1177233.400114,241.677652,23.871056,501.907088,375498.245014,0.0
EastAveburyToWestA509.264,2444.0,483_0,0.0,0.0,0.0,2732.0,774_0,29.75,12.06,288.0,2338.3,59.0,4,0.0,106.24,0,tripinfo_EastAveburyToWestA509.264 emissions_EastAveburyToWestA509.264,electric,0.95,0.0,0.0,0.0,0.0,0.0,0.0,0.0
WestH6ToSaxonSt.197,2364.0,524_0,0.0,0.0,0.0,2733.0,771_0,56.88,13.13,369.0,2602.65,130.0,5,0.0,175.65,0,tripinfo_WestH6ToSaxonSt.197 emissions_WestH6ToSaxonSt.197,gasoline_euro4,0.97,31099.74426,1018322.185262,164.586677,19.447531,423.486179,324806.210072,0.0
WestH6ToSaxonSt.198,2376.0,524_0,0.0,0.0,0.0,2734.0,771_0,56.88,14.41,358.0,2601.42,124.0,4,0.0,192.07,0,tripinfo_WestH6ToSaxonSt.198 emissions_WestH6ToSaxonSt.198,gasoline_euro4,1.13,31739.514813,1069568.962386,169.057399,21.093862,449.312137,341150.612743,0.0
EastAveburyToWestA509.263,2435.0,483_0,0.0,0.0,0.0,2734.0,774_0,29.75,11.79,299.0,2338.31,61.0,4,0.0,114.78,0,tripinfo_EastAveburyToWestA509.263 emissions_EastAveburyToWestA509.263,gasoline_euro4,0.94,21034.754198,837557.780056,115.111546,15.229285,345.242406,267147.118682,0.0
WestH6ToSaxonSt.199,2388.0,524_0,0.0,0.0,0.0,2737.0,771_0,56.88,13.71,349.0,2602.68,109.0,3,0.0,167.03,0,tripinfo_WestH6ToSaxonSt.199 emissions_WestH6ToSaxonSt.199,gasoline_euro4,1.03,28229.616823,995516.737429,150.967375,18.856806,412.801438,317530.906862,0.0
WestH6ToSaxonSt.201,2412.0,524_0,0.0,0.0,0.0,2742.0,771_0,56.88,11.98,330.0,2601.44,78.0,4,0.0,127.46,0,tripinfo_WestH6ToSaxonSt.201 emissions_WestH6ToSaxonSt.201,electric,0.93,0.0,0.0,0.0,0.0,0.0,0.0,0.0
WestH6ToSaxonSt.205,2460.0,524_0,0.0,0.0,0.0,2744.0,771_0,56.88,15.22,284.0,2602.65,63.0,3,0.0,119.06,0,tripinfo_WestH6ToSaxonSt.205 emissions_WestH6ToSaxonSt.205,electric,1.14,0.0,0.0,0.0,0.0,0.0,0.0,0.0
V6ToEastH6.218,2616.0,468_1,0.0,0.0,0.0,2746.0,522_1,56.88,12.8,130.0,1512.23,0.0,0,0.0,14.86,0,tripinfo_V6ToEastH6.218 emissions_V6ToEastH6.218,electric,0.95,0.0,0.0,0.0,0.0,0.0,0.0,0.0
V6ToEastH6.213,2556.0,468_1,0.0,0.0,0.0,2748.0,522_1,56.88,12.7,192.0,2031.44,16.0,1,0.0,38.79,0,tripinfo_V6ToEastH6.213 emissions_V6ToEastH6.213,gasoline_euro4,0.96,8225.909453,526959.639591,48.835005,8.154465,204.919084,168077.425438,0.0
V6ToEastH6.215,2580.0,468_1,0.0,0.0,0.0,2751.0,522_1,56.88,12.73,171.0,2060.88,0.0,0,0.0,20.89,0,tripinfo_V6ToEastH6.215 emissions_V6ToEastH6.215,electric,1.0,0.0,0.0,0.0,0.0,0.0,0.0,0.0
V6ToEastH6.220,2640.0,468_1,0.0,0.0,0.0,2765.0,522_1,56.88,12.65,125.0,1512.23,0.0,0,0.0,13.54,0,tripinfo_V6ToEastH6.220 emissions_V6ToEastH6.220,electric,0.98,0.0,0.0,0.0,0.0,0.0,0.0,0.0
WestA509ToAvebury.95,1710.0,773_0,0.0,0.0,0.0,2788.0,213_0,19.13,14.43,1078.0,2286.89,834.0,16,0.0,920.97,0,tripinfo_WestA509ToAvebury.95 emissions_WestA509ToAvebury.95,gasoline_euro4,1.06,151426.777444,2910631.59498,757.080803,67.742403,1297.036493,928406.706781,0.0
WestA509ToAvebury.61,1098.0,773_0,0.0,0.0,0.0,2791.0,213_0,19.13,12.05,1693.0,2323.29,1377.0,24,0.0,1515.86,0,tripinfo_WestA509ToAvebury.61 emissions_WestA509ToAvebury.61,gasoline_euro4,0.96,247243.623049,4411072.336469,1228.331529,104.63257,1981.097592,1407012.570141,0.0
V6ToEastH6.217,2604.0,468_1,0.0,0.0,0.0,2792.0,522_1,56.88,12.73,188.0,2060.24,0.0,0,0.0,25.01,0,tripinfo_V6ToEastH6.217 emissions_V6ToEastH6.217,electric,0.92,0.0,0.0,0.0,0.0,0.0,0.0,0.0
EastAveburyToWestA509.275,2537.0,483_0,0.0,0.0,0.0,2798.0,774_0,29.75,12.03,261.0,2257.78,46.0,2,0.0,76.68,0,tripinfo_EastAveburyToWestA509.275 emissions_EastAveburyToWestA509.275,gasoline_euro4,0.89,15173.096588,683050.892454,84.642083,11.356656,273.496822,217865.710163,0.0
WestA509ToAvebury.118,2124.0,773_0,0.0,0.0,0.0,2800.0,213_0,19.13,10.75,676.0,2288.7,402.0,16,0.0,484.83,0,tripinfo_WestA509ToAvebury.118 emissions_WestA509ToAvebury.118,electric,0.87,0.0,0.0,0.0,0.0,0.0,0.0,0.0
EastAveburyToWestA509.265,2452.0,483_1,0.0,0.0,0.0,2802.0,774_0,29.75,12.16,350.0,2311.97,95.0,3,0.0,156.4,0,tripinfo_EastAveburyToWestA509.265 emissions_EastAveburyToWestA509.265,electric,0.89,0.0,0.0,0.0,0.0,0.0,0.0,0.0
WestA509ToAvebury.58,1047.0,773_0,0.0,0.0,3.0,2803.0,213_0,19.13,11.42,1756.0,2318.28,1390.0,30,0.0,1560.63,0,tripinfo_WestA509ToAvebury.58 emissions_WestA509ToAvebury.58,electric,0.86,0.0,0.0,0.0,0.0,0.0,0.0,0.0
V6ToEastH6.223,2676.0,468_1,0.0,0.0,0.0,2805.0,522_1,56.88,12.12,129.0,1512.23,0.0,0,0.0,15.76,0,tripinfo_V6ToEastH6.223 emissions_V6ToEastH6.223,electric,0.96,0.0,0.0,0.0,0.0,0.0,0.0,0.0
WestH6ToSaxonSt.204,2448.0,524_0,0.0,0.0,0.0,2806.0,771_0,56.88,14.42,358.0,2602.68,141.0,4,0.0,183.06,0,tripinfo_WestH6ToSaxonSt.204 emissions_WestH6ToSaxonSt.204,gasoline_euro4,1.08,32034.495913,1051010.502456,169.100203,20.337608,436.4701,335232.214498,0.0
EastAveburyToWestA509.254,2359.0,483_1,0.0,0.0,0.0,2808.0,774_2,29.75,14.35,449.0,2215.02,217.0,8,0.0,298.82,0,tripinfo_EastAveburyToWestA509.254 emissions_EastAveburyToWestA509.254,gasoline_euro4,1.07,47996.141579,1244039.970957,247.047814,26.022439,533.888804,396805.273822,0.0
WestH6ToSaxonSt.207,2484.0,524_0,0.0,0.0,0.0,2808.0,771_0,56.88,17.14,324.0,2601.44,98.0,5,0.0,171.76,0,tripinfo_WestH6ToSaxonSt.207 emissions_WestH6ToSaxonSt.207,gasoline_euro4,1.24,27519.391314,1021182.1449,148.411049,19.886032,424.259409,325715.735054,0.0
SouthEvansGateToSilbury.139,2502.0,526_0,0.0,0.0,0.0,2808.0,215_1,19.43,13.93,306.0,2430.19,103.0,2,0.0,134.06,0,tripinfo_SouthEvansGateToSilbury.139 emissions_SouthEvansGateToSilbury.139,electric,1.02,0.0,0.0,0.0,0.0,0.0,0.0,0.0
SouthEvansGateToSilbury.143,2574.0,526_0,0.0,0.0,0.0,2810.0,215_1,19.43,15.71,236.0,1477.52,109.0,2,0.0,145.18,0,tripinfo_SouthEvansGateToSilbury.143 emissions_SouthEvansGateToSilbury.143,electric,1.18,0.0,0.0,0.0,0.0,0.0,0.0,0.0
WestA509ToEastH6.60,2160.0,773_0,0.0,0.0,0.0,2812.0,522_0,56.88,15.97,652.0,2714.33,395.0,13,0.0,493.11,0,tripinfo_WestA509ToEastH6.60 emissions_WestA509ToEastH6.60,electric,1.24,0.0,0.0,0.0,0.0,0.0,0.0,0.0
SouthEvansGateToSilbury.144,2592.0,526_0,0.0,0.0,0.0,2812.0,215_1,19.43,13.28,220.0,1477.52,77.0,2,0.0,108.72,0,tripinfo_SouthEvansGateToSilbury.144 emissions_SouthEvansGateToSilbury.144,electric,0.96,0.0,0.0,0.0,0.0,0.0,0.0,0.0
SouthEvansGateToSilbury.140,2520.0,526_0,0.0,0.0,0.0,2815.0,215_1,19.43,12.22,295.0,2430.19,64.0,1,0.0,101.79,0,tripinfo_SouthEvansGateToSilbury.140 emissions_SouthEvansGateToSilbury.140,gasoline_euro4,0.91,18880.01244,782688.663602,103.915775,13.593103,317.648982,249646.393068,0.0
WestH6ToSaxonSt.206,2472.0,524_0,0.0,0.0,0.0,2817.0,771_0,56.88,12.92,345.0,2600.58,100.0,5,0.0,147.41,0,tripinfo_WestH6ToSaxonSt.206 emissions_WestH6ToSaxonSt.206,gasoline_euro4,0.95,26731.45661,946992.451461,142.991806,17.328842,388.618512,302054.231813,0.0
SouthEvansGateToSilbury.142,2556.0,526_0,0.0,0.0,0.0,2817.0,215_1,19.43,12.88,261.0,2410.48,39.0,3,0.0,77.83,0,tripinfo_SouthEvansGateToSilbury.142 emissions_SouthEvansGateToSilbury.142,gasoline_euro4,0.96,14658.889191,716861.493681,82.919666,12.058349,286.953621,228648.993649,0.0
EastAveburyToWestA509.250,2325.0,483_1,0.0,0.0,0.0,2818.0,774_1,29.75,10.98,493.0,2218.32,257.0,7,0.0,310.07,0,tripinfo_EastAveburyToWestA509.250 emissions_EastAveburyToWestA509.250,electric,0.88,0.0,0.0,0.0,0.0,0.0,0.0,0.0
SouthEvansGateToSilbury.148,2664.0,526_0,0.0,0.0,0.0,2818.0,215_1,19.43,14.16,154.0,1477.59,37.0,1,0.0,56.25,0,tripinfo_SouthEvansGateToSilbury.148 emissions_SouthEvansGateToSilbury.148,electric,1.09,0.0,0.0,0.0,0.0,0.0,0.0,0.0
V6ToEastH6.224,2688.0,468_1,0.0,0.0,0.0,2818.0,522_1,56.88,14.26,130.0,1512.23,3.0,1,0.0,24.67,0,tripinfo_V6ToEastH6.224 emissions_V6ToEastH6.224,gasoline_euro4,1.03,5377.92753,405234.25419,33.26041,6.513847,158.892384,129251.369292,0.0
EastAveburyToWestA509.251,2333.0,483_1,0.0,0.0,0.0,2819.0,774_2,29.75,12.8,486.0,2214.99,244.0,6,0.0,311.54,0,tripinfo_EastAveburyToWestA509.251 emissions_EastAveburyToWestA509.251,electric,0.92,0.0,0.0,0.0,0.0,0.0,0.0,0.0
V6ToEastH6.216,2592.0,468_1,0.0,0.0,0.0,2819.0,522_0,56.88,10.06,227.0,2060.88,1.0,1,0.0,26.95,0,tripinfo_V6ToEastH6.216 emissions_V6ToEastH6.216,electric,0.75,0.0,0.0,0.0,0.0,0.0,0.0,0.0
EastAveburyToWestA509.255,2367.0,483_1,0.0,0.0,0.0,2821.0,774_2,29.75,12.78,454.0,2214.99,208.0,9,0.0,290.06,0,tripinfo_EastAveburyToWestA509.255 emissions_EastAveburyToWestA509.255,gasoline_euro4,0.98,47235.746852,1243580.769921,243.793356,26.041625,535.688713,396658.25667,0.0
V6ToEastH6.219,2628.0,468_1,0.0,0.0,0.0,2822.0,522_1,56.88,11.9,194.0,2060.88,3.0,1,0.0,32.74,0,tripinfo_V6ToEastH6.219 emissions_V6ToEastH6.219,electric,0.93,0.0,0.0,0.0,0.0,0.0,0.0,0.0
V6ToEastH6.225,2700.0,468_1,0.0,0.0,0.0,2824.0,522_1,56.88,14.2,124.0,1512.23,0.0,0,0.0,24.87,0,tripinfo_V6ToEastH6.225 emissions_V6ToEastH6.225,gasoline_euro4,1.11,5263.271622,406254.166142,32.898192,6.88856,161.781229,129576.178454,0.0
EastAveburyToWestA509.253,2350.0,483_1,0.0,0.0,0.0,2825.0,774_1,29.75,10.48,475.0,2219.42,224.0,6,0.0,283.65,0,tripinfo_EastAveburyToWestA509.253 emissions_EastAveburyToWestA509.253,electric,0.84,0.0,0.0,0.0,0.0,0.0,0.0,0.0
WestH6ToSaxonSt.209,2508.0,524_0,0.0,0.0,0.0,2829.0,771_0,56.88,11.3,321.0,2602.7,66.0,4,0.0,104.19,0,tripinfo_WestH6ToSaxonSt.209 emissions_WestH6ToSaxonSt.209,electric,0.87,0.0,0.0,0.0,0.0,0.0,0.0,0.0
EastSilburyToEastAvebury.40,1040.0,317_0,0.0,0.0,0.0,2831.0,213_1,19.13,11.7,1791.0,1590.8,1480.0,29,0.0,1664.43,0,tripinfo_EastSilburyToEastAvebury.40 emissions_EastSilburyToEastAvebury.40,gasoline_euro4,0.91,271295.110887,4669636.325867,1344.532859,113.031559,2114.325652,1489490.878965,0.0
WestH6ToSaxonSt.208,2496.0,524_0,0.0,0.0,0.0,2831.0,771_0,56.88,13.52,335.0,2603.34,81.0,5,0.0,149.02,0,tripinfo_WestH6ToSaxonSt.208 emissions_WestH6ToSaxonSt.208,electric,1.01,0.0,0.0,0.0,0.0,0.0,0.0,0.0
WestA509ToEastH6.70,2520.0,773_0,0.0,0.0,0.0,2831.0,522_1,56.88,13.21,311.0,2762.5,81.0,2,0.0,114.55,0,tripinfo_WestA509ToEastH6.70 emissions_WestA509ToEastH6.70,electric,1.02,0.0,0.0,0.0,0.0,0.0,0.0,0.0
WestH6ToSaxonSt.214,2568.0,524_0,0.0,0.0,0.0,2833.0,771_0,56.88,15.63,265.0,2600.53,49.0,2,0.0,99.29,0,tripinfo_WestH6ToSaxonSt.214 emissions_WestH6ToSaxonSt.214,electric,1.14,0.0,0.0,0.0,0.0,0.0,0.0,0.0
WestA509ToEastH6.59,2126.0,773_0,0.0,0.0,2.0,2835.0,522_0,56.88,13.86,709.0,2716.95,406.0,14,0.0,517.48,0,tripinfo_WestA509ToEastH6.59 emissions_WestA509ToEastH6.59,electric,1.03,0.0,0.0,0.0,0.0,0.0,0.0,0.0
EastSilburyToEastAvebury.42,1072.0,317_0,0.0,0.0,0.0,2837.0,213_0,19.13,11.8,1765.0,1590.82,1459.0,30,0.0,1630.37,0,tripinfo_EastSilburyToEastAvebury.42 emissions_EastSilburyToEastAvebury.42,electric,0.86,0.0,0.0,0.0,0.0,0.0,0.0,0.0
WestH6ToSaxonSt.203,2436.0,524_0,0.0,0.0,0.0,2838.0,771_0,56.88,10.03,402.0,2602.68,122.0,5,0.0,170.63,0,tripinfo_WestH6ToSaxonSt.203 emissions_WestH6ToSaxonSt.203,gasoline_euro4,0.81,30961.361034,989657.800218,163.809766,17.822709,407.582873,315664.944891,0.0
V6ToEastH6.222,2664.0,468_1,0.0,0.0,0.0,2838.0,522_1,56.88,13.54,174.0,2060.88,0.0,0,0.0,24.96,0,tripinfo_V6ToEastH6.222 emissions_V6ToEastH6.222,electric,1.01,0.0,0.0,0.0,0.0,0.0,0.0,0.0
V6ToEastH6.221,2652.0,468_1,0.0,0.0,0.0,2841.0,522_1,56.88,14.35,189.0,2031.44,16.0,1,0.0,48.64,0,tripinfo_V6ToEastH6.221 emissions_V6ToEastH6.221,electric,1.05,0.0,0.0,0.0,0.0,0.0,0.0,0.0
V6ToEastH6.226,2712.0,468_1,0.0,0.0,0.0,2843.0,522_1,56.88,14.39,131.0,1512.23,0.0,0,0.0,26.43,0,tripinfo_V6ToEastH6.226 emissions_V6ToEastH6.226,electric,1.05,0.0,0.0,0.0,0.0,0.0,0.0,0.0
WestH6ToSaxonSt.223,2676.0,524_0,0.0,0.0,0.0,2858.0,771_1,56.88,14.7,182.0,2555.07,0.0,0,0.0,18.25,0,tripinfo_WestH6ToSaxonSt.223 emissions_WestH6ToSaxonSt.223,electric,1.14,0.0,0.0,0.0,0.0,0.0,0.0,0.0
V6ToEastH6.227,2724.0,468_1,0.0,0.0,0.0,2858.0,522_1,56.88,11.58,134.0,1512.23,0.0,0,0.0,13.52,0,tripinfo_V6ToEastH6.227 emissions_V6ToEastH6.227,electric,0.9,0.0,0.0,0.0,0.0,0.0,0.0,0.0
V6ToEastH6.228,2736.0,468_1,0.0,0.0,0.0,2860.0,522_1,56.88,12.71,124.0,1512.23,0.0,0,0.0,13.08,0,tripinfo_V6ToEastH6.228 emissions_V6ToEastH6.228,electric,0.98,0.0,0.0,0.0,0.0,0.0,0.0,0.0
WestA509ToEastH6.48,1728.0,773_0,0.0,0.0,0.0,2867.0,522_1,56.88,13.9,1139.0,2720.9,843.0,25,0.0,944.09,0,tripinfo_WestA509ToEastH6.48 emissions_WestA509ToEastH6.48,gasoline_euro4,1.01,155340.050101,3053076.859045,777.844926,69.937327,1352.362347,973841.706419,0.0
EastSilburyToEastAvebury.57,1312.0,317_0,0.0,0.0,0.0,2873.0,213_0,19.13,14.07,1561.0,1576.66,1253.0,27,0.0,1451.16,0,tripinfo_EastSilburyToEastAvebury.57 emissions_EastSilburyToEastAvebury.57,electric,1.05,0.0,0.0,0.0,0.0,0.0,0.0,0.0
V6ToEastH6.229,2748.0,468_1,0.0,0.0,0.0,2874.0,522_1,56.88,12.19,126.0,1512.23,0.0,0,0.0,11.16,0,tripinfo_V6ToEastH6.229 emissions_V6ToEastH6.229,gasoline_euro4,0.95,3770.57558,337459.376841,24.646477,5.100956,130.457039,107634.224259,0.0
WestA509ToAvebury.86,1551.0,773_0,0.0,0.0,3.0,2876.0,213_0,19.13,13.2,1325.0,2323.29,991.0,22,0.0,1153.79,0,tripinfo_WestA509ToAvebury.86 emissions_WestA509ToAvebury.86,gasoline_euro4,0.99,187590.838786,3477297.13772,934.986476,81.258083,1552.74968,1109160.395129,0.0
EastAveburyToWestA509.268,2478.0,483_1,0.0,0.0,0.0,2877.0,774_2,29.75,13.53,399.0,2240.45,177.0,7,0.0,233.24,0,tripinfo_EastAveburyToWestA509.268 emissions_EastAveburyToWestA509.268,gasoline_euro4,1.01,39165.148001,1085104.867206,202.936336,21.59304,457.386128,346110.155186,0.0
EastAveburyToWestA509.278,2563.0,483_0,0.0,0.0,0.0,2877.0,774_0,29.75,14.56,314.0,2254.72,125.0,3,0.0,166.8,0,tripinfo_EastAveburyToWestA509.278 emissions_EastAveburyToWestA509.278,electric,1.12,0.0,0.0,0.0,0.0,0.0,0.0,0.0
EastSilburyToEastAvebury.78,1648.0,317_0,0.0,0.0,0.0,2879.0,213_0,19.13,11.52,1231.0,680.87,1099.0,18,0.0,1174.74,0,tripinfo_EastSilburyToEastAvebury.78 emissions_EastSilburyToEastAvebury.78,electric,0.9,0.0,0.0,0.0,0.0,0.0,0.0,0.0
EastA509ToH6.87,1566.0,770_0,0.0,0.0,0.0,2880.0,522_1,56.88,11.15,1314.0,3322.55,906.0,25,0.0,1037.28,0,tripinfo_EastA509ToH6.87 emissions_EastA509ToH6.87,electric,0.87,0.0,0.0,0.0,0.0,0.0,0.0,0.0
V6ToEastH6.230,2760.0,468_1,0.0,0.0,0.0,2880.0,522_0,56.88,13.97,120.0,1512.23,0.0,0,0.0,17.45,0,tripinfo_V6ToEastH6.230 emissions_V6ToEastH6.230,gasoline_euro4,1.06,3956.125497,369091.958959,25.863187,5.609407,141.453463,117723.431843,0.0
EastSilburyToEastAvebury.54,1264.0,317_0,0.0,0.0,0.0,2881.0,213_0,19.13,14.46,1617.0,680.87,1481.0,21,0.0,1568.55,0,tripinfo_EastSilburyToEastAvebury.54 emissions_EastSilburyToEastAvebury.54,gasoline_euro4,1.06,256476.295024,4289170.988005,1268.521825,105.907765,1956.870366,1368134.640107,0.0
EastAveburyToWestA509.279,2571.0,483_0,0.0,0.0,0.0,2881.0,774_0,29.75,14.4,310.0,2257.8,109.0,3,0.0,151.28,0,tripinfo_EastAveburyToWestA509.279 emissions_EastAveburyToWestA509.279,gasoline_euro4,1.04,27249.35154,927411.310146,145.0634,17.975292,386.677814,295808.108391,0.0
V6ToEastH6.231,2772.0,468_1,0.0,0.0,0.0,2882.0,522_1,56.88,14.82,110.0,1512.23,0.0,0,0.0,13.77,0,tripinfo_V6ToEastH6.231 emissions_V6ToEastH6.231,electric,1.14,0.0,0.0,0.0,0.0,0.0,0.0,0.0
EastAveburyToWestA509.280,2580.0,483_0,0.0,0.0,0.0,2887.0,774_1,29.75,14.24,307.0,2257.8,94.0,3,0.0,146.64,0,tripinfo_EastAveburyToWestA509.280 emissions_EastAveburyToWestA509.280,electric,1.03,0.0,0.0,0.0,0.0,0.0,0.0,0.0
WestA509ToAvebury.99,1782.0,773_0,0.0,0.0,0.0,2889.0,213_0,19.13,12.86,1107.0,2288.81,861.0,17,0.0,935.72,0,tripinfo_WestA509ToAvebury.99 emissions_WestA509ToAvebury.99,gasoline_euro4,0.97,155201.852246,2983875.227306,775.829846,68.992876,1327.689095,951769.759002,0.0
EastAveburyToWestA509.269,2486.0,483_1,0.0,0.0,0.0,2890.0,774_0,29.75,10.83,404.0,2241.69,152.0,5,0.0,210.24,0,tripinfo_EastAveburyToWestA509.269 emissions_EastAveburyToWestA509.269,electric,0.86,0.0,0.0,0.0,0.0,0.0,0.0,0.0
EastAveburyToWestA509.282,2597.0,483_0,0.0,0.0,0.0,2892.0,774_0,29.75,13.74,295.0,2254.72,79.0,3,0.0,137.22,0,tripinfo_EastAveburyToWestA509.282 emissions_EastAveburyToWestA509.282,gasoline_euro4,1.05,23591.464669,868758.266663,127.415557,16.740979,363.197276,277098.904983,0.0
SouthEvansGateToSilbury.145,2610.0,526_0,0.0,0.0,0.0,2896.0,215_1,19.43,13.01,286.0,2430.12,81.0,2,0.0,115.58,0,tripinfo_SouthEvansGateToSilbury.145 emissions_SouthEvansGateToSilbury.145,electric,1.03,0.0,0.0,0.0,0.0,0.0,0.0,0.0
EastAveburyToWestA509.262,2427.0,483_1,0.0,0.0,0.0,2898.0,774_2,29.75,14.13,471.0,2215.02,251.0,6,0.0,321.14,0,tripinfo_EastAveburyToWestA509.262 emissions_EastAveburyToWestA509.262,gasoline_euro4,1.07,52560.949783,1321173.467443,269.437652,27.759992,567.255475,421409.070072,0.0
SouthEvansGateToSilbury.146,2628.0,526_0,0.0,0.0,0.0,2898.0,215_1,19.43,14.75,270.0,2430.12,64.0,2,0.0,107.22,0,tripinfo_SouthEvansGateToSilbury.146 emissions_SouthEvansGateToSilbury.146,electric,1.08,0.0,0.0,0.0,0.0,0.0,0.0,0.0
SouthEvansGateToSilbury.147,2646.0,526_0,0.0,0.0,0.0,2901.0,215_1,19.43,13.75,255.0,1460.71,108.0,5,0.0,148.06,0,tripinfo_SouthEvansGateToSilbury.147 emissions_SouthEvansGateToSilbury.147,electric,1.0,0.0,0.0,0.0,0.0,0.0,0.0,0.0
WestH6ToSaxonSt.213,2556.0,524_0,0.0,0.0,0.0,2903.0,771_0,56.88,14.17,347.0,2601.44,109.0,4,0.0,163.61,0,tripinfo_WestH6ToSaxonSt.213 emissions_WestH6ToSaxonSt.213,electric,1.02,0.0,0.0,0.0,0.0,0.0,0.0,0.0
V6ToEastH6.232,2784.0,468_1,0.0,0.0,0.0,2904.0,522_1,56.88,13.99,120.0,1512.23,1.0,1,0.0,20.31,0,tripinfo_V6ToEastH6.232 emissions_V6ToEastH6.232,gasoline_euro4,1.1,5019.056763,394212.096351,31.581464,6.58774,155.632884,125735.410267,0.0
EastAveburyToWestA509.261,2418.0,483_1,0.0,0.0,0.0,2906.0,774_1,29.75,11.91,488.0,2218.32,259.0,6,0.0,315.84,0,tripinfo_EastAveburyToWestA509.261 emissions_EastAveburyToWestA509.261,electric,0.94,0.0,0.0,0.0,0.0,0.0,0.0,0.0
WestH6ToSaxonSt.210,2520.0,524_0,0.0,0.0,0.0,2907.0,771_0,56.88,12.33,387.0,2602.68,140.0,3,0.0,181.42,0,tripinfo_WestH6ToSaxonSt.210 emissions_WestH6ToSaxonSt.210,electric,0.92,0.0,0.0,0.0,0.0,0.0,0.0,0.0
WestH6ToSaxonSt.218,2616.0,524_0,0.0,0.0,0.0,2909.0,771_0,56.88,14.6,293.0,2601.44,74.0,2,0.0,126.03,0,tripinfo_WestH6ToSaxonSt.218 emissions_WestH6ToSaxonSt.218,gasoline_euro4,1.13,21871.267107,914541.684848,120.052806,17.014102,374.98023,291700.879053,0.0
WestA509ToEastH6.62,2235.0,773_0,0.0,0.0,3.0,2913.0,522_0,56.88,15.71,678.0,2714.33,427.0,13,0.0,506.38,0,tripinfo_WestA509ToEastH6.62 emissions_WestA509ToEastH6.62,gasoline_euro4,1.15,84482.61288,1937103.155497,428.899725,42.608237,843.251031,617872.102816,0.0
WestH6ToSaxonSt.212,2544.0,524_0,0.0,0.0,0.0,2913.0,771_0,56.88,12.68,369.0,2602.65,112.0,4,0.0,164.06,0,tripinfo_WestH6ToSaxonSt.212 emissions_WestH6ToSaxonSt.212,gasoline_euro4,0.92,28813.591553,978851.005311,153.492253,18.106144,404.512895,312216.350796,0.0
WestH6ToSaxonSt.217,2604.0,524_0,0.0,0.0,0.0,2914.0,771_0,56.88,14.14,310.0,2603.36,73.0,3,0.0,130.71,0,tripinfo_WestH6ToSaxonSt.217 emissions_WestH6ToSaxonSt.217,gasoline_euro4,1.05,21773.51843,865008.383864,118.799922,15.8055,354.573185,275902.828253,0.0
EastSilburyToEastAvebury.45,1120.0,317_0,0.0,0.0,0.0,2917.0,213_1,19.13,13.5,1797.0,1590.8,1483.0,27,0.0,1680.11,0,tripinfo_EastSilburyToEastAvebury.45 emissions_EastSilburyToEastAvebury.45,electric,1.0,0.0,0.0,0.0,0.0,0.0,0.0,0.0
WestA509ToAvebury.107,1926.0,773_0,0.0,0.0,0.0,2917.0,213_0,19.13,15.93,991.0,2913.58,705.0,21,0.0,807.55,0,tripinfo_WestA509ToAvebury.107 emissions_WestA509ToAvebury.107,gasoline_euro4,1.17,133614.377035,2811221.508183,672.930784,63.671566,1236.820744,896691.812869,0.0
SouthEvansGateToSilbury.149,2682.0,526_0,0.0,0.0,0.0,2917.0,215_0,19.43,16.14,235.0,1471.76,116.0,3,0.0,148.61,0,tripinfo_SouthEvansGateToSilbury.149 emissions_SouthEvansGateToSilbury.149,electric,1.24,0.0,0.0,0.0,0.0,0.0,0.0,0.0
WestH6ToSaxonSt.215,2580.0,524_0,0.0,0.0,0.0,2919.0,771_0,56.88,10.92,339.0,2602.7,74.0,3,0.0,121.41,0,tripinfo_WestH6ToSaxonSt.215 emissions_WestH6ToSaxonSt.215,gasoline_euro4,0.86,22345.180277,848985.451544,121.183794,14.692255,344.596688,270793.642156,0.0
V6ToEastH6.234,2808.0,468_1,0.0,0.0,0.0,2920.0,522_1,56.88,14.82,112.0,1512.23,0.0,0,0.0,16.74,0,tripinfo_V6ToEastH6.234 emissions_V6ToEastH6.234,electric,1.15,0.0,0.0,0.0,0.0,0.0,0.0,0.0
WestH6ToSaxonSt.216,2592.0,524_0,0.0,0.0,0.0,2921.0,771_0,56.88,13.56,329.0,2601.22,77.0,3,0.0,154.77,0,tripinfo_WestH6ToSaxonSt.216 emissions_WestH6ToSaxonSt.216,electric,1.08,0.0,0.0,0.0,0.0,0.0,0.0,0.0
EastSilburyToEastAvebury.38,1008.0,317_1,0.0,0.0,0.0,2922.0,213_0,19.13,12.04,1914.0,2116.53,1541.0,31,0.0,1746.28,0,tripinfo_EastSilburyToEastAvebury.38 emissions_EastSilburyToEastAvebury.38,electric,0.92,0.0,0.0,0.0,0.0,0.0,0.0,0.0
WestH6ToSaxonSt.211,2532.0,524_0,0.0,0.0,0.0,2923.0,771_0,56.88,11.9,391.0,2602.68,125.0,3,0.0,188.16,0,tripinfo_WestH6ToSaxonSt.211 emissions_WestH6ToSaxonSt.211,electric,0.93,0.0,0.0,0.0,0.0,0.0,0.0,0.0
WestH6ToSaxonSt.219,2628.0,524_0,0.0,0.0,0.0,2924.0,771_0,56.88,14.23,296.0,2602.65,58.0,4,0.0,119.98,0,tripinfo_WestH6ToSaxonSt.219 emissions_WestH6ToSaxonSt.219,electric,1.07,0.0,0.0,0.0,0.0,0.0,0.0,0.0
V6ToEastH6.233,2796.0,468_1,0.0,0.0,0.0,2928.0,522_1,56.88,12.77,132.0,1512.23,0.0,0,0.0,13.93,0,tripinfo_V6ToEastH6.233 emissions_V6ToEastH6.233,gasoline_euro4,0.92,4113.589676,359287.428019,26.780023,5.276609,138.313192,114596.608989,0.0
EastAveburyToWestA509.272,2512.0,483_1,0.0,0.0,0.0,2947.0,774_0,29.75,14.5,435.0,2311.97,196.0,6,0.0,277.02,0,tripinfo_EastAveburyToWestA509.272 emissions_EastAveburyToWestA509.272,electric,1.1,0.0,0.0,0.0,0.0,0.0,0.0,0.0
WestH6ToSaxonSt.224,2688.0,524_0,0.0,0.0,0.0,2949.0,771_1,56.88,13.77,261.0,2555.04,58.0,1,0.0,82.99,0,tripinfo_WestH6ToSaxonSt.224 emissions_WestH6ToSaxonSt.224,electric,1.05,0.0,0.0,0.0,0.0,0.0,0.0,0.0
EastA509ToH6.98,1764.0,770_0,0.0,0.0,0.0,2952.0,522_1,56.88,11.91,1188.0,2408.85,899.0,20,0.0,993.3,0,tripinfo_EastA509ToH6.98 emissions_EastA509ToH6.98,electric,0.9,0.0,0.0,0.0,0.0,0.0,0.0,0.0
V6ToEastH6.236,2832.0,468_1,0.0,0.0,0.0,2953.0,522_1,56.88,13.03,121.0,1512.23,0.0,0,0.0,20.14,0,tripinfo_V6ToEastH6.236 emissions_V6ToEastH6.236,electric,1.08,0.0,0.0,0.0,0.0,0.0,0.0,0.0
EastAveburyToWestA509.277,2554.0,483_1,0.0,0.0,0.0,2959.0,774_0,29.75,13.59,405.0,2308.5,158.0,5,0.0,241.1,0,tripinfo_EastAveburyToWestA509.277 emissions_EastAveburyToWestA509.277,gasoline_euro4,1.04,39097.232569,1146527.437109,204.325561,23.154714,487.856746,365699.78463,0.0
EastA509ToH6.89,1602.0,770_0,0.0,0.0,0.0,2960.0,522_1,56.88,12.92,1358.0,3322.55,982.0,21,0.0,1105.52,0,tripinfo_EastA509ToH6.89 emissions_EastA509ToH6.89,gasoline_euro4,0.95,183154.876799,3616352.508781,917.59413,82.561376,1601.108568,1153509.844171,0.0
WestA509ToAvebury.78,1407.0,773_0,0.0,0.0,3.0,2961.0,213_0,19.13,14.78,1554.0,2318.29,1220.0,32,0.0,1406.03,0,tripinfo_WestA509ToAvebury.78 emissions_WestA509ToAvebury.78,gasoline_euro4,1.14,227251.611402,4165019.167481,1131.751272,99.178978,1872.9865,1328523.858182,0.0
EastAveburyToWestA509.271,2503.0,483_1,0.0,0.0,0.0,2961.0,774_0,29.75,14.11,458.0,2241.69,232.0,7,0.0,307.92,0,tripinfo_EastAveburyToWestA509.271 emissions_EastAveburyToWestA509.271,electric,1.1,0.0,0.0,0.0,0.0,0.0,0.0,0.0
WestA509ToAvebury.79,1422.0,773_0,0.0,0.0,0.0,2963.0,213_0,19.13,13.98,1541.0,2288.81,1288.0,16,0.0,1384.65,0,tripinfo_WestA509ToAvebury.79 emissions_WestA509ToAvebury.79,electric,1.07,0.0,0.0,0.0,0.0,0.0,0.0,0.0
WestA509ToAvebury.120,2163.0,773_0,0.0,0.0,3.0,2965.0,213_0,19.13,14.41,802.0,2288.7,559.0,18,0.0,644.72,0,tripinfo_WestA509ToAvebury.120 emissions_WestA509ToAvebury.120,electric,1.06,0.0,0.0,0.0,0.0,0.0,0.0,0.0
EastSilburyToEastAvebury.62,1392.0,317_0,0.0,0.0,0.0,2967.0,213_0,19.13,14.15,1575.0,1576.66,1232.0,31,0.0,1469.05,0,tripinfo_EastSilburyToEastAvebury.62 emissions_EastSilburyToEastAvebury.62,gasoline_euro4,1.09,235862.00487,4142738.204221,1170.869981,99.938258,1874.098948,1321421.513405,0.0
V6ToEastH6.235,2820.0,468_1,0.0,0.0,0.0,2972.0,522_0,56.88,11.31,152.0,1512.23,0.0,0,0.0,18.47,0,tripinfo_V6ToEastH6.235 emissions_V6ToEastH6.235,gasoline_euro4,0.82,5245.246104,360657.585701,32.163937,5.285582,140.378476,115034.251237,0.0
WestA509ToAvebury.124,2232.0,773_0,0.0,0.0,0.0,2974.0,213_0,19.13,15.02,742.0,2288.7,511.0,18,0.0,598.19,0,tripinfo_WestA509ToAvebury.124 emissions_WestA509ToAvebury.124,electric,1.15,0.0,0.0,0.0,0.0,0.0,0.0,0.0
EastAveburyToWestA509.287,2639.0,483_1,0.0,0.0,0.0,2977.0,774_1,29.75,12.39,338.0,2238.64,100.0,5,0.0,158.76,0,tripinfo_EastAveburyToWestA509.287 emissions_EastAveburyToWestA509.287,gasoline_euro4,0.93,27318.720621,890475.694542,144.871942,17.06022,372.887416,284027.935496,0.0
WestA509ToAvebury.132,2379.0,773_0,0.0,0.0,3.0,2978.0,213_0,19.13,11.95,599.0,2327.58,356.0,9,0.0,415.83,0,tripinfo_WestA509ToAvebury.132 emissions_WestA509ToAvebury.132,gasoline_euro4,0.93,69357.153031,1573365.638522,352.049317,33.53321,680.40932,501853.482409,0.0
EastAveburyToWestA509.281,2588.0,483_1,0.0,0.0,0.0,2978.0,774_0,29.75,10.73,390.0,2241.69,131.0,6,0.0,194.06,0,tripinfo_EastAveburyToWestA509.281 emissions_EastAveburyToWestA509.281,gasoline_euro4,0.84,33451.902698,966414.056272,174.706675,18.665818,406.573692,308251.61186,0.0
V6ToEastH6.237,2844.0,468_1,0.0,0.0,0.0,2978.0,522_1,56.88,11.76,134.0,1512.23,0.0,0,0.0,13.51,0,tripinfo_V6ToEastH6.237 emissions_V6ToEastH6.237,gasoline_euro4,0.91,4011.935532,351418.426784,26.067256,5.082165,134.80982,112086.821679,0.0
V6ToEastH6.238,2856.0,468_1,0.0,0.0,0.0,2978.0,522_0,56.88,14.44,122.0,1512.23,0.0,0,0.0,22.79,0,tripinfo_V6ToEastH6.238 emissions_V6ToEastH6.238,electric,1.1,0.0,0.0,0.0,0.0,0.0,0.0,0.0
EastAveburyToWestA509.288,2648.0,483_1,0.0,0.0,0.0,2980.0,774_0,29.75,13.41,332.0,2241.69,90.0,5,0.0,186.59,0,tripinfo_EastAveburyToWestA509.288 emissions_EastAveburyToWestA509.288,gasoline_euro4,1.14,26466.899993,902054.91967,141.249017,17.221485,377.471295,287720.56496,0.0
WestH6ToSaxonSt.221,2652.0,524_0,0.0,0.0,0.0,2982.0,771_0,56.88,14.03,330.0,2600.53,110.0,4,0.0,156.02,0,tripinfo_WestH6ToSaxonSt.221 emissions_WestH6ToSaxonSt.221,gasoline_euro4,1.08,27489.172758,978676.341485,147.019659,18.564074,403.95582,312159.329673,0.0
EastAveburyToWestA509.289,2656.0,483_0,0.0,0.0,0.0,2982.0,774_0,29.75,12.21,326.0,2257.78,105.0,3,0.0,150.36,0,tripinfo_EastAveburyToWestA509.289 emissions_EastAveburyToWestA509.289,gasoline_euro4,0.94,26749.915701,907570.031863,142.683594,17.371283,379.252818,289479.754891,0.0
EastAveburyToWestA509.266,2461.0,483_1,0.0,0.0,0.0,2983.0,774_1,29.75,13.59,522.0,2219.98,291.0,8,0.0,365.86,0,tripinfo_EastAveburyToWestA509.266 emissions_EastAveburyToWestA509.266,electric,1.03,0.0,0.0,0.0,0.0,0.0,0.0,0.0
SouthEvansGateToSilbury.154,2772.0,526_0,0.0,0.0,0.0,2984.0,215_1,19.43,13.86,212.0,1477.52,85.0,3,0.0,110.45,0,tripinfo_SouthEvansGateToSilbury.154 emissions_SouthEvansGateToSilbury.154,gasoline_euro4,1.05,20132.275831,648290.924005,106.481505,12.853828,272.383936,206779.938479,0.0
V6ToEastH6.239,2868.0,468_1,0.0,0.0,0.0,2985.0,522_1,56.88,13.41,117.0,1512.23,0.0,0,0.0,13.51,0,tripinfo_V6ToEastH6.239 emissions_V6ToEastH6.239,electric,1.05,0.0,0.0,0.0,0.0,0.0,0.0,0.0
SouthEvansGateToSilbury.153,2754.0,526_0,0.0,0.0,0.0,2988.0,215_1,19.43,11.66,234.0,1477.59,91.0,2,0.0,117.16,0,tripinfo_SouthEvansGateToSilbury.153 emissions_SouthEvansGateToSilbury.153,gasoline_euro4,0.92,20878.368912,642640.851739,109.787951,12.490305,269.748892,204978.603152,0.0
EastAveburyToWestA509.267,2469.0,483_1,0.0,0.0,0.0,2989.0,774_1,29.75,12.06,520.0,2218.32,272.0,7,0.0,341.82,0,tripinfo_EastAveburyToWestA509.267 emissions_EastAveburyToWestA509.267,electric,0.9,0.0,0.0,0.0,0.0,0.0,0.0,0.0
WestH6ToSaxonSt.220,2640.0,524_0,0.0,0.0,0.0,2992.0,771_0,56.88,12.55,352.0,2602.68,112.0,4,0.0,157.41,0,tripinfo_WestH6ToSaxonSt.220 emissions_WestH6ToSaxonSt.220,electric,0.97,0.0,0.0,0.0,0.0,0.0,0.0,0.0
EastAveburyToWestA509.276,2546.0,483_1,0.0,0.0,0.0,2995.0,774_0,29.75,10.68,449.0,2311.97,167.0,5,0.0,223.9,0,tripinfo_EastAveburyToWestA509.276 emissions_EastAveburyToWestA509.276,electric,0.77,0.0,0.0,0.0,0.0,0.0,0.0,0.0
WestA509ToAvebury.110,1983.0,773_0,0.0,0.0,3.0,3005.0,213_0,19.13,11.32,1022.0,2913.58,713.0,15,0.0,785.21,0,tripinfo_WestA509ToAvebury.110 emissions_WestA509ToAvebury.110,electric,0.9,0.0,0.0,0.0,0.0,0.0,0.0,0.0
WestH6ToSaxonSt.222,2664.0,524_0,0.0,0.0,0.0,3005.0,771_0,56.88,11.64,341.0,2602.68,81.0,3,0.0,117.8,0,tripinfo_WestH6ToSaxonSt.222 emissions_WestH6ToSaxonSt.222,electric,0.84,0.0,0.0,0.0,0.0,0.0,0.0,0.0
V6ToEastH6.240,2880.0,468_1,0.0,0.0,0.0,3006.0,522_1,56.88,13.0,126.0,1512.23,0.0,0,0.0,13.32,0,tripinfo_V6ToEastH6.240 emissions_V6ToEastH6.240,electric,0.97,0.0,0.0,0.0,0.0,0.0,0.0,0.0
WestA509ToAvebury.41,738.0,773_0,0.0,0.0,0.0,3008.0,213_0,19.13,13.24,2270.0,2288.0,1850.0,35,0.0,2096.93,0,tripinfo_WestA509ToAvebury.41 emissions_WestA509ToAvebury.41,electric,0.96,0.0,0.0,0.0,0.0,0.0,0.0,0.0
WestA509ToEastH6.64,2304.0,773_0,0.0,0.0,0.0,3008.0,522_0,56.88,14.67,704.0,2716.14,439.0,14,0.0,531.37,0,tripinfo_WestA509ToEastH6.64 emissions_WestA509ToEastH6.64,gasoline_euro4,1.14,87173.897407,1967594.158268,441.778519,43.184318,855.368132,627598.681815,0.0
SouthEvansGateToSilbury.150,2700.0,526_0,0.0,0.0,0.0,3008.0,215_0,19.43,11.58,308.0,1471.8,154.0,4,0.0,185.25,0,tripinfo_SouthEvansGateToSilbury.150 emissions_SouthEvansGateToSilbury.150,electric,0.87,0.0,0.0,0.0,0.0,0.0,0.0,0.0
SouthEvansGateToSilbury.151,2718.0,526_0,0.0,0.0,0.0,3008.0,215_1,19.43,11.49,290.0,1471.7,134.0,5,0.0,170.23,0,tripinfo_SouthEvansGateToSilbury.151 emissions_SouthEvansGateToSilbury.151,electric,0.89,0.0,0.0,0.0,0.0,0.0,0.0,0.0
SouthEvansGateToSilbury.152,2736.0,526_0,0.0,0.0,0.0,3010.0,215_1,19.43,10.93,274.0,1471.73,115.0,3,0.0,151.67,0,tripinfo_SouthEvansGateToSilbury.152 emissions_SouthEvansGateToSilbury.152,gasoline_euro4,0.87,26089.497902,719488.651387,135.385302,14.070566,303.171578,229491.812076,0.0
SouthEvansGateToSilbury.155,2790.0,526_0,0.0,0.0,0.0,3010.0,215_0,19.43,14.92,220.0,1471.76,83.0,3,0.0,125.02,0,tripinfo_SouthEvansGateToSilbury.155 emissions_SouthEvansGateToSilbury.155,electric,1.13,0.0,0.0,0.0,0.0,0.0,0.0,0.0
V6ToEastH6.241,2892.0,468_1,0.0,0.0,0.0,3013.0,522_1,56.88,13.32,121.0,1512.23,0.0,0,0.0,14.2,0,tripinfo_V6ToEastH6.241 emissions_V6ToEastH6.241,electric,1.03,0.0,0.0,0.0,0.0,0.0,0.0,0.0
EastAveburyToWestA509.286,2631.0,483_1,0.0,0.0,0.0,3024.0,774_0,29.75,13.25,393.0,2373.4,142.0,7,0.0,225.26,0,tripinfo_EastAveburyToWestA509.286 emissions_EastAveburyToWestA509.286,gasoline_euro4,1.03,37433.59958,1137860.990082,196.337568,22.696356,481.014413,362935.031925,0.0
EastA509ToH6.91,1638.0,770_0,0.0,0.0,0.0,3030.0,522_1,56.88,13.95,1392.0,3322.55,1010.0,24,0.0,1153.98,0,tripinfo_EastA509ToH6.91 emissions_EastA509ToH6.91,electric,1.01,0.0,0.0,0.0,0.0,0.0,0.0,0.0
EastA509ToH6.90,1620.0,770_0,0.0,0.0,0.0,3033.0,522_1,56.88,13.66,1413.0,3322.55,1026.0,27,0.0,1176.53,0,tripinfo_EastA509ToH6.90 emissions_EastA509ToH6.90,electric,1.02,0.0,0.0,0.0,0.0,0.0,0.0,0.0
V6ToEastH6.243,2916.0,468_1,0.0,0.0,0.0,3035.0,522_1,56.88,16.17,119.0,1512.23,0.0,0,0.0,26.59,0,tripinfo_V6ToEastH6.243 emissions_V6ToEastH6.243,electric,1.19,0.0,0.0,0.0,0.0,0.0,0.0,0.0
WestH6ToSaxonSt.226,2712.0,524_0,0.0,0.0,0.0,3038.0,771_1,56.88,14.7,326.0,2555.04,85.0,3,0.0,154.19,0,tripinfo_WestH6ToSaxonSt.226 emissions_WestH6ToSaxonSt.226,gasoline_euro4,1.08,23621.068073,877013.210954,127.222195,16.067714,359.575683,279732.731626,0.0
V6ToEastH6.242,2904.0,468_1,0.0,0.0,0.0,3041.0,522_0,56.88,11.06,137.0,1512.23,0.0,0,0.0,13.15,0,tripinfo_V6ToEastH6.242 emissions_V6ToEastH6.242,gasoline_euro4,0.88,3959.137032,339320.41661,25.703742,4.807375,129.923951,108228.258204,0.0
WestH6ToSaxonSt.227,2724.0,524_0,0.0,0.0,0.0,3044.0,771_1,56.88,13.01,320.0,2555.0,78.0,4,0.0,135.13,0,tripinfo_WestH6ToSaxonSt.227 emissions_WestH6ToSaxonSt.227,electric,1.01,0.0,0.0,0.0,0.0,0.0,0.0,0.0
WestH6ToSaxonSt.229,2748.0,524_0,0.0,0.0,0.0,3046.0,771_1,56.88,14.12,298.0,2555.0,64.0,3,0.0,114.5,0,tripinfo_WestH6ToSaxonSt.229 emissions_WestH6ToSaxonSt.229,electric,1.02,0.0,0.0,0.0,0.0,0.0,0.0,0.0
WestH6ToSaxonSt.228,2736.0,524_0,0.0,0.0,0.0,3049.0,771_1,56.88,13.38,313.0,2555.04,74.0,4,0.0,122.54,0,tripinfo_WestH6ToSaxonSt.228 emissions_WestH6ToSaxonSt.228,gasoline_euro4,0.98,21306.038595,839964.620636,116.000124,15.152475,343.263239,267915.182173,0.0
WestA509ToAvebury.46,831.0,773_0,0.0,0.0,3.0,3051.0,213_0,19.13,14.09,2220.0,2250.13,1926.0,24,0.0,2060.46,0,tripinfo_WestA509ToAvebury.46 emissions_WestA509ToAvebury.46,electric,1.02,0.0,0.0,0.0,0.0,0.0,0.0,0.0
WestH6ToSaxonSt.232,2784.0,524_0,0.0,0.0,0.0,3051.0,771_1,56.88,14.05,267.0,2555.03,52.0,3,0.0,92.04,0,tripinfo_WestH6ToSaxonSt.232 emissions_WestH6ToSaxonSt.232,gasoline_euro4,1.07,17460.181216,792905.217038,96.9191,14.112362,320.692057,252903.664775,0.0
WestA509ToAvebury.101,1818.0,773_0,0.0,0.0,0.0,3054.0,213_0,19.13,11.06,1236.0,2332.05,921.0,23,0.0,1045.66,0,tripinfo_WestA509ToAvebury.101 emissions_WestA509ToAvebury.101,electric,0.89,0.0,0.0,0.0,0.0,0.0,0.0,0.0
WestA509ToAvebury.109,1962.0,773_0,0.0,0.0,0.0,3056.0,213_0,19.13,14.19,1094.0,2332.05,819.0,22,0.0,941.78,0,tripinfo_WestA509ToAvebury.109 emissions_WestA509ToAvebury.109,gasoline_euro4,1.11,153554.274223,2983798.108153,768.072743,69.259266,1327.293382,951743.816494,0.0
WestA509ToAvebury.143,2574.0,773_0,0.0,0.0,0.0,3058.0,213_0,19.13,12.23,484.0,2328.43,249.0,10,0.0,308.31,0,tripinfo_WestA509ToAvebury.143 emissions_WestA509ToAvebury.143,electric,0.96,0.0,0.0,0.0,0.0,0.0,0.0,0.0
V6ToEastH6.244,2928.0,468_1,0.0,0.0,0.0,3058.0,522_1,56.88,12.85,130.0,1512.23,0.0,0,0.0,12.13,0,tripinfo_V6ToEastH6.244 emissions_V6ToEastH6.244,electric,0.93,0.0,0.0,0.0,0.0,0.0,0.0,0.0
EastAveburyToWestA509.292,2682.0,483_1,0.0,0.0,0.0,3060.0,774_1,29.75,11.39,378.0,2240.45,135.0,5,0.0,186.65,0,tripinfo_EastAveburyToWestA509.292 emissions_EastAveburyToWestA509.292,gasoline_euro4,0.86,32268.701267,936273.879138,168.490649,17.823251,391.11773,298638.258398,0.0
WestA509ToEastH6.31,1116.0,773_0,0.0,0.0,0.0,3061.0,522_0,56.88,13.15,1945.0,2705.73,1527.0,26,0.0,1749.79,0,tripinfo_WestA509ToEastH6.31 emissions_WestA509ToEastH6.31,gasoline_euro4,1.0,283894.752175,5080175.340321,1410.709723,120.840811,2283.293541,1620437.361236,0.0
WestA509ToAvebury.113,2034.0,773_0,0.0,0.0,0.0,3061.0,213_0,19.13,12.95,1027.0,2332.05,730.0,26,0.0,846.17,0,tripinfo_WestA509ToAvebury.113 emissions_WestA509ToAvebury.113,electric,0.94,0.0,0.0,0.0,0.0,0.0,0.0,0.0
EastAveburyToWestA509.291,2673.0,483_1,0.0,0.0,0.0,3062.0,774_0,29.75,11.43,389.0,2241.69,145.0,5,0.0,197.05,0,tripinfo_EastAveburyToWestA509.291 emissions_EastAveburyToWestA509.291,electric,0.86,0.0,0.0,0.0,0.0,0.0,0.0,0.0
EastSilburyToEastAvebury.60,1360.0,317_0,0.0,0.0,0.0,3063.0,213_0,19.13,14.75,1703.0,658.16,1577.0,19,0.0,1656.57,0,tripinfo_EastSilburyToEastAvebury.60 emissions_EastSilburyToEastAvebury.60,gasoline_euro4,1.1,271336.370345,4527368.051056,1341.812878,111.901172,2066.052887,1444113.628553,0.0
V6ToEastH6.245,2940.0,468_1,0.0,0.0,0.0,3067.0,522_1,56.88,12.91,127.0,1512.23,2.0,1,0.0,19.05,0,tripinfo_V6ToEastH6.245 emissions_V6ToEastH6.245,electric,1.01,0.0,0.0,0.0,0.0,0.0,0.0,0.0
V6ToEastH6.246,2952.0,468_1,0.0,0.0,0.0,3069.0,522_1,56.88,14.31,117.0,1512.23,0.0,0,0.0,18.38,0,tripinfo_V6ToEastH6.246 emissions_V6ToEastH6.246,electric,1.11,0.0,0.0,0.0,0.0,0.0,0.0,0.0
WestH6ToSaxonSt.230,2760.0,524_0,0.0,0.0,0.0,3072.0,771_0,56.88,14.44,312.0,2602.68,90.0,3,0.0,135.58,0,tripinfo_WestH6ToSaxonSt.230 emissions_WestH6ToSaxonSt.230,gasoline_euro4,1.07,24020.024254,926015.229872,129.73246,16.963451,377.326855,295361.954505,0.0
WestH6ToSaxonSt.231,2772.0,524_0,0.0,0.0,0.0,3079.0,771_0,56.88,13.44,307.0,2602.68,79.0,2,0.0,118.22,0,tripinfo_WestH6ToSaxonSt.231 emissions_WestH6ToSaxonSt.231,electric,1.0,0.0,0.0,0.0,0.0,0.0,0.0,0.0
V6ToEastH6.247,2964.0,468_1,0.0,0.0,0.0,3082.0,522_1,56.88,14.24,118.0,1512.23,0.0,0,0.0,13.86,0,tripinfo_V6ToEastH6.247 emissions_V6ToEastH6.247,electric,1.05,0.0,0.0,0.0,0.0,0.0,0.0,0.0
EastAveburyToWestA509.270,2495.0,483_1,0.0,0.0,0.0,3088.0,774_1,29.75,11.46,593.0,2218.29,353.0,9,0.0,410.25,0,tripinfo_EastAveburyToWestA509.270 emissions_EastAveburyToWestA509.270,electric,0.88,0.0,0.0,0.0,0.0,0.0,0.0,0.0
EastAveburyToWestA509.273,2520.0,483_1,0.0,0.0,0.0,3089.0,774_2,29.75,11.29,569.0,2214.99,315.0,9,0.0,391.28,0,tripinfo_EastAveburyToWestA509.273 emissions_EastAveburyToWestA509.273,gasoline_euro4,0.9,64671.061682,1495954.801797,329.13546,31.752085,646.998687,477161.184928,0.0
WestA509ToEastH6.54,1944.0,773_0,0.0,0.0,0.0,3090.0,522_0,56.88,11.53,1146.0,2704.74,814.0,21,0.0,928.88,0,tripinfo_WestA509ToEastH6.54 emissions_WestA509ToEastH6.54,electric,0.9,0.0,0.0,0.0,0.0,0.0,0.0,0.0
V6ToEastH6.248,2976.0,468_1,0.0,0.0,0.0,3091.0,522_1,56.88,14.22,115.0,1512.23,0.0,0,0.0,14.08,0,tripinfo_V6ToEastH6.248 emissions_V6ToEastH6.248,electric,1.09,0.0,0.0,0.0,0.0,0.0,0.0,0.0
WestA509ToAvebury.98,1767.0,773_0,0.0,0.0,3.0,3093.0,213_0,19.13,12.2,1326.0,2287.98,1055.0,27,0.0,1143.59,0,tripinfo_WestA509ToAvebury.98 emissions_WestA509ToAvebury.98,gasoline_euro4,0.91,188947.963792,3480418.84813,941.534933,81.687032,1557.927677,1110156.432378,0.0
WestA509ToAvebury.122,2196.0,773_0,0.0,0.0,0.0,3093.0,213_1,19.13,14.39,897.0,2913.62,615.0,22,0.0,705.6,0,tripinfo_WestA509ToAvebury.122 emissions_WestA509ToAvebury.122,gasoline_euro4,1.12,118003.573284,2535317.914765,595.392101,56.944828,1112.982864,808686.156465,0.0
EastSilburyToEastAvebury.86,1776.0,317_0,0.0,0.0,0.0,3095.0,213_0,19.13,12.97,1319.0,1561.68,1069.0,20,0.0,1176.67,0,tripinfo_EastSilburyToEastAvebury.86 emissions_EastSilburyToEastAvebury.86,electric,0.95,0.0,0.0,0.0,0.0,0.0,0.0,0.0
WestA509ToAvebury.47,846.0,773_0,0.0,0.0,0.0,3096.0,213_1,19.13,12.93,2250.0,2287.98,1815.0,40,0.0,2080.22,0,tripinfo_WestA509ToAvebury.47 emissions_WestA509ToAvebury.47,gasoline_euro4,0.98,338533.604199,5862894.516632,1678.225014,141.539216,2650.432426,1870107.941888,0.0
SouthEvansGateToSilbury.157,2826.0,526_0,0.0,0.0,0.0,3096.0,215_0,19.43,13.79,270.0,1471.76,130.0,3,0.0,167.83,0,tripinfo_SouthEvansGateToSilbury.157 emissions_SouthEvansGateToSilbury.157,electric,1.04,0.0,0.0,0.0,0.0,0.0,0.0,0.0
EastSilburyToEastAvebury.117,2272.0,317_0,0.0,0.0,0.0,3102.0,213_0,19.13,11.89,830.0,2482.62,530.0,18,0.0,626.95,0,tripinfo_EastSilburyToEastAvebury.117 emissions_EastSilburyToEastAvebury.117,electric,0.89,0.0,0.0,0.0,0.0,0.0,0.0,0.0
EastA509ToH6.104,1872.0,770_0,0.0,0.0,0.0,3114.0,522_1,56.88,14.72,1242.0,3322.55,872.0,24,0.0,1021.46,0,tripinfo_EastA509ToH6.104 emissions_EastA509ToH6.104,electric,1.09,0.0,0.0,0.0,0.0,0.0,0.0,0.0
EastAveburyToWestA509.303,2775.0,483_1,0.0,0.0,0.0,3124.0,774_1,29.75,12.0,349.0,2214.86,129.0,5,0.0,173.9,0,tripinfo_EastAveburyToWestA509.303 emissions_EastAveburyToWestA509.303,gasoline_euro4,0.92,30827.891906,948436.131136,162.025225,18.133791,395.886978,302516.341048,0.0
V6ToEastH6.250,3000.0,468_1,0.0,0.0,0.0,3125.0,522_1,56.88,13.39,125.0,1512.23,0.0,0,0.0,18.46,0,tripinfo_V6ToEastH6.250 emissions_V6ToEastH6.250,electric,1.03,0.0,0.0,0.0,0.0,0.0,0.0,0.0
V6ToEastH6.249,2988.0,468_1,0.0,0.0,0.0,3131.0,522_1,56.88,12.42,143.0,1512.23,0.0,0,0.0,21.03,0,tripinfo_V6ToEastH6.249 emissions_V6ToEastH6.249,gasoline_euro4,0.9,5095.347726,380539.353442,31.644011,5.594087,147.035818,121375.451536,0.0
WestH6ToSaxonSt.234,2808.0,524_0,0.0,0.0,0.0,3137.0,771_0,56.88,14.5,329.0,2555.04,99.0,4,0.0,153.7,0,tripinfo_WestH6ToSaxonSt.234 emissions_WestH6ToSaxonSt.234,electric,1.06,0.0,0.0,0.0,0.0,0.0,0.0,0.0
WestH6ToSaxonSt.236,2832.0,524_0,0.0,0.0,0.0,3139.0,771_1,56.88,13.97,307.0,2555.04,82.0,3,0.0,134.61,0,tripinfo_WestH6ToSaxonSt.236 emissions_WestH6ToSaxonSt.236,gasoline_euro4,1.08,23310.416211,908023.091011,126.602554,17.053475,374.802049,289622.497283,0.0
WestH6ToSaxonSt.225,2700.0,524_0,0.0,0.0,0.0,3140.0,771_0,56.88,9.06,440.0,2555.05,130.0,4,0.0,178.92,0,tripinfo_WestH6ToSaxonSt.225 emissions_WestH6ToSaxonSt.225,gasoline_euro4,0.71,33584.312319,990860.168756,175.736418,18.091938,411.728925,316049.641042,0.0
WestH6ToSaxonSt.233,2796.0,524_0,0.0,0.0,0.0,3142.0,771_1,56.88,12.61,346.0,2555.03,100.0,4,0.0,152.05,0,tripinfo_WestH6ToSaxonSt.233 emissions_WestH6ToSaxonSt.233,gasoline_euro4,0.96,26586.802952,956935.350785,142.739285,17.555354,393.479411,305225.294673,0.0
V6ToEastH6.251,3012.0,468_1,0.0,0.0,0.0,3142.0,522_1,56.88,13.06,130.0,1512.23,0.0,0,0.0,19.44,0,tripinfo_V6ToEastH6.251 emissions_V6ToEastH6.251,gasoline_euro4,0.98,4772.438037,378918.557063,30.122491,5.919489,147.768033,120857.925096,0.0
EastAveburyToWestA509.295,2707.0,483_1,0.0,0.0,0.0,3144.0,774_1,29.75,12.45,437.0,2237.39,205.0,7,0.0,264.74,0,tripinfo_EastAveburyToWestA509.295 emissions_EastAveburyToWestA509.295,gasoline_euro4,0.96,45293.726635,1184339.838215,233.409889,24.373787,506.148346,377763.253049,0.0
WestH6ToSaxonSt.235,2820.0,524_0,0.0,0.0,0.0,3144.0,771_1,56.88,11.87,324.0,2555.03,79.0,3,0.0,124.98,0,tripinfo_WestH6ToSaxonSt.235 emissions_WestH6ToSaxonSt.235,gasoline_euro4,0.94,23024.808162,888467.878942,124.820967,15.759823,361.913824,283386.370205,0.0
EastAveburyToWestA509.297,2724.0,483_1,0.0,0.0,0.0,3145.0,774_2,29.75,12.92,421.0,2237.66,187.0,7,0.0,260.36,0,tripinfo_EastAveburyToWestA509.297 emissions_EastAveburyToWestA509.297,gasoline_euro4,1.02,43541.156099,1182431.286833,225.408321,24.501204,506.568904,377153.181639,0.0
WestH6ToSaxonSt.238,2856.0,524_0,0.0,0.0,0.0,3145.0,771_1,56.88,14.35,289.0,2555.04,68.0,2,0.0,109.15,0,tripinfo_WestH6ToSaxonSt.238 emissions_WestH6ToSaxonSt.238,electric,1.03,0.0,0.0,0.0,0.0,0.0,0.0,0.0
EastAveburyToWestA509.294,2699.0,483_1,0.0,0.0,0.0,3147.0,774_2,29.75,13.65,448.0,2240.45,201.0,7,0.0,286.33,0,tripinfo_EastAveburyToWestA509.294 emissions_EastAveburyToWestA509.294,gasoline_euro4,1.03,47368.877443,1242789.74809,244.441292,26.075337,535.584595,396405.982282,0.0
EastAveburyToWestA509.290,2665.0,483_1,0.0,0.0,0.0,3148.0,774_2,29.75,14.57,483.0,2218.4,257.0,8,0.0,333.24,0,tripinfo_EastAveburyToWestA509.290 emissions_EastAveburyToWestA509.290,electric,1.07,0.0,0.0,0.0,0.0,0.0,0.0,0.0
EastAveburyToWestA509.293,2690.0,483_1,0.0,0.0,0.0,3149.0,774_0,29.75,12.29,459.0,2244.08,210.0,6,0.0,278.03,0,tripinfo_EastAveburyToWestA509.293 emissions_EastAveburyToWestA509.293,electric,0.92,0.0,0.0,0.0,0.0,0.0,0.0,0.0
EastAveburyToWestA509.296,2716.0,483_1,0.0,0.0,0.0,3150.0,774_2,29.75,14.69,434.0,2237.4,195.0,7,0.0,286.56,0,tripinfo_EastAveburyToWestA509.296 emissions_EastAveburyToWestA509.296,electric,1.12,0.0,0.0,0.0,0.0,0.0,0.0,0.0
EastSilburyToEastAvebury.63,1408.0,317_1,0.0,0.0,0.0,3151.0,213_0,19.13,12.6,1743.0,2107.51,1426.0,33,0.0,1573.37,0,tripinfo_EastSilburyToEastAvebury.63 emissions_EastSilburyToEastAvebury.63,gasoline_euro4,0.91,257883.712419,4579703.422899,1281.438372,109.6088,2065.565463,1460800.877555,0.0
WestA509ToAvebury.68,1227.0,773_0,0.0,0.0,3.0,3154.0,213_0,19.13,12.07,1927.0,2318.29,1517.0,44,0.0,1739.11,0,tripinfo_WestA509ToAvebury.68 emissions_WestA509ToAvebury.68,electric,0.9,0.0,0.0,0.0,0.0,0.0,0.0,0.0
EastSilburyToEastAvebury.87,1792.0,317_1,0.0,0.0,0.0,3160.0,213_1,19.13,13.54,1368.0,2638.68,1023.0,28,0.0,1172.66,0,tripinfo_EastSilburyToEastAvebury.87 emissions_EastSilburyToEastAvebury.87,gasoline_euro4,0.97,192263.828408,3676838.380833,961.058514,85.760834,1642.381946,1172804.657399,0.0
V6ToEastH6.253,3036.0,468_1,0.0,0.0,0.0,3161.0,522_1,56.88,14.29,125.0,1512.23,0.0,0,0.0,19.33,0,tripinfo_V6ToEastH6.253 emissions_V6ToEastH6.253,gasoline_euro4,1.04,4626.756665,386953.735586,29.497815,6.137863,150.964174,123420.509357,0.0
EastAveburyToWestA509.298,2733.0,483_1,0.0,0.0,0.0,3162.0,774_2,29.75,11.49,429.0,2237.4,166.0,7,0.0,248.2,0,tripinfo_EastAveburyToWestA509.298 emissions_EastAveburyToWestA509.298,gasoline_euro4,0.92,41395.569642,1136192.710478,214.72821,22.768857,482.693397,362405.328698,0.0
EastAveburyToWestA509.300,2750.0,483_1,0.0,0.0,0.0,3162.0,774_0,29.75,12.0,412.0,2238.9,151.0,8,0.0,240.21,0,tripinfo_EastAveburyToWestA509.300 emissions_EastAveburyToWestA509.300,electric,0.95,0.0,0.0,0.0,0.0,0.0,0.0,0.0
EastAveburyToWestA509.304,2784.0,483_1,0.0,0.0,0.0,3162.0,774_1,29.75,11.61,378.0,2240.45,131.0,4,0.0,183.24,0,tripinfo_EastAveburyToWestA509.304 emissions_EastAveburyToWestA509.304,gasoline_euro4,0.85,32746.290691,980835.181102,171.613458,18.57229,409.409586,312851.150135,0.0
V6ToEastH6.252,3024.0,468_1,0.0,0.0,0.0,3167.0,522_0,56.88,11.59,143.0,1512.23,1.0,1,0.0,18.62,0,tripinfo_V6ToEastH6.252 emissions_V6ToEastH6.252,gasoline_euro4,0.88,4627.890216,366704.089588,29.192196,5.070489,139.416335,116962.810749,0.0
V6ToEastH6.254,3048.0,468_1,0.0,0.0,0.0,3174.0,522_1,56.88,13.56,126.0,1512.23,0.0,0,0.0,19.06,0,tripinfo_V6ToEastH6.254 emissions_V6ToEastH6.254,electric,1.02,0.0,0.0,0.0,0.0,0.0,0.0,0.0
WestA509ToEastH6.69,2484.0,773_0,0.0,0.0,0.0,3178.0,522_0,56.88,14.35,694.0,2716.29,412.0,20,0.0,506.85,0,tripinfo_WestA509ToEastH6.69 emissions_WestA509ToEastH6.69,gasoline_euro4,1.05,84770.942222,1944023.788084,430.957843,42.406104,846.077041,620079.929348,0.0
SouthEvansGateToSilbury.156,2808.0,526_0,0.0,0.0,0.0,3182.0,215_0,19.43,13.57,374.0,1471.73,236.0,5,0.0,267.84,0,tripinfo_SouthEvansGateToSilbury.156 emissions_SouthEvansGateToSilbury.156,gasoline_euro4,1.0,45193.231595,1047731.973011,229.896743,22.653128,454.706271,334192.097302,0.0
SouthEvansGateToSilbury.159,2862.0,526_0,0.0,0.0,0.0,3183.0,215_1,19.43,12.15,321.0,1471.7,178.0,4,0.0,206.69,0,tripinfo_SouthEvansGateToSilbury.159 emissions_SouthEvansGateToSilbury.159,gasoline_euro4,0.93,35415.011006,871199.527872,181.237788,18.05842,373.060293,277883.57684,0.0
SouthEvansGateToSilbury.160,2880.0,526_0,0.0,0.0,0.0,3184.0,215_0,19.43,14.14,304.0,1471.74,145.0,5,0.0,203.01,0,tripinfo_SouthEvansGateToSilbury.160 emissions_SouthEvansGateToSilbury.160,electric,1.06,0.0,0.0,0.0,0.0,0.0,0.0,0.0
V6ToEastH6.255,3060.0,468_1,0.0,0.0,0.0,3184.0,522_1,56.88,12.63,124.0,1512.23,0.0,0,0.0,11.44,0,tripinfo_V6ToEastH6.255 emissions_V6ToEastH6.255,gasoline_euro4,0.97,3383.478461,330234.700229,22.471453,4.713736,125.120527,105330.018397,0.0
SouthEvansGateToSilbury.158,2844.0,526_0,0.0,0.0,0.0,3185.0,215_1,19.43,13.06,341.0,1471.71,190.0,5,0.0,236.57,0,tripinfo_SouthEvansGateToSilbury.158 emissions_SouthEvansGateToSilbury.158,electric,1.02,0.0,0.0,0.0,0.0,0.0,0.0,0.0
SouthEvansGateToSilbury.161,2898.0,526_0,0.0,0.0,0.0,3186.0,215_0,19.43,12.81,288.0,1471.73,131.0,5,0.0,182.18,0,tripinfo_SouthEvansGateToSilbury.161 emissions_SouthEvansGateToSilbury.161,gasoline_euro4,1.01,30179.75443,809877.877508,156.199333,16.98257,349.030872,258321.975792,0.0
EastSilburyToEastAvebury.43,1088.0,317_1,0.0,0.0,0.0,3187.0,213_1,19.13,13.64,2099.0,2116.55,1686.0,34,0.0,1947.07,0,tripinfo_EastSilburyToEastAvebury.43 emissions_EastSilburyToEastAvebury.43,electric,1.01,0.0,0.0,0.0,0.0,0.0,0.0,0.0
EastSilburyToEastAvebury.68,1488.0,317_0,0.0,0.0,0.0,3187.0,213_0,19.13,12.79,1699.0,1550.65,1442.0,20,0.0,1581.78,0,tripinfo_EastSilburyToEastAvebury.68 emissions_EastSilburyToEastAvebury.68,electric,0.95,0.0,0.0,0.0,0.0,0.0,0.0,0.0
EastA509ToH6.149,2682.0,770_0,0.0,0.0,0.0,3187.0,522_0,56.88,13.52,505.0,1483.64,310.0,16,0.0,397.89,0,tripinfo_EastA509ToH6.149 emissions_EastA509ToH6.149,gasoline_euro4,1.0,65787.28285,1427487.600706,332.626483,31.96671,628.791219,455322.954448,0.0
SouthEvansGateToSilbury.163,2934.0,526_0,0.0,0.0,0.0,3187.0,215_1,19.43,16.75,253.0,1471.73,104.0,3,0.0,165.68,0,tripinfo_SouthEvansGateToSilbury.163 emissions_SouthEvansGateToSilbury.163,gasoline_euro4,1.23,26717.173774,781739.641854,139.646216,16.255027,334.257023,249345.590086,0.0
EastA509ToH6.150,2700.0,770_0,0.0,0.0,0.0,3189.0,522_0,56.88,14.03,489.0,1483.69,281.0,15,0.0,385.7,0,tripinfo_EastA509ToH6.150 emissions_EastA509ToH6.150,electric,1.04,0.0,0.0,0.0,0.0,0.0,0.0,0.0
SouthEvansGateToSilbury.162,2916.0,526_0,0.0,0.0,0.0,3190.0,215_0,19.43,11.6,274.0,1471.8,107.0,4,0.0,148.6,0,tripinfo_SouthEvansGateToSilbury.162 emissions_SouthEvansGateToSilbury.162,electric,0.85,0.0,0.0,0.0,0.0,0.0,0.0,0.0
V6ToEastH6.256,3072.0,468_1,0.0,0.0,0.0,3193.0,522_1,56.88,13.64,121.0,1512.23,0.0,0,0.0,17.34,0,tripinfo_V6ToEastH6.256 emissions_V6ToEastH6.256,gasoline_euro4,1.05,4505.789119,370161.410811,28.643068,6.058077,146.047685,118064.342214,0.0
EastAveburyToWestA509.274,2529.0,483_1,0.0,0.0,0.0,3195.0,774_0,29.75,14.42,666.0,2302.08,411.0,12,0.0,515.34,0,tripinfo_EastAveburyToWestA509.274 emissions_EastAveburyToWestA509.274,gasoline_euro4,1.12,83927.8152,1890465.885905,425.885497,42.040214,828.804403,602996.628445,0.0
EastAveburyToWestA509.284,2614.0,483_1,0.0,0.0,0.0,3197.0,774_0,29.75,15.08,583.0,2302.14,329.0,10,0.0,436.68,0,tripinfo_EastAveburyToWestA509.284 emissions_EastAveburyToWestA509.284,electric,1.15,0.0,0.0,0.0,0.0,0.0,0.0,0.0
EastA509ToH6.151,2718.0,770_0,0.0,0.0,0.0,3197.0,522_0,56.88,14.63,479.0,1483.69,269.0,14,0.0,379.92,0,tripinfo_EastA509ToH6.151 emissions_EastA509ToH6.151,gasoline_euro4,1.08,61127.418545,1348185.260627,309.738527,30.223739,593.74866,430027.387657,0.0
EastA509ToH6.152,2736.0,770_0,0.0,0.0,0.0,3202.0,522_0,56.88,11.84,466.0,1483.69,253.0,12,0.0,351.9,0,tripinfo_EastA509ToH6.152 emissions_EastA509ToH6.152,electric,0.94,0.0,0.0,0.0,0.0,0.0,0.0,0.0
EastA509ToH6.94,1692.0,770_0,0.0,0.0,0.0,3205.0,522_1,56.88,14.3,1513.0,2357.86,1245.0,23,0.0,1351.3,0,tripinfo_EastA509ToH6.94 emissions_EastA509ToH6.94,gasoline_euro4,1.05,222349.363056,4045835.996902,1106.22536,95.944984,1815.10599,1290509.306785,0.0
EastAveburyToWestA509.302,2767.0,483_1,0.0,0.0,0.0,3208.0,774_1,29.75,12.83,441.0,2214.84,219.0,8,0.0,276.12,0,tripinfo_EastAveburyToWestA509.302 emissions_EastAveburyToWestA509.302,electric,0.97,0.0,0.0,0.0,0.0,0.0,0.0,0.0
V6ToEastH6.257,3084.0,468_1,0.0,0.0,0.0,3212.0,522_1,56.88,13.1,128.0,1512.23,2.0,1,0.0,17.78,0,tripinfo_V6ToEastH6.257 emissions_V6ToEastH6.257,gasoline_euro4,0.99,4627.32186,369466.325995,29.214454,5.69671,143.208578,117843.176174,0.0
EastAveburyToWestA509.283,2605.0,483_1,0.0,0.0,0.0,3213.0,774_0,29.75,12.57,608.0,2302.12,340.0,10,0.0,424.69,0,tripinfo_EastAveburyToWestA509.283 emissions_EastAveburyToWestA509.283,gasoline_euro4,0.92,69997.020146,1610184.978912,356.13118,34.613238,699.950929,513596.612308,0.0
WestH6ToSaxonSt.240,2880.0,524_0,0.0,0.0,0.0,3217.0,771_1,56.88,14.91,337.0,2555.04,128.0,3,0.0,173.63,0,tripinfo_WestH6ToSaxonSt.240 emissions_WestH6ToSaxonSt.240,gasoline_euro4,1.14,30698.106154,1038347.117856,163.102626,20.479075,433.899037,331192.076953,0.0
EastA509ToH6.118,2124.0,770_0,0.0,0.0,0.0,3218.0,522_1,56.88,11.74,1094.0,3322.55,713.0,22,0.0,833.62,0,tripinfo_EastA509ToH6.118 emissions_EastA509ToH6.118,electric,0.92,0.0,0.0,0.0,0.0,0.0,0.0,0.0
WestA509ToEastH6.61,2199.0,773_0,0.0,0.0,3.0,3220.0,522_1,56.88,12.44,1021.0,2765.35,683.0,24,0.0,803.74,0,tripinfo_WestA509ToEastH6.61 emissions_WestA509ToEastH6.61,gasoline_euro4,0.92,131229.090509,2641275.728328,658.826684,59.383976,1164.485157,842488.508316,0.0
WestH6ToSaxonSt.239,2868.0,524_0,0.0,0.0,0.0,3222.0,771_1,56.88,13.71,354.0,2555.07,130.0,3,0.0,170.94,0,tripinfo_WestH6ToSaxonSt.239 emissions_WestH6ToSaxonSt.239,electric,1.02,0.0,0.0,0.0,0.0,0.0,0.0,0.0
EastAveburyToWestA509.305,2792.0,483_1,0.0,0.0,0.0,3225.0,774_1,29.75,15.41,433.0,2244.08,214.0,5,0.0,289.09,0,tripinfo_EastAveburyToWestA509.305 emissions_EastAveburyToWestA509.305,gasoline_euro4,1.15,48041.375678,1290197.287615,248.561452,27.346194,555.893041,411526.375622,0.0
EastA509ToH6.116,2088.0,770_0,0.0,0.0,0.0,3226.0,522_0,56.88,11.54,1138.0,3322.54,737.0,18,0.0,853.09,0,tripinfo_EastA509ToH6.116 emissions_EastA509ToH6.116,electric,0.84,0.0,0.0,0.0,0.0,0.0,0.0,0.0
EastA509ToH6.119,2142.0,770_0,0.0,0.0,0.0,3226.0,522_1,56.88,14.69,1084.0,3322.55,705.0,19,0.0,859.17,0,tripinfo_EastA509ToH6.119 emissions_EastA509ToH6.119,electric,1.07,0.0,0.0,0.0,0.0,0.0,0.0,0.0
EastAveburyToWestA509.306,2801.0,483_1,0.0,0.0,0.0,3227.0,774_2,29.75,13.65,426.0,2240.45,202.0,6,0.0,265.25,0,tripinfo_EastAveburyToWestA509.306 emissions_EastAveburyToWestA509.306,gasoline_euro4,1.03,44558.232016,1184028.534535,230.105332,24.720351,508.124947,377663.072078,0.0
EastAveburyToWestA509.308,2818.0,483_1,0.0,0.0,0.0,3229.0,774_2,29.75,13.7,411.0,2240.45,183.0,6,0.0,252.42,0,tripinfo_EastAveburyToWestA509.308 emissions_EastAveburyToWestA509.308,gasoline_euro4,1.05,42208.940221,1168914.723495,218.951131,24.108834,499.505976,372841.502651,0.0
EastA509ToH6.121,2178.0,770_0,0.0,0.0,0.0,3230.0,522_1,56.88,12.88,1052.0,3322.55,657.0,21,0.0,793.62,0,tripinfo_EastA509ToH6.121 emissions_EastA509ToH6.121,gasoline_euro4,0.93,130284.368511,2778196.707378,657.647646,61.359305,1217.467609,886158.556299,0.0
WestA509ToAvebury.100,1803.0,773_0,0.0,0.0,3.0,3231.0,213_0,19.13,12.07,1428.0,2323.29,1094.0,25,0.0,1244.02,0,tripinfo_WestA509ToAvebury.100 emissions_WestA509ToAvebury.100,gasoline_euro4,0.92,203801.418252,3719896.616261,1014.715437,87.539093,1666.955599,1186544.038847,0.0
EastA509ToH6.120,2160.0,770_0,0.0,0.0,0.0,3231.0,522_1,56.88,14.2,1071.0,3322.55,693.0,18,0.0,845.51,0,tripinfo_EastA509ToH6.120 emissions_EastA509ToH6.120,electric,1.07,0.0,0.0,0.0,0.0,0.0,0.0,0.0
EastAveburyToWestA509.309,2826.0,483_1,0.0,0.0,0.0,3231.0,774_2,29.75,14.12,405.0,2237.39,171.0,6,0.0,249.45,0,tripinfo_EastAveburyToWestA509.309 emissions_EastAveburyToWestA509.309,gasoline_euro4,1.07,41083.630939,1140414.181779,213.173083,23.480741,486.88842,363750.837326,0.0
WestH6ToSaxonSt.237,2844.0,524_0,0.0,0.0,0.0,3231.0,771_1,56.88,12.26,387.0,2555.03,139.0,4,0.0,183.0,0,tripinfo_WestH6ToSaxonSt.237 emissions_WestH6ToSaxonSt.237,electric,0.91,0.0,0.0,0.0,0.0,0.0,0.0,0.0
WestA509ToAvebury.146,2631.0,773_0,0.0,0.0,3.0,3232.0,213_0,19.13,13.79,601.0,2328.43,366.0,16,0.0,434.06,0,tripinfo_WestA509ToAvebury.146 emissions_WestA509ToAvebury.146,gasoline_euro4,1.01,72575.104305,1627928.049691,367.599541,35.001813,703.648996,519257.374616,0.0
EastAveburyToWestA509.307,2809.0,483_1,0.0,0.0,0.0,3232.0,774_1,29.75,14.57,423.0,2244.08,187.0,6,0.0,267.64,0,tripinfo_EastAveburyToWestA509.307 emissions_EastAveburyToWestA509.307,electric,1.07,0.0,0.0,0.0,0.0,0.0,0.0,0.0
V6ToEastH6.259,3108.0,468_1,0.0,0.0,0.0,3233.0,522_1,56.88,14.34,125.0,1512.23,0.0,0,0.0,25.63,0,tripinfo_V6ToEastH6.259 emissions_V6ToEastH6.259,electric,1.1,0.0,0.0,0.0,0.0,0.0,0.0,0.0
EastAveburyToWestA509.311,2843.0,483_1,0.0,0.0,0.0,3235.0,774_2,29.75,13.59,392.0,2240.45,168.0,6,0.0,227.2,0,tripinfo_EastAveburyToWestA509.311 emissions_EastAveburyToWestA509.311,gasoline_euro4,1.01,38541.683103,1083347.02393,200.081298,21.675046,457.511115,345548.960616,0.0
EastAveburyToWestA509.310,2835.0,483_1,0.0,0.0,0.0,3236.0,774_2,29.75,14.38,401.0,2237.67,161.0,8,0.0,248.69,0,tripinfo_EastAveburyToWestA509.310 emissions_EastAveburyToWestA509.310,gasoline_euro4,1.07,40472.141167,1130373.754488,210.051128,23.294929,482.758731,360548.123526,0.0
EastAveburyToWestA509.299,2741.0,483_1,0.0,0.0,0.0,3238.0,774_2,29.75,14.97,497.0,2215.02,267.0,10,0.0,358.77,0,tripinfo_EastAveburyToWestA509.299 emissions_EastAveburyToWestA509.299,electric,1.17,0.0,0.0,0.0,0.0,0.0,0.0,0.0
V6ToEastH6.258,3096.0,468_1,0.0,0.0,0.0,3240.0,522_0,56.88,10.45,144.0,1512.23,0.0,0,0.0,15.09,0,tripinfo_V6ToEastH6.258 emissions_V6ToEastH6.258,electric,0.85,0.0,0.0,0.0,0.0,0.0,0.0,0.0
WestA509ToAvebury.133,2394.0,773_0,0.0,0.0,0.0,3241.0,213_0,19.13,13.37,847.0,2248.31,612.0,13,0.0,684.56,0,tripinfo_WestA509ToAvebury.133 emissions_WestA509ToAvebury.133,gasoline_euro4,1.0,113699.568843,2308327.156874,571.027175,52.28565,1018.694252,736286.748425,0.0
EastAveburyToWestA509.301,2758.0,483_1,0.0,0.0,0.0,3242.0,774_2,29.75,13.46,484.0,2218.4,248.0,8,0.0,324.98,0,tripinfo_EastAveburyToWestA509.301 emissions_EastAveburyToWestA509.301,gasoline_euro4,1.01,53519.514165,1318889.73026,273.689005,27.822166,567.342626,420681.146008,0.0
V6ToEastH6.260,3120.0,468_1,0.0,0.0,0.0,3263.0,522_0,56.88,10.4,143.0,1512.23,0.0,0,0.0,12.22,0,tripinfo_V6ToEastH6.260 emissions_V6ToEastH6.260,electric,0.83,0.0,0.0,0.0,0.0,0.0,0.0,0.0
V6ToEastH6.261,3132.0,468_1,0.0,0.0,0.0,3267.0,522_1,56.88,11.7,135.0,1512.23,0.0,0,0.0,15.89,0,tripinfo_V6ToEastH6.261 emissions_V6ToEastH6.261,electric,0.92,0.0,0.0,0.0,0.0,0.0,0.0,0.0
V6ToEastH6.262,3144.0,468_1,0.0,0.0,0.0,3268.0,522_1,56.88,13.43,124.0,1512.23,0.0,0,0.0,18.11,0,tripinfo_V6ToEastH6.262 emissions_V6ToEastH6.262,electric,1.03,0.0,0.0,0.0,0.0,0.0,0.0,0.0
SouthEvansGateToSilbury.167,3006.0,526_0,0.0,0.0,0.0,3269.0,215_1,19.43,14.55,263.0,1471.68,133.0,4,0.0,167.95,0,tripinfo_SouthEvansGateToSilbury.167 emissions_SouthEvansGateToSilbury.167,electric,1.12,0.0,0.0,0.0,0.0,0.0,0.0,0.0
WestA509ToAvebury.131,2358.0,773_0,0.0,0.0,0.0,3270.0,213_0,19.13,13.49,912.0,2288.08,655.0,27,0.0,745.3,0,tripinfo_WestA509ToAvebury.131 emissions_WestA509ToAvebury.131,electric,1.0,0.0,0.0,0.0,0.0,0.0,0.0,0.0
EastSilburyToEastAvebury.47,1152.0,317_0,0.0,0.0,0.0,3271.0,213_0,19.13,13.61,2119.0,1590.82,1753.0,37,0.0,2005.53,0,tripinfo_EastSilburyToEastAvebury.47 emissions_EastSilburyToEastAvebury.47,gasoline_euro4,1.02,324209.746119,5521082.204338,1605.08337,134.31356,2502.797925,1761081.11507,0.0
WestA509ToEastH6.74,2664.0,773_0,0.0,0.0,0.0,3271.0,522_0,56.88,14.21,607.0,2716.29,341.0,10,0.0,418.73,0,tripinfo_WestA509ToEastH6.74 emissions_WestA509ToEastH6.74,gasoline_euro4,1.04,70418.822515,1716314.097341,359.918362,36.733053,741.341651,547445.96262,0.0
WestA509ToEastH6.73,2628.0,773_0,0.0,0.0,0.0,3273.0,522_0,56.88,13.34,645.0,2756.02,383.0,9,0.0,452.96,0,tripinfo_WestA509ToEastH6.73 emissions_WestA509ToEastH6.73,gasoline_euro4,1.04,75865.781639,1792219.684878,386.224118,38.412764,774.555235,571658.677253,0.0
SouthEvansGateToSilbury.165,2970.0,526_0,0.0,0.0,0.0,3273.0,215_1,19.43,12.13,303.0,1471.7,163.0,4,0.0,191.46,0,tripinfo_SouthEvansGateToSilbury.165 emissions_SouthEvansGateToSilbury.165,gasoline_euro4,0.96,33366.636487,859826.354389,171.684914,17.827128,368.115401,274254.896852,0.0
SouthEvansGateToSilbury.166,2988.0,526_0,0.0,0.0,0.0,3274.0,215_1,19.43,13.19,286.0,1471.71,130.0,6,0.0,180.7,0,tripinfo_SouthEvansGateToSilbury.166 emissions_SouthEvansGateToSilbury.166,gasoline_euro4,1.01,30050.484513,809822.093808,155.497002,16.850369,347.555496,258304.277419,0.0
WestA509ToEastH6.75,2700.0,773_0,0.0,0.0,0.0,3276.0,522_0,56.88,12.03,576.0,2756.02,306.0,8,0.0,367.71,0,tripinfo_WestA509ToEastH6.75 emissions_WestA509ToEastH6.75,electric,0.96,0.0,0.0,0.0,0.0,0.0,0.0,0.0
SouthEvansGateToSilbury.164,2952.0,526_0,0.0,0.0,0.0,3276.0,215_1,19.43,14.6,324.0,1471.73,172.0,5,0.0,223.81,0,tripinfo_SouthEvansGateToSilbury.164 emissions_SouthEvansGateToSilbury.164,electric,1.06,0.0,0.0,0.0,0.0,0.0,0.0,0.0
SouthEvansGateToSilbury.169,3042.0,526_0,0.0,0.0,0.0,3278.0,215_1,19.43,13.92,236.0,1471.7,99.0,4,0.0,135.92,0,tripinfo_SouthEvansGateToSilbury.169 emissions_SouthEvansGateToSilbury.169,gasoline_euro4,1.07,23471.793286,685018.537645,122.569121,14.097708,291.924406,218495.39941,0.0
V6ToEastH6.263,3156.0,468_1,0.0,0.0,0.0,3289.0,522_1,56.88,11.9,133.0,1512.23,0.0,0,0.0,12.81,0,tripinfo_V6ToEastH6.263 emissions_V6ToEastH6.263,electric,0.91,0.0,0.0,0.0,0.0,0.0,0.0,0.0
EastAveburyToWestA509.285,2622.0,483_1,0.0,0.0,0.0,3294.0,774_0,29.75,11.85,672.0,2302.14,387.0,11,0.0,482.65,0,tripinfo_EastAveburyToWestA509.285 emissions_EastAveburyToWestA509.285,electric,0.89,0.0,0.0,0.0,0.0,0.0,0.0,0.0
V6ToEastH6.264,3168.0,468_1,0.0,0.0,0.0,3295.0,522_1,56.88,12.85,127.0,1512.23,0.0,0,0.0,14.7,0,tripinfo_V6ToEastH6.264 emissions_V6ToEastH6.264,gasoline_euro4,0.97,4057.864904,358477.798783,26.374059,5.382787,138.404854,114338.197869,0.0
EastAveburyToWestA509.312,2852.0,483_1,0.0,0.0,0.0,3309.0,774_2,29.75,15.89,457.0,2237.4,241.0,7,0.0,319.68,0,tripinfo_EastAveburyToWestA509.312 emissions_EastAveburyToWestA509.312,gasoline_euro4,1.21,51331.040355,1299217.262121,263.03998,27.345505,556.504906,414405.516559,0.0
V6ToEastH6.265,3180.0,468_1,0.0,0.0,0.0,3310.0,522_1,56.88,12.12,130.0,1512.23,0.0,0,0.0,13.32,0,tripinfo_V6ToEastH6.265 emissions_V6ToEastH6.265,gasoline_euro4,0.94,3857.480343,362284.971533,25.594681,5.128487,137.845884,115552.745701,0.0
WestH6ToSaxonSt.241,2892.0,524_0,0.0,0.0,0.0,3311.0,771_1,56.88,13.16,419.0,2555.03,171.0,5,0.0,227.73,0,tripinfo_WestH6ToSaxonSt.241 emissions_WestH6ToSaxonSt.241,electric,0.97,0.0,0.0,0.0,0.0,0.0,0.0,0.0
WestH6ToSaxonSt.243,2916.0,524_0,0.0,0.0,0.0,3313.0,771_1,56.88,14.04,397.0,2555.03,159.0,5,0.0,217.46,0,tripinfo_WestH6ToSaxonSt.243 emissions_WestH6ToSaxonSt.243,gasoline_euro4,1.04,36764.436853,1114184.284904,192.674977,21.991956,467.793055,355383.510685,0.0
WestH6ToSaxonSt.242,2904.0,524_0,0.0,0.0,0.0,3315.0,771_1,56.88,12.97,411.0,2555.04,167.0,5,0.0,225.44,0,tripinfo_WestH6ToSaxonSt.242 emissions_WestH6ToSaxonSt.242,gasoline_euro4,1.0,38526.956573,1134833.861903,200.94126,22.193409,475.453539,361970.841439,0.0
V6ToEastH6.267,3204.0,468_1,0.0,0.0,0.0,3315.0,522_1,56.88,15.49,111.0,1512.23,0.0,0,0.0,13.84,0,tripinfo_V6ToEastH6.267 emissions_V6ToEastH6.267,gasoline_euro4,1.12,4240.423931,379245.437777,27.235682,6.204173,147.884619,120961.509772,0.0
WestA509ToAvebury.149,2682.0,773_0,0.0,0.0,0.0,3317.0,213_0,19.13,13.74,635.0,2328.43,415.0,13,0.0,469.51,0,tripinfo_WestA509ToAvebury.149 emissions_WestA509ToAvebury.149,gasoline_euro4,1.02,78978.914632,1741955.237365,399.45188,38.026768,757.393612,555628.566184,0.0
WestA509ToAvebury.151,2718.0,773_0,0.0,0.0,0.0,3320.0,213_0,19.13,12.2,602.0,2328.43,364.0,10,0.0,421.24,0,tripinfo_WestA509ToAvebury.151 emissions_WestA509ToAvebury.151,electric,0.94,0.0,0.0,0.0,0.0,0.0,0.0,0.0
EastAveburyToWestA509.313,2860.0,483_1,0.0,0.0,0.0,3321.0,774_2,29.75,13.07,461.0,2240.45,232.0,6,0.0,287.26,0,tripinfo_EastAveburyToWestA509.313 emissions_EastAveburyToWestA509.313,electric,0.96,0.0,0.0,0.0,0.0,0.0,0.0,0.0
EastAveburyToWestA509.314,2869.0,483_1,0.0,0.0,0.0,3321.0,774_1,29.75,13.67,452.0,2244.08,219.0,7,0.0,294.88,0,tripinfo_EastAveburyToWestA509.314 emissions_EastAveburyToWestA509.314,gasoline_euro4,1.05,48919.68626,1271594.107557,252.051337,26.847065,547.648944,405593.719225,0.0
EastAveburyToWestA509.315,2877.0,483_1,0.0,0.0,0.0,3322.0,774_2,29.75,13.46,445.0,2240.45,215.0,6,0.0,290.84,0,tripinfo_EastAveburyToWestA509.315 emissions_EastAveburyToWestA509.315,gasoline_euro4,1.07,47399.566369,1236756.03405,244.437948,25.849854,531.585726,394481.782126,0.0
EastAveburyToWestA509.317,2894.0,483_1,0.0,0.0,0.0,3327.0,774_1,29.75,12.65,433.0,2237.66,176.0,7,0.0,253.2,0,tripinfo_EastAveburyToWestA509.317 emissions_EastAveburyToWestA509.317,electric,0.91,0.0,0.0,0.0,0.0,0.0,0.0,0.0
EastAveburyToWestA509.318,2903.0,483_1,0.0,0.0,0.0,3327.0,774_2,29.75,13.96,424.0,2237.39,162.0,5,0.0,262.15,0,tripinfo_EastAveburyToWestA509.318 emissions_EastAveburyToWestA509.318,gasoline_euro4,1.02,40887.710092,1125105.746561,211.996963,22.855287,479.826431,358868.52521,0.0
V6ToEastH6.266,3192.0,468_1,0.0,0.0,0.0,3337.0,522_0,56.88,10.72,145.0,1512.23,0.0,0,0.0,12.06,0,tripinfo_V6ToEastH6.266 emissions_V6ToEastH6.266,gasoline_euro4,0.82,3999.276043,334876.845646,25.809157,4.381672,126.369091,106811.395981,0.0
EastAveburyToWestA509.316,2886.0,483_1,0.0,0.0,0.0,3339.0,774_0,29.75,10.79,453.0,2240.43,182.0,7,0.0,244.32,0,tripinfo_EastAveburyToWestA509.316 emissions_EastAveburyToWestA509.316,gasoline_euro4,0.79,42311.962322,1110866.849725,218.422237,21.903888,471.020981,354328.774455,0.0
V6ToEastH6.269,3228.0,468_1,0.0,0.0,0.0,3348.0,522_1,56.88,14.29,120.0,1512.23,0.0,0,0.0,13.74,0,tripinfo_V6ToEastH6.269 emissions_V6ToEastH6.269,gasoline_euro4,1.03,3817.275231,356244.625187,25.208886,5.472064,137.585182,113625.676742,0.0
WestA509ToAvebury.96,1731.0,773_0,0.0,0.0,3.0,3357.0,213_1,19.13,13.46,1626.0,2288.02,1329.0,34,0.0,1467.82,0,tripinfo_WestA509ToAvebury.96 emissions_WestA509ToAvebury.96,gasoline_euro4,1.05,240642.04288,4329894.319364,1196.858597,103.539946,1949.775174,1381116.759821,0.0
EastA509ToH6.156,2808.0,770_0,0.0,0.0,0.0,3357.0,522_0,56.88,13.19,549.0,1483.64,363.0,10,0.0,444.96,0,tripinfo_EastA509ToH6.156 emissions_EastA509ToH6.156,electric,1.03,0.0,0.0,0.0,0.0,0.0,0.0,0.0
V6ToEastH6.268,3216.0,468_1,0.0,0.0,0.0,3357.0,522_1,56.88,11.61,141.0,1512.23,0.0,0,0.0,11.92,0,tripinfo_V6ToEastH6.268 emissions_V6ToEastH6.268,gasoline_euro4,0.85,4237.691539,353664.538216,27.32984,4.995426,135.605024,112803.474642,0.0
SouthEvansGateToSilbury.168,3024.0,526_0,0.0,0.0,0.0,3358.0,215_1,19.43,13.17,334.0,1471.71,190.0,5,0.0,230.24,0,tripinfo_SouthEvansGateToSilbury.168 emissions_SouthEvansGateToSilbury.168,electric,1.02,0.0,0.0,0.0,0.0,0.0,0.0,0.0
WestA509ToAvebury.111,1998.0,773_0,0.0,0.0,0.0,3359.0,213_0,19.13,11.53,1361.0,2288.61,1098.0,21,0.0,1168.84,0,tripinfo_WestA509ToAvebury.111 emissions_WestA509ToAvebury.111,gasoline_euro4,0.87,194305.03336,3566198.457419,968.025558,83.322495,1594.038456,1137518.627792,0.0
SouthEvansGateToSilbury.172,3096.0,526_0,0.0,0.0,0.0,3360.0,215_1,19.43,14.12,264.0,1471.71,118.0,4,0.0,164.86,0,tripinfo_SouthEvansGateToSilbury.172 emissions_SouthEvansGateToSilbury.172,gasoline_euro4,1.07,26845.969283,758097.180578,139.697654,15.571426,323.641925,241805.312395,0.0
V6ToEastH6.270,3240.0,468_1,0.0,0.0,0.0,3360.0,522_1,56.88,13.65,120.0,1512.23,0.0,0,0.0,14.3,0,tripinfo_V6ToEastH6.270 emissions_V6ToEastH6.270,gasoline_euro4,1.04,4387.361292,383744.653369,28.35168,6.114406,149.401279,122396.837874,0.0
EastA509ToH6.157,2826.0,770_0,0.0,0.0,0.0,3363.0,522_0,56.88,14.62,537.0,1483.69,357.0,9,0.0,441.06,0,tripinfo_EastA509ToH6.157 emissions_EastA509ToH6.157,gasoline_euro4,1.12,72317.558726,1534170.503542,364.948921,35.124732,680.634652,489351.524479,0.0
SouthEvansGateToSilbury.171,3078.0,526_0,0.0,0.0,0.0,3364.0,215_1,19.43,11.53,286.0,1471.74,133.0,4,0.0,165.19,0,tripinfo_SouthEvansGateToSilbury.171 emissions_SouthEvansGateToSilbury.171,electric,0.88,0.0,0.0,0.0,0.0,0.0,0.0,0.0
SouthEvansGateToSilbury.170,3060.0,526_0,0.0,0.0,0.0,3365.0,215_1,19.43,11.99,305.0,1471.73,146.0,5,0.0,192.95,0,tripinfo_SouthEvansGateToSilbury.170 emissions_SouthEvansGateToSilbury.170,electric,0.95,0.0,0.0,0.0,0.0,0.0,0.0,0.0
EastA509ToH6.158,2844.0,770_0,0.0,0.0,0.0,3367.0,522_0,56.88,12.67,523.0,1483.69,333.0,8,0.0,413.7,0,tripinfo_EastA509ToH6.158 emissions_EastA509ToH6.158,electric,0.98,0.0,0.0,0.0,0.0,0.0,0.0,0.0
SouthEvansGateToSilbury.173,3114.0,526_0,0.0,0.0,0.0,3367.0,215_1,19.43,14.14,253.0,1471.73,117.0,3,0.0,155.04,0,tripinfo_SouthEvansGateToSilbury.173 emissions_SouthEvansGateToSilbury.173,electric,1.09,0.0,0.0,0.0,0.0,0.0,0.0,0.0
EastA509ToH6.159,2862.0,770_0,0.0,0.0,0.0,3368.0,522_1,56.88,13.87,506.0,1483.69,317.0,8,0.0,405.59,0,tripinfo_EastA509ToH6.159 emissions_EastA509ToH6.159,electric,1.07,0.0,0.0,0.0,0.0,0.0,0.0,0.0
EastA509ToH6.160,2880.0,770_0,0.0,0.0,0.0,3369.0,522_0,56.88,14.07,489.0,1483.69,301.0,8,0.0,389.06,0,tripinfo_EastA509ToH6.160 emissions_EastA509ToH6.160,gasoline_euro4,1.07,61758.685984,1341772.585644,312.262641,30.146693,591.362161,427982.443938,0.0
V6ToEastH6.272,3264.0,468_1,0.0,0.0,0.0,3383.0,522_1,56.88,14.68,119.0,1512.23,0.0,0,0.0,18.54,0,tripinfo_V6ToEastH6.272 emissions_V6ToEastH6.272,gasoline_euro4,1.09,4579.658759,383271.552785,29.289906,6.364772,151.459515,122245.735169,0.0
V6ToEastH6.271,3252.0,468_1,0.0,0.0,0.0,3389.0,522_0,56.88,11.69,137.0,1512.23,0.0,0,0.0,13.29,0,tripinfo_V6ToEastH6.271 emissions_V6ToEastH6.271,gasoline_euro4,0.88,4224.031434,354922.884515,27.103952,5.152349,136.505973,113204.677494,0.0
EastA509ToH6.126,2268.0,770_0,0.0,0.0,0.0,3391.0,522_1,56.88,13.18,1123.0,2408.85,856.0,19,0.0,945.69,0,tripinfo_EastA509ToH6.126 emissions_EastA509ToH6.126,electric,0.98,0.0,0.0,0.0,0.0,0.0,0.0,0.0
V6ToEastH6.273,3276.0,468_1,0.0,0.0,0.0,3392.0,522_1,56.88,15.19,116.0,1512.23,0.0,0,0.0,17.93,0,tripinfo_V6ToEastH6.273 emissions_V6ToEastH6.273,gasoline_euro4,1.11,4907.978579,406719.662747,31.453553,6.959986,161.838419,129724.408295,0.0
WestA509ToEastH6.71,2559.0,773_0,0.0,0.0,3.0,3395.0,522_1,56.88,14.07,836.0,2721.0,574.0,22,0.0,641.81,0,tripinfo_WestA509ToEastH6.71 emissions_WestA509ToEastH6.71,gasoline_euro4,1.01,107216.865181,2271250.956377,540.372605,50.318464,992.723076,724459.004735,0.0
WestH6ToSaxonSt.244,2928.0,524_0,0.0,0.0,0.0,3398.0,771_1,56.88,13.65,470.0,2555.04,223.0,8,0.0,295.16,0,tripinfo_WestH6ToSaxonSt.244 emissions_WestH6ToSaxonSt.244,gasoline_euro4,1.07,49699.374882,1337650.593196,256.778542,27.530598,569.455838,426663.178685,0.0
EastAveburyToWestA509.323,2954.0,483_1,0.0,0.0,9.0,3398.0,774_2,29.75,15.78,444.0,2237.66,226.0,5,0.0,301.28,0,tripinfo_EastAveburyToWestA509.323 emissions_EastAveburyToWestA509.323,electric,1.14,0.0,0.0,0.0,0.0,0.0,0.0,0.0
WestH6ToSaxonSt.245,2940.0,524_0,0.0,0.0,0.0,3399.0,771_1,56.88,13.91,459.0,2555.04,222.0,6,0.0,287.87,0,tripinfo_WestH6ToSaxonSt.245 emissions_WestH6ToSaxonSt.245,gasoline_euro4,1.09,48417.171547,1299997.848311,249.79142,26.648727,551.813235,414653.493557,0.0
EastAveburyToWestA509.319,2911.0,483_1,0.0,0.0,0.0,3401.0,774_2,29.75,14.75,490.0,2240.46,273.0,6,0.0,342.02,0,tripinfo_EastAveburyToWestA509.319 emissions_EastAveburyToWestA509.319,electric,1.12,0.0,0.0,0.0,0.0,0.0,0.0,0.0
WestH6ToSaxonSt.246,2952.0,524_0,0.0,0.0,0.0,3402.0,771_1,56.88,13.6,450.0,2555.03,216.0,7,0.0,268.3,0,tripinfo_WestH6ToSaxonSt.246 emissions_WestH6ToSaxonSt.246,gasoline_euro4,1.02,45559.218975,1239907.94847,235.148604,24.942845,523.325898,395487.08541,0.0
EastA509ToH6.127,2286.0,770_0,0.0,0.0,0.0,3406.0,522_0,56.88,15.28,1120.0,2408.85,855.0,20,0.0,972.01,0,tripinfo_EastA509ToH6.127 emissions_EastA509ToH6.127,gasoline_euro4,1.18,158178.116966,3093164.139407,792.215289,71.880207,1378.030583,986627.624733,0.0
EastAveburyToWestA509.325,2962.0,483_1,0.0,0.0,0.0,3406.0,774_1,29.75,15.51,444.0,2238.14,217.0,5,0.0,302.15,0,tripinfo_EastAveburyToWestA509.325 emissions_EastAveburyToWestA509.325,electric,1.16,0.0,0.0,0.0,0.0,0.0,0.0,0.0
EastA509ToH6.122,2196.0,770_0,0.0,0.0,0.0,3408.0,522_0,56.88,11.02,1212.0,3322.55,824.0,21,0.0,935.65,0,tripinfo_EastA509ToH6.122 emissions_EastA509ToH6.122,electric,0.87,0.0,0.0,0.0,0.0,0.0,0.0,0.0
V6ToEastH6.274,3288.0,468_1,0.0,0.0,0.0,3409.0,522_1,56.88,14.03,121.0,1512.23,0.0,0,0.0,13.73,0,tripinfo_V6ToEastH6.274 emissions_V6ToEastH6.274,gasoline_euro4,1.02,4106.545857,364495.789572,26.627354,5.752435,141.962769,116257.336691,0.0
WestA509ToAvebury.104,1875.0,773_0,0.0,0.0,3.0,3410.0,213_0,19.13,12.97,1535.0,2323.29,1193.0,28,0.0,1364.22,0,tripinfo_WestA509ToAvebury.104 emissions_WestA509ToAvebury.104,gasoline_euro4,0.99,221770.920693,3988449.624272,1102.581673,94.453009,1789.268543,1272206.483758,0.0
EastAveburyToWestA509.320,2945.0,483_1,0.0,0.0,25.0,3410.0,774_1,29.75,11.82,465.0,2237.39,231.0,5,0.0,288.43,0,tripinfo_EastAveburyToWestA509.320 emissions_EastAveburyToWestA509.320,electric,0.94,0.0,0.0,0.0,0.0,0.0,0.0,0.0
EastAveburyToWestA509.324,2957.0,483_1,0.0,0.0,3.0,3411.0,774_2,29.75,14.11,454.0,2237.39,215.0,5,0.0,303.55,0,tripinfo_EastAveburyToWestA509.324 emissions_EastAveburyToWestA509.324,gasoline_euro4,1.1,48505.973019,1260258.338694,249.869205,26.368825,541.700282,401978.269733,0.0
EastAveburyToWestA509.327,3032.0,483_1,0.0,0.0,53.0,3416.0,774_1,29.75,13.23,384.0,2240.45,145.0,4,0.0,210.24,0,tripinfo_EastAveburyToWestA509.327 emissions_EastAveburyToWestA509.327,gasoline_euro4,0.96,35635.565999,1045443.878739,186.510386,20.648399,441.519349,333458.499596,0.0
EastAveburyToWestA509.321,2948.0,483_1,0.0,0.0,20.0,3419.0,774_0,29.75,12.8,471.0,2241.02,222.0,5,0.0,292.08,0,tripinfo_EastAveburyToWestA509.321 emissions_EastAveburyToWestA509.321,gasoline_euro4,0.93,48673.758078,1240455.05973,250.109011,25.578523,530.873351,395662.771229,0.0
EastAveburyToWestA509.326,2971.0,483_1,0.0,0.0,0.0,3419.0,774_2,29.75,11.96,448.0,2240.46,205.0,6,0.0,269.84,0,tripinfo_EastAveburyToWestA509.326 emissions_EastAveburyToWestA509.326,gasoline_euro4,0.93,46093.423265,1215194.75706,237.753031,24.57437,516.977249,387605.13928,0.0
EastAveburyToWestA509.322,2951.0,483_1,0.0,0.0,14.0,3421.0,774_2,29.75,12.71,470.0,2243.6,219.0,6,0.0,301.81,0,tripinfo_EastAveburyToWestA509.322 emissions_EastAveburyToWestA509.322,electric,0.99,0.0,0.0,0.0,0.0,0.0,0.0,0.0
EastSilburyToEastAvebury.98,1968.0,317_1,0.0,0.0,0.0,3424.0,213_1,19.13,14.9,1456.0,2638.68,1163.0,25,0.0,1279.82,0,tripinfo_EastSilburyToEastAvebury.98 emissions_EastSilburyToEastAvebury.98,electric,1.09,0.0,0.0,0.0,0.0,0.0,0.0,0.0
V6ToEastH6.275,3300.0,468_1,0.0,0.0,0.0,3428.0,522_1,56.88,13.21,128.0,1512.23,0.0,0,0.0,19.3,0,tripinfo_V6ToEastH6.275 emissions_V6ToEastH6.275,gasoline_euro4,1.01,4807.023043,390251.372852,30.249438,6.095537,152.015346,124472.471812,0.0
EastA509ToH6.161,2898.0,770_0,0.0,0.0,0.0,3436.0,522_0,56.88,12.65,538.0,1483.69,348.0,8,0.0,429.27,0,tripinfo_EastA509ToH6.161 emissions_EastA509ToH6.161,gasoline_euro4,0.99,69492.166497,1457831.451659,350.31489,33.005307,644.560892,465002.750208,0.0
V6ToEastH6.276,3312.0,468_1,0.0,0.0,0.0,3440.0,522_1,56.88,12.37,128.0,1512.23,0.0,0,0.0,14.0,0,tripinfo_V6ToEastH6.276 emissions_V6ToEastH6.276,gasoline_euro4,0.96,4193.027274,363394.13752,27.221511,5.544117,140.922718,115906.259058,0.0
V6ToEastH6.277,3324.0,468_1,0.0,0.0,0.0,3442.0,522_1,56.88,15.11,118.0,1512.23,0.0,0,0.0,24.44,0,tripinfo_V6ToEastH6.277 emissions_V6ToEastH6.277,gasoline_euro4,1.17,5411.936628,425632.219797,33.875645,7.25984,168.923879,135756.778255,0.0
EastSilburyToEastAvebury.48,1168.0,317_0,0.0,0.0,0.0,3445.0,213_0,19.13,14.87,2277.0,1590.85,1925.0,44,0.0,2170.44,0,tripinfo_EastSilburyToEastAvebury.48 emissions_EastSilburyToEastAvebury.48,gasoline_euro4,1.09,351832.30976,6001990.206512,1742.38253,146.545458,2725.06159,1914477.160527,0.0
WestA509ToAvebury.141,2538.0,773_0,0.0,0.0,0.0,3446.0,213_1,19.13,13.43,908.0,2288.06,686.0,18,0.0,750.15,0,tripinfo_WestA509ToAvebury.141 emissions_WestA509ToAvebury.141,electric,1.05,0.0,0.0,0.0,0.0,0.0,0.0,0.0
EastA509ToH6.162,2916.0,770_0,0.0,0.0,0.0,3446.0,522_0,56.88,13.65,530.0,1483.69,342.0,10,0.0,426.32,0,tripinfo_EastA509ToH6.162 emissions_EastA509ToH6.162,gasoline_euro4,1.04,69368.088661,1466012.379412,349.797153,33.017022,646.64088,467612.074057,0.0
SouthEvansGateToSilbury.176,3168.0,526_0,0.0,0.0,0.0,3446.0,215_1,19.43,12.79,278.0,1471.68,135.0,5,0.0,173.36,0,tripinfo_SouthEvansGateToSilbury.176 emissions_SouthEvansGateToSilbury.176,electric,1.01,0.0,0.0,0.0,0.0,0.0,0.0,0.0
EastA509ToH6.163,2934.0,770_0,0.0,0.0,0.0,3448.0,522_0,56.88,13.54,514.0,1483.69,318.0,10,0.0,412.5,0,tripinfo_EastA509ToH6.163 emissions_EastA509ToH6.163,electric,1.06,0.0,0.0,0.0,0.0,0.0,0.0,0.0
SouthEvansGateToSilbury.174,3132.0,526_0,0.0,0.0,0.0,3448.0,215_1,19.43,14.5,316.0,1471.7,169.0,5,0.0,215.12,0,tripinfo_SouthEvansGateToSilbury.174 emissions_SouthEvansGateToSilbury.174,electric,1.06,0.0,0.0,0.0,0.0,0.0,0.0,0.0
EastSilburyToEastAvebury.51,1216.0,317_0,0.0,0.0,0.0,3449.0,213_1,19.13,12.12,2233.0,1590.8,1839.0,38,0.0,2111.66,0,tripinfo_EastSilburyToEastAvebury.51 emissions_EastSilburyToEastAvebury.51,gasoline_euro4,0.96,342798.470031,5822839.751495,1697.139387,142.025149,2644.074706,1857333.944856,0.0
EastA509ToH6.164,2952.0,770_0,0.0,0.0,0.0,3449.0,522_0,56.88,15.83,497.0,1483.69,313.0,10,0.0,407.96,0,tripinfo_EastA509ToH6.164 emissions_EastA509ToH6.164,electric,1.2,0.0,0.0,0.0,0.0,0.0,0.0,0.0
SouthEvansGateToSilbury.177,3186.0,526_0,0.0,0.0,0.0,3451.0,215_1,19.43,11.56,265.0,1471.71,111.0,5,0.0,148.03,0,tripinfo_SouthEvansGateToSilbury.177 emissions_SouthEvansGateToSilbury.177,gasoline_euro4,0.91,25805.478975,710498.73563,133.915456,14.240727,301.401861,226623.978896,0.0
EastA509ToH6.165,2970.0,770_0,0.0,0.0,0.0,3453.0,522_1,56.88,14.61,483.0,1483.69,296.0,8,0.0,384.67,0,tripinfo_EastA509ToH6.165 emissions_EastA509ToH6.165,gasoline_euro4,1.09,61352.970253,1354765.398787,310.824845,30.302446,596.242227,432126.258812,0.0
EastA509ToH6.166,2988.0,770_0,0.0,0.0,0.0,3453.0,522_0,56.88,12.83,465.0,1483.69,271.0,8,0.0,349.72,0,tripinfo_EastA509ToH6.166 emissions_EastA509ToH6.166,electric,0.93,0.0,0.0,0.0,0.0,0.0,0.0,0.0
SouthEvansGateToSilbury.175,3150.0,526_0,0.0,0.0,0.0,3453.0,215_1,19.43,14.95,303.0,1471.73,143.0,5,0.0,211.25,0,tripinfo_SouthEvansGateToSilbury.175 emissions_SouthEvansGateToSilbury.175,electric,1.16,0.0,0.0,0.0,0.0,0.0,0.0,0.0
V6ToEastH6.279,3348.0,468_1,0.0,0.0,0.0,3465.0,522_1,56.88,15.29,117.0,1512.23,0.0,0,0.0,17.97,0,tripinfo_V6ToEastH6.279 emissions_V6ToEastH6.279,gasoline_euro4,1.11,4313.488354,380247.070785,27.824249,6.149217,148.73351,121281.103862,0.0
V6ToEastH6.278,3336.0,468_1,0.0,0.0,0.0,3476.0,522_0,56.88,11.56,140.0,1512.23,0.0,0,0.0,12.46,0,tripinfo_V6ToEastH6.278 emissions_V6ToEastH6.278,gasoline_euro4,0.86,4115.900124,350457.510033,26.676934,4.855148,133.6618,111780.628632,0.0
WestA509ToEastH6.63,2268.0,773_0,0.0,0.0,0.0,3478.0,522_1,56.88,13.7,1210.0,2721.53,914.0,24,0.0,1018.4,0,tripinfo_WestA509ToEastH6.63 emissions_WestA509ToEastH6.63,electric,1.03,0.0,0.0,0.0,0.0,0.0,0.0,0.0
V6ToEastH6.280,3360.0,468_1,0.0,0.0,0.0,3482.0,522_1,56.88,13.86,122.0,1512.23,0.0,0,0.0,13.79,0,tripinfo_V6ToEastH6.280 emissions_V6ToEastH6.280,electric,1.01,0.0,0.0,0.0,0.0,0.0,0.0,0.0
WestH6ToSaxonSt.247,2964.0,524_0,0.0,0.0,0.0,3483.0,771_1,56.88,14.1,519.0,2555.04,271.0,9,0.0,343.27,0,tripinfo_WestH6ToSaxonSt.247 emissions_WestH6ToSaxonSt.247,electric,1.06,0.0,0.0,0.0,0.0,0.0,0.0,0.0
WestA509ToEastH6.72,2595.0,773_0,0.0,0.0,3.0,3486.0,522_1,56.88,12.66,891.0,2721.0,603.0,20,0.0,685.64,0,tripinfo_WestA509ToEastH6.72 emissions_WestA509ToEastH6.72,gasoline_euro4,0.96,114290.213798,2385711.569121,575.319067,53.103004,1046.467789,760969.101188,0.0
WestH6ToSaxonSt.248,2976.0,524_0,0.0,0.0,0.0,3487.0,771_1,56.88,13.11,511.0,2555.03,254.0,13,0.0,327.77,0,tripinfo_WestH6ToSaxonSt.248 emissions_WestH6ToSaxonSt.248,electric,1.02,0.0,0.0,0.0,0.0,0.0,0.0,0.0
WestA509ToAvebury.102,1839.0,773_0,0.0,0.0,3.0,3488.0,213_0,19.13,15.42,1649.0,2277.04,1388.0,31,0.0,1501.55,0,tripinfo_WestA509ToAvebury.102 emissions_WestA509ToAvebury.102,gasoline_euro4,1.13,246378.349853,4445001.986666,1225.106237,106.140685,1998.651899,1417832.643867,0.0
EastAveburyToWestA509.329,3039.0,483_1,0.0,0.0,43.0,3489.0,774_2,29.75,13.8,450.0,2237.38,222.0,5,0.0,296.33,0,tripinfo_EastAveburyToWestA509.329 emissions_EastAveburyToWestA509.329,electric,1.08,0.0,0.0,0.0,0.0,0.0,0.0,0.0
WestH6ToSaxonSt.249,2988.0,524_0,0.0,0.0,0.0,3491.0,771_1,56.88,13.11,503.0,2555.02,241.0,10,0.0,308.6,0,tripinfo_WestH6ToSaxonSt.249 emissions_WestH6ToSaxonSt.249,electric,0.96,0.0,0.0,0.0,0.0,0.0,0.0,0.0
V6ToEastH6.281,3372.0,468_1,0.0,0.0,0.0,3491.0,522_1,56.88,13.24,119.0,1512.23,0.0,0,0.0,14.08,0,tripinfo_V6ToEastH6.281 emissions_V6ToEastH6.281,gasoline_euro4,1.05,4187.166085,377803.363289,27.250439,5.976838,146.932284,120501.780981,0.0
EastAveburyToWestA509.328,3035.0,483_1,0.0,0.0,47.0,3497.0,774_1,29.75,12.79,462.0,2240.45,218.0,6,0.0,284.28,0,tripinfo_EastAveburyToWestA509.328 emissions_EastAveburyToWestA509.328,gasoline_euro4,0.93,48124.478539,1238152.842804,247.524706,25.472332,529.567059,394928.210831,0.0
EastAveburyToWestA509.331,3044.0,483_1,0.0,0.0,31.0,3499.0,774_2,29.75,13.09,455.0,2237.66,211.0,6,0.0,281.42,0,tripinfo_EastAveburyToWestA509.331 emissions_EastAveburyToWestA509.331,electric,0.94,0.0,0.0,0.0,0.0,0.0,0.0,0.0
V6ToEastH6.282,3384.0,468_1,0.0,0.0,0.0,3501.0,522_1,56.88,14.67,117.0,1512.23,0.0,0,0.0,13.67,0,tripinfo_V6ToEastH6.282 emissions_V6ToEastH6.282,electric,1.06,0.0,0.0,0.0,0.0,0.0,0.0,0.0
EastAveburyToWestA509.330,3041.0,483_1,0.0,0.0,36.0,3502.0,774_0,29.75,12.66,461.0,2244.08,210.0,5,0.0,279.77,0,tripinfo_EastAveburyToWestA509.330 emissions_EastAveburyToWestA509.330,gasoline_euro4,0.92,46825.511969,1232398.809452,241.441176,24.850764,523.935929,393092.758603,0.0
EastAveburyToWestA509.333,3050.0,483_1,0.0,0.0,20.0,3503.0,774_2,29.75,12.08,453.0,2237.39,211.0,6,0.0,266.54,0,tripinfo_EastAveburyToWestA509.333 emissions_EastAveburyToWestA509.333,electric,0.89,0.0,0.0,0.0,0.0,0.0,0.0,0.0
EastAveburyToWestA509.332,3047.0,483_1,0.0,0.0,25.0,3505.0,774_2,29.75,13.04,458.0,2240.45,199.0,7,0.0,293.97,0,tripinfo_EastAveburyToWestA509.332 emissions_EastAveburyToWestA509.332,gasoline_euro4,1.01,46598.886891,1227811.231641,240.47378,25.379966,526.821287,391628.680018,0.0
V6ToEastH6.283,3396.0,468_1,0.0,0.0,0.0,3506.0,522_1,56.88,15.57,110.0,1512.23,0.0,0,0.0,14.26,0,tripinfo_V6ToEastH6.283 emissions_V6ToEastH6.283,electric,1.15,0.0,0.0,0.0,0.0,0.0,0.0,0.0
EastAveburyToWestA509.334,3053.0,483_1,0.0,0.0,14.0,3507.0,774_0,29.75,12.29,454.0,2238.15,206.0,6,0.0,273.85,0,tripinfo_EastAveburyToWestA509.334 emissions_EastAveburyToWestA509.334,electric,0.91,0.0,0.0,0.0,0.0,0.0,0.0,0.0
EastA509ToH6.167,3006.0,770_0,0.0,0.0,0.0,3523.0,522_0,56.88,14.3,517.0,1483.69,335.0,11,0.0,418.67,0,tripinfo_EastA509ToH6.167 emissions_EastA509ToH6.167,electric,1.1,0.0,0.0,0.0,0.0,0.0,0.0,0.0
EastA509ToH6.168,3024.0,770_0,0.0,0.0,0.0,3528.0,522_1,56.88,14.84,504.0,1483.69,332.0,7,0.0,410.23,0,tripinfo_EastA509ToH6.168 emissions_EastA509ToH6.168,electric,1.15,0.0,0.0,0.0,0.0,0.0,0.0,0.0
EastA509ToH6.155,2790.0,770_0,0.0,0.0,0.0,3529.0,522_0,56.88,12.51,739.0,1444.96,561.0,8,0.0,632.12,0,tripinfo_EastA509ToH6.155 emissions_EastA509ToH6.155,gasoline_euro4,0.97,104223.573471,2001075.920993,521.233629,46.730048,894.380327,638284.771927,0.0
WestA509ToAvebury.145,2610.0,773_0,0.0,0.0,0.0,3530.0,213_0,19.13,15.81,920.0,2288.08,709.0,16,0.0,778.91,0,tripinfo_WestA509ToAvebury.145 emissions_WestA509ToAvebury.145,gasoline_euro4,1.18,129320.471882,2577669.881116,648.334643,59.438926,1141.538072,822199.320452,0.0
EastA509ToH6.169,3042.0,770_0,0.0,0.0,0.0,3531.0,522_0,56.88,16.36,489.0,1483.69,315.0,7,0.0,400.92,0,tripinfo_EastA509ToH6.169 emissions_EastA509ToH6.169,electric,1.23,0.0,0.0,0.0,0.0,0.0,0.0,0.0
SouthEvansGateToSilbury.178,3204.0,526_0,0.0,0.0,0.0,3534.0,215_1,19.43,13.94,330.0,1471.73,196.0,4,0.0,225.69,0,tripinfo_SouthEvansGateToSilbury.178 emissions_SouthEvansGateToSilbury.178,electric,1.02,0.0,0.0,0.0,0.0,0.0,0.0,0.0
EastA509ToH6.170,3060.0,770_0,0.0,0.0,0.0,3536.0,522_0,56.88,13.29,476.0,1483.69,295.0,6,0.0,366.2,0,tripinfo_EastA509ToH6.170 emissions_EastA509ToH6.170,gasoline_euro4,0.98,59049.984813,1279239.118707,298.385299,28.214149,560.222754,408037.015866,0.0
SouthEvansGateToSilbury.179,3222.0,526_0,0.0,0.0,0.0,3537.0,215_1,19.43,12.83,315.0,1471.68,164.0,6,0.0,200.42,0,tripinfo_SouthEvansGateToSilbury.179 emissions_SouthEvansGateToSilbury.179,electric,0.93,0.0,0.0,0.0,0.0,0.0,0.0,0.0
SouthEvansGateToSilbury.180,3240.0,526_0,0.0,0.0,0.0,3539.0,215_1,19.43,12.9,299.0,1471.71,139.0,6,0.0,189.12,0,tripinfo_SouthEvansGateToSilbury.180 emissions_SouthEvansGateToSilbury.180,electric,0.97,0.0,0.0,0.0,0.0,0.0,0.0,0.0
SouthEvansGateToSilbury.181,3258.0,526_0,0.0,0.0,0.0,3540.0,215_1,19.43,13.99,282.0,1471.7,126.0,5,0.0,184.91,0,tripinfo_SouthEvansGateToSilbury.181 emissions_SouthEvansGateToSilbury.181,gasoline_euro4,1.09,30442.770056,835072.236948,157.845086,17.488884,359.126354,266357.688951,0.0
SouthEvansGateToSilbury.182,3276.0,526_0,0.0,0.0,0.0,3543.0,215_1,19.43,12.07,267.0,1471.73,111.0,5,0.0,150.16,0,tripinfo_SouthEvansGateToSilbury.182 emissions_SouthEvansGateToSilbury.182,electric,0.91,0.0,0.0,0.0,0.0,0.0,0.0,0.0
SouthEvansGateToSilbury.184,3312.0,526_0,0.0,0.0,0.0,3544.0,215_1,19.43,13.88,232.0,1471.7,93.0,4,0.0,135.23,0,tripinfo_SouthEvansGateToSilbury.184 emissions_SouthEvansGateToSilbury.184,gasoline_euro4,1.1,22307.976481,674591.685064,116.854191,13.437856,284.139757,215169.632097,0.0
V6ToEastH6.284,3408.0,468_1,0.0,0.0,0.0,3544.0,522_0,56.88,12.03,136.0,1512.23,0.0,0,0.0,12.07,0,tripinfo_V6ToEastH6.284 emissions_V6ToEastH6.284,electric,0.88,0.0,0.0,0.0,0.0,0.0,0.0,0.0
V6ToEastH6.285,3420.0,468_1,0.0,0.0,0.0,3545.0,522_1,56.88,13.14,125.0,1512.23,0.0,0,0.0,17.23,0,tripinfo_V6ToEastH6.285 emissions_V6ToEastH6.285,electric,1.01,0.0,0.0,0.0,0.0,0.0,0.0,0.0
EastA509ToH6.171,3078.0,770_0,0.0,0.0,0.0,3548.0,522_0,56.88,12.9,470.0,1483.69,284.0,7,0.0,359.05,0,tripinfo_EastA509ToH6.171 emissions_EastA509ToH6.171,gasoline_euro4,0.97,58059.392747,1274376.954716,293.823093,28.090283,558.500082,406485.634809,0.0
V6ToEastH6.286,3432.0,468_1,0.0,0.0,0.0,3552.0,522_1,56.88,13.02,120.0,1512.23,0.0,0,0.0,13.51,0,tripinfo_V6ToEastH6.286 emissions_V6ToEastH6.286,electric,1.03,0.0,0.0,0.0,0.0,0.0,0.0,0.0
EastA509ToH6.123,2214.0,770_0,0.0,0.0,0.0,3556.0,522_1,56.88,14.59,1342.0,3322.55,974.0,25,0.0,1114.23,0,tripinfo_EastA509ToH6.123 emissions_EastA509ToH6.123,electric,1.06,0.0,0.0,0.0,0.0,0.0,0.0,0.0
EastA509ToH6.129,2322.0,770_0,0.0,0.0,0.0,3560.0,522_1,56.88,13.72,1238.0,2408.95,931.0,28,0.0,1067.5,0,tripinfo_EastA509ToH6.129 emissions_EastA509ToH6.129,electric,1.03,0.0,0.0,0.0,0.0,0.0,0.0,0.0
V6ToEastH6.287,3444.0,468_1,0.0,0.0,0.0,3563.0,522_1,56.88,14.46,119.0,1512.23,0.0,0,0.0,17.5,0,tripinfo_V6ToEastH6.287 emissions_V6ToEastH6.287,electric,1.08,0.0,0.0,0.0,0.0,0.0,0.0,0.0
WestA509ToEastH6.77,2775.0,773_0,0.0,0.0,3.0,3566.0,522_1,56.88,13.33,791.0,2721.0,479.0,25,0.0,595.86,0,tripinfo_WestA509ToEastH6.77 emissions_WestA509ToEastH6.77,gasoline_euro4,1.01,98036.507317,2162702.684331,496.296139,47.59857,945.032493,689833.146209,0.0
WestA509ToEastH6.68,2448.0,773_0,0.0,0.0,0.0,3568.0,522_1,56.88,14.32,1120.0,2721.63,777.0,24,0.0,933.46,0,tripinfo_WestA509ToEastH6.68 emissions_WestA509ToEastH6.68,gasoline_euro4,1.06,151385.319178,3032611.266538,759.378049,69.300015,1343.135986,967312.021894,0.0
EastA509ToH6.130,2340.0,770_0,0.0,0.0,0.0,3573.0,522_1,56.88,12.13,1233.0,2408.85,898.0,23,0.0,1047.87,0,tripinfo_EastA509ToH6.130 emissions_EastA509ToH6.130,electric,0.94,0.0,0.0,0.0,0.0,0.0,0.0,0.0
WestH6ToSaxonSt.250,3000.0,524_0,0.0,0.0,0.0,3574.0,771_1,56.88,14.65,574.0,2555.04,320.0,10,0.0,403.92,0,tripinfo_WestH6ToSaxonSt.250 emissions_WestH6ToSaxonSt.250,electric,1.1,0.0,0.0,0.0,0.0,0.0,0.0,0.0
WestH6ToSaxonSt.251,3012.0,524_0,0.0,0.0,0.0,3576.0,771_1,56.88,15.6,564.0,2555.05,314.0,11,0.0,399.61,0,tripinfo_WestH6ToSaxonSt.251 emissions_WestH6ToSaxonSt.251,gasoline_euro4,1.14,66451.655252,1619283.787806,339.764072,34.816193,699.103092,516496.496426,0.0
WestA509ToAvebury.34,615.0,773_0,0.0,0.0,3.0,3580.0,213_0,19.13,14.16,2965.0,2238.41,2629.0,36,0.0,2818.19,0,tripinfo_WestA509ToAvebury.34 emissions_WestA509ToAvebury.34,electric,1.1,0.0,0.0,0.0,0.0,0.0,0.0,0.0
EastA509ToH6.172,3096.0,770_0,0.0,0.0,0.0,3580.0,522_0,56.88,10.67,484.0,1483.69,291.0,8,0.0,358.85,0,tripinfo_EastA509ToH6.172 emissions_EastA509ToH6.172,electric,0.86,0.0,0.0,0.0,0.0,0.0,0.0,0.0
V6ToEastH6.288,3456.0,468_1,0.0,0.0,0.0,3580.0,522_1,56.88,13.04,124.0,1512.23,0.0,0,0.0,13.33,0,tripinfo_V6ToEastH6.288 emissions_V6ToEastH6.288,gasoline_euro4,0.99,4023.136327,369299.270244,26.507444,5.623676,142.596162,117789.604776,0.0
EastAveburyToWestA509.336,3123.0,483_1,0.0,0.0,67.0,3584.0,774_1,29.75,12.0,461.0,2240.44,221.0,5,0.0,285.23,0,tripinfo_EastAveburyToWestA509.336 emissions_EastAveburyToWestA509.336,gasoline_euro4,0.94,47361.753916,1213802.11113,243.472384,24.713403,517.2246,387161.58604,0.0
EastAveburyToWestA509.339,3132.0,483_1,0.0,0.0,51.0,3589.0,774_0,29.75,12.93,457.0,2241.3,199.0,5,0.0,282.66,0,tripinfo_EastAveburyToWestA509.339 emissions_EastAveburyToWestA509.339,electric,0.94,0.0,0.0,0.0,0.0,0.0,0.0,0.0
V6ToEastH6.289,3468.0,468_1,0.0,0.0,0.0,3589.0,522_1,56.88,12.86,121.0,1512.23,0.0,0,0.0,13.14,0,tripinfo_V6ToEastH6.289 emissions_V6ToEastH6.289,gasoline_euro4,1.02,3944.254987,354247.724926,25.513815,5.494045,137.162003,112988.752412,0.0
EastAveburyToWestA509.341,3138.0,483_1,0.0,0.0,40.0,3590.0,774_2,29.75,13.85,452.0,2237.65,205.0,6,0.0,299.12,0,tripinfo_EastAveburyToWestA509.341 emissions_EastAveburyToWestA509.341,electric,1.07,0.0,0.0,0.0,0.0,0.0,0.0,0.0
EastAveburyToWestA509.335,3120.0,483_1,0.0,0.0,73.0,3592.0,774_1,29.75,10.99,472.0,2240.45,214.0,6,0.0,273.67,0,tripinfo_EastAveburyToWestA509.335 emissions_EastAveburyToWestA509.335,gasoline_euro4,0.84,46719.811788,1179426.355358,240.151794,23.839533,503.10516,376197.464752,0.0
EastAveburyToWestA509.338,3129.0,483_1,0.0,0.0,56.0,3596.0,774_2,29.75,13.81,467.0,2240.45,198.0,5,0.0,313.45,0,tripinfo_EastAveburyToWestA509.338 emissions_EastAveburyToWestA509.338,gasoline_euro4,1.08,46420.794834,1186346.330821,238.969647,24.509048,510.08943,378403.672441,0.0
V6ToEastH6.290,3480.0,468_1,0.0,0.0,0.0,3596.0,522_1,56.88,14.14,116.0,1512.23,0.0,0,0.0,15.28,0,tripinfo_V6ToEastH6.290 emissions_V6ToEastH6.290,electric,1.09,0.0,0.0,0.0,0.0,0.0,0.0,0.0
EastAveburyToWestA509.340,3135.0,483_1,0.0,0.0,45.0,3598.0,774_1,29.75,11.11,463.0,2240.45,207.0,5,0.0,268.78,0,tripinfo_EastAveburyToWestA509.340 emissions_EastAveburyToWestA509.340,gasoline_euro4,0.85,45762.813521,1170749.458789,235.580432,23.778975,500.117152,373429.303372,0.0
EastAveburyToWestA509.337,3126.0,483_1,0.0,0.0,62.0,3603.0,774_0,29.75,10.31,477.0,2241.02,204.0,6,0.0,258.83,0,tripinfo_EastAveburyToWestA509.337 emissions_EastAveburyToWestA509.337,electric,0.76,0.0,0.0,0.0,0.0,0.0,0.0,0.0
EastA509ToH6.173,3114.0,770_0,0.0,0.0,0.0,3610.0,522_0,56.88,13.02,496.0,1483.69,321.0,7,0.0,389.92,0,tripinfo_EastA509ToH6.173 emissions_EastA509ToH6.173,electric,1.01,0.0,0.0,0.0,0.0,0.0,0.0,0.0
EastA509ToH6.174,3132.0,770_0,0.0,0.0,0.0,3614.0,522_0,56.88,13.14,482.0,1483.69,310.0,7,0.0,369.92,0,tripinfo_EastA509ToH6.174 emissions_EastA509ToH6.174,gasoline_euro4,0.95,61410.67959,1318053.208277,310.094487,29.366804,579.471729,420417.500433,0.0
EastA509ToH6.176,3168.0,770_0,0.0,0.0,0.0,3618.0,522_0,56.88,13.75,450.0,1483.69,285.0,6,0.0,345.9,0,tripinfo_EastA509ToH6.176 emissions_EastA509ToH6.176,gasoline_euro4,1.03,56202.950281,1246899.357841,284.578764,27.600951,546.454779,397720.648845,0.0
EastA509ToH6.175,3150.0,770_0,0.0,0.0,0.0,3619.0,522_1,56.88,15.18,469.0,1483.69,298.0,6,0.0,373.79,0,tripinfo_EastA509ToH6.175 emissions_EastA509ToH6.175,electric,1.12,0.0,0.0,0.0,0.0,0.0,0.0,0.0
WestA509ToAvebury.142,2556.0,773_0,0.0,0.0,0.0,3620.0,213_1,19.13,12.99,1064.0,2288.12,798.0,25,0.0,899.84,0,tripinfo_WestA509ToAvebury.142 emissions_WestA509ToAvebury.142,gasoline_euro4,1.01,148659.588155,2890786.035821,744.022343,66.85203,1286.366595,922075.904575,0.0
WestA509ToAvebury.63,1134.0,773_0,0.0,0.0,0.0,3622.0,213_0,19.13,14.36,2488.0,2332.45,2024.0,48,0.0,2328.75,0,tripinfo_WestA509ToAvebury.63 emissions_WestA509ToAvebury.63,gasoline_euro4,1.07,376273.657909,6510378.984903,1865.220433,157.655535,2946.440206,2076637.934829,0.0
SouthEvansGateToSilbury.186,3348.0,526_0,0.0,0.0,0.0,3627.0,215_1,19.43,14.65,279.0,1471.7,150.0,4,0.0,181.85,0,tripinfo_SouthEvansGateToSilbury.186 emissions_SouthEvansGateToSilbury.186,gasoline_euro4,1.09,31267.524156,833067.197628,161.26767,17.370758,355.820075,265718.892809,0.0
V6ToEastH6.292,3504.0,468_1,0.0,0.0,0.0,3627.0,522_1,56.88,13.29,123.0,1512.23,0.0,0,0.0,15.02,0,tripinfo_V6ToEastH6.292 emissions_V6ToEastH6.292,electric,1.01,0.0,0.0,0.0,0.0,0.0,0.0,0.0
SouthEvansGateToSilbury.183,3294.0,526_0,0.0,0.0,0.0,3629.0,215_1,19.43,15.15,335.0,1471.71,192.0,5,0.0,240.13,0,tripinfo_SouthEvansGateToSilbury.183 emissions_SouthEvansGateToSilbury.183,gasoline_euro4,1.12,40370.667938,1000934.965346,206.685784,21.478266,432.306699,319263.772047,0.0
SouthEvansGateToSilbury.185,3330.0,526_0,0.0,0.0,0.0,3631.0,215_1,19.43,15.2,301.0,1471.73,152.0,5,0.0,209.06,0,tripinfo_SouthEvansGateToSilbury.185 emissions_SouthEvansGateToSilbury.185,gasoline_euro4,1.16,34466.716822,913133.286972,178.022394,19.406533,393.722424,291256.800332,0.0
V6ToEastH6.291,3492.0,468_1,0.0,0.0,0.0,3633.0,522_0,56.88,11.73,141.0,1512.23,1.0,1,0.0,17.01,0,tripinfo_V6ToEastH6.291 emissions_V6ToEastH6.291,gasoline_euro4,0.88,4492.717646,362019.373268,28.5585,5.113069,138.463319,115468.416683,0.0
SouthEvansGateToSilbury.187,3366.0,526_0,0.0,0.0,0.0,3635.0,215_1,19.43,12.77,269.0,1471.71,115.0,4,0.0,153.47,0,tripinfo_SouthEvansGateToSilbury.187 emissions_SouthEvansGateToSilbury.187,electric,0.92,0.0,0.0,0.0,0.0,0.0,0.0,0.0
EastA509ToH6.177,3186.0,770_0,0.0,0.0,0.0,3636.0,522_0,56.88,11.72,450.0,1483.69,275.0,7,0.0,335.51,0,tripinfo_EastA509ToH6.177 emissions_EastA509ToH6.177,electric,0.94,0.0,0.0,0.0,0.0,0.0,0.0,0.0
EastA509ToH6.178,3204.0,770_0,0.0,0.0,0.0,3636.0,522_1,56.88,14.08,432.0,1483.69,256.0,6,0.0,329.15,0,tripinfo_EastA509ToH6.178 emissions_EastA509ToH6.178,electric,1.04,0.0,0.0,0.0,0.0,0.0,0.0,0.0
SouthEvansGateToSilbury.189,3402.0,526_0,0.0,0.0,0.0,3637.0,215_1,19.43,14.68,235.0,1471.7,95.0,4,0.0,135.16,0,tripinfo_SouthEvansGateToSilbury.189 emissions_SouthEvansGateToSilbury.189,gasoline_euro4,1.07,22348.179256,665241.374506,116.812666,13.212263,280.307725,212187.491016,0.0
EastA509ToH6.179,3222.0,770_0,0.0,0.0,0.0,3639.0,522_0,56.88,13.07,417.0,1483.69,239.0,6,0.0,307.92,0,tripinfo_EastA509ToH6.179 emissions_EastA509ToH6.179,electric,0.99,0.0,0.0,0.0,0.0,0.0,0.0,0.0
V6ToEastH6.293,3516.0,468_1,0.0,0.0,0.0,3645.0,522_1,56.88,13.53,129.0,1512.23,0.0,0,0.0,19.08,0,tripinfo_V6ToEastH6.293 emissions_V6ToEastH6.293,electric,0.99,0.0,0.0,0.0,0.0,0.0,0.0,0.0
WestH6ToSaxonSt.252,3024.0,524_0,0.0,0.0,0.0,3651.0,771_1,56.88,13.3,627.0,2555.04,367.0,12,0.0,444.74,0,tripinfo_WestH6ToSaxonSt.252 emissions_WestH6ToSaxonSt.252,electric,1.02,0.0,0.0,0.0,0.0,0.0,0.0,0.0
WestH6ToSaxonSt.254,3048.0,524_0,0.0,0.0,0.0,3653.0,771_1,56.88,14.67,605.0,2555.04,344.0,13,0.0,434.88,0,tripinfo_WestH6ToSaxonSt.254 emissions_WestH6ToSaxonSt.254,gasoline_euro4,1.1,71759.287688,1662935.296503,364.64472,35.82758,718.473936,530421.96164,0.0
V6ToEastH6.294,3528.0,468_1,0.0,0.0,0.0,3654.0,522_1,56.88,13.27,126.0,1512.23,0.0,0,0.0,12.26,0,tripinfo_V6ToEastH6.294 emissions_V6ToEastH6.294,gasoline_euro4,0.96,4022.018013,369194.632192,26.42046,5.514321,142.025443,117756.345664,0.0
EastAveburyToWestA509.342,3209.0,483_1,0.0,0.0,102.0,3665.0,774_2,29.75,14.53,456.0,2240.45,233.0,6,0.0,301.22,0,tripinfo_EastAveburyToWestA509.342 emissions_EastAveburyToWestA509.342,gasoline_euro4,1.07,49628.35674,1267717.822429,254.858041,26.532087,543.33068,404358.144212,0.0
WestH6ToSaxonSt.271,3252.0,524_0,0.0,0.0,0.0,3665.0,771_1,56.88,15.49,413.0,2554.99,174.0,9,0.0,247.78,0,tripinfo_WestH6ToSaxonSt.271 emissions_WestH6ToSaxonSt.271,gasoline_euro4,1.13,41763.685026,1234457.06589,217.99276,25.099485,522.695739,393745.809572,0.0
WestA509ToAvebury.108,1946.0,773_0,0.0,0.0,2.0,3666.0,213_0,19.13,12.01,1720.0,2277.04,1409.0,33,0.0,1536.02,0,tripinfo_WestA509ToAvebury.108 emissions_WestA509ToAvebury.108,electric,0.9,0.0,0.0,0.0,0.0,0.0,0.0,0.0
WestA509ToEastH6.65,2340.0,773_0,0.0,0.0,0.0,3666.0,522_1,56.88,12.12,1326.0,2721.06,976.0,22,0.0,1105.95,0,tripinfo_WestA509ToEastH6.65 emissions_WestA509ToEastH6.65,electric,0.89,0.0,0.0,0.0,0.0,0.0,0.0,0.0
EastA509ToH6.135,2430.0,770_0,0.0,0.0,0.0,3667.0,522_1,56.88,13.51,1237.0,2408.95,906.0,21,0.0,1071.51,0,tripinfo_EastA509ToH6.135 emissions_EastA509ToH6.135,electric,1.05,0.0,0.0,0.0,0.0,0.0,0.0,0.0
EastAveburyToWestA509.343,3212.0,483_1,0.0,0.0,97.0,3667.0,774_2,29.75,13.82,455.0,2243.6,232.0,6,0.0,301.98,0,tripinfo_EastAveburyToWestA509.343 emissions_EastAveburyToWestA509.343,gasoline_euro4,1.09,50595.949553,1317162.286745,260.715345,28.103421,568.58146,420127.98263,0.0
EastSilburyToEastAvebury.88,1808.0,317_1,0.0,0.0,0.0,3668.0,213_0,19.13,13.32,1860.0,3021.07,1459.0,31,0.0,1644.15,0,tripinfo_EastSilburyToEastAvebury.88 emissions_EastSilburyToEastAvebury.88,gasoline_euro4,1.02,267721.32678,4902798.106449,1333.087874,115.697904,2196.869867,1563855.996185,0.0
EastAveburyToWestA509.344,3216.0,483_1,0.0,0.0,92.0,3669.0,774_2,29.75,14.27,453.0,2240.45,224.0,5,0.0,292.54,0,tripinfo_EastAveburyToWestA509.344 emissions_EastAveburyToWestA509.344,gasoline_euro4,1.03,48081.901966,1238463.41339,247.002042,25.50935,528.172385,395027.219106,0.0
EastA509ToH6.124,2232.0,770_0,0.0,0.0,0.0,3670.0,522_1,56.88,13.0,1438.0,3322.55,1022.0,25,0.0,1181.31,0,tripinfo_EastA509ToH6.124 emissions_EastA509ToH6.124,gasoline_euro4,0.94,193782.696545,3806687.718907,971.056523,87.236944,1689.963643,1214221.318172,0.0
EastSilburyToEastAvebury.90,1840.0,317_1,0.0,0.0,0.0,3672.0,213_0,19.13,13.9,1832.0,2055.69,1547.0,31,0.0,1682.48,0,tripinfo_EastSilburyToEastAvebury.90 emissions_EastSilburyToEastAvebury.90,gasoline_euro4,1.03,275328.583191,4888743.229832,1367.775757,117.730423,2208.916052,1559375.312627,0.0
EastAveburyToWestA509.345,3219.0,483_1,0.0,0.0,87.0,3672.0,774_2,29.75,12.79,453.0,2240.45,218.0,7,0.0,289.63,0,tripinfo_EastAveburyToWestA509.345 emissions_EastAveburyToWestA509.345,gasoline_euro4,1.01,48231.626869,1240433.436723,247.911247,25.557478,529.63495,395655.603733,0.0
WestA509ToAvebury.138,2487.0,773_0,0.0,0.0,3.0,3674.0,213_0,19.13,14.19,1187.0,2288.7,900.0,29,0.0,1024.01,0,tripinfo_WestA509ToAvebury.138 emissions_WestA509ToAvebury.138,electric,1.02,0.0,0.0,0.0,0.0,0.0,0.0,0.0
EastAveburyToWestA509.346,3222.0,483_1,0.0,0.0,81.0,3674.0,774_2,29.75,13.88,452.0,2237.67,214.0,8,0.0,302.16,0,tripinfo_EastAveburyToWestA509.346 emissions_EastAveburyToWestA509.346,electric,1.09,0.0,0.0,0.0,0.0,0.0,0.0,0.0
EastAveburyToWestA509.349,3296.0,483_1,0.0,0.0,130.0,3676.0,774_2,29.75,14.98,380.0,2237.39,136.0,3,0.0,229.09,0,tripinfo_EastAveburyToWestA509.349 emissions_EastAveburyToWestA509.349,gasoline_euro4,1.1,34628.559837,1025315.633772,181.165408,20.339039,433.07748,327037.973432,0.0
V6ToEastH6.296,3552.0,468_1,0.0,0.0,0.0,3683.0,522_1,56.88,12.04,131.0,1512.23,0.0,0,0.0,12.42,0,tripinfo_V6ToEastH6.296 emissions_V6ToEastH6.296,electric,0.92,0.0,0.0,0.0,0.0,0.0,0.0,0.0
EastAveburyToWestA509.348,3228.0,483_1,0.0,0.0,70.0,3688.0,774_0,29.75,10.96,460.0,2243.61,198.0,6,0.0,258.44,0,tripinfo_EastAveburyToWestA509.348 emissions_EastAveburyToWestA509.348,gasoline_euro4,0.82,44385.487098,1151970.115793,228.821509,22.815202,488.331326,367439.596508,0.0
V6ToEastH6.295,3540.0,468_1,0.0,0.0,0.0,3691.0,522_0,56.88,10.85,151.0,1512.23,0.0,0,0.0,13.97,0,tripinfo_V6ToEastH6.295 emissions_V6ToEastH6.295,gasoline_euro4,0.8,4676.134806,352094.808912,29.334214,4.86769,135.128513,112303.143735,0.0
V6ToEastH6.297,3564.0,468_1,0.0,0.0,0.0,3694.0,522_1,56.88,12.3,130.0,1512.23,0.0,0,0.0,13.98,0,tripinfo_V6ToEastH6.297 emissions_V6ToEastH6.297,gasoline_euro4,0.94,4071.504087,352825.746348,26.252229,5.200776,135.744785,112535.603807,0.0
V6ToEastH6.298,3576.0,468_1,0.0,0.0,0.0,3696.0,522_1,56.88,13.58,120.0,1512.23,0.0,0,0.0,13.3,0,tripinfo_V6ToEastH6.298 emissions_V6ToEastH6.298,gasoline_euro4,1.02,3854.093473,365231.832658,25.31282,5.477241,139.934871,116492.273632,0.0
WestA509ToAvebury.62,1119.0,773_0,0.0,0.0,3.0,3710.0,213_0,19.13,12.4,2591.0,2288.0,2111.0,45,0.0,2422.82,0,tripinfo_WestA509ToAvebury.62 emissions_WestA509ToAvebury.62,gasoline_euro4,0.99,393931.249874,6761177.906568,1951.523379,163.819966,3060.8715,2156638.067527,0.0
SouthEvansGateToSilbury.188,3384.0,526_0,0.0,0.0,0.0,3712.0,215_1,19.43,11.07,328.0,1471.74,173.0,4,0.0,199.32,0,tripinfo_SouthEvansGateToSilbury.188 emissions_SouthEvansGateToSilbury.188,gasoline_euro4,0.82,35294.258241,871125.673879,180.963862,17.904161,373.355286,277860.061017,0.0
V6ToEastH6.299,3588.0,468_1,0.0,0.0,0.0,3712.0,522_1,56.88,13.37,124.0,1512.23,0.0,0,0.0,12.13,0,tripinfo_V6ToEastH6.299 emissions_V6ToEastH6.299,gasoline_euro4,0.98,3828.98162,353830.246659,25.011533,5.273258,135.825839,112855.78031,0.0
WestA509ToAvebury.154,2772.0,773_0,0.0,0.0,0.0,3714.0,213_1,19.13,13.74,942.0,2288.12,665.0,31,0.0,779.3,0,tripinfo_WestA509ToAvebury.154 emissions_WestA509ToAvebury.154,gasoline_euro4,1.03,127184.054016,2512353.983049,636.849593,57.278397,1110.553835,801366.889051,0.0
WestA509ToEastH6.78,2811.0,773_0,0.0,0.0,3.0,3715.0,522_0,56.88,13.57,904.0,2755.17,606.0,16,0.0,707.29,0,tripinfo_WestA509ToEastH6.78 emissions_WestA509ToEastH6.78,gasoline_euro4,1.01,115746.428191,2419455.281072,582.790929,54.032765,1062.47167,771731.979581,0.0
SouthEvansGateToSilbury.191,3438.0,526_0,0.0,0.0,0.0,3715.0,215_1,19.43,10.64,277.0,1471.68,115.0,4,0.0,147.33,0,tripinfo_SouthEvansGateToSilbury.191 emissions_SouthEvansGateToSilbury.191,electric,0.82,0.0,0.0,0.0,0.0,0.0,0.0,0.0
WestA509ToAvebury.67,1206.0,773_0,0.0,0.0,0.0,3716.0,213_0,19.13,12.52,2510.0,2288.0,2032.0,47,0.0,2331.07,0,tripinfo_WestA509ToAvebury.67 emissions_WestA509ToAvebury.67,gasoline_euro4,0.93,377670.090562,6462740.557906,1870.650394,156.281929,2924.061677,2061445.504646,0.0
SouthEvansGateToSilbury.192,3456.0,526_0,0.0,0.0,0.0,3717.0,215_1,19.43,14.7,261.0,1471.71,104.0,5,0.0,160.85,0,tripinfo_SouthEvansGateToSilbury.192 emissions_SouthEvansGateToSilbury.192,gasoline_euro4,1.07,25249.575152,721365.66784,131.620148,14.600826,306.97021,230089.350725,0.0
SouthEvansGateToSilbury.190,3420.0,526_0,0.0,0.0,0.0,3718.0,215_1,19.43,13.46,298.0,1471.73,129.0,6,0.0,193.61,0,tripinfo_SouthEvansGateToSilbury.190 emissions_SouthEvansGateToSilbury.190,gasoline_euro4,1.02,31026.528546,837224.570973,160.847214,17.579006,361.782066,267044.416864,0.0
SouthEvansGateToSilbury.193,3474.0,526_0,0.0,0.0,0.0,3720.0,215_1,19.43,14.07,246.0,1471.73,102.0,3,0.0,149.45,0,tripinfo_SouthEvansGateToSilbury.193 emissions_SouthEvansGateToSilbury.193,gasoline_euro4,1.1,24366.695803,721377.500397,127.438663,14.582703,305.783258,230092.611442,0.0
EastA509ToH6.134,2412.0,770_0,0.0,0.0,0.0,3737.0,522_1,56.88,13.08,1325.0,2408.85,1000.0,19,0.0,1146.21,0,tripinfo_EastA509ToH6.134 emissions_EastA509ToH6.134,electric,0.98,0.0,0.0,0.0,0.0,0.0,0.0,0.0
EastA509ToH6.136,2448.0,770_0,0.0,0.0,0.0,3742.0,522_1,56.88,11.8,1294.0,2408.95,964.0,23,0.0,1107.49,0,tripinfo_EastA509ToH6.136 emissions_EastA509ToH6.136,gasoline_euro4,0.94,181104.846486,3407751.130772,903.916709,79.461575,1521.628886,1086975.582562,0.0
EastA509ToH6.125,2250.0,770_0,0.0,0.0,0.0,3744.0,522_1,56.88,15.44,1494.0,3322.55,1120.0,21,0.0,1282.18,0,tripinfo_EastA509ToH6.125 emissions_EastA509ToH6.125,electric,1.14,0.0,0.0,0.0,0.0,0.0,0.0,0.0
EastA509ToH6.139,2502.0,770_0,0.0,0.0,0.0,3745.0,522_1,56.88,15.3,1243.0,2408.95,946.0,16,0.0,1087.74,0,tripinfo_EastA509ToH6.139 emissions_EastA509ToH6.139,electric,1.12,0.0,0.0,0.0,0.0,0.0,0.0,0.0
WestH6ToSaxonSt.255,3060.0,524_0,0.0,0.0,0.0,3749.0,771_1,56.88,14.55,689.0,2555.05,431.0,14,0.0,520.73,0,tripinfo_WestH6ToSaxonSt.255 emissions_WestH6ToSaxonSt.255,electric,1.11,0.0,0.0,0.0,0.0,0.0,0.0,0.0
WestH6ToSaxonSt.253,3036.0,524_0,0.0,0.0,0.0,3754.0,771_1,56.88,12.67,718.0,2555.05,436.0,16,0.0,532.01,0,tripinfo_WestH6ToSaxonSt.253 emissions_WestH6ToSaxonSt.253,electric,1.0,0.0,0.0,0.0,0.0,0.0,0.0,0.0
WestA509ToAvebury.92,1659.0,773_0,0.0,0.0,3.0,3756.0,213_0,19.13,12.41,2097.0,2277.04,1735.0,40,0.0,1924.95,0,tripinfo_WestA509ToAvebury.92 emissions_WestA509ToAvebury.92,gasoline_euro4,0.96,315653.020623,5531670.110192,1566.90855,133.330917,2500.762501,1764453.959782,0.0
EastAveburyToWestA509.351,3303.0,483_1,0.0,0.0,120.0,3757.0,774_1,29.75,12.81,454.0,2237.66,217.0,6,0.0,289.66,0,tripinfo_EastAveburyToWestA509.351 emissions_EastAveburyToWestA509.351,gasoline_euro4,0.99,47756.514156,1234559.855699,245.894217,25.487306,528.514887,393781.917492,0.0
WestA509ToAvebury.156,2808.0,773_0,0.0,0.0,0.0,3758.0,213_0,19.13,13.36,950.0,2328.43,699.0,18,0.0,781.07,0,tripinfo_WestA509ToAvebury.156 emissions_WestA509ToAvebury.156,gasoline_euro4,1.0,129539.538702,2558556.035846,649.060403,58.674011,1134.863232,816103.568204,0.0
WestH6ToSaxonSt.257,3084.0,524_0,0.0,0.0,0.0,3758.0,771_1,56.88,12.42,674.0,2555.05,385.0,15,0.0,479.1,0,tripinfo_WestH6ToSaxonSt.257 emissions_WestH6ToSaxonSt.257,gasoline_euro4,0.96,78372.467152,1754644.704328,396.756868,37.559518,758.724643,559676.194391,0.0
EastAveburyToWestA509.347,3225.0,483_1,0.0,0.0,76.0,3759.0,774_2,29.75,13.96,534.0,2240.44,286.0,8,0.0,370.06,0,tripinfo_EastAveburyToWestA509.347 emissions_EastAveburyToWestA509.347,gasoline_euro4,1.01,61112.917836,1464412.865205,311.830259,31.017893,631.217571,467099.041489,0.0
WestA509ToAvebury.105,1890.0,773_0,0.0,0.0,0.0,3761.0,213_0,19.13,12.96,1871.0,2332.05,1496.0,38,0.0,1696.11,0,tripinfo_WestA509ToAvebury.105 emissions_WestA509ToAvebury.105,gasoline_euro4,0.97,276825.401066,4907355.67578,1374.827885,117.101843,2209.293492,1565313.792887,0.0
EastAveburyToWestA509.352,3306.0,483_1,0.0,0.0,114.0,3765.0,774_2,29.75,12.71,459.0,2240.45,207.0,6,0.0,281.84,0,tripinfo_EastAveburyToWestA509.352 emissions_EastAveburyToWestA509.352,electric,0.94,0.0,0.0,0.0,0.0,0.0,0.0,0.0
EastAveburyToWestA509.350,3300.0,483_1,0.0,0.0,125.0,3767.0,774_0,29.75,11.78,467.0,2241.03,217.0,6,0.0,278.05,0,tripinfo_EastAveburyToWestA509.350 emissions_EastAveburyToWestA509.350,gasoline_euro4,0.88,46949.796143,1203681.323832,241.456287,24.089493,510.904062,383933.85869,0.0
WestA509ToAvebury.160,2883.0,773_0,0.0,0.0,3.0,3769.0,213_0,19.13,12.74,886.0,2327.58,625.0,13,0.0,711.57,0,tripinfo_WestA509ToAvebury.160 emissions_WestA509ToAvebury.160,gasoline_euro4,0.97,117725.558529,2395176.059322,591.681892,54.42358,1060.013287,763988.492538,0.0
EastAveburyToWestA509.354,3312.0,483_1,0.0,0.0,103.0,3777.0,774_1,29.75,12.74,465.0,2244.08,191.0,3,0.0,295.15,0,tripinfo_EastAveburyToWestA509.354 emissions_EastAveburyToWestA509.354,electric,0.98,0.0,0.0,0.0,0.0,0.0,0.0,0.0
EastAveburyToWestA509.356,3385.0,483_1,0.0,0.0,159.0,3783.0,774_1,29.75,9.99,398.0,2240.45,136.0,4,0.0,187.76,0,tripinfo_EastAveburyToWestA509.356 emissions_EastAveburyToWestA509.356,gasoline_euro4,0.79,33316.070908,957660.550829,173.816792,17.907085,399.598756,305460.286389,0.0
EastAveburyToWestA509.353,3309.0,483_1,0.0,0.0,109.0,3784.0,774_0,29.75,9.11,475.0,2237.84,196.0,5,0.0,249.25,0,tripinfo_EastAveburyToWestA509.353 emissions_EastAveburyToWestA509.353,electric,0.73,0.0,0.0,0.0,0.0,0.0,0.0,0.0
WestA509ToEastH6.79,2844.0,773_0,0.0,0.0,0.0,3790.0,522_0,56.88,12.43,946.0,2755.97,633.0,13,0.0,728.28,0,tripinfo_WestA509ToEastH6.79 emissions_WestA509ToEastH6.79,electric,0.92,0.0,0.0,0.0,0.0,0.0,0.0,0.0
EastA509ToH6.180,3240.0,770_0,0.0,0.0,0.0,3797.0,522_0,56.88,12.75,557.0,1483.69,389.0,9,0.0,448.24,0,tripinfo_EastA509ToH6.180 emissions_EastA509ToH6.180,gasoline_euro4,0.98,74381.156483,1518349.533308,373.937355,34.639682,672.649632,484307.123856,0.0
WestA509ToAvebury.64,1154.0,773_0,0.0,0.0,2.0,3798.0,213_1,19.13,12.45,2644.0,2332.49,2167.0,48,0.0,2472.0,0,tripinfo_WestA509ToAvebury.64 emissions_WestA509ToAvebury.64,gasoline_euro4,0.98,399913.37232,6856871.400388,1981.244783,166.089651,3103.928967,2187162.123925,0.0
EastSilburyToEastAvebury.55,1280.0,317_0,0.0,0.0,0.0,3799.0,213_0,19.13,10.91,2519.0,1590.82,2099.0,52,0.0,2375.97,0,tripinfo_EastSilburyToEastAvebury.55 emissions_EastSilburyToEastAvebury.55,electric,0.81,0.0,0.0,0.0,0.0,0.0,0.0,0.0
WestA509ToAvebury.71,1278.0,773_0,0.0,0.0,0.0,3800.0,213_1,19.13,12.86,2522.0,2288.04,2050.0,46,0.0,2350.83,0,tripinfo_WestA509ToAvebury.71 emissions_WestA509ToAvebury.71,gasoline_euro4,0.97,381490.419258,6551740.327475,1890.324341,158.580174,2965.369513,2089833.050763,0.0
EastA509ToH6.181,3258.0,770_0,0.0,0.0,0.0,3800.0,522_0,56.88,12.69,542.0,1483.69,370.0,10,0.0,434.37,0,tripinfo_EastA509ToH6.181 emissions_EastA509ToH6.181,electric,0.99,0.0,0.0,0.0,0.0,0.0,0.0,0.0
WestA509ToAvebury.136,2451.0,773_0,0.0,0.0,3.0,3805.0,213_0,19.13,10.61,1354.0,2272.98,1026.0,21,0.0,1135.97,0,tripinfo_WestA509ToAvebury.136 emissions_WestA509ToAvebury.136,gasoline_euro4,0.78,187479.494049,3424263.738564,933.705242,79.758743,1530.713905,1092246.120143,0.0
SouthEvansGateToSilbury.196,3528.0,526_0,0.0,0.0,0.0,3812.0,215_1,19.43,13.12,284.0,1471.68,137.0,5,0.0,178.63,0,tripinfo_SouthEvansGateToSilbury.196 emissions_SouthEvansGateToSilbury.196,electric,1.01,0.0,0.0,0.0,0.0,0.0,0.0,0.0
WestH6ToSaxonSt.256,3072.0,524_0,0.0,0.0,0.0,3835.0,771_1,56.88,12.79,763.0,2555.04,460.0,16,0.0,562.59,0,tripinfo_WestH6ToSaxonSt.256 emissions_WestH6ToSaxonSt.256,gasoline_euro4,0.93,92464.66331,1996465.392192,467.189104,43.411485,869.573978,636810.624366,0.0
EastSilburyToEastAvebury.44,1104.0,317_0,0.0,0.0,0.0,3842.0,213_0,19.13,13.95,2738.0,642.19,2591.0,23,0.0,2691.05,0,tripinfo_EastSilburyToEastAvebury.44 emissions_EastSilburyToEastAvebury.44,electric,1.02,0.0,0.0,0.0,0.0,0.0,0.0,0.0
EastA509ToH6.133,2394.0,770_0,0.0,0.0,0.0,3842.0,522_1,56.88,11.28,1448.0,2408.85,1122.0,20,0.0,1253.09,0,tripinfo_EastA509ToH6.133 emissions_EastA509ToH6.133,electric,0.9,0.0,0.0,0.0,0.0,0.0,0.0,0.0
WestA509ToAvebury.116,2088.0,773_0,0.0,0.0,0.0,3843.0,213_0,19.13,13.73,1755.0,2332.05,1403.0,33,0.0,1598.38,0,tripinfo_WestA509ToAvebury.116 emissions_WestA509ToAvebury.116,electric,1.08,0.0,0.0,0.0,0.0,0.0,0.0,0.0
WestH6ToSaxonSt.258,3096.0,524_0,0.0,0.0,0.0,3844.0,771_1,56.88,10.94,748.0,2555.04,426.0,15,0.0,526.09,0,tripinfo_WestH6ToSaxonSt.258 emissions_WestH6ToSaxonSt.258,gasoline_euro4,0.84,86834.417852,1870544.736223,438.874903,40.03466,811.80245,596646.661716,0.0
WestH6ToSaxonSt.259,3108.0,524_0,0.0,0.0,0.0,3845.0,771_1,56.88,13.16,737.0,2555.04,435.0,14,0.0,561.49,0,tripinfo_WestH6ToSaxonSt.259 emissions_WestH6ToSaxonSt.259,electric,1.06,0.0,0.0,0.0,0.0,0.0,0.0,0.0
EastAveburyToWestA509.357,3388.0,483_1,0.0,0.0,154.0,3846.0,774_1,29.75,12.66,458.0,2237.39,219.0,6,0.0,290.92,0,tripinfo_EastAveburyToWestA509.357 emissions_EastAveburyToWestA509.357,gasoline_euro4,0.99,47561.792513,1206971.526406,244.378651,24.946481,517.045324,384982.709305,0.0
EastAveburyToWestA509.358,3391.0,483_1,0.0,0.0,148.0,3846.0,774_2,29.75,16.62,455.0,2237.66,224.0,9,0.0,320.82,0,tripinfo_EastAveburyToWestA509.358 emissions_EastAveburyToWestA509.358,gasoline_euro4,1.21,49857.062477,1297721.359811,257.173689,27.493482,559.958614,413927.24742,0.0
EastAveburyToWestA509.360,3397.0,483_1,0.0,0.0,137.0,3849.0,774_2,29.75,14.27,452.0,2237.39,207.0,5,0.0,293.35,0,tripinfo_EastAveburyToWestA509.360 emissions_EastAveburyToWestA509.360,electric,1.04,0.0,0.0,0.0,0.0,0.0,0.0,0.0
EastAveburyToWestA509.355,3315.0,483_1,0.0,0.0,98.0,3850.0,774_0,29.75,13.07,535.0,2244.08,296.0,7,0.0,360.55,0,tripinfo_EastAveburyToWestA509.355 emissions_EastAveburyToWestA509.355,electric,0.95,0.0,0.0,0.0,0.0,0.0,0.0,0.0
WestA509ToEastH6.76,2739.0,773_0,0.0,0.0,3.0,3854.0,522_0,56.88,10.94,1115.0,2721.06,752.0,23,0.0,868.61,0,tripinfo_WestA509ToEastH6.76 emissions_WestA509ToEastH6.76,electric,0.8,0.0,0.0,0.0,0.0,0.0,0.0,0.0
EastAveburyToWestA509.359,3394.0,483_1,0.0,0.0,143.0,3857.0,774_1,29.75,11.78,463.0,2240.44,206.0,5,0.0,277.6,0,tripinfo_EastAveburyToWestA509.359 emissions_EastAveburyToWestA509.359,electric,0.9,0.0,0.0,0.0,0.0,0.0,0.0,0.0
EastAveburyToWestA509.363,3406.0,483_1,0.0,0.0,121.0,3858.0,774_2,29.75,12.64,452.0,2240.81,204.0,6,0.0,272.94,0,tripinfo_EastAveburyToWestA509.363 emissions_EastAveburyToWestA509.363,electric,0.92,0.0,0.0,0.0,0.0,0.0,0.0,0.0
EastAveburyToWestA509.362,3403.0,483_1,0.0,0.0,126.0,3859.0,774_2,29.75,14.01,456.0,2240.45,214.0,5,0.0,293.71,0,tripinfo_EastAveburyToWestA509.362 emissions_EastAveburyToWestA509.362,electric,1.02,0.0,0.0,0.0,0.0,0.0,0.0,0.0
EastAveburyToWestA509.361,3400.0,483_1,0.0,0.0,132.0,3860.0,774_1,29.75,11.84,460.0,2237.39,202.0,5,0.0,272.0,0,tripinfo_EastAveburyToWestA509.361 emissions_EastAveburyToWestA509.361,electric,0.88,0.0,0.0,0.0,0.0,0.0,0.0,0.0
EastA509ToH6.183,3294.0,770_0,0.0,0.0,0.0,3885.0,522_1,56.88,13.1,591.0,1483.69,421.0,7,0.0,486.52,0,tripinfo_EastA509ToH6.183 emissions_EastA509ToH6.183,gasoline_euro4,1.03,79429.177565,1615941.84946,399.23312,36.842885,715.971016,515436.272653,0.0
SouthEvansGateToSilbury.194,3492.0,526_0,0.0,0.0,0.0,3885.0,215_1,19.43,15.94,393.0,1471.7,241.0,7,0.0,303.02,0,tripinfo_SouthEvansGateToSilbury.194 emissions_SouthEvansGateToSilbury.194,gasoline_euro4,1.18,49471.892786,1168934.786326,252.532864,25.84285,511.350564,372850.544889,0.0
WestA509ToAvebury.130,2343.0,773_0,0.0,0.0,3.0,3886.0,213_0,19.13,13.69,1543.0,2287.98,1254.0,23,0.0,1379.01,0,tripinfo_WestA509ToAvebury.130 emissions_WestA509ToAvebury.130,electric,1.01,0.0,0.0,0.0,0.0,0.0,0.0,0.0
EastA509ToH6.182,3276.0,770_0,0.0,0.0,0.0,3887.0,522_0,56.88,11.1,611.0,1483.64,438.0,7,0.0,485.9,0,tripinfo_EastA509ToH6.182 emissions_EastA509ToH6.182,gasoline_euro4,0.86,81642.521398,1635540.818141,409.957952,37.129339,724.502578,521688.718452,0.0
SouthEvansGateToSilbury.197,3546.0,526_0,0.0,0.0,0.0,3888.0,215_1,19.43,14.09,342.0,1471.71,180.0,7,0.0,239.52,0,tripinfo_SouthEvansGateToSilbury.197 emissions_SouthEvansGateToSilbury.197,electric,1.04,0.0,0.0,0.0,0.0,0.0,0.0,0.0
WestA509ToEastH6.81,2916.0,773_0,0.0,0.0,0.0,3891.0,522_1,56.88,14.7,975.0,2755.17,664.0,10,0.0,786.87,0,tripinfo_WestA509ToEastH6.81 emissions_WestA509ToEastH6.81,electric,1.06,0.0,0.0,0.0,0.0,0.0,0.0,0.0
WestA509ToEastH6.80,2880.0,773_0,0.0,0.0,0.0,3892.0,522_0,56.88,11.78,1012.0,2755.97,689.0,11,0.0,776.87,0,tripinfo_WestA509ToEastH6.80 emissions_WestA509ToEastH6.80,gasoline_euro4,0.85,128894.491282,2598739.455821,647.433861,58.031975,1143.987296,828920.998249,0.0
EastA509ToH6.185,3330.0,770_0,0.0,0.0,0.0,3892.0,522_1,56.88,14.6,562.0,1483.69,398.0,6,0.0,461.85,0,tripinfo_EastA509ToH6.185 emissions_EastA509ToH6.185,gasoline_euro4,1.07,76066.660423,1590207.664146,383.475145,36.186644,704.138653,507226.611235,0.0
SouthEvansGateToSilbury.195,3510.0,526_0,0.0,0.0,0.0,3892.0,215_1,19.43,12.11,382.0,1471.73,207.0,7,0.0,263.21,0,tripinfo_SouthEvansGateToSilbury.195 emissions_SouthEvansGateToSilbury.195,electric,0.9,0.0,0.0,0.0,0.0,0.0,0.0,0.0
EastA509ToH6.184,3312.0,770_0,0.0,0.0,0.0,3895.0,522_0,56.88,14.94,583.0,1483.69,414.0,7,0.0,486.02,0,tripinfo_EastA509ToH6.184 emissions_EastA509ToH6.184,gasoline_euro4,1.11,79954.71977,1663387.3062,402.862929,38.100213,738.036806,530568.584011,0.0
EastA509ToH6.143,2574.0,770_0,0.0,0.0,0.0,3908.0,522_1,56.88,14.51,1334.0,2408.95,1051.0,20,0.0,1169.68,0,tripinfo_EastA509ToH6.143 emissions_EastA509ToH6.143,gasoline_euro4,1.06,191448.021874,3594620.655322,955.618813,84.711546,1609.816213,1146580.922007,0.0
EastAveburyToWestA509.364,3473.0,483_1,0.0,0.0,179.0,3925.0,774_2,29.75,16.26,452.0,2240.46,234.0,6,0.0,310.45,0,tripinfo_EastAveburyToWestA509.364 emissions_EastAveburyToWestA509.364,electric,1.18,0.0,0.0,0.0,0.0,0.0,0.0,0.0
WestH6ToSaxonSt.281,3372.0,524_0,0.0,0.0,0.0,3925.0,771_1,56.88,12.58,553.0,2555.03,307.0,6,0.0,359.74,0,tripinfo_WestH6ToSaxonSt.281 emissions_WestH6ToSaxonSt.281,gasoline_euro4,0.97,61309.802418,1510788.750801,313.773902,31.516794,647.792658,481890.897194,0.0
EastA509ToH6.140,2520.0,770_0,0.0,0.0,0.0,3926.0,522_1,56.88,11.57,1406.0,2408.95,1069.0,27,0.0,1215.25,0,tripinfo_EastA509ToH6.140 emissions_EastA509ToH6.140,electric,0.91,0.0,0.0,0.0,0.0,0.0,0.0,0.0
WestH6ToSaxonSt.260,3120.0,524_0,0.0,0.0,0.0,3926.0,771_1,56.88,12.42,806.0,2555.04,506.0,15,0.0,615.9,0,tripinfo_WestH6ToSaxonSt.260 emissions_WestH6ToSaxonSt.260,electric,0.98,0.0,0.0,0.0,0.0,0.0,0.0,0.0
EastA509ToH6.132,2376.0,770_0,0.0,0.0,0.0,3928.0,522_1,56.88,12.24,1552.0,2408.85,1222.0,26,0.0,1372.71,0,tripinfo_EastA509ToH6.132 emissions_EastA509ToH6.132,gasoline_euro4,0.97,223768.686996,4096247.087587,1114.478966,96.642091,1837.172571,1306588.708712,0.0
EastAveburyToWestA509.365,3476.0,483_1,0.0,0.0,174.0,3930.0,774_2,29.75,14.06,454.0,2240.45,227.0,7,0.0,301.04,0,tripinfo_EastAveburyToWestA509.365 emissions_EastAveburyToWestA509.365,electric,1.08,0.0,0.0,0.0,0.0,0.0,0.0,0.0
WestH6ToSaxonSt.261,3132.0,524_0,0.0,0.0,0.0,3932.0,771_1,56.88,12.65,800.0,2555.05,478.0,14,0.0,595.53,0,tripinfo_WestH6ToSaxonSt.261 emissions_WestH6ToSaxonSt.261,gasoline_euro4,0.91,97915.875242,2084394.823997,494.276089,45.866317,912.194488,664857.621998,0.0
WestH6ToSaxonSt.262,3144.0,524_0,0.0,0.0,0.0,3934.0,771_1,56.88,14.06,790.0,2555.04,471.0,14,0.0,608.56,0,tripinfo_WestH6ToSaxonSt.262 emissions_WestH6ToSaxonSt.262,gasoline_euro4,1.03,98650.40735,2125423.669842,498.197131,47.166736,931.184984,677943.340813,0.0
EastAveburyToWestA509.367,3482.0,483_1,0.0,0.0,163.0,3934.0,774_2,29.75,13.64,452.0,2240.45,216.0,7,0.0,292.24,0,tripinfo_EastAveburyToWestA509.367 emissions_EastAveburyToWestA509.367,gasoline_euro4,1.04,47770.57503,1240586.031014,246.052431,25.810085,531.858388,395703.71983,0.0
EastSilburyToEastAvebury.100,2000.0,317_0,0.0,0.0,0.0,3935.0,213_0,19.13,14.29,1935.0,658.22,1781.0,23,0.0,1891.11,0,tripinfo_EastSilburyToEastAvebury.100 emissions_EastSilburyToEastAvebury.100,electric,1.1,0.0,0.0,0.0,0.0,0.0,0.0,0.0
EastAveburyToWestA509.368,3485.0,483_1,0.0,0.0,157.0,3936.0,774_2,29.75,13.84,451.0,2242.9,206.0,8,0.0,298.76,0,tripinfo_EastAveburyToWestA509.368 emissions_EastAveburyToWestA509.368,electric,1.08,0.0,0.0,0.0,0.0,0.0,0.0,0.0
EastAveburyToWestA509.366,3479.0,483_1,0.0,0.0,168.0,3943.0,774_0,29.75,12.13,464.0,2240.93,213.0,7,0.0,282.81,0,tripinfo_EastAveburyToWestA509.366 emissions_EastAveburyToWestA509.366,electric,0.92,0.0,0.0,0.0,0.0,0.0,0.0,0.0
EastAveburyToWestA509.369,3488.0,483_1,0.0,0.0,152.0,3945.0,774_1,29.75,13.02,457.0,2244.09,217.0,7,0.0,281.23,0,tripinfo_EastAveburyToWestA509.369 emissions_EastAveburyToWestA509.369,electric,0.94,0.0,0.0,0.0,0.0,0.0,0.0,0.0
EastAveburyToWestA509.370,3491.0,483_1,0.0,0.0,146.0,3945.0,774_2,29.75,12.46,454.0,2240.44,209.0,6,0.0,277.13,0,tripinfo_EastAveburyToWestA509.370 emissions_EastAveburyToWestA509.370,gasoline_euro4,0.94,46480.171513,1198580.987822,239.196126,24.431885,510.989327,382306.35291,0.0
EastSilburyToEastAvebury.146,2736.0,317_1,0.0,0.0,0.0,3952.0,213_1,19.13,14.61,1216.0,2634.6,910.0,24,0.0,1038.51,0,tripinfo_EastSilburyToEastAvebury.146 emissions_EastSilburyToEastAvebury.146,gasoline_euro4,1.07,169800.87792,3327122.672622,850.011734,77.008609,1479.977203,1061253.537813,0.0
EastSilburyToEastAvebury.109,2144.0,317_1,0.0,0.0,0.0,3956.0,213_1,19.13,11.74,1812.0,2638.68,1408.0,34,0.0,1600.97,0,tripinfo_EastSilburyToEastAvebury.109 emissions_EastSilburyToEastAvebury.109,electric,0.9,0.0,0.0,0.0,0.0,0.0,0.0,0.0
EastA509ToH6.186,3348.0,770_0,0.0,0.0,0.0,3962.0,522_0,56.88,13.52,614.0,1483.64,443.0,8,0.0,506.27,0,tripinfo_EastA509ToH6.186 emissions_EastA509ToH6.186,gasoline_euro4,1.0,83104.352698,1684662.904709,417.412315,38.399223,745.978643,537356.403706,0.0
EastA509ToH6.187,3366.0,770_0,0.0,0.0,0.0,3966.0,522_0,56.88,13.42,600.0,1483.64,421.0,8,0.0,490.82,0,tripinfo_EastA509ToH6.187 emissions_EastA509ToH6.187,gasoline_euro4,0.99,80511.266868,1640733.588566,404.591476,37.381689,726.709652,523344.016182,0.0
EastA509ToH6.189,3402.0,770_0,0.0,0.0,0.0,3967.0,522_1,56.88,13.78,565.0,1483.69,381.0,10,0.0,459.62,0,tripinfo_EastA509ToH6.189 emissions_EastA509ToH6.189,gasoline_euro4,1.02,74984.216151,1558173.811866,377.508723,35.427772,689.761664,497009.084375,0.0
WestA509ToAvebury.72,1298.0,773_0,0.0,0.0,2.0,3973.0,213_0,19.13,13.34,2675.0,2331.6,2160.0,52,0.0,2511.35,0,tripinfo_WestA509ToAvebury.72 emissions_WestA509ToAvebury.72,electric,1.03,0.0,0.0,0.0,0.0,0.0,0.0,0.0
EastA509ToH6.190,3420.0,770_0,0.0,0.0,0.0,3973.0,522_0,56.88,12.79,553.0,1483.69,377.0,8,0.0,444.14,0,tripinfo_EastA509ToH6.190 emissions_EastA509ToH6.190,gasoline_euro4,0.99,72753.191297,1511725.666186,366.321067,34.156761,667.777668,482193.844667,0.0
SouthEvansGateToSilbury.198,3564.0,526_0,0.0,0.0,0.0,3975.0,215_1,19.43,12.67,411.0,1471.71,255.0,7,0.0,304.17,0,tripinfo_SouthEvansGateToSilbury.198 emissions_SouthEvansGateToSilbury.198,gasoline_euro4,0.99,50291.311131,1128492.956594,254.920286,24.579424,491.246047,359952.988579,0.0
EastA509ToH6.188,3384.0,770_0,0.0,0.0,0.0,3977.0,522_0,56.88,13.36,593.0,1483.69,414.0,8,0.0,487.22,0,tripinfo_EastA509ToH6.188 emissions_EastA509ToH6.188,gasoline_euro4,1.02,79380.432747,1627957.575717,399.286366,37.190619,721.786235,519268.426462,0.0
EastA509ToH6.191,3438.0,770_0,0.0,0.0,0.0,3978.0,522_0,56.88,14.06,540.0,1483.69,350.0,8,0.0,436.35,0,tripinfo_EastA509ToH6.191 emissions_EastA509ToH6.191,gasoline_euro4,1.03,70753.078994,1497236.426592,357.004255,33.702104,660.646364,477571.540507,0.0
SouthEvansGateToSilbury.199,3582.0,526_0,0.0,0.0,0.0,3979.0,215_1,19.43,11.44,397.0,1471.7,230.0,7,0.0,274.03,0,tripinfo_SouthEvansGateToSilbury.199 emissions_SouthEvansGateToSilbury.199,electric,0.87,0.0,0.0,0.0,0.0,0.0,0.0,0.0
EastA509ToH6.192,3456.0,770_0,0.0,0.0,0.0,3982.0,522_0,56.88,13.13,526.0,1483.69,331.0,9,0.0,414.88,0,tripinfo_EastA509ToH6.192 emissions_EastA509ToH6.192,gasoline_euro4,0.96,66675.900505,1408179.7624,336.443441,31.684037,621.94205,449165.326152,0.0
EastA509ToH6.141,2538.0,770_0,0.0,0.0,0.0,3994.0,522_1,56.88,14.78,1456.0,2399.54,1156.0,31,0.0,1298.17,0,tripinfo_EastA509ToH6.141 emissions_EastA509ToH6.141,gasoline_euro4,1.1,212277.613611,3922250.475343,1057.795146,92.933928,1760.096682,1251086.930493,0.0
WestA509ToEastH6.67,2415.0,773_0,0.0,0.0,3.0,4007.0,522_1,56.88,12.98,1592.0,2720.96,1221.0,34,0.0,1393.22,0,tripinfo_WestA509ToEastH6.67 emissions_WestA509ToEastH6.67,gasoline_euro4,0.99,227184.078801,4205014.997557,1132.307463,98.766405,1881.876348,1341281.585312,0.0
EastA509ToH6.96,1728.0,770_0,0.0,0.0,0.0,4009.0,522_1,56.88,13.55,2281.0,2408.85,1963.0,28,0.0,2115.52,0,tripinfo_EastA509ToH6.96 emissions_EastA509ToH6.96,gasoline_euro4,1.05,346580.954356,6062648.823367,1719.807887,146.523925,2741.363695,1933821.891998,0.0
WestH6ToSaxonSt.263,3156.0,524_0,0.0,0.0,0.0,4010.0,771_1,56.88,14.39,854.0,2555.05,535.0,16,0.0,675.36,0,tripinfo_WestH6ToSaxonSt.263 emissions_WestH6ToSaxonSt.263,gasoline_euro4,1.04,109105.389146,2273247.390457,549.397967,51.149256,1001.126508,725095.931489,0.0
EastA509ToH6.147,2646.0,770_0,0.0,0.0,0.0,4011.0,522_1,56.88,14.26,1365.0,2408.95,1053.0,21,0.0,1206.01,0,tripinfo_EastA509ToH6.147 emissions_EastA509ToH6.147,gasoline_euro4,1.1,194823.379574,3674439.446669,972.583133,86.394872,1644.698184,1172040.382906,0.0
WestH6ToSaxonSt.265,3180.0,524_0,0.0,0.0,0.0,4012.0,771_1,56.88,15.93,832.0,2555.03,521.0,14,0.0,669.34,0,tripinfo_WestH6ToSaxonSt.265 emissions_WestH6ToSaxonSt.265,electric,1.15,0.0,0.0,0.0,0.0,0.0,0.0,0.0
WestH6ToSaxonSt.294,3528.0,524_0,0.0,0.0,0.0,4013.0,771_1,56.88,14.14,485.0,2555.0,247.0,9,0.0,314.97,0,tripinfo_WestH6ToSaxonSt.294 emissions_WestH6ToSaxonSt.294,electric,1.09,0.0,0.0,0.0,0.0,0.0,0.0,0.0
EastA509ToH6.145,2610.0,770_0,0.0,0.0,0.0,4015.0,522_1,56.88,14.18,1405.0,2408.95,1055.0,32,0.0,1236.93,0,tripinfo_EastA509ToH6.145 emissions_EastA509ToH6.145,gasoline_euro4,1.04,201228.631413,3757247.310367,1003.765843,88.41492,1683.175563,1198454.905762,0.0
WestA509ToAvebury.115,2070.0,773_0,0.0,0.0,0.0,4016.0,213_0,19.13,15.66,1946.0,2323.29,1628.0,30,0.0,1800.32,0,tripinfo_WestA509ToAvebury.115 emissions_WestA509ToAvebury.115,gasoline_euro4,1.17,292774.281935,5155643.06505,1453.310457,124.252494,2325.827249,1644510.729298,0.0
WestH6ToSaxonSt.285,3420.0,524_0,0.0,0.0,0.0,4018.0,771_1,56.88,13.21,598.0,2555.01,336.0,10,0.0,407.94,0,tripinfo_WestH6ToSaxonSt.285 emissions_WestH6ToSaxonSt.285,gasoline_euro4,0.98,68213.013559,1614104.780433,347.544846,34.151427,695.687682,514846.367964,0.0
EastSilburyToEastAvebury.96,1936.0,317_0,0.0,0.0,0.0,4020.0,213_0,19.13,13.55,2084.0,647.06,1894.0,29,0.0,2030.34,0,tripinfo_EastSilburyToEastAvebury.96 emissions_EastSilburyToEastAvebury.96,electric,0.99,0.0,0.0,0.0,0.0,0.0,0.0,0.0
WestH6ToSaxonSt.288,3456.0,524_0,0.0,0.0,0.0,4020.0,771_1,56.88,13.0,564.0,2555.01,307.0,10,0.0,373.55,0,tripinfo_WestH6ToSaxonSt.288 emissions_WestH6ToSaxonSt.288,electric,0.98,0.0,0.0,0.0,0.0,0.0,0.0,0.0
EastSilburyToEastAvebury.112,2192.0,317_0,0.0,0.0,0.0,4023.0,213_0,19.13,11.68,1831.0,1555.42,1567.0,33,0.0,1707.89,0,tripinfo_EastSilburyToEastAvebury.112 emissions_EastSilburyToEastAvebury.112,electric,0.92,0.0,0.0,0.0,0.0,0.0,0.0,0.0
WestA509ToAvebury.55,990.0,773_0,0.0,0.0,0.0,4024.0,213_0,19.13,15.2,3034.0,2250.13,2702.0,31,0.0,2893.77,0,tripinfo_WestA509ToAvebury.55 emissions_WestA509ToAvebury.55,electric,1.16,0.0,0.0,0.0,0.0,0.0,0.0,0.0
EastA509ToH6.137,2466.0,770_0,0.0,0.0,0.0,4024.0,522_0,56.88,11.14,1558.0,2408.85,1184.0,30,0.0,1360.21,0,tripinfo_EastA509ToH6.137 emissions_EastA509ToH6.137,gasoline_euro4,0.88,222047.023243,4036307.39972,1105.396155,94.938836,1809.604833,1287470.911131,0.0
EastAveburyToWestA509.371,3560.0,483_1,0.0,0.0,207.0,4024.0,774_1,29.75,13.0,464.0,2244.08,227.0,7,0.0,295.66,0,tripinfo_EastAveburyToWestA509.371 emissions_EastAveburyToWestA509.371,gasoline_euro4,0.99,49956.870403,1301696.144502,257.216848,27.121313,558.376402,415195.528913,0.0
EastAveburyToWestA509.372,3564.0,483_1,0.0,0.0,202.0,4024.0,774_2,29.75,12.17,460.0,2237.39,220.0,6,0.0,286.64,0,tripinfo_EastAveburyToWestA509.372 emissions_EastAveburyToWestA509.372,electric,0.96,0.0,0.0,0.0,0.0,0.0,0.0,0.0
EastAveburyToWestA509.374,3570.0,483_1,0.0,0.0,191.0,4025.0,774_2,29.75,14.68,455.0,2240.45,211.0,5,0.0,302.69,0,tripinfo_EastAveburyToWestA509.374 emissions_EastAveburyToWestA509.374,electric,1.09,0.0,0.0,0.0,0.0,0.0,0.0,0.0
EastAveburyToWestA509.376,3575.0,483_1,0.0,0.0,179.0,4026.0,774_1,29.75,13.06,451.0,2241.29,225.0,5,0.0,289.93,0,tripinfo_EastAveburyToWestA509.376 emissions_EastAveburyToWestA509.376,electric,1.01,0.0,0.0,0.0,0.0,0.0,0.0,0.0
EastAveburyToWestA509.377,3579.0,483_1,0.0,0.0,175.0,4027.0,774_2,29.75,14.45,448.0,2237.39,222.0,6,0.0,299.14,0,tripinfo_EastAveburyToWestA509.377 emissions_EastAveburyToWestA509.377,electric,1.11,0.0,0.0,0.0,0.0,0.0,0.0,0.0
WestA509ToAvebury.163,2934.0,773_0,0.0,0.0,0.0,4028.0,213_0,19.13,12.11,1094.0,2327.58,811.0,21,0.0,909.17,0,tripinfo_WestA509ToAvebury.163 emissions_WestA509ToAvebury.163,gasoline_euro4,0.92,149115.74991,2856572.789709,745.238315,65.626273,1268.828196,911164.809982,0.0
EastAveburyToWestA509.378,3647.0,483_1,0.0,0.0,234.0,4029.0,774_2,29.75,12.33,382.0,2240.45,152.0,5,0.0,210.8,0,tripinfo_EastAveburyToWestA509.378 emissions_EastAveburyToWestA509.378,gasoline_euro4,0.97,35739.554051,1020981.649323,186.00841,20.345978,431.593471,325656.319283,0.0
EastAveburyToWestA509.373,3567.0,483_1,0.0,0.0,197.0,4031.0,774_1,29.75,12.45,464.0,2240.46,211.0,6,0.0,291.5,0,tripinfo_EastAveburyToWestA509.373 emissions_EastAveburyToWestA509.373,gasoline_euro4,0.96,47944.889773,1221119.134044,246.237062,24.925827,520.632569,389495.572733,0.0
EastAveburyToWestA509.375,3573.0,483_1,0.0,0.0,186.0,4035.0,774_1,29.75,12.03,462.0,2240.45,203.0,7,0.0,282.09,0,tripinfo_EastAveburyToWestA509.375 emissions_EastAveburyToWestA509.375,electric,0.92,0.0,0.0,0.0,0.0,0.0,0.0,0.0
WestA509ToAvebury.73,1314.0,773_0,0.0,0.0,0.0,4062.0,213_0,19.13,12.36,2748.0,2332.45,2230.0,51,0.0,2568.09,0,tripinfo_WestA509ToAvebury.73 emissions_WestA509ToAvebury.73,gasoline_euro4,0.94,416294.708339,7128491.330647,2062.222099,172.937861,3230.142198,2273801.693386,0.0
EastA509ToH6.194,3492.0,770_0,0.0,0.0,0.0,4067.0,522_0,56.88,12.57,575.0,1483.64,375.0,13,0.0,459.97,0,tripinfo_EastA509ToH6.194 emissions_EastA509ToH6.194,electric,0.94,0.0,0.0,0.0,0.0,0.0,0.0,0.0
EastSilburyToEastAvebury.56,1296.0,317_1,0.0,0.0,0.0,4070.0,213_0,19.13,10.96,2774.0,2116.53,2264.0,47,0.0,2598.4,0,tripinfo_EastSilburyToEastAvebury.56 emissions_EastSilburyToEastAvebury.56,electric,0.88,0.0,0.0,0.0,0.0,0.0,0.0,0.0
WestA509ToAvebury.93,1674.0,773_0,0.0,0.0,0.0,4070.0,213_1,19.13,11.93,2396.0,2288.02,1948.0,44,0.0,2214.73,0,tripinfo_WestA509ToAvebury.93 emissions_WestA509ToAvebury.93,gasoline_euro4,0.92,360653.945192,6184462.038678,1786.913568,149.57442,2798.681634,1972681.410288,0.0
EastA509ToH6.195,3510.0,770_0,0.0,0.0,0.0,4070.0,522_0,56.88,11.71,560.0,1483.69,352.0,12,0.0,444.71,0,tripinfo_EastA509ToH6.195 emissions_EastA509ToH6.195,electric,0.93,0.0,0.0,0.0,0.0,0.0,0.0,0.0
EastA509ToH6.154,2772.0,770_0,0.0,0.0,0.0,4087.0,522_1,56.88,13.71,1315.0,2408.95,964.0,31,0.0,1142.82,0,tripinfo_EastA509ToH6.154 emissions_EastA509ToH6.154,gasoline_euro4,1.01,183800.068884,3483286.294863,918.078457,81.431224,1557.666897,1111067.959933,0.0
WestH6ToSaxonSt.264,3168.0,524_0,0.0,0.0,0.0,4093.0,771_1,56.88,15.18,925.0,2555.04,614.0,19,0.0,756.17,0,tripinfo_WestH6ToSaxonSt.264 emissions_WestH6ToSaxonSt.264,gasoline_euro4,1.1,121822.708005,2495594.850712,612.574206,57.018988,1104.130216,796018.212659,0.0
WestH6ToSaxonSt.266,3192.0,524_0,0.0,0.0,0.0,4100.0,771_1,56.88,12.79,908.0,2555.04,601.0,18,0.0,708.94,0,tripinfo_WestH6ToSaxonSt.266 emissions_WestH6ToSaxonSt.266,gasoline_euro4,0.93,117051.941775,2395925.863329,588.255607,53.495069,1052.751612,764228.385377,0.0
WestH6ToSaxonSt.299,3588.0,524_0,0.0,0.0,0.0,4102.0,771_1,56.88,14.57,514.0,2554.99,267.0,10,0.0,337.62,0,tripinfo_WestH6ToSaxonSt.299 emissions_WestH6ToSaxonSt.299,gasoline_euro4,1.06,56560.520247,1456181.930702,290.630664,30.27494,623.034023,464471.643175,0.0
EastA509ToH6.142,2556.0,770_0,0.0,0.0,0.0,4103.0,522_1,56.88,12.07,1547.0,2404.67,1206.0,32,0.0,1353.48,0,tripinfo_EastA509ToH6.142 emissions_EastA509ToH6.142,gasoline_euro4,0.9,221637.249922,4065455.05652,1104.102904,95.474884,1821.380905,1296767.094489,0.0
EastAveburyToWestA509.379,3651.0,483_1,0.0,0.0,230.0,4105.0,774_2,29.75,14.04,454.0,2240.46,229.0,5,0.0,300.26,0,tripinfo_EastAveburyToWestA509.379 emissions_EastAveburyToWestA509.379,electric,1.08,0.0,0.0,0.0,0.0,0.0,0.0,0.0
WestH6ToSaxonSt.292,3504.0,524_0,0.0,0.0,0.0,4106.0,771_1,56.88,12.42,602.0,2555.03,335.0,12,0.0,399.43,0,tripinfo_WestH6ToSaxonSt.292 emissions_WestH6ToSaxonSt.292,gasoline_euro4,0.92,67746.117469,1591498.233665,345.148608,33.487898,685.385302,507636.16653,0.0
WestH6ToSaxonSt.270,3240.0,524_0,0.0,0.0,0.0,4108.0,771_1,56.88,14.84,868.0,2555.03,553.0,17,0.0,695.59,0,tripinfo_WestH6ToSaxonSt.270 emissions_WestH6ToSaxonSt.270,gasoline_euro4,1.08,112734.980929,2363910.781971,568.316311,53.16977,1041.797629,754014.314025,0.0
WestA509ToAvebury.164,2952.0,773_0,0.0,0.0,0.0,4109.0,213_0,19.13,12.11,1157.0,2328.43,862.0,25,0.0,967.9,0,tripinfo_WestA509ToAvebury.164 emissions_WestA509ToAvebury.164,gasoline_euro4,0.9,158904.104679,3015779.391677,793.824124,69.728148,1343.413172,961947.535285,0.0
WestA509ToAvebury.139,2502.0,773_0,0.0,0.0,0.0,4110.0,213_0,19.13,13.33,1608.0,2248.31,1350.0,22,0.0,1445.78,0,tripinfo_WestA509ToAvebury.139 emissions_WestA509ToAvebury.139,electric,1.0,0.0,0.0,0.0,0.0,0.0,0.0,0.0
WestH6ToSaxonSt.296,3552.0,524_0,0.0,0.0,0.0,4110.0,771_1,56.88,13.46,558.0,2555.0,309.0,7,0.0,370.67,0,tripinfo_WestH6ToSaxonSt.296 emissions_WestH6ToSaxonSt.296,electric,1.0,0.0,0.0,0.0,0.0,0.0,0.0,0.0
EastA509ToH6.148,2664.0,770_0,0.0,0.0,0.0,4111.0,522_0,56.88,10.69,1447.0,2405.3,1064.0,26,0.0,1242.41,0,tripinfo_EastA509ToH6.148 emissions_EastA509ToH6.148,electric,0.85,0.0,0.0,0.0,0.0,0.0,0.0,0.0
EastAveburyToWestA509.380,3654.0,483_1,0.0,0.0,224.0,4112.0,774_1,29.75,12.11,458.0,2240.45,221.0,5,0.0,286.14,0,tripinfo_EastAveburyToWestA509.380 emissions_EastAveburyToWestA509.380,electric,0.97,0.0,0.0,0.0,0.0,0.0,0.0,0.0
EastAveburyToWestA509.383,3663.0,483_1,0.0,0.0,208.0,4116.0,774_1,29.75,13.03,453.0,2241.29,218.0,5,0.0,292.54,0,tripinfo_EastAveburyToWestA509.383 emissions_EastAveburyToWestA509.383,electric,1.02,0.0,0.0,0.0,0.0,0.0,0.0,0.0
EastAveburyToWestA509.381,3657.0,483_1,0.0,0.0,219.0,4117.0,774_1,29.75,11.65,460.0,2240.45,213.0,5,0.0,279.22,0,tripinfo_EastAveburyToWestA509.381 emissions_EastAveburyToWestA509.381,gasoline_euro4,0.92,46318.639258,1187781.143674,238.296955,24.119695,506.20475,378861.830949,0.0
EastAveburyToWestA509.384,3666.0,483_1,0.0,0.0,202.0,4119.0,774_2,29.75,15.23,453.0,2237.39,218.0,7,0.0,310.91,0,tripinfo_EastAveburyToWestA509.384 emissions_EastAveburyToWestA509.384,gasoline_euro4,1.17,48510.518122,1269221.785578,250.227383,26.683114,546.324507,404836.954307,0.0
EastAveburyToWestA509.385,3736.0,483_1,0.0,0.0,264.0,4122.0,774_1,29.75,11.69,386.0,2240.45,140.0,4,0.0,202.71,0,tripinfo_EastAveburyToWestA509.385 emissions_EastAveburyToWestA509.385,gasoline_euro4,0.9,34414.597923,997151.607378,179.712621,19.424217,419.686478,318055.587272,0.0
EastSilburyToEastAvebury.147,2752.0,317_1,0.0,0.0,0.0,4128.0,213_1,19.13,14.15,1376.0,2634.5,1031.0,32,0.0,1201.26,0,tripinfo_EastSilburyToEastAvebury.147 emissions_EastSilburyToEastAvebury.147,electric,1.09,0.0,0.0,0.0,0.0,0.0,0.0,0.0
EastAveburyToWestA509.382,3660.0,483_1,0.0,0.0,213.0,4129.0,774_0,29.75,10.37,469.0,2240.46,193.0,5,0.0,264.57,0,tripinfo_EastAveburyToWestA509.382 emissions_EastAveburyToWestA509.382,electric,0.81,0.0,0.0,0.0,0.0,0.0,0.0,0.0
WestA509ToEastH6.83,2988.0,773_0,0.0,0.0,0.0,4142.0,522_0,56.88,12.59,1154.0,2755.12,817.0,22,0.0,938.29,0,tripinfo_WestA509ToEastH6.83 emissions_WestA509ToEastH6.83,electric,0.93,0.0,0.0,0.0,0.0,0.0,0.0,0.0
EastA509ToH6.193,3474.0,770_0,0.0,0.0,0.0,4147.0,522_0,56.88,12.94,673.0,1483.69,489.0,10,0.0,566.11,0,tripinfo_EastA509ToH6.193 emissions_EastA509ToH6.193,electric,1.0,0.0,0.0,0.0,0.0,0.0,0.0,0.0
EastA509ToH6.196,3528.0,770_0,0.0,0.0,0.0,4149.0,522_0,56.88,14.85,621.0,1483.69,431.0,10,0.0,526.77,0,tripinfo_EastA509ToH6.196 emissions_EastA509ToH6.196,gasoline_euro4,1.14,84830.784122,1752140.077421,427.005724,40.215685,778.154802,558878.192027,0.0
EastSilburyToEastAvebury.65,1440.0,317_0,0.0,0.0,0.0,4150.0,213_0,19.13,13.07,2710.0,1550.65,2251.0,50,0.0,2598.05,0,tripinfo_EastSilburyToEastAvebury.65 emissions_EastSilburyToEastAvebury.65,electric,1.01,0.0,0.0,0.0,0.0,0.0,0.0,0.0
EastA509ToH6.197,3546.0,770_0,0.0,0.0,0.0,4150.0,522_1,56.88,16.59,604.0,1483.69,420.0,11,0.0,517.51,0,tripinfo_EastA509ToH6.197 emissions_EastA509ToH6.197,gasoline_euro4,1.24,84033.305609,1763166.922964,423.990768,40.784956,784.646993,562394.277096,0.0
EastSilburyToEastAvebury.120,2320.0,317_0,0.0,0.0,0.0,4152.0,213_0,19.13,14.17,1832.0,2477.42,1363.0,33,0.0,1665.89,0,tripinfo_EastSilburyToEastAvebury.120 emissions_EastSilburyToEastAvebury.120,gasoline_euro4,1.09,267728.854888,4817738.592065,1331.063016,114.76386,2166.788703,1536725.978852,0.0
EastSilburyToEastAvebury.121,2336.0,317_0,0.0,0.0,0.0,4154.0,213_0,19.13,13.87,1818.0,2477.42,1350.0,36,0.0,1645.26,0,tripinfo_EastSilburyToEastAvebury.121 emissions_EastSilburyToEastAvebury.121,electric,1.05,0.0,0.0,0.0,0.0,0.0,0.0,0.0
EastSilburyToEastAvebury.104,2064.0,317_0,0.0,0.0,0.0,4156.0,213_0,19.13,15.76,2092.0,2477.48,1630.0,35,0.0,1940.42,0,tripinfo_EastSilburyToEastAvebury.104 emissions_EastSilburyToEastAvebury.104,gasoline_euro4,1.19,314045.721258,5560698.720623,1559.664387,133.779717,2507.483116,1773711.65751,0.0
EastA509ToH6.199,3582.0,770_0,0.0,0.0,0.0,4156.0,522_0,56.88,12.58,574.0,1483.69,373.0,10,0.0,466.06,0,tripinfo_EastA509ToH6.199 emissions_EastA509ToH6.199,electric,1.0,0.0,0.0,0.0,0.0,0.0,0.0,0.0
EastA509ToH6.144,2592.0,770_0,0.0,0.0,0.0,4168.0,522_1,56.88,15.32,1576.0,2404.79,1246.0,34,0.0,1422.04,0,tripinfo_EastA509ToH6.144 emissions_EastA509ToH6.144,electric,1.13,0.0,0.0,0.0,0.0,0.0,0.0,0.0
WestH6ToSaxonSt.268,3216.0,524_0,0.0,0.0,0.0,4185.0,771_1,56.88,11.82,969.0,2555.05,633.0,16,0.0,755.45,0,tripinfo_WestH6ToSaxonSt.268 emissions_WestH6ToSaxonSt.268,electric,0.87,0.0,0.0,0.0,0.0,0.0,0.0,0.0
WestH6ToSaxonSt.267,3204.0,524_0,0.0,0.0,0.0,4187.0,771_1,56.88,13.02,983.0,2555.04,656.0,14,0.0,790.8,0,tripinfo_WestH6ToSaxonSt.267 emissions_WestH6ToSaxonSt.267,gasoline_euro4,0.97,129279.608969,2590177.814156,648.868859,58.744863,1145.640548,826189.534198,0.0
WestH6ToSaxonSt.269,3228.0,524_0,0.0,0.0,0.0,4189.0,771_1,56.88,12.23,961.0,2555.04,623.0,15,0.0,768.5,0,tripinfo_WestH6ToSaxonSt.269 emissions_WestH6ToSaxonSt.269,electric,0.97,0.0,0.0,0.0,0.0,0.0,0.0,0.0
WestH6ToSaxonSt.272,3264.0,524_0,0.0,0.0,0.0,4190.0,771_1,56.88,15.39,926.0,2555.05,605.0,14,0.0,761.92,0,tripinfo_WestH6ToSaxonSt.272 emissions_WestH6ToSaxonSt.272,electric,1.13,0.0,0.0,0.0,0.0,0.0,0.0,0.0
WestH6ToSaxonSt.273,3276.0,524_0,0.0,0.0,0.0,4192.0,771_1,56.88,13.18,916.0,2555.04,609.0,12,0.0,721.84,0,tripinfo_WestH6ToSaxonSt.273 emissions_WestH6ToSaxonSt.273,electric,0.96,0.0,0.0,0.0,0.0,0.0,0.0,0.0
WestH6ToSaxonSt.275,3300.0,524_0,0.0,0.0,0.0,4194.0,771_1,56.88,13.23,894.0,2555.06,601.0,10,0.0,708.72,0,tripinfo_WestH6ToSaxonSt.275 emissions_WestH6ToSaxonSt.275,electric,1.01,0.0,0.0,0.0,0.0,0.0,0.0,0.0
WestA509ToAvebury.106,1910.0,773_0,0.0,0.0,2.0,4196.0,213_0,19.13,13.44,2286.0,2227.42,2017.0,17,0.0,2122.54,0,tripinfo_WestA509ToAvebury.106 emissions_WestA509ToAvebury.106,gasoline_euro4,0.98,348393.282224,6002976.7693,1726.377105,145.373795,2716.069269,1914791.115104,0.0
WestH6ToSaxonSt.276,3312.0,524_0,0.0,0.0,0.0,4196.0,771_1,56.88,13.15,884.0,2555.05,581.0,12,0.0,693.15,0,tripinfo_WestH6ToSaxonSt.276 emissions_WestH6ToSaxonSt.276,gasoline_euro4,0.97,112838.954985,2318707.282264,567.249864,51.954303,1019.839774,739597.470286,0.0
EastSilburyToEastAvebury.64,1424.0,317_0,0.0,0.0,0.0,4200.0,213_0,19.13,11.19,2776.0,1576.66,2409.0,43,0.0,2635.1,0,tripinfo_EastSilburyToEastAvebury.64 emissions_EastSilburyToEastAvebury.64,electric,0.82,0.0,0.0,0.0,0.0,0.0,0.0,0.0
WestA509ToAvebury.155,2790.0,773_0,0.0,0.0,0.0,4202.0,213_0,19.13,13.05,1412.0,2328.43,1087.0,26,0.0,1244.93,0,tripinfo_WestA509ToAvebury.155 emissions_WestA509ToAvebury.155,gasoline_euro4,1.02,203454.240879,3725223.379976,1013.163298,87.917391,1669.454972,1188242.499954,0.0
EastAveburyToWestA509.390,3753.0,483_1,0.0,0.0,238.0,4203.0,774_1,29.75,13.23,450.0,2241.29,224.0,5,0.0,293.41,0,tripinfo_EastAveburyToWestA509.390 emissions_EastAveburyToWestA509.390,gasoline_euro4,1.05,49104.583654,1280609.043871,253.243893,27.319335,554.005048,408468.715243,0.0
WestA509ToAvebury.168,3024.0,773_0,0.0,0.0,0.0,4204.0,213_0,19.13,14.29,1180.0,2327.58,872.0,21,0.0,1015.7,0,tripinfo_WestA509ToAvebury.168 emissions_WestA509ToAvebury.168,electric,1.03,0.0,0.0,0.0,0.0,0.0,0.0,0.0
EastA509ToH6.117,2106.0,770_0,0.0,0.0,0.0,4205.0,522_0,56.88,12.95,2099.0,3295.38,1571.0,40,0.0,1860.81,0,tripinfo_EastA509ToH6.117 emissions_EastA509ToH6.117,gasoline_euro4,1.01,302933.566204,5503132.807629,1506.885703,129.780393,2464.807987,1755347.667365,0.0
EastAveburyToWestA509.389,3750.0,483_1,0.0,0.0,244.0,4208.0,774_2,29.75,13.57,458.0,2237.39,203.0,5,0.0,292.13,0,tripinfo_EastAveburyToWestA509.389 emissions_EastAveburyToWestA509.389,gasoline_euro4,1.0,45907.312181,1181502.878669,236.507332,24.520759,508.427123,376858.455957,0.0
EastAveburyToWestA509.386,3740.0,483_1,0.0,0.0,259.0,4209.0,774_2,29.75,14.62,469.0,2237.39,213.0,6,0.0,312.15,0,tripinfo_EastAveburyToWestA509.386 emissions_EastAveburyToWestA509.386,gasoline_euro4,1.05,48069.42695,1249680.382796,247.959784,25.901582,537.36553,398604.466188,0.0
EastAveburyToWestA509.391,3756.0,483_1,0.0,0.0,233.0,4211.0,774_2,29.75,12.54,455.0,2240.45,208.0,5,0.0,287.67,0,tripinfo_EastAveburyToWestA509.391 emissions_EastAveburyToWestA509.391,gasoline_euro4,0.99,46901.015024,1225965.386877,241.83411,25.364301,525.831905,391040.133019,0.0
EastAveburyToWestA509.387,3743.0,483_1,0.0,0.0,254.0,4212.0,774_0,29.75,10.84,469.0,2237.39,204.0,5,0.0,260.89,0,tripinfo_EastAveburyToWestA509.387 emissions_EastAveburyToWestA509.387,electric,0.8,0.0,0.0,0.0,0.0,0.0,0.0,0.0
EastAveburyToWestA509.388,3746.0,483_1,0.0,0.0,248.0,4212.0,774_1,29.75,14.17,466.0,2244.08,202.0,4,0.0,304.42,0,tripinfo_EastAveburyToWestA509.388 emissions_EastAveburyToWestA509.388,electric,1.02,0.0,0.0,0.0,0.0,0.0,0.0,0.0
EastAveburyToWestA509.392,3825.0,483_1,0.0,0.0,293.0,4214.0,774_1,29.75,12.64,389.0,2240.45,141.0,4,0.0,215.68,0,tripinfo_EastAveburyToWestA509.392 emissions_EastAveburyToWestA509.392,electric,0.96,0.0,0.0,0.0,0.0,0.0,0.0,0.0
EastAveburyToWestA509.393,3828.0,483_1,0.0,0.0,288.0,4215.0,774_2,29.75,13.89,387.0,2237.65,142.0,5,0.0,225.6,0,tripinfo_EastAveburyToWestA509.393 emissions_EastAveburyToWestA509.393,gasoline_euro4,1.01,36477.262185,1101458.614873,191.679462,22.207788,468.646614,351323.911624,0.0
EastA509ToH6.198,3564.0,770_0,0.0,0.0,0.0,4226.0,522_0,56.88,14.33,662.0,1483.69,461.0,10,0.0,557.68,0,tripinfo_EastA509ToH6.198 emissions_EastA509ToH6.198,electric,1.03,0.0,0.0,0.0,0.0,0.0,0.0,0.0
EastSilburyToEastAvebury.69,1504.0,317_0,0.0,0.0,0.0,4237.0,213_1,19.13,12.65,2733.0,1590.86,2313.0,39,0.0,2611.56,0,tripinfo_EastSilburyToEastAvebury.69 emissions_EastSilburyToEastAvebury.69,gasoline_euro4,0.96,422013.611634,7087834.525482,2087.513453,173.587685,3222.986267,2260836.490679,0.0
WestA509ToAvebury.84,1515.0,773_0,0.0,0.0,3.0,4239.0,213_0,19.13,11.38,2724.0,2288.0,2223.0,40,0.0,2529.14,0,tripinfo_WestA509ToAvebury.84 emissions_WestA509ToAvebury.84,electric,0.85,0.0,0.0,0.0,0.0,0.0,0.0,0.0
WestA509ToEastH6.84,3027.0,773_0,0.0,0.0,3.0,4240.0,522_0,56.88,14.26,1213.0,2755.17,855.0,21,0.0,1025.61,0,tripinfo_WestA509ToEastH6.84 emissions_WestA509ToEastH6.84,electric,1.06,0.0,0.0,0.0,0.0,0.0,0.0,0.0
EastA509ToH6.97,1746.0,770_0,0.0,0.0,0.0,4264.0,522_1,56.88,13.42,2518.0,2408.85,2156.0,33,0.0,2339.73,0,tripinfo_EastA509ToH6.97 emissions_EastA509ToH6.97,gasoline_euro4,0.97,382599.353243,6631105.563793,1896.789622,160.117418,2997.804145,2115146.685539,0.0
WestA509ToEastH6.49,1764.0,773_0,0.0,0.0,0.0,4265.0,522_0,56.88,16.42,2501.0,2721.53,2135.0,34,0.0,2338.68,0,tripinfo_WestA509ToEastH6.49 emissions_WestA509ToEastH6.49,electric,1.21,0.0,0.0,0.0,0.0,0.0,0.0,0.0
WestH6ToSaxonSt.274,3288.0,524_0,0.0,0.0,0.0,4269.0,771_1,56.88,12.17,981.0,2555.04,670.0,13,0.0,789.1,0,tripinfo_WestH6ToSaxonSt.274 emissions_WestH6ToSaxonSt.274,gasoline_euro4,0.97,129041.892598,2594934.377888,647.876789,58.723374,1146.221602,827706.623546,0.0
WestH6ToSaxonSt.278,3336.0,524_0,0.0,0.0,0.0,4273.0,771_1,56.88,11.94,937.0,2555.05,626.0,14,0.0,735.83,0,tripinfo_WestH6ToSaxonSt.278 emissions_WestH6ToSaxonSt.278,gasoline_euro4,0.92,120582.859767,2454253.121476,606.030894,54.846789,1079.714827,782833.374242,0.0
EastA509ToH6.99,1782.0,770_0,0.0,0.0,0.0,4275.0,522_1,56.88,12.6,2493.0,2408.85,2149.0,33,0.0,2315.82,0,tripinfo_EastA509ToH6.99 emissions_EastA509ToH6.99,gasoline_euro4,0.99,379795.889247,6563500.188127,1882.619513,158.979965,2970.763251,2093582.487696,0.0
WestH6ToSaxonSt.277,3324.0,524_0,0.0,0.0,0.0,4275.0,771_1,56.88,14.33,951.0,2555.04,657.0,12,0.0,777.05,0,tripinfo_WestH6ToSaxonSt.277 emissions_WestH6ToSaxonSt.277,gasoline_euro4,1.07,126083.489644,2564385.425184,633.56987,58.358129,1134.749631,817961.08348,0.0
WestH6ToSaxonSt.279,3348.0,524_0,0.0,0.0,0.0,4278.0,771_1,56.88,12.83,930.0,2555.04,626.0,11,0.0,736.19,0,tripinfo_WestH6ToSaxonSt.279 emissions_WestH6ToSaxonSt.279,gasoline_euro4,0.96,120218.665824,2455873.665237,604.169994,55.055819,1081.302387,783349.772139,0.0
EastAveburyToWestA509.396,3837.0,483_1,0.0,0.0,271.0,4278.0,774_2,29.75,15.73,441.0,2240.45,226.0,5,0.0,296.77,0,tripinfo_EastAveburyToWestA509.396 emissions_EastAveburyToWestA509.396,electric,1.14,0.0,0.0,0.0,0.0,0.0,0.0,0.0
WestH6ToSaxonSt.280,3360.0,524_0,0.0,0.0,0.0,4279.0,771_1,56.88,13.13,919.0,2555.04,623.0,11,0.0,737.22,0,tripinfo_WestH6ToSaxonSt.280 emissions_WestH6ToSaxonSt.280,gasoline_euro4,1.02,120318.1005,2457954.511358,604.579493,55.448226,1083.228968,784013.130172,0.0
EastAveburyToWestA509.394,3831.0,483_1,0.0,0.0,282.0,4279.0,774_1,29.75,15.33,448.0,2244.08,233.0,5,0.0,299.0,0,tripinfo_EastAveburyToWestA509.394 emissions_EastAveburyToWestA509.394,gasoline_euro4,1.12,48933.279288,1248548.395683,251.031281,26.229717,535.054096,398243.67436,0.0
WestA509ToAvebury.167,3006.0,773_0,0.0,0.0,0.0,4281.0,213_0,19.13,13.29,1275.0,2327.58,959.0,23,0.0,1101.28,0,tripinfo_WestA509ToAvebury.167 emissions_WestA509ToAvebury.167,gasoline_euro4,0.98,179711.726128,3389785.76732,897.249204,79.316051,1515.991615,1081244.486432,0.0
WestH6ToSaxonSt.282,3384.0,524_0,0.0,0.0,0.0,4281.0,771_1,56.88,13.44,897.0,2555.04,607.0,12,0.0,720.36,0,tripinfo_WestH6ToSaxonSt.282 emissions_WestH6ToSaxonSt.282,electric,1.06,0.0,0.0,0.0,0.0,0.0,0.0,0.0
WestA509ToAvebury.119,2142.0,773_0,0.0,0.0,0.0,4283.0,213_0,19.13,13.15,2141.0,2323.29,1815.0,28,0.0,1967.6,0,tripinfo_WestA509ToAvebury.119 emissions_WestA509ToAvebury.119,electric,0.97,0.0,0.0,0.0,0.0,0.0,0.0,0.0
WestA509ToAvebury.137,2466.0,773_0,0.0,0.0,0.0,4285.0,213_0,19.13,13.62,1819.0,2312.08,1566.0,19,0.0,1658.01,0,tripinfo_WestA509ToAvebury.137 emissions_WestA509ToAvebury.137,electric,1.05,0.0,0.0,0.0,0.0,0.0,0.0,0.0
WestH6ToSaxonSt.283,3396.0,524_0,0.0,0.0,0.0,4286.0,771_1,56.88,12.18,890.0,2555.04,596.0,10,0.0,696.77,0,tripinfo_WestH6ToSaxonSt.283 emissions_WestH6ToSaxonSt.283,electric,0.97,0.0,0.0,0.0,0.0,0.0,0.0,0.0
WestA509ToAvebury.165,2970.0,773_0,0.0,0.0,0.0,4287.0,213_0,19.13,13.56,1317.0,2328.43,1011.0,27,0.0,1152.05,0,tripinfo_WestA509ToAvebury.165 emissions_WestA509ToAvebury.165,gasoline_euro4,1.03,187934.880869,3513049.430553,937.747313,82.699086,1573.98948,1120562.60974,0.0
EastAveburyToWestA509.395,3834.0,483_1,0.0,0.0,277.0,4288.0,774_1,29.75,12.51,454.0,2240.45,226.0,6,0.0,283.31,0,tripinfo_EastAveburyToWestA509.395 emissions_EastAveburyToWestA509.395,gasoline_euro4,0.97,48534.453355,1236405.965697,249.19019,25.562907,528.839924,394371.177168,0.0
EastAveburyToWestA509.397,3840.0,483_1,0.0,0.0,266.0,4289.0,774_2,29.75,13.77,449.0,2237.65,225.0,7,0.0,297.51,0,tripinfo_EastAveburyToWestA509.397 emissions_EastAveburyToWestA509.397,gasoline_euro4,1.08,49942.175581,1292074.455997,257.105725,27.235886,555.476027,412126.474718,0.0
WestA509ToAvebury.171,3078.0,773_0,0.0,0.0,0.0,4290.0,213_0,19.13,15.02,1212.0,2327.58,912.0,23,0.0,1055.99,0,tripinfo_WestA509ToAvebury.171 emissions_WestA509ToAvebury.171,gasoline_euro4,1.09,170754.891356,3266219.647139,853.603771,76.252354,1458.169592,1041829.179898,0.0
EastAveburyToWestA509.399,3913.0,483_1,0.0,0.0,322.0,4296.0,774_2,29.75,13.09,383.0,2237.39,148.0,4,0.0,213.02,0,tripinfo_EastAveburyToWestA509.399 emissions_EastAveburyToWestA509.399,electric,0.97,0.0,0.0,0.0,0.0,0.0,0.0,0.0
EastAveburyToWestA509.398,3843.0,483_1,0.0,0.0,260.0,4297.0,774_1,29.75,11.21,454.0,2243.61,206.0,6,0.0,265.28,0,tripinfo_EastAveburyToWestA509.398 emissions_EastAveburyToWestA509.398,electric,0.88,0.0,0.0,0.0,0.0,0.0,0.0,0.0
EastSilburyToEastAvebury.106,2096.0,317_0,0.0,0.0,0.0,4325.0,213_0,19.13,11.45,2229.0,1590.83,1942.0,26,0.0,2100.79,0,tripinfo_EastSilburyToEastAvebury.106 emissions_EastSilburyToEastAvebury.106,electric,0.9,0.0,0.0,0.0,0.0,0.0,0.0,0.0
EastA509ToH6.102,1836.0,770_0,0.0,0.0,0.0,4349.0,522_1,56.88,13.16,2513.0,2408.85,2185.0,33,0.0,2344.95,0,tripinfo_EastA509ToH6.102 emissions_EastA509ToH6.102,electric,1.04,0.0,0.0,0.0,0.0,0.0,0.0,0.0
WestH6ToSaxonSt.284,3408.0,524_0,0.0,0.0,0.0,4358.0,771_1,56.88,12.29,950.0,2555.06,649.0,12,0.0,748.87,0,tripinfo_WestH6ToSaxonSt.284 emissions_WestH6ToSaxonSt.284,electric,0.92,0.0,0.0,0.0,0.0,0.0,0.0,0.0
WestH6ToSaxonSt.287,3444.0,524_0,0.0,0.0,0.0,4363.0,771_1,56.88,11.59,919.0,2555.03,599.0,11,0.0,708.38,0,tripinfo_WestH6ToSaxonSt.287 emissions_WestH6ToSaxonSt.287,gasoline_euro4,0.88,115988.434261,2373609.154982,583.07765,52.383775,1040.124438,757110.731239,0.0
WestH6ToSaxonSt.286,3432.0,524_0,0.0,0.0,0.0,4365.0,771_1,56.88,12.15,933.0,2555.07,610.0,10,0.0,736.8,0,tripinfo_WestH6ToSaxonSt.286 emissions_WestH6ToSaxonSt.286,electric,0.95,0.0,0.0,0.0,0.0,0.0,0.0,0.0
WestH6ToSaxonSt.289,3468.0,524_0,0.0,0.0,0.0,4367.0,771_1,56.88,12.53,899.0,2555.06,597.0,9,0.0,702.85,0,tripinfo_WestH6ToSaxonSt.289 emissions_WestH6ToSaxonSt.289,electric,0.95,0.0,0.0,0.0,0.0,0.0,0.0,0.0
WestH6ToSaxonSt.290,3480.0,524_0,0.0,0.0,0.0,4369.0,771_1,56.88,12.74,889.0,2555.04,591.0,10,0.0,702.43,0,tripinfo_WestH6ToSaxonSt.290 emissions_WestH6ToSaxonSt.290,electric,1.0,0.0,0.0,0.0,0.0,0.0,0.0,0.0
WestH6ToSaxonSt.291,3492.0,524_0,0.0,0.0,0.0,4370.0,771_1,56.88,13.95,878.0,2555.07,580.0,12,0.0,706.36,0,tripinfo_WestH6ToSaxonSt.291 emissions_WestH6ToSaxonSt.291,gasoline_euro4,1.08,113020.161162,2376518.96118,569.539657,53.560694,1048.171384,758035.484209,0.0
WestH6ToSaxonSt.293,3516.0,524_0,0.0,0.0,0.0,4372.0,771_1,56.88,13.21,856.0,2555.04,549.0,10,0.0,677.29,0,tripinfo_WestH6ToSaxonSt.293 emissions_WestH6ToSaxonSt.293,gasoline_euro4,1.04,108307.370455,2277003.4607,545.853808,50.924202,1001.359425,726293.670366,0.0
WestA509ToAvebury.159,2862.0,773_0,0.0,0.0,0.0,4374.0,213_0,19.13,12.39,1512.0,2328.43,1170.0,30,0.0,1337.69,0,tripinfo_WestA509ToAvebury.159 emissions_WestA509ToAvebury.159,gasoline_euro4,0.97,218469.354323,3974389.631445,1087.166451,93.892195,1782.37608,1267720.316862,0.0
EastA509ToH6.153,2754.0,770_0,0.0,0.0,0.0,4375.0,522_0,56.88,14.11,1621.0,2408.85,1226.0,20,0.0,1457.1,0,tripinfo_EastA509ToH6.153 emissions_EastA509ToH6.153,electric,1.06,0.0,0.0,0.0,0.0,0.0,0.0,0.0
WestA509ToAvebury.89,1602.0,773_0,0.0,0.0,0.0,4376.0,213_0,19.13,13.77,2774.0,2248.33,2437.0,31,0.0,2615.62,0,tripinfo_WestA509ToAvebury.89 emissions_WestA509ToAvebury.89,electric,1.03,0.0,0.0,0.0,0.0,0.0,0.0,0.0
EastA509ToH6.128,2304.0,770_0,0.0,0.0,0.0,4376.0,522_0,56.88,10.36,2072.0,2408.85,1700.0,24,0.0,1862.03,0,tripinfo_EastA509ToH6.128 emissions_EastA509ToH6.128,electric,0.83,0.0,0.0,0.0,0.0,0.0,0.0,0.0
EastA509ToH6.131,2358.0,770_0,0.0,0.0,0.0,4377.0,522_1,56.88,13.83,2019.0,2408.85,1639.0,25,0.0,1847.04,0,tripinfo_EastA509ToH6.131 emissions_EastA509ToH6.131,gasoline_euro4,1.01,299526.237113,5335504.021739,1488.584212,127.879721,2407.662215,1701879.871772,0.0
WestA509ToAvebury.172,3096.0,773_0,0.0,0.0,0.0,4378.0,213_0,19.13,15.5,1282.0,2327.58,970.0,25,0.0,1139.49,0,tripinfo_WestA509ToAvebury.172 emissions_WestA509ToAvebury.172,gasoline_euro4,1.19,184394.305559,3500473.434857,921.552424,82.669262,1569.327052,1116549.138828,0.0
EastA509ToH6.146,2628.0,770_0,0.0,0.0,0.0,4381.0,522_0,56.88,11.75,1753.0,2404.67,1385.0,23,0.0,1554.42,0,tripinfo_EastA509ToH6.146 emissions_EastA509ToH6.146,electric,0.87,0.0,0.0,0.0,0.0,0.0,0.0,0.0
WestA509ToAvebury.85,1530.0,773_0,0.0,0.0,0.0,4384.0,213_0,19.13,9.86,2854.0,2279.03,2529.0,24,0.0,2641.79,0,tripinfo_WestA509ToAvebury.85 emissions_WestA509ToAvebury.85,gasoline_euro4,0.77,436967.067414,7413451.826064,2163.394584,179.797461,3360.087253,2364699.230589,0.0
EastA509ToH6.138,2484.0,770_0,0.0,0.0,0.0,4391.0,522_0,56.88,10.32,1907.0,2408.85,1482.0,24,0.0,1680.96,0,tripinfo_EastA509ToH6.138 emissions_EastA509ToH6.138,electric,0.77,0.0,0.0,0.0,0.0,0.0,0.0,0.0
EastSilburyToEastAvebury.95,1920.0,317_1,0.0,0.0,0.0,4394.0,213_1,19.13,11.42,2474.0,2638.68,2067.0,36,0.0,2259.9,0,tripinfo_EastSilburyToEastAvebury.95 emissions_EastSilburyToEastAvebury.95,gasoline_euro4,0.89,369375.497576,6470217.081042,1833.3874,155.39433,2921.82796,2063825.930823,0.0
WestA509ToEastH6.85,3063.0,773_0,0.0,0.0,3.0,4405.0,522_1,56.88,14.9,1342.0,2756.02,988.0,22,0.0,1168.89,0,tripinfo_WestA509ToEastH6.85 emissions_WestA509ToEastH6.85,gasoline_euro4,1.16,187715.983709,3638999.602654,939.251919,84.959211,1623.721303,1160733.506186,0.0
WestA509ToEastH6.86,3099.0,773_0,0.0,0.0,3.0,4406.0,522_0,56.88,12.64,1307.0,2755.12,934.0,25,0.0,1097.38,0,tripinfo_WestA509ToEastH6.86 emissions_WestA509ToEastH6.86,electric,0.96,0.0,0.0,0.0,0.0,0.0,0.0,0.0
EastSilburyToEastAvebury.73,1568.0,317_0,0.0,0.0,0.0,4413.0,213_0,19.13,13.98,2845.0,1590.85,2409.0,44,0.0,2737.79,0,tripinfo_EastSilburyToEastAvebury.73 emissions_EastSilburyToEastAvebury.73,gasoline_euro4,1.08,441843.224178,7424890.729402,2185.763249,182.361786,3379.414658,2368347.966399,0.0
WestA509ToAvebury.125,2250.0,773_0,0.0,0.0,0.0,4413.0,213_1,19.13,14.92,2163.0,2913.64,1702.0,32,0.0,1978.4,0,tripinfo_WestA509ToAvebury.125 emissions_WestA509ToAvebury.125,gasoline_euro4,1.16,321851.078836,5784939.569869,1600.052485,138.443759,2603.473447,1845236.106165,0.0
EastSilburyToEastAvebury.74,1584.0,317_0,0.0,0.0,0.0,4415.0,213_0,19.13,15.36,2831.0,1590.85,2407.0,41,0.0,2729.07,0,tripinfo_EastSilburyToEastAvebury.74 emissions_EastSilburyToEastAvebury.74,gasoline_euro4,1.14,442572.213759,7445112.846549,2189.451874,182.918446,3388.260737,2374797.945889,0.0
EastSilburyToEastAvebury.148,3981.0,317_0,0.0,0.0,1213.0,4416.0,213_1,19.13,14.73,435.0,2482.61,197.0,11,0.0,266.6,0,tripinfo_EastSilburyToEastAvebury.148 emissions_EastSilburyToEastAvebury.148,electric,1.08,0.0,0.0,0.0,0.0,0.0,0.0,0.0
EastSilburyToEastAvebury.127,2573.0,317_0,0.0,0.0,141.0,4417.0,213_0,19.13,13.84,1844.0,1590.83,1570.0,22,0.0,1731.19,0,tripinfo_EastSilburyToEastAvebury.127 emissions_EastSilburyToEastAvebury.127,gasoline_euro4,1.03,280904.953017,4838457.429451,1392.308197,117.464425,2192.732578,1543339.828616,0.0
EastSilburyToEastAvebury.77,1632.0,317_0,0.0,0.0,0.0,4418.0,213_1,19.13,15.53,2786.0,1590.85,2346.0,41,0.0,2687.23,0,tripinfo_EastSilburyToEastAvebury.77 emissions_EastSilburyToEastAvebury.77,gasoline_euro4,1.18,433527.640731,7303792.615019,2144.99732,179.260601,3322.533416,2329720.288256,0.0
EastSilburyToEastAvebury.75,1600.0,317_0,0.0,0.0,0.0,4421.0,213_0,19.13,12.15,2821.0,1590.82,2379.0,39,0.0,2698.0,0,tripinfo_EastSilburyToEastAvebury.75 emissions_EastSilburyToEastAvebury.75,gasoline_euro4,0.95,436406.429332,7316111.104836,2158.386921,179.300978,3327.722242,2333651.199064,0.0
WestH6ToSaxonSt.295,3540.0,524_0,0.0,0.0,0.0,4448.0,771_1,56.88,12.34,908.0,2555.04,588.0,12,0.0,704.42,0,tripinfo_WestH6ToSaxonSt.295 emissions_WestH6ToSaxonSt.295,electric,0.92,0.0,0.0,0.0,0.0,0.0,0.0,0.0
WestH6ToSaxonSt.298,3576.0,524_0,0.0,0.0,0.0,4449.0,771_1,56.88,12.82,873.0,2555.07,553.0,12,0.0,673.9,0,tripinfo_WestH6ToSaxonSt.298 emissions_WestH6ToSaxonSt.298,electric,0.93,0.0,0.0,0.0,0.0,0.0,0.0,0.0
WestH6ToSaxonSt.297,3564.0,524_0,0.0,0.0,0.0,4451.0,771_1,56.88,12.63,887.0,2555.07,584.0,11,0.0,697.63,0,tripinfo_WestH6ToSaxonSt.297 emissions_WestH6ToSaxonSt.297,electric,0.98,0.0,0.0,0.0,0.0,0.0,0.0,0.0
EastSilburyToEastAvebury.39,1024.0,317_0,0.0,0.0,0.0,4460.0,213_0,19.13,14.75,3436.0,680.89,3195.0,34,0.0,3390.85,0,tripinfo_EastSilburyToEastAvebury.39 emissions_EastSilburyToEastAvebury.39,gasoline_euro4,1.12,552932.239623,9019667.968442,2729.301414,224.641151,4126.54153,2877047.33794,0.0
EastSilburyToEastAvebury.67,1472.0,317_0,0.0,0.0,0.0,4461.0,213_0,19.13,14.82,2989.0,680.87,2837.0,26,0.0,2947.26,0,tripinfo_EastSilburyToEastAvebury.67 emissions_EastSilburyToEastAvebury.67,electric,1.14,0.0,0.0,0.0,0.0,0.0,0.0,0.0
WestA509ToAvebury.177,3186.0,773_0,0.0,0.0,0.0,4471.0,213_0,19.13,13.08,1285.0,2327.58,935.0,27,0.0,1114.95,0,tripinfo_WestA509ToAvebury.177 emissions_WestA509ToAvebury.177,gasoline_euro4,1.0,179336.056773,3388959.205313,895.592092,79.203127,1515.675521,1080980.690069,0.0
WestA509ToAvebury.129,2322.0,773_0,0.0,0.0,0.0,4473.0,213_0,19.13,13.69,2151.0,2323.29,1829.0,31,0.0,1987.17,0,tripinfo_WestA509ToAvebury.129 emissions_WestA509ToAvebury.129,electric,1.03,0.0,0.0,0.0,0.0,0.0,0.0,0.0
WestA509ToEastH6.87,3132.0,773_0,0.0,0.0,0.0,4487.0,522_0,56.88,14.25,1355.0,2755.17,1010.0,23,0.0,1170.43,0,tripinfo_WestA509ToEastH6.87 emissions_WestA509ToEastH6.87,gasoline_euro4,1.08,189227.855295,3619591.529682,945.040722,84.157502,1611.518913,1154544.910023,0.0
WestA509ToEastH6.88,3171.0,773_0,0.0,0.0,3.0,4497.0,522_0,56.88,13.72,1326.0,2755.17,924.0,28,0.0,1133.46,0,tripinfo_WestA509ToEastH6.88 emissions_WestA509ToEastH6.88,gasoline_euro4,1.03,180925.332448,3515714.678105,905.729148,81.65743,1568.38837,1121409.407305,0.0
WestA509ToAvebury.147,2646.0,773_0,0.0,0.0,0.0,4501.0,213_1,19.13,14.12,1855.0,2288.14,1462.0,36,0.0,1704.99,0,tripinfo_WestA509ToAvebury.147 emissions_WestA509ToAvebury.147,electric,1.11,0.0,0.0,0.0,0.0,0.0,0.0,0.0
WestA509ToEastH6.89,3204.0,773_0,0.0,0.0,0.0,4501.0,522_0,56.88,13.6,1297.0,2755.17,904.0,23,0.0,1106.39,0,tripinfo_WestA509ToEastH6.89 emissions_WestA509ToEastH6.89,gasoline_euro4,1.05,176327.572162,3402794.116398,881.902245,78.903742,1515.623564,1085392.037728,0.0
EastSilburyToEastAvebury.80,1680.0,317_0,0.0,0.0,0.0,4502.0,213_0,19.13,15.4,2822.0,1590.91,2385.0,41,0.0,2722.48,0,tripinfo_EastSilburyToEastAvebury.80 emissions_EastSilburyToEastAvebury.80,gasoline_euro4,1.17,437728.615148,7379428.109833,2165.803534,180.803061,3356.680907,2353846.079748,0.0
EastSilburyToEastAvebury.81,1696.0,317_0,0.0,0.0,0.0,4504.0,213_1,19.13,13.85,2808.0,1564.41,2485.0,33,0.0,2702.0,0,tripinfo_EastSilburyToEastAvebury.81 emissions_EastSilburyToEastAvebury.81,gasoline_euro4,1.07,439333.840814,7358803.05659,2172.454397,180.719681,3348.2947,2347268.657106,0.0
WestA509ToAvebury.153,2754.0,773_0,0.0,0.0,0.0,4506.0,213_1,19.13,13.03,1752.0,2288.08,1337.0,45,0.0,1586.81,0,tripinfo_WestA509ToAvebury.153 emissions_WestA509ToAvebury.153,gasoline_euro4,1.0,256355.956081,4574556.603848,1273.506318,108.798807,2056.623492,1459159.181086,0.0
EastSilburyToEastAvebury.84,1744.0,317_0,0.0,0.0,0.0,4507.0,213_0,19.13,10.29,2763.0,1590.85,2313.0,39,0.0,2619.59,0,tripinfo_EastSilburyToEastAvebury.84 emissions_EastSilburyToEastAvebury.84,electric,0.81,0.0,0.0,0.0,0.0,0.0,0.0,0.0
WestA509ToAvebury.126,2271.0,773_0,0.0,0.0,3.0,4509.0,213_0,19.13,11.48,2238.0,2288.06,1789.0,39,0.0,2055.62,0,tripinfo_WestA509ToAvebury.126 emissions_WestA509ToAvebury.126,gasoline_euro4,0.91,333207.179364,5809307.810093,1653.113678,139.668259,2624.667935,1853014.357322,0.0
EastSilburyToEastAvebury.93,1888.0,317_0,0.0,0.0,0.0,4514.0,213_0,19.13,10.55,2626.0,1590.85,2214.0,42,0.0,2489.83,0,tripinfo_EastSilburyToEastAvebury.93 emissions_EastSilburyToEastAvebury.93,gasoline_euro4,0.85,401954.529632,6740398.958802,1988.315984,164.921007,3065.226034,2150014.033888,0.0
WestA509ToAvebury.170,3060.0,773_0,0.0,0.0,0.0,4547.0,213_0,19.13,15.47,1487.0,2327.58,1158.0,28,0.0,1335.67,0,tripinfo_WestA509ToAvebury.170 emissions_WestA509ToAvebury.170,gasoline_euro4,1.12,216224.680943,3989370.38051,1077.514531,94.657522,1791.230141,1272496.334321,0.0
WestA509ToAvebury.175,3150.0,773_0,0.0,0.0,0.0,4549.0,213_0,19.13,15.52,1399.0,2327.58,1060.0,25,0.0,1249.43,0,tripinfo_WestA509ToAvebury.175 emissions_WestA509ToAvebury.175,gasoline_euro4,1.13,201625.460397,3761464.047846,1005.441186,88.66814,1684.777394,1199799.85694,0.0
EastSilburyToEastAvebury.46,1136.0,317_0,0.0,0.0,0.0,4551.0,213_0,19.13,14.22,3415.0,642.19,3192.0,37,0.0,3369.28,0,tripinfo_EastSilburyToEastAvebury.46 emissions_EastSilburyToEastAvebury.46,electric,1.03,0.0,0.0,0.0,0.0,0.0,0.0,0.0
WestA509ToAvebury.148,2667.0,773_0,0.0,0.0,3.0,4556.0,213_0,19.13,12.97,1889.0,2248.31,1643.0,13,0.0,1721.57,0,tripinfo_WestA509ToAvebury.148 emissions_WestA509ToAvebury.148,gasoline_euro4,0.99,283408.069499,4998054.449405,1406.997843,119.923002,2253.498098,1594244.501935,0.0
EastSilburyToEastAvebury.89,1824.0,317_1,0.0,0.0,0.0,4560.0,213_0,19.13,10.36,2736.0,2102.47,2373.0,44,0.0,2550.81,0,tripinfo_EastSilburyToEastAvebury.89 emissions_EastSilburyToEastAvebury.89,gasoline_euro4,0.83,418710.987612,7127505.25794,2073.695213,173.45235,3234.757472,2273488.083157,0.0
WestA509ToAvebury.180,3240.0,773_0,0.0,0.0,0.0,4562.0,213_0,19.13,12.64,1322.0,2328.43,979.0,18,0.0,1151.13,0,tripinfo_WestA509ToAvebury.180 emissions_WestA509ToAvebury.180,gasoline_euro4,0.99,185179.574765,3477768.128121,924.25682,81.59685,1556.918911,1109308.577332,0.0
WestA509ToEastH6.82,2955.0,773_0,0.0,0.0,3.0,4580.0,522_0,56.88,13.44,1625.0,2749.98,1294.0,19,0.0,1420.3,0,tripinfo_WestA509ToEastH6.82 emissions_WestA509ToEastH6.82,electric,0.97,0.0,0.0,0.0,0.0,0.0,0.0,0.0
EastSilburyToEastAvebury.94,1904.0,317_0,0.0,0.0,0.0,4589.0,213_1,19.13,16.32,2685.0,1590.89,2317.0,35,0.0,2587.86,0,tripinfo_EastSilburyToEastAvebury.94 emissions_EastSilburyToEastAvebury.94,electric,1.2,0.0,0.0,0.0,0.0,0.0,0.0,0.0
WestA509ToAvebury.90,1623.0,773_0,0.0,0.0,3.0,4591.0,213_0,19.13,13.43,2968.0,2332.45,2507.0,42,0.0,2798.27,0,tripinfo_WestA509ToAvebury.90 emissions_WestA509ToAvebury.90,electric,1.0,0.0,0.0,0.0,0.0,0.0,0.0,0.0
EastSilburyToEastAvebury.97,1952.0,317_0,0.0,0.0,0.0,4592.0,213_1,19.13,15.3,2640.0,1590.89,2283.0,37,0.0,2535.41,0,tripinfo_EastSilburyToEastAvebury.97 emissions_EastSilburyToEastAvebury.97,gasoline_euro4,1.12,409191.870469,6912613.325938,2024.833331,169.24678,3142.062394,2204943.946207,0.0
EastSilburyToEastAvebury.71,1536.0,317_1,0.0,0.0,0.0,4593.0,213_0,19.13,13.01,3057.0,2116.53,2610.0,42,0.0,2896.39,0,tripinfo_EastSilburyToEastAvebury.71 emissions_EastSilburyToEastAvebury.71,gasoline_euro4,0.96,471709.026828,7997818.067419,2335.116782,195.226467,3632.057439,2551095.706542,0.0
EastSilburyToEastAvebury.99,1984.0,317_0,0.0,0.0,0.0,4593.0,213_1,19.13,15.42,2609.0,1590.89,2239.0,40,0.0,2510.67,0,tripinfo_EastSilburyToEastAvebury.99 emissions_EastSilburyToEastAvebury.99,electric,1.18,0.0,0.0,0.0,0.0,0.0,0.0,0.0
EastSilburyToEastAvebury.145,2720.0,317_1,0.0,0.0,0.0,4594.0,213_0,19.13,13.38,1874.0,2112.45,1507.0,35,0.0,1726.62,0,tripinfo_EastSilburyToEastAvebury.145 emissions_EastSilburyToEastAvebury.145,gasoline_euro4,1.04,277944.30184,4948708.21627,1380.968465,118.911656,2234.784594,1578502.265057,0.0
EastSilburyToEastAvebury.123,2368.0,317_0,0.0,0.0,0.0,4599.0,213_0,19.13,11.11,2231.0,1590.83,1898.0,22,0.0,2089.78,0,tripinfo_EastSilburyToEastAvebury.123 emissions_EastSilburyToEastAvebury.123,gasoline_euro4,0.82,338595.622405,5731538.912994,1676.112539,139.554228,2601.930782,1828212.359234,0.0
WestA509ToAvebury.178,3207.0,773_0,0.0,0.0,3.0,4637.0,213_0,19.13,14.63,1430.0,2327.58,1071.0,21,0.0,1269.49,0,tripinfo_WestA509ToAvebury.178 emissions_WestA509ToAvebury.178,gasoline_euro4,1.06,204698.358838,3792212.852688,1020.391973,89.490741,1700.827789,1209608.602658,0.0
WestA509ToAvebury.166,2990.0,773_0,0.0,0.0,2.0,4639.0,213_0,19.13,13.4,1649.0,2328.43,1280.0,34,0.0,1478.41,0,tripinfo_WestA509ToAvebury.166 emissions_WestA509ToAvebury.166,electric,0.99,0.0,0.0,0.0,0.0,0.0,0.0,0.0
WestA509ToAvebury.50,903.0,773_0,0.0,0.0,3.0,4642.0,213_0,19.13,11.96,3739.0,2287.02,3391.0,31,0.0,3560.38,0,tripinfo_WestA509ToAvebury.50 emissions_WestA509ToAvebury.50,gasoline_euro4,0.93,583300.964434,9771908.005419,2884.899202,239.7498,4444.874427,3116987.3281,0.0
EastSilburyToEastAvebury.82,1712.0,317_0,0.0,0.0,0.0,4644.0,213_0,19.13,16.89,2932.0,680.87,2740.0,28,0.0,2892.03,0,tripinfo_EastSilburyToEastAvebury.82 emissions_EastSilburyToEastAvebury.82,electric,1.27,0.0,0.0,0.0,0.0,0.0,0.0,0.0
WestA509ToAvebury.162,2919.0,773_0,0.0,0.0,3.0,4647.0,213_0,19.13,12.08,1728.0,2327.58,1385.0,28,0.0,1543.78,0,tripinfo_WestA509ToAvebury.162 emissions_WestA509ToAvebury.162,electric,0.92,0.0,0.0,0.0,0.0,0.0,0.0,0.0
WestA509ToEastH6.90,3243.0,773_0,0.0,0.0,3.0,4663.0,522_0,56.88,15.23,1420.0,2755.17,1036.0,17,0.0,1239.72,0,tripinfo_WestA509ToEastH6.90 emissions_WestA509ToEastH6.90,gasoline_euro4,1.11,200130.901814,3848775.3032,1001.07923,90.059857,1720.183045,1227646.563132,0.0
WestA509ToEastH6.91,3276.0,773_0,0.0,0.0,0.0,4667.0,522_0,56.88,13.43,1391.0,2755.17,994.0,18,0.0,1200.42,0,tripinfo_WestA509ToEastH6.91 emissions_WestA509ToEastH6.91,electric,1.05,0.0,0.0,0.0,0.0,0.0,0.0,0.0
EastSilburyToEastAvebury.103,2048.0,317_1,0.0,0.0,0.0,4676.0,213_1,19.13,16.51,2628.0,2116.57,2221.0,37,0.0,2501.07,0,tripinfo_EastSilburyToEastAvebury.103 emissions_EastSilburyToEastAvebury.103,gasoline_euro4,1.21,402826.633258,6950172.347126,1997.06307,169.447369,3154.541836,2216919.704343,0.0
EastSilburyToEastAvebury.111,2176.0,317_0,0.0,0.0,0.0,4677.0,213_0,19.13,14.81,2501.0,1590.85,2143.0,30,0.0,2394.35,0,tripinfo_EastSilburyToEastAvebury.111 emissions_EastSilburyToEastAvebury.111,gasoline_euro4,1.09,385649.50652,6546482.430248,1909.186079,160.108227,2975.451778,2088156.697635,0.0
EastSilburyToEastAvebury.149,3983.0,317_0,0.0,0.0,1199.0,4679.0,213_1,19.13,14.42,696.0,2477.41,413.0,13,0.0,528.83,0,tripinfo_EastSilburyToEastAvebury.149 emissions_EastSilburyToEastAvebury.149,gasoline_euro4,1.08,86052.476809,1910345.858836,435.285766,41.958527,832.319466,609339.098048,0.0
EastSilburyToEastAvebury.101,2016.0,317_1,0.0,0.0,0.0,4680.0,213_0,19.13,13.29,2664.0,2116.53,2245.0,38,0.0,2507.32,0,tripinfo_EastSilburyToEastAvebury.101 emissions_EastSilburyToEastAvebury.101,electric,0.98,0.0,0.0,0.0,0.0,0.0,0.0,0.0
EastSilburyToEastAvebury.124,2384.0,317_0,0.0,0.0,0.0,4681.0,213_1,19.13,14.97,2297.0,1590.89,1957.0,27,0.0,2191.0,0,tripinfo_EastSilburyToEastAvebury.124 emissions_EastSilburyToEastAvebury.124,electric,1.1,0.0,0.0,0.0,0.0,0.0,0.0,0.0
EastSilburyToEastAvebury.122,2352.0,317_0,0.0,0.0,0.0,4683.0,213_0,19.13,13.01,2331.0,1590.85,2004.0,28,0.0,2207.09,0,tripinfo_EastSilburyToEastAvebury.122 emissions_EastSilburyToEastAvebury.122,gasoline_euro4,0.94,358194.978973,6084872.32525,1773.56232,148.376912,2763.348624,1940915.5035,0.0
EastSilburyToEastAvebury.126,2495.0,317_0,0.0,0.0,79.0,4684.0,213_0,19.13,13.01,2189.0,1590.85,1868.0,25,0.0,2067.64,0,tripinfo_EastSilburyToEastAvebury.126 emissions_EastSilburyToEastAvebury.126,electric,0.95,0.0,0.0,0.0,0.0,0.0,0.0,0.0
EastSilburyToEastAvebury.85,1760.0,317_0,0.0,0.0,0.0,4723.0,213_0,19.13,14.34,2963.0,680.87,2754.0,32,0.0,2914.77,0,tripinfo_EastSilburyToEastAvebury.85 emissions_EastSilburyToEastAvebury.85,electric,1.04,0.0,0.0,0.0,0.0,0.0,0.0,0.0
WestA509ToAvebury.144,2592.0,773_0,0.0,0.0,0.0,4727.0,213_0,19.13,11.44,2135.0,2332.06,1800.0,29,0.0,1944.59,0,tripinfo_WestA509ToAvebury.144 emissions_WestA509ToAvebury.144,gasoline_euro4,0.89,319206.185757,5596591.537288,1584.40242,134.38369,2526.703228,1785162.654456,0.0
WestA509ToAvebury.173,3114.0,773_0,0.0,0.0,0.0,4728.0,213_0,19.13,14.55,1614.0,2327.58,1234.0,29,0.0,1463.67,0,tripinfo_WestA509ToAvebury.173 emissions_WestA509ToAvebury.173,gasoline_euro4,1.13,233766.969923,4248343.438788,1163.533397,101.215957,1911.825026,1355103.08201,0.0
WestA509ToAvebury.181,3258.0,773_0,0.0,0.0,0.0,4730.0,213_0,19.13,12.7,1472.0,2327.58,1112.0,22,0.0,1299.74,0,tripinfo_WestA509ToAvebury.181 emissions_WestA509ToAvebury.181,gasoline_euro4,0.98,209500.242816,3852961.649606,1043.49783,90.642006,1726.470789,1228987.047061,0.0
WestA509ToAvebury.182,3279.0,773_0,0.0,0.0,3.0,4734.0,213_0,19.13,11.64,1455.0,2327.58,1087.0,22,0.0,1261.61,0,tripinfo_WestA509ToAvebury.182 emissions_WestA509ToAvebury.182,electric,0.88,0.0,0.0,0.0,0.0,0.0,0.0,0.0
EastSilburyToEastAvebury.114,2224.0,317_0,0.0,0.0,0.0,4736.0,213_0,19.13,12.77,2512.0,680.87,2306.0,31,0.0,2458.04,0,tripinfo_EastSilburyToEastAvebury.114 emissions_EastSilburyToEastAvebury.114,electric,0.94,0.0,0.0,0.0,0.0,0.0,0.0,0.0
WestA509ToAvebury.176,3168.0,773_0,0.0,0.0,0.0,4738.0,213_0,19.13,11.4,1570.0,2328.43,1169.0,33,0.0,1378.66,0,tripinfo_WestA509ToAvebury.176 emissions_WestA509ToAvebury.176,electric,0.89,0.0,0.0,0.0,0.0,0.0,0.0,0.0
WestA509ToEastH6.51,1836.0,773_0,0.0,0.0,0.0,4751.0,522_0,56.88,14.61,2915.0,2704.69,2557.0,45,0.0,2733.05,0,tripinfo_WestA509ToEastH6.51 emissions_WestA509ToEastH6.51,gasoline_euro4,1.08,448626.236343,7758804.536325,2223.626584,188.469083,3513.895423,2474852.00478,0.0
EastSilburyToEastAvebury.128,2756.0,317_0,0.0,0.0,308.0,4766.0,213_0,19.13,12.16,2010.0,1590.85,1702.0,23,0.0,1888.93,0,tripinfo_EastSilburyToEastAvebury.128 emissions_EastSilburyToEastAvebury.128,electric,0.96,0.0,0.0,0.0,0.0,0.0,0.0,0.0
EastSilburyToEastAvebury.125,2490.0,317_0,0.0,0.0,90.0,4767.0,213_1,19.13,11.8,2277.0,1590.83,1939.0,28,0.0,2148.95,0,tripinfo_EastSilburyToEastAvebury.125 emissions_EastSilburyToEastAvebury.125,electric,0.91,0.0,0.0,0.0,0.0,0.0,0.0,0.0
WestA509ToAvebury.75,1350.0,773_0,0.0,0.0,0.0,4813.0,213_0,19.13,14.15,3463.0,2288.83,3136.0,34,0.0,3311.83,0,tripinfo_WestA509ToAvebury.75 emissions_WestA509ToAvebury.75,gasoline_euro4,1.1,541742.588217,9138802.003038,2680.520461,224.173261,4154.99855,2915040.438931,0.0
WestA509ToAvebury.135,2430.0,773_0,0.0,0.0,0.0,4818.0,213_0,19.13,12.22,2388.0,2323.29,2063.0,24,0.0,2195.67,0,tripinfo_WestA509ToAvebury.135 emissions_WestA509ToAvebury.135,gasoline_euro4,0.88,360899.855625,6216303.734123,1788.707491,149.951374,2810.317053,1982837.531398,0.0
WestA509ToAvebury.183,3294.0,773_0,0.0,0.0,0.0,4820.0,213_0,19.13,12.87,1526.0,2327.58,1183.0,19,0.0,1353.55,0,tripinfo_WestA509ToAvebury.183 emissions_WestA509ToAvebury.183,electric,0.99,0.0,0.0,0.0,0.0,0.0,0.0,0.0
WestA509ToAvebury.185,3330.0,773_0,0.0,0.0,0.0,4821.0,213_0,19.13,13.71,1491.0,2328.43,1126.0,26,0.0,1322.86,0,tripinfo_WestA509ToAvebury.185 emissions_WestA509ToAvebury.185,electric,1.01,0.0,0.0,0.0,0.0,0.0,0.0,0.0
WestA509ToAvebury.150,2703.0,773_0,0.0,0.0,3.0,4823.0,213_0,19.13,14.29,2120.0,2322.44,1811.0,27,0.0,1967.01,0,tripinfo_WestA509ToAvebury.150 emissions_WestA509ToAvebury.150,gasoline_euro4,1.11,319462.933202,5607074.379967,1585.662245,135.222099,2534.057596,1788505.528012,0.0
WestA509ToEastH6.92,3312.0,773_0,0.0,0.0,0.0,4844.0,522_0,56.88,12.84,1532.0,2755.97,1147.0,20,0.0,1325.78,0,tripinfo_WestA509ToEastH6.92 emissions_WestA509ToEastH6.92,gasoline_euro4,0.97,215071.811748,4032013.971092,1073.147712,94.237815,1802.275727,1286097.848047,0.0
WestA509ToEastH6.93,3351.0,773_0,0.0,0.0,3.0,4848.0,522_0,56.88,12.13,1497.0,2755.12,1093.0,22,0.0,1279.66,0,tripinfo_WestA509ToEastH6.93 emissions_WestA509ToEastH6.93,electric,0.92,0.0,0.0,0.0,0.0,0.0,0.0,0.0
WestA509ToAvebury.188,3384.0,773_0,0.0,0.0,0.0,4900.0,213_0,19.13,13.29,1516.0,2327.58,1143.0,25,0.0,1352.61,0,tripinfo_WestA509ToAvebury.188 emissions_WestA509ToAvebury.188,electric,1.04,0.0,0.0,0.0,0.0,0.0,0.0,0.0
WestA509ToAvebury.189,3402.0,773_0,0.0,0.0,0.0,4903.0,213_0,19.13,11.52,1501.0,2328.43,1122.0,23,0.0,1304.34,0,tripinfo_WestA509ToAvebury.189 emissions_WestA509ToAvebury.189,gasoline_euro4,0.86,212140.294584,3888152.484594,1056.945182,91.438475,1744.040805,1240212.3974,0.0
EastSilburyToEastAvebury.113,2208.0,317_0,0.0,0.0,0.0,4905.0,213_0,19.13,12.5,2697.0,1555.42,2332.0,34,0.0,2578.43,0,tripinfo_EastSilburyToEastAvebury.113 emissions_EastSilburyToEastAvebury.113,gasoline_euro4,0.95,417427.262017,7064258.792045,2066.258407,172.943748,3213.403509,2253314.386743,0.0
WestA509ToAvebury.186,3348.0,773_0,0.0,0.0,0.0,4907.0,213_0,19.13,13.75,1559.0,2327.58,1191.0,22,0.0,1393.89,0,tripinfo_WestA509ToAvebury.186 emissions_WestA509ToAvebury.186,gasoline_euro4,1.02,223465.93068,4086623.192131,1112.877689,96.81536,1836.145601,1303518.561615,0.0
EastSilburyToEastAvebury.91,1856.0,317_0,0.0,0.0,0.0,4910.0,213_0,19.13,14.44,3054.0,1581.83,2617.0,45,0.0,2947.85,0,tripinfo_EastSilburyToEastAvebury.91 emissions_EastSilburyToEastAvebury.91,electric,1.09,0.0,0.0,0.0,0.0,0.0,0.0,0.0
WestA509ToAvebury.65,1170.0,773_0,0.0,0.0,0.0,4913.0,213_0,19.13,11.76,3743.0,2288.81,3427.0,28,0.0,3564.39,0,tripinfo_WestA509ToAvebury.65 emissions_WestA509ToAvebury.65,electric,0.93,0.0,0.0,0.0,0.0,0.0,0.0,0.0
WestA509ToEastH6.94,3387.0,773_0,0.0,0.0,3.0,4933.0,522_0,56.88,13.29,1546.0,2755.17,1159.0,21,0.0,1339.18,0,tripinfo_WestA509ToEastH6.94 emissions_WestA509ToEastH6.94,electric,0.97,0.0,0.0,0.0,0.0,0.0,0.0,0.0
WestA509ToAvebury.191,3438.0,773_0,0.0,0.0,0.0,4991.0,213_0,19.13,12.81,1553.0,2327.58,1175.0,24,0.0,1371.35,0,tripinfo_WestA509ToAvebury.191 emissions_WestA509ToAvebury.191,electric,0.93,0.0,0.0,0.0,0.0,0.0,0.0,0.0
WestA509ToAvebury.192,3456.0,773_0,0.0,0.0,0.0,4992.0,213_0,19.13,13.41,1536.0,2327.58,1166.0,23,0.0,1369.05,0,tripinfo_WestA509ToAvebury.192 emissions_WestA509ToAvebury.192,gasoline_euro4,1.02,220109.376418,4030010.316977,1096.115175,95.440402,1810.797248,1285460.477004,0.0
WestA509ToAvebury.114,2052.0,773_0,0.0,0.0,0.0,4994.0,213_0,19.13,14.48,2942.0,2288.81,2612.0,34,0.0,2784.82,0,tripinfo_WestA509ToAvebury.114 emissions_WestA509ToAvebury.114,electric,1.06,0.0,0.0,0.0,0.0,0.0,0.0,0.0
EastSilburyToEastAvebury.132,3310.0,317_0,0.0,0.0,798.0,4996.0,213_0,19.13,13.06,1686.0,680.87,1508.0,23,0.0,1635.23,0,tripinfo_EastSilburyToEastAvebury.132 emissions_EastSilburyToEastAvebury.132,gasoline_euro4,1.0,266550.244702,4473432.950267,1318.733459,110.343923,2040.521593,1426908.944991,0.0
WestA509ToEastH6.96,3459.0,773_0,0.0,0.0,3.0,5026.0,522_0,56.88,11.07,1567.0,2755.12,1168.0,19,0.0,1332.62,0,tripinfo_WestA509ToEastH6.96 emissions_WestA509ToEastH6.96,gasoline_euro4,0.85,217548.517908,4049891.496439,1085.209683,94.256062,1809.488469,1291801.650845,0.0
WestA509ToEastH6.95,3423.0,773_0,0.0,0.0,3.0,5030.0,522_0,56.88,11.36,1607.0,2755.97,1166.0,21,0.0,1363.49,0,tripinfo_WestA509ToEastH6.95 emissions_WestA509ToEastH6.95,gasoline_euro4,0.82,221324.034053,4106750.642438,1103.865504,95.742739,1837.232298,1309938.294528,0.0
WestA509ToEastH6.97,3492.0,773_0,0.0,0.0,0.0,5037.0,522_0,56.88,12.44,1545.0,2756.02,1154.0,19,0.0,1328.58,0,tripinfo_WestA509ToEastH6.97 emissions_WestA509ToEastH6.97,electric,0.92,0.0,0.0,0.0,0.0,0.0,0.0,0.0
EastSilburyToEastAvebury.105,2080.0,317_0,0.0,0.0,0.0,5073.0,213_0,19.13,13.32,2993.0,642.19,2806.0,30,0.0,2946.66,0,tripinfo_EastSilburyToEastAvebury.105 emissions_EastSilburyToEastAvebury.105,electric,1.03,0.0,0.0,0.0,0.0,0.0,0.0,0.0
WestA509ToAvebury.190,3420.0,773_0,0.0,0.0,0.0,5076.0,213_0,19.13,12.17,1656.0,2328.43,1267.0,26,0.0,1476.79,0,tripinfo_WestA509ToAvebury.190 emissions_WestA509ToAvebury.190,gasoline_euro4,0.95,237870.539531,4307152.98896,1183.868581,102.031357,1935.897583,1373862.922191,0.0
WestA509ToAvebury.103,1854.0,773_0,0.0,0.0,0.0,5077.0,213_0,19.13,14.54,3223.0,2277.2,2908.0,34,0.0,3073.63,0,tripinfo_WestA509ToAvebury.103 emissions_WestA509ToAvebury.103,electric,1.11,0.0,0.0,0.0,0.0,0.0,0.0,0.0
WestA509ToAvebury.140,2523.0,773_0,0.0,0.0,3.0,5079.0,213_0,19.13,13.9,2556.0,2293.38,2206.0,36,0.0,2400.94,0,tripinfo_WestA509ToAvebury.140 emissions_WestA509ToAvebury.140,electric,1.07,0.0,0.0,0.0,0.0,0.0,0.0,0.0
WestA509ToAvebury.152,2736.0,773_0,0.0,0.0,0.0,5082.0,213_0,19.13,14.04,2346.0,2323.29,2033.0,25,0.0,2180.62,0,tripinfo_WestA509ToAvebury.152 emissions_WestA509ToAvebury.152,electric,1.02,0.0,0.0,0.0,0.0,0.0,0.0,0.0
WestA509ToAvebury.179,3222.0,773_0,0.0,0.0,0.0,5085.0,213_0,19.13,13.09,1863.0,2328.43,1469.0,24,0.0,1685.13,0,tripinfo_WestA509ToAvebury.179 emissions_WestA509ToAvebury.179,gasoline_euro4,0.95,271535.68211,4830484.944388,1348.991459,115.146454,2174.877026,1540793.595433,0.0
WestA509ToAvebury.157,2826.0,773_0,0.0,0.0,0.0,5088.0,213_0,19.13,12.87,2262.0,2323.29,1910.0,25,0.0,2081.32,0,tripinfo_WestA509ToAvebury.157 emissions_WestA509ToAvebury.157,gasoline_euro4,0.93,339980.124204,5898184.239846,1685.781369,141.912027,2663.684026,1881364.61431,0.0
WestA509ToAvebury.158,2847.0,773_0,0.0,0.0,3.0,5160.0,213_0,19.13,14.17,2313.0,2322.44,1977.0,26,0.0,2153.1,0,tripinfo_WestA509ToAvebury.158 emissions_WestA509ToAvebury.158,gasoline_euro4,1.05,350105.588536,6105386.844501,1737.073381,147.776737,2763.840882,1947454.547472,0.0
EastSilburyToEastAvebury.110,2160.0,317_0,0.0,0.0,0.0,5164.0,213_0,19.13,11.67,3004.0,680.87,2808.0,28,0.0,2947.23,0,tripinfo_EastSilburyToEastAvebury.110 emissions_EastSilburyToEastAvebury.110,electric,0.89,0.0,0.0,0.0,0.0,0.0,0.0,0.0
EastSilburyToEastAvebury.133,3313.0,317_0,0.0,0.0,785.0,5166.0,213_0,19.13,12.37,1853.0,680.87,1653.0,28,0.0,1800.32,0,tripinfo_EastSilburyToEastAvebury.133 emissions_EastSilburyToEastAvebury.133,electric,0.96,0.0,0.0,0.0,0.0,0.0,0.0,0.0
EastSilburyToEastAvebury.130,3065.0,317_0,0.0,0.0,585.0,5168.0,213_0,19.13,13.17,2103.0,680.87,1911.0,27,0.0,2053.46,0,tripinfo_EastSilburyToEastAvebury.130 emissions_EastSilburyToEastAvebury.130,electric,1.02,0.0,0.0,0.0,0.0,0.0,0.0,0.0
EastSilburyToEastAvebury.137,3717.0,317_0,0.0,0.0,1125.0,5171.0,213_0,19.13,12.93,1454.0,680.87,1277.0,17,0.0,1400.68,0,tripinfo_EastSilburyToEastAvebury.137 emissions_EastSilburyToEastAvebury.137,gasoline_euro4,0.95,227258.414935,3825886.6194,1124.580065,94.003769,1743.094714,1220358.427247,0.0
WestA509ToAvebury.94,1695.0,773_0,0.0,0.0,3.0,5174.0,213_0,19.13,12.9,3479.0,2289.47,3179.0,23,0.0,3314.41,0,tripinfo_WestA509ToAvebury.94 emissions_WestA509ToAvebury.94,electric,1.01,0.0,0.0,0.0,0.0,0.0,0.0,0.0
WestA509ToAvebury.161,2898.0,773_0,0.0,0.0,0.0,5175.0,213_0,19.13,14.99,2277.0,2322.44,1923.0,32,0.0,2128.53,0,tripinfo_WestA509ToAvebury.161 emissions_WestA509ToAvebury.161,electric,1.14,0.0,0.0,0.0,0.0,0.0,0.0,0.0
EastSilburyToEastAvebury.134,3317.0,317_0,0.0,0.0,773.0,5249.0,213_0,19.13,13.36,1932.0,680.87,1713.0,30,0.0,1882.81,0,tripinfo_EastSilburyToEastAvebury.134 emissions_EastSilburyToEastAvebury.134,electric,1.02,0.0,0.0,0.0,0.0,0.0,0.0,0.0
WestA509ToAvebury.196,3528.0,773_0,0.0,0.0,0.0,5251.0,213_0,19.13,13.37,1723.0,2327.58,1358.0,29,0.0,1554.81,0,tripinfo_WestA509ToAvebury.196 emissions_WestA509ToAvebury.196,gasoline_euro4,1.0,251105.785897,4539943.561193,1249.466802,108.066783,2043.655602,1448116.308798,0.0
EastSilburyToEastAvebury.136,3627.0,317_0,0.0,0.0,1051.0,5254.0,213_0,19.13,12.89,1627.0,680.87,1411.0,28,0.0,1572.84,0,tripinfo_EastSilburyToEastAvebury.136 emissions_EastSilburyToEastAvebury.136,gasoline_euro4,0.93,253926.385884,4238227.973971,1255.669128,104.356073,1932.248809,1351885.749067,0.0
EastSilburyToEastAvebury.118,2288.0,317_0,0.0,0.0,0.0,5257.0,213_0,19.13,12.49,2969.0,680.87,2712.0,41,0.0,2915.26,0,tripinfo_EastSilburyToEastAvebury.118 emissions_EastSilburyToEastAvebury.118,electric,0.93,0.0,0.0,0.0,0.0,0.0,0.0,0.0
EastSilburyToEastAvebury.52,1232.0,317_0,0.0,0.0,0.0,5259.0,213_0,19.13,13.27,4027.0,680.89,3786.0,41,0.0,3977.3,0,tripinfo_EastSilburyToEastAvebury.52 emissions_EastSilburyToEastAvebury.52,electric,1.02,0.0,0.0,0.0,0.0,0.0,0.0,0.0
EastSilburyToEastAvebury.139,3757.0,317_0,0.0,0.0,1133.0,5261.0,213_0,19.13,14.54,1504.0,680.87,1327.0,24,0.0,1456.57,0,tripinfo_EastSilburyToEastAvebury.139 emissions_EastSilburyToEastAvebury.139,gasoline_euro4,1.08,235918.56189,3976504.235355,1167.585406,97.805501,1811.919721,1268401.272109,0.0
EastSilburyToEastAvebury.61,1376.0,317_0,0.0,0.0,0.0,5263.0,213_0,19.13,12.96,3887.0,680.87,3687.0,34,0.0,3836.19,0,tripinfo_EastSilburyToEastAvebury.61 emissions_EastSilburyToEastAvebury.61,electric,1.0,0.0,0.0,0.0,0.0,0.0,0.0,0.0
WestA509ToAvebury.197,3546.0,773_0,0.0,0.0,0.0,5341.0,213_0,19.13,14.66,1795.0,2327.58,1448.0,28,0.0,1641.28,0,tripinfo_WestA509ToAvebury.197 emissions_WestA509ToAvebury.197,gasoline_euro4,1.1,264656.595216,4766467.017786,1316.474309,114.243293,2150.516788,1520370.749234,0.0
EastSilburyToEastAvebury.79,1664.0,317_0,0.0,0.0,0.0,5343.0,213_0,19.13,13.84,3679.0,680.87,3444.0,37,0.0,3631.41,0,tripinfo_EastSilburyToEastAvebury.79 emissions_EastSilburyToEastAvebury.79,electric,1.07,0.0,0.0,0.0,0.0,0.0,0.0,0.0
EastSilburyToEastAvebury.135,3400.0,317_0,0.0,0.0,840.0,5345.0,213_0,19.13,14.78,1945.0,680.87,1720.0,32,0.0,1899.32,0,tripinfo_EastSilburyToEastAvebury.135 emissions_EastSilburyToEastAvebury.135,electric,1.12,0.0,0.0,0.0,0.0,0.0,0.0,0.0
WestA509ToAvebury.128,2307.0,773_0,0.0,0.0,3.0,5349.0,213_0,19.13,12.49,3042.0,2288.81,2724.0,34,0.0,2872.6,0,tripinfo_WestA509ToAvebury.128 emissions_WestA509ToAvebury.128,gasoline_euro4,0.98,472116.246668,8016572.066159,2337.228357,195.741251,3639.329407,2557077.321885,0.0
EastSilburyToEastAvebury.143,3813.0,317_0,0.0,0.0,1125.0,5351.0,213_0,19.13,13.97,1538.0,680.87,1359.0,25,0.0,1488.33,0,tripinfo_EastSilburyToEastAvebury.143 emissions_EastSilburyToEastAvebury.143,electric,1.03,0.0,0.0,0.0,0.0,0.0,0.0,0.0
WestA509ToEastH6.99,3564.0,773_0,0.0,0.0,0.0,5367.0,522_0,56.88,14.47,1803.0,2755.17,1428.0,24,0.0,1619.51,0,tripinfo_WestA509ToEastH6.99 emissions_WestA509ToEastH6.99,gasoline_euro4,1.09,262202.507044,4801646.666448,1306.003555,114.368505,2159.949021,1531590.187684,0.0
WestA509ToEastH6.98,3531.0,773_0,0.0,0.0,3.0,5372.0,522_0,56.88,13.91,1841.0,2750.83,1424.0,29,0.0,1650.15,0,tripinfo_WestA509ToEastH6.98 emissions_WestA509ToEastH6.98,electric,1.05,0.0,0.0,0.0,0.0,0.0,0.0,0.0
WestA509ToAvebury.70,1263.0,773_0,0.0,0.0,3.0,5425.0,213_0,19.13,12.42,4162.0,2288.81,3788.0,36,0.0,3992.42,0,tripinfo_WestA509ToAvebury.70 emissions_WestA509ToAvebury.70,electric,0.98,0.0,0.0,0.0,0.0,0.0,0.0,0.0
WestA509ToAvebury.38,687.0,773_0,0.0,0.0,3.0,5427.0,213_0,19.13,13.43,4740.0,2277.69,4355.0,43,0.0,4574.71,0,tripinfo_WestA509ToAvebury.38 emissions_WestA509ToAvebury.38,gasoline_euro4,1.0,748038.7534,12432641.223348,3697.563894,306.700989,5667.073785,3965694.534535,0.0
WestA509ToAvebury.123,2214.0,773_0,0.0,0.0,0.0,5429.0,213_0,19.13,16.46,3215.0,2288.81,2897.0,32,0.0,3078.65,0,tripinfo_WestA509ToAvebury.123 emissions_WestA509ToAvebury.123,gasoline_euro4,1.22,503117.489151,8572424.836405,2491.480444,210.158776,3894.91726,2734377.855379,0.0
WestA509ToAvebury.127,2286.0,773_0,0.0,0.0,0.0,5433.0,213_0,19.13,13.89,3147.0,2279.04,2685.0,44,0.0,2986.63,0,tripinfo_WestA509ToAvebury.127 emissions_WestA509ToAvebury.127,gasoline_euro4,1.04,483186.539292,8283276.959662,2393.947446,201.870645,3760.604305,2642146.484943,0.0
EastSilburyToEastAvebury.129,2760.0,317_0,0.0,0.0,296.0,5434.0,213_0,19.13,13.59,2674.0,680.87,2412.0,36,0.0,2626.59,0,tripinfo_EastSilburyToEastAvebury.129 emissions_EastSilburyToEastAvebury.129,gasoline_euro4,1.06,424657.740229,6978436.124695,2097.397928,173.248972,3190.276524,2225944.264836,0.0
EastSilburyToEastAvebury.115,2240.0,317_0,0.0,0.0,0.0,5439.0,213_0,19.13,11.52,3199.0,1555.42,2817.0,39,0.0,3074.63,0,tripinfo_EastSilburyToEastAvebury.115 emissions_EastSilburyToEastAvebury.115,gasoline_euro4,0.91,497626.850434,8322181.777446,2461.071809,204.498511,3790.632192,2654561.914524,0.0
EastSilburyToEastAvebury.141,3793.0,317_0,0.0,0.0,1137.0,5441.0,213_0,19.13,14.31,1648.0,680.87,1456.0,19,0.0,1602.06,0,tripinfo_EastSilburyToEastAvebury.141 emissions_EastSilburyToEastAvebury.141,electric,1.11,0.0,0.0,0.0,0.0,0.0,0.0,0.0
EastSilburyToEastAvebury.102,2032.0,317_0,0.0,0.0,0.0,5512.0,213_0,19.13,14.97,3480.0,671.11,3242.0,35,0.0,3436.44,0,tripinfo_EastSilburyToEastAvebury.102 emissions_EastSilburyToEastAvebury.102,gasoline_euro4,1.14,560160.101534,9128107.115618,2764.85736,227.273034,4176.495051,2911637.122249,0.0
WestA509ToAvebury.121,2178.0,773_0,0.0,0.0,0.0,5514.0,213_0,19.13,14.25,3336.0,2318.29,2902.0,46,0.0,3176.59,0,tripinfo_WestA509ToAvebury.121 emissions_WestA509ToAvebury.121,gasoline_euro4,1.06,516502.951262,8766509.804526,2556.617531,214.056211,3980.225594,2796287.914834,0.0
WestA509ToAvebury.199,3582.0,773_0,0.0,0.0,0.0,5519.0,213_0,19.13,11.47,1937.0,2328.43,1533.0,24,0.0,1738.67,0,tripinfo_WestA509ToAvebury.199 emissions_WestA509ToAvebury.199,electric,0.85,0.0,0.0,0.0,0.0,0.0,0.0,0.0
EastSilburyToEastAvebury.107,2112.0,317_0,0.0,0.0,0.0,5521.0,213_0,19.13,13.47,3409.0,1581.83,2932.0,43,0.0,3291.02,0,tripinfo_EastSilburyToEastAvebury.107 emissions_EastSilburyToEastAvebury.107,electric,0.98,0.0,0.0,0.0,0.0,0.0,0.0,0.0
EastSilburyToEastAvebury.150,3986.0,317_0,0.0,0.0,1186.0,5524.0,213_0,19.13,11.72,1538.0,680.87,1338.0,22,0.0,1481.6,0,tripinfo_EastSilburyToEastAvebury.150 emissions_EastSilburyToEastAvebury.150,electric,0.89,0.0,0.0,0.0,0.0,0.0,0.0,0.0
WestA509ToAvebury.169,3042.0,773_0,0.0,0.0,0.0,5526.0,213_0,19.13,12.46,2484.0,2323.29,2119.0,30,0.0,2308.76,0,tripinfo_WestA509ToAvebury.169 emissions_WestA509ToAvebury.169,electric,0.97,0.0,0.0,0.0,0.0,0.0,0.0,0.0
WestA509ToAvebury.117,2106.0,773_0,0.0,0.0,0.0,5529.0,213_0,19.13,11.0,3423.0,2332.05,3006.0,42,0.0,3228.01,0,tripinfo_WestA509ToAvebury.117 emissions_WestA509ToAvebury.117,gasoline_euro4,0.87,529087.027353,8937322.079126,2618.580863,217.887264,4057.365735,2850774.614362,0.0
WestA509ToAvebury.174,3135.0,773_0,0.0,0.0,3.0,5600.0,213_0,19.13,14.43,2465.0,2323.29,2108.0,30,0.0,2310.53,0,tripinfo_WestA509ToAvebury.174 emissions_WestA509ToAvebury.174,gasoline_euro4,1.09,375387.367969,6525033.668204,1861.796416,158.098795,2953.64846,2081311.201207,0.0
WestA509ToAvebury.184,3315.0,773_0,0.0,0.0,3.0,5605.0,213_0,19.13,11.39,2290.0,2323.29,1885.0,27,0.0,2085.49,0,tripinfo_WestA509ToAvebury.184 emissions_WestA509ToAvebury.184,electric,0.83,0.0,0.0,0.0,0.0,0.0,0.0,0.0
WestA509ToAvebury.66,1191.0,773_0,0.0,0.0,3.0,5606.0,213_0,19.13,12.77,4415.0,2288.66,4099.0,33,0.0,4265.52,0,tripinfo_WestA509ToAvebury.66 emissions_WestA509ToAvebury.66,electric,1.11,0.0,0.0,0.0,0.0,0.0,0.0,0.0
WestA509ToAvebury.187,3366.0,773_0,0.0,0.0,0.0,5608.0,213_0,19.13,11.67,2242.0,2322.44,1835.0,26,0.0,2060.5,0,tripinfo_WestA509ToAvebury.187 emissions_WestA509ToAvebury.187,gasoline_euro4,0.93,332369.016716,5816868.929937,1649.6077,140.160117,2630.850869,1855424.944848,0.0
EastSilburyToEastAvebury.144,3816.0,317_0,0.0,0.0,1112.0,5611.0,213_0,19.13,13.5,1795.0,680.87,1572.0,23,0.0,1743.26,0,tripinfo_EastSilburyToEastAvebury.144 emissions_EastSilburyToEastAvebury.144,gasoline_euro4,0.98,280352.630158,4651423.969624,1385.736989,114.854925,2122.78003,1483685.338601,0.0
WestA509ToAvebury.134,2412.0,773_0,0.0,0.0,0.0,5614.0,213_0,19.13,13.4,3202.0,2288.81,2868.0,32,0.0,3035.13,0,tripinfo_WestA509ToAvebury.134 emissions_WestA509ToAvebury.134,electric,1.0,0.0,0.0,0.0,0.0,0.0,0.0,0.0
EastSilburyToEastAvebury.92,1872.0,317_0,0.0,0.0,0.0,5616.0,213_0,19.13,14.04,3744.0,1576.69,3273.0,47,0.0,3636.42,0,tripinfo_EastSilburyToEastAvebury.92 emissions_EastSilburyToEastAvebury.92,electric,1.08,0.0,0.0,0.0,0.0,0.0,0.0,0.0
WestA509ToAvebury.194,3495.0,773_0,0.0,0.0,3.0,5690.0,213_0,19.13,12.41,2195.0,2323.29,1804.0,23,0.0,2011.79,0,tripinfo_WestA509ToAvebury.194 emissions_WestA509ToAvebury.194,gasoline_euro4,0.92,325643.389167,5715233.328678,1616.622809,137.68945,2584.746969,1823005.353626,0.0
WestA509ToAvebury.195,3510.0,773_0,0.0,0.0,0.0,5692.0,213_0,19.13,12.88,2182.0,2322.44,1786.0,28,0.0,2010.18,0,tripinfo_WestA509ToAvebury.195 emissions_WestA509ToAvebury.195,gasoline_euro4,0.99,323857.368774,5683741.318692,1607.658058,136.945239,2570.271785,1812960.231982,0.0
WestA509ToAvebury.193,3474.0,773_0,0.0,0.0,0.0,5694.0,213_0,19.13,12.87,2220.0,2322.44,1832.0,27,0.0,2052.36,0,tripinfo_WestA509ToAvebury.193 emissions_WestA509ToAvebury.193,gasoline_euro4,1.01,331096.488863,5804096.696524,1643.268548,139.856128,2623.606751,1851350.630451,0.0
EastSilburyToEastAvebury.142,3808.0,317_0,0.0,0.0,1136.0,5701.0,213_0,19.13,9.24,1893.0,680.87,1663.0,21,0.0,1822.24,0,tripinfo_EastSilburyToEastAvebury.142 emissions_EastSilburyToEastAvebury.142,gasoline_euro4,0.71,295999.540372,4886918.392243,1462.453716,120.612679,2230.026182,1558803.015699,0.0
WestA509ToAvebury.198,3567.0,773_0,0.0,0.0,3.0,5703.0,213_0,19.13,11.51,2136.0,2322.44,1734.0,22,0.0,1969.34,0,tripinfo_WestA509ToAvebury.198 emissions_WestA509ToAvebury.198,gasoline_euro4,1.02,316612.837462,5569280.504073,1571.442212,133.566221,2512.932259,1776450.580133,0.0
WestA509ToAvebury.60,1083.0,773_0,0.0,0.0,3.0,5705.0,213_0,19.13,12.91,4622.0,2288.83,4241.0,31,0.0,4443.38,0,tripinfo_WestA509ToAvebury.60 emissions_WestA509ToAvebury.60,gasoline_euro4,0.93,727257.039428,12093188.03516,3595.03134,297.731954,5509.019943,3857418.112429,0.0
EastSilburyToEastAvebury.108,2128.0,317_0,0.0,0.0,0.0,5706.0,213_0,19.13,12.12,3578.0,1530.06,3133.0,36,0.0,3458.46,0,tripinfo_EastSilburyToEastAvebury.108 emissions_EastSilburyToEastAvebury.108,gasoline_euro4,0.93,556576.014047,9249201.303833,2751.343541,228.165107,4219.464223,2950258.463803,0.0
EastSilburyToEastAvebury.53,1248.0,317_0,0.0,0.0,0.0,5776.0,213_0,19.13,13.41,4528.0,642.24,4313.0,24,0.0,4483.24,0,tripinfo_EastSilburyToEastAvebury.53 emissions_EastSilburyToEastAvebury.53,electric,1.05,0.0,0.0,0.0,0.0,0.0,0.0,0.0
EastSilburyToEastAvebury.116,2256.0,317_0,0.0,0.0,0.0,5780.0,213_0,19.13,12.05,3524.0,1576.69,3068.0,40,0.0,3396.0,0,tripinfo_EastSilburyToEastAvebury.116 emissions_EastSilburyToEastAvebury.116,electric,0.9,0.0,0.0,0.0,0.0,0.0,0.0,0.0
WestA509ToAvebury.88,1587.0,773_0,0.0,0.0,3.0,5783.0,213_0,19.13,11.07,4196.0,2277.06,3783.0,41,0.0,4004.84,0,tripinfo_WestA509ToAvebury.88 emissions_WestA509ToAvebury.88,electric,0.87,0.0,0.0,0.0,0.0,0.0,0.0,0.0
EastSilburyToEastAvebury.119,2304.0,317_0,0.0,0.0,0.0,5785.0,213_0,19.13,15.49,3481.0,680.92,3160.0,40,0.0,3438.66,0,tripinfo_EastSilburyToEastAvebury.119 emissions_EastSilburyToEastAvebury.119,gasoline_euro4,1.21,555157.626244,9050073.44513,2740.328078,225.19497,4140.659565,2886746.323632,0.0
EastSilburyToEastAvebury.83,1728.0,317_0,0.0,0.0,0.0,5786.0,213_0,19.13,14.12,4058.0,680.89,3765.0,44,0.0,4010.34,0,tripinfo_EastSilburyToEastAvebury.83 emissions_EastSilburyToEastAvebury.83,gasoline_euro4,1.06,651405.197598,10591048.961422,3214.783433,263.893365,4847.519602,3378279.569186,0.0
EastSilburyToEastAvebury.131,3307.0,317_0,0.0,0.0,811.0,5790.0,213_0,19.13,12.3,2483.0,680.89,2202.0,35,0.0,2425.91,0,tripinfo_EastSilburyToEastAvebury.131 emissions_EastSilburyToEastAvebury.131,gasoline_euro4,0.89,390894.288703,6432024.962898,1930.824658,159.262069,2938.356523,2051653.073404,0.0
EastSilburyToEastAvebury.140,3761.0,317_0,0.0,0.0,1121.0,5791.0,213_0,19.13,13.94,2030.0,680.92,1780.0,25,0.0,1981.56,0,tripinfo_EastSilburyToEastAvebury.140 emissions_EastSilburyToEastAvebury.140,electric,1.04,0.0,0.0,0.0,0.0,0.0,0.0,0.0
EastSilburyToEastAvebury.138,3727.0,317_0,0.0,0.0,1119.0,5866.0,213_0,19.13,13.91,2139.0,680.89,1883.0,25,0.0,2089.49,0,tripinfo_EastSilburyToEastAvebury.138 emissions_EastSilburyToEastAvebury.138,electric,1.03,0.0,0.0,0.0,0.0,0.0,0.0,0.0
EastSilburyToEastAvebury.151,4242.0,317_0,0.0,0.0,1426.0,5868.0,213_0,19.13,12.62,1626.0,680.89,1370.0,24,0.0,1571.27,0,tripinfo_EastSilburyToEastAvebury.151 emissions_EastSilburyToEastAvebury.151,gasoline_euro4,0.92,251661.988624,4210836.783132,1244.674079,103.453785,1919.15607,1343148.458697,0.0
