id,depart,departLane,departPos,departSpeed,departDelay,arrival,arrivalLane,arrivalPos,arrivalSpeed,duration,routeLength,waitingTime,waitingCount,stopTime,timeLoss,rerouteNo,devices,vType,speedFactor,CO_abs,CO2_abs,HC_abs,PMx_abs,NOx_abs,fuel_abs,electricity_abs
V6ToEastH6.0,0.0,468_1,0.0,0.0,0.0,120.0,522_1,56.88,13.34,120.0,1512.23,0.0,0,0.0,13.6,0,tripinfo_V6ToEastH6.0 emissions_V6ToEastH6.0,gasoline_euro4,1.03,4041.249148,357989.749942,26.073247,5.635515,138.713976,114182.246307,0.0
V6ToEastH6.2,24.0,468_1,0.0,0.0,0.0,141.0,522_1,56.88,14.04,117.0,1512.23,0.0,0,0.0,12.67,0,tripinfo_V6ToEastH6.2 emissions_V6ToEastH6.2,electric,1.05,0.0,0.0,0.0,0.0,0.0,0.0,0.0
V6ToEastH6.1,12.0,468_1,0.0,0.0,0.0,148.0,522_0,56.88,12.03,136.0,1512.23,0.0,0,0.0,12.41,0,tripinfo_V6ToEastH6.1 emissions_V6ToEastH6.1,electric,0.89,0.0,0.0,0.0,0.0,0.0,0.0,0.0
V6ToEastH6.3,36.0,468_1,0.0,0.0,0.0,165.0,522_1,56.88,11.84,129.0,1512.23,0.0,0,0.0,12.56,0,tripinfo_V6ToEastH6.3 emissions_V6ToEastH6.3,electric,0.94,0.0,0.0,0.0,0.0,0.0,0.0,0.0
V6ToEastH6.4,48.0,468_1,0.0,0.0,0.0,167.0,522_1,56.88,15.43,119.0,1512.23,1.0,1,0.0,24.45,0,tripinfo_V6ToEastH6.4 emissions_V6ToEastH6.4,gasoline_euro4,1.16,5793.080705,430390.827049,35.91693,7.467926,171.481967,137274.649177,0.0
EastA509ToH6.0,0.0,770_0,0.0,0.0,0.0,177.0,522_0,56.88,14.29,177.0,1483.75,53.0,2,0.0,77.83,0,tripinfo_EastA509ToH6.0 emissions_EastA509ToH6.0,electric,1.08,0.0,0.0,0.0,0.0,0.0,0.0,0.0
V6ToEastH6.6,72.0,468_1,0.0,0.0,0.0,180.0,522_1,56.88,15.91,108.0,1512.23,0.0,0,0.0,15.11,0,tripinfo_V6ToEastH6.6 emissions_V6ToEastH6.6,electric,1.18,0.0,0.0,0.0,0.0,0.0,0.0,0.0
V6ToEastH6.5,60.0,468_1,0.0,0.0,0.0,198.0,522_0,56.88,11.56,138.0,1512.23,0.0,0,0.0,12.95,0,tripinfo_V6ToEastH6.5 emissions_V6ToEastH6.5,gasoline_euro4,0.87,3964.05768,341756.135066,25.806054,4.707851,130.030841,109005.279382,0.0
V6ToEastH6.7,84.0,468_1,0.0,0.0,0.0,208.0,522_1,56.88,12.86,124.0,1512.23,0.0,0,0.0,14.9,0,tripinfo_V6ToEastH6.7 emissions_V6ToEastH6.7,gasoline_euro4,1.01,3975.740006,359098.176183,26.086868,5.491706,139.004094,114535.921605,0.0
V6ToEastH6.8,96.0,468_1,0.0,0.0,0.0,210.0,522_1,56.88,15.98,114.0,1512.23,0.0,0,0.0,21.02,0,tripinfo_V6ToEastH6.8 emissions_V6ToEastH6.8,electric,1.18,0.0,0.0,0.0,0.0,0.0,0.0,0.0
V6ToEastH6.9,108.0,468_1,0.0,0.0,0.0,228.0,522_1,56.88,13.81,120.0,1512.23,0.0,0,0.0,14.94,0,tripinfo_V6ToEastH6.9 emissions_V6ToEastH6.9,gasoline_euro4,1.04,4197.830875,381193.677021,27.156082,5.849898,147.062021,121583.306456,0.0
V6ToEastH6.10,120.0,468_1,0.0,0.0,0.0,240.0,522_1,56.88,14.57,120.0,1512.23,1.0,1,0.0,19.02,0,tripinfo_V6ToEastH6.10 emissions_V6ToEastH6.10,electric,1.09,0.0,0.0,0.0,0.0,0.0,0.0,0.0
SouthEvansGateToSilbury.1,18.0,526_0,0.0,0.0,0.0,256.0,215_1,19.43,12.91,238.0,1477.55,100.0,3,0.0,123.69,0,tripinfo_SouthEvansGateToSilbury.1 emissions_SouthEvansGateToSilbury.1,electric,0.94,0.0,0.0,0.0,0.0,0.0,0.0,0.0
SouthEvansGateToSilbury.0,0.0,526_0,0.0,0.0,0.0,257.0,215_1,19.43,14.47,257.0,1477.59,125.0,2,0.0,156.32,0,tripinfo_SouthEvansGateToSilbury.0 emissions_SouthEvansGateToSilbury.0,electric,1.06,0.0,0.0,0.0,0.0,0.0,0.0,0.0
SouthEvansGateToSilbury.2,36.0,526_0,0.0,0.0,0.0,259.0,215_1,19.43,14.49,223.0,1477.52,87.0,3,0.0,127.58,0,tripinfo_SouthEvansGateToSilbury.2 emissions_SouthEvansGateToSilbury.2,electric,1.12,0.0,0.0,0.0,0.0,0.0,0.0,0.0
V6ToEastH6.12,144.0,468_1,0.0,0.0,0.0,263.0,522_1,56.88,14.84,119.0,1512.23,0.0,0,0.0,18.75,0,tripinfo_V6ToEastH6.12 emissions_V6ToEastH6.12,electric,1.1,0.0,0.0,0.0,0.0,0.0,0.0,0.0
V6ToEastH6.11,132.0,468_1,0.0,0.0,0.0,272.0,522_0,56.88,10.75,140.0,1512.23,0.0,0,0.0,11.93,0,tripinfo_V6ToEastH6.11 emissions_V6ToEastH6.11,gasoline_euro4,0.85,3974.802801,338437.605899,25.780814,4.71402,129.271362,107946.777654,0.0
SouthEvansGateToSilbury.4,72.0,526_0,0.0,0.0,0.0,278.0,215_0,19.43,14.53,206.0,1471.73,85.0,3,0.0,111.51,0,tripinfo_SouthEvansGateToSilbury.4 emissions_SouthEvansGateToSilbury.4,gasoline_euro4,1.13,19668.737668,632484.793008,103.485728,12.406851,263.266104,201738.551976,0.0
V6ToEastH6.13,156.0,468_1,0.0,0.0,0.0,282.0,522_1,56.88,12.36,126.0,1512.23,0.0,0,0.0,13.36,0,tripinfo_V6ToEastH6.13 emissions_V6ToEastH6.13,gasoline_euro4,0.97,3811.60047,357336.649189,24.836057,5.092405,135.432234,113974.393114,0.0
WestH6ToSaxonSt.2,24.0,524_0,0.0,0.0,0.0,286.0,771_0,56.88,13.67,262.0,2608.48,47.0,2,0.0,75.65,0,tripinfo_WestH6ToSaxonSt.2 emissions_WestH6ToSaxonSt.2,electric,1.03,0.0,0.0,0.0,0.0,0.0,0.0,0.0
V6ToEastH6.14,168.0,468_1,0.0,0.0,0.0,299.0,522_1,56.88,12.83,131.0,1512.23,0.0,0,0.0,14.27,0,tripinfo_V6ToEastH6.14 emissions_V6ToEastH6.14,gasoline_euro4,0.94,4054.489891,360411.25726,26.29628,5.214786,137.953856,114955.100196,0.0
WestA509ToEastH6.0,0.0,773_1,0.0,0.0,0.0,301.0,522_1,56.88,13.76,301.0,3085.02,40.0,1,0.0,77.67,0,tripinfo_WestA509ToEastH6.0 emissions_WestA509ToEastH6.0,electric,1.01,0.0,0.0,0.0,0.0,0.0,0.0,0.0
WestA509ToEastH6.1,36.0,773_1,0.0,0.0,0.0,317.0,522_1,56.88,12.03,281.0,3082.3,1.0,1,0.0,37.44,0,tripinfo_WestA509ToEastH6.1 emissions_WestA509ToEastH6.1,electric,0.93,0.0,0.0,0.0,0.0,0.0,0.0,0.0
V6ToEastH6.16,192.0,468_1,0.0,0.0,0.0,318.0,522_1,56.88,12.87,126.0,1512.23,0.0,0,0.0,13.95,0,tripinfo_V6ToEastH6.16 emissions_V6ToEastH6.16,gasoline_euro4,0.97,4180.331563,366040.885051,27.210481,5.660322,142.405894,116750.33484,0.0
WestA509ToAvebury.1,18.0,773_0,0.0,0.0,0.0,332.0,213_0,19.13,14.42,314.0,2289.26,122.0,3,0.0,161.63,0,tripinfo_WestA509ToAvebury.1 emissions_WestA509ToAvebury.1,electric,1.09,0.0,0.0,0.0,0.0,0.0,0.0,0.0
V6ToEastH6.17,204.0,468_1,0.0,0.0,0.0,332.0,522_1,56.88,13.41,128.0,1512.23,0.0,0,0.0,19.04,0,tripinfo_V6ToEastH6.17 emissions_V6ToEastH6.17,electric,1.01,0.0,0.0,0.0,0.0,0.0,0.0,0.0
V6ToEastH6.18,216.0,468_1,0.0,0.0,0.0,344.0,522_1,56.88,13.18,128.0,1512.23,0.0,0,0.0,14.94,0,tripinfo_V6ToEastH6.18 emissions_V6ToEastH6.18,gasoline_euro4,0.97,4047.038816,364759.745046,26.219211,5.340061,139.636672,116341.956504,0.0
SouthEvansGateToSilbury.5,90.0,526_0,0.0,0.0,0.0,345.0,215_1,19.43,13.57,255.0,1477.59,122.0,2,0.0,149.54,0,tripinfo_SouthEvansGateToSilbury.5 emissions_SouthEvansGateToSilbury.5,electric,1.02,0.0,0.0,0.0,0.0,0.0,0.0,0.0
SouthEvansGateToSilbury.7,126.0,526_0,0.0,0.0,0.0,348.0,215_1,19.43,11.26,222.0,1477.55,72.0,3,0.0,100.33,0,tripinfo_SouthEvansGateToSilbury.7 emissions_SouthEvansGateToSilbury.7,electric,0.88,0.0,0.0,0.0,0.0,0.0,0.0,0.0
SouthEvansGateToSilbury.9,162.0,526_0,0.0,0.0,0.0,350.0,215_1,19.43,13.42,188.0,1477.59,56.0,1,0.0,82.55,0,tripinfo_SouthEvansGateToSilbury.9 emissions_SouthEvansGateToSilbury.9,electric,1.02,0.0,0.0,0.0,0.0,0.0,0.0,0.0
V6ToEastH6.19,228.0,468_1,0.0,0.0,0.0,350.0,522_1,56.88,13.49,122.0,1512.23,0.0,0,0.0,13.69,0,tripinfo_V6ToEastH6.19 emissions_V6ToEastH6.19,gasoline_euro4,1.01,3988.10857,355832.38135,25.815366,5.504124,137.73539,113494.215917,0.0
WestH6ToSaxonSt.0,0.0,524_0,0.0,0.0,0.0,352.0,771_0,56.88,12.76,352.0,2613.57,119.0,2,0.0,148.13,0,tripinfo_WestH6ToSaxonSt.0 emissions_WestH6ToSaxonSt.0,electric,0.94,0.0,0.0,0.0,0.0,0.0,0.0,0.0
WestH6ToSaxonSt.4,48.0,524_0,0.0,0.0,0.0,353.0,771_0,56.88,13.34,305.0,2609.14,79.0,2,0.0,117.52,0,tripinfo_WestH6ToSaxonSt.4 emissions_WestH6ToSaxonSt.4,electric,1.02,0.0,0.0,0.0,0.0,0.0,0.0,0.0
SouthEvansGateToSilbury.11,198.0,526_0,0.0,0.0,0.0,354.0,215_1,19.43,14.04,156.0,1477.52,39.0,1,0.0,54.69,0,tripinfo_SouthEvansGateToSilbury.11 emissions_SouthEvansGateToSilbury.11,electric,1.06,0.0,0.0,0.0,0.0,0.0,0.0,0.0
WestH6ToSaxonSt.1,12.0,524_0,0.0,0.0,0.0,355.0,771_0,56.88,14.01,343.0,2602.68,107.0,3,0.0,163.08,0,tripinfo_WestH6ToSaxonSt.1 emissions_WestH6ToSaxonSt.1,electric,1.05,0.0,0.0,0.0,0.0,0.0,0.0,0.0
V6ToEastH6.20,240.0,468_1,0.0,0.0,0.0,356.0,522_1,56.88,14.54,116.0,1512.23,0.0,0,0.0,12.44,0,tripinfo_V6ToEastH6.20 emissions_V6ToEastH6.20,electric,1.06,0.0,0.0,0.0,0.0,0.0,0.0,0.0
EastA509ToH6.2,36.0,770_0,0.0,0.0,0.0,362.0,522_0,56.88,13.21,326.0,1483.64,184.0,4,0.0,217.81,0,tripinfo_EastA509ToH6.2 emissions_EastA509ToH6.2,electric,0.99,0.0,0.0,0.0,0.0,0.0,0.0,0.0
EastA509ToH6.3,54.0,770_0,0.0,0.0,0.0,364.0,522_0,56.88,12.62,310.0,1483.64,164.0,5,0.0,200.08,0,tripinfo_EastA509ToH6.3 emissions_EastA509ToH6.3,electric,0.97,0.0,0.0,0.0,0.0,0.0,0.0,0.0
WestA509ToAvebury.3,54.0,773_0,0.0,0.0,0.0,366.0,213_1,19.13,13.52,312.0,2337.28,106.0,3,0.0,143.91,0,tripinfo_WestA509ToAvebury.3 emissions_WestA509ToAvebury.3,gasoline_euro4,1.01,25930.80613,885827.421602,137.954679,16.667325,365.82144,282544.999266,0.0
WestA509ToAvebury.2,36.0,773_0,0.0,0.0,0.0,367.0,213_0,19.13,12.19,331.0,2337.25,116.0,3,0.0,149.25,0,tripinfo_WestA509ToAvebury.2 emissions_WestA509ToAvebury.2,gasoline_euro4,0.94,26899.885627,897593.159898,142.87134,16.595388,369.956236,286298.539982,0.0
SouthEvansGateToSilbury.3,54.0,526_0,0.0,0.0,0.0,368.0,215_1,19.43,11.64,314.0,1471.73,163.0,4,0.0,194.71,0,tripinfo_SouthEvansGateToSilbury.3 emissions_SouthEvansGateToSilbury.3,gasoline_euro4,0.89,33391.654562,834686.604617,171.249635,17.034162,356.062692,266237.128789,0.0
EastA509ToH6.4,72.0,770_0,0.0,0.0,0.0,368.0,522_0,56.88,12.01,296.0,1483.75,138.0,3,0.0,178.9,0,tripinfo_EastA509ToH6.4 emissions_EastA509ToH6.4,electric,0.92,0.0,0.0,0.0,0.0,0.0,0.0,0.0
WestA509ToAvebury.5,90.0,773_0,0.0,0.0,0.0,368.0,213_0,19.13,12.83,278.0,2337.3,60.0,3,0.0,107.19,0,tripinfo_WestA509ToAvebury.5 emissions_WestA509ToAvebury.5,gasoline_euro4,0.99,19059.690793,780507.679564,104.245131,13.893414,317.349699,248950.532442,0.0
EastA509ToH6.6,108.0,770_0,0.0,0.0,0.0,368.0,522_1,56.88,13.42,260.0,1483.75,118.0,3,0.0,155.83,0,tripinfo_EastA509ToH6.6 emissions_EastA509ToH6.6,electric,1.03,0.0,0.0,0.0,0.0,0.0,0.0,0.0
SouthEvansGateToSilbury.6,108.0,526_0,0.0,0.0,0.0,370.0,215_1,19.43,12.76,262.0,1471.71,119.0,4,0.0,150.8,0,tripinfo_SouthEvansGateToSilbury.6 emissions_SouthEvansGateToSilbury.6,gasoline_euro4,0.96,25993.571673,722678.438609,134.908014,14.556449,306.594454,230508.641805,0.0
EastA509ToH6.5,90.0,770_0,0.0,0.0,0.0,373.0,522_1,56.88,13.5,283.0,1483.82,123.0,4,0.0,172.69,0,tripinfo_EastA509ToH6.5 emissions_EastA509ToH6.5,gasoline_euro4,0.97,29005.914698,805948.227339,150.811415,16.645375,345.902301,257068.189731,0.0
EastA509ToH6.1,18.0,770_0,0.0,0.0,0.0,374.0,522_0,56.88,11.06,356.0,1483.75,191.0,4,0.0,230.48,0,tripinfo_EastA509ToH6.1 emissions_EastA509ToH6.1,gasoline_euro4,0.86,39395.188274,948257.519343,201.431356,19.709773,407.7909,302462.918983,0.0
EastA509ToH6.9,162.0,770_0,0.0,0.0,0.0,375.0,522_1,56.88,14.39,213.0,1483.69,81.0,3,0.0,116.8,0,tripinfo_EastA509ToH6.9 emissions_EastA509ToH6.9,electric,1.12,0.0,0.0,0.0,0.0,0.0,0.0,0.0
V6ToEastH6.21,252.0,468_1,0.0,0.0,0.0,380.0,522_1,56.88,13.13,128.0,1512.23,0.0,0,0.0,13.47,0,tripinfo_V6ToEastH6.21 emissions_V6ToEastH6.21,gasoline_euro4,0.96,4094.724028,365264.07364,26.640963,5.470794,140.836833,116502.711917,0.0
V6ToEastH6.22,264.0,468_1,0.0,0.0,0.0,386.0,522_1,56.88,13.91,122.0,1512.23,1.0,1,0.0,19.94,0,tripinfo_V6ToEastH6.22 emissions_V6ToEastH6.22,gasoline_euro4,1.07,4630.478612,394126.314597,29.502588,6.17147,152.396136,125708.302602,0.0
WestH6ToSaxonSt.7,84.0,524_0,0.0,0.0,0.0,397.0,771_1,56.88,15.7,313.0,2767.88,76.0,4,0.0,136.66,0,tripinfo_WestH6ToSaxonSt.7 emissions_WestH6ToSaxonSt.7,gasoline_euro4,1.17,25338.680714,1041056.417199,138.943898,20.101527,432.650523,332053.217217,0.0
WestH6ToSaxonSt.8,96.0,524_0,0.0,0.0,0.0,401.0,771_1,56.88,14.78,305.0,2574.97,87.0,5,0.0,133.55,0,tripinfo_WestH6ToSaxonSt.8 emissions_WestH6ToSaxonSt.8,gasoline_euro4,1.1,24609.05477,950177.096767,133.224317,17.734645,389.644738,303068.264474,0.0
V6ToEastH6.23,276.0,468_1,0.0,0.0,0.0,405.0,522_1,56.88,13.27,129.0,1512.23,1.0,1,0.0,20.59,0,tripinfo_V6ToEastH6.23 emissions_V6ToEastH6.23,gasoline_euro4,1.01,5037.007948,388216.77585,31.336638,6.217684,152.551195,123823.496704,0.0
WestA509ToEastH6.3,108.0,773_1,0.0,0.0,0.0,410.0,522_1,56.88,12.24,302.0,3082.3,12.0,2,0.0,51.48,0,tripinfo_WestA509ToEastH6.3 emissions_WestA509ToEastH6.3,electric,0.9,0.0,0.0,0.0,0.0,0.0,0.0,0.0
V6ToEastH6.24,288.0,468_1,0.0,0.0,0.0,410.0,522_0,56.88,15.1,122.0,1512.23,0.0,0,0.0,29.04,0,tripinfo_V6ToEastH6.24 emissions_V6ToEastH6.24,electric,1.18,0.0,0.0,0.0,0.0,0.0,0.0,0.0
WestH6ToSaxonSt.3,36.0,524_0,0.0,0.0,0.0,412.0,771_1,56.88,11.12,376.0,2767.85,84.0,4,0.0,139.88,0,tripinfo_WestH6ToSaxonSt.3 emissions_WestH6ToSaxonSt.3,gasoline_euro4,0.88,26631.578029,990079.932346,144.031848,17.858297,407.452328,315796.811184,0.0
WestH6ToSaxonSt.11,132.0,524_0,0.0,0.0,0.0,413.0,771_1,56.88,14.18,281.0,2574.97,54.0,4,0.0,119.58,0,tripinfo_WestH6ToSaxonSt.11 emissions_WestH6ToSaxonSt.11,gasoline_euro4,1.17,20247.485421,878534.399874,112.039564,16.234709,359.182763,280215.750506,0.0
WestA509ToAvebury.0,0.0,773_0,0.0,0.0,0.0,415.0,213_0,19.13,10.9,415.0,2288.83,182.0,3,0.0,215.08,0,tripinfo_WestA509ToAvebury.0 emissions_WestA509ToAvebury.0,electric,0.83,0.0,0.0,0.0,0.0,0.0,0.0,0.0
WestH6ToSaxonSt.10,120.0,524_0,0.0,0.0,0.0,415.0,771_1,56.88,13.19,295.0,2767.85,22.0,3,0.0,87.39,0,tripinfo_WestH6ToSaxonSt.10 emissions_WestH6ToSaxonSt.10,gasoline_euro4,1.0,16797.536295,891928.195483,96.369097,15.54237,361.447769,284486.295797,0.0
WestA509ToAvebury.6,108.0,773_0,0.0,0.0,0.0,417.0,213_0,19.13,13.18,309.0,2288.6,117.0,2,0.0,149.43,0,tripinfo_WestA509ToAvebury.6 emissions_WestA509ToAvebury.6,electric,1.04,0.0,0.0,0.0,0.0,0.0,0.0,0.0
WestA509ToAvebury.4,72.0,773_0,0.0,0.0,0.0,418.0,213_0,19.13,12.75,346.0,2288.83,123.0,4,0.0,171.16,0,tripinfo_WestA509ToAvebury.4 emissions_WestA509ToAvebury.4,electric,0.95,0.0,0.0,0.0,0.0,0.0,0.0,0.0
V6ToEastH6.25,300.0,468_1,0.0,0.0,0.0,419.0,522_1,56.88,13.22,119.0,1512.23,0.0,0,0.0,12.74,0,tripinfo_V6ToEastH6.25 emissions_V6ToEastH6.25,gasoline_euro4,1.03,3964.457079,363039.137774,26.005006,5.696301,140.858712,115792.715297,0.0
WestA509ToEastH6.2,75.0,773_0,0.0,0.0,3.0,422.0,522_0,56.88,15.99,347.0,2754.97,111.0,4,0.0,173.32,0,tripinfo_WestA509ToEastH6.2 emissions_WestA509ToEastH6.2,gasoline_euro4,1.15,29572.361374,1057600.058245,158.527004,20.629827,440.647331,337332.180898,0.0
V6ToEastH6.15,180.0,468_1,0.0,0.0,0.0,428.0,522_0,56.88,11.85,248.0,2023.83,61.0,2,0.0,86.96,0,tripinfo_V6ToEastH6.15 emissions_V6ToEastH6.15,gasoline_euro4,0.91,16240.936825,640487.170254,88.123259,10.948982,257.083188,204290.592699,0.0
V6ToEastH6.26,312.0,468_1,0.0,0.0,0.0,431.0,522_1,56.88,14.08,119.0,1512.23,0.0,0,0.0,12.95,0,tripinfo_V6ToEastH6.26 emissions_V6ToEastH6.26,electric,1.03,0.0,0.0,0.0,0.0,0.0,0.0,0.0
SouthEvansGateToSilbury.13,234.0,526_0,0.0,0.0,0.0,432.0,215_1,19.43,13.52,198.0,1477.55,59.0,3,0.0,92.85,0,tripinfo_SouthEvansGateToSilbury.13 emissions_SouthEvansGateToSilbury.13,electric,1.02,0.0,0.0,0.0,0.0,0.0,0.0,0.0
WestH6ToSaxonSt.12,144.0,524_0,0.0,0.0,0.0,434.0,771_0,56.88,14.84,290.0,2599.27,90.0,2,0.0,125.31,0,tripinfo_WestH6ToSaxonSt.12 emissions_WestH6ToSaxonSt.12,electric,1.14,0.0,0.0,0.0,0.0,0.0,0.0,0.0
V6ToEastH6.27,324.0,468_1,0.0,0.0,0.0,434.0,522_1,56.88,16.77,110.0,1512.23,0.0,0,0.0,20.28,0,tripinfo_V6ToEastH6.27 emissions_V6ToEastH6.27,electric,1.23,0.0,0.0,0.0,0.0,0.0,0.0,0.0
SouthEvansGateToSilbury.10,180.0,526_0,0.0,0.0,0.0,435.0,215_1,19.43,12.01,255.0,1477.59,112.0,2,0.0,137.08,0,tripinfo_SouthEvansGateToSilbury.10 emissions_SouthEvansGateToSilbury.10,electric,0.91,0.0,0.0,0.0,0.0,0.0,0.0,0.0
SouthEvansGateToSilbury.12,216.0,526_0,0.0,0.0,0.0,437.0,215_1,19.43,13.81,221.0,1477.59,78.0,3,0.0,113.33,0,tripinfo_SouthEvansGateToSilbury.12 emissions_SouthEvansGateToSilbury.12,electric,1.0,0.0,0.0,0.0,0.0,0.0,0.0,0.0
WestH6ToSaxonSt.6,72.0,524_0,0.0,0.0,0.0,441.0,771_0,56.88,11.66,369.0,2613.57,133.0,2,0.0,163.69,0,tripinfo_WestH6ToSaxonSt.6 emissions_WestH6ToSaxonSt.6,electric,0.93,0.0,0.0,0.0,0.0,0.0,0.0,0.0
EastA509ToH6.10,180.0,770_0,0.0,0.0,0.0,441.0,522_0,56.88,13.39,261.0,1483.64,124.0,2,0.0,156.58,0,tripinfo_EastA509ToH6.10 emissions_EastA509ToH6.10,gasoline_euro4,1.02,27059.763951,754201.380842,140.224868,15.352779,319.881553,240563.10894,0.0
WestH6ToSaxonSt.13,156.0,524_0,0.0,0.0,0.0,442.0,771_0,56.88,13.47,286.0,2613.57,62.0,1,0.0,99.17,0,tripinfo_WestH6ToSaxonSt.13 emissions_WestH6ToSaxonSt.13,electric,1.02,0.0,0.0,0.0,0.0,0.0,0.0,0.0
WestH6ToSaxonSt.9,108.0,524_0,0.0,0.0,0.0,444.0,771_0,56.88,14.73,336.0,2601.42,99.0,3,0.0,163.54,0,tripinfo_WestH6ToSaxonSt.9 emissions_WestH6ToSaxonSt.9,electric,1.09,0.0,0.0,0.0,0.0,0.0,0.0,0.0
EastA509ToH6.8,144.0,770_0,0.0,0.0,0.0,447.0,522_1,56.88,13.33,303.0,1483.82,147.0,4,0.0,196.27,0,tripinfo_EastA509ToH6.8 emissions_EastA509ToH6.8,gasoline_euro4,1.0,31546.535815,832042.517814,162.589828,16.957654,354.508255,265392.630295,0.0
EastA509ToH6.7,126.0,770_0,0.0,0.0,0.0,448.0,522_0,56.88,11.64,322.0,1483.64,172.0,3,0.0,202.87,0,tripinfo_EastA509ToH6.7 emissions_EastA509ToH6.7,electric,0.9,0.0,0.0,0.0,0.0,0.0,0.0,0.0
WestH6ToSaxonSt.15,180.0,524_0,0.0,0.0,0.0,453.0,771_0,56.88,13.91,273.0,2613.57,57.0,2,0.0,88.72,0,tripinfo_WestH6ToSaxonSt.15 emissions_WestH6ToSaxonSt.15,electric,1.04,0.0,0.0,0.0,0.0,0.0,0.0,0.0
SouthEvansGateToSilbury.8,144.0,526_0,0.0,0.0,0.0,454.0,215_1,19.43,13.73,310.0,1471.7,171.0,4,0.0,203.46,0,tripinfo_SouthEvansGateToSilbury.8 emissions_SouthEvansGateToSilbury.8,gasoline_euro4,1.0,34782.189656,882296.237522,178.525049,18.280424,377.032965,281422.382645,0.0
WestA509ToAvebury.8,147.0,773_0,0.0,0.0,3.0,455.0,213_0,19.13,11.34,308.0,2337.28,86.0,2,0.0,118.47,0,tripinfo_WestA509ToAvebury.8 emissions_WestA509ToAvebury.8,gasoline_euro4,0.9,21628.468905,794451.338836,116.558195,13.99389,323.033144,253399.5964,0.0
V6ToEastH6.28,336.0,468_1,0.0,0.0,0.0,457.0,522_1,56.88,15.53,121.0,1512.23,1.0,1,0.0,26.68,0,tripinfo_V6ToEastH6.28 emissions_V6ToEastH6.28,gasoline_euro4,1.16,5879.982379,438063.018964,36.601251,7.573819,174.673811,139721.761459,0.0
WestH6ToSaxonSt.5,60.0,524_0,0.0,0.0,0.0,459.0,771_0,56.88,10.5,399.0,2602.7,134.0,3,0.0,171.29,0,tripinfo_WestH6ToSaxonSt.5 emissions_WestH6ToSaxonSt.5,electric,0.83,0.0,0.0,0.0,0.0,0.0,0.0,0.0
V6ToEastH6.29,348.0,468_1,0.0,0.0,0.0,483.0,522_0,56.88,11.55,135.0,1512.23,0.0,0,0.0,11.68,0,tripinfo_V6ToEastH6.29 emissions_V6ToEastH6.29,gasoline_euro4,0.89,3677.670521,335968.779438,24.276651,4.55632,126.97785,107159.328032,0.0
EastAveburyToWestA509.8,268.0,483_1,0.0,0.0,0.0,485.0,774_0,29.75,13.24,217.0,2308.45,6.0,1,0.0,52.35,0,tripinfo_EastAveburyToWestA509.8 emissions_EastAveburyToWestA509.8,electric,1.03,0.0,0.0,0.0,0.0,0.0,0.0,0.0
EastAveburyToWestA509.5,242.0,483_1,0.0,0.0,0.0,490.0,774_0,29.75,13.43,248.0,2311.97,27.0,4,0.0,76.42,0,tripinfo_EastAveburyToWestA509.5 emissions_EastAveburyToWestA509.5,electric,1.01,0.0,0.0,0.0,0.0,0.0,0.0,0.0
WestH6ToSaxonSt.14,168.0,524_0,0.0,0.0,0.0,491.0,771_1,56.88,13.63,323.0,2767.88,65.0,4,0.0,113.75,0,tripinfo_WestH6ToSaxonSt.14 emissions_WestH6ToSaxonSt.14,gasoline_euro4,0.99,22319.028535,962252.314591,123.548316,17.408353,394.216094,306918.642492,0.0
WestH6ToSaxonSt.17,204.0,524_0,0.0,0.0,0.0,493.0,771_1,56.88,12.89,289.0,2574.96,57.0,3,0.0,96.85,0,tripinfo_WestH6ToSaxonSt.17 emissions_WestH6ToSaxonSt.17,gasoline_euro4,0.98,18479.686418,804473.927097,101.778128,13.723068,321.825673,256594.804833,0.0
WestA509ToEastH6.5,180.0,773_1,0.0,0.0,0.0,496.0,522_0,56.88,11.06,316.0,3082.3,27.0,1,0.0,60.35,0,tripinfo_WestA509ToEastH6.5 emissions_WestA509ToEastH6.5,electric,0.88,0.0,0.0,0.0,0.0,0.0,0.0,0.0
EastAveburyToWestA509.1,208.0,483_0,0.0,0.0,0.0,497.0,774_0,29.75,14.25,289.0,2257.77,103.0,3,0.0,137.52,0,tripinfo_EastAveburyToWestA509.1 emissions_EastAveburyToWestA509.1,gasoline_euro4,1.09,25365.244926,901408.692081,135.85263,17.551887,375.990574,287513.479458,0.0
WestA509ToEastH6.6,216.0,773_1,0.0,0.0,0.0,497.0,522_1,56.88,14.23,281.0,3084.29,3.0,1,0.0,63.04,0,tripinfo_WestA509ToEastH6.6 emissions_WestA509ToEastH6.6,electric,1.03,0.0,0.0,0.0,0.0,0.0,0.0,0.0
WestH6ToSaxonSt.16,192.0,524_0,0.0,0.0,0.0,498.0,771_1,56.88,11.79,306.0,2767.85,36.0,3,0.0,86.2,0,tripinfo_WestH6ToSaxonSt.16 emissions_WestH6ToSaxonSt.16,gasoline_euro4,0.94,17031.738929,845792.859859,96.591354,14.369996,340.686421,269772.313115,0.0
V6ToEastH6.32,384.0,468_1,0.0,0.0,0.0,499.0,522_1,56.88,15.56,115.0,1512.23,0.0,0,0.0,17.62,0,tripinfo_V6ToEastH6.32 emissions_V6ToEastH6.32,electric,1.13,0.0,0.0,0.0,0.0,0.0,0.0,0.0
WestH6ToSaxonSt.18,216.0,524_0,0.0,0.0,0.0,500.0,771_1,56.88,12.87,284.0,2767.88,24.0,2,0.0,79.83,0,tripinfo_WestH6ToSaxonSt.18 emissions_WestH6ToSaxonSt.18,gasoline_euro4,1.02,15091.835322,848817.789536,87.746833,14.548799,341.854402,270735.729292,0.0
EastAveburyToWestA509.0,200.0,483_0,0.0,0.0,0.0,502.0,774_0,29.75,13.77,302.0,2257.8,103.0,3,0.0,141.93,0,tripinfo_EastAveburyToWestA509.0 emissions_EastAveburyToWestA509.0,gasoline_euro4,1.03,25359.546267,882391.150799,135.116946,16.664043,364.472154,281448.574184,0.0
WestA509ToAvebury.9,162.0,773_0,0.0,0.0,0.0,504.0,213_0,19.13,15.01,342.0,2288.55,149.0,5,0.0,188.33,0,tripinfo_WestA509ToAvebury.9 emissions_WestA509ToAvebury.9,electric,1.08,0.0,0.0,0.0,0.0,0.0,0.0,0.0
V6ToEastH6.31,372.0,468_1,0.0,0.0,0.0,505.0,522_1,56.88,11.41,133.0,1512.23,0.0,0,0.0,12.92,0,tripinfo_V6ToEastH6.31 emissions_V6ToEastH6.31,electric,0.91,0.0,0.0,0.0,0.0,0.0,0.0,0.0
EastAveburyToWestA509.2,217.0,483_0,0.0,0.0,0.0,506.0,774_0,29.75,13.9,289.0,2254.72,83.0,3,0.0,125.1,0,tripinfo_EastAveburyToWestA509.2 emissions_EastAveburyToWestA509.2,gasoline_euro4,1.0,22770.093389,839578.439057,122.533089,15.623189,345.975859,267792.371036,0.0
EastAveburyToWestA509.3,225.0,483_0,0.0,0.0,0.0,508.0,774_0,29.75,13.59,283.0,2260.96,75.0,3,0.0,124.32,0,tripinfo_EastAveburyToWestA509.3 emissions_EastAveburyToWestA509.3,gasoline_euro4,1.04,21712.927156,816428.068926,117.569063,15.436144,338.466403,260407.772975,0.0
WestA509ToEastH6.4,144.0,773_0,0.0,0.0,0.0,509.0,522_0,56.88,14.11,365.0,2755.0,122.0,4,0.0,168.69,0,tripinfo_WestA509ToEastH6.4 emissions_WestA509ToEastH6.4,gasoline_euro4,1.02,29621.762146,1021385.35938,157.553745,19.255176,421.962916,325782.52249,0.0
WestA509ToAvebury.10,180.0,773_0,0.0,0.0,0.0,511.0,213_0,19.13,13.04,331.0,2288.57,125.0,3,0.0,168.52,0,tripinfo_WestA509ToAvebury.10 emissions_WestA509ToAvebury.10,electric,1.02,0.0,0.0,0.0,0.0,0.0,0.0,0.0
WestA509ToEastH6.7,252.0,773_0,0.0,0.0,0.0,515.0,522_0,56.88,14.83,263.0,2754.97,44.0,3,0.0,84.04,0,tripinfo_WestA509ToEastH6.7 emissions_WestA509ToEastH6.7,gasoline_euro4,1.12,16486.841662,821863.597871,93.376863,14.61596,329.852564,262139.33122,0.0
SouthEvansGateToSilbury.17,306.0,526_0,0.0,0.0,0.0,522.0,215_1,19.43,11.1,216.0,1477.6,64.0,2,0.0,86.09,0,tripinfo_SouthEvansGateToSilbury.17 emissions_SouthEvansGateToSilbury.17,gasoline_euro4,0.82,15864.536911,532139.46809,84.504382,9.433663,217.862211,169732.889347,0.0
WestH6ToSaxonSt.19,228.0,524_0,0.0,0.0,0.0,528.0,771_0,56.88,14.1,300.0,2608.48,77.0,3,0.0,112.95,0,tripinfo_WestH6ToSaxonSt.19 emissions_WestH6ToSaxonSt.19,electric,1.02,0.0,0.0,0.0,0.0,0.0,0.0,0.0
WestH6ToSaxonSt.20,240.0,524_0,0.0,0.0,0.0,530.0,771_0,56.88,15.14,290.0,2602.68,73.0,3,0.0,117.08,0,tripinfo_WestH6ToSaxonSt.20 emissions_WestH6ToSaxonSt.20,electric,1.09,0.0,0.0,0.0,0.0,0.0,0.0,0.0
SouthEvansGateToSilbury.20,360.0,526_0,0.0,0.0,0.0,530.0,215_1,19.43,14.47,170.0,1477.59,53.0,1,0.0,69.16,0,tripinfo_SouthEvansGateToSilbury.20 emissions_SouthEvansGateToSilbury.20,electric,1.06,0.0,0.0,0.0,0.0,0.0,0.0,0.0
V6ToEastH6.33,396.0,468_1,0.0,0.0,0.0,532.0,522_1,56.88,11.76,136.0,1512.23,0.0,0,0.0,13.26,0,tripinfo_V6ToEastH6.33 emissions_V6ToEastH6.33,gasoline_euro4,0.89,4094.693272,360924.733138,26.750652,5.123233,138.004637,115119.014098,0.0
V6ToEastH6.34,408.0,468_1,0.0,0.0,0.0,532.0,522_0,56.88,14.1,124.0,1512.23,0.0,0,0.0,23.4,0,tripinfo_V6ToEastH6.34 emissions_V6ToEastH6.34,electric,1.09,0.0,0.0,0.0,0.0,0.0,0.0,0.0
WestH6ToSaxonSt.23,276.0,524_0,0.0,0.0,0.0,533.0,771_0,56.88,14.86,257.0,2608.48,56.0,1,0.0,82.68,0,tripinfo_WestH6ToSaxonSt.23 emissions_WestH6ToSaxonSt.23,electric,1.1,0.0,0.0,0.0,0.0,0.0,0.0,0.0
EastA509ToH6.12,216.0,770_0,0.0,0.0,0.0,536.0,522_0,56.88,12.65,320.0,1483.64,177.0,3,0.0,209.87,0,tripinfo_EastA509ToH6.12 emissions_EastA509ToH6.12,gasoline_euro4,0.98,35584.523721,886973.751021,182.352842,18.608146,381.061358,282914.460535,0.0
V6ToEastH6.35,420.0,468_1,0.0,0.0,0.0,536.0,522_1,56.88,14.2,116.0,1512.23,0.0,0,0.0,15.19,0,tripinfo_V6ToEastH6.35 emissions_V6ToEastH6.35,electric,1.08,0.0,0.0,0.0,0.0,0.0,0.0,0.0
WestA509ToAvebury.14,255.0,773_0,0.0,0.0,3.0,541.0,213_0,19.13,15.15,286.0,2337.27,91.0,4,0.0,131.41,0,tripinfo_WestA509ToAvebury.14 emissions_WestA509ToAvebury.14,gasoline_euro4,1.1,23075.398729,850580.965303,123.654617,15.804413,347.434413,271301.808419,0.0
V6ToEastH6.30,360.0,468_1,0.0,0.0,0.0,542.0,522_1,56.88,11.83,182.0,2060.88,0.0,0,0.0,19.54,0,tripinfo_V6ToEastH6.30 emissions_V6ToEastH6.30,electric,0.93,0.0,0.0,0.0,0.0,0.0,0.0,0.0
SouthEvansGateToSilbury.15,270.0,526_0,0.0,0.0,0.0,543.0,215_1,19.43,11.61,273.0,1471.7,133.0,3,0.0,158.78,0,tripinfo_SouthEvansGateToSilbury.15 emissions_SouthEvansGateToSilbury.15,gasoline_euro4,0.93,27369.979029,736043.31657,141.396007,14.62983,310.717015,234772.369036,0.0
EastA509ToH6.11,198.0,770_0,0.0,0.0,0.0,545.0,522_0,56.88,13.28,347.0,1483.75,199.0,4,0.0,238.05,0,tripinfo_EastA509ToH6.11 emissions_EastA509ToH6.11,gasoline_euro4,0.98,40349.77425,980517.892751,206.163812,20.781578,422.947229,312752.232113,0.0
SouthEvansGateToSilbury.14,252.0,526_0,0.0,0.0,0.0,545.0,215_1,19.43,14.78,293.0,1471.71,146.0,5,0.0,192.99,0,tripinfo_SouthEvansGateToSilbury.14 emissions_SouthEvansGateToSilbury.14,gasoline_euro4,1.06,32118.771474,866674.973289,166.280356,18.167396,372.556575,276438.158681,0.0
EastA509ToH6.15,270.0,770_0,0.0,0.0,0.0,547.0,522_1,56.88,13.71,277.0,1483.8,120.0,4,0.0,176.35,0,tripinfo_EastA509ToH6.15 emissions_EastA509ToH6.15,gasoline_euro4,1.06,28457.531036,783783.858608,147.538084,16.25243,335.611151,249998.680304,0.0
SouthEvansGateToSilbury.16,288.0,526_0,0.0,0.0,0.0,547.0,215_1,19.43,12.02,259.0,1471.73,114.0,3,0.0,146.02,0,tripinfo_SouthEvansGateToSilbury.16 emissions_SouthEvansGateToSilbury.16,gasoline_euro4,0.94,24655.152403,685751.991529,127.955159,13.610325,289.346176,218730.673814,0.0
EastA509ToH6.14,252.0,770_0,0.0,0.0,0.0,548.0,522_0,56.88,12.98,296.0,1483.64,140.0,4,0.0,182.96,0,tripinfo_EastA509ToH6.14 emissions_EastA509ToH6.14,electric,0.95,0.0,0.0,0.0,0.0,0.0,0.0,0.0
EastA509ToH6.17,306.0,770_0,0.0,0.0,0.0,550.0,522_1,56.88,15.67,244.0,1483.69,112.0,3,0.0,150.6,0,tripinfo_EastA509ToH6.17 emissions_EastA509ToH6.17,electric,1.15,0.0,0.0,0.0,0.0,0.0,0.0,0.0
EastA509ToH6.13,234.0,770_0,0.0,0.0,0.0,553.0,522_0,56.88,11.72,319.0,1483.82,157.0,4,0.0,198.58,0,tripinfo_EastA509ToH6.13 emissions_EastA509ToH6.13,electric,0.89,0.0,0.0,0.0,0.0,0.0,0.0,0.0
V6ToEastH6.36,432.0,468_1,0.0,0.0,0.0,563.0,522_1,56.88,11.83,131.0,1512.23,0.0,0,0.0,13.09,0,tripinfo_V6ToEastH6.36 emissions_V6ToEastH6.36,electric,0.93,0.0,0.0,0.0,0.0,0.0,0.0,0.0
V6ToEastH6.37,444.0,468_1,0.0,0.0,0.0,567.0,522_1,56.88,13.38,123.0,1512.23,0.0,0,0.0,13.8,0,tripinfo_V6ToEastH6.37 emissions_V6ToEastH6.37,gasoline_euro4,1.0,4043.246856,361915.044117,26.200032,5.518418,139.892894,115434.376489,0.0
V6ToEastH6.38,456.0,468_1,0.0,0.0,0.0,574.0,522_1,56.88,14.07,118.0,1512.23,0.0,0,0.0,12.74,0,tripinfo_V6ToEastH6.38 emissions_V6ToEastH6.38,electric,1.03,0.0,0.0,0.0,0.0,0.0,0.0,0.0
EastAveburyToWestA509.12,302.0,483_1,0.0,0.0,0.0,575.0,774_0,29.75,14.49,273.0,2307.67,61.0,5,0.0,110.74,0,tripinfo_EastAveburyToWestA509.12 emissions_EastAveburyToWestA509.12,electric,1.06,0.0,0.0,0.0,0.0,0.0,0.0,0.0
EastAveburyToWestA509.13,310.0,483_1,0.0,0.0,0.0,578.0,774_0,29.75,15.29,268.0,2308.5,49.0,5,0.0,115.36,0,tripinfo_EastAveburyToWestA509.13 emissions_EastAveburyToWestA509.13,electric,1.12,0.0,0.0,0.0,0.0,0.0,0.0,0.0
EastAveburyToWestA509.14,319.0,483_1,0.0,0.0,0.0,583.0,774_0,29.75,14.13,264.0,2307.67,42.0,5,0.0,102.38,0,tripinfo_EastAveburyToWestA509.14 emissions_EastAveburyToWestA509.14,electric,1.07,0.0,0.0,0.0,0.0,0.0,0.0,0.0
EastAveburyToWestA509.11,293.0,483_1,0.0,0.0,0.0,585.0,774_0,29.75,14.78,292.0,2241.68,89.0,7,0.0,142.16,0,tripinfo_EastAveburyToWestA509.11 emissions_EastAveburyToWestA509.11,electric,1.1,0.0,0.0,0.0,0.0,0.0,0.0,0.0
WestH6ToSaxonSt.25,300.0,524_0,0.0,0.0,0.0,585.0,771_1,56.88,13.1,285.0,2767.88,36.0,4,0.0,83.44,0,tripinfo_WestH6ToSaxonSt.25 emissions_WestH6ToSaxonSt.25,gasoline_euro4,1.02,16903.117999,879053.462099,96.481414,15.226006,354.179443,280380.227041,0.0
WestH6ToSaxonSt.22,264.0,524_0,0.0,0.0,0.0,587.0,771_1,56.88,13.31,323.0,2767.87,70.0,4,0.0,119.92,0,tripinfo_WestH6ToSaxonSt.22 emissions_WestH6ToSaxonSt.22,gasoline_euro4,1.01,22483.895289,964545.843229,124.001985,17.266897,392.900323,307650.479624,0.0
EastAveburyToWestA509.17,344.0,483_0,0.0,0.0,0.0,587.0,774_0,29.75,15.74,243.0,2254.69,54.0,2,0.0,98.23,0,tripinfo_EastAveburyToWestA509.17 emissions_EastAveburyToWestA509.17,gasoline_euro4,1.14,18709.312121,828823.864701,103.815705,15.530955,340.714487,264359.610923,0.0
EastAveburyToWestA509.10,285.0,483_0,0.0,0.0,0.0,590.0,774_0,29.75,14.08,305.0,2265.77,107.0,3,0.0,154.32,0,tripinfo_EastAveburyToWestA509.10 emissions_EastAveburyToWestA509.10,electric,1.1,0.0,0.0,0.0,0.0,0.0,0.0,0.0
EastAveburyToWestA509.16,336.0,483_0,0.0,0.0,0.0,592.0,774_0,29.75,14.61,256.0,2257.77,57.0,4,0.0,107.48,0,tripinfo_EastAveburyToWestA509.16 emissions_EastAveburyToWestA509.16,gasoline_euro4,1.11,19527.467502,827732.928604,107.405123,15.532939,340.682126,264012.129531,0.0
V6ToEastH6.39,468.0,468_1,0.0,0.0,0.0,595.0,522_1,56.88,12.3,127.0,1512.23,0.0,0,0.0,13.38,0,tripinfo_V6ToEastH6.39 emissions_V6ToEastH6.39,electric,0.96,0.0,0.0,0.0,0.0,0.0,0.0,0.0
WestA509ToAvebury.7,126.0,773_0,0.0,0.0,0.0,599.0,213_0,19.13,10.74,473.0,2288.83,235.0,4,0.0,277.38,0,tripinfo_WestA509ToAvebury.7 emissions_WestA509ToAvebury.7,electric,0.85,0.0,0.0,0.0,0.0,0.0,0.0,0.0
WestA509ToEastH6.8,288.0,773_0,0.0,0.0,0.0,600.0,522_0,56.88,11.91,312.0,2754.9,66.0,1,0.0,94.95,0,tripinfo_WestA509ToEastH6.8 emissions_WestA509ToEastH6.8,gasoline_euro4,0.92,18010.921814,805352.643018,99.966895,13.258964,320.088776,256875.335375,0.0
V6ToEastH6.40,480.0,468_1,0.0,0.0,0.0,601.0,522_1,56.88,13.85,121.0,1512.23,1.0,1,0.0,20.48,0,tripinfo_V6ToEastH6.40 emissions_V6ToEastH6.40,gasoline_euro4,1.09,5154.415296,401909.197755,32.319542,6.702337,158.472668,128190.477319,0.0
SouthEvansGateToSilbury.22,396.0,526_0,0.0,0.0,0.0,608.0,215_1,19.43,13.62,212.0,1477.63,71.0,3,0.0,103.55,0,tripinfo_SouthEvansGateToSilbury.22 emissions_SouthEvansGateToSilbury.22,electric,0.98,0.0,0.0,0.0,0.0,0.0,0.0,0.0
SouthEvansGateToSilbury.21,378.0,526_0,0.0,0.0,0.0,610.0,215_1,19.43,13.16,232.0,1477.52,94.0,2,0.0,124.43,0,tripinfo_SouthEvansGateToSilbury.21 emissions_SouthEvansGateToSilbury.21,electric,0.99,0.0,0.0,0.0,0.0,0.0,0.0,0.0
WestH6ToSaxonSt.21,252.0,524_0,0.0,0.0,0.0,613.0,771_0,56.88,12.9,361.0,2613.57,131.0,2,0.0,163.65,0,tripinfo_WestH6ToSaxonSt.21 emissions_WestH6ToSaxonSt.21,electric,0.97,0.0,0.0,0.0,0.0,0.0,0.0,0.0
EastAveburyToWestA509.9,276.0,483_0,0.0,0.0,0.0,613.0,774_0,29.75,11.82,337.0,2257.8,109.0,3,0.0,146.0,0,tripinfo_EastAveburyToWestA509.9 emissions_EastAveburyToWestA509.9,gasoline_euro4,0.87,26884.483511,891087.856368,142.828915,16.560651,369.340109,284223.566788,0.0
WestH6ToSaxonSt.26,312.0,524_0,0.0,0.0,0.0,616.0,771_0,56.88,13.33,304.0,2613.57,75.0,2,0.0,113.94,0,tripinfo_WestH6ToSaxonSt.26 emissions_WestH6ToSaxonSt.26,electric,1.01,0.0,0.0,0.0,0.0,0.0,0.0,0.0
EastAveburyToWestA509.4,234.0,483_1,0.0,0.0,0.0,618.0,774_0,29.75,12.37,384.0,2328.56,141.0,5,0.0,196.31,0,tripinfo_EastAveburyToWestA509.4 emissions_EastAveburyToWestA509.4,gasoline_euro4,0.92,34486.967917,1050203.384368,180.872892,20.365988,440.688438,334976.196425,0.0
WestH6ToSaxonSt.24,288.0,524_0,0.0,0.0,0.0,618.0,771_0,56.88,13.44,330.0,2602.65,98.0,3,0.0,142.23,0,tripinfo_WestH6ToSaxonSt.24 emissions_WestH6ToSaxonSt.24,electric,1.0,0.0,0.0,0.0,0.0,0.0,0.0,0.0
EastA509ToH6.19,342.0,770_0,0.0,0.0,0.0,621.0,522_0,56.88,12.6,279.0,1483.64,135.0,3,0.0,164.92,0,tripinfo_EastA509ToH6.19 emissions_EastA509ToH6.19,electric,0.94,0.0,0.0,0.0,0.0,0.0,0.0,0.0
EastAveburyToWestA509.6,251.0,483_1,0.0,0.0,0.0,622.0,774_0,29.75,11.51,371.0,2328.55,116.0,5,0.0,178.82,0,tripinfo_EastAveburyToWestA509.6 emissions_EastAveburyToWestA509.6,gasoline_euro4,0.91,31738.988443,1020284.784225,168.069452,19.609796,428.111759,325432.294628,0.0
EastA509ToH6.20,360.0,770_0,0.0,0.0,0.0,624.0,522_0,56.88,13.27,264.0,1483.64,124.0,2,0.0,152.76,0,tripinfo_EastA509ToH6.20 emissions_EastA509ToH6.20,electric,0.96,0.0,0.0,0.0,0.0,0.0,0.0,0.0
EastA509ToH6.18,324.0,770_0,0.0,0.0,0.0,625.0,522_1,56.88,13.25,301.0,1483.82,154.0,4,0.0,195.26,0,tripinfo_EastA509ToH6.18 emissions_EastA509ToH6.18,electric,1.02,0.0,0.0,0.0,0.0,0.0,0.0,0.0
WestA509ToAvebury.17,306.0,773_0,0.0,0.0,0.0,629.0,213_1,19.13,13.53,323.0,2336.43,124.0,3,0.0,158.37,0,tripinfo_WestA509ToAvebury.17 emissions_WestA509ToAvebury.17,gasoline_euro4,1.03,27906.863329,916483.543315,147.681705,17.432704,379.299454,292323.626641,0.0
SouthEvansGateToSilbury.18,324.0,526_0,0.0,0.0,0.0,629.0,215_1,19.43,14.91,305.0,1471.7,176.0,4,0.0,210.19,0,tripinfo_SouthEvansGateToSilbury.18 emissions_SouthEvansGateToSilbury.18,gasoline_euro4,1.12,36018.811057,914227.834331,185.005491,19.555768,394.224049,291606.772743,0.0
SouthEvansGateToSilbury.19,342.0,526_0,0.0,0.0,0.0,630.0,215_0,19.43,14.41,288.0,1471.74,152.0,5,0.0,193.42,0,tripinfo_SouthEvansGateToSilbury.19 emissions_SouthEvansGateToSilbury.19,gasoline_euro4,1.13,32851.63144,868362.673084,169.67421,18.499754,374.312101,276976.598239,0.0
WestA509ToAvebury.20,360.0,773_0,0.0,0.0,0.0,630.0,213_0,19.13,13.42,270.0,2337.25,63.0,3,0.0,100.61,0,tripinfo_WestA509ToAvebury.20 emissions_WestA509ToAvebury.20,gasoline_euro4,1.0,18572.262672,763738.173765,101.731669,13.722773,310.814808,243601.583027,0.0
SouthEvansGateToSilbury.23,414.0,526_0,0.0,0.0,0.0,632.0,215_1,19.43,15.02,218.0,1471.73,90.0,3,0.0,120.79,0,tripinfo_SouthEvansGateToSilbury.23 emissions_SouthEvansGateToSilbury.23,gasoline_euro4,1.1,20910.033458,656667.748731,109.948715,13.007125,274.94786,209452.152796,0.0
WestA509ToAvebury.19,342.0,773_0,0.0,0.0,0.0,636.0,213_0,19.13,9.26,294.0,2337.25,31.0,2,0.0,61.79,0,tripinfo_WestA509ToAvebury.19 emissions_WestA509ToAvebury.19,gasoline_euro4,0.73,14176.534185,634841.067557,79.040571,9.748201,251.450953,202489.501701,0.0
V6ToEastH6.41,492.0,468_1,0.0,0.0,0.0,636.0,522_0,56.88,11.5,144.0,1512.23,0.0,0,0.0,13.23,0,tripinfo_V6ToEastH6.41 emissions_V6ToEastH6.41,electric,0.84,0.0,0.0,0.0,0.0,0.0,0.0,0.0
V6ToEastH6.42,504.0,468_1,0.0,0.0,0.0,636.0,522_1,56.88,13.63,132.0,1512.23,0.0,0,0.0,21.9,0,tripinfo_V6ToEastH6.42 emissions_V6ToEastH6.42,electric,0.99,0.0,0.0,0.0,0.0,0.0,0.0,0.0
EastA509ToH6.21,378.0,770_0,0.0,0.0,0.0,638.0,522_0,56.88,13.84,260.0,1483.82,113.0,5,0.0,160.16,0,tripinfo_EastA509ToH6.21 emissions_EastA509ToH6.21,electric,1.08,0.0,0.0,0.0,0.0,0.0,0.0,0.0
V6ToEastH6.43,516.0,468_1,0.0,0.0,0.0,642.0,522_1,56.88,13.2,126.0,1512.23,0.0,0,0.0,11.82,0,tripinfo_V6ToEastH6.43 emissions_V6ToEastH6.43,electric,0.96,0.0,0.0,0.0,0.0,0.0,0.0,0.0
EastA509ToH6.16,288.0,770_0,0.0,0.0,0.0,645.0,522_0,56.88,13.47,357.0,1483.82,205.0,4,0.0,249.01,0,tripinfo_EastA509ToH6.16 emissions_EastA509ToH6.16,electric,0.99,0.0,0.0,0.0,0.0,0.0,0.0,0.0
V6ToEastH6.44,528.0,468_1,0.0,0.0,0.0,648.0,522_1,56.88,13.81,120.0,1512.23,0.0,0,0.0,12.08,0,tripinfo_V6ToEastH6.44 emissions_V6ToEastH6.44,electric,1.01,0.0,0.0,0.0,0.0,0.0,0.0,0.0
WestA509ToEastH6.9,324.0,773_1,0.0,0.0,0.0,659.0,522_1,56.88,12.93,335.0,3082.3,64.0,1,0.0,99.62,0,tripinfo_WestA509ToEastH6.9 emissions_WestA509ToEastH6.9,electric,0.96,0.0,0.0,0.0,0.0,0.0,0.0,0.0
WestA509ToEastH6.10,360.0,773_1,0.0,0.0,0.0,661.0,522_1,56.88,14.41,301.0,3082.3,31.0,1,0.0,83.54,0,tripinfo_WestA509ToEastH6.10 emissions_WestA509ToEastH6.10,electric,1.04,0.0,0.0,0.0,0.0,0.0,0.0,0.0
WestH6ToSaxonSt.27,324.0,524_0,0.0,0.0,0.0,669.0,771_1,56.88,13.27,345.0,2767.85,87.0,4,0.0,140.85,0,tripinfo_WestH6ToSaxonSt.27 emissions_WestH6ToSaxonSt.27,gasoline_euro4,1.01,26045.482187,1022074.033725,141.396429,18.741687,419.321625,326000.481746,0.0
EastAveburyToWestA509.20,370.0,483_0,0.0,0.0,0.0,670.0,774_0,29.75,15.97,300.0,2257.79,114.0,4,0.0,159.76,0,tripinfo_EastAveburyToWestA509.20 emissions_EastAveburyToWestA509.20,electric,1.18,0.0,0.0,0.0,0.0,0.0,0.0,0.0
V6ToEastH6.45,540.0,468_1,0.0,0.0,0.0,671.0,522_1,56.88,12.16,131.0,1512.23,0.0,0,0.0,13.4,0,tripinfo_V6ToEastH6.45 emissions_V6ToEastH6.45,electric,0.93,0.0,0.0,0.0,0.0,0.0,0.0,0.0
WestH6ToSaxonSt.29,348.0,524_0,0.0,0.0,0.0,672.0,771_1,56.88,12.91,324.0,2767.88,63.0,4,0.0,117.68,0,tripinfo_WestH6ToSaxonSt.29 emissions_WestH6ToSaxonSt.29,gasoline_euro4,1.0,22564.065481,943645.529963,124.203861,17.399162,388.627932,300983.895349,0.0
EastAveburyToWestA509.19,361.0,483_0,0.0,0.0,0.0,676.0,774_1,29.75,15.1,315.0,2257.77,123.0,3,0.0,168.58,0,tripinfo_EastAveburyToWestA509.19 emissions_EastAveburyToWestA509.19,electric,1.12,0.0,0.0,0.0,0.0,0.0,0.0,0.0
EastAveburyToWestA509.18,353.0,483_1,0.0,0.0,0.0,679.0,774_0,29.75,12.87,326.0,2241.69,103.0,4,0.0,154.67,0,tripinfo_EastAveburyToWestA509.18 emissions_EastAveburyToWestA509.18,electric,0.97,0.0,0.0,0.0,0.0,0.0,0.0,0.0
V6ToEastH6.46,552.0,468_1,0.0,0.0,0.0,679.0,522_1,56.88,12.94,127.0,1512.23,0.0,0,0.0,15.42,0,tripinfo_V6ToEastH6.46 emissions_V6ToEastH6.46,gasoline_euro4,0.98,4378.812949,379614.052029,28.219881,5.840136,147.380008,121079.588326,0.0
EastAveburyToWestA509.21,378.0,483_0,0.0,0.0,0.0,680.0,774_0,29.75,14.59,302.0,2254.71,104.0,3,0.0,158.24,0,tripinfo_EastAveburyToWestA509.21 emissions_EastAveburyToWestA509.21,gasoline_euro4,1.14,27451.110181,944783.355856,146.386072,18.720778,396.770122,301348.415996,0.0
V6ToEastH6.47,564.0,468_1,0.0,0.0,0.0,681.0,522_1,56.88,15.09,117.0,1512.23,0.0,0,0.0,19.94,0,tripinfo_V6ToEastH6.47 emissions_V6ToEastH6.47,gasoline_euro4,1.13,4588.107769,401443.607309,29.732809,6.587561,157.452915,128041.7676,0.0
WestA509ToAvebury.11,198.0,773_0,0.0,0.0,0.0,683.0,213_0,19.13,12.76,485.0,2286.79,278.0,4,0.0,310.9,0,tripinfo_WestA509ToAvebury.11 emissions_WestA509ToAvebury.11,electric,0.96,0.0,0.0,0.0,0.0,0.0,0.0,0.0
WestA509ToAvebury.12,216.0,773_0,0.0,0.0,0.0,684.0,213_0,19.13,14.52,468.0,2288.83,274.0,5,0.0,323.35,0,tripinfo_WestA509ToAvebury.12 emissions_WestA509ToAvebury.12,electric,1.15,0.0,0.0,0.0,0.0,0.0,0.0,0.0
EastAveburyToWestA509.29,446.0,483_0,0.0,0.0,0.0,687.0,774_1,29.75,13.84,241.0,2257.79,39.0,2,0.0,81.39,0,tripinfo_EastAveburyToWestA509.29 emissions_EastAveburyToWestA509.29,electric,1.03,0.0,0.0,0.0,0.0,0.0,0.0,0.0
EastAveburyToWestA509.22,387.0,483_0,0.0,0.0,0.0,688.0,774_0,29.75,12.68,301.0,2254.73,84.0,2,0.0,121.23,0,tripinfo_EastAveburyToWestA509.22 emissions_EastAveburyToWestA509.22,gasoline_euro4,0.91,22248.083961,818931.102297,119.799122,14.785205,335.829919,261207.195755,0.0
EastAveburyToWestA509.24,404.0,483_1,0.0,0.0,0.0,691.0,774_0,29.75,12.41,287.0,2309.99,57.0,5,0.0,106.81,0,tripinfo_EastAveburyToWestA509.24 emissions_EastAveburyToWestA509.24,electric,0.96,0.0,0.0,0.0,0.0,0.0,0.0,0.0
SouthEvansGateToSilbury.25,450.0,526_0,0.0,0.0,0.0,698.0,215_1,19.43,10.44,248.0,1477.55,94.0,3,0.0,118.51,0,tripinfo_SouthEvansGateToSilbury.25 emissions_SouthEvansGateToSilbury.25,electric,0.83,0.0,0.0,0.0,0.0,0.0,0.0,0.0
WestH6ToSaxonSt.30,360.0,524_0,0.0,0.0,0.0,699.0,771_0,56.88,14.79,339.0,2609.14,124.0,2,0.0,160.62,0,tripinfo_WestH6ToSaxonSt.30 emissions_WestH6ToSaxonSt.30,electric,1.07,0.0,0.0,0.0,0.0,0.0,0.0,0.0
SouthEvansGateToSilbury.29,522.0,526_0,0.0,0.0,0.0,699.0,215_1,19.43,12.98,177.0,1477.55,49.0,2,0.0,79.59,0,tripinfo_SouthEvansGateToSilbury.29 emissions_SouthEvansGateToSilbury.29,gasoline_euro4,1.1,14048.835802,531583.502313,76.17888,10.291055,221.785478,169553.464717,0.0
EastAveburyToWestA509.7,259.0,483_1,0.0,0.0,0.0,701.0,774_0,29.75,12.04,442.0,2219.9,221.0,5,0.0,262.3,0,tripinfo_EastAveburyToWestA509.7 emissions_EastAveburyToWestA509.7,electric,0.89,0.0,0.0,0.0,0.0,0.0,0.0,0.0
SouthEvansGateToSilbury.24,432.0,526_0,0.0,0.0,0.0,701.0,215_1,19.43,11.71,269.0,1477.59,121.0,2,0.0,149.27,0,tripinfo_SouthEvansGateToSilbury.24 emissions_SouthEvansGateToSilbury.24,electric,0.89,0.0,0.0,0.0,0.0,0.0,0.0,0.0
WestH6ToSaxonSt.28,336.0,524_0,0.0,0.0,0.0,703.0,771_0,56.88,13.04,367.0,2613.57,133.0,3,0.0,166.65,0,tripinfo_WestH6ToSaxonSt.28 emissions_WestH6ToSaxonSt.28,electric,0.95,0.0,0.0,0.0,0.0,0.0,0.0,0.0
SouthEvansGateToSilbury.28,504.0,526_0,0.0,0.0,0.0,703.0,215_1,19.43,14.84,199.0,1477.52,56.0,2,0.0,100.65,0,tripinfo_SouthEvansGateToSilbury.28 emissions_SouthEvansGateToSilbury.28,gasoline_euro4,1.09,16494.654309,599658.957489,88.999425,11.580918,250.929602,191267.168053,0.0
V6ToEastH6.48,576.0,468_1,0.0,0.0,0.0,703.0,522_1,56.88,13.35,127.0,1512.23,0.0,0,0.0,13.11,0,tripinfo_V6ToEastH6.48 emissions_V6ToEastH6.48,electric,0.96,0.0,0.0,0.0,0.0,0.0,0.0,0.0
WestH6ToSaxonSt.32,384.0,524_0,0.0,0.0,0.0,705.0,771_0,56.88,13.71,321.0,2608.48,101.0,4,0.0,139.33,0,tripinfo_WestH6ToSaxonSt.32 emissions_WestH6ToSaxonSt.32,electric,1.05,0.0,0.0,0.0,0.0,0.0,0.0,0.0
SouthEvansGateToSilbury.30,540.0,526_0,0.0,0.0,0.0,705.0,215_1,19.43,15.72,165.0,1477.59,52.0,1,0.0,70.56,0,tripinfo_SouthEvansGateToSilbury.30 emissions_SouthEvansGateToSilbury.30,gasoline_euro4,1.14,13242.891338,518729.698566,71.548553,9.723131,211.906395,165453.731946,0.0
WestH6ToSaxonSt.31,372.0,524_0,0.0,0.0,0.0,707.0,771_0,56.88,14.06,335.0,2602.65,108.0,4,0.0,160.08,0,tripinfo_WestH6ToSaxonSt.31 emissions_WestH6ToSaxonSt.31,electric,1.08,0.0,0.0,0.0,0.0,0.0,0.0,0.0
EastA509ToH6.24,432.0,770_0,0.0,0.0,0.0,708.0,522_0,56.88,12.35,276.0,1483.64,134.0,3,0.0,165.51,0,tripinfo_EastA509ToH6.24 emissions_EastA509ToH6.24,electric,0.97,0.0,0.0,0.0,0.0,0.0,0.0,0.0
V6ToEastH6.49,588.0,468_1,0.0,0.0,0.0,715.0,522_1,56.88,13.06,127.0,1512.23,0.0,0,0.0,15.14,0,tripinfo_V6ToEastH6.49 emissions_V6ToEastH6.49,electric,0.98,0.0,0.0,0.0,0.0,0.0,0.0,0.0
V6ToEastH6.50,600.0,468_1,0.0,0.0,0.0,716.0,522_1,56.88,14.5,116.0,1512.23,0.0,0,0.0,15.05,0,tripinfo_V6ToEastH6.50 emissions_V6ToEastH6.50,electric,1.08,0.0,0.0,0.0,0.0,0.0,0.0,0.0
WestA509ToAvebury.23,414.0,773_0,0.0,0.0,0.0,718.0,213_1,19.13,14.12,304.0,2337.28,103.0,4,0.0,147.13,0,tripinfo_WestA509ToAvebury.23 emissions_WestA509ToAvebury.23,gasoline_euro4,1.08,26068.128072,916753.357649,139.322739,17.633658,380.584698,292408.260032,0.0
SouthEvansGateToSilbury.26,468.0,526_0,0.0,0.0,0.0,718.0,215_1,19.43,14.37,250.0,1471.73,126.0,3,0.0,153.6,0,tripinfo_SouthEvansGateToSilbury.26 emissions_SouthEvansGateToSilbury.26,gasoline_euro4,1.1,26420.944563,743115.912073,136.881039,15.062168,312.979441,237027.221598,0.0
WestA509ToAvebury.26,468.0,773_0,0.0,0.0,0.0,718.0,213_0,19.13,14.06,250.0,2337.27,47.0,1,0.0,86.2,0,tripinfo_WestA509ToAvebury.26 emissions_WestA509ToAvebury.26,gasoline_euro4,1.04,15883.217421,722913.667861,88.474701,12.870406,293.032646,230579.263257,0.0
WestA509ToAvebury.24,432.0,773_0,0.0,0.0,0.0,720.0,213_0,19.13,14.19,288.0,2337.3,82.0,4,0.0,132.1,0,tripinfo_WestA509ToAvebury.24 emissions_WestA509ToAvebury.24,gasoline_euro4,1.1,23200.705687,870768.640707,125.335528,16.615049,360.503681,277740.124605,0.0
EastA509ToH6.25,450.0,770_0,0.0,0.0,0.0,723.0,522_1,56.88,14.59,273.0,1483.8,122.0,4,0.0,171.76,0,tripinfo_EastA509ToH6.25 emissions_EastA509ToH6.25,gasoline_euro4,1.06,28334.564736,794294.38204,147.314491,16.358215,339.434643,253350.981974,0.0
EastA509ToH6.22,396.0,770_0,0.0,0.0,0.0,724.0,522_0,56.88,12.05,328.0,1483.75,167.0,5,0.0,208.4,0,tripinfo_EastA509ToH6.22 emissions_EastA509ToH6.22,electric,0.9,0.0,0.0,0.0,0.0,0.0,0.0,0.0
EastA509ToH6.23,414.0,770_0,0.0,0.0,0.0,725.0,522_1,56.88,14.32,311.0,1483.82,142.0,5,0.0,210.13,0,tripinfo_EastA509ToH6.23 emissions_EastA509ToH6.23,gasoline_euro4,1.06,34013.410481,900270.393882,175.487983,18.970139,387.540289,287154.147102,0.0
V6ToEastH6.51,612.0,468_1,0.0,0.0,0.0,730.0,522_1,56.88,13.92,118.0,1512.23,0.0,0,0.0,13.02,0,tripinfo_V6ToEastH6.51 emissions_V6ToEastH6.51,electric,1.04,0.0,0.0,0.0,0.0,0.0,0.0,0.0
EastA509ToH6.27,486.0,770_0,0.0,0.0,0.0,734.0,522_0,56.88,14.71,248.0,1483.69,108.0,4,0.0,147.99,0,tripinfo_EastA509ToH6.27 emissions_EastA509ToH6.27,gasoline_euro4,1.07,25321.235478,721417.608037,131.503012,14.561657,305.031553,230106.060928,0.0
V6ToEastH6.52,624.0,468_1,0.0,0.0,0.0,739.0,522_1,56.88,15.34,115.0,1512.23,0.0,0,0.0,18.5,0,tripinfo_V6ToEastH6.52 emissions_V6ToEastH6.52,gasoline_euro4,1.14,5005.649321,411249.557701,31.441161,6.812408,160.655511,131169.482484,0.0
WestA509ToEastH6.12,432.0,773_1,0.0,0.0,0.0,742.0,522_1,56.88,14.34,310.0,3082.3,55.0,2,0.0,101.59,0,tripinfo_WestA509ToEastH6.12 emissions_WestA509ToEastH6.12,electric,1.08,0.0,0.0,0.0,0.0,0.0,0.0,0.0
WestA509ToEastH6.13,468.0,773_1,0.0,0.0,0.0,752.0,522_1,56.88,13.0,284.0,3082.3,18.0,2,0.0,58.97,0,tripinfo_WestA509ToEastH6.13 emissions_WestA509ToEastH6.13,electric,1.0,0.0,0.0,0.0,0.0,0.0,0.0,0.0
EastAveburyToWestA509.34,489.0,483_1,0.0,0.0,0.0,755.0,774_0,29.75,13.69,266.0,2311.97,46.0,4,0.0,91.54,0,tripinfo_EastAveburyToWestA509.34 emissions_EastAveburyToWestA509.34,electric,1.0,0.0,0.0,0.0,0.0,0.0,0.0,0.0
WestH6ToSaxonSt.34,408.0,524_0,0.0,0.0,0.0,757.0,771_1,56.88,11.89,349.0,2574.97,100.0,4,0.0,143.69,0,tripinfo_WestH6ToSaxonSt.34 emissions_WestH6ToSaxonSt.34,gasoline_euro4,0.92,26217.963369,926003.115079,140.517695,16.75238,379.75742,295359.686577,0.0
EastAveburyToWestA509.37,514.0,483_1,0.0,0.0,0.0,758.0,774_0,29.75,15.76,244.0,2238.62,38.0,6,0.0,100.63,0,tripinfo_EastAveburyToWestA509.37 emissions_EastAveburyToWestA509.37,electric,1.15,0.0,0.0,0.0,0.0,0.0,0.0,0.0
EastAveburyToWestA509.38,523.0,483_1,0.0,0.0,0.0,761.0,774_0,29.75,15.43,238.0,2312.8,14.0,3,0.0,86.36,0,tripinfo_EastAveburyToWestA509.38 emissions_EastAveburyToWestA509.38,electric,1.13,0.0,0.0,0.0,0.0,0.0,0.0,0.0
V6ToEastH6.53,636.0,468_1,0.0,0.0,0.0,763.0,522_1,56.88,13.6,127.0,1512.23,0.0,0,0.0,24.6,0,tripinfo_V6ToEastH6.53 emissions_V6ToEastH6.53,electric,1.07,0.0,0.0,0.0,0.0,0.0,0.0,0.0
WestH6ToSaxonSt.33,396.0,524_0,0.0,0.0,0.0,764.0,771_1,56.88,11.92,368.0,2767.88,100.0,4,0.0,148.03,0,tripinfo_WestH6ToSaxonSt.33 emissions_WestH6ToSaxonSt.33,gasoline_euro4,0.94,27883.891891,1040171.69886,150.444395,18.978029,427.72716,331773.883794,0.0
WestH6ToSaxonSt.41,492.0,524_0,0.0,0.0,0.0,766.0,771_1,56.88,15.82,274.0,2574.97,51.0,4,0.0,109.06,0,tripinfo_WestH6ToSaxonSt.41 emissions_WestH6ToSaxonSt.41,gasoline_euro4,1.15,18307.750066,830383.183058,101.959054,15.021426,337.906224,264857.329322,0.0
EastAveburyToWestA509.35,497.0,483_1,0.0,0.0,0.0,766.0,774_0,29.75,14.04,269.0,2241.68,48.0,5,0.0,106.47,0,tripinfo_EastAveburyToWestA509.35 emissions_EastAveburyToWestA509.35,electric,1.02,0.0,0.0,0.0,0.0,0.0,0.0,0.0
EastAveburyToWestA509.33,480.0,483_0,0.0,0.0,0.0,768.0,774_0,29.75,15.25,288.0,2257.79,94.0,4,0.0,138.0,0,tripinfo_EastAveburyToWestA509.33 emissions_EastAveburyToWestA509.33,gasoline_euro4,1.1,24583.950822,883040.972036,131.969964,17.089449,367.021917,281654.92297,0.0
WestA509ToAvebury.13,234.0,773_0,0.0,0.0,0.0,772.0,213_0,19.13,11.57,538.0,2288.83,287.0,7,0.0,338.45,0,tripinfo_WestA509ToAvebury.13 emissions_WestA509ToAvebury.13,electric,0.83,0.0,0.0,0.0,0.0,0.0,0.0,0.0
EastSilburyToEastAvebury.0,400.0,317_0,0.0,0.0,0.0,774.0,213_0,19.13,13.73,374.0,680.92,272.0,8,0.0,329.43,0,tripinfo_EastSilburyToEastAvebury.0 emissions_EastSilburyToEastAvebury.0,electric,1.14,0.0,0.0,0.0,0.0,0.0,0.0,0.0
V6ToEastH6.54,648.0,468_1,0.0,0.0,0.0,774.0,522_1,56.88,13.02,126.0,1512.23,0.0,0,0.0,11.96,0,tripinfo_V6ToEastH6.54 emissions_V6ToEastH6.54,gasoline_euro4,0.96,3695.385545,347012.558621,24.243631,4.983981,131.744198,110681.460236,0.0
WestA509ToAvebury.15,270.0,773_0,0.0,0.0,0.0,775.0,213_0,19.13,12.72,505.0,2288.83,279.0,6,0.0,332.14,0,tripinfo_WestA509ToAvebury.15 emissions_WestA509ToAvebury.15,electric,0.96,0.0,0.0,0.0,0.0,0.0,0.0,0.0
WestA509ToEastH6.11,396.0,773_0,0.0,0.0,0.0,777.0,522_0,56.88,13.34,381.0,2755.0,135.0,5,0.0,186.42,0,tripinfo_WestA509ToEastH6.11 emissions_WestA509ToEastH6.11,gasoline_euro4,1.03,32810.035506,1088610.838488,173.949433,20.798177,451.443282,347225.399108,0.0
EastAveburyToWestA509.28,438.0,483_1,0.0,0.0,0.0,777.0,774_2,29.75,14.61,339.0,2215.02,131.0,6,0.0,187.95,0,tripinfo_EastAveburyToWestA509.28 emissions_EastAveburyToWestA509.28,electric,1.07,0.0,0.0,0.0,0.0,0.0,0.0,0.0
V6ToEastH6.55,660.0,468_1,0.0,0.0,0.0,780.0,522_1,56.88,14.58,120.0,1512.23,1.0,1,0.0,21.35,0,tripinfo_V6ToEastH6.55 emissions_V6ToEastH6.55,electric,1.11,0.0,0.0,0.0,0.0,0.0,0.0,0.0
V6ToEastH6.56,672.0,468_1,0.0,0.0,0.0,783.0,522_1,56.88,15.23,111.0,1512.23,0.0,0,0.0,14.38,0,tripinfo_V6ToEastH6.56 emissions_V6ToEastH6.56,electric,1.13,0.0,0.0,0.0,0.0,0.0,0.0,0.0
SouthEvansGateToSilbury.31,558.0,526_0,0.0,0.0,0.0,785.0,215_1,19.43,12.19,227.0,1477.52,89.0,2,0.0,115.89,0,tripinfo_SouthEvansGateToSilbury.31 emissions_SouthEvansGateToSilbury.31,electric,0.96,0.0,0.0,0.0,0.0,0.0,0.0,0.0
WestH6ToSaxonSt.39,468.0,524_0,0.0,0.0,0.0,787.0,771_0,56.88,13.66,319.0,2613.57,92.0,2,0.0,125.01,0,tripinfo_WestH6ToSaxonSt.39 emissions_WestH6ToSaxonSt.39,electric,0.98,0.0,0.0,0.0,0.0,0.0,0.0,0.0
SouthEvansGateToSilbury.32,576.0,526_0,0.0,0.0,0.0,787.0,215_1,19.43,15.67,211.0,1477.52,85.0,2,0.0,125.61,0,tripinfo_SouthEvansGateToSilbury.32 emissions_SouthEvansGateToSilbury.32,gasoline_euro4,1.26,21149.03147,689679.285864,112.20131,14.162444,292.931023,219980.498864,0.0
SouthEvansGateToSilbury.33,594.0,526_0,0.0,0.0,0.0,788.0,215_1,19.43,13.11,194.0,1477.63,59.0,2,0.0,86.18,0,tripinfo_SouthEvansGateToSilbury.33 emissions_SouthEvansGateToSilbury.33,electric,0.99,0.0,0.0,0.0,0.0,0.0,0.0,0.0
EastAveburyToWestA509.15,327.0,483_1,0.0,0.0,0.0,789.0,774_2,29.75,12.79,462.0,2218.4,239.0,7,0.0,301.39,0,tripinfo_EastAveburyToWestA509.15 emissions_EastAveburyToWestA509.15,electric,1.0,0.0,0.0,0.0,0.0,0.0,0.0,0.0
WestH6ToSaxonSt.35,420.0,524_0,0.0,0.0,0.0,789.0,771_0,56.88,13.05,369.0,2603.34,145.0,3,0.0,186.17,0,tripinfo_WestH6ToSaxonSt.35 emissions_WestH6ToSaxonSt.35,electric,1.03,0.0,0.0,0.0,0.0,0.0,0.0,0.0
WestH6ToSaxonSt.42,504.0,524_0,0.0,0.0,0.0,791.0,771_0,56.88,16.07,287.0,2601.44,85.0,2,0.0,135.09,0,tripinfo_WestH6ToSaxonSt.42 emissions_WestH6ToSaxonSt.42,electric,1.24,0.0,0.0,0.0,0.0,0.0,0.0,0.0
EastAveburyToWestA509.25,412.0,483_1,0.0,0.0,0.0,792.0,774_0,29.75,13.24,380.0,2328.54,153.0,7,0.0,212.29,0,tripinfo_EastAveburyToWestA509.25 emissions_EastAveburyToWestA509.25,gasoline_euro4,1.03,37068.422835,1125730.519572,194.454517,22.682002,477.208603,359065.640885,0.0
WestH6ToSaxonSt.38,456.0,524_0,0.0,0.0,0.0,793.0,771_0,56.88,14.87,337.0,2602.68,110.0,4,0.0,166.99,0,tripinfo_WestH6ToSaxonSt.38 emissions_WestH6ToSaxonSt.38,electric,1.11,0.0,0.0,0.0,0.0,0.0,0.0,0.0
EastA509ToH6.26,468.0,770_0,0.0,0.0,0.0,800.0,522_1,56.88,13.23,332.0,1483.77,188.0,4,0.0,221.89,0,tripinfo_EastA509ToH6.26 emissions_EastA509ToH6.26,gasoline_euro4,0.97,38067.395451,938773.749685,194.934156,19.855177,404.96014,299436.940314,0.0
EastA509ToH6.29,522.0,770_0,0.0,0.0,0.0,800.0,522_0,56.88,11.93,278.0,1483.64,126.0,3,0.0,157.21,0,tripinfo_EastA509ToH6.29 emissions_EastA509ToH6.29,electric,0.88,0.0,0.0,0.0,0.0,0.0,0.0,0.0
EastA509ToH6.28,504.0,770_0,0.0,0.0,0.0,802.0,522_0,56.88,14.4,298.0,1483.8,147.0,4,0.0,194.74,0,tripinfo_EastA509ToH6.28 emissions_EastA509ToH6.28,electric,1.04,0.0,0.0,0.0,0.0,0.0,0.0,0.0
EastA509ToH6.30,540.0,770_0,0.0,0.0,0.0,802.0,522_1,56.88,14.4,262.0,1483.82,106.0,6,0.0,165.44,0,tripinfo_EastA509ToH6.30 emissions_EastA509ToH6.30,gasoline_euro4,1.11,28038.351622,829544.895864,146.945128,17.503184,357.824077,264593.100523,0.0
EastSilburyToEastAvebury.4,464.0,317_0,0.0,0.0,0.0,806.0,213_0,19.13,13.87,342.0,2473.2,119.0,6,0.0,163.92,0,tripinfo_EastSilburyToEastAvebury.4 emissions_EastSilburyToEastAvebury.4,gasoline_euro4,1.02,29427.757299,986570.587551,155.938372,18.600948,407.487081,314678.495451,0.0
WestA509ToAvebury.27,486.0,773_0,0.0,0.0,0.0,806.0,213_1,19.13,14.25,320.0,2336.43,127.0,3,0.0,160.03,0,tripinfo_WestA509ToAvebury.27 emissions_WestA509ToAvebury.27,gasoline_euro4,1.07,28503.25655,927696.508929,150.459652,17.775872,383.922189,295900.152996,0.0
SouthEvansGateToSilbury.27,486.0,526_0,0.0,0.0,0.0,807.0,215_1,19.43,12.19,321.0,1471.7,177.0,4,0.0,204.36,0,tripinfo_SouthEvansGateToSilbury.27 emissions_SouthEvansGateToSilbury.27,gasoline_euro4,0.91,35237.771987,855038.085771,180.115816,17.9136,367.865181,272728.679182,0.0
WestA509ToAvebury.30,543.0,773_0,0.0,0.0,3.0,808.0,213_0,19.13,13.39,265.0,2337.3,50.0,4,0.0,96.76,0,tripinfo_WestA509ToAvebury.30 emissions_WestA509ToAvebury.30,gasoline_euro4,1.01,17736.254586,776822.101761,98.111839,13.709298,314.889415,247774.330589,0.0
SouthEvansGateToSilbury.34,612.0,526_0,0.0,0.0,0.0,809.0,215_1,19.43,16.51,197.0,1471.73,67.0,3,0.0,107.47,0,tripinfo_SouthEvansGateToSilbury.34 emissions_SouthEvansGateToSilbury.34,gasoline_euro4,1.19,17870.977863,626918.763775,95.611915,12.351937,262.106259,199962.139181,0.0
V6ToEastH6.57,684.0,468_1,0.0,0.0,0.0,813.0,522_1,56.88,12.26,129.0,1512.23,0.0,0,0.0,14.54,0,tripinfo_V6ToEastH6.57 emissions_V6ToEastH6.57,gasoline_euro4,0.95,4119.2535,354613.968666,26.628731,5.367631,137.366235,113105.834705,0.0
V6ToEastH6.58,696.0,468_1,0.0,0.0,0.0,818.0,522_1,56.88,13.38,122.0,1512.23,0.0,0,0.0,13.79,0,tripinfo_V6ToEastH6.58 emissions_V6ToEastH6.58,electric,1.01,0.0,0.0,0.0,0.0,0.0,0.0,0.0
V6ToEastH6.59,708.0,468_1,0.0,0.0,0.0,841.0,522_1,56.88,12.95,133.0,1512.23,0.0,0,0.0,19.93,0,tripinfo_V6ToEastH6.59 emissions_V6ToEastH6.59,electric,0.96,0.0,0.0,0.0,0.0,0.0,0.0,0.0
EastAveburyToWestA509.48,608.0,483_1,0.0,0.0,0.0,847.0,774_0,29.75,13.5,239.0,2308.5,23.0,3,0.0,70.39,0,tripinfo_EastAveburyToWestA509.48 emissions_EastAveburyToWestA509.48,electric,1.02,0.0,0.0,0.0,0.0,0.0,0.0,0.0
V6ToEastH6.60,720.0,468_1,0.0,0.0,0.0,850.0,522_1,56.88,12.7,130.0,1512.23,0.0,0,0.0,13.5,0,tripinfo_V6ToEastH6.60 emissions_V6ToEastH6.60,electric,0.94,0.0,0.0,0.0,0.0,0.0,0.0,0.0
EastAveburyToWestA509.31,463.0,483_0,0.0,0.0,0.0,851.0,774_0,29.75,14.78,388.0,2265.77,178.0,5,0.0,232.31,0,tripinfo_EastAveburyToWestA509.31 emissions_EastAveburyToWestA509.31,electric,1.07,0.0,0.0,0.0,0.0,0.0,0.0,0.0
WestH6ToSaxonSt.37,444.0,524_0,0.0,0.0,0.0,853.0,771_1,56.88,11.12,409.0,2574.94,136.0,4,0.0,185.05,0,tripinfo_WestH6ToSaxonSt.37 emissions_WestH6ToSaxonSt.37,gasoline_euro4,0.84,32986.817196,995451.264196,173.226074,18.696597,414.652446,317513.160763,0.0
WestH6ToSaxonSt.36,432.0,524_0,0.0,0.0,0.0,854.0,771_1,56.88,12.25,422.0,2767.88,138.0,7,0.0,210.15,0,tripinfo_WestH6ToSaxonSt.36 emissions_WestH6ToSaxonSt.36,gasoline_euro4,0.97,37240.285828,1202738.079903,197.341279,23.519722,506.687603,383627.456126,0.0
EastAveburyToWestA509.44,574.0,483_1,0.0,0.0,0.0,855.0,774_0,29.75,12.75,281.0,2311.97,57.0,4,0.0,100.48,0,tripinfo_EastAveburyToWestA509.44 emissions_EastAveburyToWestA509.44,electric,0.96,0.0,0.0,0.0,0.0,0.0,0.0,0.0
EastAveburyToWestA509.32,472.0,483_0,0.0,0.0,0.0,856.0,774_0,29.75,13.6,384.0,2254.71,160.0,5,0.0,219.8,0,tripinfo_EastAveburyToWestA509.32 emissions_EastAveburyToWestA509.32,gasoline_euro4,1.0,37176.705098,1072031.297501,193.722971,21.523622,453.891138,341938.918185,0.0
WestH6ToSaxonSt.40,480.0,524_0,0.0,0.0,0.0,856.0,771_1,56.88,13.28,376.0,2767.88,102.0,5,0.0,162.31,0,tripinfo_WestH6ToSaxonSt.40 emissions_WestH6ToSaxonSt.40,gasoline_euro4,0.97,29890.080983,1090463.334521,160.980926,20.488257,453.150183,347814.620851,0.0
EastAveburyToWestA509.36,506.0,483_1,0.0,0.0,0.0,856.0,774_1,29.75,15.71,350.0,2219.98,156.0,6,0.0,208.51,0,tripinfo_EastAveburyToWestA509.36 emissions_EastAveburyToWestA509.36,electric,1.14,0.0,0.0,0.0,0.0,0.0,0.0,0.0
WestA509ToEastH6.14,504.0,773_0,0.0,0.0,0.0,863.0,522_0,56.88,12.82,359.0,2754.92,107.0,4,0.0,153.1,0,tripinfo_WestA509ToEastH6.14 emissions_WestA509ToEastH6.14,gasoline_euro4,0.97,27554.984984,999404.387863,148.106394,18.385334,410.597005,318771.119021,0.0
EastAveburyToWestA509.41,548.0,483_0,0.0,0.0,0.0,863.0,774_1,29.75,13.32,315.0,2257.8,106.0,3,0.0,147.73,0,tripinfo_EastAveburyToWestA509.41 emissions_EastAveburyToWestA509.41,gasoline_euro4,0.99,26312.532292,907186.047822,140.087406,16.960146,374.488409,289357.508281,0.0
EastSilburyToEastAvebury.1,416.0,317_0,0.0,0.0,0.0,865.0,213_0,19.13,13.78,449.0,1576.69,276.0,9,0.0,336.21,0,tripinfo_EastSilburyToEastAvebury.1 emissions_EastSilburyToEastAvebury.1,electric,1.03,0.0,0.0,0.0,0.0,0.0,0.0,0.0
EastAveburyToWestA509.30,455.0,483_0,0.0,0.0,0.0,865.0,774_0,29.75,11.29,410.0,2257.77,164.0,5,0.0,221.4,0,tripinfo_EastAveburyToWestA509.30 emissions_EastAveburyToWestA509.30,electric,0.87,0.0,0.0,0.0,0.0,0.0,0.0,0.0
WestA509ToEastH6.15,540.0,773_0,0.0,0.0,0.0,865.0,522_0,56.88,13.46,325.0,2755.0,72.0,5,0.0,129.74,0,tripinfo_WestA509ToEastH6.15 emissions_WestA509ToEastH6.15,gasoline_euro4,1.02,22967.537553,942835.551122,125.679457,17.015014,384.516723,300726.285466,0.0
EastAveburyToWestA509.43,565.0,483_0,0.0,0.0,0.0,867.0,774_0,29.75,14.14,302.0,2261.73,91.0,4,0.0,143.75,0,tripinfo_EastAveburyToWestA509.43 emissions_EastAveburyToWestA509.43,gasoline_euro4,1.04,25140.174265,901443.713966,134.952627,17.49476,377.314526,287524.503271,0.0
SouthEvansGateToSilbury.36,648.0,526_0,0.0,0.0,0.0,872.0,215_1,19.43,13.65,224.0,1477.59,91.0,2,0.0,115.27,0,tripinfo_SouthEvansGateToSilbury.36 emissions_SouthEvansGateToSilbury.36,electric,0.99,0.0,0.0,0.0,0.0,0.0,0.0,0.0
SouthEvansGateToSilbury.38,684.0,526_0,0.0,0.0,0.0,873.0,215_1,19.43,13.52,189.0,1477.59,59.0,1,0.0,83.23,0,tripinfo_SouthEvansGateToSilbury.38 emissions_SouthEvansGateToSilbury.38,electric,1.01,0.0,0.0,0.0,0.0,0.0,0.0,0.0
V6ToEastH6.61,732.0,468_1,0.0,0.0,0.0,877.0,522_0,56.88,10.36,145.0,1512.23,0.0,0,0.0,11.15,0,tripinfo_V6ToEastH6.61 emissions_V6ToEastH6.61,electric,0.82,0.0,0.0,0.0,0.0,0.0,0.0,0.0
V6ToEastH6.63,756.0,468_1,0.0,0.0,0.0,880.0,522_1,56.88,13.6,124.0,1512.23,0.0,0,0.0,14.4,0,tripinfo_V6ToEastH6.63 emissions_V6ToEastH6.63,gasoline_euro4,0.99,3940.063653,359501.844314,25.394155,5.311257,137.521398,114664.821626,0.0
WestH6ToSaxonSt.45,540.0,524_0,0.0,0.0,0.0,881.0,771_0,56.88,14.26,341.0,2609.14,119.0,3,0.0,157.51,0,tripinfo_WestH6ToSaxonSt.45 emissions_WestH6ToSaxonSt.45,electric,1.04,0.0,0.0,0.0,0.0,0.0,0.0,0.0
EastAveburyToWestA509.26,421.0,483_1,0.0,0.0,0.0,884.0,774_0,29.75,13.01,463.0,2328.55,218.0,8,0.0,279.59,0,tripinfo_EastAveburyToWestA509.26 emissions_EastAveburyToWestA509.26,gasoline_euro4,0.94,48337.636533,1273505.741681,249.523135,26.325847,546.084319,406203.64905,0.0
WestH6ToSaxonSt.43,516.0,524_0,0.0,0.0,0.0,886.0,771_0,56.88,12.13,370.0,2608.48,124.0,3,0.0,160.23,0,tripinfo_WestH6ToSaxonSt.43 emissions_WestH6ToSaxonSt.43,electric,0.91,0.0,0.0,0.0,0.0,0.0,0.0,0.0
V6ToEastH6.62,744.0,468_1,0.0,0.0,0.0,886.0,522_0,56.88,11.33,142.0,1512.23,0.0,0,0.0,14.58,0,tripinfo_V6ToEastH6.62 emissions_V6ToEastH6.62,gasoline_euro4,0.86,4419.976112,370396.231243,28.467549,5.067623,140.839404,118140.330368,0.0
EastA509ToH6.32,576.0,770_0,0.0,0.0,0.0,887.0,522_0,56.88,12.77,311.0,1483.69,170.0,4,0.0,200.17,0,tripinfo_EastA509ToH6.32 emissions_EastA509ToH6.32,electric,0.96,0.0,0.0,0.0,0.0,0.0,0.0,0.0
EastA509ToH6.33,594.0,770_0,0.0,0.0,0.0,892.0,522_0,56.88,11.29,298.0,1483.69,144.0,4,0.0,174.53,0,tripinfo_EastA509ToH6.33 emissions_EastA509ToH6.33,electric,0.87,0.0,0.0,0.0,0.0,0.0,0.0,0.0
EastA509ToH6.35,630.0,770_0,0.0,0.0,0.0,892.0,522_1,56.88,14.61,262.0,1483.8,114.0,3,0.0,164.5,0,tripinfo_EastA509ToH6.35 emissions_EastA509ToH6.35,electric,1.1,0.0,0.0,0.0,0.0,0.0,0.0,0.0
WestA509ToAvebury.33,594.0,773_0,0.0,0.0,0.0,893.0,213_1,19.13,16.14,299.0,2336.43,116.0,3,0.0,157.58,0,tripinfo_WestA509ToAvebury.33 emissions_WestA509ToAvebury.33,gasoline_euro4,1.21,27242.162617,928663.590355,144.637116,18.032903,384.350871,296207.526912,0.0
EastA509ToH6.34,612.0,770_0,0.0,0.0,0.0,893.0,522_0,56.88,11.62,281.0,1483.8,123.0,4,0.0,160.96,0,tripinfo_EastA509ToH6.34 emissions_EastA509ToH6.34,gasoline_euro4,0.89,27705.066849,754914.714378,143.64881,15.18643,321.051536,240791.203012,0.0
WestA509ToAvebury.32,579.0,773_0,0.0,0.0,3.0,894.0,213_0,19.13,12.66,315.0,2337.25,107.0,3,0.0,141.03,0,tripinfo_WestA509ToAvebury.32 emissions_WestA509ToAvebury.32,gasoline_euro4,0.98,25292.919787,860594.94517,134.368077,15.883952,353.184761,274497.248053,0.0
SouthEvansGateToSilbury.35,630.0,526_0,0.0,0.0,0.0,894.0,215_1,19.43,12.51,264.0,1471.73,130.0,3,0.0,156.25,0,tripinfo_SouthEvansGateToSilbury.35 emissions_SouthEvansGateToSilbury.35,gasoline_euro4,0.98,27328.656401,747592.129642,141.612226,15.275539,318.274863,238455.261784,0.0
WestH6ToSaxonSt.46,552.0,524_0,0.0,0.0,0.0,896.0,771_0,56.88,11.12,344.0,2603.34,91.0,3,0.0,129.67,0,tripinfo_WestH6ToSaxonSt.46 emissions_WestH6ToSaxonSt.46,electric,0.88,0.0,0.0,0.0,0.0,0.0,0.0,0.0
SouthEvansGateToSilbury.37,666.0,526_0,0.0,0.0,0.0,896.0,215_1,19.43,15.75,230.0,1471.73,103.0,3,0.0,137.46,0,tripinfo_SouthEvansGateToSilbury.37 emissions_SouthEvansGateToSilbury.37,gasoline_euro4,1.15,23345.649143,707292.700385,122.193664,14.239133,298.047244,225599.855841,0.0
WestH6ToSaxonSt.49,588.0,524_0,0.0,0.0,0.0,897.0,771_0,56.88,12.91,309.0,2612.31,72.0,2,0.0,127.2,0,tripinfo_WestH6ToSaxonSt.49 emissions_WestH6ToSaxonSt.49,electric,1.05,0.0,0.0,0.0,0.0,0.0,0.0,0.0
EastSilburyToEastAvebury.9,544.0,317_0,0.0,0.0,0.0,898.0,213_0,19.13,11.49,354.0,2473.18,108.0,3,0.0,146.91,0,tripinfo_EastSilburyToEastAvebury.9 emissions_EastSilburyToEastAvebury.9,gasoline_euro4,0.88,27195.533188,908960.558962,144.573818,16.402257,373.060734,289924.72142,0.0
V6ToEastH6.64,768.0,468_1,0.0,0.0,0.0,899.0,522_1,56.88,11.75,131.0,1512.23,0.0,0,0.0,13.88,0,tripinfo_V6ToEastH6.64 emissions_V6ToEastH6.64,gasoline_euro4,0.94,4219.325178,359701.911505,27.174127,5.428145,139.285336,114728.698289,0.0
EastSilburyToEastAvebury.13,608.0,317_0,0.0,0.0,0.0,900.0,213_0,19.13,12.05,292.0,2473.2,52.0,4,0.0,99.94,0,tripinfo_EastSilburyToEastAvebury.13 emissions_EastSilburyToEastAvebury.13,gasoline_euro4,0.95,17487.924033,766161.305763,96.657688,12.892605,306.879709,244374.702315,0.0
EastA509ToH6.31,558.0,770_0,0.0,0.0,0.0,901.0,522_0,56.88,13.35,343.0,1483.77,191.0,4,0.0,237.58,0,tripinfo_EastA509ToH6.31 emissions_EastA509ToH6.31,gasoline_euro4,1.01,40011.982436,977937.60302,204.650078,20.87729,422.885222,311928.873085,0.0
EastSilburyToEastAvebury.10,560.0,317_0,0.0,0.0,0.0,902.0,213_0,19.13,10.71,342.0,1590.83,166.0,5,0.0,203.31,0,tripinfo_EastSilburyToEastAvebury.10 emissions_EastSilburyToEastAvebury.10,electric,0.84,0.0,0.0,0.0,0.0,0.0,0.0,0.0
EastA509ToH6.37,666.0,770_0,0.0,0.0,0.0,903.0,522_1,56.88,15.7,237.0,1483.69,98.0,3,0.0,141.7,0,tripinfo_EastA509ToH6.37 emissions_EastA509ToH6.37,electric,1.13,0.0,0.0,0.0,0.0,0.0,0.0,0.0
WestH6ToSaxonSt.48,576.0,524_0,0.0,0.0,0.0,904.0,771_1,56.88,12.1,328.0,2602.68,75.0,2,0.0,122.37,0,tripinfo_WestH6ToSaxonSt.48 emissions_WestH6ToSaxonSt.48,electric,0.92,0.0,0.0,0.0,0.0,0.0,0.0,0.0
WestA509ToAvebury.35,630.0,773_0,0.0,0.0,0.0,905.0,213_0,19.13,12.57,275.0,2336.45,52.0,3,0.0,98.82,0,tripinfo_WestA509ToAvebury.35 emissions_WestA509ToAvebury.35,gasoline_euro4,0.96,16374.08588,693857.928797,89.961769,11.804761,278.71694,221313.014566,0.0
WestH6ToSaxonSt.47,564.0,524_0,0.0,0.0,0.0,906.0,771_0,56.88,10.08,342.0,2608.48,53.0,2,0.0,88.08,0,tripinfo_WestH6ToSaxonSt.47 emissions_WestH6ToSaxonSt.47,electric,0.75,0.0,0.0,0.0,0.0,0.0,0.0,0.0
V6ToEastH6.65,780.0,468_1,0.0,0.0,0.0,911.0,522_1,56.88,11.69,131.0,1512.23,0.0,0,0.0,12.39,0,tripinfo_V6ToEastH6.65 emissions_V6ToEastH6.65,gasoline_euro4,0.92,3637.434817,340662.497145,24.055923,4.757328,129.271237,108656.208754,0.0
V6ToEastH6.66,792.0,468_1,0.0,0.0,0.0,912.0,522_1,56.88,13.27,120.0,1512.23,0.0,0,0.0,21.22,0,tripinfo_V6ToEastH6.66 emissions_V6ToEastH6.66,gasoline_euro4,1.1,4656.71429,388497.311784,29.584757,6.351152,152.732138,123912.604617,0.0
WestA509ToEastH6.18,648.0,773_1,0.0,0.0,0.0,915.0,522_1,56.88,13.65,267.0,3082.3,8.0,1,0.0,50.2,0,tripinfo_WestA509ToEastH6.18 emissions_WestA509ToEastH6.18,electric,1.04,0.0,0.0,0.0,0.0,0.0,0.0,0.0
V6ToEastH6.67,804.0,468_1,0.0,0.0,0.0,925.0,522_1,56.88,14.14,121.0,1512.23,3.0,1,0.0,22.58,0,tripinfo_V6ToEastH6.67 emissions_V6ToEastH6.67,gasoline_euro4,1.11,5435.117147,411315.46371,33.65185,6.9196,162.499737,131190.660157,0.0
V6ToEastH6.68,816.0,468_1,0.0,0.0,0.0,927.0,522_1,56.88,17.15,111.0,1512.23,0.0,0,0.0,23.84,0,tripinfo_V6ToEastH6.68 emissions_V6ToEastH6.68,electric,1.26,0.0,0.0,0.0,0.0,0.0,0.0,0.0
EastSilburyToEastAvebury.2,432.0,317_0,0.0,0.0,0.0,938.0,213_0,19.13,11.73,506.0,1581.85,320.0,7,0.0,377.88,0,tripinfo_EastSilburyToEastAvebury.2 emissions_EastSilburyToEastAvebury.2,electric,0.9,0.0,0.0,0.0,0.0,0.0,0.0,0.0
WestA509ToAvebury.16,291.0,773_0,0.0,0.0,3.0,940.0,213_0,19.13,14.1,649.0,2288.57,428.0,7,0.0,493.49,0,tripinfo_WestA509ToAvebury.16 emissions_WestA509ToAvebury.16,electric,1.07,0.0,0.0,0.0,0.0,0.0,0.0,0.0
WestH6ToSaxonSt.44,528.0,524_0,0.0,0.0,0.0,941.0,771_1,56.88,11.93,413.0,2767.87,135.0,5,0.0,194.81,0,tripinfo_WestH6ToSaxonSt.44 emissions_WestH6ToSaxonSt.44,gasoline_euro4,0.95,34949.291859,1146637.576595,185.174931,21.698157,477.19605,365734.061946,0.0
EastAveburyToWestA509.40,540.0,483_0,0.0,0.0,0.0,943.0,774_0,29.75,13.49,403.0,2260.8,178.0,4,0.0,233.1,0,tripinfo_EastAveburyToWestA509.40 emissions_EastAveburyToWestA509.40,electric,0.97,0.0,0.0,0.0,0.0,0.0,0.0,0.0
WestH6ToSaxonSt.51,612.0,524_0,0.0,0.0,0.0,943.0,771_1,56.88,15.05,331.0,2574.97,107.0,4,0.0,159.86,0,tripinfo_WestH6ToSaxonSt.51 emissions_WestH6ToSaxonSt.51,gasoline_euro4,1.1,27986.111193,996392.767965,150.197152,19.276843,415.251285,317809.771063,0.0
WestA509ToEastH6.16,576.0,773_0,0.0,0.0,0.0,945.0,522_0,56.88,15.52,369.0,2755.0,148.0,4,0.0,191.48,0,tripinfo_WestA509ToEastH6.16 emissions_WestA509ToEastH6.16,gasoline_euro4,1.13,34105.960013,1116670.656758,179.879882,21.824598,463.651405,356175.136837,0.0
EastAveburyToWestA509.55,667.0,483_1,0.0,0.0,0.0,946.0,774_0,29.75,12.39,279.0,2309.99,46.0,4,0.0,100.83,0,tripinfo_EastAveburyToWestA509.55 emissions_EastAveburyToWestA509.55,electric,0.98,0.0,0.0,0.0,0.0,0.0,0.0,0.0
WestH6ToSaxonSt.53,636.0,524_0,0.0,0.0,0.0,954.0,771_0,56.88,14.9,318.0,2608.48,117.0,3,0.0,153.07,0,tripinfo_WestH6ToSaxonSt.53 emissions_WestH6ToSaxonSt.53,electric,1.16,0.0,0.0,0.0,0.0,0.0,0.0,0.0
EastAveburyToWestA509.59,701.0,483_1,0.0,0.0,0.0,956.0,774_0,29.75,11.91,255.0,2308.45,18.0,3,0.0,72.1,0,tripinfo_EastAveburyToWestA509.59 emissions_EastAveburyToWestA509.59,electric,0.93,0.0,0.0,0.0,0.0,0.0,0.0,0.0
V6ToEastH6.69,828.0,468_1,0.0,0.0,0.0,956.0,522_1,56.88,13.22,128.0,1512.23,0.0,0,0.0,13.59,0,tripinfo_V6ToEastH6.69 emissions_V6ToEastH6.69,gasoline_euro4,0.95,4183.255949,361250.642149,27.068836,5.512879,140.285005,115222.567313,0.0
SouthEvansGateToSilbury.41,738.0,526_0,0.0,0.0,0.0,960.0,215_1,19.43,13.47,222.0,1477.62,85.0,3,0.0,118.73,0,tripinfo_SouthEvansGateToSilbury.41 emissions_SouthEvansGateToSilbury.41,electric,1.03,0.0,0.0,0.0,0.0,0.0,0.0,0.0
V6ToEastH6.70,840.0,468_1,0.0,0.0,0.0,962.0,522_1,56.88,14.35,122.0,1512.23,2.0,1,0.0,22.52,0,tripinfo_V6ToEastH6.70 emissions_V6ToEastH6.70,electric,1.1,0.0,0.0,0.0,0.0,0.0,0.0,0.0
WestH6ToSaxonSt.55,660.0,524_0,0.0,0.0,0.0,963.0,771_0,56.88,14.57,303.0,2607.22,88.0,4,0.0,125.06,0,tripinfo_WestH6ToSaxonSt.55 emissions_WestH6ToSaxonSt.55,electric,1.07,0.0,0.0,0.0,0.0,0.0,0.0,0.0
SouthEvansGateToSilbury.42,756.0,526_0,0.0,0.0,0.0,964.0,215_1,19.43,11.43,208.0,1477.52,65.0,1,0.0,89.23,0,tripinfo_SouthEvansGateToSilbury.42 emissions_SouthEvansGateToSilbury.42,electric,0.9,0.0,0.0,0.0,0.0,0.0,0.0,0.0
EastAveburyToWestA509.23,395.0,483_1,0.0,0.0,0.0,965.0,774_1,29.75,13.43,570.0,2325.5,319.0,8,0.0,397.25,0,tripinfo_EastAveburyToWestA509.23 emissions_EastAveburyToWestA509.23,gasoline_euro4,1.0,67152.04931,1625879.875335,343.577439,35.132485,707.591947,518600.316787,0.0
WestA509ToEastH6.17,612.0,773_0,0.0,0.0,0.0,965.0,522_0,56.88,9.55,353.0,2754.98,48.0,4,0.0,88.67,0,tripinfo_WestA509ToEastH6.17 emissions_WestA509ToEastH6.17,gasoline_euro4,0.76,18331.741269,788089.270017,101.467801,12.217052,312.303842,251370.071374,0.0
WestH6ToSaxonSt.56,672.0,524_0,0.0,0.0,0.0,965.0,771_0,56.88,15.19,293.0,2601.42,82.0,2,0.0,133.31,0,tripinfo_WestH6ToSaxonSt.56 emissions_WestH6ToSaxonSt.56,electric,1.18,0.0,0.0,0.0,0.0,0.0,0.0,0.0
SouthEvansGateToSilbury.43,774.0,526_0,0.0,0.0,0.0,965.0,215_1,19.43,12.85,191.0,1477.59,53.0,1,0.0,76.1,0,tripinfo_SouthEvansGateToSilbury.43 emissions_SouthEvansGateToSilbury.43,electric,0.93,0.0,0.0,0.0,0.0,0.0,0.0,0.0
EastAveburyToWestA509.42,557.0,483_0,0.0,0.0,0.0,967.0,774_0,29.75,8.59,410.0,2257.77,132.0,4,0.0,177.16,0,tripinfo_EastAveburyToWestA509.42 emissions_EastAveburyToWestA509.42,electric,0.71,0.0,0.0,0.0,0.0,0.0,0.0,0.0
WestH6ToSaxonSt.59,708.0,524_0,0.0,0.0,0.0,967.0,771_0,56.88,15.31,259.0,2602.68,62.0,2,0.0,97.42,0,tripinfo_WestH6ToSaxonSt.59 emissions_WestH6ToSaxonSt.59,electric,1.17,0.0,0.0,0.0,0.0,0.0,0.0,0.0
EastAveburyToWestA509.27,429.0,483_1,0.0,0.0,0.0,970.0,774_0,29.75,11.78,541.0,2328.54,280.0,8,0.0,351.72,0,tripinfo_EastAveburyToWestA509.27 emissions_EastAveburyToWestA509.27,gasoline_euro4,0.92,60114.40052,1464132.529156,307.594376,30.918445,632.716599,467009.014405,0.0
WestH6ToSaxonSt.52,624.0,524_0,0.0,0.0,0.0,971.0,771_0,56.88,12.65,347.0,2602.68,105.0,3,0.0,152.44,0,tripinfo_WestH6ToSaxonSt.52 emissions_WestH6ToSaxonSt.52,electric,0.97,0.0,0.0,0.0,0.0,0.0,0.0,0.0
EastAveburyToWestA509.39,531.0,483_1,0.0,0.0,0.0,973.0,774_0,29.75,13.26,442.0,2328.54,205.0,6,0.0,266.02,0,tripinfo_EastAveburyToWestA509.39 emissions_EastAveburyToWestA509.39,gasoline_euro4,0.99,45519.391514,1239663.812474,235.825007,25.423299,529.108738,395408.573759,0.0
V6ToEastH6.71,852.0,468_1,0.0,0.0,0.0,975.0,522_1,56.88,14.45,123.0,1512.23,4.0,1,0.0,25.79,0,tripinfo_V6ToEastH6.71 emissions_V6ToEastH6.71,electric,1.13,0.0,0.0,0.0,0.0,0.0,0.0,0.0
EastAveburyToWestA509.47,599.0,483_1,0.0,0.0,0.0,978.0,774_0,29.75,12.89,379.0,2325.48,124.0,6,0.0,199.48,0,tripinfo_EastAveburyToWestA509.47 emissions_EastAveburyToWestA509.47,gasoline_euro4,0.97,33938.550526,1072190.790519,179.333344,21.084061,453.056336,341988.157226,0.0
V6ToEastH6.72,864.0,468_1,0.0,0.0,0.0,980.0,522_1,56.88,13.73,116.0,1511.92,0.0,0,0.0,12.05,0,tripinfo_V6ToEastH6.72 emissions_V6ToEastH6.72,electric,1.05,0.0,0.0,0.0,0.0,0.0,0.0,0.0
WestA509ToAvebury.37,666.0,773_0,0.0,0.0,0.0,981.0,213_1,19.13,15.55,315.0,2336.43,135.0,3,0.0,173.86,0,tripinfo_WestA509ToAvebury.37 emissions_WestA509ToAvebury.37,gasoline_euro4,1.21,30685.048591,989180.648817,161.948519,19.83004,413.463208,315510.538344,0.0
EastSilburyToEastAvebury.19,704.0,317_0,0.0,0.0,0.0,982.0,213_0,19.13,13.16,278.0,2473.17,67.0,2,0.0,99.25,0,tripinfo_EastSilburyToEastAvebury.19 emissions_EastSilburyToEastAvebury.19,gasoline_euro4,1.02,18838.740572,785265.479043,103.130934,13.780314,316.054673,250468.176853,0.0
WestA509ToAvebury.39,702.0,773_0,0.0,0.0,0.0,983.0,213_1,19.13,15.88,281.0,2336.43,86.0,3,0.0,134.46,0,tripinfo_WestA509ToAvebury.39 emissions_WestA509ToAvebury.39,gasoline_euro4,1.16,23145.399262,860689.315213,124.502737,16.313045,354.183165,274525.513846,0.0
WestA509ToAvebury.38,684.0,773_0,0.0,0.0,0.0,984.0,213_0,19.13,12.9,300.0,2337.25,93.0,3,0.0,130.56,0,tripinfo_WestA509ToAvebury.38 emissions_WestA509ToAvebury.38,gasoline_euro4,1.0,23399.712118,839540.998313,125.294219,15.415476,344.03674,267781.098859,0.0
SouthEvansGateToSilbury.39,702.0,526_0,0.0,0.0,0.0,984.0,215_1,19.43,11.41,282.0,1471.7,132.0,4,0.0,162.43,0,tripinfo_SouthEvansGateToSilbury.39 emissions_SouthEvansGateToSilbury.39,gasoline_euro4,0.89,28526.458734,764262.191296,147.448375,15.173014,323.112827,243773.285904,0.0
EastA509ToH6.39,702.0,770_0,0.0,0.0,0.0,985.0,522_1,56.88,16.44,283.0,1483.8,128.0,6,0.0,192.58,0,tripinfo_EastA509ToH6.39 emissions_EastA509ToH6.39,electric,1.18,0.0,0.0,0.0,0.0,0.0,0.0,0.0
SouthEvansGateToSilbury.40,720.0,526_0,0.0,0.0,0.0,986.0,215_1,19.43,14.36,266.0,1471.7,127.0,3,0.0,169.38,0,tripinfo_SouthEvansGateToSilbury.40 emissions_SouthEvansGateToSilbury.40,gasoline_euro4,1.11,27120.612817,755414.298739,140.787303,15.290029,320.592198,240950.075439,0.0
EastA509ToH6.38,684.0,770_0,0.0,0.0,0.0,987.0,522_0,56.88,11.94,303.0,1483.64,143.0,6,0.0,187.45,0,tripinfo_EastA509ToH6.38 emissions_EastA509ToH6.38,electric,0.93,0.0,0.0,0.0,0.0,0.0,0.0,0.0
WestA509ToAvebury.40,723.0,773_0,0.0,0.0,3.0,988.0,213_0,19.13,10.95,265.0,2337.25,35.0,1,0.0,58.27,0,tripinfo_WestA509ToAvebury.40 emissions_WestA509ToAvebury.40,gasoline_euro4,0.82,12215.028346,606114.069301,69.431514,8.97544,235.787083,193326.428672,0.0
EastA509ToH6.40,720.0,770_0,0.0,0.0,0.0,990.0,522_0,56.88,12.27,270.0,1483.75,108.0,5,0.0,157.5,0,tripinfo_EastA509ToH6.40 emissions_EastA509ToH6.40,gasoline_euro4,0.95,26136.84275,725818.464336,135.621864,14.381344,306.168811,231510.500033,0.0
EastA509ToH6.36,648.0,770_0,0.0,0.0,0.0,992.0,522_0,56.88,14.54,344.0,1483.77,185.0,6,0.0,242.58,0,tripinfo_EastA509ToH6.36 emissions_EastA509ToH6.36,gasoline_euro4,1.06,40256.983744,996756.028528,206.411916,21.511669,432.775212,317930.729964,0.0
V6ToEastH6.73,876.0,468_1,0.0,0.0,0.0,1004.0,522_1,56.88,12.16,128.0,1512.23,0.0,0,0.0,14.95,0,tripinfo_V6ToEastH6.73 emissions_V6ToEastH6.73,electric,0.97,0.0,0.0,0.0,0.0,0.0,0.0,0.0
EastAveburyToWestA509.65,752.0,483_1,0.0,0.0,0.0,1013.0,774_0,29.75,15.45,261.0,2308.45,52.0,6,0.0,117.31,0,tripinfo_EastAveburyToWestA509.65 emissions_EastAveburyToWestA509.65,electric,1.19,0.0,0.0,0.0,0.0,0.0,0.0,0.0
WestH6ToSaxonSt.50,600.0,524_0,0.0,0.0,0.0,1018.0,771_1,56.88,13.01,418.0,2767.87,143.0,6,0.0,210.35,0,tripinfo_WestH6ToSaxonSt.50 emissions_WestH6ToSaxonSt.50,gasoline_euro4,0.99,37754.916917,1217544.957043,199.806863,23.88361,511.875918,388350.301608,0.0
WestH6ToSaxonSt.54,648.0,524_0,0.0,0.0,0.0,1020.0,771_1,56.88,13.61,372.0,2767.88,100.0,6,0.0,160.19,0,tripinfo_WestH6ToSaxonSt.54 emissions_WestH6ToSaxonSt.54,gasoline_euro4,0.98,29107.711204,1056077.690289,156.532642,19.811069,437.478705,336847.155851,0.0
WestH6ToSaxonSt.58,696.0,524_0,0.0,0.0,0.0,1022.0,771_1,56.88,14.12,326.0,2574.97,96.0,4,0.0,141.32,0,tripinfo_WestH6ToSaxonSt.58 emissions_WestH6ToSaxonSt.58,gasoline_euro4,1.02,25930.938175,939368.986629,139.100026,17.708613,388.35633,299621.637019,0.0
EastAveburyToWestA509.60,710.0,483_0,0.0,0.0,0.0,1025.0,774_0,29.75,15.23,315.0,2254.71,114.0,7,0.0,166.02,0,tripinfo_EastAveburyToWestA509.60 emissions_EastAveburyToWestA509.60,electric,1.11,0.0,0.0,0.0,0.0,0.0,0.0,0.0
V6ToEastH6.74,888.0,468_1,0.0,0.0,0.0,1025.0,522_0,56.88,11.1,137.0,1512.23,0.0,0,0.0,13.16,0,tripinfo_V6ToEastH6.74 emissions_V6ToEastH6.74,gasoline_euro4,0.88,4322.477785,360425.771963,27.832987,5.304171,139.443051,114959.770217,0.0
WestH6ToSaxonSt.57,684.0,524_0,0.0,0.0,0.0,1026.0,771_1,56.88,12.58,342.0,2767.85,69.0,3,0.0,120.4,0,tripinfo_WestH6ToSaxonSt.57 emissions_WestH6ToSaxonSt.57,gasoline_euro4,0.94,23237.951907,960325.960992,127.344229,17.014426,391.192761,306305.241371,0.0
EastAveburyToWestA509.51,633.0,483_0,0.0,0.0,0.0,1031.0,774_0,29.75,12.7,398.0,2257.79,182.0,5,0.0,230.58,0,tripinfo_EastAveburyToWestA509.51 emissions_EastAveburyToWestA509.51,electric,0.98,0.0,0.0,0.0,0.0,0.0,0.0,0.0
WestA509ToEastH6.19,684.0,773_1,0.0,0.0,0.0,1032.0,522_0,56.88,11.93,348.0,3082.3,52.0,1,0.0,88.19,0,tripinfo_WestA509ToEastH6.19 emissions_WestA509ToEastH6.19,electric,0.87,0.0,0.0,0.0,0.0,0.0,0.0,0.0
V6ToEastH6.75,900.0,468_1,0.0,0.0,0.0,1034.0,522_1,56.88,12.49,134.0,1512.23,0.0,0,0.0,16.06,0,tripinfo_V6ToEastH6.75 emissions_V6ToEastH6.75,electric,0.93,0.0,0.0,0.0,0.0,0.0,0.0,0.0
EastAveburyToWestA509.50,625.0,483_0,0.0,0.0,0.0,1035.0,774_1,29.75,14.16,410.0,2260.81,184.0,6,0.0,252.3,0,tripinfo_EastAveburyToWestA509.50 emissions_EastAveburyToWestA509.50,gasoline_euro4,1.05,41679.511642,1160436.895409,216.288659,23.658777,493.401914,370137.59052,0.0
EastAveburyToWestA509.52,642.0,483_1,0.0,0.0,0.0,1035.0,774_0,29.75,13.17,393.0,2241.68,177.0,7,0.0,224.19,0,tripinfo_EastAveburyToWestA509.52 emissions_EastAveburyToWestA509.52,electric,0.98,0.0,0.0,0.0,0.0,0.0,0.0,0.0
V6ToEastH6.76,912.0,468_1,0.0,0.0,0.0,1035.0,522_1,56.88,14.16,123.0,1512.23,1.0,1,0.0,25.85,0,tripinfo_V6ToEastH6.76 emissions_V6ToEastH6.76,electric,1.12,0.0,0.0,0.0,0.0,0.0,0.0,0.0
EastSilburyToEastAvebury.15,640.0,317_0,0.0,0.0,0.0,1037.0,213_0,19.13,12.64,397.0,1581.83,228.0,10,0.0,273.02,0,tripinfo_EastSilburyToEastAvebury.15 emissions_EastSilburyToEastAvebury.15,electric,0.94,0.0,0.0,0.0,0.0,0.0,0.0,0.0
EastAveburyToWestA509.53,650.0,483_0,0.0,0.0,0.0,1038.0,774_0,29.75,13.63,388.0,2264.21,159.0,5,0.0,229.25,0,tripinfo_EastAveburyToWestA509.53 emissions_EastAveburyToWestA509.53,gasoline_euro4,1.05,39430.970596,1174597.370597,206.583466,24.390682,503.455866,374651.934892,0.0
EastAveburyToWestA509.54,659.0,483_0,0.0,0.0,0.0,1038.0,774_1,29.75,14.86,379.0,2254.72,161.0,7,0.0,228.67,0,tripinfo_EastAveburyToWestA509.54 emissions_EastAveburyToWestA509.54,gasoline_euro4,1.09,37979.17902,1106609.495408,197.849949,22.311481,467.76616,352967.770531,0.0
WestA509ToEastH6.20,720.0,773_0,0.0,0.0,0.0,1039.0,522_0,56.88,13.69,319.0,2754.97,69.0,4,0.0,118.77,0,tripinfo_WestA509ToEastH6.20 emissions_WestA509ToEastH6.20,gasoline_euro4,1.0,21282.15406,896037.501316,116.309687,15.678669,360.966914,285799.830712,0.0
WestA509ToEastH6.21,756.0,773_0,0.0,0.0,0.0,1039.0,522_1,56.88,16.0,283.0,2754.12,84.0,2,0.0,116.68,0,tripinfo_WestA509ToEastH6.21 emissions_WestA509ToEastH6.21,gasoline_euro4,1.2,21838.1724,913021.138992,119.334439,17.120465,371.889793,291215.817102,0.0
EastAveburyToWestA509.49,616.0,483_1,0.0,0.0,0.0,1045.0,774_0,29.75,12.3,429.0,2219.98,214.0,6,0.0,262.97,0,tripinfo_EastAveburyToWestA509.49 emissions_EastAveburyToWestA509.49,electric,0.97,0.0,0.0,0.0,0.0,0.0,0.0,0.0
SouthEvansGateToSilbury.44,792.0,526_0,0.0,0.0,0.0,1049.0,215_1,19.43,11.22,257.0,1477.59,111.0,2,0.0,130.89,0,tripinfo_SouthEvansGateToSilbury.44 emissions_SouthEvansGateToSilbury.44,electric,0.85,0.0,0.0,0.0,0.0,0.0,0.0,0.0
SouthEvansGateToSilbury.48,864.0,526_0,0.0,0.0,0.0,1050.0,215_1,19.43,12.75,186.0,1477.52,60.0,1,0.0,79.95,0,tripinfo_SouthEvansGateToSilbury.48 emissions_SouthEvansGateToSilbury.48,electric,1.01,0.0,0.0,0.0,0.0,0.0,0.0,0.0
WestH6ToSaxonSt.61,732.0,524_0,0.0,0.0,0.0,1051.0,771_0,56.88,13.63,319.0,2608.48,95.0,2,0.0,130.03,0,tripinfo_WestH6ToSaxonSt.61 emissions_WestH6ToSaxonSt.61,electric,1.02,0.0,0.0,0.0,0.0,0.0,0.0,0.0
WestH6ToSaxonSt.63,756.0,524_0,0.0,0.0,0.0,1052.0,771_0,56.88,14.77,296.0,2608.48,84.0,3,0.0,124.96,0,tripinfo_WestH6ToSaxonSt.63 emissions_WestH6ToSaxonSt.63,electric,1.11,0.0,0.0,0.0,0.0,0.0,0.0,0.0
V6ToEastH6.78,936.0,468_1,0.0,0.0,0.0,1052.0,522_1,56.88,15.9,116.0,1512.23,0.0,0,0.0,25.53,0,tripinfo_V6ToEastH6.78 emissions_V6ToEastH6.78,electric,1.21,0.0,0.0,0.0,0.0,0.0,0.0,0.0
SouthEvansGateToSilbury.47,846.0,526_0,0.0,0.0,0.0,1054.0,215_1,19.43,10.3,208.0,1477.6,57.0,1,0.0,75.18,0,tripinfo_SouthEvansGateToSilbury.47 emissions_SouthEvansGateToSilbury.47,electric,0.8,0.0,0.0,0.0,0.0,0.0,0.0,0.0
V6ToEastH6.77,924.0,468_1,0.0,0.0,0.0,1062.0,522_0,56.88,12.11,138.0,1512.23,0.0,0,0.0,14.54,0,tripinfo_V6ToEastH6.77 emissions_V6ToEastH6.77,electric,0.89,0.0,0.0,0.0,0.0,0.0,0.0,0.0
EastA509ToH6.42,756.0,770_0,0.0,0.0,0.0,1064.0,522_0,56.88,12.58,308.0,1483.69,166.0,4,0.0,200.32,0,tripinfo_EastA509ToH6.42 emissions_EastA509ToH6.42,gasoline_euro4,1.0,34045.137569,869430.909977,174.814756,18.188247,372.922075,277318.407644,0.0
EastA509ToH6.41,738.0,770_0,0.0,0.0,0.0,1066.0,522_0,56.88,13.09,328.0,1483.8,175.0,4,0.0,218.24,0,tripinfo_EastA509ToH6.41 emissions_EastA509ToH6.41,gasoline_euro4,0.98,36776.142165,919759.063965,188.722673,19.482531,397.133241,293371.534893,0.0
EastSilburyToEastAvebury.20,720.0,317_0,0.0,0.0,0.0,1069.0,213_0,19.13,15.59,349.0,2473.17,142.0,5,0.0,188.55,0,tripinfo_EastSilburyToEastAvebury.20 emissions_EastSilburyToEastAvebury.20,gasoline_euro4,1.13,33375.715528,1068140.840995,176.016799,21.159911,446.606112,340696.139154,0.0
EastA509ToH6.45,810.0,770_0,0.0,0.0,0.0,1070.0,522_1,56.88,14.87,260.0,1483.8,109.0,3,0.0,164.08,0,tripinfo_EastA509ToH6.45 emissions_EastA509ToH6.45,gasoline_euro4,1.12,26276.515679,758858.902488,137.053971,15.471422,322.65869,242048.040067,0.0
WestA509ToAvebury.43,774.0,773_0,0.0,0.0,0.0,1071.0,213_1,19.13,12.33,297.0,2337.28,78.0,3,0.0,109.0,0,tripinfo_WestA509ToAvebury.43 emissions_WestA509ToAvebury.43,gasoline_euro4,0.91,20251.434782,761536.761586,109.527857,13.484164,310.275962,242900.708532,0.0
SouthEvansGateToSilbury.45,810.0,526_0,0.0,0.0,0.0,1071.0,215_1,19.43,13.06,261.0,1471.71,129.0,3,0.0,153.71,0,tripinfo_SouthEvansGateToSilbury.45 emissions_SouthEvansGateToSilbury.45,gasoline_euro4,1.0,26791.619959,725898.953175,138.414606,14.736647,307.722432,231536.194163,0.0
WestA509ToAvebury.44,792.0,773_0,0.0,0.0,0.0,1072.0,213_1,19.13,13.96,280.0,2336.43,70.0,3,0.0,130.91,0,tripinfo_WestA509ToAvebury.44 emissions_WestA509ToAvebury.44,gasoline_euro4,1.14,20621.386529,788984.981914,111.90975,14.778662,325.807757,251654.484157,0.0
SouthEvansGateToSilbury.46,828.0,526_0,0.0,0.0,0.0,1072.0,215_1,19.43,13.9,244.0,1471.73,115.0,3,0.0,146.56,0,tripinfo_SouthEvansGateToSilbury.46 emissions_SouthEvansGateToSilbury.46,gasoline_euro4,1.09,25032.833893,708919.798627,129.807825,14.436245,300.157929,226119.636013,0.0
EastSilburyToEastAvebury.22,752.0,317_0,0.0,0.0,0.0,1073.0,213_0,19.13,11.92,321.0,2473.18,80.0,6,0.0,129.34,0,tripinfo_EastSilburyToEastAvebury.22 emissions_EastSilburyToEastAvebury.22,gasoline_euro4,0.95,23532.961359,855423.096625,126.289181,15.518812,350.727251,272846.827655,0.0
EastA509ToH6.43,774.0,770_0,0.0,0.0,0.0,1074.0,522_0,56.88,10.03,300.0,1483.75,130.0,5,0.0,167.74,0,tripinfo_EastA509ToH6.43 emissions_EastA509ToH6.43,gasoline_euro4,0.81,29229.093412,772882.808242,151.010807,15.207678,326.89294,246523.320541,0.0
WestA509ToAvebury.45,810.0,773_0,0.0,0.0,0.0,1074.0,213_1,19.13,15.63,264.0,2336.43,58.0,3,0.0,120.2,0,tripinfo_WestA509ToAvebury.45 emissions_WestA509ToAvebury.45,gasoline_euro4,1.19,18761.62721,786542.269716,103.197924,14.752258,324.342877,250874.16136,0.0
EastSilburyToEastAvebury.24,784.0,317_0,0.0,0.0,0.0,1076.0,213_0,19.13,11.35,292.0,2473.15,41.0,1,0.0,76.61,0,tripinfo_EastSilburyToEastAvebury.24 emissions_EastSilburyToEastAvebury.24,gasoline_euro4,0.84,15328.49957,703718.909731,85.875869,11.329195,280.114982,224458.166108,0.0
EastA509ToH6.44,792.0,770_0,0.0,0.0,0.0,1076.0,522_0,56.88,12.72,284.0,1483.8,116.0,4,0.0,175.72,0,tripinfo_EastA509ToH6.44 emissions_EastA509ToH6.44,electric,0.99,0.0,0.0,0.0,0.0,0.0,0.0,0.0
V6ToEastH6.79,948.0,468_1,0.0,0.0,0.0,1086.0,522_0,56.88,11.81,138.0,1512.23,0.0,0,0.0,13.03,0,tripinfo_V6ToEastH6.79 emissions_V6ToEastH6.79,electric,0.87,0.0,0.0,0.0,0.0,0.0,0.0,0.0
V6ToEastH6.80,960.0,468_1,0.0,0.0,0.0,1089.0,522_1,56.88,12.88,129.0,1512.23,2.0,1,0.0,18.4,0,tripinfo_V6ToEastH6.80 emissions_V6ToEastH6.80,gasoline_euro4,0.98,4423.266787,369047.8098,27.916929,5.483175,141.315439,117709.77409,0.0
V6ToEastH6.81,972.0,468_1,0.0,0.0,0.0,1091.0,522_1,56.88,14.59,119.0,1512.23,0.0,0,0.0,17.79,0,tripinfo_V6ToEastH6.81 emissions_V6ToEastH6.81,gasoline_euro4,1.08,4480.811439,384865.276849,28.595687,6.210219,150.545605,122754.146484,0.0
WestA509ToEastH6.22,792.0,773_1,0.0,0.0,0.0,1103.0,522_1,56.88,12.21,311.0,3082.3,38.0,1,0.0,75.8,0,tripinfo_WestA509ToEastH6.22 emissions_WestA509ToEastH6.22,electric,0.96,0.0,0.0,0.0,0.0,0.0,0.0,0.0
V6ToEastH6.82,984.0,468_1,0.0,0.0,0.0,1104.0,522_1,56.88,14.04,120.0,1512.23,0.0,0,0.0,17.18,0,tripinfo_V6ToEastH6.82 emissions_V6ToEastH6.82,gasoline_euro4,1.06,4248.317034,371392.625589,27.302239,5.826109,144.045839,118457.176939,0.0
WestH6ToSaxonSt.60,720.0,524_0,0.0,0.0,0.0,1106.0,771_1,56.88,12.75,386.0,2767.88,115.0,4,0.0,174.61,0,tripinfo_WestH6ToSaxonSt.60 emissions_WestH6ToSaxonSt.60,gasoline_euro4,0.98,31692.809249,1126286.154959,169.718724,21.028946,465.933972,359241.404428,0.0
WestA509ToAvebury.18,324.0,773_0,0.0,0.0,0.0,1114.0,213_0,19.13,13.96,790.0,2288.57,552.0,9,0.0,629.6,0,tripinfo_WestA509ToAvebury.18 emissions_WestA509ToAvebury.18,electric,1.04,0.0,0.0,0.0,0.0,0.0,0.0,0.0
EastAveburyToWestA509.64,744.0,483_0,0.0,0.0,0.0,1114.0,774_0,29.75,14.97,370.0,2257.79,160.0,5,0.0,217.48,0,tripinfo_EastAveburyToWestA509.64 emissions_EastAveburyToWestA509.64,gasoline_euro4,1.08,37265.310086,1113315.624129,194.976627,22.618946,471.764014,355105.997082,0.0
WestH6ToSaxonSt.62,744.0,524_0,0.0,0.0,0.0,1115.0,771_1,56.88,13.03,371.0,2767.87,98.0,3,0.0,153.38,0,tripinfo_WestH6ToSaxonSt.62 emissions_WestH6ToSaxonSt.62,gasoline_euro4,0.95,28246.521468,1036961.678806,151.962719,19.07444,427.062324,330750.133602,0.0
WestH6ToSaxonSt.66,792.0,524_0,0.0,0.0,0.0,1116.0,771_1,56.88,13.72,324.0,2574.97,101.0,4,0.0,145.61,0,tripinfo_WestH6ToSaxonSt.66 emissions_WestH6ToSaxonSt.66,gasoline_euro4,1.06,25794.239562,936948.929508,138.202311,17.42016,384.695148,298849.994177,0.0
EastAveburyToWestA509.66,761.0,483_1,0.0,0.0,0.0,1122.0,774_1,29.75,15.55,361.0,2241.69,139.0,8,0.0,215.35,0,tripinfo_EastAveburyToWestA509.66 emissions_EastAveburyToWestA509.66,electric,1.14,0.0,0.0,0.0,0.0,0.0,0.0,0.0
WestA509ToEastH6.23,828.0,773_1,0.0,0.0,0.0,1124.0,522_1,56.88,12.81,296.0,3082.3,20.0,2,0.0,64.79,0,tripinfo_WestA509ToEastH6.23 emissions_WestA509ToEastH6.23,electric,0.98,0.0,0.0,0.0,0.0,0.0,0.0,0.0
EastAveburyToWestA509.61,718.0,483_0,0.0,0.0,0.0,1128.0,774_0,29.75,10.88,410.0,2254.71,173.0,5,0.0,219.17,0,tripinfo_EastAveburyToWestA509.61 emissions_EastAveburyToWestA509.61,electric,0.86,0.0,0.0,0.0,0.0,0.0,0.0,0.0
EastAveburyToWestA509.62,727.0,483_0,0.0,0.0,0.0,1130.0,774_0,29.75,12.01,403.0,2257.77,158.0,6,0.0,218.98,0,tripinfo_EastAveburyToWestA509.62 emissions_EastAveburyToWestA509.62,gasoline_euro4,0.9,37107.007369,1065799.023817,193.51469,20.785724,448.593532,339951.836862,0.0
EastAveburyToWestA509.63,735.0,483_0,0.0,0.0,0.0,1130.0,774_1,29.75,12.94,395.0,2264.86,142.0,5,0.0,224.81,0,tripinfo_EastAveburyToWestA509.63 emissions_EastAveburyToWestA509.63,gasoline_euro4,0.97,36348.367753,1077332.693073,190.188281,21.419529,455.919686,343629.429901,0.0
EastSilburyToEastAvebury.5,480.0,317_0,0.0,0.0,0.0,1132.0,213_0,19.13,11.53,652.0,680.89,517.0,12,0.0,591.45,0,tripinfo_EastSilburyToEastAvebury.5 emissions_EastSilburyToEastAvebury.5,electric,0.83,0.0,0.0,0.0,0.0,0.0,0.0,0.0
EastAveburyToWestA509.70,795.0,483_0,0.0,0.0,0.0,1135.0,774_0,29.75,11.69,340.0,2264.86,88.0,5,0.0,155.25,0,tripinfo_EastAveburyToWestA509.70 emissions_EastAveburyToWestA509.70,gasoline_euro4,0.9,26003.338373,875830.314341,138.533252,16.294164,363.583654,279356.630637,0.0
SouthEvansGateToSilbury.51,918.0,526_0,0.0,0.0,0.0,1136.0,215_1,19.43,12.26,218.0,1477.52,76.0,2,0.0,97.98,0,tripinfo_SouthEvansGateToSilbury.51 emissions_SouthEvansGateToSilbury.51,gasoline_euro4,0.89,17942.403095,595474.837967,95.234694,10.91469,245.173264,189934.307896,0.0
WestH6ToSaxonSt.64,768.0,524_0,0.0,0.0,0.0,1138.0,771_0,56.88,13.89,370.0,2600.53,143.0,5,0.0,185.27,0,tripinfo_WestH6ToSaxonSt.64 emissions_WestH6ToSaxonSt.64,electric,1.02,0.0,0.0,0.0,0.0,0.0,0.0,0.0
SouthEvansGateToSilbury.52,936.0,526_0,0.0,0.0,0.0,1138.0,215_1,19.43,15.19,202.0,1477.52,71.0,2,0.0,109.35,0,tripinfo_SouthEvansGateToSilbury.52 emissions_SouthEvansGateToSilbury.52,electric,1.16,0.0,0.0,0.0,0.0,0.0,0.0,0.0
V6ToEastH6.84,1008.0,468_1,0.0,0.0,0.0,1138.0,522_1,56.88,11.86,130.0,1512.23,0.0,0,0.0,11.81,0,tripinfo_V6ToEastH6.84 emissions_V6ToEastH6.84,gasoline_euro4,0.93,3602.17118,334735.791894,23.707673,4.729792,127.050496,106765.837435,0.0
WestH6ToSaxonSt.73,876.0,524_0,0.0,0.0,0.0,1140.0,771_0,56.88,16.5,264.0,2599.3,66.0,2,0.0,110.96,0,tripinfo_WestH6ToSaxonSt.73 emissions_WestH6ToSaxonSt.73,electric,1.23,0.0,0.0,0.0,0.0,0.0,0.0,0.0
EastAveburyToWestA509.69,786.0,483_0,0.0,0.0,0.0,1141.0,774_0,29.75,10.7,355.0,2254.71,109.0,5,0.0,161.62,0,tripinfo_EastAveburyToWestA509.69 emissions_EastAveburyToWestA509.69,gasoline_euro4,0.85,28209.937158,897844.429756,149.190027,16.601867,372.397714,286379.404756,0.0
V6ToEastH6.85,1020.0,468_1,0.0,0.0,0.0,1142.0,522_1,56.88,13.07,122.0,1512.23,0.0,0,0.0,14.2,0,tripinfo_V6ToEastH6.85 emissions_V6ToEastH6.85,gasoline_euro4,1.01,4013.801147,364878.934785,26.10913,5.537532,140.351201,116379.751772,0.0
SouthEvansGateToSilbury.49,882.0,526_0,0.0,0.0,0.0,1143.0,215_1,19.43,10.04,261.0,1477.63,92.0,3,0.0,121.34,0,tripinfo_SouthEvansGateToSilbury.49 emissions_SouthEvansGateToSilbury.49,gasoline_euro4,0.76,21997.492069,623552.103796,114.587229,11.827738,261.402482,198891.341192,0.0
WestH6ToSaxonSt.70,840.0,524_0,0.0,0.0,0.0,1144.0,771_0,56.88,13.25,304.0,2602.7,72.0,3,0.0,114.28,0,tripinfo_WestH6ToSaxonSt.70 emissions_WestH6ToSaxonSt.70,electric,0.99,0.0,0.0,0.0,0.0,0.0,0.0,0.0
WestH6ToSaxonSt.67,804.0,524_0,0.0,0.0,0.0,1145.0,771_0,56.88,13.66,341.0,2602.68,110.0,4,0.0,165.72,0,tripinfo_WestH6ToSaxonSt.67 emissions_WestH6ToSaxonSt.67,electric,1.07,0.0,0.0,0.0,0.0,0.0,0.0,0.0
SouthEvansGateToSilbury.53,954.0,526_0,0.0,0.0,0.0,1145.0,215_1,19.43,14.09,191.0,1477.59,55.0,1,0.0,87.9,0,tripinfo_SouthEvansGateToSilbury.53 emissions_SouthEvansGateToSilbury.53,electric,1.04,0.0,0.0,0.0,0.0,0.0,0.0,0.0
V6ToEastH6.86,1032.0,468_1,0.0,0.0,0.0,1149.0,522_1,56.88,14.27,117.0,1512.23,0.0,0,0.0,15.05,0,tripinfo_V6ToEastH6.86 emissions_V6ToEastH6.86,gasoline_euro4,1.07,4276.637131,381444.493662,27.553601,6.030506,147.992007,121663.149065,0.0
EastAveburyToWestA509.57,684.0,483_1,0.0,0.0,0.0,1150.0,774_0,29.75,10.56,466.0,2219.91,215.0,8,0.0,270.66,0,tripinfo_EastAveburyToWestA509.57 emissions_EastAveburyToWestA509.57,electric,0.82,0.0,0.0,0.0,0.0,0.0,0.0,0.0
EastAveburyToWestA509.45,582.0,483_1,0.0,0.0,0.0,1155.0,774_0,29.75,10.87,573.0,2328.54,306.0,7,0.0,373.16,0,tripinfo_EastAveburyToWestA509.45 emissions_EastAveburyToWestA509.45,gasoline_euro4,0.87,63240.408495,1492204.972083,322.575645,31.456814,644.821488,475964.511345,0.0
EastA509ToH6.47,846.0,770_0,0.0,0.0,0.0,1155.0,522_0,56.88,13.46,309.0,1483.64,163.0,4,0.0,201.41,0,tripinfo_EastA509ToH6.47 emissions_EastA509ToH6.47,electric,1.0,0.0,0.0,0.0,0.0,0.0,0.0,0.0
EastSilburyToEastAvebury.30,880.0,317_0,0.0,0.0,0.0,1156.0,213_1,19.13,17.9,276.0,2473.18,75.0,2,0.0,137.83,0,tripinfo_EastSilburyToEastAvebury.30 emissions_EastSilburyToEastAvebury.30,gasoline_euro4,1.32,22937.996457,934156.815306,125.473704,18.195858,387.736095,297956.690672,0.0
EastA509ToH6.49,882.0,770_0,0.0,0.0,0.0,1156.0,522_1,56.88,14.02,274.0,1483.69,134.0,3,0.0,171.71,0,tripinfo_EastA509ToH6.49 emissions_EastA509ToH6.49,electric,1.05,0.0,0.0,0.0,0.0,0.0,0.0,0.0
EastA509ToH6.46,828.0,770_0,0.0,0.0,0.0,1157.0,522_0,56.88,14.77,329.0,1483.8,183.0,4,0.0,231.3,0,tripinfo_EastA509ToH6.46 emissions_EastA509ToH6.46,electric,1.1,0.0,0.0,0.0,0.0,0.0,0.0,0.0
SouthEvansGateToSilbury.50,900.0,526_0,0.0,0.0,0.0,1157.0,215_1,19.43,16.21,257.0,1471.73,140.0,3,0.0,170.98,0,tripinfo_SouthEvansGateToSilbury.50 emissions_SouthEvansGateToSilbury.50,gasoline_euro4,1.24,29711.093771,817858.643434,153.97497,17.402206,350.38479,260866.948229,0.0
EastSilburyToEastAvebury.26,816.0,317_0,0.0,0.0,0.0,1159.0,213_0,19.13,12.52,343.0,2473.18,111.0,5,0.0,158.38,0,tripinfo_EastSilburyToEastAvebury.26 emissions_EastSilburyToEastAvebury.26,gasoline_euro4,0.98,28118.179331,947845.350405,149.402178,17.879319,392.612586,302326.492875,0.0
WestA509ToAvebury.48,864.0,773_0,0.0,0.0,0.0,1160.0,213_1,19.13,13.35,296.0,2337.28,86.0,3,0.0,119.93,0,tripinfo_WestA509ToAvebury.48 emissions_WestA509ToAvebury.48,gasoline_euro4,0.97,21650.387508,801039.117955,116.399958,14.380223,326.070003,255500.457336,0.0
WestA509ToAvebury.47,846.0,773_0,0.0,0.0,0.0,1161.0,213_0,19.13,12.57,315.0,2337.25,105.0,3,0.0,141.18,0,tripinfo_WestA509ToAvebury.47 emissions_WestA509ToAvebury.47,gasoline_euro4,0.98,25038.295558,861665.250613,133.170791,15.905236,353.714586,274838.438049,0.0
WestA509ToAvebury.49,882.0,773_0,0.0,0.0,0.0,1162.0,213_1,19.13,14.48,280.0,2336.43,72.0,3,0.0,117.88,0,tripinfo_WestA509ToAvebury.49 emissions_WestA509ToAvebury.49,gasoline_euro4,1.05,20717.51429,821333.153332,112.677129,15.114353,336.478478,261972.07796,0.0
V6ToEastH6.87,1044.0,468_1,0.0,0.0,0.0,1162.0,522_1,56.88,14.36,118.0,1512.23,0.0,0,0.0,14.38,0,tripinfo_V6ToEastH6.87 emissions_V6ToEastH6.87,electric,1.05,0.0,0.0,0.0,0.0,0.0,0.0,0.0
WestA509ToAvebury.50,903.0,773_0,0.0,0.0,3.0,1163.0,213_0,19.13,12.38,260.0,2336.45,43.0,2,0.0,82.48,0,tripinfo_WestA509ToAvebury.50 emissions_WestA509ToAvebury.50,gasoline_euro4,0.96,14682.001434,681367.837058,81.915202,11.332107,271.405551,217328.625042,0.0
EastA509ToH6.48,864.0,770_0,0.0,0.0,0.0,1167.0,522_0,56.88,13.54,303.0,1483.8,145.0,4,0.0,196.62,0,tripinfo_EastA509ToH6.48 emissions_EastA509ToH6.48,electric,1.01,0.0,0.0,0.0,0.0,0.0,0.0,0.0
EastA509ToH6.50,900.0,770_0,0.0,0.0,0.0,1170.0,522_0,56.88,13.34,270.0,1483.8,117.0,3,0.0,159.34,0,tripinfo_EastA509ToH6.50 emissions_EastA509ToH6.50,gasoline_euro4,0.97,26706.720692,737809.314672,138.492171,14.833075,312.903772,235334.97051,0.0
WestH6ToSaxonSt.65,780.0,524_0,0.0,0.0,0.0,1188.0,771_1,56.88,13.94,408.0,2767.87,158.0,5,0.0,216.35,0,tripinfo_WestH6ToSaxonSt.65 emissions_WestH6ToSaxonSt.65,gasoline_euro4,1.08,39185.453533,1262841.154852,207.063925,25.313346,533.239215,402797.441531,0.0
V6ToEastH6.83,996.0,468_1,0.0,0.0,0.0,1190.0,522_0,56.88,11.55,194.0,2060.88,0.0,0,0.0,18.15,0,tripinfo_V6ToEastH6.83 emissions_V6ToEastH6.83,electric,0.85,0.0,0.0,0.0,0.0,0.0,0.0,0.0
V6ToEastH6.89,1068.0,468_1,0.0,0.0,0.0,1190.0,522_1,56.88,13.73,122.0,1512.23,0.0,0,0.0,16.55,0,tripinfo_V6ToEastH6.89 emissions_V6ToEastH6.89,electric,1.04,0.0,0.0,0.0,0.0,0.0,0.0,0.0
WestH6ToSaxonSt.69,828.0,524_0,0.0,0.0,0.0,1198.0,771_1,56.88,13.94,370.0,2574.96,128.0,6,0.0,187.18,0,tripinfo_WestH6ToSaxonSt.69 emissions_WestH6ToSaxonSt.69,gasoline_euro4,1.03,32284.972431,1050804.967762,170.645935,20.117207,436.201885,335167.084209,0.0
WestH6ToSaxonSt.68,816.0,524_0,0.0,0.0,0.0,1200.0,771_1,56.88,15.1,384.0,2767.88,119.0,7,0.0,199.09,0,tripinfo_WestH6ToSaxonSt.68 emissions_WestH6ToSaxonSt.68,gasoline_euro4,1.12,34390.421653,1205350.097376,184.211827,23.819225,506.65088,384458.535957,0.0
WestH6ToSaxonSt.71,852.0,524_0,0.0,0.0,0.0,1201.0,771_1,56.88,15.14,349.0,2767.87,94.0,3,0.0,162.97,0,tripinfo_WestH6ToSaxonSt.71 emissions_WestH6ToSaxonSt.71,gasoline_euro4,1.11,28738.344806,1089471.940746,155.512789,20.913973,452.6497,347497.287665,0.0
WestA509ToEastH6.24,864.0,773_1,0.0,0.0,0.0,1202.0,522_1,56.88,12.02,338.0,3082.3,51.0,2,0.0,98.46,0,tripinfo_WestA509ToEastH6.24 emissions_WestA509ToEastH6.24,electric,0.94,0.0,0.0,0.0,0.0,0.0,0.0,0.0
EastAveburyToWestA509.75,837.0,483_1,0.0,0.0,0.0,1213.0,774_0,29.75,13.79,376.0,2238.62,151.0,6,0.0,213.17,0,tripinfo_EastAveburyToWestA509.75 emissions_EastAveburyToWestA509.75,electric,1.01,0.0,0.0,0.0,0.0,0.0,0.0,0.0
EastSilburyToEastAvebury.27,832.0,317_0,0.0,0.0,0.0,1214.0,213_0,19.13,11.55,382.0,1581.81,205.0,7,0.0,247.89,0,tripinfo_EastSilburyToEastAvebury.27 emissions_EastSilburyToEastAvebury.27,electric,0.86,0.0,0.0,0.0,0.0,0.0,0.0,0.0
V6ToEastH6.91,1092.0,468_1,0.0,0.0,0.0,1215.0,522_1,56.88,13.35,123.0,1512.23,0.0,0,0.0,13.47,0,tripinfo_V6ToEastH6.91 emissions_V6ToEastH6.91,electric,1.0,0.0,0.0,0.0,0.0,0.0,0.0,0.0
EastSilburyToEastAvebury.6,496.0,317_0,0.0,0.0,0.0,1216.0,213_0,19.13,14.11,720.0,680.92,578.0,13,0.0,672.44,0,tripinfo_EastSilburyToEastAvebury.6 emissions_EastSilburyToEastAvebury.6,electric,1.06,0.0,0.0,0.0,0.0,0.0,0.0,0.0
EastAveburyToWestA509.73,820.0,483_1,0.0,0.0,0.0,1221.0,774_2,29.75,13.53,401.0,2218.4,198.0,7,0.0,250.16,0,tripinfo_EastAveburyToWestA509.73 emissions_EastAveburyToWestA509.73,electric,1.07,0.0,0.0,0.0,0.0,0.0,0.0,0.0
EastAveburyToWestA509.74,829.0,483_1,0.0,0.0,0.0,1222.0,774_0,29.75,12.4,393.0,2238.84,156.0,6,0.0,222.45,0,tripinfo_EastAveburyToWestA509.74 emissions_EastAveburyToWestA509.74,electric,0.96,0.0,0.0,0.0,0.0,0.0,0.0,0.0
WestA509ToEastH6.25,900.0,773_0,0.0,0.0,0.0,1222.0,522_0,56.88,11.73,322.0,2754.93,57.0,3,0.0,98.6,0,tripinfo_WestA509ToEastH6.25 emissions_WestA509ToEastH6.25,gasoline_euro4,0.89,18491.918456,816543.380932,102.484712,13.369566,324.818568,260444.942908,0.0
EastAveburyToWestA509.78,863.0,483_1,0.0,0.0,0.0,1224.0,774_2,29.75,13.45,361.0,2215.02,147.0,7,0.0,205.33,0,tripinfo_EastAveburyToWestA509.78 emissions_EastAveburyToWestA509.78,gasoline_euro4,1.03,34796.140584,1015693.074942,181.191692,20.05176,425.894097,323969.24592,0.0
SouthEvansGateToSilbury.54,972.0,526_0,0.0,0.0,0.0,1224.0,215_1,19.43,12.59,252.0,1477.59,115.0,2,0.0,137.78,0,tripinfo_SouthEvansGateToSilbury.54 emissions_SouthEvansGateToSilbury.54,electric,0.94,0.0,0.0,0.0,0.0,0.0,0.0,0.0
SouthEvansGateToSilbury.56,1008.0,526_0,0.0,0.0,0.0,1225.0,215_1,19.43,12.63,217.0,1477.55,74.0,3,0.0,105.32,0,tripinfo_SouthEvansGateToSilbury.56 emissions_SouthEvansGateToSilbury.56,electric,0.96,0.0,0.0,0.0,0.0,0.0,0.0,0.0
SouthEvansGateToSilbury.58,1044.0,526_0,0.0,0.0,0.0,1227.0,215_1,19.43,14.3,183.0,1477.59,54.0,1,0.0,79.02,0,tripinfo_SouthEvansGateToSilbury.58 emissions_SouthEvansGateToSilbury.58,electric,1.03,0.0,0.0,0.0,0.0,0.0,0.0,0.0
WestH6ToSaxonSt.77,924.0,524_0,0.0,0.0,0.0,1229.0,771_0,56.88,14.21,305.0,2609.14,84.0,3,0.0,127.67,0,tripinfo_WestH6ToSaxonSt.77 emissions_WestH6ToSaxonSt.77,electric,1.08,0.0,0.0,0.0,0.0,0.0,0.0,0.0
WestH6ToSaxonSt.75,900.0,524_0,0.0,0.0,0.0,1231.0,771_0,56.88,14.29,331.0,2612.31,109.0,4,0.0,157.64,0,tripinfo_WestH6ToSaxonSt.75 emissions_WestH6ToSaxonSt.75,electric,1.11,0.0,0.0,0.0,0.0,0.0,0.0,0.0
EastA509ToH6.52,936.0,770_0,0.0,0.0,0.0,1231.0,522_0,56.88,14.56,295.0,1483.69,160.0,5,0.0,199.71,0,tripinfo_EastA509ToH6.52 emissions_EastA509ToH6.52,electric,1.12,0.0,0.0,0.0,0.0,0.0,0.0,0.0
EastAveburyToWestA509.80,880.0,483_1,0.0,0.0,0.0,1232.0,774_0,29.75,11.52,352.0,2311.97,85.0,5,0.0,143.02,0,tripinfo_EastAveburyToWestA509.80 emissions_EastAveburyToWestA509.80,electric,0.83,0.0,0.0,0.0,0.0,0.0,0.0,0.0
EastAveburyToWestA509.46,591.0,483_1,0.0,0.0,0.0,1233.0,774_1,29.75,11.36,642.0,2328.54,361.0,8,0.0,439.1,0,tripinfo_EastAveburyToWestA509.46 emissions_EastAveburyToWestA509.46,gasoline_euro4,0.85,74173.650096,1684281.87495,376.984751,36.168663,732.896981,537231.711767,0.0
SouthEvansGateToSilbury.62,1116.0,526_0,0.0,0.0,0.0,1236.0,215_1,19.43,13.37,120.0,1477.52,0.0,0,0.0,11.42,0,tripinfo_SouthEvansGateToSilbury.62 emissions_SouthEvansGateToSilbury.62,electric,0.99,0.0,0.0,0.0,0.0,0.0,0.0,0.0
WestH6ToSaxonSt.72,864.0,524_0,0.0,0.0,0.0,1238.0,771_0,56.88,12.04,374.0,2608.48,123.0,3,0.0,157.33,0,tripinfo_WestH6ToSaxonSt.72 emissions_WestH6ToSaxonSt.72,electric,0.88,0.0,0.0,0.0,0.0,0.0,0.0,0.0
EastA509ToH6.51,918.0,770_0,0.0,0.0,0.0,1238.0,522_0,56.88,12.69,320.0,1483.8,166.0,5,0.0,209.88,0,tripinfo_EastA509ToH6.51 emissions_EastA509ToH6.51,gasoline_euro4,0.98,35760.107538,922731.861104,184.209952,19.431494,397.703838,294319.168523,0.0
EastAveburyToWestA509.85,922.0,483_1,0.0,0.0,0.0,1239.0,774_0,29.75,11.68,317.0,2308.5,58.0,4,0.0,118.72,0,tripinfo_EastAveburyToWestA509.85 emissions_EastAveburyToWestA509.85,electric,0.86,0.0,0.0,0.0,0.0,0.0,0.0,0.0
WestH6ToSaxonSt.83,996.0,524_0,0.0,0.0,0.0,1240.0,771_0,56.88,15.97,244.0,2614.23,31.0,1,0.0,81.15,0,tripinfo_WestH6ToSaxonSt.83 emissions_WestH6ToSaxonSt.83,electric,1.18,0.0,0.0,0.0,0.0,0.0,0.0,0.0
WestH6ToSaxonSt.84,1008.0,524_0,0.0,0.0,0.0,1241.0,771_0,56.88,14.53,233.0,2600.53,19.0,2,0.0,63.84,0,tripinfo_WestH6ToSaxonSt.84 emissions_WestH6ToSaxonSt.84,electric,1.11,0.0,0.0,0.0,0.0,0.0,0.0,0.0
EastSilburyToEastAvebury.32,912.0,317_0,0.0,0.0,0.0,1245.0,213_0,19.13,16.44,333.0,2473.18,129.0,6,0.0,181.68,0,tripinfo_EastSilburyToEastAvebury.32 emissions_EastSilburyToEastAvebury.32,gasoline_euro4,1.2,32251.304638,1063127.436832,170.598063,21.186267,443.755467,339096.299026,0.0
V6ToEastH6.92,1104.0,468_1,0.0,0.0,0.0,1245.0,522_0,56.88,11.47,141.0,1512.23,0.0,0,0.0,11.39,0,tripinfo_V6ToEastH6.92 emissions_V6ToEastH6.92,gasoline_euro4,0.84,4002.435954,343491.116185,25.990589,4.643397,130.305562,109558.76498,0.0
SouthEvansGateToSilbury.55,990.0,526_0,0.0,0.0,0.0,1246.0,215_1,19.43,13.77,256.0,1471.71,129.0,3,0.0,153.88,0,tripinfo_SouthEvansGateToSilbury.55 emissions_SouthEvansGateToSilbury.55,gasoline_euro4,1.04,26680.187931,734057.976771,137.933003,14.90031,310.621602,234138.364965,0.0
V6ToEastH6.93,1116.0,468_1,0.0,0.0,0.0,1246.0,522_1,56.88,12.86,130.0,1512.23,0.0,0,0.0,16.04,0,tripinfo_V6ToEastH6.93 emissions_V6ToEastH6.93,gasoline_euro4,0.96,4305.525426,367036.509305,27.71614,5.62223,142.428784,117068.022936,0.0
WestA509ToAvebury.52,939.0,773_0,0.0,0.0,3.0,1247.0,213_1,19.13,12.44,308.0,2336.41,83.0,3,0.0,123.07,0,tripinfo_WestA509ToAvebury.52 emissions_WestA509ToAvebury.52,gasoline_euro4,0.92,22360.514743,834421.558591,120.805447,14.975481,341.48291,266147.989478,0.0
WestA509ToAvebury.56,1011.0,773_0,0.0,0.0,3.0,1247.0,213_0,19.13,16.23,236.0,2336.45,35.0,2,0.0,98.63,0,tripinfo_WestA509ToAvebury.56 emissions_WestA509ToAvebury.56,gasoline_euro4,1.24,15105.771133,749305.696022,85.711384,13.789464,306.396063,238995.850755,0.0
WestA509ToAvebury.53,954.0,773_0,0.0,0.0,0.0,1248.0,213_1,19.13,13.91,294.0,2336.43,77.0,2,0.0,130.53,0,tripinfo_WestA509ToAvebury.53 emissions_WestA509ToAvebury.53,gasoline_euro4,1.04,21565.072659,821745.894918,116.880525,15.154295,338.593405,262104.165987,0.0
V6ToEastH6.88,1056.0,468_1,0.0,0.0,0.0,1248.0,522_1,56.88,13.56,192.0,2060.88,11.0,1,0.0,40.38,0,tripinfo_V6ToEastH6.88 emissions_V6ToEastH6.88,electric,0.99,0.0,0.0,0.0,0.0,0.0,0.0,0.0
EastA509ToH6.53,954.0,770_0,0.0,0.0,0.0,1252.0,522_0,56.88,12.55,298.0,1483.75,130.0,6,0.0,183.71,0,tripinfo_EastA509ToH6.53 emissions_EastA509ToH6.53,gasoline_euro4,0.94,30531.596397,821551.65239,157.823448,16.741998,350.327432,262046.027159,0.0
V6ToEastH6.94,1128.0,468_1,0.0,0.0,0.0,1254.0,522_1,56.88,12.34,126.0,1512.23,0.0,0,0.0,14.73,0,tripinfo_V6ToEastH6.94 emissions_V6ToEastH6.94,gasoline_euro4,0.98,4077.037037,363293.698713,26.611563,5.493198,140.448637,115874.197014,0.0
EastA509ToH6.54,972.0,770_0,0.0,0.0,0.0,1258.0,522_0,56.88,13.75,286.0,1483.8,111.0,5,0.0,181.67,0,tripinfo_EastA509ToH6.54 emissions_EastA509ToH6.54,gasoline_euro4,1.03,30007.702129,841736.721067,156.072265,17.508923,361.528724,268483.106867,0.0
EastA509ToH6.55,990.0,770_0,0.0,0.0,0.0,1259.0,522_1,56.88,13.82,269.0,1483.8,107.0,6,0.0,170.29,0,tripinfo_EastA509ToH6.55 emissions_EastA509ToH6.55,electric,1.08,0.0,0.0,0.0,0.0,0.0,0.0,0.0
V6ToEastH6.96,1152.0,468_1,0.0,0.0,0.0,1278.0,522_1,56.88,12.33,126.0,1512.23,0.0,0,0.0,13.9,0,tripinfo_V6ToEastH6.96 emissions_V6ToEastH6.96,gasoline_euro4,0.98,3877.100947,353036.305792,25.259906,5.223701,135.503851,112602.621302,0.0
WestH6ToSaxonSt.74,888.0,524_0,0.0,0.0,0.0,1279.0,771_1,56.88,13.64,391.0,2767.87,127.0,5,0.0,192.02,0,tripinfo_WestH6ToSaxonSt.74 emissions_WestH6ToSaxonSt.74,gasoline_euro4,1.04,34326.513295,1159957.49291,182.760876,22.533837,485.154861,369981.345009,0.0
V6ToEastH6.97,1164.0,468_1,0.0,0.0,0.0,1287.0,522_1,56.88,12.54,123.0,1512.23,0.0,0,0.0,13.21,0,tripinfo_V6ToEastH6.97 emissions_V6ToEastH6.97,gasoline_euro4,1.0,3916.847183,360908.48162,25.746616,5.459405,138.950889,115113.353866,0.0
EastAveburyToWestA509.72,812.0,483_0,0.0,0.0,0.0,1288.0,774_0,29.75,14.58,476.0,2257.79,265.0,6,0.0,331.21,0,tripinfo_EastAveburyToWestA509.72 emissions_EastAveburyToWestA509.72,gasoline_euro4,1.14,55413.443194,1401353.602162,284.228769,30.069896,604.691249,446982.860525,0.0
EastSilburyToEastAvebury.7,512.0,317_0,0.0,0.0,0.0,1290.0,213_0,19.13,12.31,778.0,1581.86,569.0,13,0.0,658.84,0,tripinfo_EastSilburyToEastAvebury.7 emissions_EastSilburyToEastAvebury.7,electric,0.97,0.0,0.0,0.0,0.0,0.0,0.0,0.0
WestH6ToSaxonSt.79,948.0,524_0,0.0,0.0,0.0,1292.0,771_1,56.88,13.16,344.0,2574.96,103.0,4,0.0,154.75,0,tripinfo_WestH6ToSaxonSt.79 emissions_WestH6ToSaxonSt.79,gasoline_euro4,1.0,27053.522983,938790.15532,144.184992,17.265784,384.512873,299438.307921,0.0
EastSilburyToEastAvebury.3,448.0,317_0,0.0,0.0,0.0,1293.0,213_0,19.13,11.24,845.0,1576.66,618.0,13,0.0,713.11,0,tripinfo_EastSilburyToEastAvebury.3 emissions_EastSilburyToEastAvebury.3,electric,0.87,0.0,0.0,0.0,0.0,0.0,0.0,0.0
V6ToEastH6.98,1176.0,468_1,0.0,0.0,0.0,1293.0,522_1,56.88,14.09,117.0,1512.23,0.0,0,0.0,13.53,0,tripinfo_V6ToEastH6.98 emissions_V6ToEastH6.98,electric,1.06,0.0,0.0,0.0,0.0,0.0,0.0,0.0
WestA509ToAvebury.51,918.0,773_0,0.0,0.0,0.0,1295.0,213_0,19.13,12.42,377.0,2328.43,159.0,8,0.0,205.2,0,tripinfo_WestA509ToAvebury.51 emissions_WestA509ToAvebury.51,gasoline_euro4,0.99,35194.542692,1018755.502264,183.019999,19.866849,426.117313,324946.523569,0.0
EastSilburyToEastAvebury.8,528.0,317_0,0.0,0.0,0.0,1297.0,213_0,19.13,13.42,769.0,1576.66,553.0,12,0.0,649.73,0,tripinfo_EastSilburyToEastAvebury.8 emissions_EastSilburyToEastAvebury.8,electric,0.97,0.0,0.0,0.0,0.0,0.0,0.0,0.0
EastAveburyToWestA509.99,1041.0,483_1,0.0,0.0,0.0,1298.0,774_0,29.75,12.53,257.0,2311.97,18.0,2,0.0,66.98,0,tripinfo_EastAveburyToWestA509.99 emissions_EastAveburyToWestA509.99,electric,0.92,0.0,0.0,0.0,0.0,0.0,0.0,0.0
WestA509ToEastH6.28,1008.0,773_0,0.0,0.0,0.0,1299.0,522_0,56.88,14.98,291.0,2754.12,52.0,2,0.0,119.38,0,tripinfo_WestA509ToEastH6.28 emissions_WestA509ToEastH6.28,gasoline_euro4,1.17,17699.892864,818116.801634,98.713385,14.470015,329.883512,260945.03734,0.0
EastAveburyToWestA509.71,803.0,483_0,0.0,0.0,0.0,1300.0,774_0,29.75,12.22,497.0,2257.77,258.0,6,0.0,318.98,0,tripinfo_EastAveburyToWestA509.71 emissions_EastAveburyToWestA509.71,gasoline_euro4,0.93,53975.687191,1323506.573202,276.289498,27.760741,569.992816,422154.092991,0.0
EastAveburyToWestA509.100,1050.0,483_1,0.0,0.0,0.0,1302.0,774_0,29.75,12.84,252.0,2308.5,17.0,2,0.0,75.8,0,tripinfo_EastAveburyToWestA509.100 emissions_EastAveburyToWestA509.100,electric,0.97,0.0,0.0,0.0,0.0,0.0,0.0,0.0
V6ToEastH6.90,1080.0,468_1,0.0,0.0,0.0,1306.0,522_1,56.88,14.76,226.0,2023.91,47.0,2,0.0,94.47,0,tripinfo_V6ToEastH6.90 emissions_V6ToEastH6.90,gasoline_euro4,1.12,14881.853006,652720.835653,82.22704,11.435488,262.9903,208191.241569,0.0
WestA509ToEastH6.27,972.0,773_0,0.0,0.0,0.0,1307.0,522_0,56.88,11.72,335.0,2754.07,62.0,3,0.0,108.08,0,tripinfo_WestA509ToEastH6.27 emissions_WestA509ToEastH6.27,gasoline_euro4,0.88,20476.710965,856749.169182,112.944491,14.78907,347.570102,273268.684546,0.0
EastAveburyToWestA509.79,871.0,483_1,0.0,0.0,0.0,1312.0,774_1,29.75,13.8,441.0,2219.98,236.0,5,0.0,287.42,0,tripinfo_EastAveburyToWestA509.79 emissions_EastAveburyToWestA509.79,gasoline_euro4,1.05,48606.785219,1207069.761332,248.833777,25.390334,517.43189,385014.291469,0.0
WestH6ToSaxonSt.86,1032.0,524_0,0.0,0.0,0.0,1312.0,771_0,56.88,13.83,280.0,2613.57,68.0,2,0.0,102.46,0,tripinfo_WestH6ToSaxonSt.86 emissions_WestH6ToSaxonSt.86,electric,1.08,0.0,0.0,0.0,0.0,0.0,0.0,0.0
SouthEvansGateToSilbury.60,1080.0,526_0,0.0,0.0,0.0,1312.0,215_1,19.43,12.18,232.0,1477.62,94.0,2,0.0,117.29,0,tripinfo_SouthEvansGateToSilbury.60 emissions_SouthEvansGateToSilbury.60,electric,0.93,0.0,0.0,0.0,0.0,0.0,0.0,0.0
WestA509ToEastH6.26,936.0,773_0,0.0,0.0,0.0,1318.0,522_0,56.88,9.49,382.0,2754.89,80.0,3,0.0,121.38,0,tripinfo_WestA509ToEastH6.26 emissions_WestA509ToEastH6.26,gasoline_euro4,0.77,23835.367406,875445.50276,128.62124,14.624755,353.545401,279234.367023,0.0
EastAveburyToWestA509.56,676.0,483_1,0.0,0.0,0.0,1325.0,774_0,29.75,10.86,649.0,2328.54,373.0,9,0.0,451.03,0,tripinfo_EastAveburyToWestA509.56 emissions_EastAveburyToWestA509.56,gasoline_euro4,0.87,75281.296844,1690475.903633,382.101154,36.558997,736.954456,539207.653288,0.0
V6ToEastH6.100,1200.0,468_1,0.0,0.0,0.0,1326.0,522_1,56.88,13.66,126.0,1512.23,0.0,0,0.0,16.55,0,tripinfo_V6ToEastH6.100 emissions_V6ToEastH6.100,electric,1.0,0.0,0.0,0.0,0.0,0.0,0.0,0.0
EastAveburyToWestA509.58,693.0,483_1,0.0,0.0,0.0,1327.0,774_0,29.75,13.0,634.0,2328.54,354.0,6,0.0,452.63,0,tripinfo_EastAveburyToWestA509.58 emissions_EastAveburyToWestA509.58,gasoline_euro4,0.96,73827.255636,1696872.860089,375.597663,36.883161,740.738095,541246.751267,0.0
V6ToEastH6.99,1188.0,468_1,0.0,0.0,0.0,1332.0,522_0,56.88,10.95,144.0,1512.23,3.0,1,0.0,18.69,0,tripinfo_V6ToEastH6.99 emissions_V6ToEastH6.99,gasoline_euro4,0.87,4736.580555,356255.981766,29.687144,5.042111,136.640172,113630.312544,0.0
V6ToEastH6.101,1212.0,468_1,0.0,0.0,0.0,1332.0,522_1,56.88,14.87,120.0,1512.23,0.0,0,0.0,23.5,0,tripinfo_V6ToEastH6.101 emissions_V6ToEastH6.101,gasoline_euro4,1.13,5259.14009,409752.566055,33.206842,7.080637,163.992695,130691.853405,0.0
SouthEvansGateToSilbury.59,1062.0,526_0,0.0,0.0,0.0,1333.0,215_1,19.43,16.19,271.0,1471.71,144.0,5,0.0,182.6,0,tripinfo_SouthEvansGateToSilbury.59 emissions_SouthEvansGateToSilbury.59,gasoline_euro4,1.21,30825.549715,845868.612668,159.676497,17.966836,362.602109,269801.139611,0.0
WestA509ToAvebury.60,1083.0,773_0,0.0,0.0,3.0,1333.0,213_1,19.13,15.5,250.0,2336.43,65.0,2,0.0,104.0,0,tripinfo_WestA509ToAvebury.60 emissions_WestA509ToAvebury.60,gasoline_euro4,1.17,18839.807877,794991.75082,103.447269,14.932518,326.18691,253569.157638,0.0
EastSilburyToEastAvebury.37,992.0,317_0,0.0,0.0,0.0,1334.0,213_0,19.13,15.09,342.0,2473.2,135.0,6,0.0,180.86,0,tripinfo_EastSilburyToEastAvebury.37 emissions_EastSilburyToEastAvebury.37,gasoline_euro4,1.13,32111.236107,1046767.972561,169.53779,20.661598,436.609064,333878.686442,0.0
SouthEvansGateToSilbury.57,1026.0,526_0,0.0,0.0,0.0,1335.0,215_1,19.43,14.9,309.0,1471.73,177.0,4,0.0,211.83,0,tripinfo_SouthEvansGateToSilbury.57 emissions_SouthEvansGateToSilbury.57,gasoline_euro4,1.09,36494.519076,931174.830679,187.664571,19.992419,402.578457,297012.041449,0.0
EastSilburyToEastAvebury.40,1040.0,317_0,0.0,0.0,0.0,1337.0,213_1,19.13,11.47,297.0,2473.19,57.0,4,0.0,98.15,0,tripinfo_EastSilburyToEastAvebury.40 emissions_EastSilburyToEastAvebury.40,gasoline_euro4,0.91,18739.802496,781216.660361,103.095068,13.435658,315.67253,249176.992106,0.0
WestA509ToAvebury.59,1062.0,773_0,0.0,0.0,0.0,1337.0,213_0,19.13,13.24,275.0,2336.4,69.0,3,0.0,102.87,0,tripinfo_WestA509ToAvebury.59 emissions_WestA509ToAvebury.59,gasoline_euro4,0.99,18646.019113,762459.690561,101.295212,13.27345,306.48392,243194.328674,0.0
SouthEvansGateToSilbury.61,1098.0,526_0,0.0,0.0,0.0,1337.0,215_1,19.43,15.06,239.0,1471.73,118.0,3,0.0,147.68,0,tripinfo_SouthEvansGateToSilbury.61 emissions_SouthEvansGateToSilbury.61,gasoline_euro4,1.17,25536.469568,727424.135857,132.636095,15.064416,308.846321,232021.507131,0.0
EastA509ToH6.57,1026.0,770_0,0.0,0.0,0.0,1338.0,522_0,56.88,13.15,312.0,1483.69,154.0,8,0.0,205.27,0,tripinfo_EastA509ToH6.57 emissions_EastA509ToH6.57,gasoline_euro4,1.01,34044.966194,882220.732797,175.192468,18.315225,377.480627,281397.778439,0.0
V6ToEastH6.102,1224.0,468_1,0.0,0.0,0.0,1339.0,522_1,56.88,14.34,115.0,1512.23,0.0,0,0.0,16.49,0,tripinfo_V6ToEastH6.102 emissions_V6ToEastH6.102,electric,1.11,0.0,0.0,0.0,0.0,0.0,0.0,0.0
EastA509ToH6.56,1008.0,770_0,0.0,0.0,0.0,1345.0,522_0,56.88,14.17,337.0,1483.8,168.0,7,0.0,236.24,0,tripinfo_EastA509ToH6.56 emissions_EastA509ToH6.56,gasoline_euro4,1.07,38690.078382,967738.547626,198.260732,20.604852,417.755547,308675.206941,0.0
EastA509ToH6.58,1044.0,770_0,0.0,0.0,0.0,1349.0,522_0,56.88,13.49,305.0,1483.8,128.0,7,0.0,194.91,0,tripinfo_EastA509ToH6.58 emissions_EastA509ToH6.58,electric,0.98,0.0,0.0,0.0,0.0,0.0,0.0,0.0
V6ToEastH6.103,1236.0,468_1,0.0,0.0,0.0,1354.0,522_1,56.88,15.26,118.0,1512.23,2.0,1,0.0,20.91,0,tripinfo_V6ToEastH6.103 emissions_V6ToEastH6.103,electric,1.13,0.0,0.0,0.0,0.0,0.0,0.0,0.0
WestA509ToEastH6.29,1044.0,773_1,0.0,0.0,0.0,1360.0,522_1,56.88,13.22,316.0,3082.3,54.0,2,0.0,96.5,0,tripinfo_WestA509ToEastH6.29 emissions_WestA509ToEastH6.29,electric,1.03,0.0,0.0,0.0,0.0,0.0,0.0,0.0
EastAveburyToWestA509.110,1135.0,483_1,0.0,0.0,0.0,1362.0,774_0,29.75,16.49,227.0,2308.45,10.0,3,0.0,89.81,0,tripinfo_EastAveburyToWestA509.110 emissions_EastAveburyToWestA509.110,electric,1.24,0.0,0.0,0.0,0.0,0.0,0.0,0.0
V6ToEastH6.104,1248.0,468_1,0.0,0.0,0.0,1369.0,522_1,56.88,13.85,121.0,1512.23,0.0,0,0.0,14.67,0,tripinfo_V6ToEastH6.104 emissions_V6ToEastH6.104,gasoline_euro4,1.03,4381.833274,382479.58093,28.170438,6.02735,148.681201,121993.391761,0.0
WestH6ToSaxonSt.81,972.0,524_0,0.0,0.0,0.0,1372.0,771_1,56.88,13.53,400.0,2574.97,168.0,6,0.0,218.86,0,tripinfo_WestH6ToSaxonSt.81 emissions_WestH6ToSaxonSt.81,gasoline_euro4,1.04,37743.134415,1125107.667141,197.266441,22.191727,471.736429,358868.090817,0.0
EastAveburyToWestA509.94,999.0,483_0,0.0,0.0,0.0,1376.0,774_0,29.75,14.08,377.0,2254.73,176.0,5,0.0,228.19,0,tripinfo_EastAveburyToWestA509.94 emissions_EastAveburyToWestA509.94,gasoline_euro4,1.11,39263.124945,1118543.712106,204.332005,23.052009,476.082497,356774.354,0.0
V6ToEastH6.105,1260.0,468_1,0.0,0.0,0.0,1380.0,522_1,56.88,13.44,120.0,1512.23,0.0,0,0.0,12.67,0,tripinfo_V6ToEastH6.105 emissions_V6ToEastH6.105,gasoline_euro4,1.02,3701.408461,355577.227372,24.498277,5.306828,136.098475,113412.897409,0.0
WestH6ToSaxonSt.76,912.0,524_0,0.0,0.0,0.0,1382.0,771_1,56.88,11.51,470.0,2767.85,172.0,8,0.0,233.93,0,tripinfo_WestH6ToSaxonSt.76 emissions_WestH6ToSaxonSt.76,gasoline_euro4,0.88,41627.329187,1226299.304206,217.846003,23.732632,515.519147,391145.189189,0.0
WestH6ToSaxonSt.78,936.0,524_0,0.0,0.0,0.0,1383.0,771_1,56.88,13.36,447.0,2767.85,169.0,7,0.0,241.49,0,tripinfo_WestH6ToSaxonSt.78 emissions_WestH6ToSaxonSt.78,gasoline_euro4,1.01,42009.270301,1293927.277119,220.93974,25.534052,545.504098,412714.322735,0.0
EastSilburyToEastAvebury.41,1056.0,317_0,0.0,0.0,0.0,1383.0,213_0,19.13,13.73,327.0,1581.8,170.0,8,0.0,213.04,0,tripinfo_EastSilburyToEastAvebury.41 emissions_EastSilburyToEastAvebury.41,electric,1.01,0.0,0.0,0.0,0.0,0.0,0.0,0.0
EastAveburyToWestA509.96,1016.0,483_0,0.0,0.0,0.0,1384.0,774_0,29.75,13.05,368.0,2254.71,153.0,6,0.0,205.91,0,tripinfo_EastAveburyToWestA509.96 emissions_EastAveburyToWestA509.96,gasoline_euro4,1.02,35971.677961,1067315.718118,188.209235,21.446027,451.781137,340434.166642,0.0
WestA509ToAvebury.21,378.0,773_0,0.0,0.0,0.0,1387.0,213_0,19.13,11.62,1009.0,2288.57,703.0,18,0.0,820.43,0,tripinfo_WestA509ToAvebury.21 emissions_WestA509ToAvebury.21,electric,0.88,0.0,0.0,0.0,0.0,0.0,0.0,0.0
WestA509ToAvebury.22,399.0,773_0,0.0,0.0,3.0,1389.0,213_0,19.13,14.23,990.0,2287.02,699.0,21,0.0,837.18,0,tripinfo_WestA509ToAvebury.22 emissions_WestA509ToAvebury.22,electric,1.09,0.0,0.0,0.0,0.0,0.0,0.0,0.0
EastAveburyToWestA509.88,948.0,483_1,0.0,0.0,0.0,1389.0,774_1,29.75,13.73,441.0,2219.98,224.0,7,0.0,288.84,0,tripinfo_EastAveburyToWestA509.88 emissions_EastAveburyToWestA509.88,electric,1.06,0.0,0.0,0.0,0.0,0.0,0.0,0.0
EastAveburyToWestA509.102,1067.0,483_0,0.0,0.0,0.0,1389.0,774_0,29.75,13.37,322.0,2258.11,110.0,3,0.0,151.04,0,tripinfo_EastAveburyToWestA509.102 emissions_EastAveburyToWestA509.102,gasoline_euro4,0.97,27216.08251,920739.104167,144.850884,17.435468,382.469872,293680.479763,0.0
V6ToEastH6.95,1140.0,468_1,0.0,0.0,0.0,1393.0,522_0,56.88,12.62,253.0,2023.91,61.0,3,0.0,95.2,0,tripinfo_V6ToEastH6.95 emissions_V6ToEastH6.95,gasoline_euro4,0.93,17071.003754,667674.79818,92.795934,11.774193,271.243342,212962.021331,0.0
EastAveburyToWestA509.104,1084.0,483_0,0.0,0.0,0.0,1395.0,774_0,29.75,12.14,311.0,2258.11,90.0,3,0.0,128.0,0,tripinfo_EastAveburyToWestA509.104 emissions_EastAveburyToWestA509.104,electric,0.9,0.0,0.0,0.0,0.0,0.0,0.0,0.0
WestA509ToEastH6.30,1080.0,773_0,0.0,0.0,0.0,1398.0,522_0,56.88,10.72,318.0,2754.93,51.0,2,0.0,82.15,0,tripinfo_WestA509ToEastH6.30 emissions_WestA509ToEastH6.30,gasoline_euro4,0.85,16046.92994,740889.140328,89.986884,11.525385,291.446749,236314.443971,0.0
SouthEvansGateToSilbury.64,1152.0,526_0,0.0,0.0,0.0,1401.0,215_1,19.43,12.48,249.0,1477.59,109.0,3,0.0,137.94,0,tripinfo_SouthEvansGateToSilbury.64 emissions_SouthEvansGateToSilbury.64,electric,0.97,0.0,0.0,0.0,0.0,0.0,0.0,0.0
SouthEvansGateToSilbury.65,1170.0,526_0,0.0,0.0,0.0,1403.0,215_1,19.43,12.08,233.0,1477.52,87.0,3,0.0,117.8,0,tripinfo_SouthEvansGateToSilbury.65 emissions_SouthEvansGateToSilbury.65,electric,0.93,0.0,0.0,0.0,0.0,0.0,0.0,0.0
EastAveburyToWestA509.87,939.0,483_1,0.0,0.0,0.0,1405.0,774_0,29.75,13.71,466.0,2325.48,229.0,12,0.0,300.87,0,tripinfo_EastAveburyToWestA509.87 emissions_EastAveburyToWestA509.87,gasoline_euro4,1.06,51499.273166,1370956.405776,265.761496,28.652434,588.524611,437286.280534,0.0
WestH6ToSaxonSt.89,1068.0,524_0,0.0,0.0,0.0,1405.0,771_0,56.88,13.58,337.0,2613.57,104.0,4,0.0,144.26,0,tripinfo_WestH6ToSaxonSt.89 emissions_WestH6ToSaxonSt.89,electric,0.99,0.0,0.0,0.0,0.0,0.0,0.0,0.0
V6ToEastH6.106,1272.0,468_1,0.0,0.0,0.0,1406.0,522_1,56.88,11.68,134.0,1512.23,0.0,0,0.0,13.03,0,tripinfo_V6ToEastH6.106 emissions_V6ToEastH6.106,electric,0.91,0.0,0.0,0.0,0.0,0.0,0.0,0.0
V6ToEastH6.107,1284.0,468_1,0.0,0.0,0.0,1407.0,522_1,56.88,13.55,123.0,1512.23,0.0,0,0.0,17.62,0,tripinfo_V6ToEastH6.107 emissions_V6ToEastH6.107,electric,1.04,0.0,0.0,0.0,0.0,0.0,0.0,0.0
WestA509ToEastH6.31,1116.0,773_0,0.0,0.0,0.0,1409.0,522_0,56.88,12.93,293.0,2754.12,58.0,3,0.0,94.04,0,tripinfo_WestA509ToEastH6.31 emissions_WestA509ToEastH6.31,gasoline_euro4,1.0,17490.471017,802090.102254,97.257305,13.628857,319.964833,255833.942213,0.0
EastAveburyToWestA509.95,1007.0,483_1,0.0,0.0,0.0,1410.0,774_0,29.75,11.71,403.0,2219.9,181.0,7,0.0,229.35,0,tripinfo_EastAveburyToWestA509.95 emissions_EastAveburyToWestA509.95,electric,0.93,0.0,0.0,0.0,0.0,0.0,0.0,0.0
EastA509ToH6.59,1062.0,770_0,0.0,0.0,0.0,1411.0,522_0,56.88,13.17,349.0,1483.8,175.0,7,0.0,243.77,0,tripinfo_EastA509ToH6.59 emissions_EastA509ToH6.59,electric,1.02,0.0,0.0,0.0,0.0,0.0,0.0,0.0
EastAveburyToWestA509.67,769.0,483_1,0.0,0.0,0.0,1412.0,774_0,29.75,13.84,643.0,2328.55,358.0,13,0.0,471.01,0,tripinfo_EastAveburyToWestA509.67 emissions_EastAveburyToWestA509.67,gasoline_euro4,1.01,77205.660213,1783123.112466,392.627139,38.742061,777.01085,568757.554048,0.0
WestH6ToSaxonSt.92,1104.0,524_0,0.0,0.0,0.0,1414.0,771_0,56.88,11.59,310.0,2613.57,61.0,1,0.0,97.6,0,tripinfo_WestH6ToSaxonSt.92 emissions_WestH6ToSaxonSt.92,electric,0.9,0.0,0.0,0.0,0.0,0.0,0.0,0.0
EastAveburyToWestA509.68,778.0,483_1,0.0,0.0,0.0,1415.0,774_0,29.75,15.18,637.0,2328.54,345.0,12,0.0,477.43,0,tripinfo_EastAveburyToWestA509.68 emissions_EastAveburyToWestA509.68,gasoline_euro4,1.1,76854.332669,1806529.521906,391.710292,39.432702,788.288663,576222.344986,0.0
WestH6ToSaxonSt.90,1080.0,524_0,0.0,0.0,0.0,1415.0,771_0,56.88,13.95,335.0,2599.3,99.0,4,0.0,164.25,0,tripinfo_WestH6ToSaxonSt.90 emissions_WestH6ToSaxonSt.90,electric,1.1,0.0,0.0,0.0,0.0,0.0,0.0,0.0
EastA509ToH6.61,1098.0,770_0,0.0,0.0,0.0,1415.0,522_0,56.88,12.52,317.0,1483.69,167.0,4,0.0,205.18,0,tripinfo_EastA509ToH6.61 emissions_EastA509ToH6.61,electric,0.96,0.0,0.0,0.0,0.0,0.0,0.0,0.0
WestA509ToAvebury.63,1134.0,773_0,0.0,0.0,0.0,1421.0,213_1,19.13,14.56,287.0,2336.43,84.0,3,0.0,127.24,0,tripinfo_WestA509ToAvebury.63 emissions_WestA509ToAvebury.63,gasoline_euro4,1.07,22348.638433,844793.556433,120.860115,15.708705,346.928804,269455.521771,0.0
WestA509ToAvebury.61,1098.0,773_0,0.0,0.0,0.0,1422.0,213_0,19.13,12.5,324.0,2337.25,116.0,3,0.0,148.01,0,tripinfo_WestA509ToAvebury.61 emissions_WestA509ToAvebury.61,gasoline_euro4,0.97,26356.577778,883637.849797,139.802596,16.395893,363.828785,281847.192967,0.0
EastA509ToH6.63,1134.0,770_0,0.0,0.0,0.0,1422.0,522_0,56.88,11.02,288.0,1483.69,126.0,3,0.0,162.93,0,tripinfo_EastA509ToH6.63 emissions_EastA509ToH6.63,gasoline_euro4,0.86,28780.533534,775926.638404,149.032715,15.559535,330.004213,247493.494027,0.0
WestA509ToAvebury.62,1119.0,773_0,0.0,0.0,3.0,1424.0,213_0,19.13,11.72,305.0,2337.25,89.0,3,0.0,122.34,0,tripinfo_WestA509ToAvebury.62 emissions_WestA509ToAvebury.62,gasoline_euro4,0.93,22225.51537,817919.856016,119.530232,14.330242,331.390256,260885.227442,0.0
SouthEvansGateToSilbury.63,1134.0,526_0,0.0,0.0,0.0,1424.0,215_1,19.43,11.14,290.0,1471.7,139.0,4,0.0,167.21,0,tripinfo_SouthEvansGateToSilbury.63 emissions_SouthEvansGateToSilbury.63,gasoline_euro4,0.86,29250.727032,768126.716241,150.955341,15.488006,326.808447,245006.009204,0.0
WestA509ToAvebury.64,1152.0,773_0,0.0,0.0,0.0,1424.0,213_1,19.13,12.91,272.0,2336.43,56.0,2,0.0,99.55,0,tripinfo_WestA509ToAvebury.64 emissions_WestA509ToAvebury.64,gasoline_euro4,0.98,17882.255706,739796.895808,98.023158,13.180097,300.917327,235965.301199,0.0
WestH6ToSaxonSt.87,1044.0,524_0,0.0,0.0,0.0,1426.0,771_0,56.88,11.41,382.0,2602.65,122.0,5,0.0,164.38,0,tripinfo_WestH6ToSaxonSt.87 emissions_WestH6ToSaxonSt.87,electric,0.86,0.0,0.0,0.0,0.0,0.0,0.0,0.0
EastA509ToH6.60,1080.0,770_0,0.0,0.0,0.0,1426.0,522_0,56.88,12.89,346.0,1483.8,187.0,5,0.0,240.76,0,tripinfo_EastA509ToH6.60 emissions_EastA509ToH6.60,electric,1.02,0.0,0.0,0.0,0.0,0.0,0.0,0.0
EastSilburyToEastAvebury.42,1072.0,317_0,0.0,0.0,0.0,1427.0,213_0,19.13,11.71,355.0,1590.82,185.0,4,0.0,220.52,0,tripinfo_EastSilburyToEastAvebury.42 emissions_EastSilburyToEastAvebury.42,electric,0.86,0.0,0.0,0.0,0.0,0.0,0.0,0.0
V6ToEastH6.110,1320.0,468_1,0.0,0.0,0.0,1442.0,522_0,56.88,14.36,122.0,1512.23,0.0,0,0.0,19.86,0,tripinfo_V6ToEastH6.110 emissions_V6ToEastH6.110,gasoline_euro4,1.07,4298.600188,369816.668867,27.505435,5.806248,143.480417,117954.541963,0.0
V6ToEastH6.108,1296.0,468_1,0.0,0.0,0.0,1443.0,522_0,56.88,11.13,147.0,1512.23,0.0,0,0.0,15.03,0,tripinfo_V6ToEastH6.108 emissions_V6ToEastH6.108,gasoline_euro4,0.83,4627.625152,353014.500315,29.144854,5.076348,136.443112,112596.254969,0.0
V6ToEastH6.109,1308.0,468_1,0.0,0.0,0.0,1447.0,522_1,56.88,11.44,139.0,1512.23,0.0,0,0.0,14.97,0,tripinfo_V6ToEastH6.109 emissions_V6ToEastH6.109,electric,0.88,0.0,0.0,0.0,0.0,0.0,0.0,0.0
WestH6ToSaxonSt.82,984.0,524_0,0.0,0.0,0.0,1454.0,771_1,56.88,14.75,470.0,2767.88,192.0,9,0.0,280.71,0,tripinfo_WestH6ToSaxonSt.82 emissions_WestH6ToSaxonSt.82,gasoline_euro4,1.09,47716.770044,1408142.491992,249.343877,28.674649,598.440675,449144.926368,0.0
V6ToEastH6.111,1332.0,468_1,0.0,0.0,0.0,1455.0,522_1,56.88,13.19,123.0,1512.23,0.0,0,0.0,13.35,0,tripinfo_V6ToEastH6.111 emissions_V6ToEastH6.111,electric,0.99,0.0,0.0,0.0,0.0,0.0,0.0,0.0
WestH6ToSaxonSt.80,960.0,524_0,0.0,0.0,0.0,1457.0,771_1,56.88,13.31,497.0,2767.87,218.0,9,0.0,298.2,0,tripinfo_WestH6ToSaxonSt.80 emissions_WestH6ToSaxonSt.80,gasoline_euro4,1.04,50816.016561,1425966.068857,263.924373,29.016543,606.065359,454831.638071,0.0
WestH6ToSaxonSt.88,1056.0,524_0,0.0,0.0,0.0,1460.0,771_1,56.88,13.07,404.0,2767.88,110.0,5,0.0,202.47,0,tripinfo_WestH6ToSaxonSt.88 emissions_WestH6ToSaxonSt.88,gasoline_euro4,1.02,32589.446509,1112240.623931,173.860205,21.204701,465.161549,354761.61201,0.0
WestH6ToSaxonSt.91,1092.0,524_0,0.0,0.0,0.0,1463.0,771_1,56.88,13.28,371.0,2767.88,97.0,5,0.0,159.81,0,tripinfo_WestH6ToSaxonSt.91 emissions_WestH6ToSaxonSt.91,gasoline_euro4,0.98,28931.265397,1062215.992341,155.804167,19.932438,440.528073,338804.766084,0.0
EastAveburyToWestA509.84,914.0,483_1,0.0,0.0,0.0,1466.0,774_0,29.75,13.61,552.0,2241.68,286.0,10,0.0,396.56,0,tripinfo_EastAveburyToWestA509.84 emissions_EastAveburyToWestA509.84,electric,1.07,0.0,0.0,0.0,0.0,0.0,0.0,0.0
EastAveburyToWestA509.81,888.0,483_0,0.0,0.0,0.0,1469.0,774_0,29.75,13.57,581.0,2254.71,338.0,10,0.0,426.59,0,tripinfo_EastAveburyToWestA509.81 emissions_EastAveburyToWestA509.81,gasoline_euro4,1.06,70287.467768,1621061.400381,357.108887,35.295992,704.871283,517065.264719,0.0
V6ToEastH6.112,1344.0,468_1,0.0,0.0,0.0,1470.0,522_1,56.88,12.41,126.0,1512.23,0.0,0,0.0,12.59,0,tripinfo_V6ToEastH6.112 emissions_V6ToEastH6.112,electric,0.97,0.0,0.0,0.0,0.0,0.0,0.0,0.0
EastSilburyToEastAvebury.28,848.0,317_0,0.0,0.0,0.0,1472.0,213_0,19.13,14.49,624.0,680.87,522.0,10,0.0,576.63,0,tripinfo_EastSilburyToEastAvebury.28 emissions_EastSilburyToEastAvebury.28,gasoline_euro4,1.07,94006.021326,1699031.834067,467.834486,40.797003,767.539854,541943.699673,0.0
EastAveburyToWestA509.83,905.0,483_0,0.0,0.0,0.0,1474.0,774_0,29.75,13.64,569.0,2254.71,314.0,9,0.0,406.83,0,tripinfo_EastAveburyToWestA509.83 emissions_EastAveburyToWestA509.83,gasoline_euro4,1.02,66104.460207,1552777.041185,336.689218,33.348602,673.383374,495284.504089,0.0
EastSilburyToEastAvebury.33,928.0,317_0,0.0,0.0,0.0,1474.0,213_0,19.13,14.74,546.0,1581.8,356.0,12,0.0,441.01,0,tripinfo_EastSilburyToEastAvebury.33 emissions_EastSilburyToEastAvebury.33,electric,1.11,0.0,0.0,0.0,0.0,0.0,0.0,0.0
EastSilburyToEastAvebury.38,1008.0,317_0,0.0,0.0,0.0,1477.0,213_0,19.13,12.6,469.0,680.87,362.0,9,0.0,414.05,0,tripinfo_EastSilburyToEastAvebury.38 emissions_EastSilburyToEastAvebury.38,electric,0.92,0.0,0.0,0.0,0.0,0.0,0.0,0.0
EastAveburyToWestA509.82,897.0,483_0,0.0,0.0,0.0,1480.0,774_0,29.75,12.09,583.0,2260.83,327.0,9,0.0,404.88,0,tripinfo_EastAveburyToWestA509.82 emissions_EastAveburyToWestA509.82,gasoline_euro4,0.93,67327.53869,1553752.792391,342.388596,33.14976,672.847667,495596.778717,0.0
WestH6ToSaxonSt.95,1140.0,524_0,0.0,0.0,0.0,1480.0,771_0,56.88,13.86,340.0,2574.97,105.0,4,0.0,162.66,0,tripinfo_WestH6ToSaxonSt.95 emissions_WestH6ToSaxonSt.95,gasoline_euro4,1.06,27172.991166,949816.401073,145.007747,17.974709,393.408618,302954.447051,0.0
EastAveburyToWestA509.117,1194.0,483_1,0.0,0.0,0.0,1483.0,774_0,29.75,14.31,289.0,2307.67,69.0,6,0.0,123.95,0,tripinfo_EastAveburyToWestA509.117 emissions_EastAveburyToWestA509.117,electric,1.05,0.0,0.0,0.0,0.0,0.0,0.0,0.0
WestH6ToSaxonSt.85,1020.0,524_0,0.0,0.0,0.0,1484.0,771_0,56.88,9.08,464.0,2767.87,99.0,5,0.0,163.63,0,tripinfo_WestH6ToSaxonSt.85 emissions_WestH6ToSaxonSt.85,gasoline_euro4,0.69,33064.49982,1057193.574252,174.806604,18.471009,434.851058,337206.784137,0.0
WestH6ToSaxonSt.98,1176.0,524_0,0.0,0.0,0.0,1486.0,771_0,56.88,16.73,310.0,2599.27,104.0,4,0.0,159.3,0,tripinfo_WestH6ToSaxonSt.98 emissions_WestH6ToSaxonSt.98,electric,1.25,0.0,0.0,0.0,0.0,0.0,0.0,0.0
EastAveburyToWestA509.115,1177.0,483_0,0.0,0.0,0.0,1487.0,774_1,29.75,13.95,310.0,2254.74,98.0,5,0.0,154.89,0,tripinfo_EastAveburyToWestA509.115 emissions_EastAveburyToWestA509.115,gasoline_euro4,1.06,26428.52857,915757.450511,141.348938,17.69668,382.499537,292090.727444,0.0
SouthEvansGateToSilbury.69,1242.0,526_0,0.0,0.0,0.0,1488.0,215_1,19.43,12.78,246.0,1477.55,100.0,3,0.0,130.46,0,tripinfo_SouthEvansGateToSilbury.69 emissions_SouthEvansGateToSilbury.69,electric,0.93,0.0,0.0,0.0,0.0,0.0,0.0,0.0
SouthEvansGateToSilbury.68,1224.0,526_0,0.0,0.0,0.0,1490.0,215_1,19.43,12.94,266.0,1477.59,131.0,2,0.0,159.77,0,tripinfo_SouthEvansGateToSilbury.68 emissions_SouthEvansGateToSilbury.68,electric,1.01,0.0,0.0,0.0,0.0,0.0,0.0,0.0
SouthEvansGateToSilbury.70,1260.0,526_0,0.0,0.0,0.0,1491.0,215_1,19.43,14.02,231.0,1477.55,86.0,4,0.0,129.79,0,tripinfo_SouthEvansGateToSilbury.70 emissions_SouthEvansGateToSilbury.70,electric,1.05,0.0,0.0,0.0,0.0,0.0,0.0,0.0
V6ToEastH6.113,1356.0,468_1,0.0,0.0,0.0,1491.0,522_1,56.88,11.94,135.0,1512.23,0.0,0,0.0,12.81,0,tripinfo_V6ToEastH6.113 emissions_V6ToEastH6.113,electric,0.9,0.0,0.0,0.0,0.0,0.0,0.0,0.0
WestA509ToEastH6.34,1224.0,773_0,0.0,0.0,0.0,1493.0,522_0,56.88,12.67,269.0,2754.12,31.0,2,0.0,68.01,0,tripinfo_WestA509ToEastH6.34 emissions_WestA509ToEastH6.34,gasoline_euro4,1.0,13186.344017,741514.22514,75.992513,11.779517,289.860963,236511.778445,0.0
SouthEvansGateToSilbury.71,1278.0,526_0,0.0,0.0,0.0,1493.0,215_1,19.43,13.57,215.0,1477.6,81.0,2,0.0,112.65,0,tripinfo_SouthEvansGateToSilbury.71 emissions_SouthEvansGateToSilbury.71,gasoline_euro4,1.04,20430.162626,678562.773476,108.577243,13.605947,287.208617,216434.8325,0.0
EastAveburyToWestA509.86,931.0,483_0,0.0,0.0,0.0,1495.0,774_0,29.75,10.45,564.0,2257.77,287.0,9,0.0,356.35,0,tripinfo_EastAveburyToWestA509.86 emissions_EastAveburyToWestA509.86,gasoline_euro4,0.8,60314.848807,1408427.583754,307.397766,29.347071,607.271905,449242.994094,0.0
WestH6ToSaxonSt.93,1116.0,524_0,0.0,0.0,0.0,1495.0,771_0,56.88,11.89,379.0,2602.68,144.0,3,0.0,181.0,0,tripinfo_WestH6ToSaxonSt.93 emissions_WestH6ToSaxonSt.93,electric,0.95,0.0,0.0,0.0,0.0,0.0,0.0,0.0
V6ToEastH6.114,1368.0,468_1,0.0,0.0,0.0,1498.0,522_1,56.88,12.88,130.0,1512.23,0.0,0,0.0,15.03,0,tripinfo_V6ToEastH6.114 emissions_V6ToEastH6.114,electric,0.95,0.0,0.0,0.0,0.0,0.0,0.0,0.0
SouthEvansGateToSilbury.76,1368.0,526_0,0.0,0.0,0.0,1498.0,215_1,19.43,14.09,130.0,1477.52,13.0,1,0.0,28.98,0,tripinfo_SouthEvansGateToSilbury.76 emissions_SouthEvansGateToSilbury.76,electric,1.06,0.0,0.0,0.0,0.0,0.0,0.0,0.0
EastA509ToH6.62,1116.0,770_0,0.0,0.0,0.0,1500.0,522_0,56.88,15.57,384.0,1483.8,210.0,6,0.0,288.7,0,tripinfo_EastA509ToH6.62 emissions_EastA509ToH6.62,gasoline_euro4,1.13,47195.231964,1127720.163717,240.950402,24.677225,491.97323,359704.355767,0.0
EastAveburyToWestA509.111,1143.0,483_1,0.0,0.0,0.0,1501.0,774_0,29.75,11.64,358.0,2219.9,127.0,6,0.0,178.32,0,tripinfo_EastAveburyToWestA509.111 emissions_EastAveburyToWestA509.111,electric,0.9,0.0,0.0,0.0,0.0,0.0,0.0,0.0
WestA509ToEastH6.32,1152.0,773_1,0.0,0.0,0.0,1506.0,522_1,56.88,12.52,354.0,3082.3,78.0,3,0.0,121.38,0,tripinfo_WestA509ToEastH6.32 emissions_WestA509ToEastH6.32,electric,0.97,0.0,0.0,0.0,0.0,0.0,0.0,0.0
SouthEvansGateToSilbury.66,1188.0,526_0,0.0,0.0,0.0,1510.0,215_1,19.43,13.38,322.0,1471.7,177.0,5,0.0,215.05,0,tripinfo_SouthEvansGateToSilbury.66 emissions_SouthEvansGateToSilbury.66,gasoline_euro4,0.99,36158.353342,897691.544089,185.243107,18.954762,386.580786,286333.020459,0.0
WestA509ToAvebury.67,1206.0,773_0,0.0,0.0,0.0,1510.0,213_1,19.13,12.24,304.0,2336.38,90.0,3,0.0,122.6,0,tripinfo_WestA509ToAvebury.67 emissions_WestA509ToAvebury.67,gasoline_euro4,0.94,22350.394719,804145.105982,119.578109,14.238496,326.197974,256491.77065,0.0
EastSilburyToEastAvebury.51,1216.0,317_0,0.0,0.0,0.0,1510.0,213_0,19.13,12.62,294.0,2473.18,63.0,4,0.0,104.43,0,tripinfo_EastSilburyToEastAvebury.51 emissions_EastSilburyToEastAvebury.51,gasoline_euro4,0.96,19646.096031,807897.281237,107.456672,14.153517,327.158269,257686.916983,0.0
V6ToEastH6.115,1380.0,468_1,0.0,0.0,0.0,1512.0,522_1,56.88,12.83,132.0,1512.23,0.0,0,0.0,13.79,0,tripinfo_V6ToEastH6.115 emissions_V6ToEastH6.115,electric,0.93,0.0,0.0,0.0,0.0,0.0,0.0,0.0
SouthEvansGateToSilbury.67,1206.0,526_0,0.0,0.0,0.0,1513.0,215_1,19.43,12.18,307.0,1471.73,157.0,4,0.0,192.62,0,tripinfo_SouthEvansGateToSilbury.67 emissions_SouthEvansGateToSilbury.67,gasoline_euro4,0.93,32727.099565,837791.43863,168.387445,17.281918,358.721659,267226.738704,0.0
WestA509ToEastH6.33,1188.0,773_1,0.0,0.0,0.0,1515.0,522_1,56.88,12.41,327.0,3082.3,44.0,2,0.0,94.18,0,tripinfo_WestA509ToEastH6.33 emissions_WestA509ToEastH6.33,electric,0.97,0.0,0.0,0.0,0.0,0.0,0.0,0.0
V6ToEastH6.116,1392.0,468_1,0.0,0.0,0.0,1516.0,522_1,56.88,14.2,124.0,1512.23,0.0,0,0.0,24.14,0,tripinfo_V6ToEastH6.116 emissions_V6ToEastH6.116,gasoline_euro4,1.09,4909.162915,401500.162552,31.183449,6.595929,158.852066,128059.926733,0.0
V6ToEastH6.117,1404.0,468_1,0.0,0.0,0.0,1518.0,522_1,56.88,15.87,114.0,1512.23,0.0,0,0.0,18.39,0,tripinfo_V6ToEastH6.117 emissions_V6ToEastH6.117,gasoline_euro4,1.14,4614.573656,396459.217139,29.819355,6.677809,156.471767,126451.831104,0.0
EastA509ToH6.66,1188.0,770_0,0.0,0.0,0.0,1524.0,522_1,56.88,14.67,336.0,1483.69,172.0,6,0.0,239.29,0,tripinfo_EastA509ToH6.66 emissions_EastA509ToH6.66,gasoline_euro4,1.11,38252.030452,959554.661762,196.28763,20.487485,414.668997,306064.713929,0.0
EastA509ToH6.64,1152.0,770_0,0.0,0.0,0.0,1525.0,522_0,56.88,12.3,373.0,1483.8,188.0,6,0.0,259.88,0,tripinfo_EastA509ToH6.64 emissions_EastA509ToH6.64,gasoline_euro4,0.95,42137.326691,1027242.87569,215.49557,21.774344,444.184675,327655.794578,0.0
EastA509ToH6.68,1224.0,770_0,0.0,0.0,0.0,1526.0,522_1,56.88,15.94,302.0,1483.69,152.0,7,0.0,210.78,0,tripinfo_EastA509ToH6.68 emissions_EastA509ToH6.68,gasoline_euro4,1.18,35416.384045,937280.594165,182.834525,20.15732,405.129093,298958.684264,0.0
WestA509ToEastH6.35,1260.0,773_1,0.0,0.0,0.0,1542.0,522_1,56.88,13.99,282.0,3082.3,15.0,2,0.0,64.56,0,tripinfo_WestA509ToEastH6.35 emissions_WestA509ToEastH6.35,electric,1.03,0.0,0.0,0.0,0.0,0.0,0.0,0.0
WestH6ToSaxonSt.97,1164.0,524_0,0.0,0.0,0.0,1543.0,771_1,56.88,15.23,379.0,2574.97,152.0,5,0.0,209.85,0,tripinfo_WestH6ToSaxonSt.97 emissions_WestH6ToSaxonSt.97,gasoline_euro4,1.12,36846.424106,1135648.932426,193.135471,22.619028,476.219108,362229.307824,0.0
V6ToEastH6.119,1428.0,468_1,0.0,0.0,0.0,1545.0,522_1,56.88,15.08,117.0,1512.23,0.0,0,0.0,16.82,0,tripinfo_V6ToEastH6.119 emissions_V6ToEastH6.119,electric,1.09,0.0,0.0,0.0,0.0,0.0,0.0,0.0
EastAveburyToWestA509.134,1339.0,483_1,0.0,0.0,0.0,1547.0,774_0,29.75,13.81,208.0,2307.67,1.0,1,0.0,38.27,0,tripinfo_EastAveburyToWestA509.134 emissions_EastAveburyToWestA509.134,electric,1.02,0.0,0.0,0.0,0.0,0.0,0.0,0.0
WestH6ToSaxonSt.94,1128.0,524_0,0.0,0.0,0.0,1550.0,771_1,56.88,11.84,422.0,2767.88,137.0,4,0.0,199.1,0,tripinfo_WestH6ToSaxonSt.94 emissions_WestH6ToSaxonSt.94,gasoline_euro4,0.93,35689.971272,1150097.131942,188.710745,21.913388,479.916759,366837.759555,0.0
V6ToEastH6.118,1416.0,468_1,0.0,0.0,0.0,1552.0,522_1,56.88,11.86,136.0,1512.23,0.0,0,0.0,18.04,0,tripinfo_V6ToEastH6.118 emissions_V6ToEastH6.118,gasoline_euro4,0.93,4406.888022,364350.022508,28.273399,5.438332,141.338654,116211.36179,0.0
WestH6ToSaxonSt.96,1152.0,524_0,0.0,0.0,0.0,1553.0,771_1,56.88,11.95,401.0,2767.88,111.0,3,0.0,174.79,0,tripinfo_WestH6ToSaxonSt.96 emissions_WestH6ToSaxonSt.96,gasoline_euro4,0.92,32122.294822,1100097.927419,171.384167,20.750742,457.84384,350888.853754,0.0
WestH6ToSaxonSt.100,1200.0,524_0,0.0,0.0,0.0,1556.0,771_1,56.88,12.11,356.0,2574.96,94.0,5,0.0,150.11,0,tripinfo_WestH6ToSaxonSt.100 emissions_WestH6ToSaxonSt.100,gasoline_euro4,0.92,27027.160655,939913.891283,144.427362,17.294425,387.720106,299796.58945,0.0
EastAveburyToWestA509.91,973.0,483_0,0.0,0.0,0.0,1557.0,774_0,29.75,13.47,584.0,2260.81,342.0,9,0.0,415.76,0,tripinfo_EastAveburyToWestA509.91 emissions_EastAveburyToWestA509.91,gasoline_euro4,0.98,68575.756805,1551473.79941,348.226209,33.827592,676.39049,494869.885073,0.0
WestH6ToSaxonSt.99,1188.0,524_0,0.0,0.0,0.0,1557.0,771_1,56.88,13.02,369.0,2767.88,92.0,5,0.0,161.85,0,tripinfo_WestH6ToSaxonSt.99 emissions_WestH6ToSaxonSt.99,gasoline_euro4,1.0,29310.36153,1086772.553629,157.872092,20.302852,449.588354,346637.247174,0.0
EastAveburyToWestA509.114,1169.0,483_0,0.0,0.0,0.0,1560.0,774_0,29.75,13.37,391.0,2254.73,181.0,9,0.0,228.11,0,tripinfo_EastAveburyToWestA509.114 emissions_EastAveburyToWestA509.114,gasoline_euro4,1.01,40102.302322,1133940.789272,208.445654,22.976045,480.770322,361686.101601,0.0
EastAveburyToWestA509.101,1058.0,483_1,0.0,0.0,0.0,1565.0,774_1,29.75,12.9,507.0,2241.69,241.0,8,0.0,343.55,0,tripinfo_EastAveburyToWestA509.101 emissions_EastAveburyToWestA509.101,electric,1.02,0.0,0.0,0.0,0.0,0.0,0.0,0.0
EastAveburyToWestA509.98,1033.0,483_1,0.0,0.0,0.0,1567.0,774_0,29.75,11.99,534.0,2241.68,258.0,8,0.0,352.5,0,tripinfo_EastAveburyToWestA509.98 emissions_EastAveburyToWestA509.98,electric,0.91,0.0,0.0,0.0,0.0,0.0,0.0,0.0
EastAveburyToWestA509.120,1220.0,483_0,0.0,0.0,0.0,1568.0,774_0,29.75,13.72,348.0,2254.71,130.0,10,0.0,203.41,0,tripinfo_EastAveburyToWestA509.120 emissions_EastAveburyToWestA509.120,gasoline_euro4,1.14,33499.840692,1042447.183404,176.463103,21.134353,441.919439,332500.78583,0.0
V6ToEastH6.120,1440.0,468_1,0.0,0.0,0.0,1569.0,522_1,56.88,11.77,129.0,1512.23,0.0,0,0.0,12.57,0,tripinfo_V6ToEastH6.120 emissions_V6ToEastH6.120,gasoline_euro4,0.94,3875.457098,346103.82255,25.32041,5.074701,132.963631,110391.577985,0.0
EastAveburyToWestA509.112,1152.0,483_0,0.0,0.0,0.0,1571.0,774_0,29.75,12.93,419.0,2261.15,198.0,11,0.0,257.13,0,tripinfo_EastAveburyToWestA509.112 emissions_EastAveburyToWestA509.112,gasoline_euro4,1.02,44169.988893,1202636.545914,228.374996,24.807433,513.386699,383598.006036,0.0
V6ToEastH6.121,1452.0,468_1,0.0,0.0,0.0,1571.0,522_1,56.88,14.11,119.0,1512.23,0.0,0,0.0,18.8,0,tripinfo_V6ToEastH6.121 emissions_V6ToEastH6.121,gasoline_euro4,1.1,4779.366505,394995.25244,30.294038,6.524231,155.237117,125985.126502,0.0
SouthEvansGateToSilbury.77,1386.0,526_0,0.0,0.0,0.0,1577.0,215_1,19.43,13.21,191.0,1477.6,63.0,1,0.0,83.86,0,tripinfo_SouthEvansGateToSilbury.77 emissions_SouthEvansGateToSilbury.77,electric,1.0,0.0,0.0,0.0,0.0,0.0,0.0,0.0
WestH6ToSaxonSt.102,1224.0,524_0,0.0,0.0,0.0,1579.0,771_0,56.88,13.24,355.0,2613.57,127.0,3,0.0,162.29,0,tripinfo_WestH6ToSaxonSt.102 emissions_WestH6ToSaxonSt.102,electric,1.0,0.0,0.0,0.0,0.0,0.0,0.0,0.0
SouthEvansGateToSilbury.74,1332.0,526_0,0.0,0.0,0.0,1579.0,215_1,19.43,13.16,247.0,1477.59,106.0,2,0.0,141.96,0,tripinfo_SouthEvansGateToSilbury.74 emissions_SouthEvansGateToSilbury.74,electric,1.02,0.0,0.0,0.0,0.0,0.0,0.0,0.0
WestH6ToSaxonSt.104,1248.0,524_0,0.0,0.0,0.0,1580.0,771_0,56.88,13.58,332.0,2609.14,110.0,3,0.0,150.98,0,tripinfo_WestH6ToSaxonSt.104 emissions_WestH6ToSaxonSt.104,electric,1.05,0.0,0.0,0.0,0.0,0.0,0.0,0.0
EastAveburyToWestA509.76,846.0,483_1,0.0,0.0,0.0,1581.0,774_0,29.75,12.62,735.0,2328.54,473.0,11,0.0,556.47,0,tripinfo_EastAveburyToWestA509.76 emissions_EastAveburyToWestA509.76,gasoline_euro4,0.97,92864.576466,2008261.97667,469.261579,44.602908,881.767406,640572.105156,0.0
WestH6ToSaxonSt.108,1296.0,524_0,0.0,0.0,0.0,1583.0,771_0,56.88,13.0,287.0,2613.57,61.0,2,0.0,95.66,0,tripinfo_WestH6ToSaxonSt.108 emissions_WestH6ToSaxonSt.108,electric,1.0,0.0,0.0,0.0,0.0,0.0,0.0,0.0
V6ToEastH6.122,1464.0,468_1,0.0,0.0,0.0,1592.0,522_1,56.88,12.57,128.0,1512.23,0.0,0,0.0,16.59,0,tripinfo_V6ToEastH6.122 emissions_V6ToEastH6.122,gasoline_euro4,0.98,4331.368946,364426.472275,27.433961,5.466425,140.394312,116235.668479,0.0
V6ToEastH6.123,1476.0,468_1,0.0,0.0,0.0,1595.0,522_1,56.88,14.23,119.0,1512.23,0.0,0,0.0,13.84,0,tripinfo_V6ToEastH6.123 emissions_V6ToEastH6.123,electric,1.04,0.0,0.0,0.0,0.0,0.0,0.0,0.0
EastSilburyToEastAvebury.54,1264.0,317_0,0.0,0.0,0.0,1598.0,213_0,19.13,13.56,334.0,2473.18,114.0,5,0.0,161.71,0,tripinfo_EastSilburyToEastAvebury.54 emissions_EastSilburyToEastAvebury.54,gasoline_euro4,1.06,28745.546131,962985.006437,152.62885,18.572576,400.38834,307155.143605,0.0
WestA509ToAvebury.71,1278.0,773_0,0.0,0.0,0.0,1598.0,213_1,19.13,12.78,320.0,2337.26,110.0,4,0.0,144.91,0,tripinfo_WestA509ToAvebury.71 emissions_WestA509ToAvebury.71,gasoline_euro4,0.97,25667.739098,871819.984563,136.186203,15.988865,357.288821,278077.729309,0.0
SouthEvansGateToSilbury.72,1296.0,526_0,0.0,0.0,0.0,1598.0,215_1,19.43,13.03,302.0,1471.73,166.0,4,0.0,198.87,0,tripinfo_SouthEvansGateToSilbury.72 emissions_SouthEvansGateToSilbury.72,gasoline_euro4,1.03,34350.247686,871322.528636,176.263774,18.397298,374.505772,277921.732496,0.0
SouthEvansGateToSilbury.73,1314.0,526_0,0.0,0.0,0.0,1600.0,215_1,19.43,13.93,286.0,1471.68,142.0,5,0.0,185.7,0,tripinfo_SouthEvansGateToSilbury.73 emissions_SouthEvansGateToSilbury.73,gasoline_euro4,1.06,31566.483713,837087.59486,162.899427,17.71719,360.604176,267000.985586,0.0
WestA509ToAvebury.74,1332.0,773_0,0.0,0.0,0.0,1600.0,213_1,19.13,12.9,268.0,2337.25,52.0,2,0.0,95.66,0,tripinfo_WestA509ToAvebury.74 emissions_WestA509ToAvebury.74,gasoline_euro4,0.99,16949.670782,728611.339662,93.45684,12.828284,295.280855,232397.319231,0.0
EastA509ToH6.65,1170.0,770_0,0.0,0.0,0.0,1601.0,522_0,56.88,13.02,431.0,1483.75,254.0,7,0.0,317.94,0,tripinfo_EastA509ToH6.65 emissions_EastA509ToH6.65,gasoline_euro4,0.95,52177.929546,1175247.731756,264.587442,25.489541,511.583923,374866.221572,0.0
EastA509ToH6.67,1206.0,770_0,0.0,0.0,0.0,1601.0,522_1,56.88,13.56,395.0,1483.8,221.0,7,0.0,293.35,0,tripinfo_EastA509ToH6.67 emissions_EastA509ToH6.67,gasoline_euro4,1.06,47918.828995,1131968.399076,244.116439,24.526657,491.666361,361060.04668,0.0
WestA509ToAvebury.73,1314.0,773_0,0.0,0.0,0.0,1601.0,213_0,19.13,12.58,287.0,2337.25,70.0,2,0.0,106.4,0,tripinfo_WestA509ToAvebury.73 emissions_WestA509ToAvebury.73,gasoline_euro4,0.94,19170.634989,766340.31061,104.372188,13.145521,308.447508,244432.598738,0.0
EastSilburyToEastAvebury.59,1344.0,317_0,0.0,0.0,0.0,1602.0,213_1,19.13,12.17,258.0,1590.81,103.0,6,0.0,138.58,0,tripinfo_EastSilburyToEastAvebury.59 emissions_EastSilburyToEastAvebury.59,electric,0.97,0.0,0.0,0.0,0.0,0.0,0.0,0.0
EastA509ToH6.69,1242.0,770_0,0.0,0.0,0.0,1603.0,522_0,56.88,13.8,361.0,1483.75,187.0,6,0.0,258.86,0,tripinfo_EastA509ToH6.69 emissions_EastA509ToH6.69,gasoline_euro4,1.05,42486.539357,1033764.752982,217.189854,22.317272,449.08767,329735.624009,0.0
WestA509ToAvebury.75,1350.0,773_0,0.0,0.0,0.0,1603.0,213_0,19.13,14.81,253.0,2337.27,46.0,2,0.0,97.9,0,tripinfo_WestA509ToAvebury.75 emissions_WestA509ToAvebury.75,gasoline_euro4,1.1,16259.31464,739909.861296,90.456995,13.335227,301.347522,236000.089539,0.0
V6ToEastH6.124,1488.0,468_1,0.0,0.0,0.0,1606.0,522_1,56.88,14.85,118.0,1512.23,1.0,1,0.0,20.68,0,tripinfo_V6ToEastH6.124 emissions_V6ToEastH6.124,electric,1.13,0.0,0.0,0.0,0.0,0.0,0.0,0.0
WestA509ToEastH6.36,1296.0,773_0,0.0,0.0,0.0,1613.0,522_0,56.88,12.04,317.0,2762.5,50.0,2,0.0,87.31,0,tripinfo_WestA509ToEastH6.36 emissions_WestA509ToEastH6.36,electric,0.87,0.0,0.0,0.0,0.0,0.0,0.0,0.0
V6ToEastH6.125,1500.0,468_1,0.0,0.0,0.0,1613.0,522_1,56.88,15.28,113.0,1512.23,0.0,0,0.0,17.09,0,tripinfo_V6ToEastH6.125 emissions_V6ToEastH6.125,gasoline_euro4,1.14,4421.639334,394644.18853,28.734259,6.482879,153.851478,125873.042794,0.0
EastA509ToH6.70,1260.0,770_0,0.0,0.0,0.0,1619.0,522_0,56.88,12.5,359.0,1483.69,201.0,7,0.0,250.01,0,tripinfo_EastA509ToH6.70 emissions_EastA509ToH6.70,electric,0.99,0.0,0.0,0.0,0.0,0.0,0.0,0.0
EastA509ToH6.73,1314.0,770_0,0.0,0.0,0.0,1621.0,522_1,56.88,14.12,307.0,1483.69,142.0,6,0.0,207.45,0,tripinfo_EastA509ToH6.73 emissions_EastA509ToH6.73,electric,1.07,0.0,0.0,0.0,0.0,0.0,0.0,0.0
EastA509ToH6.72,1296.0,770_0,0.0,0.0,0.0,1623.0,522_0,56.88,11.59,327.0,1483.64,155.0,6,0.0,204.7,0,tripinfo_EastA509ToH6.72 emissions_EastA509ToH6.72,electric,0.88,0.0,0.0,0.0,0.0,0.0,0.0,0.0
EastA509ToH6.74,1332.0,770_0,0.0,0.0,0.0,1626.0,522_1,56.88,15.21,294.0,1483.8,122.0,5,0.0,202.69,0,tripinfo_EastA509ToH6.74 emissions_EastA509ToH6.74,electric,1.18,0.0,0.0,0.0,0.0,0.0,0.0,0.0
EastA509ToH6.76,1368.0,770_0,0.0,0.0,0.0,1628.0,522_1,56.88,15.29,260.0,1483.69,102.0,4,0.0,169.75,0,tripinfo_EastA509ToH6.76 emissions_EastA509ToH6.76,gasoline_euro4,1.19,27266.361902,788096.798416,142.014242,16.343093,336.385149,251373.482325,0.0
EastA509ToH6.71,1278.0,770_0,0.0,0.0,0.0,1630.0,522_0,56.88,11.52,352.0,1483.75,167.0,6,0.0,224.36,0,tripinfo_EastA509ToH6.71 emissions_EastA509ToH6.71,gasoline_euro4,0.84,37775.470299,922105.232803,193.4161,18.935498,395.389182,294121.097079,0.0
WestH6ToSaxonSt.103,1236.0,524_0,0.0,0.0,0.0,1631.0,771_1,56.88,14.66,395.0,2767.88,130.0,5,0.0,206.73,0,tripinfo_WestH6ToSaxonSt.103 emissions_WestH6ToSaxonSt.103,gasoline_euro4,1.1,35410.391652,1191437.943968,188.503708,23.760787,502.101173,380021.75644,0.0
WestH6ToSaxonSt.106,1272.0,524_0,0.0,0.0,0.0,1638.0,771_1,56.88,12.2,366.0,2574.94,105.0,5,0.0,167.91,0,tripinfo_WestH6ToSaxonSt.106 emissions_WestH6ToSaxonSt.106,gasoline_euro4,0.95,29911.673287,1012214.692254,159.406772,19.318636,422.079333,322857.490444,0.0
WestH6ToSaxonSt.101,1212.0,524_0,0.0,0.0,0.0,1639.0,771_1,56.88,13.26,427.0,2767.87,142.0,8,0.0,224.21,0,tripinfo_WestH6ToSaxonSt.101 emissions_WestH6ToSaxonSt.101,gasoline_euro4,1.02,38972.292461,1258994.470136,205.903861,24.615071,528.325538,401571.125475,0.0
WestH6ToSaxonSt.105,1260.0,524_0,0.0,0.0,0.0,1641.0,771_1,56.88,14.78,381.0,2767.88,123.0,7,0.0,198.46,0,tripinfo_WestH6ToSaxonSt.105 emissions_WestH6ToSaxonSt.105,gasoline_euro4,1.13,35293.91178,1224975.706672,188.764548,24.356051,515.645672,390718.376836,0.0
EastSilburyToEastAvebury.52,1232.0,317_0,0.0,0.0,0.0,1642.0,213_0,19.13,13.7,410.0,1581.8,246.0,8,0.0,296.06,0,tripinfo_EastSilburyToEastAvebury.52 emissions_EastSilburyToEastAvebury.52,electric,1.02,0.0,0.0,0.0,0.0,0.0,0.0,0.0
EastAveburyToWestA509.97,1024.0,483_0,0.0,0.0,0.0,1643.0,774_0,29.75,13.3,619.0,2260.95,358.0,16,0.0,461.42,0,tripinfo_EastAveburyToWestA509.97 emissions_EastAveburyToWestA509.97,gasoline_euro4,1.05,75340.759409,1704256.938174,381.872934,37.061476,740.621154,543602.843244,0.0
WestH6ToSaxonSt.107,1284.0,524_0,0.0,0.0,0.0,1643.0,771_1,56.88,12.75,359.0,2767.87,89.0,3,0.0,153.2,0,tripinfo_WestH6ToSaxonSt.107 emissions_WestH6ToSaxonSt.107,gasoline_euro4,1.01,28351.440144,1060900.830261,153.24764,20.022547,440.086013,338384.850145,0.0
EastSilburyToEastAvebury.11,576.0,317_0,0.0,0.0,0.0,1646.0,213_0,19.13,13.32,1070.0,680.89,882.0,20,0.0,1017.55,0,tripinfo_EastSilburyToEastAvebury.11 emissions_EastSilburyToEastAvebury.11,gasoline_euro4,0.97,165886.680381,2831699.250575,821.685307,69.176743,1287.244766,903237.479606,0.0
EastAveburyToWestA509.132,1322.0,483_0,0.0,0.0,0.0,1649.0,774_1,29.75,14.98,327.0,2254.72,123.0,3,0.0,182.58,0,tripinfo_EastAveburyToWestA509.132 emissions_EastAveburyToWestA509.132,gasoline_euro4,1.14,29885.761708,970438.93285,158.127616,19.220704,407.862344,309532.611854,0.0
EastAveburyToWestA509.139,1381.0,483_1,0.0,0.0,0.0,1649.0,774_0,29.75,13.1,268.0,2311.97,35.0,5,0.0,92.29,0,tripinfo_EastAveburyToWestA509.139 emissions_EastAveburyToWestA509.139,electric,0.98,0.0,0.0,0.0,0.0,0.0,0.0,0.0
WestA509ToAvebury.36,648.0,773_0,0.0,0.0,0.0,1651.0,213_0,19.13,13.07,1003.0,2249.87,788.0,8,0.0,838.59,0,tripinfo_WestA509ToAvebury.36 emissions_WestA509ToAvebury.36,electric,0.99,0.0,0.0,0.0,0.0,0.0,0.0,0.0
EastSilburyToEastAvebury.12,592.0,317_0,0.0,0.0,0.0,1653.0,213_0,19.13,12.45,1061.0,680.89,870.0,22,0.0,1009.5,0,tripinfo_EastSilburyToEastAvebury.12 emissions_EastSilburyToEastAvebury.12,electric,0.97,0.0,0.0,0.0,0.0,0.0,0.0,0.0
EastAveburyToWestA509.123,1245.0,483_0,0.0,0.0,0.0,1654.0,774_0,29.75,11.62,409.0,2254.73,182.0,10,0.0,225.45,0,tripinfo_EastAveburyToWestA509.123 emissions_EastAveburyToWestA509.123,gasoline_euro4,0.9,39391.712075,1075407.807311,203.97114,21.39685,454.825787,343017.473634,0.0
V6ToEastH6.126,1512.0,468_1,0.0,0.0,0.0,1654.0,522_0,56.88,12.03,142.0,1512.23,2.0,1,0.0,18.8,0,tripinfo_V6ToEastH6.126 emissions_V6ToEastH6.126,electric,0.89,0.0,0.0,0.0,0.0,0.0,0.0,0.0
WestA509ToAvebury.25,450.0,773_0,0.0,0.0,0.0,1655.0,213_0,19.13,12.59,1205.0,2288.57,889.0,17,0.0,1030.09,0,tripinfo_WestA509ToAvebury.25 emissions_WestA509ToAvebury.25,electric,0.95,0.0,0.0,0.0,0.0,0.0,0.0,0.0
WestA509ToEastH6.37,1332.0,773_1,0.0,0.0,0.0,1657.0,522_0,56.88,11.21,325.0,3082.3,29.0,2,0.0,70.76,0,tripinfo_WestA509ToEastH6.37 emissions_WestA509ToEastH6.37,electric,0.89,0.0,0.0,0.0,0.0,0.0,0.0,0.0
WestA509ToEastH6.38,1368.0,773_1,0.0,0.0,0.0,1659.0,522_1,56.88,12.63,291.0,3084.29,3.0,1,0.0,48.42,0,tripinfo_WestA509ToEastH6.38 emissions_WestA509ToEastH6.38,electric,0.93,0.0,0.0,0.0,0.0,0.0,0.0,0.0
EastAveburyToWestA509.129,1296.0,483_1,0.0,0.0,0.0,1661.0,774_1,29.75,13.16,365.0,2215.91,149.0,7,0.0,203.99,0,tripinfo_EastAveburyToWestA509.129 emissions_EastAveburyToWestA509.129,electric,1.0,0.0,0.0,0.0,0.0,0.0,0.0,0.0
V6ToEastH6.127,1524.0,468_1,0.0,0.0,0.0,1661.0,522_1,56.88,13.31,137.0,1512.23,0.0,0,0.0,25.05,0,tripinfo_V6ToEastH6.127 emissions_V6ToEastH6.127,electric,0.98,0.0,0.0,0.0,0.0,0.0,0.0,0.0
WestH6ToSaxonSt.111,1332.0,524_0,0.0,0.0,0.0,1662.0,771_0,56.88,14.83,330.0,2608.48,124.0,2,0.0,160.38,0,tripinfo_WestH6ToSaxonSt.111 emissions_WestH6ToSaxonSt.111,electric,1.13,0.0,0.0,0.0,0.0,0.0,0.0,0.0
V6ToEastH6.128,1536.0,468_1,0.0,0.0,0.0,1662.0,522_1,56.88,13.56,126.0,1512.23,1.0,1,0.0,20.11,0,tripinfo_V6ToEastH6.128 emissions_V6ToEastH6.128,gasoline_euro4,1.03,4905.089087,388676.593712,30.734016,6.209817,152.074429,123970.110654,0.0
EastAveburyToWestA509.121,1228.0,483_1,0.0,0.0,0.0,1663.0,774_2,29.75,13.18,435.0,2219.5,222.0,7,0.0,276.68,0,tripinfo_EastAveburyToWestA509.121 emissions_EastAveburyToWestA509.121,electric,1.02,0.0,0.0,0.0,0.0,0.0,0.0,0.0
WestH6ToSaxonSt.113,1356.0,524_0,0.0,0.0,0.0,1664.0,771_0,56.88,16.18,308.0,2609.14,109.0,3,0.0,150.3,0,tripinfo_WestH6ToSaxonSt.113 emissions_WestH6ToSaxonSt.113,electric,1.22,0.0,0.0,0.0,0.0,0.0,0.0,0.0
SouthEvansGateToSilbury.79,1422.0,526_0,0.0,0.0,0.0,1664.0,215_1,19.43,15.39,242.0,1477.62,107.0,4,0.0,145.23,0,tripinfo_SouthEvansGateToSilbury.79 emissions_SouthEvansGateToSilbury.79,electric,1.11,0.0,0.0,0.0,0.0,0.0,0.0,0.0
EastAveburyToWestA509.92,982.0,483_1,0.0,0.0,0.0,1665.0,774_0,29.75,16.2,683.0,2325.48,457.0,8,0.0,542.9,0,tripinfo_EastAveburyToWestA509.92 emissions_EastAveburyToWestA509.92,gasoline_euro4,1.24,89453.300173,1992180.431097,453.423177,44.900219,875.735745,635440.283354,0.0
WestA509ToEastH6.39,1404.0,773_0,0.0,0.0,0.0,1665.0,522_0,56.88,13.34,261.0,2754.97,30.0,2,0.0,62.32,0,tripinfo_WestA509ToEastH6.39 emissions_WestA509ToEastH6.39,gasoline_euro4,1.01,12306.998301,717396.477857,71.505333,11.487973,280.921733,228818.837456,0.0
WestH6ToSaxonSt.112,1344.0,524_0,0.0,0.0,0.0,1666.0,771_0,56.88,14.75,322.0,2600.53,115.0,3,0.0,155.51,0,tripinfo_WestH6ToSaxonSt.112 emissions_WestH6ToSaxonSt.112,electric,1.13,0.0,0.0,0.0,0.0,0.0,0.0,0.0
SouthEvansGateToSilbury.80,1440.0,526_0,0.0,0.0,0.0,1666.0,215_1,19.43,13.26,226.0,1477.52,94.0,3,0.0,121.9,0,tripinfo_SouthEvansGateToSilbury.80 emissions_SouthEvansGateToSilbury.80,gasoline_euro4,1.03,21603.990039,670050.521823,113.747882,13.367045,282.849959,213720.787777,0.0
WestH6ToSaxonSt.109,1308.0,524_0,0.0,0.0,0.0,1668.0,771_0,56.88,15.66,360.0,2603.31,144.0,4,0.0,201.46,0,tripinfo_WestH6ToSaxonSt.109 emissions_WestH6ToSaxonSt.109,electric,1.19,0.0,0.0,0.0,0.0,0.0,0.0,0.0
SouthEvansGateToSilbury.84,1512.0,526_0,0.0,0.0,0.0,1671.0,215_1,19.43,14.68,159.0,1477.52,48.0,1,0.0,65.21,0,tripinfo_SouthEvansGateToSilbury.84 emissions_SouthEvansGateToSilbury.84,electric,1.14,0.0,0.0,0.0,0.0,0.0,0.0,0.0
WestH6ToSaxonSt.122,1464.0,524_0,0.0,0.0,0.0,1672.0,771_0,56.88,14.83,208.0,2613.57,3.0,1,0.0,36.79,0,tripinfo_WestH6ToSaxonSt.122 emissions_WestH6ToSaxonSt.122,electric,1.12,0.0,0.0,0.0,0.0,0.0,0.0,0.0
V6ToEastH6.129,1548.0,468_1,0.0,0.0,0.0,1673.0,522_1,56.88,12.59,125.0,1512.23,0.0,0,0.0,12.43,0,tripinfo_V6ToEastH6.129 emissions_V6ToEastH6.129,electric,0.97,0.0,0.0,0.0,0.0,0.0,0.0,0.0
EastAveburyToWestA509.77,854.0,483_1,0.0,0.0,0.0,1676.0,774_0,29.75,11.95,822.0,2328.54,538.0,9,0.0,634.0,0,tripinfo_EastAveburyToWestA509.77 emissions_EastAveburyToWestA509.77,gasoline_euro4,0.92,104827.608845,2196926.484959,528.331726,48.848269,965.736813,700752.105777,0.0
EastA509ToH6.78,1404.0,770_0,0.0,0.0,0.0,1676.0,522_0,56.88,15.49,272.0,1483.69,129.0,5,0.0,181.24,0,tripinfo_EastA509ToH6.78 emissions_EastA509ToH6.78,gasoline_euro4,1.18,30141.899103,848627.577822,156.773869,17.932559,364.700566,270680.707176,0.0
WestA509ToAvebury.76,1368.0,773_0,0.0,0.0,0.0,1685.0,213_0,19.13,14.93,317.0,2337.27,129.0,3,0.0,162.46,0,tripinfo_WestA509ToAvebury.76 emissions_WestA509ToAvebury.76,gasoline_euro4,1.1,29184.031924,954175.797299,153.975683,18.527363,395.696569,304345.670774,0.0
SouthEvansGateToSilbury.75,1350.0,526_0,0.0,0.0,0.0,1688.0,215_1,19.43,11.65,338.0,1471.73,192.0,4,0.0,218.24,0,tripinfo_SouthEvansGateToSilbury.75 emissions_SouthEvansGateToSilbury.75,gasoline_euro4,0.89,37798.92577,906226.644104,193.079796,19.06433,390.479354,289056.328725,0.0
SouthEvansGateToSilbury.78,1404.0,526_0,0.0,0.0,0.0,1689.0,215_1,19.43,12.42,285.0,1471.73,135.0,4,0.0,177.47,0,tripinfo_SouthEvansGateToSilbury.78 emissions_SouthEvansGateToSilbury.78,gasoline_euro4,0.99,30273.901752,806402.675917,156.577213,16.913133,347.497518,257213.668214,0.0
EastSilburyToEastAvebury.58,1328.0,317_0,0.0,0.0,0.0,1690.0,213_0,19.13,11.35,362.0,2473.15,119.0,4,0.0,156.31,0,tripinfo_EastSilburyToEastAvebury.58 emissions_EastSilburyToEastAvebury.58,gasoline_euro4,0.88,27917.447096,901502.508526,147.726756,16.321012,370.054551,287546.436999,0.0
WestA509ToAvebury.78,1407.0,773_0,0.0,0.0,3.0,1693.0,213_0,19.13,13.95,286.0,2336.45,81.0,3,0.0,128.01,0,tripinfo_WestA509ToAvebury.78 emissions_WestA509ToAvebury.78,gasoline_euro4,1.08,22272.661593,842844.053082,120.503662,15.861804,348.24588,268833.432131,0.0
V6ToEastH6.131,1572.0,468_1,0.0,0.0,0.0,1694.0,522_1,56.88,13.31,122.0,1512.23,0.0,0,0.0,13.61,0,tripinfo_V6ToEastH6.131 emissions_V6ToEastH6.131,gasoline_euro4,1.01,3836.305953,360977.336278,25.331889,5.419919,138.801136,115135.300525,0.0
V6ToEastH6.133,1596.0,468_1,0.0,0.0,0.0,1718.0,522_1,56.88,14.02,122.0,1512.23,0.0,0,0.0,21.26,0,tripinfo_V6ToEastH6.133 emissions_V6ToEastH6.133,electric,1.09,0.0,0.0,0.0,0.0,0.0,0.0,0.0
V6ToEastH6.134,1608.0,468_1,0.0,0.0,0.0,1720.0,522_1,56.88,14.2,112.0,1512.23,0.0,0,0.0,13.81,0,tripinfo_V6ToEastH6.134 emissions_V6ToEastH6.134,electric,1.11,0.0,0.0,0.0,0.0,0.0,0.0,0.0
WestH6ToSaxonSt.115,1380.0,524_0,0.0,0.0,0.0,1723.0,771_1,56.88,12.27,343.0,2574.97,94.0,5,0.0,141.43,0,tripinfo_WestH6ToSaxonSt.115 emissions_WestH6ToSaxonSt.115,gasoline_euro4,0.94,25137.998174,904027.778028,134.899149,16.198843,368.806734,288350.32042,0.0
WestH6ToSaxonSt.110,1320.0,524_0,0.0,0.0,0.0,1725.0,771_1,56.88,13.27,405.0,2767.88,128.0,7,0.0,198.84,0,tripinfo_WestH6ToSaxonSt.110 emissions_WestH6ToSaxonSt.110,gasoline_euro4,1.0,35160.849404,1171939.695643,186.921201,22.697834,490.983683,373803.527758,0.0
WestH6ToSaxonSt.114,1368.0,524_0,0.0,0.0,0.0,1726.0,771_1,56.88,12.74,358.0,2767.88,100.0,4,0.0,146.95,0,tripinfo_WestH6ToSaxonSt.114 emissions_WestH6ToSaxonSt.114,gasoline_euro4,0.98,27465.20388,1020330.399328,148.08407,18.866388,420.840705,325445.066094,0.0
V6ToEastH6.132,1584.0,468_1,0.0,0.0,0.0,1727.0,522_0,56.88,11.56,143.0,1512.23,0.0,0,0.0,17.25,0,tripinfo_V6ToEastH6.132 emissions_V6ToEastH6.132,gasoline_euro4,0.87,4563.616321,359777.677762,28.801823,5.019773,137.198713,114753.547883,0.0
WestH6ToSaxonSt.119,1428.0,524_0,0.0,0.0,0.0,1728.0,771_1,56.88,13.64,300.0,2767.87,36.0,5,0.0,95.78,0,tripinfo_WestH6ToSaxonSt.119 emissions_WestH6ToSaxonSt.119,gasoline_euro4,1.01,18718.07239,904813.798972,105.761797,16.442984,371.39912,288596.554159,0.0
WestH6ToSaxonSt.120,1440.0,524_0,0.0,0.0,0.0,1730.0,771_1,56.88,13.06,290.0,2574.97,51.0,6,0.0,102.59,0,tripinfo_WestH6ToSaxonSt.120 emissions_WestH6ToSaxonSt.120,gasoline_euro4,1.01,18751.30639,826358.866431,103.762087,14.594409,334.448839,263574.462367,0.0
WestA509ToEastH6.40,1440.0,773_0,0.0,0.0,0.0,1732.0,522_0,56.88,17.18,292.0,2754.11,74.0,3,0.0,139.73,0,tripinfo_WestA509ToEastH6.40 emissions_WestA509ToEastH6.40,gasoline_euro4,1.31,23321.401058,981800.154045,128.529821,18.907384,405.787551,313152.781469,0.0
EastAveburyToWestA509.131,1313.0,483_0,0.0,0.0,0.0,1733.0,774_0,29.75,13.25,420.0,2258.77,184.0,12,0.0,254.81,0,tripinfo_EastAveburyToWestA509.131 emissions_EastAveburyToWestA509.131,gasoline_euro4,1.0,43283.281038,1183353.141076,224.121831,24.126637,503.46175,377447.546534,0.0
EastAveburyToWestA509.137,1364.0,483_0,0.0,0.0,0.0,1735.0,774_0,29.75,14.55,371.0,2254.73,154.0,9,0.0,219.05,0,tripinfo_EastAveburyToWestA509.137 emissions_EastAveburyToWestA509.137,gasoline_euro4,1.09,36959.746721,1102542.814716,193.34359,22.300332,467.256133,351669.984981,0.0
V6ToEastH6.135,1620.0,468_1,0.0,0.0,0.0,1743.0,522_1,56.88,13.51,123.0,1512.23,0.0,0,0.0,13.4,0,tripinfo_V6ToEastH6.135 emissions_V6ToEastH6.135,electric,1.0,0.0,0.0,0.0,0.0,0.0,0.0,0.0
EastAveburyToWestA509.142,1407.0,483_1,0.0,0.0,0.0,1751.0,774_1,29.75,15.66,344.0,2219.98,150.0,7,0.0,202.6,0,tripinfo_EastAveburyToWestA509.142 emissions_EastAveburyToWestA509.142,electric,1.14,0.0,0.0,0.0,0.0,0.0,0.0,0.0
V6ToEastH6.136,1632.0,468_1,0.0,0.0,0.0,1752.0,522_1,56.88,13.64,120.0,1512.23,0.0,0,0.0,10.62,0,tripinfo_V6ToEastH6.136 emissions_V6ToEastH6.136,gasoline_euro4,1.0,3486.512352,353444.863463,23.202758,5.049842,133.223538,112732.919473,0.0
SouthEvansGateToSilbury.83,1494.0,526_0,0.0,0.0,0.0,1753.0,215_1,19.43,12.01,259.0,1477.59,122.0,2,0.0,145.48,0,tripinfo_SouthEvansGateToSilbury.83 emissions_SouthEvansGateToSilbury.83,electric,0.94,0.0,0.0,0.0,0.0,0.0,0.0,0.0
SouthEvansGateToSilbury.85,1530.0,526_0,0.0,0.0,0.0,1754.0,215_1,19.43,13.65,224.0,1477.55,86.0,3,0.0,121.1,0,tripinfo_SouthEvansGateToSilbury.85 emissions_SouthEvansGateToSilbury.85,electric,1.04,0.0,0.0,0.0,0.0,0.0,0.0,0.0
EastAveburyToWestA509.89,956.0,483_1,0.0,0.0,0.0,1756.0,774_0,29.75,14.17,800.0,2328.54,511.0,13,0.0,630.54,0,tripinfo_EastAveburyToWestA509.89 emissions_EastAveburyToWestA509.89,gasoline_euro4,1.02,102693.180114,2178779.382602,518.027013,48.929459,959.66672,694962.385757,0.0
WestH6ToSaxonSt.117,1404.0,524_0,0.0,0.0,0.0,1757.0,771_0,56.88,13.06,353.0,2608.48,126.0,2,0.0,160.03,0,tripinfo_WestH6ToSaxonSt.117 emissions_WestH6ToSaxonSt.117,electric,0.99,0.0,0.0,0.0,0.0,0.0,0.0,0.0
EastAveburyToWestA509.130,1305.0,483_1,0.0,0.0,0.0,1760.0,774_0,29.75,14.54,455.0,2325.48,222.0,15,0.0,292.63,0,tripinfo_EastAveburyToWestA509.130 emissions_EastAveburyToWestA509.130,gasoline_euro4,1.06,49948.846796,1347971.860002,257.943508,28.044867,576.897993,429954.759179,0.0
V6ToEastH6.137,1644.0,468_1,0.0,0.0,0.0,1768.0,522_1,56.88,12.65,124.0,1512.23,0.0,0,0.0,11.3,0,tripinfo_V6ToEastH6.137 emissions_V6ToEastH6.137,gasoline_euro4,0.97,3698.141936,350463.182665,24.395938,5.142454,133.848884,111781.892679,0.0
EastA509ToH6.80,1440.0,770_0,0.0,0.0,0.0,1769.0,522_0,56.88,14.99,329.0,1483.69,183.0,5,0.0,233.77,0,tripinfo_EastA509ToH6.80 emissions_EastA509ToH6.80,gasoline_euro4,1.12,38872.982736,959483.587734,199.179602,20.716915,416.121247,306042.175292,0.0
WestH6ToSaxonSt.118,1416.0,524_0,0.0,0.0,0.0,1774.0,771_0,56.88,12.09,358.0,2603.31,92.0,4,0.0,142.34,0,tripinfo_WestH6ToSaxonSt.118 emissions_WestH6ToSaxonSt.118,electric,0.87,0.0,0.0,0.0,0.0,0.0,0.0,0.0
WestA509ToAvebury.81,1458.0,773_0,0.0,0.0,0.0,1774.0,213_1,19.13,13.84,316.0,2337.28,122.0,3,0.0,154.52,0,tripinfo_WestA509ToAvebury.81 emissions_WestA509ToAvebury.81,gasoline_euro4,1.05,27629.934837,912281.703171,146.341722,17.521477,378.278833,290983.118139,0.0
SouthEvansGateToSilbury.81,1458.0,526_0,0.0,0.0,0.0,1775.0,215_1,19.43,13.2,317.0,1471.73,171.0,4,0.0,205.94,0,tripinfo_SouthEvansGateToSilbury.81 emissions_SouthEvansGateToSilbury.81,gasoline_euro4,0.95,35055.752469,877908.59851,179.769076,18.164646,375.510206,280023.187607,0.0
WestA509ToAvebury.82,1476.0,773_0,0.0,0.0,0.0,1775.0,213_0,19.13,12.45,299.0,2337.25,84.0,3,0.0,115.03,0,tripinfo_WestA509ToAvebury.82 emissions_WestA509ToAvebury.82,gasoline_euro4,0.93,21327.379912,797313.629256,115.091356,14.021109,323.330323,254312.374509,0.0
EastA509ToH6.79,1422.0,770_0,0.0,0.0,0.0,1777.0,522_0,56.88,11.48,355.0,1483.64,190.0,5,0.0,230.17,0,tripinfo_EastA509ToH6.79 emissions_EastA509ToH6.79,electric,0.86,0.0,0.0,0.0,0.0,0.0,0.0,0.0
WestH6ToSaxonSt.121,1452.0,524_0,0.0,0.0,0.0,1777.0,771_1,56.88,13.53,325.0,2602.68,76.0,2,0.0,134.51,0,tripinfo_WestH6ToSaxonSt.121 emissions_WestH6ToSaxonSt.121,electric,0.99,0.0,0.0,0.0,0.0,0.0,0.0,0.0
SouthEvansGateToSilbury.82,1476.0,526_0,0.0,0.0,0.0,1777.0,215_1,19.43,12.9,301.0,1471.73,148.0,5,0.0,191.79,0,tripinfo_SouthEvansGateToSilbury.82 emissions_SouthEvansGateToSilbury.82,gasoline_euro4,0.97,32638.815271,852936.556303,168.282003,17.668185,365.612475,272056.98223,0.0
EastA509ToH6.83,1494.0,770_0,0.0,0.0,0.0,1777.0,522_1,56.88,13.53,283.0,1483.69,132.0,3,0.0,181.15,0,tripinfo_EastA509ToH6.83 emissions_EastA509ToH6.83,gasoline_euro4,1.06,30156.898511,832587.130241,156.607682,17.253596,356.473584,265565.152806,0.0
WestH6ToSaxonSt.116,1392.0,524_0,0.0,0.0,0.0,1778.0,771_0,56.88,10.81,386.0,2602.65,112.0,4,0.0,148.92,0,tripinfo_WestH6ToSaxonSt.116 emissions_WestH6ToSaxonSt.116,electric,0.79,0.0,0.0,0.0,0.0,0.0,0.0,0.0
EastA509ToH6.81,1458.0,770_0,0.0,0.0,0.0,1779.0,522_0,56.88,12.35,321.0,1483.64,162.0,4,0.0,203.79,0,tripinfo_EastA509ToH6.81 emissions_EastA509ToH6.81,gasoline_euro4,0.92,34464.019329,872496.023246,177.122327,18.138835,374.725304,278296.379865,0.0
EastA509ToH6.82,1476.0,770_0,0.0,0.0,0.0,1779.0,522_1,56.88,13.22,303.0,1483.69,148.0,3,0.0,198.97,0,tripinfo_EastA509ToH6.82 emissions_EastA509ToH6.82,gasoline_euro4,1.03,33189.347974,865646.324834,171.134278,18.312631,373.263583,276110.563329,0.0
SouthEvansGateToSilbury.88,1584.0,526_0,0.0,0.0,0.0,1784.0,215_1,19.43,15.31,200.0,1471.7,67.0,5,0.0,110.36,0,tripinfo_SouthEvansGateToSilbury.88 emissions_SouthEvansGateToSilbury.88,gasoline_euro4,1.19,18777.344758,639252.936844,99.782644,12.654634,267.585726,203896.48513,0.0
V6ToEastH6.138,1656.0,468_1,0.0,0.0,0.0,1784.0,522_1,56.88,13.08,128.0,1512.23,0.0,0,0.0,13.56,0,tripinfo_V6ToEastH6.138 emissions_V6ToEastH6.138,electric,0.96,0.0,0.0,0.0,0.0,0.0,0.0,0.0
EastA509ToH6.75,1350.0,770_0,0.0,0.0,0.0,1786.0,522_0,56.88,14.62,436.0,1483.8,275.0,5,0.0,338.96,0,tripinfo_EastA509ToH6.75 emissions_EastA509ToH6.75,gasoline_euro4,1.11,55892.216726,1260454.255497,283.65991,28.071207,552.827752,402043.499093,0.0
V6ToEastH6.139,1668.0,468_1,0.0,0.0,0.0,1811.0,522_0,56.88,11.4,143.0,1512.23,0.0,0,0.0,13.82,0,tripinfo_V6ToEastH6.139 emissions_V6ToEastH6.139,gasoline_euro4,0.84,4349.028616,355308.507817,27.838669,4.914961,135.645951,113327.998368,0.0
WestH6ToSaxonSt.124,1488.0,524_0,0.0,0.0,0.0,1812.0,771_1,56.88,13.08,324.0,2574.97,86.0,4,0.0,125.34,0,tripinfo_WestH6ToSaxonSt.124 emissions_WestH6ToSaxonSt.124,gasoline_euro4,0.95,23473.939261,887434.672941,126.850202,15.844653,361.620758,283057.033659,0.0
V6ToEastH6.140,1680.0,468_1,0.0,0.0,0.0,1812.0,522_1,56.88,13.58,132.0,1512.23,1.0,1,0.0,20.29,0,tripinfo_V6ToEastH6.140 emissions_V6ToEastH6.140,gasoline_euro4,0.98,4914.386383,371856.664543,30.787763,5.994553,146.900575,118605.404072,0.0
V6ToEastH6.141,1692.0,468_1,0.0,0.0,0.0,1813.0,522_1,56.88,13.22,121.0,1512.23,0.0,0,0.0,12.73,0,tripinfo_V6ToEastH6.141 emissions_V6ToEastH6.141,electric,1.01,0.0,0.0,0.0,0.0,0.0,0.0,0.0
WestA509ToAvebury.69,1242.0,773_0,0.0,0.0,0.0,1819.0,213_0,19.13,11.52,577.0,2288.7,345.0,10,0.0,392.36,0,tripinfo_WestA509ToAvebury.69 emissions_WestA509ToAvebury.69,electric,0.9,0.0,0.0,0.0,0.0,0.0,0.0,0.0
EastSilburyToEastAvebury.23,768.0,317_0,0.0,0.0,0.0,1821.0,213_0,19.13,15.1,1053.0,642.19,927.0,14,0.0,1010.14,0,tripinfo_EastSilburyToEastAvebury.23 emissions_EastSilburyToEastAvebury.23,gasoline_euro4,1.11,164226.915052,2795658.735087,813.256067,68.433546,1270.610835,891741.698836,0.0
V6ToEastH6.143,1716.0,468_1,0.0,0.0,0.0,1829.0,522_1,56.88,15.58,113.0,1512.23,0.0,0,0.0,16.97,0,tripinfo_V6ToEastH6.143 emissions_V6ToEastH6.143,gasoline_euro4,1.14,4732.005148,405595.489502,30.682258,6.878285,160.317483,129365.863367,0.0
V6ToEastH6.142,1704.0,468_1,0.0,0.0,0.0,1837.0,522_1,56.88,12.6,133.0,1512.23,0.0,0,0.0,12.67,0,tripinfo_V6ToEastH6.142 emissions_V6ToEastH6.142,electric,0.91,0.0,0.0,0.0,0.0,0.0,0.0,0.0
SouthEvansGateToSilbury.89,1602.0,526_0,0.0,0.0,0.0,1840.0,215_1,19.43,14.65,238.0,1477.59,110.0,2,0.0,136.87,0,tripinfo_SouthEvansGateToSilbury.89 emissions_SouthEvansGateToSilbury.89,gasoline_euro4,1.06,24525.875644,727275.122985,128.23379,14.893568,309.250114,231973.506252,0.0
V6ToEastH6.130,1560.0,468_1,0.0,0.0,0.0,1841.0,522_0,56.88,12.09,281.0,2023.87,89.0,4,0.0,125.57,0,tripinfo_V6ToEastH6.130 emissions_V6ToEastH6.130,gasoline_euro4,0.95,22447.08988,752631.07525,119.182981,13.967885,310.413556,240060.9492,0.0
WestA509ToEastH6.42,1512.0,773_0,0.0,0.0,0.0,1842.0,522_1,56.88,12.48,330.0,2754.12,72.0,5,0.0,123.71,0,tripinfo_WestA509ToEastH6.42 emissions_WestA509ToEastH6.42,gasoline_euro4,0.97,21972.056355,894928.548958,120.351767,15.839526,363.49266,285446.410011,0.0
SouthEvansGateToSilbury.92,1656.0,526_0,0.0,0.0,0.0,1842.0,215_1,19.43,14.89,186.0,1477.63,60.0,2,0.0,87.75,0,tripinfo_SouthEvansGateToSilbury.92 emissions_SouthEvansGateToSilbury.92,electric,1.1,0.0,0.0,0.0,0.0,0.0,0.0,0.0
WestH6ToSaxonSt.125,1500.0,524_0,0.0,0.0,0.0,1844.0,771_0,56.88,13.15,344.0,2602.65,109.0,6,0.0,156.35,0,tripinfo_WestH6ToSaxonSt.125 emissions_WestH6ToSaxonSt.125,electric,1.01,0.0,0.0,0.0,0.0,0.0,0.0,0.0
WestH6ToSaxonSt.127,1524.0,524_0,0.0,0.0,0.0,1845.0,771_0,56.88,14.7,321.0,2603.34,87.0,4,0.0,145.26,0,tripinfo_WestH6ToSaxonSt.127 emissions_WestH6ToSaxonSt.127,electric,1.07,0.0,0.0,0.0,0.0,0.0,0.0,0.0
WestH6ToSaxonSt.134,1608.0,524_0,0.0,0.0,0.0,1847.0,771_0,56.88,15.26,239.0,2599.27,28.0,3,0.0,68.31,0,tripinfo_WestH6ToSaxonSt.134 emissions_WestH6ToSaxonSt.134,electric,1.1,0.0,0.0,0.0,0.0,0.0,0.0,0.0
SouthEvansGateToSilbury.90,1620.0,526_0,0.0,0.0,0.0,1848.0,215_1,19.43,9.31,228.0,1477.52,60.0,3,0.0,87.2,0,tripinfo_SouthEvansGateToSilbury.90 emissions_SouthEvansGateToSilbury.90,gasoline_euro4,0.76,16350.795256,539704.188158,86.842819,9.328212,220.221199,172146.125162,0.0
V6ToEastH6.144,1728.0,468_1,0.0,0.0,0.0,1848.0,522_1,56.88,12.96,120.0,1512.23,0.0,0,0.0,13.02,0,tripinfo_V6ToEastH6.144 emissions_V6ToEastH6.144,gasoline_euro4,1.02,3747.939689,349978.068152,24.417529,5.276824,134.241979,111627.002218,0.0
EastAveburyToWestA509.90,965.0,483_1,0.0,0.0,0.0,1852.0,774_0,29.75,13.26,887.0,2325.7,588.0,16,0.0,713.39,0,tripinfo_EastAveburyToWestA509.90 emissions_EastAveburyToWestA509.90,gasoline_euro4,0.99,115474.761911,2382930.071431,580.990696,53.791176,1051.733916,760081.760697,0.0
EastA509ToH6.84,1512.0,770_0,0.0,0.0,0.0,1856.0,522_0,56.88,14.28,344.0,1483.69,204.0,4,0.0,239.84,0,tripinfo_EastA509ToH6.84 emissions_EastA509ToH6.84,electric,1.03,0.0,0.0,0.0,0.0,0.0,0.0,0.0
EastA509ToH6.86,1548.0,770_0,0.0,0.0,0.0,1861.0,522_0,56.88,13.65,313.0,1483.69,157.0,4,0.0,206.96,0,tripinfo_EastA509ToH6.86 emissions_EastA509ToH6.86,electric,1.01,0.0,0.0,0.0,0.0,0.0,0.0,0.0
SouthEvansGateToSilbury.87,1566.0,526_0,0.0,0.0,0.0,1862.0,215_0,19.43,14.37,296.0,1471.76,153.0,4,0.0,194.3,0,tripinfo_SouthEvansGateToSilbury.87 emissions_SouthEvansGateToSilbury.87,gasoline_euro4,1.04,32540.112132,851846.330376,167.794597,17.90605,366.503344,271708.89225,0.0
WestA509ToAvebury.85,1530.0,773_0,0.0,0.0,0.0,1863.0,213_0,19.13,11.3,333.0,2337.25,108.0,2,0.0,140.33,0,tripinfo_WestA509ToAvebury.85 emissions_WestA509ToAvebury.85,gasoline_euro4,0.88,25444.599203,846976.486622,135.223534,15.237334,347.024704,270154.239962,0.0
WestA509ToAvebury.86,1548.0,773_0,0.0,0.0,0.0,1863.0,213_1,19.13,13.71,315.0,2337.28,103.0,3,0.0,142.07,0,tripinfo_WestA509ToAvebury.86 emissions_WestA509ToAvebury.86,gasoline_euro4,0.99,25359.179002,873054.893795,134.975344,16.2178,359.622485,278471.138168,0.0
SouthEvansGateToSilbury.86,1548.0,526_0,0.0,0.0,0.0,1863.0,215_1,19.43,12.51,315.0,1471.73,169.0,4,0.0,203.55,0,tripinfo_SouthEvansGateToSilbury.86 emissions_SouthEvansGateToSilbury.86,gasoline_euro4,0.95,34788.286056,876153.496342,178.441868,18.204608,375.713167,279463.111638,0.0
WestA509ToAvebury.87,1566.0,773_0,0.0,0.0,0.0,1866.0,213_0,19.13,11.95,300.0,2337.25,75.0,2,0.0,103.51,0,tripinfo_WestA509ToAvebury.87 emissions_WestA509ToAvebury.87,gasoline_euro4,0.87,19320.629534,730582.165494,104.613693,12.448098,294.540239,233027.900643,0.0
EastA509ToH6.87,1566.0,770_0,0.0,0.0,0.0,1869.0,522_1,56.88,12.89,303.0,1483.69,143.0,4,0.0,189.92,0,tripinfo_EastA509ToH6.87 emissions_EastA509ToH6.87,electric,0.95,0.0,0.0,0.0,0.0,0.0,0.0,0.0
EastA509ToH6.88,1584.0,770_0,0.0,0.0,0.0,1870.0,522_1,56.88,13.16,286.0,1483.69,133.0,3,0.0,191.95,0,tripinfo_EastA509ToH6.88 emissions_EastA509ToH6.88,gasoline_euro4,1.14,30484.758008,839431.280615,158.277736,17.41824,360.164023,267748.178638,0.0
EastA509ToH6.85,1530.0,770_0,0.0,0.0,0.0,1871.0,522_0,56.88,9.76,341.0,1483.64,171.0,4,0.0,202.35,0,tripinfo_EastA509ToH6.85 emissions_EastA509ToH6.85,electric,0.77,0.0,0.0,0.0,0.0,0.0,0.0,0.0
V6ToEastH6.145,1740.0,468_1,0.0,0.0,0.0,1878.0,522_0,56.88,11.34,138.0,1512.23,0.0,0,0.0,13.49,0,tripinfo_V6ToEastH6.145 emissions_V6ToEastH6.145,gasoline_euro4,0.88,4125.309507,355727.57736,26.676441,4.955603,135.488901,113461.510717,0.0
EastA509ToH6.77,1386.0,770_0,0.0,0.0,0.0,1880.0,522_0,56.88,12.25,494.0,1483.66,332.0,6,0.0,382.92,0,tripinfo_EastA509ToH6.77 emissions_EastA509ToH6.77,electric,0.96,0.0,0.0,0.0,0.0,0.0,0.0,0.0
V6ToEastH6.147,1764.0,468_1,0.0,0.0,0.0,1896.0,522_1,56.88,11.68,132.0,1512.23,0.0,0,0.0,14.12,0,tripinfo_V6ToEastH6.147 emissions_V6ToEastH6.147,electric,0.93,0.0,0.0,0.0,0.0,0.0,0.0,0.0
EastSilburyToEastAvebury.25,800.0,317_0,0.0,0.0,0.0,1904.0,213_0,19.13,15.97,1104.0,642.19,1027.0,8,0.0,1064.73,0,tripinfo_EastSilburyToEastAvebury.25 emissions_EastSilburyToEastAvebury.25,electric,1.19,0.0,0.0,0.0,0.0,0.0,0.0,0.0
WestA509ToAvebury.28,507.0,773_0,0.0,0.0,3.0,1906.0,213_0,19.13,15.21,1399.0,2288.68,1102.0,21,0.0,1249.37,0,tripinfo_WestA509ToAvebury.28 emissions_WestA509ToAvebury.28,electric,1.11,0.0,0.0,0.0,0.0,0.0,0.0,0.0
V6ToEastH6.148,1776.0,468_1,0.0,0.0,0.0,1907.0,522_1,56.88,12.14,131.0,1512.23,0.0,0,0.0,15.96,0,tripinfo_V6ToEastH6.148 emissions_V6ToEastH6.148,electric,0.95,0.0,0.0,0.0,0.0,0.0,0.0,0.0
EastAveburyToWestA509.133,1330.0,483_0,0.0,0.0,0.0,1908.0,774_0,29.75,13.14,578.0,2258.65,353.0,14,0.0,416.5,0,tripinfo_EastAveburyToWestA509.133 emissions_EastAveburyToWestA509.133,electric,1.02,0.0,0.0,0.0,0.0,0.0,0.0,0.0
EastAveburyToWestA509.105,1092.0,483_1,0.0,0.0,0.0,1910.0,774_0,29.75,14.46,818.0,2241.68,528.0,21,0.0,659.21,0,tripinfo_EastAveburyToWestA509.105 emissions_EastAveburyToWestA509.105,electric,1.04,0.0,0.0,0.0,0.0,0.0,0.0,0.0
EastSilburyToEastAvebury.50,1200.0,317_0,0.0,0.0,0.0,1911.0,213_0,19.13,12.02,711.0,680.87,602.0,12,0.0,654.48,0,tripinfo_EastSilburyToEastAvebury.50 emissions_EastSilburyToEastAvebury.50,gasoline_euro4,0.9,108171.141933,1915103.509289,537.460143,46.275513,867.421171,610865.602873,0.0
EastSilburyToEastAvebury.62,1392.0,317_0,0.0,0.0,0.0,1913.0,213_0,19.13,13.85,521.0,680.87,404.0,11,0.0,473.18,0,tripinfo_EastSilburyToEastAvebury.62 emissions_EastSilburyToEastAvebury.62,gasoline_euro4,1.05,76665.428503,1429336.211151,382.606676,34.088546,644.59738,455917.036131,0.0
EastAveburyToWestA509.103,1075.0,483_0,0.0,0.0,0.0,1916.0,774_0,29.75,12.59,841.0,2257.79,540.0,18,0.0,666.44,0,tripinfo_EastAveburyToWestA509.103 emissions_EastAveburyToWestA509.103,gasoline_euro4,0.95,109274.924965,2222958.745593,548.944783,49.93579,979.577204,709057.089664,0.0
EastSilburyToEastAvebury.56,1296.0,317_0,0.0,0.0,0.0,1916.0,213_0,19.13,13.51,620.0,1581.83,424.0,15,0.0,502.08,0,tripinfo_EastSilburyToEastAvebury.56 emissions_EastSilburyToEastAvebury.56,electric,0.98,0.0,0.0,0.0,0.0,0.0,0.0,0.0
WestA509ToAvebury.29,522.0,773_0,0.0,0.0,0.0,1919.0,213_0,19.13,13.64,1397.0,2288.68,1086.0,20,0.0,1236.96,0,tripinfo_WestA509ToAvebury.29 emissions_WestA509ToAvebury.29,electric,1.04,0.0,0.0,0.0,0.0,0.0,0.0,0.0
V6ToEastH6.146,1752.0,468_1,0.0,0.0,0.0,1919.0,522_1,56.88,13.98,167.0,2060.88,0.0,0,0.0,21.23,0,tripinfo_V6ToEastH6.146 emissions_V6ToEastH6.146,electric,1.04,0.0,0.0,0.0,0.0,0.0,0.0,0.0
WestA509ToAvebury.58,1044.0,773_0,0.0,0.0,0.0,1920.0,213_0,19.13,15.03,876.0,2288.81,646.0,19,0.0,726.55,0,tripinfo_WestA509ToAvebury.58 emissions_WestA509ToAvebury.58,electric,1.11,0.0,0.0,0.0,0.0,0.0,0.0,0.0
EastAveburyToWestA509.106,1101.0,483_0,0.0,0.0,0.0,1921.0,774_0,29.75,11.38,820.0,2257.78,491.0,18,0.0,633.74,0,tripinfo_EastAveburyToWestA509.106 emissions_EastAveburyToWestA509.106,gasoline_euro4,0.89,102931.612985,2097967.588967,517.468469,46.948668,924.420233,669188.722043,0.0
EastAveburyToWestA509.93,990.0,483_0,0.0,0.0,0.0,1922.0,774_1,29.75,12.47,932.0,2264.21,633.0,25,0.0,756.23,0,tripinfo_EastAveburyToWestA509.93 emissions_EastAveburyToWestA509.93,electric,0.94,0.0,0.0,0.0,0.0,0.0,0.0,0.0
V6ToEastH6.149,1788.0,468_1,0.0,0.0,0.0,1925.0,522_0,56.88,11.17,137.0,1512.23,0.0,0,0.0,13.57,0,tripinfo_V6ToEastH6.149 emissions_V6ToEastH6.149,electric,0.89,0.0,0.0,0.0,0.0,0.0,0.0,0.0
WestA509ToEastH6.45,1620.0,773_0,0.0,0.0,0.0,1927.0,522_0,56.88,13.18,307.0,2754.97,66.0,3,0.0,105.13,0,tripinfo_WestA509ToEastH6.45 emissions_WestA509ToEastH6.45,gasoline_euro4,0.99,19394.19128,833923.629577,106.73814,14.445378,334.897628,265987.988631,0.0
SouthEvansGateToSilbury.96,1728.0,526_0,0.0,0.0,0.0,1928.0,215_1,19.43,14.08,200.0,1477.62,72.0,3,0.0,97.82,0,tripinfo_SouthEvansGateToSilbury.96 emissions_SouthEvansGateToSilbury.96,gasoline_euro4,1.05,18011.973456,617226.877837,95.955381,12.044934,257.622492,196871.182091,0.0
V6ToEastH6.150,1800.0,468_1,0.0,0.0,0.0,1930.0,522_1,56.88,11.97,130.0,1512.23,0.0,0,0.0,15.06,0,tripinfo_V6ToEastH6.150 emissions_V6ToEastH6.150,electric,0.95,0.0,0.0,0.0,0.0,0.0,0.0,0.0
SouthEvansGateToSilbury.97,1746.0,526_0,0.0,0.0,0.0,1931.0,215_1,19.43,12.19,185.0,1477.59,47.0,1,0.0,71.3,0,tripinfo_SouthEvansGateToSilbury.97 emissions_SouthEvansGateToSilbury.97,gasoline_euro4,0.94,13011.956807,510294.212614,70.718934,9.002556,206.944368,162763.783522,0.0
V6ToEastH6.151,1812.0,468_1,0.0,0.0,0.0,1932.0,522_1,56.88,14.95,120.0,1512.23,1.0,1,0.0,21.18,0,tripinfo_V6ToEastH6.151 emissions_V6ToEastH6.151,gasoline_euro4,1.11,5263.924886,408333.468333,32.83687,6.82346,161.344163,130239.495563,0.0
EastAveburyToWestA509.159,1551.0,483_1,0.0,0.0,0.0,1934.0,774_0,29.75,11.19,383.0,2219.9,162.0,5,0.0,201.19,0,tripinfo_EastAveburyToWestA509.159 emissions_EastAveburyToWestA509.159,electric,0.89,0.0,0.0,0.0,0.0,0.0,0.0,0.0
EastAveburyToWestA509.128,1288.0,483_1,0.0,0.0,0.0,1937.0,774_0,29.75,12.98,649.0,2325.53,378.0,17,0.0,470.14,0,tripinfo_EastAveburyToWestA509.128 emissions_EastAveburyToWestA509.128,gasoline_euro4,0.97,78823.749428,1790588.661293,400.415046,39.059764,781.36813,571139.506465,0.0
EastAveburyToWestA509.119,1211.0,483_1,0.0,0.0,0.0,1940.0,774_0,29.75,14.49,729.0,2325.48,439.0,18,0.0,564.31,0,tripinfo_EastAveburyToWestA509.119 emissions_EastAveburyToWestA509.119,gasoline_euro4,1.05,92529.042169,2021630.900171,468.279236,45.199141,889.580639,644835.413365,0.0
SouthEvansGateToSilbury.93,1674.0,526_0,0.0,0.0,0.0,1950.0,215_0,19.43,13.65,276.0,1471.74,133.0,5,0.0,176.26,0,tripinfo_SouthEvansGateToSilbury.93 emissions_SouthEvansGateToSilbury.93,electric,1.07,0.0,0.0,0.0,0.0,0.0,0.0,0.0
SouthEvansGateToSilbury.91,1638.0,526_0,0.0,0.0,0.0,1951.0,215_1,19.43,13.0,313.0,1471.73,176.0,4,0.0,207.49,0,tripinfo_SouthEvansGateToSilbury.91 emissions_SouthEvansGateToSilbury.91,gasoline_euro4,1.01,35469.272212,895109.046949,181.912937,18.699366,383.286413,285509.184429,0.0
SouthEvansGateToSilbury.94,1692.0,526_0,0.0,0.0,0.0,1953.0,215_1,19.43,14.08,261.0,1471.73,121.0,5,0.0,159.44,0,tripinfo_SouthEvansGateToSilbury.94 emissions_SouthEvansGateToSilbury.94,electric,1.05,0.0,0.0,0.0,0.0,0.0,0.0,0.0
V6ToEastH6.152,1824.0,468_1,0.0,0.0,0.0,1968.0,522_0,56.88,11.49,144.0,1512.23,0.0,0,0.0,12.03,0,tripinfo_V6ToEastH6.152 emissions_V6ToEastH6.152,gasoline_euro4,0.83,3965.622834,336927.844599,25.682485,4.406277,126.824106,107465.579205,0.0
V6ToEastH6.153,1836.0,468_1,0.0,0.0,0.0,1975.0,522_1,56.88,11.49,139.0,1512.23,1.0,1,0.0,18.79,0,tripinfo_V6ToEastH6.153 emissions_V6ToEastH6.153,electric,0.91,0.0,0.0,0.0,0.0,0.0,0.0,0.0
V6ToEastH6.155,1860.0,468_1,0.0,0.0,0.0,1976.0,522_0,56.88,15.77,116.0,1512.23,0.0,0,0.0,26.65,0,tripinfo_V6ToEastH6.155 emissions_V6ToEastH6.155,gasoline_euro4,1.23,5568.568907,428571.549837,34.850173,7.627377,172.44281,136694.002118,0.0
V6ToEastH6.154,1848.0,468_1,0.0,0.0,0.0,1981.0,522_1,56.88,12.27,133.0,1512.23,0.0,0,0.0,13.41,0,tripinfo_V6ToEastH6.154 emissions_V6ToEastH6.154,electric,0.91,0.0,0.0,0.0,0.0,0.0,0.0,0.0
EastAveburyToWestA509.161,1568.0,483_1,0.0,0.0,0.0,1986.0,774_0,29.75,13.6,418.0,2307.67,182.0,5,0.0,244.59,0,tripinfo_EastAveburyToWestA509.161 emissions_EastAveburyToWestA509.161,electric,1.0,0.0,0.0,0.0,0.0,0.0,0.0,0.0
EastAveburyToWestA509.163,1585.0,483_1,0.0,0.0,0.0,1988.0,774_0,29.75,14.33,403.0,2311.97,169.0,5,0.0,235.78,0,tripinfo_EastAveburyToWestA509.163 emissions_EastAveburyToWestA509.163,electric,1.03,0.0,0.0,0.0,0.0,0.0,0.0,0.0
WestA509ToAvebury.31,558.0,773_0,0.0,0.0,0.0,1992.0,213_0,19.13,17.2,1434.0,2288.57,1133.0,22,0.0,1305.84,0,tripinfo_WestA509ToAvebury.31 emissions_WestA509ToAvebury.31,electric,1.3,0.0,0.0,0.0,0.0,0.0,0.0,0.0
EastAveburyToWestA509.116,1186.0,483_1,0.0,0.0,0.0,1992.0,774_0,29.75,14.45,806.0,2238.89,530.0,17,0.0,659.64,0,tripinfo_EastAveburyToWestA509.116 emissions_EastAveburyToWestA509.116,electric,1.12,0.0,0.0,0.0,0.0,0.0,0.0,0.0
V6ToEastH6.156,1872.0,468_1,0.0,0.0,0.0,1993.0,522_1,56.88,14.41,121.0,1512.23,0.0,0,0.0,20.57,0,tripinfo_V6ToEastH6.156 emissions_V6ToEastH6.156,gasoline_euro4,1.09,4375.767442,378247.865421,28.00504,5.931618,146.585883,120643.708862,0.0
EastA509ToH6.91,1638.0,770_0,0.0,0.0,0.0,1995.0,522_0,56.88,10.63,357.0,2408.85,96.0,5,0.0,135.83,0,tripinfo_EastA509ToH6.91 emissions_EastA509ToH6.91,electric,0.79,0.0,0.0,0.0,0.0,0.0,0.0,0.0
V6ToEastH6.157,1884.0,468_1,0.0,0.0,0.0,1995.0,522_1,56.88,15.37,111.0,1512.23,0.0,0,0.0,18.19,0,tripinfo_V6ToEastH6.157 emissions_V6ToEastH6.157,gasoline_euro4,1.18,4353.74651,379806.704423,28.135389,6.381215,149.215737,121140.45574,0.0
EastSilburyToEastAvebury.16,656.0,317_0,0.0,0.0,0.0,1997.0,213_0,19.13,11.9,1341.0,680.89,1146.0,18,0.0,1284.59,0,tripinfo_EastSilburyToEastAvebury.16 emissions_EastSilburyToEastAvebury.16,electric,0.9,0.0,0.0,0.0,0.0,0.0,0.0,0.0
EastAveburyToWestA509.113,1160.0,483_0,0.0,0.0,0.0,1997.0,774_0,29.75,13.93,837.0,2260.92,541.0,14,0.0,682.72,0,tripinfo_EastAveburyToWestA509.113 emissions_EastAveburyToWestA509.113,electric,1.07,0.0,0.0,0.0,0.0,0.0,0.0,0.0
EastSilburyToEastAvebury.55,1280.0,317_0,0.0,0.0,0.0,2000.0,213_0,19.13,10.19,720.0,680.87,599.0,13,0.0,657.83,0,tripinfo_EastSilburyToEastAvebury.55 emissions_EastSilburyToEastAvebury.55,electric,0.81,0.0,0.0,0.0,0.0,0.0,0.0,0.0
EastAveburyToWestA509.126,1271.0,483_0,0.0,0.0,0.0,2002.0,774_1,29.75,14.8,731.0,2264.76,469.0,12,0.0,580.02,0,tripinfo_EastAveburyToWestA509.126 emissions_EastAveburyToWestA509.126,electric,1.1,0.0,0.0,0.0,0.0,0.0,0.0,0.0
EastAveburyToWestA509.125,1262.0,483_1,0.0,0.0,0.0,2006.0,774_0,29.75,11.98,744.0,2238.84,469.0,13,0.0,567.94,0,tripinfo_EastAveburyToWestA509.125 emissions_EastAveburyToWestA509.125,electric,0.93,0.0,0.0,0.0,0.0,0.0,0.0,0.0
EastAveburyToWestA509.124,1254.0,483_0,0.0,0.0,0.0,2007.0,774_0,29.75,14.0,753.0,2264.87,472.0,14,0.0,589.61,0,tripinfo_EastAveburyToWestA509.124 emissions_EastAveburyToWestA509.124,gasoline_euro4,1.01,95305.565474,2029079.180125,480.903401,45.147147,890.421882,647213.053447,0.0
WestA509ToAvebury.94,1695.0,773_0,0.0,0.0,3.0,2007.0,213_0,19.13,12.06,312.0,2327.58,92.0,5,0.0,132.07,0,tripinfo_WestA509ToAvebury.94 emissions_WestA509ToAvebury.94,electric,0.94,0.0,0.0,0.0,0.0,0.0,0.0,0.0
EastA509ToH6.92,1656.0,770_0,0.0,0.0,0.0,2008.0,522_0,56.88,12.02,352.0,2393.63,123.0,5,0.0,161.19,0,tripinfo_EastA509ToH6.92 emissions_EastA509ToH6.92,gasoline_euro4,0.91,29037.426938,919431.604644,153.310186,17.522517,383.237341,293264.496638,0.0
EastSilburyToEastAvebury.35,960.0,317_0,0.0,0.0,0.0,2009.0,213_0,19.13,12.19,1049.0,680.87,885.0,15,0.0,996.44,0,tripinfo_EastSilburyToEastAvebury.35 emissions_EastSilburyToEastAvebury.35,electric,0.96,0.0,0.0,0.0,0.0,0.0,0.0,0.0
EastAveburyToWestA509.127,1279.0,483_0,0.0,0.0,0.0,2014.0,774_0,29.75,12.25,735.0,2261.17,431.0,16,0.0,562.19,0,tripinfo_EastAveburyToWestA509.127 emissions_EastAveburyToWestA509.127,gasoline_euro4,0.96,91813.277436,1956645.866132,463.284513,43.33601,858.084551,624109.208839,0.0
V6ToEastH6.159,1908.0,468_1,0.0,0.0,0.0,2016.0,522_1,56.88,17.31,108.0,1512.23,0.0,0,0.0,20.37,0,tripinfo_V6ToEastH6.159 emissions_V6ToEastH6.159,gasoline_euro4,1.26,5076.337293,410663.183798,32.183203,7.304055,164.27418,130981.962201,0.0
WestH6ToSaxonSt.138,1656.0,524_0,0.0,0.0,0.0,2024.0,771_0,56.88,12.68,368.0,2602.65,128.0,5,0.0,172.17,0,tripinfo_WestH6ToSaxonSt.138 emissions_WestH6ToSaxonSt.138,electric,0.96,0.0,0.0,0.0,0.0,0.0,0.0,0.0
WestH6ToSaxonSt.143,1716.0,524_0,0.0,0.0,0.0,2026.0,771_0,56.88,13.57,310.0,2603.34,83.0,2,0.0,123.21,0,tripinfo_WestH6ToSaxonSt.143 emissions_WestH6ToSaxonSt.143,electric,1.01,0.0,0.0,0.0,0.0,0.0,0.0,0.0
WestH6ToSaxonSt.126,1512.0,524_0,0.0,0.0,0.0,2027.0,771_0,56.88,14.69,515.0,2613.57,308.0,2,0.0,347.83,0,tripinfo_WestH6ToSaxonSt.126 emissions_WestH6ToSaxonSt.126,electric,1.14,0.0,0.0,0.0,0.0,0.0,0.0,0.0
WestA509ToEastH6.44,1584.0,773_1,0.0,0.0,0.0,2027.0,522_0,56.88,14.67,443.0,3094.48,164.0,5,0.0,245.29,0,tripinfo_WestA509ToEastH6.44 emissions_WestA509ToEastH6.44,electric,1.14,0.0,0.0,0.0,0.0,0.0,0.0,0.0
V6ToEastH6.158,1896.0,468_1,0.0,0.0,0.0,2027.0,522_1,56.88,12.41,131.0,1512.23,0.0,0,0.0,13.33,0,tripinfo_V6ToEastH6.158 emissions_V6ToEastH6.158,gasoline_euro4,0.93,4100.89661,356244.129645,26.657611,5.314189,137.663892,113625.843431,0.0
WestA509ToAvebury.91,1638.0,773_0,0.0,0.0,0.0,2037.0,213_0,19.13,14.23,399.0,2337.3,203.0,4,0.0,241.41,0,tripinfo_WestA509ToAvebury.91 emissions_WestA509ToAvebury.91,gasoline_euro4,1.08,41482.65449,1118675.725134,213.907022,22.824527,472.858613,356818.185339,0.0
SouthEvansGateToSilbury.95,1710.0,526_0,0.0,0.0,0.0,2039.0,215_1,19.43,13.21,329.0,1471.73,185.0,4,0.0,220.19,0,tripinfo_SouthEvansGateToSilbury.95 emissions_SouthEvansGateToSilbury.95,gasoline_euro4,0.98,37406.416266,916785.135959,191.464635,19.498633,395.886133,292423.370781,0.0
WestA509ToAvebury.92,1656.0,773_0,0.0,0.0,0.0,2040.0,213_0,19.13,13.38,384.0,2337.25,170.0,5,0.0,211.16,0,tripinfo_WestA509ToAvebury.92 emissions_WestA509ToAvebury.92,gasoline_euro4,0.99,36090.024253,1031901.633481,187.983151,20.420495,434.30259,329139.638136,0.0
SouthEvansGateToSilbury.98,1764.0,526_0,0.0,0.0,0.0,2040.0,215_1,19.43,13.87,276.0,1471.7,134.0,4,0.0,178.63,0,tripinfo_SouthEvansGateToSilbury.98 emissions_SouthEvansGateToSilbury.98,gasoline_euro4,1.09,29745.323112,807144.792049,154.061185,16.888327,346.281258,257450.116556,0.0
WestA509ToAvebury.96,1731.0,773_0,0.0,0.0,3.0,2044.0,213_0,19.13,13.52,313.0,2336.45,104.0,3,0.0,152.12,0,tripinfo_WestA509ToAvebury.96 emissions_WestA509ToAvebury.96,gasoline_euro4,1.06,25417.943906,869505.373383,135.377859,16.539386,360.630238,277338.660046,0.0
SouthEvansGateToSilbury.99,1782.0,526_0,0.0,0.0,0.0,2044.0,215_1,19.43,12.38,262.0,1471.71,117.0,5,0.0,152.16,0,tripinfo_SouthEvansGateToSilbury.99 emissions_SouthEvansGateToSilbury.99,electric,0.97,0.0,0.0,0.0,0.0,0.0,0.0,0.0
EastAveburyToWestA509.170,1645.0,483_1,0.0,0.0,0.0,2046.0,774_0,29.75,10.3,401.0,2311.97,116.0,5,0.0,172.44,0,tripinfo_EastAveburyToWestA509.170 emissions_EastAveburyToWestA509.170,electric,0.76,0.0,0.0,0.0,0.0,0.0,0.0,0.0
WestA509ToEastH6.41,1476.0,773_1,0.0,0.0,0.0,2049.0,522_1,56.88,11.12,573.0,3089.62,244.0,7,0.0,316.52,0,tripinfo_WestA509ToEastH6.41 emissions_WestA509ToEastH6.41,electric,0.88,0.0,0.0,0.0,0.0,0.0,0.0,0.0
WestA509ToEastH6.43,1548.0,773_1,0.0,0.0,0.0,2050.0,522_1,56.88,13.23,502.0,3082.34,212.0,6,0.0,270.14,0,tripinfo_WestA509ToEastH6.43 emissions_WestA509ToEastH6.43,electric,0.97,0.0,0.0,0.0,0.0,0.0,0.0,0.0
WestA509ToEastH6.46,1656.0,773_1,0.0,0.0,0.0,2054.0,522_0,56.88,11.86,398.0,3094.48,78.0,4,0.0,136.4,0,tripinfo_WestA509ToEastH6.46 emissions_WestA509ToEastH6.46,electric,0.86,0.0,0.0,0.0,0.0,0.0,0.0,0.0
V6ToEastH6.161,1932.0,468_1,0.0,0.0,0.0,2054.0,522_1,56.88,14.14,122.0,1512.23,0.0,0,0.0,16.16,0,tripinfo_V6ToEastH6.161 emissions_V6ToEastH6.161,electric,1.03,0.0,0.0,0.0,0.0,0.0,0.0,0.0
V6ToEastH6.160,1920.0,468_1,0.0,0.0,0.0,2059.0,522_1,56.88,11.92,139.0,1512.23,0.0,0,0.0,17.0,0,tripinfo_V6ToEastH6.160 emissions_V6ToEastH6.160,electric,0.89,0.0,0.0,0.0,0.0,0.0,0.0,0.0
WestA509ToEastH6.47,1692.0,773_0,0.0,0.0,0.0,2065.0,522_0,56.88,12.0,373.0,2750.78,104.0,5,0.0,146.1,0,tripinfo_WestA509ToEastH6.47 emissions_WestA509ToEastH6.47,electric,0.88,0.0,0.0,0.0,0.0,0.0,0.0,0.0
WestH6ToSaxonSt.131,1572.0,524_0,0.0,0.0,0.0,2073.0,771_1,56.88,15.54,501.0,2574.97,277.0,8,0.0,338.63,0,tripinfo_WestH6ToSaxonSt.131 emissions_WestH6ToSaxonSt.131,gasoline_euro4,1.16,57267.928956,1470687.409258,294.086097,31.078612,629.594249,469097.963287,0.0
WestH6ToSaxonSt.139,1668.0,524_0,0.0,0.0,0.0,2075.0,771_1,56.88,16.06,407.0,2555.05,184.0,6,0.0,248.33,0,tripinfo_WestH6ToSaxonSt.139 emissions_WestH6ToSaxonSt.139,electric,1.17,0.0,0.0,0.0,0.0,0.0,0.0,0.0
WestH6ToSaxonSt.140,1680.0,524_0,0.0,0.0,0.0,2077.0,771_1,56.88,15.21,397.0,2555.04,174.0,6,0.0,237.47,0,tripinfo_WestH6ToSaxonSt.140 emissions_WestH6ToSaxonSt.140,electric,1.17,0.0,0.0,0.0,0.0,0.0,0.0,0.0
V6ToEastH6.162,1944.0,468_1,0.0,0.0,0.0,2079.0,522_1,56.88,11.42,135.0,1512.23,0.0,0,0.0,13.75,0,tripinfo_V6ToEastH6.162 emissions_V6ToEastH6.162,electric,0.9,0.0,0.0,0.0,0.0,0.0,0.0,0.0
EastSilburyToEastAvebury.14,624.0,317_0,0.0,0.0,0.0,2080.0,213_0,19.13,14.33,1456.0,1576.66,1224.0,17,0.0,1350.33,0,tripinfo_EastSilburyToEastAvebury.14 emissions_EastSilburyToEastAvebury.14,electric,1.09,0.0,0.0,0.0,0.0,0.0,0.0,0.0
V6ToEastH6.163,1956.0,468_1,0.0,0.0,0.0,2081.0,522_1,56.88,14.65,125.0,1512.23,1.0,1,0.0,24.44,0,tripinfo_V6ToEastH6.163 emissions_V6ToEastH6.163,electric,1.09,0.0,0.0,0.0,0.0,0.0,0.0,0.0
V6ToEastH6.164,1968.0,468_1,0.0,0.0,0.0,2083.0,522_1,56.88,14.76,115.0,1512.23,0.0,0,0.0,13.98,0,tripinfo_V6ToEastH6.164 emissions_V6ToEastH6.164,electric,1.09,0.0,0.0,0.0,0.0,0.0,0.0,0.0
EastSilburyToEastAvebury.18,688.0,317_0,0.0,0.0,0.0,2088.0,213_0,19.13,11.36,1400.0,1576.69,1153.0,16,0.0,1271.42,0,tripinfo_EastSilburyToEastAvebury.18 emissions_EastSilburyToEastAvebury.18,electric,0.9,0.0,0.0,0.0,0.0,0.0,0.0,0.0
WestA509ToAvebury.66,1188.0,773_0,0.0,0.0,0.0,2090.0,213_0,19.13,11.76,902.0,2288.81,641.0,16,0.0,722.37,0,tripinfo_WestA509ToAvebury.66 emissions_WestA509ToAvebury.66,electric,0.93,0.0,0.0,0.0,0.0,0.0,0.0,0.0
WestA509ToEastH6.48,1728.0,773_0,0.0,0.0,0.0,2093.0,522_0,56.88,12.78,365.0,2754.97,127.0,3,0.0,166.93,0,tripinfo_WestA509ToEastH6.48 emissions_WestA509ToEastH6.48,gasoline_euro4,1.01,29638.080055,1007539.440168,157.599652,18.950926,416.106935,321366.57065,0.0
EastSilburyToEastAvebury.49,1184.0,317_0,0.0,0.0,0.0,2097.0,213_0,19.13,13.6,913.0,680.87,802.0,17,0.0,864.29,0,tripinfo_EastSilburyToEastAvebury.49 emissions_EastSilburyToEastAvebury.49,gasoline_euro4,1.05,142034.205158,2474443.754616,704.731916,60.33671,1123.577855,789280.675198,0.0
EastAveburyToWestA509.138,1373.0,483_1,0.0,0.0,0.0,2097.0,774_0,29.75,15.13,724.0,2241.68,435.0,19,0.0,573.81,0,tripinfo_EastAveburyToWestA509.138 emissions_EastAveburyToWestA509.138,electric,1.1,0.0,0.0,0.0,0.0,0.0,0.0,0.0
EastA509ToH6.96,1728.0,770_0,0.0,0.0,0.0,2097.0,522_0,56.88,12.55,369.0,2393.63,144.0,5,0.0,190.22,0,tripinfo_EastA509ToH6.96 emissions_EastA509ToH6.96,gasoline_euro4,0.97,33017.308206,1025676.288408,173.303361,19.581567,426.331952,327152.959722,0.0
EastA509ToH6.97,1746.0,770_0,0.0,0.0,0.0,2098.0,522_1,56.88,13.77,352.0,2393.66,120.0,6,0.0,182.43,0,tripinfo_EastA509ToH6.97 emissions_EastA509ToH6.97,gasoline_euro4,1.02,31764.031156,1048882.747166,168.543421,20.547277,440.291275,334553.06591,0.0
EastAveburyToWestA509.108,1118.0,483_1,0.0,0.0,0.0,2101.0,774_0,29.75,13.11,983.0,2325.48,640.0,23,0.0,808.33,0,tripinfo_EastAveburyToWestA509.108 emissions_EastAveburyToWestA509.108,gasoline_euro4,0.99,130890.661469,2644970.056588,657.829396,60.677498,1175.960199,843665.029121,0.0
EastAveburyToWestA509.107,1109.0,483_1,0.0,0.0,0.0,2106.0,774_0,29.75,15.3,997.0,2328.54,653.0,24,0.0,843.83,0,tripinfo_EastAveburyToWestA509.107 emissions_EastAveburyToWestA509.107,gasoline_euro4,1.13,133858.280141,2728191.300863,673.227375,62.64358,1212.654475,870209.289842,0.0
V6ToEastH6.165,1980.0,468_1,0.0,0.0,0.0,2107.0,522_1,56.88,12.43,127.0,1512.23,0.0,0,0.0,14.65,0,tripinfo_V6ToEastH6.165 emissions_V6ToEastH6.165,gasoline_euro4,0.97,4222.145505,371481.431817,27.464797,5.666967,144.029709,118485.686906,0.0
V6ToEastH6.166,1992.0,468_1,0.0,0.0,0.0,2113.0,522_1,56.88,14.22,121.0,1512.23,0.0,0,0.0,17.79,0,tripinfo_V6ToEastH6.166 emissions_V6ToEastH6.166,gasoline_euro4,1.05,4580.417886,392716.62111,29.442615,6.309353,153.723947,125258.451107,0.0
WestA509ToEastH6.49,1764.0,773_0,0.0,0.0,0.0,2120.0,522_0,56.88,15.88,356.0,2755.17,149.0,5,0.0,191.32,0,tripinfo_WestA509ToEastH6.49 emissions_WestA509ToEastH6.49,electric,1.21,0.0,0.0,0.0,0.0,0.0,0.0,0.0
WestH6ToSaxonSt.129,1548.0,524_0,0.0,0.0,0.0,2121.0,771_0,56.88,13.75,573.0,2613.57,342.0,5,0.0,388.56,0,tripinfo_WestH6ToSaxonSt.129 emissions_WestH6ToSaxonSt.129,electric,1.04,0.0,0.0,0.0,0.0,0.0,0.0,0.0
WestA509ToAvebury.97,1746.0,773_0,0.0,0.0,0.0,2126.0,213_0,19.13,13.12,380.0,2337.25,160.0,4,0.0,205.32,0,tripinfo_WestA509ToAvebury.97 emissions_WestA509ToAvebury.97,gasoline_euro4,0.97,34918.480197,1020131.009697,182.153155,20.031134,428.462311,325384.87983,0.0
SouthEvansGateToSilbury.100,1800.0,526_0,0.0,0.0,0.0,2126.0,215_0,19.43,13.23,326.0,1471.76,190.0,4,0.0,219.65,0,tripinfo_SouthEvansGateToSilbury.100 emissions_SouthEvansGateToSilbury.100,electric,1.0,0.0,0.0,0.0,0.0,0.0,0.0,0.0
SouthEvansGateToSilbury.101,1818.0,526_0,0.0,0.0,0.0,2128.0,215_1,19.43,11.8,310.0,1471.68,157.0,5,0.0,189.71,0,tripinfo_SouthEvansGateToSilbury.101 emissions_SouthEvansGateToSilbury.101,electric,0.89,0.0,0.0,0.0,0.0,0.0,0.0,0.0
SouthEvansGateToSilbury.102,1836.0,526_0,0.0,0.0,0.0,2129.0,215_1,19.43,13.1,293.0,1471.71,136.0,6,0.0,198.57,0,tripinfo_SouthEvansGateToSilbury.102 emissions_SouthEvansGateToSilbury.102,gasoline_euro4,1.13,31518.260521,847004.358031,163.107989,17.875913,365.509124,270163.833813,0.0
SouthEvansGateToSilbury.103,1854.0,526_0,0.0,0.0,0.0,2129.0,215_0,19.43,13.04,275.0,1471.73,119.0,5,0.0,171.42,0,tripinfo_SouthEvansGateToSilbury.103 emissions_SouthEvansGateToSilbury.103,gasoline_euro4,1.03,28471.652876,789222.558936,147.862788,16.44861,339.340677,251733.17822,0.0
SouthEvansGateToSilbury.104,1872.0,526_0,0.0,0.0,0.0,2131.0,215_1,19.43,14.43,259.0,1471.73,107.0,4,0.0,159.94,0,tripinfo_SouthEvansGateToSilbury.104 emissions_SouthEvansGateToSilbury.104,electric,1.08,0.0,0.0,0.0,0.0,0.0,0.0,0.0
V6ToEastH6.167,2004.0,468_1,0.0,0.0,0.0,2132.0,522_1,56.88,12.54,128.0,1512.23,0.0,0,0.0,13.62,0,tripinfo_V6ToEastH6.167 emissions_V6ToEastH6.167,electric,0.95,0.0,0.0,0.0,0.0,0.0,0.0,0.0
SouthEvansGateToSilbury.105,1890.0,526_0,0.0,0.0,0.0,2133.0,215_1,19.43,13.99,243.0,1471.73,108.0,3,0.0,143.42,0,tripinfo_SouthEvansGateToSilbury.105 emissions_SouthEvansGateToSilbury.105,electric,1.07,0.0,0.0,0.0,0.0,0.0,0.0,0.0
V6ToEastH6.168,2016.0,468_1,0.0,0.0,0.0,2144.0,522_1,56.88,12.72,128.0,1512.23,0.0,0,0.0,12.6,0,tripinfo_V6ToEastH6.168 emissions_V6ToEastH6.168,gasoline_euro4,0.95,3981.423017,352793.203656,25.677567,5.225455,135.511215,112525.14395,0.0
V6ToEastH6.169,2028.0,468_1,0.0,0.0,0.0,2149.0,522_1,56.88,14.56,121.0,1512.23,0.0,0,0.0,17.59,0,tripinfo_V6ToEastH6.169 emissions_V6ToEastH6.169,electric,1.05,0.0,0.0,0.0,0.0,0.0,0.0,0.0
EastSilburyToEastAvebury.17,672.0,317_0,0.0,0.0,0.0,2168.0,213_0,19.13,14.91,1496.0,680.89,1310.0,21,0.0,1452.71,0,tripinfo_EastSilburyToEastAvebury.17 emissions_EastSilburyToEastAvebury.17,electric,1.16,0.0,0.0,0.0,0.0,0.0,0.0,0.0
V6ToEastH6.170,2040.0,468_1,0.0,0.0,0.0,2169.0,522_1,56.88,12.79,129.0,1512.23,0.0,0,0.0,15.56,0,tripinfo_V6ToEastH6.170 emissions_V6ToEastH6.170,gasoline_euro4,0.96,4171.643367,366772.371743,26.907044,5.44851,141.088134,116983.867652,0.0
WestH6ToSaxonSt.123,1476.0,524_0,0.0,0.0,0.0,2170.0,771_1,56.88,11.87,694.0,2767.88,397.0,8,0.0,463.87,0,tripinfo_WestH6ToSaxonSt.123 emissions_WestH6ToSaxonSt.123,gasoline_euro4,0.9,78863.385172,1831152.925249,401.34136,38.84738,791.683586,584078.385284,0.0
WestA509ToAvebury.34,615.0,773_0,0.0,0.0,3.0,2171.0,213_0,19.13,12.41,1556.0,2288.83,1238.0,20,0.0,1386.65,0,tripinfo_WestA509ToAvebury.34 emissions_WestA509ToAvebury.34,electric,0.98,0.0,0.0,0.0,0.0,0.0,0.0,0.0
EastAveburyToWestA509.135,1347.0,483_0,0.0,0.0,0.0,2180.0,774_0,29.75,11.62,833.0,2261.73,527.0,15,0.0,651.89,0,tripinfo_EastAveburyToWestA509.135 emissions_EastAveburyToWestA509.135,electric,0.92,0.0,0.0,0.0,0.0,0.0,0.0,0.0
V6ToEastH6.171,2052.0,468_1,0.0,0.0,0.0,2180.0,522_1,56.88,12.16,128.0,1512.23,0.0,0,0.0,14.0,0,tripinfo_V6ToEastH6.171 emissions_V6ToEastH6.171,electric,0.96,0.0,0.0,0.0,0.0,0.0,0.0,0.0
EastSilburyToEastAvebury.67,1472.0,317_0,0.0,0.0,0.0,2181.0,213_0,19.13,14.54,709.0,680.87,579.0,20,0.0,664.85,0,tripinfo_EastSilburyToEastAvebury.67 emissions_EastSilburyToEastAvebury.67,electric,1.14,0.0,0.0,0.0,0.0,0.0,0.0,0.0
EastSilburyToEastAvebury.21,736.0,317_0,0.0,0.0,0.0,2184.0,213_0,19.13,14.09,1448.0,680.89,1267.0,19,0.0,1398.85,0,tripinfo_EastSilburyToEastAvebury.21 emissions_EastSilburyToEastAvebury.21,electric,1.03,0.0,0.0,0.0,0.0,0.0,0.0,0.0
V6ToEastH6.172,2064.0,468_1,0.0,0.0,0.0,2186.0,522_1,56.88,13.13,122.0,1512.23,0.0,0,0.0,12.44,0,tripinfo_V6ToEastH6.172 emissions_V6ToEastH6.172,gasoline_euro4,1.0,4234.771771,366986.910497,27.451042,5.870517,143.800665,117051.866829,0.0
EastAveburyToWestA509.136,1356.0,483_0,0.0,0.0,0.0,2191.0,774_0,29.75,10.28,835.0,2261.83,495.0,16,0.0,624.67,0,tripinfo_EastAveburyToWestA509.136 emissions_EastAveburyToWestA509.136,gasoline_euro4,0.79,102415.6876,2069952.700398,514.593777,45.863235,910.608318,660253.77691,0.0
V6ToEastH6.173,2076.0,468_1,0.0,0.0,0.0,2194.0,522_1,56.88,13.4,118.0,1512.23,0.0,0,0.0,12.79,0,tripinfo_V6ToEastH6.173 emissions_V6ToEastH6.173,gasoline_euro4,1.03,3618.86713,350979.601795,23.930304,5.253799,134.349441,111946.414595,0.0
EastAveburyToWestA509.158,1543.0,483_1,0.0,0.0,0.0,2195.0,774_0,29.75,13.74,652.0,2325.55,386.0,14,0.0,478.05,0,tripinfo_EastAveburyToWestA509.158 emissions_EastAveburyToWestA509.158,gasoline_euro4,1.0,79718.139978,1831008.472616,405.519068,40.107633,800.881046,584031.299188,0.0
V6ToEastH6.174,2088.0,468_1,0.0,0.0,0.0,2205.0,522_1,56.88,15.0,117.0,1512.23,0.0,0,0.0,15.41,0,tripinfo_V6ToEastH6.174 emissions_V6ToEastH6.174,electric,1.08,0.0,0.0,0.0,0.0,0.0,0.0,0.0
EastA509ToH6.89,1602.0,770_0,0.0,0.0,0.0,2210.0,522_0,56.88,13.11,608.0,1483.69,410.0,13,0.0,495.29,0,tripinfo_EastA509ToH6.89 emissions_EastA509ToH6.89,gasoline_euro4,0.95,80645.596468,1619781.74227,404.988114,37.002523,718.506713,516661.660997,0.0
EastA509ToH6.90,1620.0,770_0,0.0,0.0,0.0,2213.0,522_0,56.88,13.59,593.0,1483.69,396.0,12,0.0,484.95,0,tripinfo_EastA509ToH6.90 emissions_EastA509ToH6.90,electric,0.99,0.0,0.0,0.0,0.0,0.0,0.0,0.0
EastAveburyToWestA509.109,1126.0,483_1,0.0,0.0,0.0,2214.0,774_0,29.75,11.15,1088.0,2328.55,733.0,25,0.0,879.78,0,tripinfo_EastAveburyToWestA509.109 emissions_EastAveburyToWestA509.109,gasoline_euro4,0.83,145038.716483,2820613.154478,726.273532,64.402469,1252.753431,899693.656252,0.0
SouthEvansGateToSilbury.108,1944.0,526_0,0.0,0.0,0.0,2214.0,215_1,19.43,15.21,270.0,1471.68,137.0,5,0.0,175.99,0,tripinfo_SouthEvansGateToSilbury.108 emissions_SouthEvansGateToSilbury.108,electric,1.13,0.0,0.0,0.0,0.0,0.0,0.0,0.0
SouthEvansGateToSilbury.109,1962.0,526_0,0.0,0.0,0.0,2214.0,215_0,19.43,14.69,252.0,1471.76,120.0,5,0.0,156.05,0,tripinfo_SouthEvansGateToSilbury.109 emissions_SouthEvansGateToSilbury.109,electric,1.11,0.0,0.0,0.0,0.0,0.0,0.0,0.0
SouthEvansGateToSilbury.106,1908.0,526_0,0.0,0.0,0.0,2216.0,215_1,19.43,14.69,308.0,1471.7,166.0,5,0.0,212.13,0,tripinfo_SouthEvansGateToSilbury.106 emissions_SouthEvansGateToSilbury.106,electric,1.11,0.0,0.0,0.0,0.0,0.0,0.0,0.0
EastA509ToH6.93,1674.0,770_0,0.0,0.0,0.0,2217.0,522_0,56.88,11.74,543.0,1483.69,340.0,12,0.0,425.97,0,tripinfo_EastA509ToH6.93 emissions_EastA509ToH6.93,gasoline_euro4,0.92,69489.398044,1445942.36058,349.991096,32.343177,636.738104,461211.335481,0.0
SouthEvansGateToSilbury.107,1926.0,526_0,0.0,0.0,0.0,2223.0,215_1,19.43,9.21,297.0,1471.77,116.0,6,0.0,150.98,0,tripinfo_SouthEvansGateToSilbury.107 emissions_SouthEvansGateToSilbury.107,electric,0.73,0.0,0.0,0.0,0.0,0.0,0.0,0.0
V6ToEastH6.175,2100.0,468_1,0.0,0.0,0.0,2224.0,522_1,56.88,13.43,124.0,1512.23,0.0,0,0.0,11.81,0,tripinfo_V6ToEastH6.175 emissions_V6ToEastH6.175,electric,0.98,0.0,0.0,0.0,0.0,0.0,0.0,0.0
V6ToEastH6.176,2112.0,468_1,0.0,0.0,0.0,2247.0,522_1,56.88,12.58,135.0,1512.23,0.0,0,0.0,16.2,0,tripinfo_V6ToEastH6.176 emissions_V6ToEastH6.176,gasoline_euro4,0.92,4514.002282,363141.795698,28.639406,5.581758,141.678552,115825.899202,0.0
WestH6ToSaxonSt.128,1536.0,524_0,0.0,0.0,0.0,2252.0,771_1,56.88,13.26,716.0,2767.88,425.0,11,0.0,505.41,0,tripinfo_WestH6ToSaxonSt.128 emissions_WestH6ToSaxonSt.128,gasoline_euro4,0.98,85817.509014,2002907.228542,436.860868,43.150967,869.620406,638861.357607,0.0
EastSilburyToEastAvebury.29,864.0,317_0,0.0,0.0,0.0,2257.0,213_0,19.13,14.53,1393.0,1576.69,1138.0,17,0.0,1283.25,0,tripinfo_EastSilburyToEastAvebury.29 emissions_EastSilburyToEastAvebury.29,electric,1.05,0.0,0.0,0.0,0.0,0.0,0.0,0.0
EastSilburyToEastAvebury.31,896.0,317_0,0.0,0.0,0.0,2258.0,213_0,19.13,15.37,1362.0,1576.66,1125.0,14,0.0,1263.62,0,tripinfo_EastSilburyToEastAvebury.31 emissions_EastSilburyToEastAvebury.31,electric,1.17,0.0,0.0,0.0,0.0,0.0,0.0,0.0
V6ToEastH6.177,2124.0,468_1,0.0,0.0,0.0,2262.0,522_1,56.88,11.65,138.0,1512.23,2.0,1,0.0,19.89,0,tripinfo_V6ToEastH6.177 emissions_V6ToEastH6.177,gasoline_euro4,0.92,4883.091806,374422.673871,30.398583,5.627421,145.02316,119424.27456,0.0
V6ToEastH6.178,2136.0,468_1,0.0,0.0,0.0,2264.0,522_1,56.88,12.3,128.0,1512.23,0.0,0,0.0,14.55,0,tripinfo_V6ToEastH6.178 emissions_V6ToEastH6.178,gasoline_euro4,0.96,3937.607677,358612.222386,25.703632,5.202959,137.192773,114381.200034,0.0
EastSilburyToEastAvebury.47,1152.0,317_0,0.0,0.0,0.0,2266.0,213_0,19.13,12.77,1114.0,680.87,968.0,21,0.0,1059.34,0,tripinfo_EastSilburyToEastAvebury.47 emissions_EastSilburyToEastAvebury.47,gasoline_euro4,0.93,173659.602705,2972345.95859,860.423453,72.680634,1351.585372,948099.708841,0.0
EastSilburyToEastAvebury.36,976.0,317_0,0.0,0.0,0.0,2267.0,213_0,19.13,14.15,1291.0,1576.66,1038.0,18,0.0,1184.64,0,tripinfo_EastSilburyToEastAvebury.36 emissions_EastSilburyToEastAvebury.36,electric,1.08,0.0,0.0,0.0,0.0,0.0,0.0,0.0
V6ToEastH6.179,2148.0,468_1,0.0,0.0,0.0,2279.0,522_1,56.88,12.19,131.0,1512.23,0.0,0,0.0,13.42,0,tripinfo_V6ToEastH6.179 emissions_V6ToEastH6.179,gasoline_euro4,0.93,3858.17135,356580.139071,25.494228,5.053188,135.763282,113733.194252,0.0
EastAveburyToWestA509.122,1237.0,483_1,0.0,0.0,0.0,2286.0,774_0,29.75,14.3,1049.0,2325.7,742.0,18,0.0,890.54,0,tripinfo_EastAveburyToWestA509.122 emissions_EastAveburyToWestA509.122,gasoline_euro4,1.08,143931.73271,2833967.130125,721.305137,65.679951,1262.454053,903950.978851,0.0
V6ToEastH6.181,2172.0,468_1,0.0,0.0,0.0,2298.0,522_1,56.88,13.5,126.0,1512.23,0.0,0,0.0,17.77,0,tripinfo_V6ToEastH6.181 emissions_V6ToEastH6.181,gasoline_euro4,1.01,4329.437221,363428.365492,27.669035,5.639104,141.205455,115917.126433,0.0
SouthEvansGateToSilbury.110,1980.0,526_0,0.0,0.0,0.0,2303.0,215_1,19.43,12.52,323.0,1471.73,184.0,4,0.0,215.39,0,tripinfo_SouthEvansGateToSilbury.110 emissions_SouthEvansGateToSilbury.110,electric,0.99,0.0,0.0,0.0,0.0,0.0,0.0,0.0
V6ToEastH6.182,2184.0,468_1,0.0,0.0,0.0,2305.0,522_0,56.88,14.79,121.0,1512.23,0.0,0,0.0,20.63,0,tripinfo_V6ToEastH6.182 emissions_V6ToEastH6.182,gasoline_euro4,1.09,4669.355192,393270.606553,30.017802,6.482137,155.39084,125435.001391,0.0
SouthEvansGateToSilbury.111,1998.0,526_0,0.0,0.0,0.0,2306.0,215_1,19.43,11.76,308.0,1471.68,146.0,6,0.0,186.23,0,tripinfo_SouthEvansGateToSilbury.111 emissions_SouthEvansGateToSilbury.111,gasoline_euro4,0.87,32040.654025,831311.532839,165.11128,16.869692,354.418031,265159.902895,0.0
V6ToEastH6.180,2160.0,468_1,0.0,0.0,0.0,2306.0,522_0,56.88,11.23,146.0,1512.23,1.0,1,0.0,16.77,0,tripinfo_V6ToEastH6.180 emissions_V6ToEastH6.180,gasoline_euro4,0.84,4756.565018,367618.044278,29.922797,5.086179,140.219261,117254.385102,0.0
SouthEvansGateToSilbury.112,2016.0,526_0,0.0,0.0,0.0,2307.0,215_1,19.43,13.51,291.0,1471.71,131.0,6,0.0,204.26,0,tripinfo_SouthEvansGateToSilbury.112 emissions_SouthEvansGateToSilbury.112,electric,1.22,0.0,0.0,0.0,0.0,0.0,0.0,0.0
EastAveburyToWestA509.179,1721.0,483_1,0.0,0.0,0.0,2308.0,774_0,29.75,12.14,587.0,2311.97,338.0,6,0.0,399.06,0,tripinfo_EastAveburyToWestA509.179 emissions_EastAveburyToWestA509.179,electric,0.92,0.0,0.0,0.0,0.0,0.0,0.0,0.0
EastA509ToH6.95,1710.0,770_0,0.0,0.0,0.0,2309.0,522_0,56.88,13.22,599.0,1483.64,404.0,13,0.0,487.72,0,tripinfo_EastA509ToH6.95 emissions_EastA509ToH6.95,gasoline_euro4,0.96,80231.61499,1628730.965395,403.305858,37.225967,722.787519,519515.604679,0.0
EastAveburyToWestA509.180,1730.0,483_1,0.0,0.0,0.0,2309.0,774_0,29.75,14.77,579.0,2307.67,326.0,5,0.0,419.14,0,tripinfo_EastAveburyToWestA509.180 emissions_EastAveburyToWestA509.180,electric,1.08,0.0,0.0,0.0,0.0,0.0,0.0,0.0
SouthEvansGateToSilbury.113,2034.0,526_0,0.0,0.0,0.0,2309.0,215_1,19.43,12.23,275.0,1471.7,115.0,4,0.0,161.57,0,tripinfo_SouthEvansGateToSilbury.113 emissions_SouthEvansGateToSilbury.113,electric,0.94,0.0,0.0,0.0,0.0,0.0,0.0,0.0
SouthEvansGateToSilbury.114,2052.0,526_0,0.0,0.0,0.0,2311.0,215_1,19.43,15.04,259.0,1471.73,106.0,4,0.0,162.56,0,tripinfo_SouthEvansGateToSilbury.114 emissions_SouthEvansGateToSilbury.114,electric,1.11,0.0,0.0,0.0,0.0,0.0,0.0,0.0
EastA509ToH6.98,1764.0,770_0,0.0,0.0,0.0,2313.0,522_0,56.88,11.52,549.0,1483.64,357.0,13,0.0,429.29,0,tripinfo_EastA509ToH6.98 emissions_EastA509ToH6.98,electric,0.9,0.0,0.0,0.0,0.0,0.0,0.0,0.0
V6ToEastH6.183,2196.0,468_1,0.0,0.0,0.0,2328.0,522_1,56.88,12.25,132.0,1512.23,0.0,0,0.0,12.73,0,tripinfo_V6ToEastH6.183 emissions_V6ToEastH6.183,electric,0.91,0.0,0.0,0.0,0.0,0.0,0.0,0.0
V6ToEastH6.184,2208.0,468_1,0.0,0.0,0.0,2336.0,522_1,56.88,11.98,128.0,1512.23,0.0,0,0.0,11.74,0,tripinfo_V6ToEastH6.184 emissions_V6ToEastH6.184,gasoline_euro4,0.94,3794.573466,347026.899363,24.986742,5.113715,133.437006,110685.920305,0.0
V6ToEastH6.185,2220.0,468_1,0.0,0.0,0.0,2337.0,522_0,56.88,14.41,117.0,1512.23,0.0,0,0.0,14.34,0,tripinfo_V6ToEastH6.185 emissions_V6ToEastH6.185,gasoline_euro4,1.07,3834.178446,367509.717679,25.250889,5.609945,140.981805,117218.68743,0.0
WestH6ToSaxonSt.133,1596.0,524_0,0.0,0.0,0.0,2342.0,771_1,56.88,14.99,746.0,2574.97,499.0,12,0.0,573.37,0,tripinfo_WestH6ToSaxonSt.133 emissions_WestH6ToSaxonSt.133,gasoline_euro4,1.1,95263.608106,2063411.433721,480.992199,45.808847,901.929198,658163.08339,0.0
WestH6ToSaxonSt.130,1560.0,524_0,0.0,0.0,0.0,2348.0,771_1,56.88,13.01,788.0,2767.87,485.0,15,0.0,575.65,0,tripinfo_WestH6ToSaxonSt.130 emissions_WestH6ToSaxonSt.130,gasoline_euro4,0.97,97192.682629,2156284.386015,492.321391,47.43281,942.954816,687785.537949,0.0
V6ToEastH6.186,2232.0,468_1,0.0,0.0,0.0,2348.0,522_1,56.88,13.86,116.0,1512.23,0.0,0,0.0,12.41,0,tripinfo_V6ToEastH6.186 emissions_V6ToEastH6.186,electric,1.06,0.0,0.0,0.0,0.0,0.0,0.0,0.0
EastSilburyToEastAvebury.46,1136.0,317_0,0.0,0.0,0.0,2356.0,213_0,19.13,13.77,1220.0,1576.66,970.0,15,0.0,1107.27,0,tripinfo_EastSilburyToEastAvebury.46 emissions_EastSilburyToEastAvebury.46,electric,1.03,0.0,0.0,0.0,0.0,0.0,0.0,0.0
EastSilburyToEastAvebury.60,1360.0,317_0,0.0,0.0,0.0,2357.0,213_0,19.13,15.11,997.0,680.87,829.0,27,0.0,951.37,0,tripinfo_EastSilburyToEastAvebury.60 emissions_EastSilburyToEastAvebury.60,gasoline_euro4,1.1,154366.108891,2669898.887407,765.386445,65.11176,1212.891634,851626.233139,0.0
V6ToEastH6.187,2244.0,468_1,0.0,0.0,0.0,2380.0,522_1,56.88,11.74,136.0,1512.23,0.0,0,0.0,13.29,0,tripinfo_V6ToEastH6.187 emissions_V6ToEastH6.187,gasoline_euro4,0.89,4024.928896,349718.524483,26.256786,4.960584,133.912625,111544.749922,0.0
EastA509ToH6.94,1692.0,770_0,0.0,0.0,0.0,2383.0,522_0,56.88,13.26,691.0,1483.8,483.0,13,0.0,584.8,0,tripinfo_EastA509ToH6.94 emissions_EastA509ToH6.94,gasoline_euro4,1.01,94141.310206,1850742.163756,471.540924,42.706174,823.616116,590331.813202,0.0
SouthEvansGateToSilbury.116,2088.0,526_0,0.0,0.0,0.0,2389.0,215_0,19.43,14.83,301.0,1471.71,157.0,6,0.0,203.23,0,tripinfo_SouthEvansGateToSilbury.116 emissions_SouthEvansGateToSilbury.116,electric,1.09,0.0,0.0,0.0,0.0,0.0,0.0,0.0
V6ToEastH6.188,2256.0,468_1,0.0,0.0,0.0,2389.0,522_1,56.88,12.88,133.0,1512.23,0.0,0,0.0,15.91,0,tripinfo_V6ToEastH6.188 emissions_V6ToEastH6.188,electric,0.93,0.0,0.0,0.0,0.0,0.0,0.0,0.0
SouthEvansGateToSilbury.115,2070.0,526_0,0.0,0.0,0.0,2391.0,215_1,19.43,12.59,321.0,1471.73,182.0,4,0.0,214.08,0,tripinfo_SouthEvansGateToSilbury.115 emissions_SouthEvansGateToSilbury.115,gasoline_euro4,1.0,36691.690014,902777.604474,187.719602,19.116367,388.722528,287955.453795,0.0
SouthEvansGateToSilbury.117,2106.0,526_0,0.0,0.0,0.0,2393.0,215_1,19.43,12.32,287.0,1471.7,130.0,5,0.0,169.31,0,tripinfo_SouthEvansGateToSilbury.117 emissions_SouthEvansGateToSilbury.117,gasoline_euro4,0.9,29541.859048,796262.51876,153.086461,16.398531,341.527942,253979.427453,0.0
EastA509ToH6.100,1800.0,770_0,0.0,0.0,0.0,2394.0,522_0,56.88,11.92,594.0,1483.64,377.0,14,0.0,476.97,0,tripinfo_EastA509ToH6.100 emissions_EastA509ToH6.100,electric,0.92,0.0,0.0,0.0,0.0,0.0,0.0,0.0
EastA509ToH6.101,1818.0,770_0,0.0,0.0,0.0,2394.0,522_1,56.88,13.56,576.0,1483.69,364.0,14,0.0,468.68,0,tripinfo_EastA509ToH6.101 emissions_EastA509ToH6.101,gasoline_euro4,1.0,75585.867313,1562423.85931,380.352451,35.39545,691.118226,498365.095347,0.0
EastA509ToH6.102,1836.0,770_0,0.0,0.0,0.0,2395.0,522_0,56.88,13.85,559.0,1483.69,363.0,12,0.0,455.72,0,tripinfo_EastA509ToH6.102 emissions_EastA509ToH6.102,electric,1.04,0.0,0.0,0.0,0.0,0.0,0.0,0.0
EastA509ToH6.103,1854.0,770_0,0.0,0.0,0.0,2395.0,522_1,56.88,14.81,541.0,1483.69,346.0,12,0.0,444.74,0,tripinfo_EastA509ToH6.103 emissions_EastA509ToH6.103,electric,1.11,0.0,0.0,0.0,0.0,0.0,0.0,0.0
SouthEvansGateToSilbury.118,2124.0,526_0,0.0,0.0,0.0,2395.0,215_0,19.43,10.2,271.0,1471.78,107.0,4,0.0,140.25,0,tripinfo_SouthEvansGateToSilbury.118 emissions_SouthEvansGateToSilbury.118,electric,0.81,0.0,0.0,0.0,0.0,0.0,0.0,0.0
SouthEvansGateToSilbury.119,2142.0,526_0,0.0,0.0,0.0,2395.0,215_1,19.43,14.07,253.0,1471.73,116.0,3,0.0,153.7,0,tripinfo_SouthEvansGateToSilbury.119 emissions_SouthEvansGateToSilbury.119,gasoline_euro4,1.07,26096.96965,727968.009992,135.511234,15.046317,310.844306,232195.312408,0.0
V6ToEastH6.190,2280.0,468_1,0.0,0.0,0.0,2404.0,522_1,56.88,12.32,124.0,1512.23,0.0,0,0.0,12.26,0,tripinfo_V6ToEastH6.190 emissions_V6ToEastH6.190,gasoline_euro4,0.97,3574.612645,347345.310721,23.699759,4.925285,131.436285,110787.568036,0.0
V6ToEastH6.189,2268.0,468_1,0.0,0.0,0.0,2411.0,522_0,56.88,11.62,143.0,1512.23,0.0,0,0.0,14.01,0,tripinfo_V6ToEastH6.189 emissions_V6ToEastH6.189,electric,0.85,0.0,0.0,0.0,0.0,0.0,0.0,0.0
WestH6ToSaxonSt.132,1584.0,524_0,0.0,0.0,0.0,2424.0,771_1,56.88,15.42,840.0,2767.88,531.0,18,0.0,656.23,0,tripinfo_WestH6ToSaxonSt.132 emissions_WestH6ToSaxonSt.132,gasoline_euro4,1.12,108226.622948,2401925.7045,548.535479,53.824436,1056.705927,766136.080066,0.0
V6ToEastH6.191,2292.0,468_1,0.0,0.0,0.0,2424.0,522_1,56.88,13.34,132.0,1512.23,0.0,0,0.0,19.67,0,tripinfo_V6ToEastH6.191 emissions_V6ToEastH6.191,electric,0.97,0.0,0.0,0.0,0.0,0.0,0.0,0.0
WestH6ToSaxonSt.142,1704.0,524_0,0.0,0.0,0.0,2431.0,771_1,56.88,13.61,727.0,2555.04,467.0,8,0.0,540.07,0,tripinfo_WestH6ToSaxonSt.142 emissions_WestH6ToSaxonSt.142,electric,1.0,0.0,0.0,0.0,0.0,0.0,0.0,0.0
WestH6ToSaxonSt.147,1764.0,524_0,0.0,0.0,0.0,2433.0,771_1,56.88,14.0,669.0,2555.05,407.0,7,0.0,483.67,0,tripinfo_WestH6ToSaxonSt.147 emissions_WestH6ToSaxonSt.147,electric,1.01,0.0,0.0,0.0,0.0,0.0,0.0,0.0
EastSilburyToEastAvebury.70,1520.0,317_0,0.0,0.0,0.0,2436.0,213_0,19.13,9.38,916.0,680.87,769.0,17,0.0,849.89,0,tripinfo_EastSilburyToEastAvebury.70 emissions_EastSilburyToEastAvebury.70,electric,0.76,0.0,0.0,0.0,0.0,0.0,0.0,0.0
V6ToEastH6.192,2304.0,468_1,0.0,0.0,0.0,2436.0,522_1,56.88,11.48,132.0,1512.23,0.0,0,0.0,13.18,0,tripinfo_V6ToEastH6.192 emissions_V6ToEastH6.192,electric,0.92,0.0,0.0,0.0,0.0,0.0,0.0,0.0
WestA509ToAvebury.84,1515.0,773_0,0.0,0.0,3.0,2438.0,213_0,19.13,11.78,923.0,2288.81,624.0,20,0.0,728.2,0,tripinfo_WestA509ToAvebury.84 emissions_WestA509ToAvebury.84,electric,0.85,0.0,0.0,0.0,0.0,0.0,0.0,0.0
V6ToEastH6.193,2316.0,468_1,0.0,0.0,0.0,2438.0,522_1,56.88,16.44,122.0,1512.23,1.0,1,0.0,31.05,0,tripinfo_V6ToEastH6.193 emissions_V6ToEastH6.193,gasoline_euro4,1.21,5941.443144,439185.816646,36.745695,7.757888,176.440456,140079.638852,0.0
V6ToEastH6.194,2328.0,468_1,0.0,0.0,0.0,2439.0,522_1,56.88,14.96,111.0,1512.23,0.0,0,0.0,14.86,0,tripinfo_V6ToEastH6.194 emissions_V6ToEastH6.194,gasoline_euro4,1.13,4475.463325,386901.881094,28.929882,6.54909,152.887523,123403.446479,0.0
WestA509ToAvebury.88,1584.0,773_0,0.0,0.0,0.0,2440.0,213_0,19.13,11.18,856.0,2287.0,560.0,16,0.0,657.99,0,tripinfo_WestA509ToAvebury.88 emissions_WestA509ToAvebury.88,electric,0.84,0.0,0.0,0.0,0.0,0.0,0.0,0.0
WestH6ToSaxonSt.141,1692.0,524_0,0.0,0.0,0.0,2441.0,771_1,56.88,10.7,749.0,2555.03,466.0,9,0.0,531.26,0,tripinfo_WestH6ToSaxonSt.141 emissions_WestH6ToSaxonSt.141,gasoline_euro4,0.86,89773.212852,1934560.90156,453.861778,42.082865,844.323271,617065.04051,0.0
V6ToEastH6.195,2340.0,468_1,0.0,0.0,0.0,2454.0,522_1,56.88,13.98,114.0,1512.23,0.0,0,0.0,13.31,0,tripinfo_V6ToEastH6.195 emissions_V6ToEastH6.195,gasoline_euro4,1.09,4235.090521,378002.25704,27.410025,6.112929,147.235804,120565.093653,0.0
EastAveburyToWestA509.176,1696.0,483_1,0.0,0.0,0.0,2456.0,774_1,29.75,14.81,760.0,2237.92,460.0,15,0.0,611.83,0,tripinfo_EastAveburyToWestA509.176 emissions_EastAveburyToWestA509.176,electric,1.12,0.0,0.0,0.0,0.0,0.0,0.0,0.0
EastAveburyToWestA509.173,1670.0,483_1,0.0,0.0,0.0,2458.0,774_0,29.75,10.32,788.0,2237.44,492.0,16,0.0,577.03,0,tripinfo_EastAveburyToWestA509.173 emissions_EastAveburyToWestA509.173,electric,0.79,0.0,0.0,0.0,0.0,0.0,0.0,0.0
EastAveburyToWestA509.165,1602.0,483_1,0.0,0.0,0.0,2464.0,774_1,29.75,11.59,862.0,2325.55,582.0,20,0.0,673.16,0,tripinfo_EastAveburyToWestA509.165 emissions_EastAveburyToWestA509.165,gasoline_euro4,0.92,112224.405148,2308598.662625,564.76927,52.178323,1020.846831,736372.424253,0.0
EastAveburyToWestA509.175,1687.0,483_1,0.0,0.0,0.0,2464.0,774_0,29.75,10.33,777.0,2237.39,455.0,16,0.0,557.12,0,tripinfo_EastAveburyToWestA509.175 emissions_EastAveburyToWestA509.175,electric,0.75,0.0,0.0,0.0,0.0,0.0,0.0,0.0
EastA509ToH6.104,1872.0,770_0,0.0,0.0,0.0,2471.0,522_0,56.88,14.61,599.0,1483.69,419.0,13,0.0,502.33,0,tripinfo_EastA509ToH6.104 emissions_EastA509ToH6.104,electric,1.11,0.0,0.0,0.0,0.0,0.0,0.0,0.0
EastA509ToH6.105,1890.0,770_0,0.0,0.0,0.0,2478.0,522_0,56.88,12.25,588.0,1483.64,393.0,13,0.0,477.27,0,tripinfo_EastA509ToH6.105 emissions_EastA509ToH6.105,gasoline_euro4,0.97,78589.677032,1590069.044033,394.906677,36.125209,703.714706,507184.083459,0.0
SouthEvansGateToSilbury.120,2160.0,526_0,0.0,0.0,0.0,2479.0,215_1,19.43,12.28,319.0,1471.7,169.0,5,0.0,207.14,0,tripinfo_SouthEvansGateToSilbury.120 emissions_SouthEvansGateToSilbury.120,electric,0.95,0.0,0.0,0.0,0.0,0.0,0.0,0.0
SouthEvansGateToSilbury.121,2178.0,526_0,0.0,0.0,0.0,2480.0,215_1,19.43,13.55,302.0,1471.68,150.0,7,0.0,204.71,0,tripinfo_SouthEvansGateToSilbury.121 emissions_SouthEvansGateToSilbury.121,electric,1.09,0.0,0.0,0.0,0.0,0.0,0.0,0.0
SouthEvansGateToSilbury.122,2196.0,526_0,0.0,0.0,0.0,2482.0,215_1,19.43,14.76,286.0,1471.73,130.0,7,0.0,190.92,0,tripinfo_SouthEvansGateToSilbury.122 emissions_SouthEvansGateToSilbury.122,electric,1.12,0.0,0.0,0.0,0.0,0.0,0.0,0.0
SouthEvansGateToSilbury.124,2232.0,526_0,0.0,0.0,0.0,2484.0,215_1,19.43,14.77,252.0,1471.73,122.0,3,0.0,158.7,0,tripinfo_SouthEvansGateToSilbury.124 emissions_SouthEvansGateToSilbury.124,electric,1.15,0.0,0.0,0.0,0.0,0.0,0.0,0.0
EastA509ToH6.107,1926.0,770_0,0.0,0.0,0.0,2486.0,522_0,56.88,15.86,560.0,1483.69,365.0,14,0.0,467.93,0,tripinfo_EastA509ToH6.107 emissions_EastA509ToH6.107,electric,1.17,0.0,0.0,0.0,0.0,0.0,0.0,0.0
V6ToEastH6.196,2352.0,468_1,0.0,0.0,0.0,2486.0,522_1,56.88,11.99,134.0,1512.23,0.0,0,0.0,11.74,0,tripinfo_V6ToEastH6.196 emissions_V6ToEastH6.196,gasoline_euro4,0.89,3868.302268,334789.142789,25.055144,4.824676,128.309606,106782.885145,0.0
SouthEvansGateToSilbury.123,2214.0,526_0,0.0,0.0,0.0,2487.0,215_1,19.43,11.64,273.0,1471.75,108.0,7,0.0,148.28,0,tripinfo_SouthEvansGateToSilbury.123 emissions_SouthEvansGateToSilbury.123,gasoline_euro4,0.85,25478.280407,711568.280188,132.459231,13.757586,298.890404,226965.460594,0.0
EastA509ToH6.99,1782.0,770_0,0.0,0.0,0.0,2491.0,522_0,56.88,13.2,709.0,1483.75,495.0,13,0.0,600.05,0,tripinfo_EastA509ToH6.99 emissions_EastA509ToH6.99,gasoline_euro4,0.99,97799.71894,1908948.175,489.69579,44.033467,849.399355,608898.30438,0.0
V6ToEastH6.197,2364.0,468_1,0.0,0.0,0.0,2496.0,522_1,56.88,12.61,132.0,1512.23,0.0,0,0.0,15.4,0,tripinfo_V6ToEastH6.197 emissions_V6ToEastH6.197,electric,0.94,0.0,0.0,0.0,0.0,0.0,0.0,0.0
EastA509ToH6.109,1962.0,770_0,0.0,0.0,0.0,2497.0,522_0,56.88,13.99,535.0,1483.69,327.0,12,0.0,437.47,0,tripinfo_EastA509ToH6.109 emissions_EastA509ToH6.109,electric,1.1,0.0,0.0,0.0,0.0,0.0,0.0,0.0
V6ToEastH6.198,2376.0,468_1,0.0,0.0,0.0,2507.0,522_1,56.88,12.04,131.0,1512.23,0.0,0,0.0,13.66,0,tripinfo_V6ToEastH6.198 emissions_V6ToEastH6.198,electric,0.93,0.0,0.0,0.0,0.0,0.0,0.0,0.0
V6ToEastH6.199,2388.0,468_1,0.0,0.0,0.0,2509.0,522_1,56.88,14.62,121.0,1512.23,0.0,0,0.0,18.35,0,tripinfo_V6ToEastH6.199 emissions_V6ToEastH6.199,gasoline_euro4,1.07,4630.215055,380639.562875,29.331305,6.262884,149.340609,121406.384385,0.0
V6ToEastH6.200,2400.0,468_1,0.0,0.0,0.0,2512.0,522_1,56.88,14.94,112.0,1512.23,0.0,0,0.0,15.26,0,tripinfo_V6ToEastH6.200 emissions_V6ToEastH6.200,gasoline_euro4,1.13,4173.176917,382974.625114,27.399689,6.231328,148.97592,122150.996854,0.0
WestH6ToSaxonSt.149,1788.0,524_0,0.0,0.0,0.0,2514.0,771_1,56.88,15.38,726.0,2555.04,449.0,11,0.0,560.01,0,tripinfo_WestH6ToSaxonSt.149 emissions_WestH6ToSaxonSt.149,electric,1.12,0.0,0.0,0.0,0.0,0.0,0.0,0.0
WestH6ToSaxonSt.150,1800.0,524_0,0.0,0.0,0.0,2521.0,771_1,56.88,12.8,721.0,2555.03,425.0,9,0.0,527.58,0,tripinfo_WestH6ToSaxonSt.150 emissions_WestH6ToSaxonSt.150,electric,0.96,0.0,0.0,0.0,0.0,0.0,0.0,0.0
EastAveburyToWestA509.186,1781.0,483_1,0.0,0.0,0.0,2522.0,774_2,29.75,13.98,741.0,2237.39,501.0,12,0.0,589.57,0,tripinfo_EastAveburyToWestA509.186 emissions_EastAveburyToWestA509.186,gasoline_euro4,1.09,96032.418522,2004394.871313,483.671773,45.324004,883.855415,639339.86328,0.0
EastAveburyToWestA509.184,1764.0,483_1,0.0,0.0,0.0,2525.0,774_2,29.75,14.38,761.0,2237.44,517.0,16,0.0,605.49,0,tripinfo_EastAveburyToWestA509.184 emissions_EastAveburyToWestA509.184,gasoline_euro4,1.06,99639.059943,2091456.491267,502.114179,47.131778,921.892637,667109.662386,0.0
EastAveburyToWestA509.172,1662.0,483_1,0.0,0.0,0.0,2529.0,774_2,29.75,13.74,867.0,2237.44,554.0,21,0.0,706.82,0,tripinfo_EastAveburyToWestA509.172 emissions_EastAveburyToWestA509.172,gasoline_euro4,1.03,112741.906676,2262686.83822,566.176342,51.623654,1003.586185,721729.15519,0.0
EastAveburyToWestA509.198,1883.0,483_1,0.0,0.0,0.0,2531.0,774_2,29.75,15.33,648.0,2237.39,393.0,17,0.0,504.13,0,tripinfo_EastAveburyToWestA509.198 emissions_EastAveburyToWestA509.198,electric,1.15,0.0,0.0,0.0,0.0,0.0,0.0,0.0
WestH6ToSaxonSt.148,1776.0,524_0,0.0,0.0,0.0,2533.0,771_1,56.88,11.06,757.0,2555.0,443.0,13,0.0,530.66,0,tripinfo_WestH6ToSaxonSt.148 emissions_WestH6ToSaxonSt.148,electric,0.82,0.0,0.0,0.0,0.0,0.0,0.0,0.0
EastSilburyToEastAvebury.69,1504.0,317_0,0.0,0.0,0.0,2536.0,213_0,19.13,12.47,1032.0,680.87,886.0,19,0.0,979.71,0,tripinfo_EastSilburyToEastAvebury.69 emissions_EastSilburyToEastAvebury.69,gasoline_euro4,0.96,160200.974024,2755916.939197,794.068274,67.215705,1252.241619,879064.241526,0.0
EastAveburyToWestA509.197,1874.0,483_1,0.0,0.0,0.0,2536.0,774_1,29.75,12.87,662.0,2237.44,406.0,12,0.0,493.03,0,tripinfo_EastAveburyToWestA509.197 emissions_EastAveburyToWestA509.197,electric,0.98,0.0,0.0,0.0,0.0,0.0,0.0,0.0
EastAveburyToWestA509.195,1857.0,483_1,0.0,0.0,0.0,2538.0,774_2,29.75,13.67,681.0,2237.39,433.0,13,0.0,525.0,0,tripinfo_EastAveburyToWestA509.195 emissions_EastAveburyToWestA509.195,gasoline_euro4,1.07,86101.689312,1868809.938372,435.36238,41.787965,821.990863,596090.7828,0.0
EastAveburyToWestA509.182,1747.0,483_0,0.0,0.0,0.0,2539.0,774_0,29.75,14.19,792.0,2254.83,530.0,23,0.0,633.93,0,tripinfo_EastAveburyToWestA509.182 emissions_EastAveburyToWestA509.182,gasoline_euro4,1.05,104242.83516,2173312.959435,524.811166,49.146433,958.856269,693219.530462,0.0
EastAveburyToWestA509.151,1483.0,483_0,0.0,0.0,0.0,2543.0,774_0,29.75,12.97,1060.0,2257.77,749.0,20,0.0,894.55,0,tripinfo_EastAveburyToWestA509.151 emissions_EastAveburyToWestA509.151,gasoline_euro4,1.0,143815.8023,2767837.432151,718.994612,63.916053,1231.409816,882859.928601,0.0
V6ToEastH6.201,2412.0,468_1,0.0,0.0,0.0,2544.0,522_1,56.88,11.46,132.0,1512.23,0.0,0,0.0,12.49,0,tripinfo_V6ToEastH6.201 emissions_V6ToEastH6.201,gasoline_euro4,0.91,3643.658482,339496.633424,24.060987,4.622276,128.122555,108284.495612,0.0
WestH6ToSaxonSt.135,1620.0,524_0,0.0,0.0,0.0,2548.0,771_0,56.88,13.2,928.0,2613.57,658.0,13,0.0,739.36,0,tripinfo_WestH6ToSaxonSt.135 emissions_WestH6ToSaxonSt.135,electric,1.02,0.0,0.0,0.0,0.0,0.0,0.0,0.0
V6ToEastH6.202,2424.0,468_1,0.0,0.0,0.0,2550.0,522_1,56.88,13.05,126.0,1512.23,0.0,0,0.0,12.59,0,tripinfo_V6ToEastH6.202 emissions_V6ToEastH6.202,electric,0.97,0.0,0.0,0.0,0.0,0.0,0.0,0.0
EastA509ToH6.106,1908.0,770_0,0.0,0.0,0.0,2557.0,522_0,56.88,13.29,649.0,1483.8,441.0,13,0.0,544.71,0,tripinfo_EastA509ToH6.106 emissions_EastA509ToH6.106,gasoline_euro4,1.03,87663.513185,1737692.739338,439.474592,39.850095,771.320167,554272.261793,0.0
V6ToEastH6.204,2448.0,468_1,0.0,0.0,0.0,2561.0,522_1,56.88,14.76,113.0,1512.23,0.0,0,0.0,16.17,0,tripinfo_V6ToEastH6.204 emissions_V6ToEastH6.204,electric,1.13,0.0,0.0,0.0,0.0,0.0,0.0,0.0
V6ToEastH6.203,2436.0,468_1,0.0,0.0,0.0,2567.0,522_1,56.88,12.89,131.0,1512.23,1.0,1,0.0,20.93,0,tripinfo_V6ToEastH6.203 emissions_V6ToEastH6.203,gasoline_euro4,1.0,4869.038382,385824.883918,30.615796,5.911216,149.44702,123060.869312,0.0
SouthEvansGateToSilbury.125,2250.0,526_0,0.0,0.0,0.0,2568.0,215_1,19.43,11.94,318.0,1471.68,167.0,5,0.0,200.65,0,tripinfo_SouthEvansGateToSilbury.125 emissions_SouthEvansGateToSilbury.125,gasoline_euro4,0.91,34371.5085,857203.164825,176.31309,17.770492,367.623038,273418.87824,0.0
SouthEvansGateToSilbury.128,2304.0,526_0,0.0,0.0,0.0,2569.0,215_1,19.43,12.32,265.0,1471.71,119.0,4,0.0,151.3,0,tripinfo_SouthEvansGateToSilbury.128 emissions_SouthEvansGateToSilbury.128,electric,0.93,0.0,0.0,0.0,0.0,0.0,0.0,0.0
SouthEvansGateToSilbury.127,2286.0,526_0,0.0,0.0,0.0,2571.0,215_1,19.43,11.86,285.0,1471.7,130.0,5,0.0,168.48,0,tripinfo_SouthEvansGateToSilbury.127 emissions_SouthEvansGateToSilbury.127,electric,0.91,0.0,0.0,0.0,0.0,0.0,0.0,0.0
EastA509ToH6.113,2034.0,770_0,0.0,0.0,0.0,2572.0,522_1,56.88,14.06,538.0,1483.69,352.0,9,0.0,433.81,0,tripinfo_EastA509ToH6.113 emissions_EastA509ToH6.113,electric,1.03,0.0,0.0,0.0,0.0,0.0,0.0,0.0
SouthEvansGateToSilbury.126,2268.0,526_0,0.0,0.0,0.0,2573.0,215_1,19.43,14.27,305.0,1471.73,140.0,6,0.0,201.22,0,tripinfo_SouthEvansGateToSilbury.126 emissions_SouthEvansGateToSilbury.126,gasoline_euro4,1.03,32709.95039,876333.560686,169.294516,18.416325,377.711796,279518.958772,0.0
EastA509ToH6.115,2070.0,770_0,0.0,0.0,0.0,2574.0,522_1,56.88,16.16,504.0,1483.69,321.0,9,0.0,411.68,0,tripinfo_EastA509ToH6.115 emissions_EastA509ToH6.115,gasoline_euro4,1.17,66221.15183,1453364.815864,335.425725,32.904191,642.4155,463576.079078,0.0
EastA509ToH6.111,1998.0,770_0,0.0,0.0,0.0,2578.0,522_0,56.88,10.17,580.0,1483.64,343.0,12,0.0,435.32,0,tripinfo_EastA509ToH6.111 emissions_EastA509ToH6.111,gasoline_euro4,0.74,72583.504884,1469347.231614,364.763673,32.630023,647.583293,468678.154071,0.0
EastA509ToH6.110,1980.0,770_0,0.0,0.0,0.0,2580.0,522_0,56.88,11.8,600.0,1483.75,409.0,8,0.0,480.63,0,tripinfo_EastA509ToH6.110 emissions_EastA509ToH6.110,gasoline_euro4,0.9,78407.335915,1598466.78432,394.128264,36.116615,706.817037,509862.514787,0.0
EastA509ToH6.112,2016.0,770_0,0.0,0.0,0.0,2581.0,522_1,56.88,12.78,565.0,1483.69,368.0,11,0.0,456.79,0,tripinfo_EastA509ToH6.112 emissions_EastA509ToH6.112,gasoline_euro4,0.99,73955.009887,1532468.156146,372.532075,34.845527,679.225889,488809.90368,0.0
EastA509ToH6.108,1944.0,770_0,0.0,0.0,0.0,2588.0,522_0,56.88,10.23,644.0,1483.75,437.0,8,0.0,506.77,0,tripinfo_EastA509ToH6.108 emissions_EastA509ToH6.108,electric,0.78,0.0,0.0,0.0,0.0,0.0,0.0,0.0
V6ToEastH6.207,2484.0,468_1,0.0,0.0,0.0,2605.0,522_1,56.88,14.14,121.0,1512.23,0.0,0,0.0,19.24,0,tripinfo_V6ToEastH6.207 emissions_V6ToEastH6.207,gasoline_euro4,1.08,4443.08369,379985.278341,28.670591,6.175133,149.07227,121197.683523,0.0
V6ToEastH6.205,2460.0,468_1,0.0,0.0,0.0,2606.0,522_0,56.88,11.04,146.0,1512.23,0.0,0,0.0,12.08,0,tripinfo_V6ToEastH6.205 emissions_V6ToEastH6.205,gasoline_euro4,0.82,4091.908233,340100.749664,26.347548,4.375033,127.799767,108477.709918,0.0
EastSilburyToEastAvebury.53,1248.0,317_0,0.0,0.0,0.0,2608.0,213_0,19.13,16.05,1360.0,1576.66,1123.0,18,0.0,1265.6,0,tripinfo_EastSilburyToEastAvebury.53 emissions_EastSilburyToEastAvebury.53,electric,1.22,0.0,0.0,0.0,0.0,0.0,0.0,0.0
V6ToEastH6.206,2472.0,468_1,0.0,0.0,0.0,2609.0,522_1,56.88,11.62,137.0,1512.23,0.0,0,0.0,14.8,0,tripinfo_V6ToEastH6.206 emissions_V6ToEastH6.206,gasoline_euro4,0.89,3993.211976,341947.056174,25.929842,4.861653,131.100746,109066.01332,0.0
WestH6ToSaxonSt.151,1812.0,524_0,0.0,0.0,0.0,2610.0,771_1,56.88,12.25,798.0,2555.04,471.0,13,0.0,591.12,0,tripinfo_WestH6ToSaxonSt.151 emissions_WestH6ToSaxonSt.151,gasoline_euro4,0.9,96686.906141,2076070.550812,488.461439,45.348544,907.051935,662202.238402,0.0
EastSilburyToEastAvebury.61,1376.0,317_0,0.0,0.0,0.0,2611.0,213_0,19.13,13.57,1235.0,1576.69,975.0,20,0.0,1119.82,0,tripinfo_EastSilburyToEastAvebury.61 emissions_EastSilburyToEastAvebury.61,electric,1.0,0.0,0.0,0.0,0.0,0.0,0.0,0.0
V6ToEastH6.208,2496.0,468_1,0.0,0.0,0.0,2611.0,522_1,56.88,14.7,115.0,1512.23,0.0,0,0.0,19.35,0,tripinfo_V6ToEastH6.208 emissions_V6ToEastH6.208,gasoline_euro4,1.14,5282.663097,422923.259128,33.183618,7.211817,167.475797,134892.693271,0.0
WestH6ToSaxonSt.137,1644.0,524_0,0.0,0.0,0.0,2612.0,771_1,56.88,13.91,968.0,2574.97,684.0,17,0.0,793.95,0,tripinfo_WestH6ToSaxonSt.137 emissions_WestH6ToSaxonSt.137,gasoline_euro4,1.09,130146.840685,2627301.038683,653.557161,60.065783,1163.089775,838029.645066,0.0
EastSilburyToEastAvebury.73,1568.0,317_0,0.0,0.0,0.0,2613.0,213_0,19.13,13.72,1045.0,680.87,891.0,18,0.0,997.85,0,tripinfo_EastSilburyToEastAvebury.73 emissions_EastSilburyToEastAvebury.73,gasoline_euro4,1.08,160943.35683,2775722.255212,798.025396,67.744688,1262.091651,885381.270953,0.0
EastAveburyToWestA509.191,1823.0,483_1,0.0,0.0,0.0,2615.0,774_2,29.75,13.22,792.0,2237.39,530.0,17,0.0,626.26,0,tripinfo_EastAveburyToWestA509.191 emissions_EastAveburyToWestA509.191,electric,1.0,0.0,0.0,0.0,0.0,0.0,0.0,0.0
EastAveburyToWestA509.188,1798.0,483_1,0.0,0.0,0.0,2623.0,774_2,29.75,14.16,825.0,2237.39,571.0,16,0.0,667.28,0,tripinfo_EastAveburyToWestA509.188 emissions_EastAveburyToWestA509.188,gasoline_euro4,1.05,109723.591914,2262496.811715,552.131357,51.50225,1001.6397,721666.78602,0.0
EastAveburyToWestA509.199,1891.0,483_1,0.0,0.0,0.0,2623.0,774_1,29.75,11.58,732.0,2237.44,448.0,20,0.0,552.92,0,tripinfo_EastAveburyToWestA509.199 emissions_EastAveburyToWestA509.199,electric,0.92,0.0,0.0,0.0,0.0,0.0,0.0,0.0
EastAveburyToWestA509.201,1908.0,483_1,0.0,0.0,0.0,2626.0,774_2,29.75,13.96,718.0,2237.39,450.0,17,0.0,554.46,0,tripinfo_EastAveburyToWestA509.201 emissions_EastAveburyToWestA509.201,electric,1.01,0.0,0.0,0.0,0.0,0.0,0.0,0.0
V6ToEastH6.209,2508.0,468_1,0.0,0.0,0.0,2627.0,522_1,56.88,14.18,119.0,1512.23,0.0,0,0.0,14.14,0,tripinfo_V6ToEastH6.209 emissions_V6ToEastH6.209,gasoline_euro4,1.05,4082.768682,375036.523198,26.445407,5.76101,144.557667,119619.403392,0.0
EastAveburyToWestA509.153,1500.0,483_0,0.0,0.0,0.0,2628.0,774_0,29.75,13.83,1128.0,2257.77,815.0,22,0.0,966.74,0,tripinfo_EastAveburyToWestA509.153 emissions_EastAveburyToWestA509.153,gasoline_euro4,1.02,156067.359705,2969977.434063,779.627351,69.092897,1324.037103,947337.303593,0.0
EastAveburyToWestA509.143,1415.0,483_0,0.0,0.0,0.0,2631.0,774_0,29.75,13.95,1216.0,2264.21,874.0,24,0.0,1051.96,0,tripinfo_EastAveburyToWestA509.143 emissions_EastAveburyToWestA509.143,gasoline_euro4,1.01,168491.41909,3175378.872918,840.803086,74.017149,1416.995481,1012855.272874,0.0
EastAveburyToWestA509.146,1441.0,483_0,0.0,0.0,0.0,2633.0,774_0,29.75,14.59,1192.0,2261.17,883.0,22,0.0,1038.83,0,tripinfo_EastAveburyToWestA509.146 emissions_EastAveburyToWestA509.146,gasoline_euro4,1.08,166856.971751,3179100.188115,833.934344,74.3332,1420.934725,1014040.84211,0.0
V6ToEastH6.210,2520.0,468_1,0.0,0.0,0.0,2639.0,522_1,56.88,13.56,119.0,1512.23,0.0,0,0.0,12.7,0,tripinfo_V6ToEastH6.210 emissions_V6ToEastH6.210,electric,1.02,0.0,0.0,0.0,0.0,0.0,0.0,0.0
EastA509ToH6.117,2106.0,770_0,0.0,0.0,0.0,2649.0,522_0,56.88,13.05,543.0,1483.64,355.0,9,0.0,436.46,0,tripinfo_EastA509ToH6.117 emissions_EastA509ToH6.117,gasoline_euro4,1.01,70771.335828,1481129.833229,356.452866,33.331285,653.058799,472434.549551,0.0
V6ToEastH6.211,2532.0,468_1,0.0,0.0,0.0,2653.0,522_1,56.88,12.99,121.0,1512.23,0.0,0,0.0,13.54,0,tripinfo_V6ToEastH6.211 emissions_V6ToEastH6.211,gasoline_euro4,1.02,3914.024264,373539.503562,25.57297,5.492366,142.071203,119142.133767,0.0
SouthEvansGateToSilbury.130,2340.0,526_0,0.0,0.0,0.0,2654.0,215_1,19.43,13.05,314.0,1471.68,166.0,6,0.0,207.35,0,tripinfo_SouthEvansGateToSilbury.130 emissions_SouthEvansGateToSilbury.130,electric,0.99,0.0,0.0,0.0,0.0,0.0,0.0,0.0
SouthEvansGateToSilbury.131,2358.0,526_0,0.0,0.0,0.0,2655.0,215_0,19.43,12.91,297.0,1471.74,139.0,6,0.0,191.45,0,tripinfo_SouthEvansGateToSilbury.131 emissions_SouthEvansGateToSilbury.131,gasoline_euro4,1.01,31514.670467,848049.090885,162.854798,17.605899,363.174627,270497.400936,0.0
SouthEvansGateToSilbury.129,2322.0,526_0,0.0,0.0,0.0,2656.0,215_1,19.43,13.16,334.0,1471.73,189.0,4,0.0,227.73,0,tripinfo_SouthEvansGateToSilbury.129 emissions_SouthEvansGateToSilbury.129,electric,1.0,0.0,0.0,0.0,0.0,0.0,0.0,0.0
V6ToEastH6.212,2544.0,468_1,0.0,0.0,0.0,2656.0,522_1,56.88,14.95,112.0,1512.23,0.0,0,0.0,14.94,0,tripinfo_V6ToEastH6.212 emissions_V6ToEastH6.212,gasoline_euro4,1.12,4450.805985,387688.944275,28.735836,6.465197,152.637877,123654.542334,0.0
SouthEvansGateToSilbury.132,2376.0,526_0,0.0,0.0,0.0,2657.0,215_0,19.43,13.34,281.0,1471.73,125.0,5,0.0,174.33,0,tripinfo_SouthEvansGateToSilbury.132 emissions_SouthEvansGateToSilbury.132,gasoline_euro4,1.0,29478.978948,802880.723776,152.809541,16.738407,345.139894,256089.980625,0.0
SouthEvansGateToSilbury.133,2394.0,526_0,0.0,0.0,0.0,2661.0,215_1,19.43,10.62,267.0,1471.77,101.0,5,0.0,137.86,0,tripinfo_SouthEvansGateToSilbury.133 emissions_SouthEvansGateToSilbury.133,gasoline_euro4,0.82,23738.348671,666696.410916,123.528976,12.862193,280.143011,212652.82817,0.0
EastA509ToH6.118,2124.0,770_0,0.0,0.0,0.0,2662.0,522_0,56.88,13.13,538.0,1483.69,350.0,9,0.0,433.44,0,tripinfo_EastA509ToH6.118 emissions_EastA509ToH6.118,electric,1.03,0.0,0.0,0.0,0.0,0.0,0.0,0.0
EastA509ToH6.120,2160.0,770_0,0.0,0.0,0.0,2664.0,522_0,56.88,14.18,504.0,1483.69,316.0,9,0.0,403.0,0,tripinfo_EastA509ToH6.120 emissions_EastA509ToH6.120,electric,1.07,0.0,0.0,0.0,0.0,0.0,0.0,0.0
EastA509ToH6.121,2178.0,770_0,0.0,0.0,0.0,2667.0,522_1,56.88,13.54,489.0,1483.69,309.0,7,0.0,387.15,0,tripinfo_EastA509ToH6.121 emissions_EastA509ToH6.121,gasoline_euro4,1.05,62907.989581,1346944.46971,317.85879,30.252679,593.808899,429632.723452,0.0
EastA509ToH6.122,2196.0,770_0,0.0,0.0,0.0,2667.0,522_0,56.88,12.95,471.0,1483.69,281.0,8,0.0,359.92,0,tripinfo_EastA509ToH6.122 emissions_EastA509ToH6.122,electric,0.96,0.0,0.0,0.0,0.0,0.0,0.0,0.0
V6ToEastH6.213,2556.0,468_1,0.0,0.0,0.0,2699.0,522_0,56.88,11.19,143.0,1512.23,0.0,0,0.0,16.51,0,tripinfo_V6ToEastH6.213 emissions_V6ToEastH6.213,gasoline_euro4,0.87,4562.157895,365764.053618,29.084795,5.222987,140.685384,116662.729182,0.0
V6ToEastH6.214,2568.0,468_1,0.0,0.0,0.0,2701.0,522_1,56.88,12.0,133.0,1512.23,0.0,0,0.0,12.25,0,tripinfo_V6ToEastH6.214 emissions_V6ToEastH6.214,gasoline_euro4,0.9,4108.900621,363647.432406,26.804779,5.268722,139.501089,115987.31123,0.0
V6ToEastH6.215,2580.0,468_1,0.0,0.0,0.0,2703.0,522_1,56.88,13.72,123.0,1512.23,0.0,0,0.0,14.35,0,tripinfo_V6ToEastH6.215 emissions_V6ToEastH6.215,electric,1.01,0.0,0.0,0.0,0.0,0.0,0.0,0.0
EastAveburyToWestA509.118,1203.0,483_1,0.0,0.0,0.0,2719.0,774_0,29.75,13.0,1516.0,2328.54,1174.0,23,0.0,1333.15,0,tripinfo_EastAveburyToWestA509.118 emissions_EastAveburyToWestA509.118,gasoline_euro4,0.95,217651.272443,4011585.021862,1084.553215,94.481437,1798.527894,1279583.077181,0.0
EastA509ToH6.116,2088.0,770_0,0.0,0.0,0.0,2732.0,522_0,56.88,13.42,644.0,1483.8,460.0,10,0.0,538.87,0,tripinfo_EastA509ToH6.116 emissions_EastA509ToH6.116,electric,1.03,0.0,0.0,0.0,0.0,0.0,0.0,0.0
V6ToEastH6.217,2604.0,468_1,0.0,0.0,0.0,2738.0,522_1,56.88,12.11,134.0,1512.23,0.0,0,0.0,12.93,0,tripinfo_V6ToEastH6.217 emissions_V6ToEastH6.217,electric,0.9,0.0,0.0,0.0,0.0,0.0,0.0,0.0
V6ToEastH6.218,2616.0,468_1,0.0,0.0,0.0,2740.0,522_1,56.88,13.94,124.0,1512.23,0.0,0,0.0,19.91,0,tripinfo_V6ToEastH6.218 emissions_V6ToEastH6.218,electric,1.05,0.0,0.0,0.0,0.0,0.0,0.0,0.0
SouthEvansGateToSilbury.134,2412.0,526_0,0.0,0.0,0.0,2742.0,215_1,19.43,14.21,330.0,1471.71,189.0,5,0.0,232.34,0,tripinfo_SouthEvansGateToSilbury.134 emissions_SouthEvansGateToSilbury.134,electric,1.1,0.0,0.0,0.0,0.0,0.0,0.0,0.0
SouthEvansGateToSilbury.135,2430.0,526_0,0.0,0.0,0.0,2745.0,215_1,19.43,12.05,315.0,1471.7,165.0,5,0.0,197.75,0,tripinfo_SouthEvansGateToSilbury.135 emissions_SouthEvansGateToSilbury.135,gasoline_euro4,0.91,33884.661659,842043.860991,173.660321,17.506229,361.328547,268583.59272,0.0
SouthEvansGateToSilbury.137,2466.0,526_0,0.0,0.0,0.0,2746.0,215_1,19.43,14.81,280.0,1471.71,124.0,5,0.0,187.27,0,tripinfo_SouthEvansGateToSilbury.137 emissions_SouthEvansGateToSilbury.137,gasoline_euro4,1.14,29273.579508,820579.352678,152.239629,16.934074,351.199423,261734.866957,0.0
V6ToEastH6.219,2628.0,468_1,0.0,0.0,0.0,2746.0,522_1,56.88,14.02,118.0,1512.23,0.0,0,0.0,15.58,0,tripinfo_V6ToEastH6.219 emissions_V6ToEastH6.219,electric,1.06,0.0,0.0,0.0,0.0,0.0,0.0,0.0
EastA509ToH6.125,2250.0,770_0,0.0,0.0,0.0,2748.0,522_1,56.88,17.42,498.0,1483.69,323.0,7,0.0,414.13,0,tripinfo_EastA509ToH6.125 emissions_EastA509ToH6.125,electric,1.27,0.0,0.0,0.0,0.0,0.0,0.0,0.0
V6ToEastH6.216,2592.0,468_1,0.0,0.0,0.0,2749.0,522_0,56.88,9.98,157.0,1512.23,0.0,0,0.0,15.5,0,tripinfo_V6ToEastH6.216 emissions_V6ToEastH6.216,electric,0.77,0.0,0.0,0.0,0.0,0.0,0.0,0.0
SouthEvansGateToSilbury.136,2448.0,526_0,0.0,0.0,0.0,2750.0,215_1,19.43,12.63,302.0,1471.73,129.0,5,0.0,186.8,0,tripinfo_SouthEvansGateToSilbury.136 emissions_SouthEvansGateToSilbury.136,gasoline_euro4,0.93,31009.533235,819103.287311,160.100088,16.670401,349.629272,261265.465394,0.0
EastA509ToH6.126,2268.0,770_0,0.0,0.0,0.0,2752.0,522_1,56.88,15.32,484.0,1483.69,306.0,6,0.0,391.78,0,tripinfo_EastA509ToH6.126 emissions_EastA509ToH6.126,electric,1.16,0.0,0.0,0.0,0.0,0.0,0.0,0.0
SouthEvansGateToSilbury.138,2484.0,526_0,0.0,0.0,0.0,2753.0,215_1,19.43,13.39,269.0,1471.73,116.0,6,0.0,163.49,0,tripinfo_SouthEvansGateToSilbury.138 emissions_SouthEvansGateToSilbury.138,gasoline_euro4,1.01,27648.406172,767767.284415,143.485797,15.84387,328.260622,244889.932616,0.0
EastA509ToH6.114,2052.0,770_0,0.0,0.0,0.0,2755.0,522_0,56.88,12.24,703.0,1483.75,502.0,10,0.0,586.67,0,tripinfo_EastA509ToH6.114 emissions_EastA509ToH6.114,gasoline_euro4,0.92,95907.422914,1874831.522804,480.246227,43.009701,833.086585,598016.272544,0.0
V6ToEastH6.220,2640.0,468_1,0.0,0.0,0.0,2759.0,522_1,56.88,14.21,119.0,1512.23,0.0,0,0.0,17.6,0,tripinfo_V6ToEastH6.220 emissions_V6ToEastH6.220,electric,1.08,0.0,0.0,0.0,0.0,0.0,0.0,0.0
V6ToEastH6.221,2652.0,468_1,0.0,0.0,0.0,2766.0,522_1,56.88,15.67,114.0,1512.23,0.0,0,0.0,16.88,0,tripinfo_V6ToEastH6.221 emissions_V6ToEastH6.221,electric,1.13,0.0,0.0,0.0,0.0,0.0,0.0,0.0
EastA509ToH6.127,2286.0,770_0,0.0,0.0,0.0,2767.0,522_0,56.88,12.22,481.0,1483.69,287.0,8,0.0,360.65,0,tripinfo_EastA509ToH6.127 emissions_EastA509ToH6.127,gasoline_euro4,0.89,59182.812519,1271065.782556,299.090889,28.059365,557.919594,405430.245734,0.0
EastA509ToH6.130,2340.0,770_0,0.0,0.0,0.0,2771.0,522_0,56.88,15.25,431.0,1483.69,240.0,7,0.0,334.22,0,tripinfo_EastA509ToH6.130 emissions_EastA509ToH6.130,electric,1.11,0.0,0.0,0.0,0.0,0.0,0.0,0.0
WestA509ToEastH6.52,1872.0,773_0,0.0,0.0,0.0,2776.0,522_1,56.88,13.39,904.0,2755.12,561.0,11,0.0,713.19,0,tripinfo_WestA509ToEastH6.52 emissions_WestA509ToEastH6.52,electric,1.05,0.0,0.0,0.0,0.0,0.0,0.0,0.0
WestA509ToEastH6.50,1800.0,773_0,0.0,0.0,0.0,2777.0,522_0,56.88,11.58,977.0,2756.02,633.0,14,0.0,754.22,0,tripinfo_WestA509ToEastH6.50 emissions_WestA509ToEastH6.50,gasoline_euro4,0.9,123324.133426,2515269.441886,620.002582,56.173341,1106.843772,802295.627143,0.0
WestA509ToEastH6.51,1836.0,773_0,0.0,0.0,0.0,2778.0,522_1,56.88,14.65,942.0,2755.17,597.0,16,0.0,755.94,0,tripinfo_WestA509ToEastH6.51 emissions_WestA509ToEastH6.51,gasoline_euro4,1.08,120889.732256,2545305.27797,609.522984,57.335996,1122.469969,811873.054944,0.0
WestH6ToSaxonSt.136,1632.0,524_0,0.0,0.0,0.0,2780.0,771_1,56.88,15.93,1148.0,2767.88,819.0,19,0.0,972.5,0,tripinfo_WestH6ToSaxonSt.136 emissions_WestH6ToSaxonSt.136,gasoline_euro4,1.18,158412.898403,3210219.202903,795.91115,74.217142,1426.700486,1023961.561033,0.0
EastSilburyToEastAvebury.76,1616.0,317_0,0.0,0.0,0.0,2787.0,213_0,19.13,9.94,1171.0,680.87,1009.0,19,0.0,1108.87,0,tripinfo_EastSilburyToEastAvebury.76 emissions_EastSilburyToEastAvebury.76,electric,0.81,0.0,0.0,0.0,0.0,0.0,0.0,0.0
EastSilburyToEastAvebury.57,1312.0,317_0,0.0,0.0,0.0,2789.0,213_0,19.13,14.26,1477.0,1576.66,1228.0,17,0.0,1366.45,0,tripinfo_EastSilburyToEastAvebury.57 emissions_EastSilburyToEastAvebury.57,electric,1.05,0.0,0.0,0.0,0.0,0.0,0.0,0.0
WestH6ToSaxonSt.152,1824.0,524_0,0.0,0.0,0.0,2791.0,771_1,56.88,12.2,967.0,2555.04,646.0,19,0.0,764.17,0,tripinfo_WestH6ToSaxonSt.152 emissions_WestH6ToSaxonSt.152,electric,0.92,0.0,0.0,0.0,0.0,0.0,0.0,0.0
V6ToEastH6.222,2664.0,468_1,0.0,0.0,0.0,2797.0,522_1,56.88,11.82,133.0,1512.23,0.0,0,0.0,14.11,0,tripinfo_V6ToEastH6.222 emissions_V6ToEastH6.222,electric,0.92,0.0,0.0,0.0,0.0,0.0,0.0,0.0
V6ToEastH6.223,2676.0,468_1,0.0,0.0,0.0,2799.0,522_1,56.88,15.44,123.0,1512.23,0.0,0,0.0,26.16,0,tripinfo_V6ToEastH6.223 emissions_V6ToEastH6.223,electric,1.13,0.0,0.0,0.0,0.0,0.0,0.0,0.0
EastAveburyToWestA509.164,1594.0,483_1,0.0,0.0,0.0,2803.0,774_0,29.75,13.55,1209.0,2325.53,937.0,24,0.0,1044.69,0,tripinfo_EastAveburyToWestA509.164 emissions_EastAveburyToWestA509.164,gasoline_euro4,1.05,172926.014348,3316729.520826,864.635042,77.834313,1483.793151,1057939.541401,0.0
V6ToEastH6.224,2688.0,468_1,0.0,0.0,0.0,2805.0,522_1,56.88,14.18,117.0,1512.23,0.0,0,0.0,14.44,0,tripinfo_V6ToEastH6.224 emissions_V6ToEastH6.224,gasoline_euro4,1.07,4484.42337,384963.772499,28.786721,6.352899,151.503758,122785.449448,0.0
V6ToEastH6.225,2700.0,468_1,0.0,0.0,0.0,2824.0,522_1,56.88,13.53,124.0,1512.23,0.0,0,0.0,12.69,0,tripinfo_V6ToEastH6.225 emissions_V6ToEastH6.225,gasoline_euro4,0.98,3975.893696,366261.57195,26.120591,5.506242,140.910462,116820.78219,0.0
V6ToEastH6.226,2712.0,468_1,0.0,0.0,0.0,2829.0,522_1,56.88,15.32,117.0,1512.23,0.0,0,0.0,20.72,0,tripinfo_V6ToEastH6.226 emissions_V6ToEastH6.226,electric,1.14,0.0,0.0,0.0,0.0,0.0,0.0,0.0
SouthEvansGateToSilbury.142,2556.0,526_0,0.0,0.0,0.0,2830.0,215_0,19.43,12.81,274.0,1471.71,131.0,5,0.0,167.56,0,tripinfo_SouthEvansGateToSilbury.142 emissions_SouthEvansGateToSilbury.142,gasoline_euro4,1.0,28478.349655,783215.730307,147.37328,15.970496,332.789091,249817.844224,0.0
SouthEvansGateToSilbury.140,2520.0,526_0,0.0,0.0,0.0,2831.0,215_1,19.43,12.96,311.0,1471.7,171.0,5,0.0,205.41,0,tripinfo_SouthEvansGateToSilbury.140 emissions_SouthEvansGateToSilbury.140,gasoline_euro4,1.01,35055.219949,877323.580536,179.766286,18.647044,378.447997,279836.0109,0.0
SouthEvansGateToSilbury.141,2538.0,526_0,0.0,0.0,0.0,2833.0,215_1,19.43,14.57,295.0,1471.71,138.0,6,0.0,198.53,0,tripinfo_SouthEvansGateToSilbury.141 emissions_SouthEvansGateToSilbury.141,gasoline_euro4,1.11,32213.249905,856856.266769,166.459621,18.036754,368.684332,273306.543089,0.0
SouthEvansGateToSilbury.139,2502.0,526_0,0.0,0.0,0.0,2834.0,215_0,19.43,11.53,332.0,1471.76,165.0,6,0.0,210.75,0,tripinfo_SouthEvansGateToSilbury.139 emissions_SouthEvansGateToSilbury.139,electric,0.88,0.0,0.0,0.0,0.0,0.0,0.0,0.0
SouthEvansGateToSilbury.143,2574.0,526_0,0.0,0.0,0.0,2835.0,215_1,19.43,12.09,261.0,1471.73,105.0,4,0.0,150.17,0,tripinfo_SouthEvansGateToSilbury.143 emissions_SouthEvansGateToSilbury.143,electric,0.96,0.0,0.0,0.0,0.0,0.0,0.0,0.0
SouthEvansGateToSilbury.144,2592.0,526_0,0.0,0.0,0.0,2835.0,215_0,19.43,14.06,243.0,1471.76,102.0,3,0.0,142.28,0,tripinfo_SouthEvansGateToSilbury.144 emissions_SouthEvansGateToSilbury.144,electric,1.05,0.0,0.0,0.0,0.0,0.0,0.0,0.0
EastA509ToH6.131,2358.0,770_0,0.0,0.0,0.0,2837.0,522_0,56.88,11.74,479.0,1483.64,287.0,7,0.0,359.48,0,tripinfo_EastA509ToH6.131 emissions_EastA509ToH6.131,gasoline_euro4,0.89,59357.838758,1295224.907476,300.530375,28.690495,569.439815,413135.513129,0.0
EastA509ToH6.124,2232.0,770_0,0.0,0.0,0.0,2839.0,522_1,56.88,13.63,607.0,1483.69,418.0,6,0.0,498.95,0,tripinfo_EastA509ToH6.124 emissions_EastA509ToH6.124,gasoline_euro4,0.99,81623.986302,1667228.374577,410.436749,37.994982,738.959897,531794.90069,0.0
EastA509ToH6.128,2304.0,770_0,0.0,0.0,0.0,2841.0,522_1,56.88,15.58,537.0,1483.69,364.0,7,0.0,446.11,0,tripinfo_EastA509ToH6.128 emissions_EastA509ToH6.128,electric,1.18,0.0,0.0,0.0,0.0,0.0,0.0,0.0
EastA509ToH6.132,2376.0,770_0,0.0,0.0,0.0,2841.0,522_0,56.88,11.58,465.0,1483.64,260.0,7,0.0,337.61,0,tripinfo_EastA509ToH6.132 emissions_EastA509ToH6.132,gasoline_euro4,0.84,55698.607391,1223525.938738,282.197569,26.801777,536.244979,390265.92191,0.0
EastA509ToH6.129,2322.0,770_0,0.0,0.0,0.0,2843.0,522_0,56.88,13.95,521.0,1483.69,342.0,5,0.0,415.42,0,tripinfo_EastA509ToH6.129 emissions_EastA509ToH6.129,electric,1.02,0.0,0.0,0.0,0.0,0.0,0.0,0.0
EastA509ToH6.134,2412.0,770_0,0.0,0.0,0.0,2850.0,522_0,56.88,10.7,438.0,1483.69,248.0,5,0.0,312.97,0,tripinfo_EastA509ToH6.134 emissions_EastA509ToH6.134,electric,0.85,0.0,0.0,0.0,0.0,0.0,0.0,0.0
V6ToEastH6.228,2736.0,468_1,0.0,0.0,0.0,2856.0,522_1,56.88,14.98,120.0,1512.23,0.0,0,0.0,20.07,0,tripinfo_V6ToEastH6.228 emissions_V6ToEastH6.228,electric,1.09,0.0,0.0,0.0,0.0,0.0,0.0,0.0
V6ToEastH6.227,2724.0,468_1,0.0,0.0,0.0,2866.0,522_0,56.88,11.68,142.0,1512.23,0.0,0,0.0,12.55,0,tripinfo_V6ToEastH6.227 emissions_V6ToEastH6.227,electric,0.84,0.0,0.0,0.0,0.0,0.0,0.0,0.0
EastAveburyToWestA509.193,1840.0,483_1,0.0,0.0,0.0,2885.0,774_2,29.75,15.86,1045.0,2237.39,763.0,24,0.0,899.43,0,tripinfo_EastAveburyToWestA509.193 emissions_EastAveburyToWestA509.193,gasoline_euro4,1.14,145353.361648,2831269.258944,727.84998,65.686322,1262.185455,903091.366921,0.0
EastAveburyToWestA509.196,1866.0,483_1,0.0,0.0,0.0,2886.0,774_2,29.75,15.65,1020.0,2237.39,731.0,17,0.0,877.01,0,tripinfo_EastAveburyToWestA509.196 emissions_EastAveburyToWestA509.196,electric,1.15,0.0,0.0,0.0,0.0,0.0,0.0,0.0
EastAveburyToWestA509.202,1917.0,483_1,0.0,0.0,0.0,2887.0,774_1,29.75,11.92,970.0,2237.39,701.0,17,0.0,786.66,0,tripinfo_EastAveburyToWestA509.202 emissions_EastAveburyToWestA509.202,gasoline_euro4,0.9,130340.667326,2553688.868841,652.964225,58.427054,1133.533709,814551.877862,0.0
WestA509ToAvebury.42,759.0,773_0,0.0,0.0,3.0,2888.0,213_0,19.13,14.46,2129.0,2288.57,1827.0,20,0.0,1979.98,0,tripinfo_WestA509ToAvebury.42 emissions_WestA509ToAvebury.42,electric,1.12,0.0,0.0,0.0,0.0,0.0,0.0,0.0
EastAveburyToWestA509.190,1815.0,483_1,0.0,0.0,0.0,2888.0,774_0,29.75,13.51,1073.0,2237.92,783.0,15,0.0,908.36,0,tripinfo_EastAveburyToWestA509.190 emissions_EastAveburyToWestA509.190,electric,1.0,0.0,0.0,0.0,0.0,0.0,0.0,0.0
V6ToEastH6.229,2748.0,468_1,0.0,0.0,0.0,2888.0,522_0,56.88,10.9,140.0,1512.23,0.0,0,0.0,13.25,0,tripinfo_V6ToEastH6.229 emissions_V6ToEastH6.229,gasoline_euro4,0.86,4348.053214,366238.252305,28.095943,5.143138,140.094229,116813.953407,0.0
EastAveburyToWestA509.192,1832.0,483_1,0.0,0.0,0.0,2889.0,774_1,29.75,14.33,1057.0,2241.08,784.0,22,0.0,905.32,0,tripinfo_EastAveburyToWestA509.192 emissions_EastAveburyToWestA509.192,gasoline_euro4,1.09,147533.89156,2878890.125214,738.952212,67.238535,1286.810557,918280.275641,0.0
EastAveburyToWestA509.194,1849.0,483_1,0.0,0.0,0.0,2892.0,774_2,29.75,12.72,1043.0,2237.44,749.0,19,0.0,874.1,0,tripinfo_EastAveburyToWestA509.194 emissions_EastAveburyToWestA509.194,gasoline_euro4,0.98,142834.070161,2775704.018567,714.837038,64.090454,1235.02696,885368.269783,0.0
V6ToEastH6.230,2760.0,468_1,0.0,0.0,0.0,2893.0,522_1,56.88,12.43,133.0,1512.23,0.0,0,0.0,13.57,0,tripinfo_V6ToEastH6.230 emissions_V6ToEastH6.230,gasoline_euro4,0.92,4004.571461,348975.88124,26.041647,5.112032,134.259292,111307.708572,0.0
EastAveburyToWestA509.140,1390.0,483_1,0.0,0.0,0.0,2896.0,774_0,29.75,13.25,1506.0,2328.54,1159.0,25,0.0,1330.46,0,tripinfo_EastAveburyToWestA509.140 emissions_EastAveburyToWestA509.140,gasoline_euro4,0.99,215328.059877,3957936.227902,1072.719945,93.47263,1775.771007,1262470.698305,0.0
V6ToEastH6.231,2772.0,468_1,0.0,0.0,0.0,2896.0,522_1,56.88,13.23,124.0,1512.23,0.0,0,0.0,12.12,0,tripinfo_V6ToEastH6.231 emissions_V6ToEastH6.231,electric,0.98,0.0,0.0,0.0,0.0,0.0,0.0,0.0
V6ToEastH6.232,2784.0,468_1,0.0,0.0,0.0,2903.0,522_1,56.88,13.73,119.0,1512.23,0.0,0,0.0,14.32,0,tripinfo_V6ToEastH6.232 emissions_V6ToEastH6.232,gasoline_euro4,1.05,3998.449071,366046.903858,26.047447,5.654081,140.77978,116752.169664,0.0
EastA509ToH6.136,2448.0,770_0,0.0,0.0,0.0,2908.0,522_0,56.88,12.79,460.0,1483.64,281.0,6,0.0,347.71,0,tripinfo_EastA509ToH6.136 emissions_EastA509ToH6.136,gasoline_euro4,0.95,56650.641837,1240934.627526,286.705694,27.417875,544.487204,395818.596807,0.0
EastA509ToH6.135,2430.0,770_0,0.0,0.0,0.0,2909.0,522_1,56.88,15.51,479.0,1483.69,304.0,5,0.0,384.58,0,tripinfo_EastA509ToH6.135 emissions_EastA509ToH6.135,electric,1.14,0.0,0.0,0.0,0.0,0.0,0.0,0.0
EastA509ToH6.137,2466.0,770_0,0.0,0.0,0.0,2912.0,522_0,56.88,14.15,446.0,1483.69,267.0,5,0.0,343.68,0,tripinfo_EastA509ToH6.137 emissions_EastA509ToH6.137,gasoline_euro4,1.05,55321.222991,1240538.447528,280.506625,27.530068,544.375921,395691.25635,0.0
V6ToEastH6.233,2796.0,468_1,0.0,0.0,0.0,2917.0,522_1,56.88,13.91,121.0,1512.23,0.0,0,0.0,13.75,0,tripinfo_V6ToEastH6.233 emissions_V6ToEastH6.233,gasoline_euro4,1.02,3972.066056,369057.918051,25.833021,5.536364,141.123513,117712.664919,0.0
SouthEvansGateToSilbury.145,2610.0,526_0,0.0,0.0,0.0,2919.0,215_0,19.43,12.94,309.0,1471.73,158.0,5,0.0,198.85,0,tripinfo_SouthEvansGateToSilbury.145 emissions_SouthEvansGateToSilbury.145,electric,0.96,0.0,0.0,0.0,0.0,0.0,0.0,0.0
SouthEvansGateToSilbury.147,2646.0,526_0,0.0,0.0,0.0,2919.0,215_1,19.43,13.28,273.0,1471.68,128.0,5,0.0,161.93,0,tripinfo_SouthEvansGateToSilbury.147 emissions_SouthEvansGateToSilbury.147,electric,0.96,0.0,0.0,0.0,0.0,0.0,0.0,0.0
SouthEvansGateToSilbury.146,2628.0,526_0,0.0,0.0,0.0,2921.0,215_0,19.43,13.01,293.0,1471.76,135.0,5,0.0,186.86,0,tripinfo_SouthEvansGateToSilbury.146 emissions_SouthEvansGateToSilbury.146,electric,1.0,0.0,0.0,0.0,0.0,0.0,0.0,0.0
SouthEvansGateToSilbury.148,2664.0,526_0,0.0,0.0,0.0,2921.0,215_1,19.43,13.41,257.0,1471.71,113.0,5,0.0,154.25,0,tripinfo_SouthEvansGateToSilbury.148 emissions_SouthEvansGateToSilbury.148,electric,1.04,0.0,0.0,0.0,0.0,0.0,0.0,0.0
EastA509ToH6.133,2394.0,770_0,0.0,0.0,0.0,2922.0,522_0,56.88,13.38,528.0,1483.69,344.0,6,0.0,418.51,0,tripinfo_EastA509ToH6.133 emissions_EastA509ToH6.133,electric,0.98,0.0,0.0,0.0,0.0,0.0,0.0,0.0
EastA509ToH6.123,2214.0,770_0,0.0,0.0,0.0,2924.0,522_0,56.88,13.18,710.0,1443.3,544.0,5,0.0,601.26,0,tripinfo_EastA509ToH6.123 emissions_EastA509ToH6.123,electric,0.95,0.0,0.0,0.0,0.0,0.0,0.0,0.0
WestA509ToEastH6.53,1908.0,773_0,0.0,0.0,0.0,2926.0,522_1,56.88,13.38,1018.0,2755.17,716.0,12,0.0,824.88,0,tripinfo_WestA509ToEastH6.53 emissions_WestA509ToEastH6.53,electric,1.03,0.0,0.0,0.0,0.0,0.0,0.0,0.0
EastA509ToH6.138,2484.0,770_0,0.0,0.0,0.0,2926.0,522_0,56.88,12.5,442.0,1483.69,268.0,5,0.0,330.32,0,tripinfo_EastA509ToH6.138 emissions_EastA509ToH6.138,electric,0.96,0.0,0.0,0.0,0.0,0.0,0.0,0.0
V6ToEastH6.235,2820.0,468_1,0.0,0.0,0.0,2937.0,522_1,56.88,15.49,117.0,1512.23,1.0,1,0.0,23.62,0,tripinfo_V6ToEastH6.235 emissions_V6ToEastH6.235,gasoline_euro4,1.17,5184.963227,408064.166223,32.592007,6.966164,161.782987,130153.424722,0.0
V6ToEastH6.234,2808.0,468_1,0.0,0.0,0.0,2947.0,522_1,56.88,12.2,139.0,1512.23,1.0,1,0.0,19.84,0,tripinfo_V6ToEastH6.234 emissions_V6ToEastH6.234,electric,0.92,0.0,0.0,0.0,0.0,0.0,0.0,0.0
V6ToEastH6.236,2832.0,468_1,0.0,0.0,0.0,2954.0,522_1,56.88,12.87,122.0,1512.23,0.0,0,0.0,13.02,0,tripinfo_V6ToEastH6.236 emissions_V6ToEastH6.236,electric,1.0,0.0,0.0,0.0,0.0,0.0,0.0,0.0
WestA509ToAvebury.104,1875.0,773_0,0.0,0.0,3.0,2961.0,213_0,19.13,13.22,1086.0,2327.58,797.0,17,0.0,915.26,0,tripinfo_WestA509ToAvebury.104 emissions_WestA509ToAvebury.104,gasoline_euro4,0.99,149439.782573,2885359.865793,747.501928,66.631347,1283.936784,920345.877959,0.0
WestA509ToAvebury.41,738.0,773_0,0.0,0.0,0.0,2963.0,213_0,19.13,12.88,2225.0,2288.83,1879.0,24,0.0,2052.37,0,tripinfo_WestA509ToAvebury.41 emissions_WestA509ToAvebury.41,electric,0.96,0.0,0.0,0.0,0.0,0.0,0.0,0.0
WestA509ToAvebury.105,1890.0,773_0,0.0,0.0,0.0,2965.0,213_0,19.13,12.99,1075.0,2327.58,804.0,16,0.0,907.04,0,tripinfo_WestA509ToAvebury.105 emissions_WestA509ToAvebury.105,gasoline_euro4,1.0,148820.513535,2885464.390347,744.724126,66.761299,1284.288306,920378.708483,0.0
V6ToEastH6.237,2844.0,468_1,0.0,0.0,0.0,2965.0,522_1,56.88,12.94,121.0,1512.23,0.0,0,0.0,11.68,0,tripinfo_V6ToEastH6.237 emissions_V6ToEastH6.237,gasoline_euro4,1.0,3763.051006,357111.946928,24.818446,5.33035,136.799744,113902.434273,0.0
EastAveburyToWestA509.205,1942.0,483_1,0.0,0.0,0.0,2970.0,774_1,29.75,12.81,1028.0,2237.39,742.0,16,0.0,855.38,0,tripinfo_EastAveburyToWestA509.205 emissions_EastAveburyToWestA509.205,gasoline_euro4,0.96,140416.035862,2715370.685861,702.505654,62.618116,1208.114768,866124.228077,0.0
EastAveburyToWestA509.211,1993.0,483_1,0.0,0.0,0.0,2972.0,774_2,29.75,12.96,979.0,2237.39,718.0,14,0.0,806.24,0,tripinfo_EastAveburyToWestA509.211 emissions_EastAveburyToWestA509.211,electric,0.96,0.0,0.0,0.0,0.0,0.0,0.0,0.0
EastSilburyToEastAvebury.34,944.0,317_0,0.0,0.0,0.0,2974.0,213_0,19.13,12.52,2030.0,680.89,1828.0,24,0.0,1978.87,0,tripinfo_EastSilburyToEastAvebury.34 emissions_EastSilburyToEastAvebury.34,gasoline_euro4,0.99,322620.423367,5334343.592515,1594.242314,132.186749,2436.965402,1701519.44504,0.0
EastAveburyToWestA509.208,1968.0,483_1,0.0,0.0,0.0,2974.0,774_2,29.75,15.46,1006.0,2237.39,728.0,13,0.0,858.21,0,tripinfo_EastAveburyToWestA509.208 emissions_EastAveburyToWestA509.208,electric,1.12,0.0,0.0,0.0,0.0,0.0,0.0,0.0
V6ToEastH6.238,2856.0,468_1,0.0,0.0,0.0,2974.0,522_1,56.88,14.13,118.0,1512.23,0.0,0,0.0,14.13,0,tripinfo_V6ToEastH6.238 emissions_V6ToEastH6.238,electric,1.05,0.0,0.0,0.0,0.0,0.0,0.0,0.0
WestA509ToAvebury.106,1911.0,773_0,0.0,0.0,3.0,2976.0,213_0,19.13,12.62,1065.0,2327.58,795.0,20,0.0,894.6,0,tripinfo_WestA509ToAvebury.106 emissions_WestA509ToAvebury.106,gasoline_euro4,1.0,147376.286793,2861824.121779,737.460973,66.217987,1273.766844,912837.994791,0.0
EastAveburyToWestA509.210,1985.0,483_1,0.0,0.0,0.0,2976.0,774_1,29.75,12.96,991.0,2237.39,722.0,12,0.0,824.72,0,tripinfo_EastAveburyToWestA509.210 emissions_EastAveburyToWestA509.210,electric,1.0,0.0,0.0,0.0,0.0,0.0,0.0,0.0
EastAveburyToWestA509.206,1951.0,483_1,0.0,0.0,0.0,2977.0,774_2,29.75,14.13,1026.0,2237.39,730.0,18,0.0,866.23,0,tripinfo_EastAveburyToWestA509.206 emissions_EastAveburyToWestA509.206,electric,1.03,0.0,0.0,0.0,0.0,0.0,0.0,0.0
EastAveburyToWestA509.215,2027.0,483_1,0.0,0.0,0.0,2979.0,774_2,29.75,15.41,952.0,2237.39,672.0,16,0.0,806.76,0,tripinfo_EastAveburyToWestA509.215 emissions_EastAveburyToWestA509.215,gasoline_euro4,1.14,129133.408072,2559224.471121,647.563806,59.158966,1139.12874,816315.922288,0.0
EastAveburyToWestA509.209,1976.0,483_1,0.0,0.0,0.0,2981.0,774_0,29.75,12.62,1005.0,2241.03,739.0,11,0.0,825.34,0,tripinfo_EastAveburyToWestA509.209 emissions_EastAveburyToWestA509.209,electric,0.92,0.0,0.0,0.0,0.0,0.0,0.0,0.0
EastAveburyToWestA509.145,1432.0,483_0,0.0,0.0,0.0,2983.0,774_0,29.75,13.27,1551.0,2239.0,1263.0,18,0.0,1389.3,0,tripinfo_EastAveburyToWestA509.145 emissions_EastAveburyToWestA509.145,gasoline_euro4,1.01,228088.769122,4127125.461407,1134.792721,98.239453,1856.017218,1316438.741874,0.0
V6ToEastH6.240,2880.0,468_1,0.0,0.0,0.0,2991.0,522_1,56.88,15.59,111.0,1512.23,0.0,0,0.0,15.68,0,tripinfo_V6ToEastH6.240 emissions_V6ToEastH6.240,electric,1.15,0.0,0.0,0.0,0.0,0.0,0.0,0.0
V6ToEastH6.239,2868.0,468_1,0.0,0.0,0.0,2997.0,522_1,56.88,12.41,129.0,1512.23,0.0,0,0.0,16.8,0,tripinfo_V6ToEastH6.239 emissions_V6ToEastH6.239,electric,0.97,0.0,0.0,0.0,0.0,0.0,0.0,0.0
WestA509ToEastH6.54,1944.0,773_0,0.0,0.0,0.0,3008.0,522_0,56.88,12.23,1064.0,2755.12,732.0,16,0.0,842.79,0,tripinfo_WestA509ToEastH6.54 emissions_WestA509ToEastH6.54,electric,0.9,0.0,0.0,0.0,0.0,0.0,0.0,0.0
SouthEvansGateToSilbury.149,2682.0,526_0,0.0,0.0,0.0,3008.0,215_1,19.43,11.58,326.0,1471.73,177.0,4,0.0,206.06,0,tripinfo_SouthEvansGateToSilbury.149 emissions_SouthEvansGateToSilbury.149,electric,0.89,0.0,0.0,0.0,0.0,0.0,0.0,0.0
SouthEvansGateToSilbury.152,2736.0,526_0,0.0,0.0,0.0,3010.0,215_1,19.43,13.88,274.0,1471.68,121.0,5,0.0,174.49,0,tripinfo_SouthEvansGateToSilbury.152 emissions_SouthEvansGateToSilbury.152,gasoline_euro4,1.07,28456.859207,798089.436954,147.888863,16.293292,340.208126,254561.607981,0.0
SouthEvansGateToSilbury.150,2700.0,526_0,0.0,0.0,0.0,3011.0,215_1,19.43,14.13,311.0,1471.7,144.0,7,0.0,208.8,0,tripinfo_SouthEvansGateToSilbury.150 emissions_SouthEvansGateToSilbury.150,electric,1.04,0.0,0.0,0.0,0.0,0.0,0.0,0.0
V6ToEastH6.241,2892.0,468_1,0.0,0.0,0.0,3012.0,522_1,56.88,13.97,120.0,1512.23,0.0,0,0.0,11.71,0,tripinfo_V6ToEastH6.241 emissions_V6ToEastH6.241,electric,1.01,0.0,0.0,0.0,0.0,0.0,0.0,0.0
SouthEvansGateToSilbury.153,2754.0,526_0,0.0,0.0,0.0,3013.0,215_1,19.43,12.72,259.0,1471.73,103.0,4,0.0,153.17,0,tripinfo_SouthEvansGateToSilbury.153 emissions_SouthEvansGateToSilbury.153,gasoline_euro4,1.0,25226.526365,728006.374991,131.565202,14.570496,308.175811,232207.541385,0.0
SouthEvansGateToSilbury.151,2718.0,526_0,0.0,0.0,0.0,3018.0,215_1,19.43,12.84,300.0,1471.71,127.0,6,0.0,186.63,0,tripinfo_SouthEvansGateToSilbury.151 emissions_SouthEvansGateToSilbury.151,electric,0.94,0.0,0.0,0.0,0.0,0.0,0.0,0.0
V6ToEastH6.243,2916.0,468_1,0.0,0.0,0.0,3036.0,522_1,56.88,14.57,120.0,1512.23,0.0,0,0.0,18.32,0,tripinfo_V6ToEastH6.243 emissions_V6ToEastH6.243,electric,1.08,0.0,0.0,0.0,0.0,0.0,0.0,0.0
WestH6ToSaxonSt.144,1728.0,524_0,0.0,0.0,0.0,3048.0,771_1,56.88,13.6,1320.0,2767.88,959.0,21,0.0,1122.5,0,tripinfo_WestH6ToSaxonSt.144 emissions_WestH6ToSaxonSt.144,gasoline_euro4,1.05,182367.685174,3563344.62397,913.415824,82.540288,1587.026073,1136601.628882,0.0
V6ToEastH6.242,2904.0,468_1,0.0,0.0,0.0,3049.0,522_0,56.88,11.19,145.0,1512.23,0.0,0,0.0,11.3,0,tripinfo_V6ToEastH6.242 emissions_V6ToEastH6.242,gasoline_euro4,0.82,4153.299934,331748.66483,26.496971,4.606541,127.123722,105813.441203,0.0
WestH6ToSaxonSt.154,1848.0,524_0,0.0,0.0,0.0,3052.0,771_1,56.88,13.02,1204.0,2555.04,890.0,16,0.0,1012.89,0,tripinfo_WestH6ToSaxonSt.154 emissions_WestH6ToSaxonSt.154,electric,0.98,0.0,0.0,0.0,0.0,0.0,0.0,0.0
EastAveburyToWestA509.217,2044.0,483_1,0.0,0.0,0.0,3052.0,774_2,29.75,13.36,1008.0,2237.39,739.0,16,0.0,844.24,0,tripinfo_EastAveburyToWestA509.217 emissions_EastAveburyToWestA509.217,gasoline_euro4,1.01,138259.928226,2705649.243352,692.106092,62.193216,1201.473573,863022.539218,0.0
EastAveburyToWestA509.227,2161.0,483_1,0.0,0.0,32.0,3058.0,774_2,29.75,14.94,897.0,2237.39,611.0,16,0.0,748.02,0,tripinfo_EastAveburyToWestA509.227 emissions_EastAveburyToWestA509.227,electric,1.11,0.0,0.0,0.0,0.0,0.0,0.0,0.0
V6ToEastH6.244,2928.0,468_1,0.0,0.0,0.0,3061.0,522_1,56.88,11.76,133.0,1512.23,0.0,0,0.0,13.88,0,tripinfo_V6ToEastH6.244 emissions_V6ToEastH6.244,electric,0.92,0.0,0.0,0.0,0.0,0.0,0.0,0.0
V6ToEastH6.245,2940.0,468_1,0.0,0.0,0.0,3062.0,522_1,56.88,13.58,122.0,1512.23,0.0,0,0.0,16.77,0,tripinfo_V6ToEastH6.245 emissions_V6ToEastH6.245,electric,1.03,0.0,0.0,0.0,0.0,0.0,0.0,0.0
EastAveburyToWestA509.203,1925.0,483_1,0.0,0.0,0.0,3063.0,774_2,29.75,13.79,1138.0,2237.44,850.0,17,0.0,980.02,0,tripinfo_EastAveburyToWestA509.203 emissions_EastAveburyToWestA509.203,gasoline_euro4,1.05,159011.094766,3041985.430783,794.847731,70.786031,1356.912426,970305.204233,0.0
EastAveburyToWestA509.204,1934.0,483_1,0.0,0.0,0.0,3067.0,774_2,29.75,14.2,1133.0,2237.39,832.0,18,0.0,973.53,0,tripinfo_EastAveburyToWestA509.204 emissions_EastAveburyToWestA509.204,electric,1.04,0.0,0.0,0.0,0.0,0.0,0.0,0.0
EastAveburyToWestA509.228,2164.0,483_1,0.0,0.0,26.0,3067.0,774_1,29.75,13.77,903.0,2241.08,606.0,20,0.0,737.88,0,tripinfo_EastAveburyToWestA509.228 emissions_EastAveburyToWestA509.228,gasoline_euro4,1.0,119562.822475,2416068.860467,600.227752,54.843627,1068.817802,770653.19724,0.0
V6ToEastH6.246,2952.0,468_1,0.0,0.0,0.0,3070.0,522_1,56.88,14.26,118.0,1512.23,0.0,0,0.0,14.0,0,tripinfo_V6ToEastH6.246 emissions_V6ToEastH6.246,electric,1.05,0.0,0.0,0.0,0.0,0.0,0.0,0.0
EastAveburyToWestA509.152,1492.0,483_0,0.0,0.0,0.0,3071.0,774_0,29.75,13.64,1579.0,2257.79,1254.0,25,0.0,1413.53,0,tripinfo_EastAveburyToWestA509.152 emissions_EastAveburyToWestA509.152,gasoline_euro4,0.99,230245.654139,4177096.699845,1145.783915,99.271404,1878.017452,1332377.947374,0.0
EastAveburyToWestA509.149,1466.0,483_1,0.0,0.0,0.0,3076.0,774_0,29.75,13.0,1610.0,2306.62,1274.0,28,0.0,1429.39,0,tripinfo_EastAveburyToWestA509.149 emissions_EastAveburyToWestA509.149,gasoline_euro4,0.95,233971.617599,4259627.128096,1164.899561,101.339829,1917.671394,1358702.123371,0.0
WestH6ToSaxonSt.145,1740.0,524_0,0.0,0.0,0.0,3080.0,771_0,56.88,12.2,1340.0,2608.48,996.0,17,0.0,1136.99,0,tripinfo_WestH6ToSaxonSt.145 emissions_WestH6ToSaxonSt.145,electric,0.94,0.0,0.0,0.0,0.0,0.0,0.0,0.0
V6ToEastH6.247,2964.0,468_1,0.0,0.0,0.0,3084.0,522_1,56.88,13.64,120.0,1512.23,0.0,0,0.0,17.49,0,tripinfo_V6ToEastH6.247 emissions_V6ToEastH6.247,electric,1.07,0.0,0.0,0.0,0.0,0.0,0.0,0.0
WestA509ToEastH6.55,1980.0,773_0,0.0,0.0,0.0,3088.0,522_0,56.88,13.73,1108.0,2755.17,812.0,16,0.0,916.33,0,tripinfo_WestA509ToEastH6.55 emissions_WestA509ToEastH6.55,electric,1.04,0.0,0.0,0.0,0.0,0.0,0.0,0.0
EastA509ToH6.141,2538.0,770_0,0.0,0.0,0.0,3091.0,522_0,56.88,13.67,553.0,1483.64,375.0,8,0.0,446.72,0,tripinfo_EastA509ToH6.141 emissions_EastA509ToH6.141,gasoline_euro4,1.01,73038.422261,1514192.222737,367.826927,34.471689,670.687091,482980.418771,0.0
EastA509ToH6.140,2520.0,770_0,0.0,0.0,0.0,3092.0,522_0,56.88,16.93,572.0,1483.69,398.0,9,0.0,485.53,0,tripinfo_EastA509ToH6.140 emissions_EastA509ToH6.140,electric,1.24,0.0,0.0,0.0,0.0,0.0,0.0,0.0
EastA509ToH6.142,2556.0,770_0,0.0,0.0,0.0,3094.0,522_0,56.88,15.96,538.0,1483.69,363.0,9,0.0,444.54,0,tripinfo_EastA509ToH6.142 emissions_EastA509ToH6.142,gasoline_euro4,1.15,72227.239889,1540093.720338,364.57714,35.188082,682.171943,491240.713544,0.0
SouthEvansGateToSilbury.154,2772.0,526_0,0.0,0.0,0.0,3095.0,215_1,19.43,13.02,323.0,1471.73,181.0,4,0.0,211.71,0,tripinfo_SouthEvansGateToSilbury.154 emissions_SouthEvansGateToSilbury.154,gasoline_euro4,0.96,36096.795671,893349.879593,184.814458,18.702307,383.710341,284948.432364,0.0
EastA509ToH6.119,2142.0,770_0,0.0,0.0,0.0,3097.0,522_0,56.88,13.57,955.0,1483.8,717.0,15,0.0,846.84,0,tripinfo_EastA509ToH6.119 emissions_EastA509ToH6.119,electric,0.99,0.0,0.0,0.0,0.0,0.0,0.0,0.0
SouthEvansGateToSilbury.155,2790.0,526_0,0.0,0.0,0.0,3098.0,215_1,19.43,11.97,308.0,1471.68,153.0,5,0.0,187.73,0,tripinfo_SouthEvansGateToSilbury.155 emissions_SouthEvansGateToSilbury.155,electric,0.89,0.0,0.0,0.0,0.0,0.0,0.0,0.0
SouthEvansGateToSilbury.158,2844.0,526_0,0.0,0.0,0.0,3099.0,215_1,19.43,13.98,255.0,1471.73,109.0,4,0.0,161.74,0,tripinfo_SouthEvansGateToSilbury.158 emissions_SouthEvansGateToSilbury.158,electric,1.14,0.0,0.0,0.0,0.0,0.0,0.0,0.0
EastA509ToH6.145,2610.0,770_0,0.0,0.0,0.0,3100.0,522_0,56.88,12.59,490.0,1483.69,315.0,6,0.0,377.6,0,tripinfo_EastA509ToH6.145 emissions_EastA509ToH6.145,gasoline_euro4,0.96,61897.460783,1331077.894914,312.84755,29.720515,586.063925,424571.803805,0.0
SouthEvansGateToSilbury.157,2826.0,526_0,0.0,0.0,0.0,3101.0,215_1,19.43,11.98,275.0,1471.71,112.0,5,0.0,163.15,0,tripinfo_SouthEvansGateToSilbury.157 emissions_SouthEvansGateToSilbury.157,electric,0.95,0.0,0.0,0.0,0.0,0.0,0.0,0.0
SouthEvansGateToSilbury.156,2808.0,526_0,0.0,0.0,0.0,3103.0,215_1,19.43,12.82,295.0,1471.7,132.0,5,0.0,186.11,0,tripinfo_SouthEvansGateToSilbury.156 emissions_SouthEvansGateToSilbury.156,gasoline_euro4,0.98,30758.693964,827234.686961,159.086421,17.03226,354.417743,263858.484477,0.0
V6ToEastH6.248,2976.0,468_1,0.0,0.0,0.0,3107.0,522_1,56.88,13.37,131.0,1512.23,1.0,1,0.0,18.66,0,tripinfo_V6ToEastH6.248 emissions_V6ToEastH6.248,electric,0.97,0.0,0.0,0.0,0.0,0.0,0.0,0.0
V6ToEastH6.249,2988.0,468_1,0.0,0.0,0.0,3109.0,522_1,56.88,13.9,121.0,1512.23,0.0,0,0.0,13.82,0,tripinfo_V6ToEastH6.249 emissions_V6ToEastH6.249,gasoline_euro4,1.02,3934.949237,357677.582304,25.529548,5.471788,137.717719,114082.7856,0.0
EastA509ToH6.139,2502.0,770_0,0.0,0.0,0.0,3114.0,522_1,56.88,14.02,612.0,1483.8,430.0,7,0.0,507.78,0,tripinfo_EastA509ToH6.139 emissions_EastA509ToH6.139,electric,1.03,0.0,0.0,0.0,0.0,0.0,0.0,0.0
EastA509ToH6.146,2628.0,770_0,0.0,0.0,0.0,3114.0,522_0,56.88,12.01,486.0,1483.69,309.0,5,0.0,370.68,0,tripinfo_EastA509ToH6.146 emissions_EastA509ToH6.146,electric,0.93,0.0,0.0,0.0,0.0,0.0,0.0,0.0
EastA509ToH6.144,2592.0,770_0,0.0,0.0,0.0,3115.0,522_0,56.88,14.91,523.0,1483.8,351.0,7,0.0,425.64,0,tripinfo_EastA509ToH6.144 emissions_EastA509ToH6.144,electric,1.1,0.0,0.0,0.0,0.0,0.0,0.0,0.0
V6ToEastH6.250,3000.0,468_1,0.0,0.0,0.0,3132.0,522_1,56.88,11.87,132.0,1512.23,0.0,0,0.0,12.87,0,tripinfo_V6ToEastH6.250 emissions_V6ToEastH6.250,electric,0.92,0.0,0.0,0.0,0.0,0.0,0.0,0.0
EastSilburyToEastAvebury.84,1744.0,317_0,0.0,0.0,0.0,3139.0,213_0,19.13,11.21,1395.0,1576.69,1122.0,18,0.0,1252.14,0,tripinfo_EastSilburyToEastAvebury.84 emissions_EastSilburyToEastAvebury.84,electric,0.81,0.0,0.0,0.0,0.0,0.0,0.0,0.0
EastAveburyToWestA509.224,2104.0,483_1,0.0,0.0,0.0,3140.0,774_2,29.75,13.97,1036.0,2237.44,749.0,17,0.0,874.26,0,tripinfo_EastAveburyToWestA509.224 emissions_EastAveburyToWestA509.224,electric,1.03,0.0,0.0,0.0,0.0,0.0,0.0,0.0
WestA509ToAvebury.108,1946.0,773_0,0.0,0.0,2.0,3141.0,213_0,19.13,13.56,1195.0,2327.58,884.0,24,0.0,1030.75,0,tripinfo_WestA509ToAvebury.108 emissions_WestA509ToAvebury.108,electric,1.03,0.0,0.0,0.0,0.0,0.0,0.0,0.0
WestH6ToSaxonSt.155,1860.0,524_0,0.0,0.0,0.0,3142.0,771_1,56.88,11.16,1282.0,2555.04,941.0,18,0.0,1063.12,0,tripinfo_WestH6ToSaxonSt.155 emissions_WestH6ToSaxonSt.155,gasoline_euro4,0.85,174723.906111,3314738.172122,872.894072,76.231658,1474.413586,1057307.372712,0.0
WestA509ToAvebury.110,1983.0,773_0,0.0,0.0,3.0,3142.0,213_0,19.13,14.88,1159.0,2327.58,890.0,18,0.0,1007.45,0,tripinfo_WestA509ToAvebury.110 emissions_WestA509ToAvebury.110,electric,1.11,0.0,0.0,0.0,0.0,0.0,0.0,0.0
EastAveburyToWestA509.223,2095.0,483_1,0.0,0.0,0.0,3142.0,774_2,29.75,13.75,1047.0,2237.44,759.0,19,0.0,888.05,0,tripinfo_EastAveburyToWestA509.223 emissions_EastAveburyToWestA509.223,gasoline_euro4,1.04,144527.066472,2819259.706886,723.63287,65.107587,1254.486921,899260.905936,0.0
WestA509ToAvebury.93,1674.0,773_0,0.0,0.0,0.0,3144.0,213_0,19.13,12.35,1470.0,2323.29,1157.0,20,0.0,1294.47,0,tripinfo_WestA509ToAvebury.93 emissions_WestA509ToAvebury.93,gasoline_euro4,0.96,211039.207538,3833663.324896,1050.399328,90.65057,1720.259544,1222832.642777,0.0
V6ToEastH6.251,3012.0,468_1,0.0,0.0,0.0,3146.0,522_1,56.88,12.5,134.0,1512.23,0.0,0,0.0,16.11,0,tripinfo_V6ToEastH6.251 emissions_V6ToEastH6.251,gasoline_euro4,0.93,4426.528184,374247.868098,28.257399,5.530928,144.124244,119368.344963,0.0
WestH6ToSaxonSt.153,1836.0,524_0,0.0,0.0,0.0,3147.0,771_1,56.88,10.94,1311.0,2555.02,950.0,24,0.0,1076.96,0,tripinfo_WestH6ToSaxonSt.153 emissions_WestH6ToSaxonSt.153,gasoline_euro4,0.79,177825.47936,3355480.031475,888.084996,76.955827,1492.446591,1070303.606523,0.0
WestH6ToSaxonSt.156,1872.0,524_0,0.0,0.0,0.0,3148.0,771_0,56.88,14.74,1276.0,2555.05,957.0,18,0.0,1105.09,0,tripinfo_WestH6ToSaxonSt.156 emissions_WestH6ToSaxonSt.156,electric,1.09,0.0,0.0,0.0,0.0,0.0,0.0,0.0
EastAveburyToWestA509.231,2173.0,483_1,0.0,0.0,10.0,3149.0,774_1,29.75,12.47,976.0,2237.39,683.0,21,0.0,798.24,0,tripinfo_EastAveburyToWestA509.231 emissions_EastAveburyToWestA509.231,electric,0.93,0.0,0.0,0.0,0.0,0.0,0.0,0.0
EastAveburyToWestA509.230,2170.0,483_1,0.0,0.0,15.0,3150.0,774_2,29.75,13.81,980.0,2237.39,703.0,21,0.0,818.29,0,tripinfo_EastAveburyToWestA509.230 emissions_EastAveburyToWestA509.230,gasoline_euro4,1.02,133544.679962,2624364.850107,668.954201,60.454563,1166.502858,837094.705843,0.0
V6ToEastH6.252,3024.0,468_1,0.0,0.0,0.0,3150.0,522_1,56.88,13.32,126.0,1512.23,0.0,0,0.0,14.64,0,tripinfo_V6ToEastH6.252 emissions_V6ToEastH6.252,gasoline_euro4,0.99,4282.087676,375274.849665,27.783228,5.809141,145.829438,119695.528608,0.0
EastAveburyToWestA509.234,2248.0,483_1,0.0,0.0,59.0,3152.0,774_2,29.75,15.18,904.0,2237.39,612.0,18,0.0,759.23,0,tripinfo_EastAveburyToWestA509.234 emissions_EastAveburyToWestA509.234,electric,1.14,0.0,0.0,0.0,0.0,0.0,0.0,0.0
EastAveburyToWestA509.207,1959.0,483_1,0.0,0.0,0.0,3154.0,774_2,29.75,15.89,1195.0,2237.44,897.0,17,0.0,1060.34,0,tripinfo_EastAveburyToWestA509.207 emissions_EastAveburyToWestA509.207,gasoline_euro4,1.23,168838.376678,3216228.782295,843.766495,75.516459,1439.134657,1025883.429923,0.0
V6ToEastH6.253,3036.0,468_1,0.0,0.0,0.0,3154.0,522_1,56.88,14.5,118.0,1512.23,1.0,1,0.0,19.54,0,tripinfo_V6ToEastH6.253 emissions_V6ToEastH6.253,gasoline_euro4,1.11,5152.819239,401932.812283,32.100283,6.737088,158.755344,128197.953345,0.0
EastAveburyToWestA509.220,2072.0,483_1,0.0,0.0,2.0,3156.0,774_0,29.75,11.53,1084.0,2241.03,775.0,19,0.0,895.73,0,tripinfo_EastAveburyToWestA509.220 emissions_EastAveburyToWestA509.220,electric,0.88,0.0,0.0,0.0,0.0,0.0,0.0,0.0
EastAveburyToWestA509.141,1398.0,483_1,0.0,0.0,0.0,3164.0,774_0,29.75,15.22,1766.0,2328.54,1413.0,26,0.0,1613.57,0,tripinfo_EastAveburyToWestA509.141 emissions_EastAveburyToWestA509.141,gasoline_euro4,1.14,260043.880763,4692797.864474,1293.691861,112.257117,2114.755005,1496872.334371,0.0
V6ToEastH6.254,3048.0,468_1,0.0,0.0,0.0,3165.0,522_1,56.88,14.09,117.0,1512.23,0.0,0,0.0,12.87,0,tripinfo_V6ToEastH6.254 emissions_V6ToEastH6.254,electric,1.05,0.0,0.0,0.0,0.0,0.0,0.0,0.0
SouthEvansGateToSilbury.162,2916.0,526_0,0.0,0.0,0.0,3181.0,215_1,19.43,14.56,265.0,1471.68,132.0,4,0.0,165.65,0,tripinfo_SouthEvansGateToSilbury.162 emissions_SouthEvansGateToSilbury.162,electric,1.07,0.0,0.0,0.0,0.0,0.0,0.0,0.0
WestA509ToEastH6.56,2016.0,773_0,0.0,0.0,0.0,3183.0,522_0,56.88,13.02,1167.0,2755.17,823.0,20,0.0,963.25,0,tripinfo_WestA509ToEastH6.56 emissions_WestA509ToEastH6.56,gasoline_euro4,0.98,156700.623272,3082891.506831,785.0954,70.536232,1367.687059,983351.580543,0.0
SouthEvansGateToSilbury.160,2880.0,526_0,0.0,0.0,0.0,3184.0,215_1,19.43,13.35,304.0,1471.7,156.0,5,0.0,194.05,0,tripinfo_SouthEvansGateToSilbury.160 emissions_SouthEvansGateToSilbury.160,electric,0.96,0.0,0.0,0.0,0.0,0.0,0.0,0.0
EastAveburyToWestA509.147,1449.0,483_1,0.0,0.0,0.0,3186.0,774_0,29.75,12.07,1737.0,2325.55,1364.0,26,0.0,1537.33,0,tripinfo_EastAveburyToWestA509.147 emissions_EastAveburyToWestA509.147,gasoline_euro4,0.87,251370.213662,4521357.867955,1250.355683,107.18504,2033.45197,1442189.304688,0.0
SouthEvansGateToSilbury.161,2898.0,526_0,0.0,0.0,0.0,3186.0,215_1,19.43,14.72,288.0,1471.71,131.0,5,0.0,188.21,0,tripinfo_SouthEvansGateToSilbury.161 emissions_SouthEvansGateToSilbury.161,gasoline_euro4,1.07,30924.132094,836025.773361,160.077592,17.350879,358.419523,266662.313295,0.0
SouthEvansGateToSilbury.159,2862.0,526_0,0.0,0.0,0.0,3188.0,215_1,19.43,14.11,326.0,1471.73,175.0,5,0.0,227.13,0,tripinfo_SouthEvansGateToSilbury.159 emissions_SouthEvansGateToSilbury.159,gasoline_euro4,1.08,37607.898324,947129.149223,193.133595,20.36043,410.865469,302101.122685,0.0
V6ToEastH6.255,3060.0,468_1,0.0,0.0,0.0,3191.0,522_1,56.88,12.22,131.0,1512.23,0.0,0,0.0,13.42,0,tripinfo_V6ToEastH6.255 emissions_V6ToEastH6.255,gasoline_euro4,0.93,3773.482881,349865.732858,24.713035,4.869267,132.545245,111591.656847,0.0
V6ToEastH6.257,3084.0,468_1,0.0,0.0,0.0,3197.0,522_1,56.88,14.71,113.0,1512.23,0.0,0,0.0,13.83,0,tripinfo_V6ToEastH6.257 emissions_V6ToEastH6.257,gasoline_euro4,1.1,4108.886433,366819.322997,26.666434,5.985269,143.400032,116998.204299,0.0
V6ToEastH6.256,3072.0,468_1,0.0,0.0,0.0,3204.0,522_1,56.88,12.58,132.0,1512.23,0.0,0,0.0,13.76,0,tripinfo_V6ToEastH6.256 emissions_V6ToEastH6.256,gasoline_euro4,0.93,3954.194203,356458.271373,25.970442,5.120993,136.520301,113694.273217,0.0
V6ToEastH6.258,3096.0,468_1,0.0,0.0,0.0,3224.0,522_1,56.88,12.96,128.0,1512.23,0.0,0,0.0,12.56,0,tripinfo_V6ToEastH6.258 emissions_V6ToEastH6.258,electric,0.94,0.0,0.0,0.0,0.0,0.0,0.0,0.0
V6ToEastH6.259,3108.0,468_1,0.0,0.0,0.0,3227.0,522_1,56.88,13.99,119.0,1512.23,0.0,0,0.0,12.83,0,tripinfo_V6ToEastH6.259 emissions_V6ToEastH6.259,electric,1.03,0.0,0.0,0.0,0.0,0.0,0.0,0.0
WestA509ToAvebury.46,828.0,773_0,0.0,0.0,0.0,3229.0,213_0,19.13,13.38,2401.0,2288.57,2062.0,25,0.0,2237.8,0,tripinfo_WestA509ToAvebury.46 emissions_WestA509ToAvebury.46,electric,1.02,0.0,0.0,0.0,0.0,0.0,0.0,0.0
EastAveburyToWestA509.225,2154.0,483_1,0.0,0.0,42.0,3229.0,774_2,29.75,12.97,1075.0,2237.39,774.0,19,0.0,908.66,0,tripinfo_EastAveburyToWestA509.225 emissions_EastAveburyToWestA509.225,gasoline_euro4,0.99,147349.050303,2855951.152912,737.327997,66.194336,1272.921618,910964.669111,0.0
EastAveburyToWestA509.174,1679.0,483_1,0.0,0.0,0.0,3232.0,774_2,29.75,13.78,1553.0,2240.45,1201.0,23,0.0,1385.46,0,tripinfo_EastAveburyToWestA509.174 emissions_EastAveburyToWestA509.174,gasoline_euro4,0.99,223693.940569,4054871.128449,1113.195175,95.887196,1821.292425,1293391.973286,0.0
WestH6ToSaxonSt.146,1752.0,524_0,0.0,0.0,0.0,3232.0,771_1,56.88,10.76,1480.0,2767.88,1053.0,24,0.0,1215.1,0,tripinfo_WestH6ToSaxonSt.146 emissions_WestH6ToSaxonSt.146,gasoline_euro4,0.78,199960.296019,3780990.567843,998.910063,87.250733,1686.435926,1206028.509976,0.0
WestH6ToSaxonSt.158,1896.0,524_0,0.0,0.0,0.0,3232.0,771_0,56.88,15.2,1336.0,2555.05,1008.0,24,0.0,1178.73,0,tripinfo_WestH6ToSaxonSt.158 emissions_WestH6ToSaxonSt.158,gasoline_euro4,1.19,189003.03589,3595212.435786,943.654106,83.881305,1602.830761,1146768.982373,0.0
WestA509ToAvebury.111,1998.0,773_0,0.0,0.0,0.0,3232.0,213_0,19.13,10.92,1234.0,2327.58,923.0,21,0.0,1038.57,0,tripinfo_WestA509ToAvebury.111 emissions_WestA509ToAvebury.111,gasoline_euro4,0.87,171641.428849,3240577.817513,857.180685,74.908858,1444.133196,1033652.380339,0.0
WestH6ToSaxonSt.157,1884.0,524_0,0.0,0.0,0.0,3234.0,771_1,56.88,12.74,1350.0,2555.04,1015.0,20,0.0,1154.52,0,tripinfo_WestH6ToSaxonSt.157 emissions_WestH6ToSaxonSt.157,gasoline_euro4,0.96,188026.698674,3547579.037791,938.657646,82.404354,1582.423232,1131576.697169,0.0
WestA509ToAvebury.57,1026.0,773_0,0.0,0.0,0.0,3237.0,213_0,19.13,12.98,2211.0,2250.02,1893.0,36,0.0,2048.95,0,tripinfo_WestA509ToAvebury.57 emissions_WestA509ToAvebury.57,electric,1.01,0.0,0.0,0.0,0.0,0.0,0.0,0.0
EastAveburyToWestA509.233,2244.0,483_1,0.0,0.0,64.0,3237.0,774_0,29.75,12.14,993.0,2241.03,715.0,13,0.0,815.83,0,tripinfo_EastAveburyToWestA509.233 emissions_EastAveburyToWestA509.233,gasoline_euro4,0.93,133947.005399,2630865.114907,671.043243,60.162317,1167.218717,839168.658816,0.0
EastAveburyToWestA509.232,2241.0,483_1,0.0,0.0,69.0,3238.0,774_2,29.75,12.35,997.0,2237.39,700.0,22,0.0,822.75,0,tripinfo_EastAveburyToWestA509.232 emissions_EastAveburyToWestA509.232,electric,0.95,0.0,0.0,0.0,0.0,0.0,0.0,0.0
EastAveburyToWestA509.236,2254.0,483_1,0.0,0.0,48.0,3238.0,774_1,29.75,14.74,984.0,2237.87,701.0,14,0.0,836.92,0,tripinfo_EastAveburyToWestA509.236 emissions_EastAveburyToWestA509.236,gasoline_euro4,1.13,134876.547722,2673736.248068,676.268193,61.793893,1190.025595,852841.695908,0.0
V6ToEastH6.260,3120.0,468_1,0.0,0.0,0.0,3239.0,522_1,56.88,14.22,119.0,1512.23,0.0,0,0.0,13.6,0,tripinfo_V6ToEastH6.260 emissions_V6ToEastH6.260,electric,1.04,0.0,0.0,0.0,0.0,0.0,0.0,0.0
EastAveburyToWestA509.239,2329.0,483_1,0.0,0.0,98.0,3240.0,774_2,29.75,13.39,911.0,2237.39,635.0,14,0.0,740.29,0,tripinfo_EastAveburyToWestA509.239 emissions_EastAveburyToWestA509.239,electric,0.97,0.0,0.0,0.0,0.0,0.0,0.0,0.0
EastAveburyToWestA509.243,2340.0,483_1,0.0,0.0,75.0,3241.0,774_2,29.75,14.0,901.0,2237.39,607.0,14,0.0,755.35,0,tripinfo_EastAveburyToWestA509.243 emissions_EastAveburyToWestA509.243,gasoline_euro4,1.14,119269.198113,2426440.424526,599.943495,55.962996,1080.665738,773959.887,0.0
V6ToEastH6.261,3132.0,468_1,0.0,0.0,0.0,3245.0,522_1,56.88,14.21,113.0,1512.23,0.0,0,0.0,13.85,0,tripinfo_V6ToEastH6.261 emissions_V6ToEastH6.261,electric,1.1,0.0,0.0,0.0,0.0,0.0,0.0,0.0
EastAveburyToWestA509.246,2416.0,483_1,0.0,0.0,125.0,3248.0,774_0,29.75,11.96,832.0,2241.03,523.0,19,0.0,653.31,0,tripinfo_EastAveburyToWestA509.246 emissions_EastAveburyToWestA509.246,gasoline_euro4,0.93,105508.718316,2178392.059178,531.110172,48.897878,960.937545,694840.645938,0.0
EastA509ToH6.143,2574.0,770_0,0.0,0.0,0.0,3263.0,522_0,56.88,12.62,689.0,1483.64,489.0,13,0.0,571.73,0,tripinfo_EastA509ToH6.143 emissions_EastA509ToH6.143,gasoline_euro4,0.91,94697.104739,1852552.09455,474.195878,42.488625,823.106414,590909.756404,0.0
V6ToEastH6.262,3144.0,468_1,0.0,0.0,0.0,3270.0,522_1,56.88,12.55,126.0,1512.23,0.0,0,0.0,13.4,0,tripinfo_V6ToEastH6.262 emissions_V6ToEastH6.262,electric,0.97,0.0,0.0,0.0,0.0,0.0,0.0,0.0
SouthEvansGateToSilbury.165,2970.0,526_0,0.0,0.0,0.0,3271.0,215_1,19.43,12.49,301.0,1471.68,151.0,6,0.0,191.78,0,tripinfo_SouthEvansGateToSilbury.165 emissions_SouthEvansGateToSilbury.165,gasoline_euro4,0.97,32663.826821,832037.50457,168.030053,17.479371,358.025417,265391.185634,0.0
V6ToEastH6.263,3156.0,468_1,0.0,0.0,0.0,3272.0,522_1,56.88,14.03,116.0,1512.23,0.0,0,0.0,12.2,0,tripinfo_V6ToEastH6.263 emissions_V6ToEastH6.263,electric,1.05,0.0,0.0,0.0,0.0,0.0,0.0,0.0
SouthEvansGateToSilbury.166,2988.0,526_0,0.0,0.0,0.0,3273.0,215_1,19.43,15.23,285.0,1471.71,127.0,7,0.0,190.88,0,tripinfo_SouthEvansGateToSilbury.166 emissions_SouthEvansGateToSilbury.166,gasoline_euro4,1.14,30575.752514,841402.724376,158.720378,17.644632,361.893564,268376.816382,0.0
SouthEvansGateToSilbury.163,2934.0,526_0,0.0,0.0,0.0,3276.0,215_1,19.43,11.96,342.0,1471.73,191.0,4,0.0,224.86,0,tripinfo_SouthEvansGateToSilbury.163 emissions_SouthEvansGateToSilbury.163,gasoline_euro4,0.91,38143.053676,927421.961867,195.135453,19.276608,397.991777,295816.865577,0.0
WestA509ToEastH6.57,2055.0,773_0,0.0,0.0,3.0,3277.0,522_0,56.88,13.16,1222.0,2755.17,861.0,16,0.0,1030.41,0,tripinfo_WestA509ToEastH6.57 emissions_WestA509ToEastH6.57,gasoline_euro4,1.04,165942.951886,3272881.096035,831.535746,74.950608,1451.835245,1043952.315504,0.0
SouthEvansGateToSilbury.167,3006.0,526_0,0.0,0.0,0.0,3277.0,215_1,19.43,11.98,271.0,1471.73,109.0,4,0.0,157.91,0,tripinfo_SouthEvansGateToSilbury.167 emissions_SouthEvansGateToSilbury.167,electric,0.94,0.0,0.0,0.0,0.0,0.0,0.0,0.0
SouthEvansGateToSilbury.168,3024.0,526_0,0.0,0.0,0.0,3279.0,215_1,19.43,14.22,255.0,1471.73,118.0,4,0.0,157.34,0,tripinfo_SouthEvansGateToSilbury.168 emissions_SouthEvansGateToSilbury.168,electric,1.09,0.0,0.0,0.0,0.0,0.0,0.0,0.0
SouthEvansGateToSilbury.164,2952.0,526_0,0.0,0.0,0.0,3282.0,215_1,19.43,13.11,330.0,1471.7,165.0,7,0.0,225.37,0,tripinfo_SouthEvansGateToSilbury.164 emissions_SouthEvansGateToSilbury.164,electric,1.02,0.0,0.0,0.0,0.0,0.0,0.0,0.0
V6ToEastH6.265,3180.0,468_1,0.0,0.0,0.0,3296.0,522_1,56.88,16.23,116.0,1512.23,0.0,0,0.0,24.4,0,tripinfo_V6ToEastH6.265 emissions_V6ToEastH6.265,gasoline_euro4,1.19,5189.094495,415588.190028,32.729337,7.056339,164.017376,132553.211747,0.0
V6ToEastH6.264,3168.0,468_1,0.0,0.0,0.0,3309.0,522_0,56.88,11.71,141.0,1512.23,0.0,0,0.0,17.05,0,tripinfo_V6ToEastH6.264 emissions_V6ToEastH6.264,gasoline_euro4,0.88,4661.758112,371435.371866,29.629723,5.350657,142.891212,118471.619758,0.0
V6ToEastH6.266,3192.0,468_1,0.0,0.0,0.0,3310.0,522_1,56.88,14.76,118.0,1512.23,0.0,0,0.0,15.94,0,tripinfo_V6ToEastH6.266 emissions_V6ToEastH6.266,gasoline_euro4,1.07,4269.718858,378650.64572,27.803893,6.100357,148.085609,120771.970612,0.0
WestH6ToSaxonSt.159,1908.0,524_0,0.0,0.0,0.0,3316.0,771_1,56.88,12.67,1408.0,2555.04,1080.0,20,0.0,1217.76,0,tripinfo_WestH6ToSaxonSt.159 emissions_WestH6ToSaxonSt.159,gasoline_euro4,0.98,198769.4153,3707124.435183,990.956472,86.615753,1655.665039,1182468.039501,0.0
WestA509ToAvebury.103,1854.0,773_0,0.0,0.0,0.0,3318.0,213_0,19.13,15.61,1464.0,2275.76,1176.0,19,0.0,1311.66,0,tripinfo_WestA509ToAvebury.103 emissions_WestA509ToAvebury.103,electric,1.17,0.0,0.0,0.0,0.0,0.0,0.0,0.0
EastAveburyToWestA509.229,2167.0,483_1,0.0,0.0,21.0,3320.0,774_1,29.75,13.13,1153.0,2237.44,827.0,20,0.0,980.76,0,tripinfo_EastAveburyToWestA509.229 emissions_EastAveburyToWestA509.229,gasoline_euro4,0.96,158730.968422,3025992.306132,793.043431,70.050177,1348.597753,965204.558106,0.0
EastAveburyToWestA509.240,2332.0,483_1,0.0,0.0,92.0,3322.0,774_2,29.75,12.27,990.0,2237.39,698.0,14,0.0,818.15,0,tripinfo_EastAveburyToWestA509.240 emissions_EastAveburyToWestA509.240,electric,0.96,0.0,0.0,0.0,0.0,0.0,0.0,0.0
EastAveburyToWestA509.255,2508.0,483_1,0.0,0.0,141.0,3323.0,774_2,29.75,14.72,815.0,2237.39,510.0,18,0.0,660.61,0,tripinfo_EastAveburyToWestA509.255 emissions_EastAveburyToWestA509.255,gasoline_euro4,1.07,105442.787129,2226091.09899,531.933183,50.221485,984.404261,710053.304674,0.0
EastAveburyToWestA509.245,2346.0,483_1,0.0,0.0,64.0,3325.0,774_0,29.75,13.37,979.0,2237.87,670.0,17,0.0,810.33,0,tripinfo_EastAveburyToWestA509.245 emissions_EastAveburyToWestA509.245,gasoline_euro4,0.98,131813.138991,2596999.841795,660.669614,59.766609,1155.003479,828365.904057,0.0
EastAveburyToWestA509.254,2505.0,483_1,0.0,0.0,146.0,3328.0,774_2,29.75,12.35,823.0,2237.39,504.0,21,0.0,652.01,0,tripinfo_EastAveburyToWestA509.254 emissions_EastAveburyToWestA509.254,gasoline_euro4,0.97,104904.97109,2175637.394588,528.262887,48.999854,961.199217,693961.459188,0.0
V6ToEastH6.267,3204.0,468_1,0.0,0.0,0.0,3328.0,522_1,56.88,13.06,124.0,1512.23,0.0,0,0.0,12.34,0,tripinfo_V6ToEastH6.267 emissions_V6ToEastH6.267,gasoline_euro4,0.98,3663.40245,349101.236629,24.014659,5.028022,132.562701,111347.572472,0.0
EastAveburyToWestA509.256,2512.0,483_1,0.0,0.0,136.0,3331.0,774_1,29.75,13.17,819.0,2237.39,503.0,18,0.0,646.6,0,tripinfo_EastAveburyToWestA509.256 emissions_EastAveburyToWestA509.256,electric,0.96,0.0,0.0,0.0,0.0,0.0,0.0,0.0
EastAveburyToWestA509.226,2157.0,483_1,0.0,0.0,36.0,3332.0,774_2,29.75,12.85,1175.0,2237.44,846.0,24,0.0,1010.91,0,tripinfo_EastAveburyToWestA509.226 emissions_EastAveburyToWestA509.226,electric,1.01,0.0,0.0,0.0,0.0,0.0,0.0,0.0
EastAveburyToWestA509.247,2420.0,483_1,0.0,0.0,121.0,3340.0,774_0,29.75,11.35,920.0,2237.87,588.0,19,0.0,729.89,0,tripinfo_EastAveburyToWestA509.247 emissions_EastAveburyToWestA509.247,gasoline_euro4,0.87,118210.739249,2361404.822245,593.236046,53.354528,1044.775128,753218.141391,0.0
V6ToEastH6.268,3216.0,468_1,0.0,0.0,0.0,3342.0,522_1,56.88,12.96,126.0,1512.23,0.0,0,0.0,11.37,0,tripinfo_V6ToEastH6.268 emissions_V6ToEastH6.268,gasoline_euro4,0.95,3657.838005,349057.296814,24.276786,5.028901,132.980732,111333.577325,0.0
V6ToEastH6.269,3228.0,468_1,0.0,0.0,0.0,3349.0,522_1,56.88,13.97,121.0,1512.23,0.0,0,0.0,14.3,0,tripinfo_V6ToEastH6.269 emissions_V6ToEastH6.269,gasoline_euro4,1.03,4344.914383,372276.020103,27.858171,5.97341,145.693698,118738.843598,0.0
EastA509ToH6.148,2664.0,770_0,0.0,0.0,0.0,3353.0,522_0,56.88,13.63,689.0,1483.69,516.0,10,0.0,584.41,0,tripinfo_EastA509ToH6.148 emissions_EastA509ToH6.148,electric,1.03,0.0,0.0,0.0,0.0,0.0,0.0,0.0
EastA509ToH6.149,2682.0,770_0,0.0,0.0,0.0,3354.0,522_0,56.88,14.18,672.0,1483.69,500.0,10,0.0,573.0,0,tripinfo_EastA509ToH6.149 emissions_EastA509ToH6.149,gasoline_euro4,1.08,94583.751524,1880925.932652,474.486299,43.669421,838.606697,599958.582313,0.0
EastA509ToH6.151,2718.0,770_0,0.0,0.0,0.0,3356.0,522_1,56.88,14.58,638.0,1483.69,461.0,9,0.0,541.01,0,tripinfo_EastA509ToH6.151 emissions_EastA509ToH6.151,gasoline_euro4,1.11,88442.173979,1786302.767131,444.228161,41.27869,794.586441,569775.99021,0.0
EastA509ToH6.152,2736.0,770_0,0.0,0.0,0.0,3357.0,522_0,56.88,14.98,621.0,1483.69,436.0,7,0.0,526.35,0,tripinfo_EastA509ToH6.152 emissions_EastA509ToH6.152,electric,1.14,0.0,0.0,0.0,0.0,0.0,0.0,0.0
SouthEvansGateToSilbury.171,3078.0,526_0,0.0,0.0,0.0,3359.0,215_1,19.43,12.94,281.0,1471.68,133.0,5,0.0,167.19,0,tripinfo_SouthEvansGateToSilbury.171 emissions_SouthEvansGateToSilbury.171,electric,0.93,0.0,0.0,0.0,0.0,0.0,0.0,0.0
SouthEvansGateToSilbury.172,3096.0,526_0,0.0,0.0,0.0,3361.0,215_1,19.43,14.32,265.0,1471.71,118.0,4,0.0,167.84,0,tripinfo_SouthEvansGateToSilbury.172 emissions_SouthEvansGateToSilbury.172,gasoline_euro4,1.1,27357.357895,761796.587253,142.243724,15.976927,327.785124,242985.142948,0.0
EastA509ToH6.153,2754.0,770_0,0.0,0.0,0.0,3362.0,522_0,56.88,13.57,608.0,1483.69,419.0,7,0.0,504.26,0,tripinfo_EastA509ToH6.153 emissions_EastA509ToH6.153,electric,1.03,0.0,0.0,0.0,0.0,0.0,0.0,0.0
SouthEvansGateToSilbury.169,3042.0,526_0,0.0,0.0,0.0,3363.0,215_1,19.43,12.33,321.0,1471.7,167.0,5,0.0,211.63,0,tripinfo_SouthEvansGateToSilbury.169 emissions_SouthEvansGateToSilbury.169,gasoline_euro4,0.97,36113.094869,929012.378563,185.921193,19.568982,400.691148,296322.469854,0.0
EastA509ToH6.156,2808.0,770_0,0.0,0.0,0.0,3365.0,522_0,56.88,13.22,557.0,1483.69,361.0,8,0.0,447.69,0,tripinfo_EastA509ToH6.156 emissions_EastA509ToH6.156,electric,0.98,0.0,0.0,0.0,0.0,0.0,0.0,0.0
SouthEvansGateToSilbury.170,3060.0,526_0,0.0,0.0,0.0,3366.0,215_1,19.43,13.27,306.0,1471.73,141.0,7,0.0,201.37,0,tripinfo_SouthEvansGateToSilbury.170 emissions_SouthEvansGateToSilbury.170,electric,1.02,0.0,0.0,0.0,0.0,0.0,0.0,0.0
EastA509ToH6.155,2790.0,770_0,0.0,0.0,0.0,3367.0,522_0,56.88,11.87,577.0,1483.69,380.0,9,0.0,462.79,0,tripinfo_EastA509ToH6.155 emissions_EastA509ToH6.155,gasoline_euro4,0.94,75203.660636,1537134.06071,378.059467,34.69656,679.473005,490299.121595,0.0
V6ToEastH6.270,3240.0,468_1,0.0,0.0,0.0,3387.0,522_0,56.88,10.48,147.0,1512.23,0.0,0,0.0,14.78,0,tripinfo_V6ToEastH6.270 emissions_V6ToEastH6.270,gasoline_euro4,0.82,4479.962956,349504.963779,28.384409,4.888418,134.18327,111476.959386,0.0
V6ToEastH6.271,3252.0,468_1,0.0,0.0,0.0,3389.0,522_1,56.88,11.55,137.0,1512.23,0.0,0,0.0,13.58,0,tripinfo_V6ToEastH6.271 emissions_V6ToEastH6.271,gasoline_euro4,0.89,4253.272214,355192.185543,27.420699,5.250514,137.549769,113290.460991,0.0
WestH6ToSaxonSt.160,1920.0,524_0,0.0,0.0,0.0,3396.0,771_1,56.88,13.98,1476.0,2555.04,1146.0,26,0.0,1303.67,0,tripinfo_WestH6ToSaxonSt.160 emissions_WestH6ToSaxonSt.160,gasoline_euro4,1.08,210934.497257,3909827.079833,1051.131622,91.948445,1749.137732,1247124.628488,0.0
WestH6ToSaxonSt.162,1944.0,524_0,0.0,0.0,0.0,3398.0,771_1,56.88,14.84,1454.0,2555.04,1147.0,20,0.0,1283.26,0,tripinfo_WestH6ToSaxonSt.162 emissions_WestH6ToSaxonSt.162,electric,1.09,0.0,0.0,0.0,0.0,0.0,0.0,0.0
V6ToEastH6.272,3264.0,468_1,0.0,0.0,0.0,3399.0,522_1,56.88,12.91,135.0,1512.23,0.0,0,0.0,18.18,0,tripinfo_V6ToEastH6.272 emissions_V6ToEastH6.272,gasoline_euro4,0.94,4431.941208,374251.234695,28.327227,5.453922,143.676082,119369.514012,0.0
V6ToEastH6.273,3276.0,468_1,0.0,0.0,0.0,3401.0,522_1,56.88,13.36,125.0,1512.23,0.0,0,0.0,14.79,0,tripinfo_V6ToEastH6.273 emissions_V6ToEastH6.273,gasoline_euro4,1.0,4229.548701,375334.922512,27.621229,5.827787,146.015356,119714.644818,0.0
EastSilburyToEastAvebury.43,1088.0,317_0,0.0,0.0,0.0,3406.0,213_0,19.13,13.23,2318.0,680.89,2094.0,30,0.0,2268.29,0,tripinfo_EastSilburyToEastAvebury.43 emissions_EastSilburyToEastAvebury.43,electric,1.01,0.0,0.0,0.0,0.0,0.0,0.0,0.0
WestH6ToSaxonSt.161,1932.0,524_0,0.0,0.0,0.0,3406.0,771_1,56.88,12.61,1474.0,2555.07,1147.0,21,0.0,1276.11,0,tripinfo_WestH6ToSaxonSt.161 emissions_WestH6ToSaxonSt.161,electric,0.94,0.0,0.0,0.0,0.0,0.0,0.0,0.0
WestA509ToAvebury.114,2052.0,773_0,0.0,0.0,0.0,3408.0,213_0,19.13,14.56,1356.0,2327.58,1019.0,24,0.0,1195.92,0,tripinfo_WestA509ToAvebury.114 emissions_WestA509ToAvebury.114,electric,1.06,0.0,0.0,0.0,0.0,0.0,0.0,0.0
V6ToEastH6.274,3288.0,468_1,0.0,0.0,0.0,3408.0,522_1,56.88,14.27,120.0,1512.23,0.0,0,0.0,15.01,0,tripinfo_V6ToEastH6.274 emissions_V6ToEastH6.274,gasoline_euro4,1.04,4130.249256,374457.861683,26.80405,5.766024,144.224563,119434.899562,0.0
EastAveburyToWestA509.200,1900.0,483_1,0.0,0.0,0.0,3411.0,774_1,29.75,12.42,1511.0,2237.39,1196.0,24,0.0,1327.55,0,tripinfo_EastAveburyToWestA509.200 emissions_EastAveburyToWestA509.200,gasoline_euro4,0.9,217685.223072,3945517.834173,1083.296779,93.012318,1769.821789,1258511.715239,0.0
EastAveburyToWestA509.257,2515.0,483_1,0.0,0.0,131.0,3411.0,774_2,29.75,13.79,896.0,2237.39,577.0,20,0.0,732.38,0,tripinfo_EastAveburyToWestA509.257 emissions_EastAveburyToWestA509.257,electric,1.01,0.0,0.0,0.0,0.0,0.0,0.0,0.0
EastAveburyToWestA509.258,2518.0,483_1,0.0,0.0,125.0,3421.0,774_2,29.75,14.38,903.0,2237.39,577.0,16,0.0,748.6,0,tripinfo_EastAveburyToWestA509.258 emissions_EastAveburyToWestA509.258,electric,1.07,0.0,0.0,0.0,0.0,0.0,0.0,0.0
EastAveburyToWestA509.218,2065.0,483_1,0.0,0.0,12.0,3422.0,774_1,29.75,12.83,1357.0,2237.39,1048.0,19,0.0,1179.36,0,tripinfo_EastAveburyToWestA509.218 emissions_EastAveburyToWestA509.218,electric,0.94,0.0,0.0,0.0,0.0,0.0,0.0,0.0
EastAveburyToWestA509.249,2426.0,483_1,0.0,0.0,110.0,3429.0,774_1,29.75,11.73,1003.0,2237.39,644.0,21,0.0,820.76,0,tripinfo_EastAveburyToWestA509.249 emissions_EastAveburyToWestA509.249,electric,0.91,0.0,0.0,0.0,0.0,0.0,0.0,0.0
EastAveburyToWestA509.260,2524.0,483_1,0.0,0.0,114.0,3431.0,774_0,29.75,10.94,907.0,2240.53,591.0,17,0.0,698.04,0,tripinfo_EastAveburyToWestA509.260 emissions_EastAveburyToWestA509.260,gasoline_euro4,0.79,115536.40196,2339161.479324,580.683845,52.209773,1032.249418,746122.805373,0.0
EastAveburyToWestA509.148,1458.0,483_1,0.0,0.0,0.0,3433.0,774_0,29.75,12.97,1975.0,2325.73,1610.0,26,0.0,1802.94,0,tripinfo_EastAveburyToWestA509.148 emissions_EastAveburyToWestA509.148,gasoline_euro4,1.0,294310.565692,5241570.133948,1462.705183,125.706326,2365.043767,1671917.540256,0.0
V6ToEastH6.276,3312.0,468_1,0.0,0.0,0.0,3436.0,522_1,56.88,13.22,124.0,1512.23,0.0,0,0.0,12.83,0,tripinfo_V6ToEastH6.276 emissions_V6ToEastH6.276,gasoline_euro4,0.99,3970.771897,367452.596304,25.986793,5.472248,141.061346,117200.687513,0.0
V6ToEastH6.275,3300.0,468_1,0.0,0.0,0.0,3442.0,522_0,56.88,10.97,142.0,1512.23,0.0,0,0.0,13.61,0,tripinfo_V6ToEastH6.275 emissions_V6ToEastH6.275,gasoline_euro4,0.85,4140.830119,346437.756268,26.690306,4.718896,131.610283,110498.651707,0.0
EastA509ToH6.150,2700.0,770_0,0.0,0.0,0.0,3444.0,522_0,56.88,13.48,744.0,1483.64,539.0,14,0.0,636.55,0,tripinfo_EastA509ToH6.150 emissions_EastA509ToH6.150,electric,1.0,0.0,0.0,0.0,0.0,0.0,0.0,0.0
SouthEvansGateToSilbury.175,3150.0,526_0,0.0,0.0,0.0,3445.0,215_1,19.43,15.43,295.0,1471.73,145.0,6,0.0,202.79,0,tripinfo_SouthEvansGateToSilbury.175 emissions_SouthEvansGateToSilbury.175,electric,1.16,0.0,0.0,0.0,0.0,0.0,0.0,0.0
V6ToEastH6.277,3324.0,468_1,0.0,0.0,0.0,3446.0,522_1,56.88,14.01,122.0,1512.23,0.0,0,0.0,16.67,0,tripinfo_V6ToEastH6.277 emissions_V6ToEastH6.277,gasoline_euro4,1.04,4232.977117,371626.274578,27.293192,5.780381,144.067022,118531.754607,0.0
SouthEvansGateToSilbury.173,3114.0,526_0,0.0,0.0,0.0,3448.0,215_0,19.43,11.19,334.0,1471.78,180.0,5,0.0,213.02,0,tripinfo_SouthEvansGateToSilbury.173 emissions_SouthEvansGateToSilbury.173,electric,0.88,0.0,0.0,0.0,0.0,0.0,0.0,0.0
SouthEvansGateToSilbury.174,3132.0,526_0,0.0,0.0,0.0,3449.0,215_1,19.43,12.52,317.0,1471.7,162.0,5,0.0,203.95,0,tripinfo_SouthEvansGateToSilbury.174 emissions_SouthEvansGateToSilbury.174,electric,0.94,0.0,0.0,0.0,0.0,0.0,0.0,0.0
SouthEvansGateToSilbury.176,3168.0,526_0,0.0,0.0,0.0,3450.0,215_0,19.43,10.75,282.0,1471.77,118.0,5,0.0,157.43,0,tripinfo_SouthEvansGateToSilbury.176 emissions_SouthEvansGateToSilbury.176,electric,0.85,0.0,0.0,0.0,0.0,0.0,0.0,0.0
SouthEvansGateToSilbury.177,3186.0,526_0,0.0,0.0,0.0,3450.0,215_1,19.43,13.79,264.0,1471.73,110.0,5,0.0,165.18,0,tripinfo_SouthEvansGateToSilbury.177 emissions_SouthEvansGateToSilbury.177,gasoline_euro4,1.07,26338.939162,737276.936787,136.841035,15.107679,314.50569,235164.593267,0.0
WestA509ToEastH6.58,2088.0,773_0,0.0,0.0,0.0,3451.0,522_0,56.88,14.27,1363.0,2755.17,994.0,18,0.0,1171.51,0,tripinfo_WestA509ToEastH6.58 emissions_WestA509ToEastH6.58,gasoline_euro4,1.04,188051.021439,3594119.335003,939.742244,83.712151,1603.786968,1146419.894959,0.0
SouthEvansGateToSilbury.179,3222.0,526_0,0.0,0.0,0.0,3452.0,215_0,19.43,15.09,230.0,1471.73,92.0,4,0.0,132.34,0,tripinfo_SouthEvansGateToSilbury.179 emissions_SouthEvansGateToSilbury.179,electric,1.09,0.0,0.0,0.0,0.0,0.0,0.0,0.0
EastA509ToH6.157,2826.0,770_0,0.0,0.0,0.0,3455.0,522_0,56.88,12.97,629.0,1483.69,438.0,11,0.0,515.73,0,tripinfo_EastA509ToH6.157 emissions_EastA509ToH6.157,gasoline_euro4,0.95,84575.607794,1692640.86082,424.532103,38.687477,751.163028,539901.674976,0.0
EastA509ToH6.159,2862.0,770_0,0.0,0.0,0.0,3455.0,522_1,56.88,13.97,593.0,1483.69,399.0,11,0.0,492.74,0,tripinfo_EastA509ToH6.159 emissions_EastA509ToH6.159,electric,1.07,0.0,0.0,0.0,0.0,0.0,0.0,0.0
EastA509ToH6.161,2898.0,770_0,0.0,0.0,0.0,3457.0,522_0,56.88,14.12,559.0,1483.69,357.0,11,0.0,458.08,0,tripinfo_EastA509ToH6.161 emissions_EastA509ToH6.161,gasoline_euro4,1.06,73608.274545,1538194.668107,370.755867,34.815374,679.478329,490636.284195,0.0
V6ToEastH6.278,3336.0,468_1,0.0,0.0,0.0,3473.0,522_0,56.88,12.07,137.0,1512.23,0.0,0,0.0,13.25,0,tripinfo_V6ToEastH6.278 emissions_V6ToEastH6.278,gasoline_euro4,0.88,3945.195661,338996.85006,25.576639,4.807561,129.740893,108125.051066,0.0
V6ToEastH6.280,3360.0,468_1,0.0,0.0,0.0,3481.0,522_1,56.88,14.58,121.0,1512.23,1.0,1,0.0,22.83,0,tripinfo_V6ToEastH6.280 emissions_V6ToEastH6.280,electric,1.11,0.0,0.0,0.0,0.0,0.0,0.0,0.0
WestH6ToSaxonSt.163,1956.0,524_0,0.0,0.0,0.0,3488.0,771_1,56.88,11.96,1532.0,2555.04,1198.0,18,0.0,1318.34,0,tripinfo_WestH6ToSaxonSt.163 emissions_WestH6ToSaxonSt.163,electric,0.87,0.0,0.0,0.0,0.0,0.0,0.0,0.0
WestH6ToSaxonSt.165,1980.0,524_0,0.0,0.0,0.0,3490.0,771_1,56.88,13.46,1510.0,2555.04,1177.0,21,0.0,1326.93,0,tripinfo_WestH6ToSaxonSt.165 emissions_WestH6ToSaxonSt.165,gasoline_euro4,1.02,215483.560645,3994010.554576,1074.396494,94.116206,1789.907539,1273976.552408,0.0
V6ToEastH6.279,3348.0,468_1,0.0,0.0,0.0,3491.0,522_0,56.88,12.07,143.0,1512.23,1.0,1,0.0,18.89,0,tripinfo_V6ToEastH6.279 emissions_V6ToEastH6.279,gasoline_euro4,0.88,5016.902658,374259.356669,31.269865,5.541527,144.999468,119372.363971,0.0
EastAveburyToWestA509.248,2423.0,483_1,0.0,0.0,115.0,3493.0,774_1,29.75,12.59,1070.0,2237.39,721.0,23,0.0,904.23,0,tripinfo_EastAveburyToWestA509.248 emissions_EastAveburyToWestA509.248,gasoline_euro4,0.99,143384.754927,2773046.295222,717.225935,63.859658,1234.114891,884521.072967,0.0
EastAveburyToWestA509.250,2429.0,483_1,0.0,0.0,104.0,3496.0,774_1,29.75,12.51,1067.0,2237.39,708.0,22,0.0,898.26,0,tripinfo_EastAveburyToWestA509.250 emissions_EastAveburyToWestA509.250,electric,0.98,0.0,0.0,0.0,0.0,0.0,0.0,0.0
WestA509ToAvebury.116,2091.0,773_0,0.0,0.0,3.0,3497.0,213_0,19.13,11.53,1406.0,2327.58,1058.0,24,0.0,1205.74,0,tripinfo_WestA509ToAvebury.116 emissions_WestA509ToAvebury.116,electric,0.84,0.0,0.0,0.0,0.0,0.0,0.0,0.0
EastAveburyToWestA509.262,2595.0,483_1,0.0,0.0,168.0,3501.0,774_2,29.75,12.86,906.0,2237.39,601.0,16,0.0,741.85,0,tripinfo_EastAveburyToWestA509.262 emissions_EastAveburyToWestA509.262,gasoline_euro4,1.0,118579.291692,2400581.010772,595.570264,54.396957,1063.104672,765712.914293,0.0
EastAveburyToWestA509.267,2611.0,483_1,0.0,0.0,142.0,3501.0,774_1,29.75,12.95,890.0,2237.39,603.0,16,0.0,713.31,0,tripinfo_EastAveburyToWestA509.267 emissions_EastAveburyToWestA509.267,electric,0.94,0.0,0.0,0.0,0.0,0.0,0.0,0.0
WestA509ToAvebury.95,1710.0,773_0,0.0,0.0,0.0,3502.0,213_0,19.13,14.48,1792.0,2323.29,1476.0,27,0.0,1632.0,0,tripinfo_WestA509ToAvebury.95 emissions_WestA509ToAvebury.95,gasoline_euro4,1.06,265538.296696,4723193.137619,1319.016688,112.886142,2125.814153,1506570.205912,0.0
V6ToEastH6.281,3372.0,468_1,0.0,0.0,0.0,3502.0,522_1,56.88,12.48,130.0,1512.23,0.0,0,0.0,17.44,0,tripinfo_V6ToEastH6.281 emissions_V6ToEastH6.281,gasoline_euro4,0.97,4213.205046,365855.530908,27.208077,5.401164,140.674471,116691.510754,0.0
EastAveburyToWestA509.150,1475.0,483_0,0.0,0.0,0.0,3503.0,774_0,29.75,13.46,2028.0,2264.87,1688.0,34,0.0,1870.98,0,tripinfo_EastAveburyToWestA509.150 emissions_EastAveburyToWestA509.150,gasoline_euro4,1.06,304842.034186,5368067.782556,1513.560724,129.382732,2425.276748,1712268.334636,0.0
EastAveburyToWestA509.268,2680.0,483_1,0.0,0.0,202.0,3504.0,774_1,29.75,12.8,824.0,2237.39,531.0,17,0.0,650.65,0,tripinfo_EastAveburyToWestA509.268 emissions_EastAveburyToWestA509.268,gasoline_euro4,0.95,104958.777915,2158775.293997,528.111736,48.593349,953.023003,688583.593647,0.0
V6ToEastH6.282,3384.0,468_1,0.0,0.0,0.0,3507.0,522_1,56.88,12.81,123.0,1512.23,0.0,0,0.0,14.59,0,tripinfo_V6ToEastH6.282 emissions_V6ToEastH6.282,electric,1.01,0.0,0.0,0.0,0.0,0.0,0.0,0.0
EastAveburyToWestA509.169,1636.0,483_0,0.0,0.0,0.0,3514.0,774_0,29.75,13.14,1878.0,2257.77,1520.0,28,0.0,1712.94,0,tripinfo_EastAveburyToWestA509.169 emissions_EastAveburyToWestA509.169,gasoline_euro4,1.0,277505.144611,4924733.241783,1378.697878,118.193433,2222.905732,1570855.735355,0.0
V6ToEastH6.283,3396.0,468_1,0.0,0.0,0.0,3514.0,522_1,56.88,14.65,118.0,1512.23,0.0,0,0.0,20.11,0,tripinfo_V6ToEastH6.283 emissions_V6ToEastH6.283,electric,1.11,0.0,0.0,0.0,0.0,0.0,0.0,0.0
EastAveburyToWestA509.261,2592.0,483_1,0.0,0.0,174.0,3520.0,774_0,29.75,11.1,928.0,2237.88,581.0,14,0.0,720.83,0,tripinfo_EastAveburyToWestA509.261 emissions_EastAveburyToWestA509.261,electric,0.8,0.0,0.0,0.0,0.0,0.0,0.0,0.0
V6ToEastH6.284,3408.0,468_1,0.0,0.0,0.0,3524.0,522_1,56.88,14.43,116.0,1512.23,0.0,0,0.0,13.92,0,tripinfo_V6ToEastH6.284 emissions_V6ToEastH6.284,electric,1.07,0.0,0.0,0.0,0.0,0.0,0.0,0.0
EastA509ToH6.160,2880.0,770_0,0.0,0.0,0.0,3529.0,522_0,56.88,13.63,649.0,1483.69,440.0,11,0.0,544.88,0,tripinfo_EastA509ToH6.160 emissions_EastA509ToH6.160,gasoline_euro4,1.03,87825.478909,1754812.476374,440.577978,40.255267,779.230412,559732.450272,0.0
V6ToEastH6.285,3420.0,468_1,0.0,0.0,0.0,3529.0,522_1,56.88,15.44,109.0,1512.23,0.0,0,0.0,15.08,0,tripinfo_V6ToEastH6.285 emissions_V6ToEastH6.285,electric,1.16,0.0,0.0,0.0,0.0,0.0,0.0,0.0
SouthEvansGateToSilbury.181,3258.0,526_0,0.0,0.0,0.0,3535.0,215_0,19.43,13.24,277.0,1471.71,136.0,5,0.0,173.7,0,tripinfo_SouthEvansGateToSilbury.181 emissions_SouthEvansGateToSilbury.181,gasoline_euro4,1.03,29580.136169,796360.627577,152.970881,16.417551,340.102263,254010.785701,0.0
SouthEvansGateToSilbury.182,3276.0,526_0,0.0,0.0,0.0,3535.0,215_1,19.43,12.61,259.0,1471.71,111.0,6,0.0,145.28,0,tripinfo_SouthEvansGateToSilbury.182 emissions_SouthEvansGateToSilbury.182,electric,0.94,0.0,0.0,0.0,0.0,0.0,0.0,0.0
EastA509ToH6.158,2844.0,770_0,0.0,0.0,0.0,3536.0,522_0,56.88,13.94,692.0,1483.69,472.0,10,0.0,587.0,0,tripinfo_EastA509ToH6.158 emissions_EastA509ToH6.158,electric,1.03,0.0,0.0,0.0,0.0,0.0,0.0,0.0
SouthEvansGateToSilbury.180,3240.0,526_0,0.0,0.0,0.0,3537.0,215_1,19.43,15.06,297.0,1471.73,136.0,6,0.0,201.83,0,tripinfo_SouthEvansGateToSilbury.180 emissions_SouthEvansGateToSilbury.180,electric,1.12,0.0,0.0,0.0,0.0,0.0,0.0,0.0
SouthEvansGateToSilbury.178,3204.0,526_0,0.0,0.0,0.0,3539.0,215_0,19.43,10.82,335.0,1471.8,175.0,4,0.0,206.91,0,tripinfo_SouthEvansGateToSilbury.178 emissions_SouthEvansGateToSilbury.178,electric,0.83,0.0,0.0,0.0,0.0,0.0,0.0,0.0
WestA509ToEastH6.59,2127.0,773_0,0.0,0.0,3.0,3540.0,522_1,56.88,13.84,1413.0,2755.17,1002.0,20,0.0,1218.54,0,tripinfo_WestA509ToEastH6.59 emissions_WestA509ToEastH6.59,electric,1.03,0.0,0.0,0.0,0.0,0.0,0.0,0.0
EastA509ToH6.147,2646.0,770_0,0.0,0.0,0.0,3540.0,522_0,56.88,11.86,894.0,1443.3,666.0,11,0.0,777.76,0,tripinfo_EastA509ToH6.147 emissions_EastA509ToH6.147,gasoline_euro4,0.89,125800.485354,2314478.978841,626.92092,54.438037,1038.092541,738254.049677,0.0
V6ToEastH6.286,3432.0,468_1,0.0,0.0,0.0,3559.0,522_1,56.88,13.0,127.0,1512.23,0.0,0,0.0,13.36,0,tripinfo_V6ToEastH6.286 emissions_V6ToEastH6.286,electric,0.96,0.0,0.0,0.0,0.0,0.0,0.0,0.0
WestH6ToSaxonSt.166,1992.0,524_0,0.0,0.0,0.0,3564.0,771_1,56.88,14.67,1572.0,2555.06,1247.0,23,0.0,1407.5,0,tripinfo_WestH6ToSaxonSt.166 emissions_WestH6ToSaxonSt.166,electric,1.13,0.0,0.0,0.0,0.0,0.0,0.0,0.0
V6ToEastH6.287,3444.0,468_1,0.0,0.0,0.0,3565.0,522_1,56.88,13.14,121.0,1512.23,0.0,0,0.0,13.06,0,tripinfo_V6ToEastH6.287 emissions_V6ToEastH6.287,electric,1.01,0.0,0.0,0.0,0.0,0.0,0.0,0.0
WestH6ToSaxonSt.164,1968.0,524_0,0.0,0.0,0.0,3574.0,771_1,56.88,12.16,1606.0,2555.03,1266.0,21,0.0,1407.83,0,tripinfo_WestH6ToSaxonSt.164 emissions_WestH6ToSaxonSt.164,electric,0.94,0.0,0.0,0.0,0.0,0.0,0.0,0.0
WestH6ToSaxonSt.167,2004.0,524_0,0.0,0.0,0.0,3576.0,771_1,56.88,12.58,1572.0,2555.04,1217.0,25,0.0,1377.0,0,tripinfo_WestH6ToSaxonSt.167 emissions_WestH6ToSaxonSt.167,electric,0.96,0.0,0.0,0.0,0.0,0.0,0.0,0.0
V6ToEastH6.288,3456.0,468_1,0.0,0.0,0.0,3579.0,522_1,56.88,13.21,123.0,1512.23,0.0,0,0.0,11.76,0,tripinfo_V6ToEastH6.288 emissions_V6ToEastH6.288,gasoline_euro4,0.99,3860.018638,362996.915295,25.414758,5.401483,139.108965,115779.511879,0.0
WestA509ToAvebury.54,975.0,773_0,0.0,0.0,3.0,3580.0,213_0,19.13,13.51,2605.0,2288.68,2246.0,34,0.0,2437.25,0,tripinfo_WestA509ToAvebury.54 emissions_WestA509ToAvebury.54,electric,0.99,0.0,0.0,0.0,0.0,0.0,0.0,0.0
WestA509ToAvebury.119,2142.0,773_0,0.0,0.0,0.0,3582.0,213_0,19.13,13.37,1440.0,2327.58,1079.0,30,0.0,1265.99,0,tripinfo_WestA509ToAvebury.119 emissions_WestA509ToAvebury.119,electric,0.97,0.0,0.0,0.0,0.0,0.0,0.0,0.0
EastSilburyToEastAvebury.65,1440.0,317_0,0.0,0.0,0.0,3584.0,213_0,19.13,12.37,2144.0,680.89,1917.0,36,0.0,2090.64,0,tripinfo_EastSilburyToEastAvebury.65 emissions_EastSilburyToEastAvebury.65,electric,0.95,0.0,0.0,0.0,0.0,0.0,0.0,0.0
WestA509ToAvebury.121,2178.0,773_0,0.0,0.0,0.0,3587.0,213_0,19.13,14.55,1409.0,2327.58,1037.0,32,0.0,1248.29,0,tripinfo_WestA509ToAvebury.121 emissions_WestA509ToAvebury.121,gasoline_euro4,1.06,200825.837125,3756339.089328,1002.004419,88.559129,1684.53767,1198164.740275,0.0
V6ToEastH6.289,3468.0,468_1,0.0,0.0,0.0,3587.0,522_1,56.88,13.54,119.0,1512.23,0.0,0,0.0,13.78,0,tripinfo_V6ToEastH6.289 emissions_V6ToEastH6.289,gasoline_euro4,1.04,4011.19706,360973.434422,25.931785,5.6295,139.587531,115133.909881,0.0
EastAveburyToWestA509.263,2599.0,483_1,0.0,0.0,164.0,3590.0,774_1,29.75,12.71,991.0,2237.39,666.0,18,0.0,818.49,0,tripinfo_EastAveburyToWestA509.263 emissions_EastAveburyToWestA509.263,gasoline_euro4,0.96,130449.396804,2576668.725303,654.0084,58.856985,1144.425804,821881.094492,0.0
EastAveburyToWestA509.276,2773.0,483_1,0.0,0.0,227.0,3591.0,774_2,29.75,13.03,818.0,2237.39,501.0,13,0.0,653.07,0,tripinfo_EastAveburyToWestA509.276 emissions_EastAveburyToWestA509.276,electric,1.0,0.0,0.0,0.0,0.0,0.0,0.0,0.0
EastAveburyToWestA509.144,1424.0,483_0,0.0,0.0,0.0,3593.0,774_0,29.75,10.29,2169.0,2263.33,1788.0,34,0.0,1966.57,0,tripinfo_EastAveburyToWestA509.144 emissions_EastAveburyToWestA509.144,gasoline_euro4,0.82,321212.461537,5598771.77154,1593.749484,134.223091,2527.573158,1785859.467136,0.0
EastAveburyToWestA509.264,2602.0,483_1,0.0,0.0,158.0,3593.0,774_2,29.75,14.08,991.0,2237.39,659.0,19,0.0,835.1,0,tripinfo_EastAveburyToWestA509.264 emissions_EastAveburyToWestA509.264,electric,1.06,0.0,0.0,0.0,0.0,0.0,0.0,0.0
EastAveburyToWestA509.279,2781.0,483_1,0.0,0.0,210.0,3595.0,774_2,29.75,13.79,814.0,2237.39,494.0,16,0.0,658.73,0,tripinfo_EastAveburyToWestA509.279 emissions_EastAveburyToWestA509.279,gasoline_euro4,1.07,103429.397393,2158219.543996,521.241083,48.995133,956.761989,688404.777476,0.0
EastAveburyToWestA509.271,2689.0,483_1,0.0,0.0,186.0,3597.0,774_2,29.75,12.75,908.0,2237.39,589.0,24,0.0,743.28,0,tripinfo_EastAveburyToWestA509.271 emissions_EastAveburyToWestA509.271,electric,1.0,0.0,0.0,0.0,0.0,0.0,0.0,0.0
V6ToEastH6.290,3480.0,468_1,0.0,0.0,0.0,3601.0,522_1,56.88,12.79,121.0,1512.23,0.0,0,0.0,13.25,0,tripinfo_V6ToEastH6.290 emissions_V6ToEastH6.290,electric,1.01,0.0,0.0,0.0,0.0,0.0,0.0,0.0
EastAveburyToWestA509.160,1560.0,483_1,0.0,0.0,0.0,3602.0,774_0,29.75,12.07,2042.0,2325.76,1664.0,28,0.0,1857.55,0,tripinfo_EastAveburyToWestA509.160 emissions_EastAveburyToWestA509.160,gasoline_euro4,0.93,304020.051209,5364089.107846,1509.809241,128.766159,2422.08517,1710999.358502,0.0
WestA509ToEastH6.60,2160.0,773_0,0.0,0.0,0.0,3610.0,522_0,56.88,13.97,1450.0,2755.17,1052.0,26,0.0,1254.69,0,tripinfo_WestA509ToEastH6.60 emissions_WestA509ToEastH6.60,electric,1.02,0.0,0.0,0.0,0.0,0.0,0.0,0.0
SouthEvansGateToSilbury.183,3294.0,526_0,0.0,0.0,0.0,3623.0,215_0,19.43,13.07,329.0,1471.76,189.0,4,0.0,224.35,0,tripinfo_SouthEvansGateToSilbury.183 emissions_SouthEvansGateToSilbury.183,gasoline_euro4,1.02,37974.607588,934439.041762,194.307422,19.756039,401.888471,298054.429481,0.0
SouthEvansGateToSilbury.185,3330.0,526_0,0.0,0.0,0.0,3623.0,215_1,19.43,12.79,293.0,1471.71,133.0,5,0.0,185.01,0,tripinfo_SouthEvansGateToSilbury.185 emissions_SouthEvansGateToSilbury.185,gasoline_euro4,0.98,30479.751896,808594.227411,157.613997,16.82494,347.609784,257912.927167,0.0
V6ToEastH6.291,3492.0,468_1,0.0,0.0,0.0,3624.0,522_1,56.88,11.53,132.0,1512.23,0.0,0,0.0,13.94,0,tripinfo_V6ToEastH6.291 emissions_V6ToEastH6.291,gasoline_euro4,0.92,3952.411422,358080.432275,25.974936,5.098037,136.718269,114211.725952,0.0
SouthEvansGateToSilbury.186,3348.0,526_0,0.0,0.0,0.0,3625.0,215_1,19.43,13.62,277.0,1471.7,121.0,6,0.0,175.02,0,tripinfo_SouthEvansGateToSilbury.186 emissions_SouthEvansGateToSilbury.186,gasoline_euro4,1.04,28617.172269,797824.657975,148.768068,16.451581,341.831818,254477.05045,0.0
V6ToEastH6.292,3504.0,468_1,0.0,0.0,0.0,3626.0,522_1,56.88,13.39,122.0,1512.23,0.0,0,0.0,14.4,0,tripinfo_V6ToEastH6.292 emissions_V6ToEastH6.292,electric,1.02,0.0,0.0,0.0,0.0,0.0,0.0,0.0
SouthEvansGateToSilbury.184,3312.0,526_0,0.0,0.0,0.0,3627.0,215_0,19.43,9.95,315.0,1471.75,149.0,5,0.0,180.54,0,tripinfo_SouthEvansGateToSilbury.184 emissions_SouthEvansGateToSilbury.184,gasoline_euro4,0.79,31916.187097,800829.451209,163.923722,16.136816,341.608661,255437.899311,0.0
SouthEvansGateToSilbury.187,3366.0,526_0,0.0,0.0,0.0,3628.0,215_1,19.43,11.85,262.0,1471.73,104.0,3,0.0,138.4,0,tripinfo_SouthEvansGateToSilbury.187 emissions_SouthEvansGateToSilbury.187,electric,0.86,0.0,0.0,0.0,0.0,0.0,0.0,0.0
EastA509ToH6.154,2772.0,770_0,0.0,0.0,0.0,3643.0,522_0,56.88,8.67,871.0,1445.01,655.0,12,0.0,725.61,0,tripinfo_EastA509ToH6.154 emissions_EastA509ToH6.154,gasoline_euro4,0.71,121161.116004,2215177.616136,603.465806,51.613676,991.411629,706580.654377,0.0
V6ToEastH6.293,3516.0,468_1,0.0,0.0,0.0,3647.0,522_1,56.88,12.53,131.0,1512.23,0.0,0,0.0,15.33,0,tripinfo_V6ToEastH6.293 emissions_V6ToEastH6.293,electric,0.95,0.0,0.0,0.0,0.0,0.0,0.0,0.0
WestH6ToSaxonSt.169,2028.0,524_0,0.0,0.0,0.0,3658.0,771_1,56.88,13.37,1630.0,2555.04,1274.0,24,0.0,1451.92,0,tripinfo_WestH6ToSaxonSt.169 emissions_WestH6ToSaxonSt.169,electric,1.05,0.0,0.0,0.0,0.0,0.0,0.0,0.0
V6ToEastH6.294,3528.0,468_1,0.0,0.0,0.0,3658.0,522_1,56.88,12.04,130.0,1512.23,0.0,0,0.0,12.63,0,tripinfo_V6ToEastH6.294 emissions_V6ToEastH6.294,gasoline_euro4,0.93,3784.59252,354216.341522,24.917856,4.959349,134.023281,112979.289451,0.0
V6ToEastH6.295,3540.0,468_1,0.0,0.0,0.0,3666.0,522_1,56.88,12.25,126.0,1512.23,0.0,0,0.0,12.15,0,tripinfo_V6ToEastH6.295 emissions_V6ToEastH6.295,gasoline_euro4,0.96,3647.20711,348057.842139,24.143065,5.00039,132.420806,111014.802337,0.0
WestH6ToSaxonSt.168,2016.0,524_0,0.0,0.0,0.0,3668.0,771_1,56.88,11.12,1652.0,2555.02,1266.0,25,0.0,1434.61,0,tripinfo_WestH6ToSaxonSt.168 emissions_WestH6ToSaxonSt.168,electric,0.86,0.0,0.0,0.0,0.0,0.0,0.0,0.0
EastAveburyToWestA509.278,2779.0,483_1,0.0,0.0,216.0,3668.0,774_2,29.75,14.02,889.0,2237.39,556.0,18,0.0,727.04,0,tripinfo_EastAveburyToWestA509.278 emissions_EastAveburyToWestA509.278,electric,1.02,0.0,0.0,0.0,0.0,0.0,0.0,0.0
WestH6ToSaxonSt.170,2040.0,524_0,0.0,0.0,0.0,3670.0,771_1,56.88,12.11,1630.0,2555.04,1256.0,24,0.0,1430.7,0,tripinfo_WestH6ToSaxonSt.170 emissions_WestH6ToSaxonSt.170,gasoline_euro4,0.94,231552.21606,4222360.228818,1152.847302,99.460922,1892.679578,1346816.08178,0.0
V6ToEastH6.296,3552.0,468_1,0.0,0.0,0.0,3672.0,522_1,56.88,13.78,120.0,1512.23,0.0,0,0.0,12.17,0,tripinfo_V6ToEastH6.296 emissions_V6ToEastH6.296,electric,1.02,0.0,0.0,0.0,0.0,0.0,0.0,0.0
WestA509ToAvebury.55,990.0,773_0,0.0,0.0,0.0,3673.0,213_0,19.13,15.25,2683.0,2275.81,2372.0,27,0.0,2508.22,0,tripinfo_WestA509ToAvebury.55 emissions_WestA509ToAvebury.55,electric,1.16,0.0,0.0,0.0,0.0,0.0,0.0,0.0
EastAveburyToWestA509.281,2788.0,483_1,0.0,0.0,200.0,3674.0,774_1,29.75,15.19,886.0,2241.03,583.0,18,0.0,744.5,0,tripinfo_EastAveburyToWestA509.281 emissions_EastAveburyToWestA509.281,gasoline_euro4,1.17,117024.075117,2385166.1044,588.013948,54.427665,1056.293162,760795.17987,0.0
WestA509ToAvebury.77,1386.0,773_0,0.0,0.0,0.0,3676.0,213_0,19.13,12.71,2290.0,2250.13,1923.0,27,0.0,2046.54,0,tripinfo_WestA509ToAvebury.77 emissions_WestA509ToAvebury.77,electric,1.0,0.0,0.0,0.0,0.0,0.0,0.0,0.0
EastSilburyToEastAvebury.82,1712.0,317_0,0.0,0.0,0.0,3677.0,213_0,19.13,17.02,1965.0,658.22,1754.0,27,0.0,1927.98,0,tripinfo_EastSilburyToEastAvebury.82 emissions_EastSilburyToEastAvebury.82,electric,1.27,0.0,0.0,0.0,0.0,0.0,0.0,0.0
V6ToEastH6.297,3564.0,468_1,0.0,0.0,0.0,3681.0,522_1,56.88,13.49,117.0,1512.23,0.0,0,0.0,13.34,0,tripinfo_V6ToEastH6.297 emissions_V6ToEastH6.297,gasoline_euro4,1.05,3774.345931,359600.890102,25.014503,5.531334,138.546548,114696.117751,0.0
WestA509ToAvebury.125,2250.0,773_0,0.0,0.0,0.0,3684.0,213_0,19.13,11.13,1434.0,2327.58,1045.0,23,0.0,1230.31,0,tripinfo_WestA509ToAvebury.125 emissions_WestA509ToAvebury.125,gasoline_euro4,0.83,198863.100022,3695244.509927,991.975003,86.351271,1654.76106,1178678.95492,0.0
V6ToEastH6.298,3576.0,468_1,0.0,0.0,0.0,3684.0,522_1,56.88,16.26,108.0,1512.23,0.0,0,0.0,15.19,0,tripinfo_V6ToEastH6.298 emissions_V6ToEastH6.298,gasoline_euro4,1.18,4338.244738,385601.315459,27.966349,6.372196,149.756418,122988.72603,0.0
EastAveburyToWestA509.280,2785.0,483_1,0.0,0.0,205.0,3685.0,774_2,29.75,12.64,900.0,2237.39,575.0,20,0.0,721.09,0,tripinfo_EastAveburyToWestA509.280 emissions_EastAveburyToWestA509.280,electric,0.93,0.0,0.0,0.0,0.0,0.0,0.0,0.0
EastAveburyToWestA509.282,2856.0,483_1,0.0,0.0,259.0,3686.0,774_2,29.75,13.86,830.0,2237.39,528.0,15,0.0,671.33,0,tripinfo_EastAveburyToWestA509.282 emissions_EastAveburyToWestA509.282,gasoline_euro4,1.04,106967.678792,2213546.800514,538.65022,50.175373,980.238119,706053.159695,0.0
EastAveburyToWestA509.253,2438.0,483_1,0.0,0.0,88.0,3688.0,774_2,29.75,14.21,1250.0,2240.55,899.0,24,0.0,1090.42,0,tripinfo_EastAveburyToWestA509.253 emissions_EastAveburyToWestA509.253,electric,1.04,0.0,0.0,0.0,0.0,0.0,0.0,0.0
EastAveburyToWestA509.273,2696.0,483_1,0.0,0.0,176.0,3688.0,774_1,29.75,12.34,992.0,2237.87,656.0,19,0.0,818.35,0,tripinfo_EastAveburyToWestA509.273 emissions_EastAveburyToWestA509.273,gasoline_euro4,0.95,130314.980849,2564403.046065,652.950332,58.486931,1137.167646,817969.200279,0.0
EastAveburyToWestA509.274,2699.0,483_1,0.0,0.0,170.0,3688.0,774_0,29.75,9.6,989.0,2237.39,640.0,20,0.0,775.4,0,tripinfo_EastAveburyToWestA509.274 emissions_EastAveburyToWestA509.274,gasoline_euro4,0.77,126567.951183,2465279.389659,633.898557,56.004653,1094.526445,786352.572648,0.0
EastAveburyToWestA509.266,2607.0,483_1,0.0,0.0,146.0,3693.0,774_1,29.75,12.03,1086.0,2237.39,746.0,20,0.0,898.01,0,tripinfo_EastAveburyToWestA509.266 emissions_EastAveburyToWestA509.266,electric,0.88,0.0,0.0,0.0,0.0,0.0,0.0,0.0
WestA509ToEastH6.61,2196.0,773_0,0.0,0.0,0.0,3702.0,522_0,56.88,11.53,1506.0,2755.12,1094.0,24,0.0,1289.06,0,tripinfo_WestA509ToEastH6.61 emissions_WestA509ToEastH6.61,gasoline_euro4,0.92,209134.748411,3942191.34972,1044.131134,91.683356,1760.25777,1257446.734079,0.0
WestA509ToEastH6.62,2232.0,773_0,0.0,0.0,0.0,3705.0,522_0,56.88,12.05,1473.0,2755.17,1049.0,24,0.0,1261.22,0,tripinfo_WestA509ToEastH6.62 emissions_WestA509ToEastH6.62,gasoline_euro4,0.94,201801.817696,3809085.817043,1007.484022,88.635978,1700.827093,1214989.632993,0.0
V6ToEastH6.299,3588.0,468_1,0.0,0.0,0.0,3708.0,522_1,56.88,12.79,120.0,1512.23,0.0,0,0.0,12.22,0,tripinfo_V6ToEastH6.299 emissions_V6ToEastH6.299,gasoline_euro4,1.01,3687.692236,356105.823262,24.188806,5.234348,135.308156,113581.578231,0.0
SouthEvansGateToSilbury.190,3420.0,526_0,0.0,0.0,0.0,3710.0,215_0,19.43,14.68,290.0,1471.74,138.0,5,0.0,190.43,0,tripinfo_SouthEvansGateToSilbury.190 emissions_SouthEvansGateToSilbury.190,gasoline_euro4,1.07,31346.463929,848427.430427,162.200568,17.625758,363.632294,270617.947507,0.0
SouthEvansGateToSilbury.189,3402.0,526_0,0.0,0.0,0.0,3711.0,215_1,19.43,12.74,309.0,1471.7,168.0,4,0.0,198.08,0,tripinfo_SouthEvansGateToSilbury.189 emissions_SouthEvansGateToSilbury.189,gasoline_euro4,0.96,34237.765314,857568.105625,175.646616,18.033906,368.982697,273534.896834,0.0
SouthEvansGateToSilbury.188,3384.0,526_0,0.0,0.0,0.0,3712.0,215_0,19.43,12.91,328.0,1471.76,173.0,5,0.0,222.93,0,tripinfo_SouthEvansGateToSilbury.188 emissions_SouthEvansGateToSilbury.188,gasoline_euro4,1.01,37014.72944,939194.209033,190.306742,19.894716,406.057777,299570.299047,0.0
SouthEvansGateToSilbury.191,3438.0,526_0,0.0,0.0,0.0,3713.0,215_1,19.43,13.43,275.0,1471.7,124.0,5,0.0,168.07,0,tripinfo_SouthEvansGateToSilbury.191 emissions_SouthEvansGateToSilbury.191,electric,1.0,0.0,0.0,0.0,0.0,0.0,0.0,0.0
EastA509ToH6.162,2916.0,770_0,0.0,0.0,0.0,3714.0,522_1,56.88,14.21,798.0,1445.01,587.0,9,0.0,690.01,0,tripinfo_EastA509ToH6.162 emissions_EastA509ToH6.162,gasoline_euro4,1.07,111286.286509,2113505.516153,555.99483,49.622698,946.302008,674146.980425,0.0
SouthEvansGateToSilbury.193,3474.0,526_0,0.0,0.0,0.0,3714.0,215_0,19.43,13.91,240.0,1471.76,102.0,3,0.0,139.11,0,tripinfo_SouthEvansGateToSilbury.193 emissions_SouthEvansGateToSilbury.193,gasoline_euro4,1.06,23937.705442,711486.380269,125.294362,14.416676,301.696645,226937.639822,0.0
WestA509ToEastH6.63,2268.0,773_0,0.0,0.0,0.0,3715.0,522_0,56.88,11.71,1447.0,2755.12,1003.0,21,0.0,1225.91,0,tripinfo_WestA509ToEastH6.63 emissions_WestA509ToEastH6.63,electric,0.9,0.0,0.0,0.0,0.0,0.0,0.0,0.0
SouthEvansGateToSilbury.192,3456.0,526_0,0.0,0.0,0.0,3715.0,215_1,19.43,12.61,259.0,1471.71,110.0,4,0.0,144.74,0,tripinfo_SouthEvansGateToSilbury.192 emissions_SouthEvansGateToSilbury.192,gasoline_euro4,0.93,25263.510932,715125.241425,131.549037,14.464254,304.081404,228099.071821,0.0
WestH6ToSaxonSt.172,2064.0,524_0,0.0,0.0,0.0,3745.0,771_1,56.88,14.21,1681.0,2555.04,1313.0,25,0.0,1505.42,0,tripinfo_WestH6ToSaxonSt.172 emissions_WestH6ToSaxonSt.172,gasoline_euro4,1.06,242602.045361,4421726.361899,1207.420523,104.774085,1984.370806,1410407.675109,0.0
EastSilburyToEastAvebury.48,1168.0,317_0,0.0,0.0,0.0,3752.0,213_0,19.13,14.89,2584.0,642.19,2342.0,40,0.0,2522.53,0,tripinfo_EastSilburyToEastAvebury.48 emissions_EastSilburyToEastAvebury.48,gasoline_euro4,1.09,410847.676997,6752240.370884,2029.261876,167.736795,3087.015847,2153793.45225,0.0
EastAveburyToWestA509.286,2870.0,483_1,0.0,0.0,239.0,3755.0,774_2,29.75,13.42,885.0,2237.39,574.0,20,0.0,725.0,0,tripinfo_EastAveburyToWestA509.286 emissions_EastAveburyToWestA509.286,gasoline_euro4,1.03,115036.55735,2342706.578648,577.74475,52.843117,1034.027686,747252.619844,0.0
WestA509ToAvebury.126,2270.0,773_0,0.0,0.0,2.0,3757.0,213_0,19.13,11.46,1487.0,2327.58,1096.0,28,0.0,1300.58,0,tripinfo_WestA509ToAvebury.126 emissions_WestA509ToAvebury.126,gasoline_euro4,0.91,208778.881591,3879116.232323,1041.280712,90.990323,1738.970486,1237328.469583,0.0
EastSilburyToEastAvebury.39,1024.0,317_0,0.0,0.0,0.0,3761.0,213_0,19.13,15.05,2737.0,680.89,2489.0,36,0.0,2692.1,0,tripinfo_EastSilburyToEastAvebury.39 emissions_EastSilburyToEastAvebury.39,gasoline_euro4,1.12,438108.528946,7195750.695279,2163.877687,178.805486,3290.469234,2295262.099052,0.0
WestA509ToAvebury.112,2019.0,773_0,0.0,0.0,3.0,3767.0,213_0,19.13,9.77,1748.0,2327.58,1322.0,29,0.0,1526.78,0,tripinfo_WestA509ToAvebury.112 emissions_WestA509ToAvebury.112,gasoline_euro4,0.77,250433.223803,4467999.697467,1244.862245,105.629615,2008.609053,1425171.052355,0.0
EastAveburyToWestA509.183,1755.0,483_1,0.0,0.0,0.0,3771.0,774_0,29.75,11.93,2016.0,2218.07,1706.0,22,0.0,1844.88,0,tripinfo_EastAveburyToWestA509.183 emissions_EastAveburyToWestA509.183,gasoline_euro4,0.94,302963.113707,5328381.071583,1504.02314,128.231757,2406.679866,1699609.790462,0.0
WestA509ToAvebury.128,2307.0,773_0,0.0,0.0,3.0,3771.0,213_0,19.13,12.94,1464.0,2327.58,1086.0,28,0.0,1285.4,0,tripinfo_WestA509ToAvebury.128 emissions_WestA509ToAvebury.128,gasoline_euro4,0.95,205946.399403,3841950.456566,1027.499956,90.229407,1722.872125,1225472.978056,0.0
EastAveburyToWestA509.284,2864.0,483_1,0.0,0.0,250.0,3772.0,774_2,29.75,15.52,908.0,2237.39,586.0,17,0.0,760.26,0,tripinfo_EastAveburyToWestA509.284 emissions_EastAveburyToWestA509.284,electric,1.12,0.0,0.0,0.0,0.0,0.0,0.0,0.0
EastAveburyToWestA509.287,2873.0,483_1,0.0,0.0,234.0,3773.0,774_1,29.75,11.88,900.0,2237.39,565.0,21,0.0,708.79,0,tripinfo_EastAveburyToWestA509.287 emissions_EastAveburyToWestA509.287,gasoline_euro4,0.86,114721.419933,2312720.63431,576.350942,52.165148,1023.295721,737688.717082,0.0
EastAveburyToWestA509.189,1806.0,483_1,0.0,0.0,0.0,3776.0,774_1,29.75,11.6,1970.0,2240.45,1607.0,32,0.0,1786.58,0,tripinfo_EastAveburyToWestA509.189 emissions_EastAveburyToWestA509.189,gasoline_euro4,0.9,291740.056353,5106751.634762,1447.849644,122.460229,2304.651218,1628917.320277,0.0
EastAveburyToWestA509.277,2776.0,483_1,0.0,0.0,222.0,3778.0,774_1,29.75,14.16,1002.0,2237.39,649.0,14,0.0,850.55,0,tripinfo_EastAveburyToWestA509.277 emissions_EastAveburyToWestA509.277,gasoline_euro4,1.1,131708.712392,2608738.482191,660.808292,60.140083,1163.215312,832109.493379,0.0
EastAveburyToWestA509.275,2769.0,483_1,0.0,0.0,232.0,3779.0,774_1,29.75,11.03,1010.0,2237.39,647.0,21,0.0,821.62,0,tripinfo_EastAveburyToWestA509.275 emissions_EastAveburyToWestA509.275,gasoline_euro4,0.88,129304.658634,2522155.881485,647.62947,57.488944,1119.884615,804494.281241,0.0
EastAveburyToWestA509.162,1577.0,483_1,0.0,0.0,0.0,3781.0,774_0,29.75,13.11,2204.0,2325.71,1808.0,32,0.0,2029.93,0,tripinfo_EastAveburyToWestA509.162 emissions_EastAveburyToWestA509.162,gasoline_euro4,0.98,330479.349904,5809667.593761,1640.417628,139.888394,2624.886481,1853127.152595,0.0
SouthEvansGateToSilbury.195,3510.0,526_0,0.0,0.0,0.0,3799.0,215_0,19.43,12.41,289.0,1471.73,152.0,4,0.0,180.21,0,tripinfo_SouthEvansGateToSilbury.195 emissions_SouthEvansGateToSilbury.195,electric,0.98,0.0,0.0,0.0,0.0,0.0,0.0,0.0
SouthEvansGateToSilbury.196,3528.0,526_0,0.0,0.0,0.0,3799.0,215_1,19.43,12.53,271.0,1471.71,123.0,4,0.0,155.03,0,tripinfo_SouthEvansGateToSilbury.196 emissions_SouthEvansGateToSilbury.196,electric,0.92,0.0,0.0,0.0,0.0,0.0,0.0,0.0
WestA509ToEastH6.64,2304.0,773_0,0.0,0.0,0.0,3800.0,522_1,56.88,13.99,1496.0,2755.17,1091.0,23,0.0,1302.97,0,tripinfo_WestA509ToEastH6.64 emissions_WestA509ToEastH6.64,gasoline_euro4,1.04,207605.15895,3946372.242675,1037.025391,91.979673,1762.736488,1258778.916388,0.0
EastA509ToH6.165,2970.0,770_0,0.0,0.0,0.0,3800.0,522_0,56.88,11.82,830.0,1483.64,608.0,13,0.0,704.0,0,tripinfo_EastA509ToH6.165 emissions_EastA509ToH6.165,gasoline_euro4,0.85,115499.289795,2192836.18827,577.162511,50.940539,979.538564,699451.781436,0.0
SouthEvansGateToSilbury.194,3492.0,526_0,0.0,0.0,0.0,3800.0,215_0,19.43,13.43,308.0,1471.73,149.0,6,0.0,203.73,0,tripinfo_SouthEvansGateToSilbury.194 emissions_SouthEvansGateToSilbury.194,gasoline_euro4,1.02,33231.232411,868859.742145,171.346033,18.330568,374.99356,277135.485441,0.0
SouthEvansGateToSilbury.197,3546.0,526_0,0.0,0.0,0.0,3801.0,215_1,19.43,13.07,255.0,1471.71,106.0,4,0.0,149.97,0,tripinfo_SouthEvansGateToSilbury.197 emissions_SouthEvansGateToSilbury.197,electric,1.02,0.0,0.0,0.0,0.0,0.0,0.0,0.0
WestH6ToSaxonSt.171,2052.0,524_0,0.0,0.0,0.0,3842.0,771_1,56.88,10.33,1790.0,2555.05,1378.0,27,0.0,1557.58,0,tripinfo_WestH6ToSaxonSt.171 emissions_WestH6ToSaxonSt.171,gasoline_euro4,0.8,253395.568409,4558609.71964,1260.398653,107.016939,2043.321065,1454072.806039,0.0
EastSilburyToEastAvebury.44,1104.0,317_0,0.0,0.0,0.0,3849.0,213_0,19.13,14.07,2745.0,669.68,2510.0,38,0.0,2682.29,0,tripinfo_EastSilburyToEastAvebury.44 emissions_EastSilburyToEastAvebury.44,electric,1.02,0.0,0.0,0.0,0.0,0.0,0.0,0.0
WestA509ToAvebury.98,1767.0,773_0,0.0,0.0,3.0,3853.0,213_0,19.13,12.0,2086.0,2323.29,1730.0,25,0.0,1899.79,0,tripinfo_WestA509ToAvebury.98 emissions_WestA509ToAvebury.98,gasoline_euro4,0.91,311333.597388,5434551.81591,1544.657937,130.538927,2453.397397,1733477.166621,0.0
WestA509ToAvebury.129,2322.0,773_0,0.0,0.0,0.0,3855.0,213_0,19.13,13.22,1533.0,2327.58,1150.0,27,0.0,1359.6,0,tripinfo_WestA509ToAvebury.129 emissions_WestA509ToAvebury.129,electric,0.98,0.0,0.0,0.0,0.0,0.0,0.0,0.0
WestA509ToAvebury.70,1260.0,773_0,0.0,0.0,0.0,3856.0,213_0,19.13,13.02,2596.0,2288.83,2201.0,33,0.0,2426.59,0,tripinfo_WestA509ToAvebury.70 emissions_WestA509ToAvebury.70,electric,0.98,0.0,0.0,0.0,0.0,0.0,0.0,0.0
EastAveburyToWestA509.292,2954.0,483_1,0.0,0.0,272.0,3858.0,774_2,29.75,12.74,904.0,2237.39,568.0,18,0.0,726.68,0,tripinfo_EastAveburyToWestA509.292 emissions_EastAveburyToWestA509.292,gasoline_euro4,0.93,114555.000876,2319866.751682,575.662335,52.495215,1027.726953,739967.550123,0.0
EastAveburyToWestA509.269,2683.0,483_1,0.0,0.0,197.0,3860.0,774_2,29.75,12.19,1177.0,2237.44,817.0,24,0.0,1000.76,0,tripinfo_EastAveburyToWestA509.269 emissions_EastAveburyToWestA509.269,electric,0.94,0.0,0.0,0.0,0.0,0.0,0.0,0.0
EastAveburyToWestA509.289,2945.0,483_1,0.0,0.0,289.0,3861.0,774_1,29.75,13.59,916.0,2241.03,572.0,15,0.0,757.66,0,tripinfo_EastAveburyToWestA509.289 emissions_EastAveburyToWestA509.289,gasoline_euro4,1.05,118238.901795,2372918.246988,593.784287,54.107613,1053.437935,756889.607742,0.0
EastAveburyToWestA509.295,2963.0,483_1,0.0,0.0,256.0,3862.0,774_2,29.75,14.88,899.0,2237.39,573.0,16,0.0,748.89,0,tripinfo_EastAveburyToWestA509.295 emissions_EastAveburyToWestA509.295,gasoline_euro4,1.11,116139.48148,2361662.581406,583.729444,53.553368,1045.760663,753298.782045,0.0
EastAveburyToWestA509.288,2876.0,483_1,0.0,0.0,228.0,3863.0,774_0,29.75,9.63,987.0,2237.39,628.0,21,0.0,767.7,0,tripinfo_EastAveburyToWestA509.288 emissions_EastAveburyToWestA509.288,gasoline_euro4,0.75,126742.03106,2487679.06463,635.180074,56.209654,1102.78385,793497.125233,0.0
EastAveburyToWestA509.294,2960.0,483_1,0.0,0.0,261.0,3864.0,774_1,29.75,11.0,904.0,2241.01,578.0,18,0.0,714.13,0,tripinfo_EastAveburyToWestA509.294 emissions_EastAveburyToWestA509.294,gasoline_euro4,0.87,116057.892751,2348948.996849,583.21909,53.054391,1039.669655,749244.115476,0.0
EastAveburyToWestA509.299,3043.0,483_1,0.0,0.0,302.0,3864.0,774_2,29.75,13.06,821.0,2237.39,487.0,16,0.0,649.02,0,tripinfo_EastAveburyToWestA509.299 emissions_EastAveburyToWestA509.299,electric,0.96,0.0,0.0,0.0,0.0,0.0,0.0,0.0
EastAveburyToWestA509.296,3033.0,483_1,0.0,0.0,317.0,3865.0,774_2,29.75,14.02,832.0,2237.39,501.0,15,0.0,679.11,0,tripinfo_EastAveburyToWestA509.296 emissions_EastAveburyToWestA509.296,electric,1.08,0.0,0.0,0.0,0.0,0.0,0.0,0.0
EastA509ToH6.166,2988.0,770_0,0.0,0.0,0.0,3876.0,522_0,56.88,13.35,888.0,1483.69,679.0,15,0.0,780.83,0,tripinfo_EastA509ToH6.166 emissions_EastA509ToH6.166,electric,1.01,0.0,0.0,0.0,0.0,0.0,0.0,0.0
EastA509ToH6.164,2952.0,770_0,0.0,0.0,0.0,3880.0,522_0,56.88,12.11,928.0,1483.64,699.0,15,0.0,812.32,0,tripinfo_EastA509ToH6.164 emissions_EastA509ToH6.164,electric,0.93,0.0,0.0,0.0,0.0,0.0,0.0,0.0
EastA509ToH6.167,3006.0,770_0,0.0,0.0,0.0,3882.0,522_0,56.88,13.67,876.0,1483.69,654.0,15,0.0,772.12,0,tripinfo_EastA509ToH6.167 emissions_EastA509ToH6.167,electric,1.04,0.0,0.0,0.0,0.0,0.0,0.0,0.0
EastA509ToH6.169,3042.0,770_0,0.0,0.0,0.0,3882.0,522_1,56.88,14.35,840.0,1483.69,627.0,14,0.0,742.35,0,tripinfo_EastA509ToH6.169 emissions_EastA509ToH6.169,electric,1.1,0.0,0.0,0.0,0.0,0.0,0.0,0.0
SouthEvansGateToSilbury.198,3564.0,526_0,0.0,0.0,0.0,3887.0,215_0,19.43,13.74,323.0,1471.76,186.0,4,0.0,217.78,0,tripinfo_SouthEvansGateToSilbury.198 emissions_SouthEvansGateToSilbury.198,gasoline_euro4,1.01,37245.306631,918254.147324,190.625935,19.445182,395.399759,292891.902566,0.0
SouthEvansGateToSilbury.199,3582.0,526_0,0.0,0.0,0.0,3888.0,215_1,19.43,11.33,306.0,1471.68,148.0,6,0.0,185.13,0,tripinfo_SouthEvansGateToSilbury.199 emissions_SouthEvansGateToSilbury.199,electric,0.88,0.0,0.0,0.0,0.0,0.0,0.0,0.0
WestH6ToSaxonSt.173,2076.0,524_0,0.0,0.0,0.0,3914.0,771_1,56.88,15.39,1838.0,2555.03,1474.0,28,0.0,1671.96,0,tripinfo_WestH6ToSaxonSt.173 emissions_WestH6ToSaxonSt.173,gasoline_euro4,1.12,269914.457441,4867006.038695,1341.964838,116.034171,2187.419569,1552440.545683,0.0
WestA509ToAvebury.130,2342.0,773_0,0.0,0.0,2.0,3933.0,213_0,19.13,13.28,1591.0,2327.58,1199.0,32,0.0,1426.04,0,tripinfo_WestA509ToAvebury.130 emissions_WestA509ToAvebury.130,electric,1.03,0.0,0.0,0.0,0.0,0.0,0.0,0.0
EastAveburyToWestA509.285,2867.0,483_1,0.0,0.0,245.0,3933.0,774_2,29.75,14.88,1066.0,2237.39,757.0,16,0.0,921.35,0,tripinfo_EastAveburyToWestA509.285 emissions_EastAveburyToWestA509.285,electric,1.14,0.0,0.0,0.0,0.0,0.0,0.0,0.0
WestA509ToAvebury.83,1494.0,773_0,0.0,0.0,0.0,3935.0,213_0,19.13,13.28,2441.0,2240.35,2101.0,23,0.0,2245.86,0,tripinfo_WestA509ToAvebury.83 emissions_WestA509ToAvebury.83,electric,1.05,0.0,0.0,0.0,0.0,0.0,0.0,0.0
EastAveburyToWestA509.171,1653.0,483_0,0.0,0.0,0.0,3936.0,774_0,29.75,12.36,2283.0,2247.93,1935.0,32,0.0,2113.68,0,tripinfo_EastAveburyToWestA509.171 emissions_EastAveburyToWestA509.171,electric,0.97,0.0,0.0,0.0,0.0,0.0,0.0,0.0
WestA509ToAvebury.133,2394.0,773_0,0.0,0.0,0.0,3937.0,213_0,19.13,13.13,1543.0,2327.58,1137.0,28,0.0,1369.02,0,tripinfo_WestA509ToAvebury.133 emissions_WestA509ToAvebury.133,gasoline_euro4,0.97,218017.339752,4011919.086592,1086.304679,94.815074,1802.432066,1279689.343596,0.0
EastSilburyToEastAvebury.71,1536.0,317_0,0.0,0.0,0.0,3940.0,213_0,19.13,12.8,2404.0,619.48,2184.0,28,0.0,2317.76,0,tripinfo_EastSilburyToEastAvebury.71 emissions_EastSilburyToEastAvebury.71,gasoline_euro4,0.96,378208.529438,6192452.836877,1867.487664,154.007491,2832.415925,1975236.110616,0.0
EastAveburyToWestA509.293,2957.0,483_1,0.0,0.0,267.0,3940.0,774_2,29.75,13.51,983.0,2237.39,636.0,18,0.0,820.23,0,tripinfo_EastAveburyToWestA509.293 emissions_EastAveburyToWestA509.293,electric,1.01,0.0,0.0,0.0,0.0,0.0,0.0,0.0
EastAveburyToWestA509.272,2692.0,483_1,0.0,0.0,180.0,3941.0,774_1,29.75,12.46,1249.0,2241.02,901.0,22,0.0,1079.71,0,tripinfo_EastAveburyToWestA509.272 emissions_EastAveburyToWestA509.272,electric,0.98,0.0,0.0,0.0,0.0,0.0,0.0,0.0
EastAveburyToWestA509.283,2860.0,483_1,0.0,0.0,255.0,3951.0,774_2,29.75,12.88,1091.0,2237.4,750.0,18,0.0,927.6,0,tripinfo_EastAveburyToWestA509.283 emissions_EastAveburyToWestA509.283,gasoline_euro4,1.01,147951.441391,2853548.029671,740.03595,65.872376,1270.980782,910198.875237,0.0
EastAveburyToWestA509.302,3052.0,483_1,0.0,0.0,285.0,3953.0,774_1,29.75,11.41,901.0,2237.39,572.0,19,0.0,709.8,0,tripinfo_EastAveburyToWestA509.302 emissions_EastAveburyToWestA509.302,electric,0.87,0.0,0.0,0.0,0.0,0.0,0.0,0.0
EastAveburyToWestA509.303,3121.0,483_1,0.0,0.0,346.0,3954.0,774_2,29.75,13.01,833.0,2237.39,506.0,20,0.0,660.44,0,tripinfo_EastAveburyToWestA509.303 emissions_EastAveburyToWestA509.303,gasoline_euro4,0.96,104796.59951,2170166.680128,527.823456,49.028164,960.699975,692216.344892,0.0
EastAveburyToWestA509.166,1611.0,483_1,0.0,0.0,0.0,3957.0,774_0,29.75,11.34,2346.0,2328.61,1951.0,31,0.0,2147.73,0,tripinfo_EastAveburyToWestA509.166 emissions_EastAveburyToWestA509.166,gasoline_euro4,0.88,351583.541356,6110758.546258,1743.892412,147.184122,2762.802065,1949169.491644,0.0
WestA509ToEastH6.66,2379.0,773_0,0.0,0.0,3.0,3962.0,522_0,56.88,13.97,1583.0,2755.12,1148.0,24,0.0,1393.14,0,tripinfo_WestA509ToEastH6.66 emissions_WestA509ToEastH6.66,gasoline_euro4,1.06,221117.647844,4164635.925183,1103.891527,97.681875,1864.328562,1328399.349217,0.0
WestA509ToEastH6.65,2340.0,773_0,0.0,0.0,0.0,3965.0,522_0,56.88,13.33,1625.0,2755.17,1187.0,27,0.0,1434.61,0,tripinfo_WestA509ToEastH6.65 emissions_WestA509ToEastH6.65,electric,1.05,0.0,0.0,0.0,0.0,0.0,0.0,0.0
WestA509ToEastH6.67,2412.0,773_0,0.0,0.0,0.0,3981.0,522_0,56.88,12.04,1569.0,2755.17,1124.0,27,0.0,1353.04,0,tripinfo_WestA509ToEastH6.67 emissions_WestA509ToEastH6.67,gasoline_euro4,0.93,216821.733846,4076160.686372,1082.167204,95.011571,1822.343824,1300179.177533,0.0
WestH6ToSaxonSt.175,2100.0,524_0,0.0,0.0,0.0,4010.0,771_1,56.88,11.41,1910.0,2555.04,1492.0,28,0.0,1695.96,0,tripinfo_WestH6ToSaxonSt.175 emissions_WestH6ToSaxonSt.175,gasoline_euro4,0.87,274500.997221,4900655.389676,1364.518327,116.227332,2203.74342,1563176.107994,0.0
WestA509ToAvebury.131,2358.0,773_0,0.0,0.0,0.0,4021.0,213_0,19.13,14.33,1663.0,2327.58,1257.0,31,0.0,1501.81,0,tripinfo_WestA509ToAvebury.131 emissions_WestA509ToAvebury.131,electric,1.05,0.0,0.0,0.0,0.0,0.0,0.0,0.0
WestA509ToAvebury.134,2415.0,773_0,0.0,0.0,3.0,4023.0,213_0,19.13,14.07,1608.0,2327.58,1208.0,27,0.0,1443.54,0,tripinfo_WestA509ToAvebury.134 emissions_WestA509ToAvebury.134,electric,1.03,0.0,0.0,0.0,0.0,0.0,0.0,0.0
WestA509ToAvebury.115,2070.0,773_0,0.0,0.0,0.0,4026.0,213_0,19.13,12.86,1956.0,2327.58,1542.0,34,0.0,1775.35,0,tripinfo_WestA509ToAvebury.115 emissions_WestA509ToAvebury.115,gasoline_euro4,0.94,288333.245984,5090444.788565,1431.697003,121.835442,2295.157397,1623714.581552,0.0
EastAveburyToWestA509.298,3039.0,483_1,0.0,0.0,306.0,4027.0,774_0,29.75,13.76,988.0,2241.02,628.0,18,0.0,820.88,0,tripinfo_EastAveburyToWestA509.298 emissions_EastAveburyToWestA509.298,gasoline_euro4,0.99,129663.827257,2589685.944344,650.943924,59.530317,1153.107167,826031.832853,0.0
EastAveburyToWestA509.265,2605.0,483_1,0.0,0.0,153.0,4028.0,774_1,29.75,16.9,1423.0,2241.03,1060.0,22,0.0,1294.83,0,tripinfo_EastAveburyToWestA509.265 emissions_EastAveburyToWestA509.265,electric,1.3,0.0,0.0,0.0,0.0,0.0,0.0,0.0
EastAveburyToWestA509.177,1704.0,483_1,0.0,0.0,0.0,4031.0,774_2,29.75,14.47,2327.0,2217.55,1972.0,33,0.0,2183.02,0,tripinfo_EastAveburyToWestA509.177 emissions_EastAveburyToWestA509.177,gasoline_euro4,1.13,355274.087333,6146548.914455,1761.338295,149.164896,2783.790977,1960585.495772,0.0
WestH6ToSaxonSt.174,2088.0,524_0,0.0,0.0,0.0,4031.0,771_0,56.88,8.39,1943.0,2555.04,1482.0,34,0.0,1668.43,0,tripinfo_WestH6ToSaxonSt.174 emissions_WestH6ToSaxonSt.174,electric,0.68,0.0,0.0,0.0,0.0,0.0,0.0,0.0
EastAveburyToWestA509.297,3036.0,483_1,0.0,0.0,312.0,4031.0,774_1,29.75,11.21,995.0,2237.39,640.0,21,0.0,799.93,0,tripinfo_EastAveburyToWestA509.297 emissions_EastAveburyToWestA509.297,gasoline_euro4,0.85,129232.18421,2538136.724251,647.673922,57.723851,1126.073991,809591.294643,0.0
EastAveburyToWestA509.305,3127.0,483_1,0.0,0.0,335.0,4033.0,774_2,29.75,13.62,906.0,2237.39,598.0,26,0.0,746.61,0,tripinfo_EastAveburyToWestA509.305 emissions_EastAveburyToWestA509.305,gasoline_euro4,1.04,119151.89457,2413513.077811,598.997943,55.409902,1073.391974,769837.061267,0.0
EastAveburyToWestA509.306,3130.0,483_1,0.0,0.0,329.0,4035.0,774_2,29.75,13.74,905.0,2237.39,601.0,22,0.0,741.32,0,tripinfo_EastAveburyToWestA509.306 emissions_EastAveburyToWestA509.306,gasoline_euro4,1.01,118909.174866,2401698.82087,597.348905,54.73217,1065.042878,766069.35401,0.0
EastAveburyToWestA509.308,3137.0,483_1,0.0,0.0,319.0,4035.0,774_1,29.75,11.35,898.0,2237.39,585.0,19,0.0,706.73,0,tripinfo_EastAveburyToWestA509.308 emissions_EastAveburyToWestA509.308,gasoline_euro4,0.87,114930.218425,2305088.355302,576.990961,52.151315,1020.440908,735254.487889,0.0
EastAveburyToWestA509.185,1772.0,483_1,0.0,0.0,0.0,4039.0,774_2,29.75,12.45,2267.0,2237.61,1916.0,26,0.0,2088.81,0,tripinfo_EastAveburyToWestA509.185 emissions_EastAveburyToWestA509.185,gasoline_euro4,0.92,341254.280847,5889172.725477,1691.671027,142.213242,2664.188899,1878490.672757,0.0
EastAveburyToWestA509.222,2087.0,483_1,0.0,0.0,0.0,4039.0,774_0,29.75,12.34,1952.0,2244.08,1572.0,24,0.0,1770.76,0,tripinfo_EastAveburyToWestA509.222 emissions_EastAveburyToWestA509.222,gasoline_euro4,0.92,287528.315421,5100305.318556,1428.369088,122.077041,2301.002872,1626858.868102,0.0
EastAveburyToWestA509.300,3046.0,483_1,0.0,0.0,296.0,4041.0,774_2,29.75,15.64,995.0,2237.39,642.0,16,0.0,860.82,0,tripinfo_EastAveburyToWestA509.300 emissions_EastAveburyToWestA509.300,electric,1.24,0.0,0.0,0.0,0.0,0.0,0.0,0.0
EastAveburyToWestA509.301,3049.0,483_1,0.0,0.0,291.0,4042.0,774_2,29.75,14.48,993.0,2237.38,648.0,17,0.0,835.6,0,tripinfo_EastAveburyToWestA509.301 emissions_EastAveburyToWestA509.301,gasoline_euro4,1.05,133110.53983,2670634.349409,668.408296,61.478903,1188.910618,851851.475102,0.0
EastAveburyToWestA509.155,1517.0,483_0,0.0,0.0,0.0,4043.0,774_0,29.75,13.29,2526.0,2247.92,2181.0,31,0.0,2366.81,0,tripinfo_EastAveburyToWestA509.155 emissions_EastAveburyToWestA509.155,gasoline_euro4,1.03,386116.993666,6645151.803307,1913.30107,161.60888,3011.857789,2119627.422855,0.0
EastAveburyToWestA509.154,1509.0,483_0,0.0,0.0,0.0,4048.0,774_0,29.75,12.73,2539.0,2264.9,2190.0,23,0.0,2362.6,0,tripinfo_EastAveburyToWestA509.154 emissions_EastAveburyToWestA509.154,gasoline_euro4,0.94,386224.729267,6650490.894921,1914.249423,161.294837,3012.741112,2121330.839805,0.0
WestA509ToEastH6.68,2448.0,773_0,0.0,0.0,0.0,4052.0,522_0,56.88,12.43,1604.0,2755.12,1146.0,25,0.0,1402.28,0,tripinfo_WestA509ToEastH6.68 emissions_WestA509ToEastH6.68,gasoline_euro4,0.99,223199.710226,4188123.251699,1113.696467,97.957995,1874.378446,1335891.903917,0.0
EastA509ToH6.170,3060.0,770_0,0.0,0.0,0.0,4052.0,522_1,56.88,13.94,992.0,1483.69,779.0,16,0.0,892.99,0,tripinfo_EastA509ToH6.170 emissions_EastA509ToH6.170,gasoline_euro4,1.09,144963.534118,2679599.085857,722.626688,63.568344,1204.194203,854716.12037,0.0
EastA509ToH6.168,3024.0,770_0,0.0,0.0,0.0,4055.0,522_0,56.88,16.82,1031.0,1483.69,842.0,13,0.0,943.8,0,tripinfo_EastA509ToH6.168 emissions_EastA509ToH6.168,electric,1.23,0.0,0.0,0.0,0.0,0.0,0.0,0.0
EastA509ToH6.171,3078.0,770_0,0.0,0.0,0.0,4070.0,522_0,56.88,11.68,992.0,1483.69,766.0,12,0.0,871.97,0,tripinfo_EastA509ToH6.171 emissions_EastA509ToH6.171,gasoline_euro4,0.9,141376.600852,2590780.029315,704.14702,60.885846,1161.032991,826386.802234,0.0
WestH6ToSaxonSt.177,2124.0,524_0,0.0,0.0,0.0,4094.0,771_1,56.88,13.45,1970.0,2547.61,1573.0,29,0.0,1793.39,0,tripinfo_WestH6ToSaxonSt.177 emissions_WestH6ToSaxonSt.177,gasoline_euro4,1.05,289566.994622,5147818.26739,1438.317572,122.860016,2316.139993,1642014.366267,0.0
WestH6ToSaxonSt.176,2112.0,524_0,0.0,0.0,0.0,4099.0,771_1,56.88,13.45,1987.0,2555.03,1574.0,33,0.0,1797.51,0,tripinfo_WestH6ToSaxonSt.176 emissions_WestH6ToSaxonSt.176,gasoline_euro4,0.98,290256.141778,5155469.371647,1441.809621,123.124042,2321.752517,1644454.881545,0.0
WestH6ToSaxonSt.187,2244.0,524_0,0.0,0.0,0.0,4101.0,771_1,56.88,15.1,1857.0,2546.33,1469.0,27,0.0,1694.23,0,tripinfo_WestH6ToSaxonSt.187 emissions_WestH6ToSaxonSt.187,gasoline_euro4,1.15,271869.257241,4884798.102396,1351.705004,116.838255,2199.832531,1558115.874608,0.0
EastAveburyToWestA509.316,3228.0,483_1,0.0,0.0,342.0,4102.0,774_2,29.75,15.92,874.0,2237.39,606.0,13,0.0,729.53,0,tripinfo_EastAveburyToWestA509.316 emissions_EastAveburyToWestA509.316,gasoline_euro4,1.15,117982.646464,2388613.169025,592.435762,54.685461,1057.381465,761895.06338,0.0
WestA509ToAvebury.137,2466.0,773_0,0.0,0.0,0.0,4109.0,213_0,19.13,13.33,1643.0,2327.58,1229.0,30,0.0,1478.1,0,tripinfo_WestA509ToAvebury.137 emissions_WestA509ToAvebury.137,electric,1.03,0.0,0.0,0.0,0.0,0.0,0.0,0.0
EastAveburyToWestA509.317,3298.0,483_1,0.0,0.0,404.0,4109.0,774_2,29.75,13.29,811.0,2240.54,543.0,12,0.0,646.14,0,tripinfo_EastAveburyToWestA509.317 emissions_EastAveburyToWestA509.317,electric,1.0,0.0,0.0,0.0,0.0,0.0,0.0,0.0
EastAveburyToWestA509.318,3301.0,483_1,0.0,0.0,398.0,4111.0,774_2,29.75,14.02,810.0,2237.39,538.0,13,0.0,652.18,0,tripinfo_EastAveburyToWestA509.318 emissions_EastAveburyToWestA509.318,gasoline_euro4,1.05,105647.262824,2191802.562526,531.85606,49.228572,965.638729,699117.877955,0.0
WestA509ToAvebury.118,2124.0,773_0,0.0,0.0,0.0,4112.0,213_0,19.13,11.92,1988.0,2327.58,1539.0,40,0.0,1793.04,0,tripinfo_WestA509ToAvebury.118 emissions_WestA509ToAvebury.118,electric,0.87,0.0,0.0,0.0,0.0,0.0,0.0,0.0
EastAveburyToWestA509.290,2948.0,483_1,0.0,0.0,283.0,4112.0,774_2,29.75,15.43,1164.0,2237.44,804.0,21,0.0,1023.51,0,tripinfo_EastAveburyToWestA509.290 emissions_EastAveburyToWestA509.290,electric,1.18,0.0,0.0,0.0,0.0,0.0,0.0,0.0
EastAveburyToWestA509.319,3304.0,483_1,0.0,0.0,393.0,4114.0,774_2,29.75,14.66,810.0,2237.39,533.0,13,0.0,661.69,0,tripinfo_EastAveburyToWestA509.319 emissions_EastAveburyToWestA509.319,electric,1.12,0.0,0.0,0.0,0.0,0.0,0.0,0.0
EastAveburyToWestA509.325,3388.0,483_1,0.0,0.0,426.0,4117.0,774_2,29.75,14.65,729.0,2237.39,437.0,16,0.0,572.32,0,tripinfo_EastAveburyToWestA509.325 emissions_EastAveburyToWestA509.325,electric,1.06,0.0,0.0,0.0,0.0,0.0,0.0,0.0
EastAveburyToWestA509.310,3209.0,483_1,0.0,0.0,374.0,4122.0,774_2,29.75,12.94,913.0,2237.39,595.0,18,0.0,748.89,0,tripinfo_EastAveburyToWestA509.310 emissions_EastAveburyToWestA509.310,gasoline_euro4,1.01,119177.486969,2386622.140906,598.166993,54.332822,1058.005471,761261.057167,0.0
EastAveburyToWestA509.320,3307.0,483_1,0.0,0.0,387.0,4123.0,774_2,29.75,13.79,816.0,2240.54,524.0,12,0.0,652.43,0,tripinfo_EastAveburyToWestA509.320 emissions_EastAveburyToWestA509.320,electric,1.01,0.0,0.0,0.0,0.0,0.0,0.0,0.0
EastAveburyToWestA509.313,3219.0,483_1,0.0,0.0,359.0,4129.0,774_1,29.75,12.74,910.0,2237.4,587.0,15,0.0,729.37,0,tripinfo_EastAveburyToWestA509.313 emissions_EastAveburyToWestA509.313,electric,0.92,0.0,0.0,0.0,0.0,0.0,0.0,0.0
EastAveburyToWestA509.156,1526.0,483_0,0.0,0.0,0.0,4132.0,774_0,29.75,12.8,2606.0,2264.87,2235.0,28,0.0,2441.16,0,tripinfo_EastAveburyToWestA509.156 emissions_EastAveburyToWestA509.156,gasoline_euro4,1.0,397891.495059,6840397.6124,1971.590628,166.246976,3100.469508,2181906.043672,0.0
EastAveburyToWestA509.326,3391.0,483_1,0.0,0.0,420.0,4139.0,774_0,29.75,11.0,748.0,2237.39,441.0,15,0.0,539.96,0,tripinfo_EastAveburyToWestA509.326 emissions_EastAveburyToWestA509.326,gasoline_euro4,0.79,89613.327098,1895828.028603,452.216316,41.271215,829.696527,604711.297381,0.0
EastA509ToH6.172,3096.0,770_0,0.0,0.0,0.0,4140.0,522_0,56.88,12.52,1044.0,1483.69,828.0,13,0.0,934.69,0,tripinfo_EastA509ToH6.172 emissions_EastA509ToH6.172,electric,0.98,0.0,0.0,0.0,0.0,0.0,0.0,0.0
WestA509ToEastH6.69,2484.0,773_0,0.0,0.0,0.0,4147.0,522_1,56.88,13.5,1663.0,2755.17,1204.0,30,0.0,1474.59,0,tripinfo_WestA509ToEastH6.69 emissions_WestA509ToEastH6.69,gasoline_euro4,1.06,235078.828094,4377000.962359,1172.529475,103.177531,1963.500571,1396138.792558,0.0
EastA509ToH6.174,3132.0,770_0,0.0,0.0,0.0,4149.0,522_0,56.88,10.34,1017.0,1483.64,784.0,13,0.0,888.72,0,tripinfo_EastA509ToH6.174 emissions_EastA509ToH6.174,gasoline_euro4,0.84,145435.892557,2642545.999512,724.050949,62.231441,1185.693665,842899.335436,0.0
EastA509ToH6.176,3168.0,770_0,0.0,0.0,0.0,4151.0,522_0,56.88,14.5,983.0,1483.69,781.0,8,0.0,884.36,0,tripinfo_EastA509ToH6.176 emissions_EastA509ToH6.176,gasoline_euro4,1.09,142596.815126,2622646.571676,710.369832,62.23412,1178.207476,836550.333287,0.0
EastA509ToH6.173,3114.0,770_0,0.0,0.0,0.0,4158.0,522_1,56.88,13.7,1044.0,1483.69,840.0,8,0.0,943.28,0,tripinfo_EastA509ToH6.173 emissions_EastA509ToH6.173,electric,1.06,0.0,0.0,0.0,0.0,0.0,0.0,0.0
EastA509ToH6.175,3150.0,770_0,0.0,0.0,0.0,4164.0,522_0,56.88,9.43,1014.0,1483.64,783.0,10,0.0,872.82,0,tripinfo_EastA509ToH6.175 emissions_EastA509ToH6.175,electric,0.76,0.0,0.0,0.0,0.0,0.0,0.0,0.0
WestH6ToSaxonSt.178,2136.0,524_0,0.0,0.0,0.0,4176.0,771_1,56.88,14.67,2040.0,2555.03,1678.0,26,0.0,1870.23,0,tripinfo_WestH6ToSaxonSt.178 emissions_WestH6ToSaxonSt.178,electric,1.1,0.0,0.0,0.0,0.0,0.0,0.0,0.0
EastAveburyToWestA509.259,2521.0,483_1,0.0,0.0,120.0,4201.0,774_1,29.75,13.92,1680.0,2244.08,1290.0,28,0.0,1527.12,0,tripinfo_EastAveburyToWestA509.259 emissions_EastAveburyToWestA509.259,gasoline_euro4,1.08,244307.265474,4420210.182005,1215.514076,105.469746,1990.903506,1409924.231076,0.0
EastAveburyToWestA509.331,3473.0,483_1,0.0,0.0,460.0,4204.0,774_1,29.75,13.69,731.0,2241.03,428.0,13,0.0,575.63,0,tripinfo_EastAveburyToWestA509.331 emissions_EastAveburyToWestA509.331,electric,1.07,0.0,0.0,0.0,0.0,0.0,0.0,0.0
EastAveburyToWestA509.328,3397.0,483_1,0.0,0.0,409.0,4205.0,774_1,29.75,11.76,808.0,2237.39,495.0,15,0.0,619.78,0,tripinfo_EastAveburyToWestA509.328 emissions_EastAveburyToWestA509.328,gasoline_euro4,0.88,100453.120192,2072767.5067,505.840328,46.495822,915.722984,661149.620038,0.0
EastAveburyToWestA509.304,3124.0,483_1,0.0,0.0,340.0,4206.0,774_2,29.75,15.25,1082.0,2237.39,769.0,20,0.0,934.43,0,tripinfo_EastAveburyToWestA509.304 emissions_EastAveburyToWestA509.304,gasoline_euro4,1.12,147012.532285,2850896.118852,735.962201,66.21906,1272.609643,909352.021402,0.0
EastAveburyToWestA509.187,1789.0,483_1,0.0,0.0,0.0,4208.0,774_1,29.75,13.42,2419.0,2217.55,2049.0,27,0.0,2251.31,0,tripinfo_EastAveburyToWestA509.187 emissions_EastAveburyToWestA509.187,gasoline_euro4,0.97,366158.385614,6302564.979569,1814.815769,153.008022,2856.36501,2010351.570236,0.0
EastAveburyToWestA509.321,3310.0,483_1,0.0,0.0,382.0,4209.0,774_2,29.75,13.19,899.0,2237.39,592.0,15,0.0,736.09,0,tripinfo_EastAveburyToWestA509.321 emissions_EastAveburyToWestA509.321,gasoline_euro4,1.02,117554.944293,2375845.487421,590.294372,54.000159,1051.97347,757823.038472,0.0
EastAveburyToWestA509.322,3314.0,483_1,0.0,0.0,377.0,4211.0,774_2,29.75,16.56,897.0,2237.39,610.0,15,0.0,759.47,0,tripinfo_EastAveburyToWestA509.322 emissions_EastAveburyToWestA509.322,electric,1.21,0.0,0.0,0.0,0.0,0.0,0.0,0.0
EastAveburyToWestA509.270,2687.0,483_1,0.0,0.0,192.0,4213.0,774_1,29.75,11.3,1526.0,2240.46,1145.0,25,0.0,1340.95,0,tripinfo_EastAveburyToWestA509.270 emissions_EastAveburyToWestA509.270,electric,0.89,0.0,0.0,0.0,0.0,0.0,0.0,0.0
EastAveburyToWestA509.324,3385.0,483_1,0.0,0.0,431.0,4215.0,774_1,29.75,13.86,830.0,2241.02,506.0,18,0.0,675.98,0,tripinfo_EastAveburyToWestA509.324 emissions_EastAveburyToWestA509.324,gasoline_euro4,1.07,105818.153123,2198296.819868,533.092644,49.89981,973.832363,701188.54439,0.0
EastAveburyToWestA509.338,3561.0,483_1,0.0,0.0,488.0,4216.0,774_2,29.75,13.42,655.0,2237.39,362.0,14,0.0,490.81,0,tripinfo_EastAveburyToWestA509.338 emissions_EastAveburyToWestA509.338,gasoline_euro4,1.01,77685.365113,1735384.220474,394.041686,38.049281,759.327129,553531.637008,0.0
EastAveburyToWestA509.330,3403.0,483_1,0.0,0.0,398.0,4218.0,774_0,29.75,10.86,815.0,2237.87,494.0,20,0.0,620.05,0,tripinfo_EastAveburyToWestA509.330 emissions_EastAveburyToWestA509.330,gasoline_euro4,0.85,101104.085985,2083790.651326,508.911094,46.073534,915.624021,664666.556062,0.0
EastAveburyToWestA509.334,3482.0,483_1,0.0,0.0,443.0,4222.0,774_1,29.75,11.84,740.0,2237.4,415.0,16,0.0,555.26,0,tripinfo_EastAveburyToWestA509.334 emissions_EastAveburyToWestA509.334,electric,0.9,0.0,0.0,0.0,0.0,0.0,0.0,0.0
EastA509ToH6.177,3186.0,770_0,0.0,0.0,0.0,4225.0,522_0,56.88,14.2,1039.0,1483.69,836.0,11,0.0,939.22,0,tripinfo_EastA509ToH6.177 emissions_EastA509ToH6.177,electric,1.07,0.0,0.0,0.0,0.0,0.0,0.0,0.0
EastA509ToH6.180,3240.0,770_0,0.0,0.0,0.0,4227.0,522_0,56.88,15.15,987.0,1483.69,781.0,9,0.0,892.13,0,tripinfo_EastA509ToH6.180 emissions_EastA509ToH6.180,gasoline_euro4,1.13,143211.616129,2636964.197464,713.645643,62.670152,1185.335308,841117.049484,0.0
EastA509ToH6.163,2934.0,770_0,0.0,0.0,0.0,4235.0,522_0,56.88,12.22,1301.0,1483.75,1076.0,11,0.0,1183.75,0,tripinfo_EastA509ToH6.163 emissions_EastA509ToH6.163,electric,0.91,0.0,0.0,0.0,0.0,0.0,0.0,0.0
EastA509ToH6.181,3258.0,770_0,0.0,0.0,0.0,4235.0,522_1,56.88,12.85,977.0,1483.69,759.0,10,0.0,871.07,0,tripinfo_EastA509ToH6.181 emissions_EastA509ToH6.181,electric,1.01,0.0,0.0,0.0,0.0,0.0,0.0,0.0
EastA509ToH6.183,3294.0,770_0,0.0,0.0,0.0,4238.0,522_0,56.88,13.03,944.0,1483.69,731.0,10,0.0,834.1,0,tripinfo_EastA509ToH6.183 emissions_EastA509ToH6.183,gasoline_euro4,0.98,134266.336572,2482634.585586,669.277421,58.563994,1113.824602,791890.379005,0.0
EastA509ToH6.185,3330.0,770_0,0.0,0.0,0.0,4238.0,522_1,56.88,16.38,908.0,1483.69,711.0,10,0.0,819.18,0,tripinfo_EastA509ToH6.185 emissions_EastA509ToH6.185,gasoline_euro4,1.21,132649.78087,2507150.451761,662.593687,59.427457,1125.865066,799708.071735,0.0
EastA509ToH6.184,3312.0,770_0,0.0,0.0,0.0,4242.0,522_0,56.88,13.46,930.0,1483.69,727.0,9,0.0,822.41,0,tripinfo_EastA509ToH6.184 emissions_EastA509ToH6.184,gasoline_euro4,0.99,133594.225868,2470839.745201,666.011555,58.238384,1108.219427,788128.203042,0.0
EastA509ToH6.186,3348.0,770_0,0.0,0.0,0.0,4245.0,522_0,56.88,13.54,897.0,1483.69,680.0,10,0.0,787.33,0,tripinfo_EastA509ToH6.186 emissions_EastA509ToH6.186,gasoline_euro4,0.98,127354.026459,2369677.791611,635.310758,55.780544,1062.552929,755859.985783,0.0
EastA509ToH6.187,3366.0,770_0,0.0,0.0,0.0,4251.0,522_0,56.88,12.07,885.0,1483.69,675.0,9,0.0,762.17,0,tripinfo_EastA509ToH6.187 emissions_EastA509ToH6.187,gasoline_euro4,0.88,123476.134501,2302825.560726,616.020874,53.783929,1030.03259,734536.325655,0.0
WestH6ToSaxonSt.180,2160.0,524_0,0.0,0.0,0.0,4261.0,771_1,56.88,15.93,2101.0,2555.04,1712.0,30,0.0,1950.2,0,tripinfo_WestH6ToSaxonSt.180 emissions_WestH6ToSaxonSt.180,electric,1.24,0.0,0.0,0.0,0.0,0.0,0.0,0.0
EastAveburyToWestA509.335,3485.0,483_1,0.0,0.0,438.0,4277.0,774_2,29.75,15.9,792.0,2237.39,473.0,13,0.0,650.23,0,tripinfo_EastAveburyToWestA509.335 emissions_EastAveburyToWestA509.335,gasoline_euro4,1.16,99688.251777,2075701.574569,502.17543,46.800313,916.629491,662084.706955,0.0
WestA509ToAvebury.139,2502.0,773_0,0.0,0.0,0.0,4283.0,213_0,19.13,14.27,1781.0,2328.43,1397.0,28,0.0,1620.71,0,tripinfo_WestA509ToAvebury.139 emissions_WestA509ToAvebury.139,electric,1.06,0.0,0.0,0.0,0.0,0.0,0.0,0.0
EastAveburyToWestA509.336,3488.0,483_1,0.0,0.0,432.0,4283.0,774_2,29.75,14.55,795.0,2237.4,475.0,16,0.0,642.79,0,tripinfo_EastAveburyToWestA509.336 emissions_EastAveburyToWestA509.336,gasoline_euro4,1.09,100329.474034,2098839.632865,505.51916,47.440144,926.841292,669464.605044,0.0
EastAveburyToWestA509.341,3571.0,483_1,0.0,0.0,473.0,4289.0,774_2,29.75,14.05,718.0,2237.39,419.0,18,0.0,554.15,0,tripinfo_EastAveburyToWestA509.341 emissions_EastAveburyToWestA509.341,electric,1.01,0.0,0.0,0.0,0.0,0.0,0.0,0.0
EastAveburyToWestA509.323,3317.0,483_1,0.0,0.0,372.0,4290.0,774_0,29.75,12.15,973.0,2241.03,652.0,15,0.0,799.72,0,tripinfo_EastAveburyToWestA509.323 emissions_EastAveburyToWestA509.323,electric,0.96,0.0,0.0,0.0,0.0,0.0,0.0,0.0
EastAveburyToWestA509.345,3649.0,483_1,0.0,0.0,517.0,4290.0,774_2,29.75,14.45,641.0,2237.39,338.0,14,0.0,486.43,0,tripinfo_EastAveburyToWestA509.345 emissions_EastAveburyToWestA509.345,gasoline_euro4,1.07,75843.676473,1723132.990227,385.408462,37.814005,754.692765,549622.986632,0.0
EastAveburyToWestA509.314,3222.0,483_1,0.0,0.0,353.0,4291.0,774_1,29.75,13.71,1069.0,2241.02,742.0,16,0.0,906.59,0,tripinfo_EastAveburyToWestA509.314 emissions_EastAveburyToWestA509.314,gasoline_euro4,1.02,144707.255273,2825238.952925,724.773813,65.314567,1258.855158,901167.879578,0.0
EastAveburyToWestA509.339,3565.0,483_1,0.0,0.0,484.0,4299.0,774_2,29.75,14.07,734.0,2237.39,400.0,15,0.0,580.74,0,tripinfo_EastAveburyToWestA509.339 emissions_EastAveburyToWestA509.339,electric,1.08,0.0,0.0,0.0,0.0,0.0,0.0,0.0
EastAveburyToWestA509.344,3580.0,483_1,0.0,0.0,456.0,4299.0,774_1,29.75,12.29,719.0,2237.39,406.0,15,0.0,536.75,0,tripinfo_EastAveburyToWestA509.344 emissions_EastAveburyToWestA509.344,gasoline_euro4,0.91,86181.027713,1853448.019555,435.328918,40.668589,811.943265,591192.152581,0.0
EastAveburyToWestA509.348,3659.0,483_1,0.0,0.0,501.0,4300.0,774_2,29.75,13.69,641.0,2237.39,369.0,10,0.0,488.15,0,tripinfo_EastAveburyToWestA509.348 emissions_EastAveburyToWestA509.348,gasoline_euro4,1.08,77899.676624,1767821.714528,395.869502,39.165406,776.245749,563876.885919,0.0
EastAveburyToWestA509.343,3577.0,483_1,0.0,0.0,462.0,4306.0,774_1,29.75,11.84,729.0,2240.54,409.0,16,0.0,541.79,0,tripinfo_EastAveburyToWestA509.343 emissions_EastAveburyToWestA509.343,gasoline_euro4,0.89,87148.798568,1902954.183337,441.151484,41.977791,835.658131,606981.952869,0.0
EastAveburyToWestA509.340,3567.0,483_1,0.0,0.0,477.0,4307.0,774_2,29.75,12.19,740.0,2237.39,411.0,20,0.0,558.98,0,tripinfo_EastAveburyToWestA509.340 emissions_EastAveburyToWestA509.340,gasoline_euro4,0.92,88551.236252,1894412.626704,447.247344,41.748187,831.38248,604258.658299,0.0
EastAveburyToWestA509.157,1534.0,483_0,0.0,0.0,0.0,4317.0,774_0,29.75,9.45,2783.0,2247.95,2372.0,25,0.0,2563.48,0,tripinfo_EastAveburyToWestA509.157 emissions_EastAveburyToWestA509.157,gasoline_euro4,0.75,421709.622599,7167134.558219,2088.119954,173.614916,3248.239614,2286130.066009,0.0
EastA509ToH6.182,3276.0,770_0,0.0,0.0,0.0,4318.0,522_0,56.88,12.8,1042.0,1443.25,849.0,8,0.0,931.03,0,tripinfo_EastA509ToH6.182 emissions_EastA509ToH6.182,gasoline_euro4,0.94,151968.579044,2743245.666675,756.000685,65.202387,1234.02162,875019.706562,0.0
EastA509ToH6.191,3438.0,770_0,0.0,0.0,0.0,4318.0,522_1,56.88,14.28,880.0,1483.69,675.0,11,0.0,783.49,0,tripinfo_EastA509ToH6.191 emissions_EastA509ToH6.191,gasoline_euro4,1.11,126565.748538,2377468.557973,631.738971,56.218926,1066.972452,758343.937697,0.0
EastA509ToH6.193,3474.0,770_0,0.0,0.0,0.0,4324.0,522_0,56.88,12.75,850.0,1483.69,632.0,12,0.0,739.42,0,tripinfo_EastA509ToH6.193 emissions_EastA509ToH6.193,electric,0.97,0.0,0.0,0.0,0.0,0.0,0.0,0.0
EastA509ToH6.195,3510.0,770_0,0.0,0.0,0.0,4329.0,522_1,56.88,14.69,819.0,1483.69,600.0,11,0.0,719.38,0,tripinfo_EastA509ToH6.195 emissions_EastA509ToH6.195,electric,1.08,0.0,0.0,0.0,0.0,0.0,0.0,0.0
EastA509ToH6.194,3492.0,770_0,0.0,0.0,0.0,4332.0,522_0,56.88,11.46,840.0,1483.64,613.0,11,0.0,715.16,0,tripinfo_EastA509ToH6.194 emissions_EastA509ToH6.194,electric,0.86,0.0,0.0,0.0,0.0,0.0,0.0,0.0
EastA509ToH6.179,3222.0,770_0,0.0,0.0,0.0,4334.0,522_0,56.88,12.48,1112.0,1483.69,887.0,12,0.0,995.57,0,tripinfo_EastA509ToH6.179 emissions_EastA509ToH6.179,electric,0.92,0.0,0.0,0.0,0.0,0.0,0.0,0.0
WestH6ToSaxonSt.179,2148.0,524_0,0.0,0.0,0.0,4360.0,771_1,56.88,11.92,2212.0,2555.05,1788.0,32,0.0,2006.97,0,tripinfo_WestH6ToSaxonSt.179 emissions_WestH6ToSaxonSt.179,gasoline_euro4,0.91,324697.41927,5713384.252171,1611.902973,136.795069,2576.772271,1822416.097155,0.0
WestA509ToAvebury.120,2163.0,773_0,0.0,0.0,3.0,4369.0,213_0,19.13,14.41,2206.0,2327.58,1732.0,46,0.0,2045.14,0,tripinfo_WestA509ToAvebury.120 emissions_WestA509ToAvebury.120,electric,1.06,0.0,0.0,0.0,0.0,0.0,0.0,0.0
WestA509ToAvebury.122,2199.0,773_0,0.0,0.0,3.0,4372.0,213_0,19.13,11.69,2173.0,2327.58,1708.0,39,0.0,1988.91,0,tripinfo_WestA509ToAvebury.122 emissions_WestA509ToAvebury.122,gasoline_euro4,0.92,322266.639277,5656022.735279,1599.520392,135.69521,2553.737349,1804119.43332,0.0
EastAveburyToWestA509.346,3653.0,483_1,0.0,0.0,512.0,4374.0,774_1,29.75,12.44,721.0,2237.39,398.0,12,0.0,552.44,0,tripinfo_EastAveburyToWestA509.346 emissions_EastAveburyToWestA509.346,electric,0.98,0.0,0.0,0.0,0.0,0.0,0.0,0.0
EastAveburyToWestA509.212,2002.0,483_1,0.0,0.0,0.0,4378.0,774_1,29.75,11.68,2376.0,2217.56,2009.0,30,0.0,2202.25,0,tripinfo_EastAveburyToWestA509.212 emissions_EastAveburyToWestA509.212,gasoline_euro4,0.93,359232.753171,6196433.69149,1780.543018,149.775928,2803.80663,1976498.757428,0.0
WestA509ToAvebury.141,2538.0,773_0,0.0,0.0,0.0,4379.0,213_0,19.13,11.32,1841.0,2275.76,1437.0,26,0.0,1654.08,0,tripinfo_WestA509ToAvebury.141 emissions_WestA509ToAvebury.141,electric,0.89,0.0,0.0,0.0,0.0,0.0,0.0,0.0
WestA509ToAvebury.127,2286.0,773_0,0.0,0.0,0.0,4380.0,213_0,19.13,12.55,2094.0,2327.58,1637.0,35,0.0,1922.01,0,tripinfo_WestA509ToAvebury.127 emissions_WestA509ToAvebury.127,gasoline_euro4,0.98,308438.693146,5457050.274036,1532.108852,131.161978,2466.151758,1740650.631559,0.0
WestA509ToAvebury.89,1602.0,773_0,0.0,0.0,0.0,4382.0,213_0,19.13,13.91,2780.0,2240.35,2439.0,22,0.0,2589.62,0,tripinfo_WestA509ToAvebury.89 emissions_WestA509ToAvebury.89,electric,1.03,0.0,0.0,0.0,0.0,0.0,0.0,0.0
EastSilburyToEastAvebury.45,1120.0,317_0,0.0,0.0,0.0,4384.0,213_0,19.13,13.37,3264.0,680.89,2976.0,53,0.0,3213.17,0,tripinfo_EastSilburyToEastAvebury.45 emissions_EastSilburyToEastAvebury.45,electric,1.0,0.0,0.0,0.0,0.0,0.0,0.0,0.0
EastAveburyToWestA509.347,3656.0,483_1,0.0,0.0,507.0,4384.0,774_2,29.75,13.08,728.0,2237.39,412.0,10,0.0,553.18,0,tripinfo_EastAveburyToWestA509.347 emissions_EastAveburyToWestA509.347,gasoline_euro4,0.95,88355.271005,1917091.887408,447.085625,42.58244,843.830443,611491.447516,0.0
EastAveburyToWestA509.350,3665.0,483_1,0.0,0.0,490.0,4386.0,774_1,29.75,10.69,721.0,2240.55,427.0,15,0.0,524.85,0,tripinfo_EastAveburyToWestA509.350 emissions_EastAveburyToWestA509.350,gasoline_euro4,0.85,86072.093808,1846342.490075,434.951845,40.232906,807.42434,588926.179324,0.0
EastAveburyToWestA509.357,3752.0,483_1,0.0,0.0,518.0,4386.0,774_2,29.75,13.27,634.0,2237.39,365.0,17,0.0,469.28,0,tripinfo_EastAveburyToWestA509.357 emissions_EastAveburyToWestA509.357,gasoline_euro4,1.01,76701.158988,1735238.012176,389.468701,38.195497,759.880906,553484.212453,0.0
EastAveburyToWestA509.352,3737.0,483_1,0.0,0.0,545.0,4388.0,774_2,29.75,14.52,651.0,2240.55,357.0,13,0.0,494.31,0,tripinfo_EastAveburyToWestA509.352 emissions_EastAveburyToWestA509.352,electric,1.06,0.0,0.0,0.0,0.0,0.0,0.0,0.0
EastAveburyToWestA509.349,3662.0,483_1,0.0,0.0,496.0,4391.0,774_2,29.75,12.81,729.0,2237.39,415.0,12,0.0,558.71,0,tripinfo_EastAveburyToWestA509.349 emissions_EastAveburyToWestA509.349,gasoline_euro4,0.97,88908.697587,1925473.485587,449.457559,42.347816,844.062988,614165.507883,0.0
EastAveburyToWestA509.354,3743.0,483_1,0.0,0.0,534.0,4391.0,774_1,29.75,11.72,648.0,2237.39,347.0,13,0.0,466.11,0,tripinfo_EastAveburyToWestA509.354 emissions_EastAveburyToWestA509.354,electric,0.91,0.0,0.0,0.0,0.0,0.0,0.0,0.0
EastAveburyToWestA509.213,2010.0,483_1,0.0,0.0,0.0,4392.0,774_1,29.75,14.03,2382.0,2240.76,1986.0,30,0.0,2247.88,0,tripinfo_EastAveburyToWestA509.213 emissions_EastAveburyToWestA509.213,gasoline_euro4,1.22,360426.27462,6255642.437996,1787.756582,151.966946,2836.639684,1995382.408609,0.0
EastAveburyToWestA509.167,1619.0,483_0,0.0,0.0,0.0,4394.0,774_0,29.75,12.82,2775.0,2264.88,2377.0,31,0.0,2606.84,0,tripinfo_EastAveburyToWestA509.167 emissions_EastAveburyToWestA509.167,gasoline_euro4,0.99,425288.225366,7276450.412711,2106.63529,176.781298,3297.389211,2320996.787847,0.0
EastAveburyToWestA509.360,3828.0,483_1,0.0,0.0,568.0,4398.0,774_1,29.75,11.41,570.0,2237.39,292.0,14,0.0,380.67,0,tripinfo_EastAveburyToWestA509.360 emissions_EastAveburyToWestA509.360,electric,0.88,0.0,0.0,0.0,0.0,0.0,0.0,0.0
WestA509ToEastH6.71,2556.0,773_0,0.0,0.0,0.0,4408.0,522_0,56.88,12.74,1852.0,2755.12,1401.0,24,0.0,1652.79,0,tripinfo_WestA509ToEastH6.71 emissions_WestA509ToEastH6.71,gasoline_euro4,1.0,263561.60963,4829637.941223,1312.737545,114.302069,2170.135875,1540519.223373,0.0
WestH6ToSaxonSt.183,2196.0,524_0,0.0,0.0,0.0,4450.0,771_1,56.88,11.4,2254.0,2555.03,1824.0,34,0.0,2040.12,0,tripinfo_WestH6ToSaxonSt.183 emissions_WestH6ToSaxonSt.183,gasoline_euro4,0.87,331312.304244,5825884.536108,1644.853111,139.464709,2628.050708,1858300.810675,0.0
WestH6ToSaxonSt.184,2208.0,524_0,0.0,0.0,0.0,4452.0,771_1,56.88,13.91,2244.0,2554.99,1818.0,34,0.0,2057.44,0,tripinfo_WestH6ToSaxonSt.184 emissions_WestH6ToSaxonSt.184,electric,1.0,0.0,0.0,0.0,0.0,0.0,0.0,0.0
WestH6ToSaxonSt.181,2172.0,524_0,0.0,0.0,0.0,4455.0,771_1,56.88,10.92,2283.0,2555.04,1831.0,31,0.0,2067.49,0,tripinfo_WestH6ToSaxonSt.181 emissions_WestH6ToSaxonSt.181,gasoline_euro4,0.86,334477.133573,5875228.741596,1660.682144,141.060685,2654.092728,1874039.966307,0.0
WestH6ToSaxonSt.182,2184.0,524_0,0.0,0.0,0.0,4457.0,771_1,56.88,10.94,2273.0,2555.04,1832.0,34,0.0,2054.66,0,tripinfo_WestH6ToSaxonSt.182 emissions_WestH6ToSaxonSt.182,electric,0.85,0.0,0.0,0.0,0.0,0.0,0.0,0.0
WestA509ToAvebury.143,2574.0,773_0,0.0,0.0,0.0,4457.0,213_0,19.13,15.31,1883.0,2327.58,1465.0,30,0.0,1731.21,0,tripinfo_WestA509ToAvebury.143 emissions_WestA509ToAvebury.143,electric,1.12,0.0,0.0,0.0,0.0,0.0,0.0,0.0
EastAveburyToWestA509.342,3574.0,483_1,0.0,0.0,467.0,4457.0,774_1,29.75,15.45,883.0,2241.02,554.0,20,0.0,738.67,0,tripinfo_EastAveburyToWestA509.342 emissions_EastAveburyToWestA509.342,gasoline_euro4,1.15,115831.141221,2387725.738273,583.018625,54.645668,1060.313544,761610.55596,0.0
EastAveburyToWestA509.353,3741.0,483_1,0.0,0.0,541.0,4457.0,774_2,29.75,14.25,716.0,2237.39,421.0,13,0.0,564.32,0,tripinfo_EastAveburyToWestA509.353 emissions_EastAveburyToWestA509.353,electric,1.09,0.0,0.0,0.0,0.0,0.0,0.0,0.0
WestA509ToAvebury.109,1962.0,773_0,0.0,0.0,0.0,4459.0,213_0,19.13,12.67,2497.0,2316.57,2158.0,23,0.0,2285.28,0,tripinfo_WestA509ToAvebury.109 emissions_WestA509ToAvebury.109,gasoline_euro4,0.99,373597.602733,6425822.643602,1851.43983,156.109266,2912.016365,2049667.586236,0.0
WestH6ToSaxonSt.186,2232.0,524_0,0.0,0.0,0.0,4459.0,771_1,56.88,13.84,2227.0,2555.03,1811.0,32,0.0,2065.4,0,tripinfo_WestH6ToSaxonSt.186 emissions_WestH6ToSaxonSt.186,electric,1.15,0.0,0.0,0.0,0.0,0.0,0.0,0.0
EastAveburyToWestA509.311,3212.0,483_1,0.0,0.0,369.0,4460.0,774_2,29.75,13.99,1248.0,2237.44,952.0,20,0.0,1092.87,0,tripinfo_EastAveburyToWestA509.311 emissions_EastAveburyToWestA509.311,gasoline_euro4,1.06,178023.21914,3349416.134614,888.672705,78.746976,1500.37632,1068367.56288,0.0
WestH6ToSaxonSt.185,2220.0,524_0,0.0,0.0,0.0,4461.0,771_1,56.88,15.93,2241.0,2555.05,1801.0,34,0.0,2088.37,0,tripinfo_WestH6ToSaxonSt.185 emissions_WestH6ToSaxonSt.185,gasoline_euro4,1.22,332087.241133,5914578.072954,1650.885145,142.768068,2676.384096,1886587.516279,0.0
WestA509ToAvebury.142,2559.0,773_0,0.0,0.0,3.0,4461.0,213_0,19.13,14.33,1902.0,2328.43,1472.0,38,0.0,1747.58,0,tripinfo_WestA509ToAvebury.142 emissions_WestA509ToAvebury.142,gasoline_euro4,1.1,276848.582714,4981126.522585,1377.040126,119.087078,2246.261944,1588841.643319,0.0
EastAveburyToWestA509.329,3400.0,483_1,0.0,0.0,404.0,4467.0,774_1,29.75,16.1,1067.0,2237.39,772.0,16,0.0,927.42,0,tripinfo_EastAveburyToWestA509.329 emissions_EastAveburyToWestA509.329,electric,1.19,0.0,0.0,0.0,0.0,0.0,0.0,0.0
EastAveburyToWestA509.291,2951.0,483_1,0.0,0.0,278.0,4469.0,774_2,29.75,14.99,1518.0,2240.61,1169.0,25,0.0,1374.52,0,tripinfo_EastAveburyToWestA509.291 emissions_EastAveburyToWestA509.291,electric,1.15,0.0,0.0,0.0,0.0,0.0,0.0,0.0
EastAveburyToWestA509.327,3394.0,483_1,0.0,0.0,415.0,4470.0,774_1,29.75,11.75,1076.0,2237.39,735.0,15,0.0,894.69,0,tripinfo_EastAveburyToWestA509.327 emissions_EastAveburyToWestA509.327,gasoline_euro4,0.91,142978.445078,2757300.471883,715.436299,63.446877,1228.1426,879498.898741,0.0
WestA509ToAvebury.99,1782.0,773_0,0.0,0.0,0.0,4471.0,213_0,19.13,12.58,2689.0,2323.29,2320.0,38,0.0,2502.73,0,tripinfo_WestA509ToAvebury.99 emissions_WestA509ToAvebury.99,gasoline_euro4,0.91,409194.363871,6997417.061195,2026.822321,169.7474,3169.962709,2231992.899181,0.0
WestA509ToAvebury.144,2595.0,773_0,0.0,0.0,3.0,4473.0,213_0,19.13,11.57,1878.0,2327.58,1443.0,38,0.0,1693.73,0,tripinfo_WestA509ToAvebury.144 emissions_WestA509ToAvebury.144,gasoline_euro4,0.92,270392.736175,4858670.366267,1344.74078,115.528506,2188.295515,1549782.421659,0.0
EastAveburyToWestA509.367,3915.0,483_1,0.0,0.0,596.0,4474.0,774_2,29.75,13.56,559.0,2237.44,301.0,9,0.0,391.63,0,tripinfo_EastAveburyToWestA509.367 emissions_EastAveburyToWestA509.367,gasoline_euro4,0.99,64269.974603,1499073.143553,327.418395,32.266607,651.270517,478154.953212,0.0
EastAveburyToWestA509.252,2435.0,483_1,0.0,0.0,93.0,4482.0,774_0,29.75,11.72,2047.0,2237.93,1689.0,28,0.0,1858.59,0,tripinfo_EastAveburyToWestA509.252 emissions_EastAveburyToWestA509.252,electric,0.88,0.0,0.0,0.0,0.0,0.0,0.0,0.0
EastAveburyToWestA509.307,3134.0,483_1,0.0,0.0,325.0,4490.0,774_0,29.75,10.82,1356.0,2240.45,939.0,31,0.0,1148.06,0,tripinfo_EastAveburyToWestA509.307 emissions_EastAveburyToWestA509.307,electric,0.8,0.0,0.0,0.0,0.0,0.0,0.0,0.0
EastAveburyToWestA509.362,3834.0,483_1,0.0,0.0,557.0,4497.0,774_0,29.75,9.84,663.0,2237.87,325.0,11,0.0,437.32,0,tripinfo_EastAveburyToWestA509.362 emissions_EastAveburyToWestA509.362,electric,0.73,0.0,0.0,0.0,0.0,0.0,0.0,0.0
WestA509ToEastH6.73,2628.0,773_0,0.0,0.0,0.0,4500.0,522_0,56.88,14.2,1872.0,2755.17,1406.0,29,0.0,1680.81,0,tripinfo_WestA509ToEastH6.73 emissions_WestA509ToEastH6.73,gasoline_euro4,1.04,266740.108759,4894179.35825,1328.530029,115.731586,2197.478077,1561106.046395,0.0
EastAveburyToWestA509.369,3921.0,483_1,0.0,0.0,585.0,4543.0,774_2,29.75,14.62,622.0,2237.39,365.0,16,0.0,475.09,0,tripinfo_EastAveburyToWestA509.369 emissions_EastAveburyToWestA509.369,electric,1.13,0.0,0.0,0.0,0.0,0.0,0.0,0.0
WestA509ToAvebury.113,2034.0,773_0,0.0,0.0,0.0,4544.0,213_0,19.13,15.69,2510.0,2328.48,2120.0,32,0.0,2366.77,0,tripinfo_WestA509ToAvebury.113 emissions_WestA509ToAvebury.113,electric,1.19,0.0,0.0,0.0,0.0,0.0,0.0,0.0
WestA509ToAvebury.65,1170.0,773_0,0.0,0.0,0.0,4547.0,213_0,19.13,13.96,3377.0,2227.91,2976.0,33,0.0,3148.13,0,tripinfo_WestA509ToAvebury.65 emissions_WestA509ToAvebury.65,electric,1.06,0.0,0.0,0.0,0.0,0.0,0.0,0.0
EastAveburyToWestA509.309,3140.0,483_1,0.0,0.0,314.0,4548.0,774_2,29.75,14.45,1408.0,2240.44,994.0,30,0.0,1252.05,0,tripinfo_EastAveburyToWestA509.309 emissions_EastAveburyToWestA509.309,gasoline_euro4,1.06,197705.520416,3650362.309925,985.312575,85.810054,1636.440723,1164363.044207,0.0
EastAveburyToWestA509.361,3831.0,483_1,0.0,0.0,563.0,4552.0,774_1,29.75,12.59,721.0,2237.39,438.0,16,0.0,554.4,0,tripinfo_EastAveburyToWestA509.361 emissions_EastAveburyToWestA509.361,electric,0.99,0.0,0.0,0.0,0.0,0.0,0.0,0.0
EastAveburyToWestA509.363,3837.0,483_1,0.0,0.0,552.0,4553.0,774_2,29.75,15.54,716.0,2237.39,363.0,14,0.0,568.41,0,tripinfo_EastAveburyToWestA509.363 emissions_EastAveburyToWestA509.363,electric,1.12,0.0,0.0,0.0,0.0,0.0,0.0,0.0
WestA509ToAvebury.147,2646.0,773_0,0.0,0.0,0.0,4554.0,213_0,19.13,12.48,1908.0,2327.58,1440.0,38,0.0,1729.48,0,tripinfo_WestA509ToAvebury.147 emissions_WestA509ToAvebury.147,electric,0.95,0.0,0.0,0.0,0.0,0.0,0.0,0.0
WestA509ToAvebury.146,2631.0,773_0,0.0,0.0,3.0,4555.0,213_0,19.13,14.47,1924.0,2327.58,1476.0,36,0.0,1780.26,0,tripinfo_WestA509ToAvebury.146 emissions_WestA509ToAvebury.146,gasoline_euro4,1.18,280617.831948,5068004.769886,1396.507438,121.290309,2287.185022,1616552.578415,0.0
EastAveburyToWestA509.364,3840.0,483_1,0.0,0.0,546.0,4555.0,774_2,29.75,14.38,715.0,2237.39,406.0,15,0.0,558.95,0,tripinfo_EastAveburyToWestA509.364 emissions_EastAveburyToWestA509.364,electric,1.06,0.0,0.0,0.0,0.0,0.0,0.0,0.0
WestA509ToAvebury.135,2430.0,773_0,0.0,0.0,0.0,4557.0,213_0,19.13,15.61,2127.0,2327.58,1654.0,41,0.0,1976.71,0,tripinfo_WestA509ToAvebury.135 emissions_WestA509ToAvebury.135,gasoline_euro4,1.13,315140.826393,5590242.438859,1565.63262,134.394939,2526.050716,1783134.746471,0.0
EastAveburyToWestA509.371,3927.0,483_1,0.0,0.0,574.0,4561.0,774_1,29.75,12.82,634.0,2237.39,361.0,21,0.0,461.09,0,tripinfo_EastAveburyToWestA509.371 emissions_EastAveburyToWestA509.371,gasoline_euro4,0.96,75538.264628,1677317.994547,382.696464,36.456409,730.901503,535011.089424,0.0
EastAveburyToWestA509.315,3225.0,483_1,0.0,0.0,348.0,4562.0,774_2,29.75,14.97,1337.0,2237.44,1007.0,23,0.0,1189.4,0,tripinfo_EastAveburyToWestA509.315 emissions_EastAveburyToWestA509.315,gasoline_euro4,1.13,190918.919834,3560993.1066,952.163451,83.905278,1595.912511,1135855.360092,0.0
EastAveburyToWestA509.366,3910.0,483_1,0.0,0.0,599.0,4565.0,774_0,29.75,13.12,655.0,2241.07,353.0,9,0.0,481.28,0,tripinfo_EastAveburyToWestA509.366 emissions_EastAveburyToWestA509.366,electric,0.95,0.0,0.0,0.0,0.0,0.0,0.0,0.0
EastAveburyToWestA509.368,3918.0,483_1,0.0,0.0,590.0,4565.0,774_2,29.75,12.52,647.0,2237.39,328.0,13,0.0,476.36,0,tripinfo_EastAveburyToWestA509.368 emissions_EastAveburyToWestA509.368,electric,0.97,0.0,0.0,0.0,0.0,0.0,0.0,0.0
EastAveburyToWestA509.374,4004.0,483_1,0.0,0.0,625.0,4567.0,774_2,29.75,13.31,563.0,2237.38,274.0,13,0.0,402.1,0,tripinfo_EastAveburyToWestA509.374 emissions_EastAveburyToWestA509.374,electric,1.03,0.0,0.0,0.0,0.0,0.0,0.0,0.0
EastAveburyToWestA509.372,3930.0,483_1,0.0,0.0,568.0,4571.0,774_1,29.75,12.24,641.0,2237.39,359.0,16,0.0,459.14,0,tripinfo_EastAveburyToWestA509.372 emissions_EastAveburyToWestA509.372,electric,0.91,0.0,0.0,0.0,0.0,0.0,0.0,0.0
WestA509ToEastH6.74,2667.0,773_0,0.0,0.0,3.0,4584.0,522_0,56.88,13.41,1917.0,2755.17,1421.0,32,0.0,1722.86,0,tripinfo_WestA509ToEastH6.74 emissions_WestA509ToEastH6.74,gasoline_euro4,1.03,272739.732447,5009743.322687,1358.818503,118.543674,2251.443119,1597967.373952,0.0
WestH6ToSaxonSt.189,2268.0,524_0,0.0,0.0,0.0,4618.0,771_1,56.88,14.51,2350.0,2555.04,1928.0,33,0.0,2180.86,0,tripinfo_WestH6ToSaxonSt.189 emissions_WestH6ToSaxonSt.189,gasoline_euro4,1.1,351343.688402,6162494.595745,1743.454519,148.540982,2783.23764,1965669.820963,0.0
WestH6ToSaxonSt.188,2256.0,524_0,0.0,0.0,0.0,4622.0,771_1,56.88,13.83,2366.0,2555.03,1926.0,38,0.0,2189.78,0,tripinfo_WestH6ToSaxonSt.188 emissions_WestH6ToSaxonSt.188,gasoline_euro4,1.05,353322.355387,6207132.624602,1753.533917,149.427015,2803.187929,1979907.955985,0.0
EastAveburyToWestA509.356,3749.0,483_1,0.0,0.0,523.0,4632.0,774_2,29.75,14.25,883.0,2237.39,554.0,22,0.0,731.56,0,tripinfo_EastAveburyToWestA509.356 emissions_EastAveburyToWestA509.356,gasoline_euro4,1.09,115595.284207,2325103.254793,580.522139,53.215918,1032.151584,741637.749442,0.0
EastAveburyToWestA509.377,4013.0,483_1,0.0,0.0,609.0,4637.0,774_2,29.75,13.22,624.0,2237.44,353.0,10,0.0,464.62,0,tripinfo_EastAveburyToWestA509.377 emissions_EastAveburyToWestA509.377,electric,1.04,0.0,0.0,0.0,0.0,0.0,0.0,0.0
EastAveburyToWestA509.370,3924.0,483_1,0.0,0.0,579.0,4639.0,774_1,29.75,13.24,715.0,2240.54,432.0,19,0.0,548.93,0,tripinfo_EastAveburyToWestA509.370 emissions_EastAveburyToWestA509.370,gasoline_euro4,0.99,88441.056572,1880488.327019,446.184697,41.841447,825.594815,599817.226158,0.0
EastAveburyToWestA509.365,3843.0,483_1,0.0,0.0,541.0,4644.0,774_1,29.75,12.29,801.0,2237.44,493.0,16,0.0,627.09,0,tripinfo_EastAveburyToWestA509.365 emissions_EastAveburyToWestA509.365,electric,0.95,0.0,0.0,0.0,0.0,0.0,0.0,0.0
EastAveburyToWestA509.242,2337.0,483_1,0.0,0.0,80.0,4645.0,774_2,29.75,14.04,2308.0,2237.44,1951.0,24,0.0,2151.09,0,tripinfo_EastAveburyToWestA509.242 emissions_EastAveburyToWestA509.242,electric,1.06,0.0,0.0,0.0,0.0,0.0,0.0,0.0
EastAveburyToWestA509.380,4088.0,483_1,0.0,0.0,658.0,4648.0,774_2,29.75,13.95,560.0,2237.39,315.0,13,0.0,398.32,0,tripinfo_EastAveburyToWestA509.380 emissions_EastAveburyToWestA509.380,electric,1.02,0.0,0.0,0.0,0.0,0.0,0.0,0.0
EastAveburyToWestA509.312,3216.0,483_1,0.0,0.0,364.0,4654.0,774_1,29.75,13.0,1438.0,2244.08,1023.0,33,0.0,1273.62,0,tripinfo_EastAveburyToWestA509.312 emissions_EastAveburyToWestA509.312,gasoline_euro4,1.01,203849.558232,3765982.290883,1016.060643,89.168356,1692.467195,1201241.752831,0.0
EastAveburyToWestA509.241,2335.0,483_1,0.0,0.0,87.0,4657.0,774_2,29.75,11.8,2322.0,2237.44,1969.0,23,0.0,2145.55,0,tripinfo_EastAveburyToWestA509.241 emissions_EastAveburyToWestA509.241,electric,0.94,0.0,0.0,0.0,0.0,0.0,0.0,0.0
EastAveburyToWestA509.351,3668.0,483_1,0.0,0.0,485.0,4657.0,774_1,29.75,10.68,989.0,2240.53,635.0,22,0.0,792.03,0,tripinfo_EastAveburyToWestA509.351 emissions_EastAveburyToWestA509.351,gasoline_euro4,0.84,128094.825885,2490288.916806,641.406342,56.596044,1104.549956,794330.12069,0.0
EastAveburyToWestA509.381,4091.0,483_1,0.0,0.0,653.0,4659.0,774_2,29.75,13.92,568.0,2237.44,313.0,14,0.0,416.55,0,tripinfo_EastAveburyToWestA509.381 emissions_EastAveburyToWestA509.381,gasoline_euro4,1.09,66610.470024,1551672.773863,339.294593,33.709513,676.243986,494932.202071,0.0
EastAveburyToWestA509.375,4007.0,483_1,0.0,0.0,620.0,4661.0,774_1,29.75,12.06,654.0,2237.4,361.0,14,0.0,473.07,0,tripinfo_EastAveburyToWestA509.375 emissions_EastAveburyToWestA509.375,electric,0.92,0.0,0.0,0.0,0.0,0.0,0.0,0.0
WestA509ToEastH6.75,2703.0,773_0,0.0,0.0,3.0,4673.0,522_1,56.88,13.41,1970.0,2755.12,1534.0,24,0.0,1763.67,0,tripinfo_WestA509ToEastH6.75 emissions_WestA509ToEastH6.75,electric,0.97,0.0,0.0,0.0,0.0,0.0,0.0,0.0
EastA509ToH6.197,3546.0,770_0,0.0,0.0,0.0,4674.0,522_0,56.88,11.76,1128.0,1483.64,890.0,18,0.0,1001.94,0,tripinfo_EastA509ToH6.197 emissions_EastA509ToH6.197,gasoline_euro4,0.85,164266.860778,2974558.73156,817.654961,70.487428,1338.188785,948802.030848,0.0
WestA509ToEastH6.76,2736.0,773_0,0.0,0.0,0.0,4675.0,522_1,56.88,13.79,1939.0,2755.17,1466.0,26,0.0,1741.36,0,tripinfo_WestA509ToEastH6.76 emissions_WestA509ToEastH6.76,electric,1.01,0.0,0.0,0.0,0.0,0.0,0.0,0.0
WestA509ToEastH6.77,2772.0,773_0,0.0,0.0,0.0,4676.0,522_0,56.88,14.35,1904.0,2755.17,1483.0,21,0.0,1723.64,0,tripinfo_WestA509ToEastH6.77 emissions_WestA509ToEastH6.77,gasoline_euro4,1.11,274395.623994,5030903.550981,1366.867657,119.465399,2262.209463,1604716.785726,0.0
WestA509ToEastH6.78,2811.0,773_0,0.0,0.0,3.0,4678.0,522_0,56.88,14.69,1867.0,2755.17,1431.0,23,0.0,1680.9,0,tripinfo_WestA509ToEastH6.78 emissions_WestA509ToEastH6.78,gasoline_euro4,1.07,267403.725524,4916575.793613,1331.94533,116.378852,2208.618511,1568249.322217,0.0
EastA509ToH6.199,3582.0,770_0,0.0,0.0,0.0,4684.0,522_0,56.88,12.43,1102.0,1483.69,891.0,11,0.0,986.09,0,tripinfo_EastA509ToH6.199 emissions_EastA509ToH6.199,electric,0.92,0.0,0.0,0.0,0.0,0.0,0.0,0.0
EastA509ToH6.198,3564.0,770_0,0.0,0.0,0.0,4685.0,522_1,56.88,15.0,1121.0,1483.69,925.0,10,0.0,1023.42,0,tripinfo_EastA509ToH6.198 emissions_EastA509ToH6.198,electric,1.1,0.0,0.0,0.0,0.0,0.0,0.0,0.0
EastA509ToH6.189,3402.0,770_0,0.0,0.0,0.0,4689.0,522_0,56.88,10.52,1287.0,1443.25,1084.0,10,0.0,1161.8,0,tripinfo_EastA509ToH6.189 emissions_EastA509ToH6.189,gasoline_euro4,0.83,190770.040577,3365684.701331,947.541322,80.63458,1519.327189,1073562.569964,0.0
EastA509ToH6.196,3528.0,770_0,0.0,0.0,0.0,4689.0,522_1,56.88,14.12,1161.0,1483.69,953.0,11,0.0,1061.57,0,tripinfo_EastA509ToH6.196 emissions_EastA509ToH6.196,gasoline_euro4,1.08,172261.342117,3126403.550687,857.426065,74.830074,1410.347815,997235.246453,0.0
WestH6ToSaxonSt.190,2280.0,524_0,0.0,0.0,0.0,4707.0,771_1,56.88,13.87,2427.0,2555.04,1974.0,36,0.0,2245.32,0,tripinfo_WestH6ToSaxonSt.190 emissions_WestH6ToSaxonSt.190,gasoline_euro4,1.03,362660.788941,6333420.08232,1799.323197,152.82658,2863.128921,2020191.238504,0.0
WestH6ToSaxonSt.191,2292.0,524_0,0.0,0.0,0.0,4711.0,771_1,56.88,13.46,2419.0,2555.04,1993.0,34,0.0,2235.82,0,tripinfo_WestH6ToSaxonSt.191 emissions_WestH6ToSaxonSt.191,gasoline_euro4,1.01,361131.927435,6312145.375323,1791.709651,152.045168,2850.847803,2013405.346584,0.0
WestA509ToAvebury.102,1839.0,773_0,0.0,0.0,3.0,4720.0,213_0,19.13,13.6,2881.0,2311.23,2529.0,30,0.0,2722.06,0,tripinfo_WestA509ToAvebury.102 emissions_WestA509ToAvebury.102,gasoline_euro4,1.06,443329.375533,7615710.61592,2196.74444,185.513786,3454.727627,2429210.116757,0.0
EastAveburyToWestA509.238,2260.0,483_1,0.0,0.0,37.0,4722.0,774_2,29.75,14.53,2462.0,2237.44,2137.0,28,0.0,2305.42,0,tripinfo_EastAveburyToWestA509.238 emissions_EastAveburyToWestA509.238,gasoline_euro4,1.06,379290.138574,6543104.313211,1879.922641,158.894644,2963.546055,2087076.707841,0.0
WestA509ToAvebury.149,2682.0,773_0,0.0,0.0,0.0,4723.0,213_0,19.13,14.41,2041.0,2327.58,1632.0,31,0.0,1883.23,0,tripinfo_WestA509ToAvebury.149 emissions_WestA509ToAvebury.149,gasoline_euro4,1.08,301644.913766,5379532.276866,1499.36964,129.3065,2430.818155,1715922.96068,0.0
EastAveburyToWestA509.244,2343.0,483_1,0.0,0.0,69.0,4725.0,774_2,29.75,14.28,2382.0,2237.43,2016.0,24,0.0,2222.07,0,tripinfo_EastAveburyToWestA509.244 emissions_EastAveburyToWestA509.244,gasoline_euro4,1.04,363503.813644,6337101.45468,1803.562386,153.723284,2871.316596,2021364.927355,0.0
WestA509ToAvebury.156,2808.0,773_0,0.0,0.0,0.0,4726.0,213_0,19.13,12.82,1918.0,2327.58,1496.0,22,0.0,1738.73,0,tripinfo_WestA509ToAvebury.156 emissions_WestA509ToAvebury.156,gasoline_euro4,0.94,279687.055695,5032226.879063,1391.19962,119.857807,2267.52891,1605141.732421,0.0
WestA509ToAvebury.124,2235.0,773_0,0.0,0.0,3.0,4728.0,213_0,19.13,13.8,2493.0,2327.63,2017.0,43,0.0,2325.89,0,tripinfo_WestA509ToAvebury.124 emissions_WestA509ToAvebury.124,electric,1.01,0.0,0.0,0.0,0.0,0.0,0.0,0.0
EastAveburyToWestA509.387,4177.0,483_1,0.0,0.0,688.0,4728.0,774_2,29.75,14.3,551.0,2237.39,321.0,8,0.0,396.1,0,tripinfo_EastAveburyToWestA509.387 emissions_EastAveburyToWestA509.387,electric,1.07,0.0,0.0,0.0,0.0,0.0,0.0,0.0
WestA509ToAvebury.157,2826.0,773_0,0.0,0.0,0.0,4730.0,213_0,19.13,14.42,1904.0,2327.58,1490.0,25,0.0,1748.45,0,tripinfo_WestA509ToAvebury.157 emissions_WestA509ToAvebury.157,gasoline_euro4,1.09,278540.454405,5033821.099158,1385.925609,120.228036,2269.64385,1605649.074023,0.0
EastAveburyToWestA509.386,4106.0,483_1,0.0,0.0,625.0,4730.0,774_2,29.75,15.32,624.0,2237.44,390.0,9,0.0,479.0,0,tripinfo_EastAveburyToWestA509.386 emissions_EastAveburyToWestA509.386,gasoline_euro4,1.15,78765.727013,1776431.859469,399.752653,39.677107,780.116822,566623.23851,0.0
EastAveburyToWestA509.373,4000.0,483_1,0.0,0.0,630.0,4732.0,774_0,29.75,12.42,732.0,2241.08,434.0,16,0.0,551.47,0,tripinfo_EastAveburyToWestA509.373 emissions_EastAveburyToWestA509.373,gasoline_euro4,0.92,90307.911342,1911322.464956,455.606413,42.157837,838.13255,609653.018444,0.0
EastAveburyToWestA509.379,4019.0,483_1,0.0,0.0,598.0,4737.0,774_1,29.75,11.99,718.0,2237.4,420.0,15,0.0,542.16,0,tripinfo_EastAveburyToWestA509.379 emissions_EastAveburyToWestA509.379,electric,0.94,0.0,0.0,0.0,0.0,0.0,0.0,0.0
EastAveburyToWestA509.376,4010.0,483_1,0.0,0.0,614.0,4739.0,774_2,29.75,12.42,729.0,2240.59,422.0,13,0.0,557.83,0,tripinfo_EastAveburyToWestA509.376 emissions_EastAveburyToWestA509.376,electric,0.97,0.0,0.0,0.0,0.0,0.0,0.0,0.0
EastAveburyToWestA509.378,4016.0,483_1,0.0,0.0,603.0,4739.0,774_1,29.75,14.77,723.0,2241.02,426.0,15,0.0,569.31,0,tripinfo_EastAveburyToWestA509.378 emissions_EastAveburyToWestA509.378,gasoline_euro4,1.08,91061.900178,1963327.61186,460.05668,44.069887,864.445692,626239.085318,0.0
EastAveburyToWestA509.385,4103.0,483_1,0.0,0.0,631.0,4742.0,774_2,29.75,14.25,639.0,2237.39,387.0,10,0.0,482.67,0,tripinfo_EastAveburyToWestA509.385 emissions_EastAveburyToWestA509.385,gasoline_euro4,1.06,77785.978957,1707180.593027,393.790561,37.60819,747.185399,544536.312802,0.0
EastAveburyToWestA509.384,4100.0,483_1,0.0,0.0,636.0,4746.0,774_0,29.75,10.59,646.0,2237.39,375.0,12,0.0,445.56,0,tripinfo_EastAveburyToWestA509.384 emissions_EastAveburyToWestA509.384,gasoline_euro4,0.82,75071.352434,1631093.163621,379.795511,35.049722,709.666659,520268.283488,0.0
EastAveburyToWestA509.397,4274.0,483_1,0.0,0.0,700.0,4747.0,774_2,29.75,12.23,473.0,2237.39,207.0,9,0.0,293.69,0,tripinfo_EastAveburyToWestA509.397 emissions_EastAveburyToWestA509.397,gasoline_euro4,0.92,47877.502597,1213090.111376,246.242954,24.987635,520.979766,386934.383588,0.0
EastAveburyToWestA509.383,4097.0,483_1,0.0,0.0,642.0,4749.0,774_1,29.75,11.51,652.0,2240.54,338.0,14,0.0,472.34,0,tripinfo_EastAveburyToWestA509.383 emissions_EastAveburyToWestA509.383,electric,0.92,0.0,0.0,0.0,0.0,0.0,0.0,0.0
EastAveburyToWestA509.389,4183.0,483_1,0.0,0.0,677.0,4754.0,774_0,29.75,10.8,571.0,2237.39,292.0,10,0.0,368.76,0,tripinfo_EastAveburyToWestA509.389 emissions_EastAveburyToWestA509.389,gasoline_euro4,0.82,62388.816866,1436398.371047,317.447625,29.899566,618.67058,458165.401194,0.0
WestA509ToEastH6.79,2847.0,773_0,0.0,0.0,3.0,4767.0,522_0,56.88,14.43,1920.0,2755.17,1489.0,23,0.0,1734.59,0,tripinfo_WestA509ToEastH6.79 emissions_WestA509ToEastH6.79,electric,1.08,0.0,0.0,0.0,0.0,0.0,0.0,0.0
WestH6ToSaxonSt.192,2304.0,524_0,0.0,0.0,0.0,4798.0,771_1,56.88,12.96,2494.0,2555.04,2049.0,35,0.0,2296.5,0,tripinfo_WestH6ToSaxonSt.192 emissions_WestH6ToSaxonSt.192,electric,0.94,0.0,0.0,0.0,0.0,0.0,0.0,0.0
EastAveburyToWestA509.358,3755.0,483_1,0.0,0.0,512.0,4808.0,774_2,29.75,15.18,1053.0,2237.38,737.0,25,0.0,902.11,0,tripinfo_EastAveburyToWestA509.358 emissions_EastAveburyToWestA509.358,gasoline_euro4,1.1,143626.864893,2784869.071047,718.713951,64.669555,1240.564157,888291.460701,0.0
WestA509ToAvebury.100,1803.0,773_0,0.0,0.0,3.0,4810.0,213_0,19.13,11.25,3007.0,2323.29,2631.0,42,0.0,2814.53,0,tripinfo_WestA509ToAvebury.100 emissions_WestA509ToAvebury.100,gasoline_euro4,0.88,460482.641716,7813052.94873,2279.764254,190.230454,3544.950946,2492160.848104,0.0
WestA509ToAvebury.151,2718.0,773_0,0.0,0.0,0.0,4812.0,213_0,19.13,13.58,2094.0,2327.58,1667.0,26,0.0,1932.59,0,tripinfo_WestA509ToAvebury.151 emissions_WestA509ToAvebury.151,electric,1.05,0.0,0.0,0.0,0.0,0.0,0.0,0.0
EastAveburyToWestA509.388,4180.0,483_1,0.0,0.0,682.0,4813.0,774_2,29.75,13.21,633.0,2237.44,366.0,10,0.0,469.65,0,tripinfo_EastAveburyToWestA509.388 emissions_EastAveburyToWestA509.388,electric,1.01,0.0,0.0,0.0,0.0,0.0,0.0,0.0
WestA509ToAvebury.159,2862.0,773_0,0.0,0.0,0.0,4816.0,213_0,19.13,10.81,1954.0,2327.58,1529.0,25,0.0,1755.03,0,tripinfo_WestA509ToAvebury.159 emissions_WestA509ToAvebury.159,gasoline_euro4,0.85,282968.4476,5059332.337426,1407.062936,120.83692,2283.055756,1613788.330127,0.0
WestA509ToAvebury.158,2844.0,773_0,0.0,0.0,0.0,4817.0,213_0,19.13,13.4,1973.0,2327.58,1565.0,26,0.0,1799.01,0,tripinfo_WestA509ToAvebury.158 emissions_WestA509ToAvebury.158,gasoline_euro4,0.97,289068.459984,5178744.390313,1437.401521,123.900045,2337.297209,1651876.911934,0.0
WestA509ToAvebury.160,2880.0,773_0,0.0,0.0,0.0,4820.0,213_0,19.13,12.66,1940.0,2327.58,1512.0,28,0.0,1756.12,0,tripinfo_WestA509ToAvebury.160 emissions_WestA509ToAvebury.160,gasoline_euro4,0.92,281210.207392,5043160.562623,1398.390163,120.397024,2274.786086,1608629.503873,0.0
EastAveburyToWestA509.237,2257.0,483_1,0.0,0.0,43.0,4821.0,774_2,29.75,12.56,2564.0,2237.44,2207.0,21,0.0,2392.47,0,tripinfo_EastAveburyToWestA509.237 emissions_EastAveburyToWestA509.237,electric,0.96,0.0,0.0,0.0,0.0,0.0,0.0,0.0
WestA509ToAvebury.132,2376.0,773_0,0.0,0.0,0.0,4821.0,213_0,19.13,12.08,2445.0,2275.76,1997.0,38,0.0,2272.5,0,tripinfo_WestA509ToAvebury.132 emissions_WestA509ToAvebury.132,gasoline_euro4,0.96,365737.273761,6332260.880731,1813.289197,153.085541,2866.999053,2019822.998943,0.0
EastAveburyToWestA509.395,4268.0,483_1,0.0,0.0,711.0,4821.0,774_0,29.75,11.57,553.0,2237.92,293.0,12,0.0,370.62,0,tripinfo_EastAveburyToWestA509.395 emissions_EastAveburyToWestA509.395,gasoline_euro4,0.9,61395.57634,1441496.024452,312.914982,30.530758,623.341059,459790.056065,0.0
EastAveburyToWestA509.394,4265.0,483_1,0.0,0.0,716.0,4823.0,774_2,29.75,16.03,558.0,2237.39,300.0,13,0.0,415.99,0,tripinfo_EastAveburyToWestA509.394 emissions_EastAveburyToWestA509.394,gasoline_euro4,1.17,66215.111798,1553244.408392,337.61797,34.187069,679.964172,495432.668481,0.0
EastAveburyToWestA509.235,2251.0,483_1,0.0,0.0,54.0,4825.0,774_2,29.75,13.52,2574.0,2237.44,2213.0,24,0.0,2403.95,0,tripinfo_EastAveburyToWestA509.235 emissions_EastAveburyToWestA509.235,gasoline_euro4,0.98,394282.970161,6783899.270999,1953.869286,164.427944,3072.06637,2163884.887953,0.0
EastAveburyToWestA509.382,4094.0,483_1,0.0,0.0,647.0,4825.0,774_0,29.75,13.16,731.0,2241.07,418.0,16,0.0,557.39,0,tripinfo_EastAveburyToWestA509.382 emissions_EastAveburyToWestA509.382,electric,0.96,0.0,0.0,0.0,0.0,0.0,0.0,0.0
EastAveburyToWestA509.393,4195.0,483_1,0.0,0.0,655.0,4825.0,774_1,29.75,13.57,630.0,2241.02,348.0,11,0.0,475.16,0,tripinfo_EastAveburyToWestA509.393 emissions_EastAveburyToWestA509.393,gasoline_euro4,1.07,76196.592209,1719424.460654,386.931743,37.83179,752.838721,548440.355819,0.0
EastAveburyToWestA509.221,2078.0,483_1,0.0,0.0,0.0,4828.0,774_2,29.75,12.77,2750.0,2237.44,2385.0,21,0.0,2573.34,0,tripinfo_EastAveburyToWestA509.221 emissions_EastAveburyToWestA509.221,gasoline_euro4,0.94,422548.78102,7212209.59759,2092.807767,175.496833,3271.382692,2300505.930498,0.0
EastAveburyToWestA509.392,4192.0,483_1,0.0,0.0,660.0,4829.0,774_1,29.75,13.18,637.0,2241.02,354.0,13,0.0,473.96,0,tripinfo_EastAveburyToWestA509.392 emissions_EastAveburyToWestA509.392,electric,1.02,0.0,0.0,0.0,0.0,0.0,0.0,0.0
EastAveburyToWestA509.398,4277.0,483_1,0.0,0.0,694.0,4830.0,774_2,29.75,13.67,553.0,2237.39,284.0,8,0.0,391.23,0,tripinfo_EastAveburyToWestA509.398 emissions_EastAveburyToWestA509.398,electric,1.02,0.0,0.0,0.0,0.0,0.0,0.0,0.0
EastAveburyToWestA509.333,3479.0,483_1,0.0,0.0,449.0,4832.0,774_2,29.75,14.73,1353.0,2240.45,951.0,33,0.0,1196.58,0,tripinfo_EastAveburyToWestA509.333 emissions_EastAveburyToWestA509.333,electric,1.06,0.0,0.0,0.0,0.0,0.0,0.0,0.0
EastAveburyToWestA509.396,4271.0,483_1,0.0,0.0,705.0,4842.0,774_0,29.75,10.78,571.0,2237.4,258.0,12,0.0,363.73,0,tripinfo_EastAveburyToWestA509.396 emissions_EastAveburyToWestA509.396,electric,0.8,0.0,0.0,0.0,0.0,0.0,0.0,0.0
EastA509ToH6.192,3456.0,770_0,0.0,0.0,0.0,4854.0,522_0,56.88,14.44,1398.0,1445.01,1225.0,9,0.0,1303.98,0,tripinfo_EastA509ToH6.192 emissions_EastA509ToH6.192,gasoline_euro4,1.09,213325.367557,3733457.699554,1058.658131,90.453236,1689.346478,1190872.265775,0.0
WestH6ToSaxonSt.193,2316.0,524_0,0.0,0.0,0.0,4879.0,771_1,56.88,15.83,2563.0,2555.03,2131.0,38,0.0,2399.81,0,tripinfo_WestH6ToSaxonSt.193 emissions_WestH6ToSaxonSt.193,gasoline_euro4,1.14,386047.033912,6734651.101401,1915.079339,163.002196,3045.559824,2148172.970253,0.0
EastSilburyToEastAvebury.72,1552.0,317_0,0.0,0.0,0.0,4896.0,213_0,19.13,14.76,3344.0,642.19,3158.0,29,0.0,3302.75,0,tripinfo_EastSilburyToEastAvebury.72 emissions_EastSilburyToEastAvebury.72,gasoline_euro4,1.1,539190.647944,8776958.751606,2661.091466,218.730678,4016.341435,2799629.777329,0.0
EastAveburyToWestA509.399,4280.0,483_1,0.0,0.0,689.0,4901.0,774_2,29.75,13.61,621.0,2237.39,355.0,9,0.0,455.73,0,tripinfo_EastAveburyToWestA509.399 emissions_EastAveburyToWestA509.399,electric,1.0,0.0,0.0,0.0,0.0,0.0,0.0,0.0
WestA509ToAvebury.161,2898.0,773_0,0.0,0.0,0.0,4904.0,213_0,19.13,12.72,2006.0,2327.58,1570.0,31,0.0,1821.05,0,tripinfo_WestA509ToAvebury.161 emissions_WestA509ToAvebury.161,electric,0.92,0.0,0.0,0.0,0.0,0.0,0.0,0.0
EastAveburyToWestA509.251,2432.0,483_1,0.0,0.0,99.0,4905.0,774_1,29.75,12.74,2473.0,2237.43,2041.0,29,0.0,2300.76,0,tripinfo_EastAveburyToWestA509.251 emissions_EastAveburyToWestA509.251,electric,0.96,0.0,0.0,0.0,0.0,0.0,0.0,0.0
WestA509ToAvebury.162,2919.0,773_0,0.0,0.0,3.0,4905.0,213_0,19.13,14.07,1986.0,2327.58,1566.0,22,0.0,1829.88,0,tripinfo_WestA509ToAvebury.162 emissions_WestA509ToAvebury.162,electric,1.08,0.0,0.0,0.0,0.0,0.0,0.0,0.0
WestA509ToAvebury.68,1227.0,773_0,0.0,0.0,3.0,4909.0,213_0,19.13,12.12,3682.0,2250.13,3264.0,51,0.0,3500.53,0,tripinfo_WestA509ToAvebury.68 emissions_WestA509ToAvebury.68,electric,0.9,0.0,0.0,0.0,0.0,0.0,0.0,0.0
EastAveburyToWestA509.332,3476.0,483_1,0.0,0.0,454.0,4909.0,774_1,29.75,12.1,1433.0,2240.45,1037.0,37,0.0,1253.18,0,tripinfo_EastAveburyToWestA509.332 emissions_EastAveburyToWestA509.332,gasoline_euro4,0.92,202013.515028,3712002.035645,1006.725575,87.494765,1666.523013,1184024.733821,0.0
WestA509ToAvebury.155,2790.0,773_0,0.0,0.0,0.0,4910.0,213_0,19.13,13.13,2120.0,2327.58,1695.0,31,0.0,1963.78,0,tripinfo_WestA509ToAvebury.155 emissions_WestA509ToAvebury.155,gasoline_euro4,1.08,313446.472084,5564965.470042,1557.320456,133.763136,2514.119405,1775071.951462,0.0
EastAveburyToWestA509.359,3825.0,483_1,0.0,0.0,574.0,4910.0,774_2,29.75,13.13,1085.0,2237.39,755.0,25,0.0,915.09,0,tripinfo_EastAveburyToWestA509.359 emissions_EastAveburyToWestA509.359,electric,0.97,0.0,0.0,0.0,0.0,0.0,0.0,0.0
EastAveburyToWestA509.337,3491.0,483_1,0.0,0.0,427.0,4912.0,774_0,29.75,11.85,1421.0,2244.08,1020.0,38,0.0,1241.87,0,tripinfo_EastAveburyToWestA509.337 emissions_EastAveburyToWestA509.337,electric,0.93,0.0,0.0,0.0,0.0,0.0,0.0,0.0
EastAveburyToWestA509.214,2019.0,483_1,0.0,0.0,0.0,4913.0,774_2,29.75,12.34,2894.0,2217.55,2487.0,41,0.0,2716.23,0,tripinfo_EastAveburyToWestA509.214 emissions_EastAveburyToWestA509.214,gasoline_euro4,0.91,443419.48726,7515278.632661,2195.018763,182.856565,3408.670777,2397179.037061,0.0
EastAveburyToWestA509.216,2036.0,483_1,0.0,0.0,0.0,4915.0,774_2,29.75,13.93,2879.0,2217.55,2498.0,31,0.0,2718.59,0,tripinfo_EastAveburyToWestA509.216 emissions_EastAveburyToWestA509.216,gasoline_euro4,1.01,443854.649651,7542516.345928,2197.516161,184.100078,3424.059689,2405865.749525,0.0
EastAveburyToWestA509.355,3747.0,483_1,0.0,0.0,530.0,4917.0,774_2,29.75,14.59,1170.0,2240.44,774.0,26,0.0,1013.54,0,tripinfo_EastAveburyToWestA509.355 emissions_EastAveburyToWestA509.355,electric,1.06,0.0,0.0,0.0,0.0,0.0,0.0,0.0
EastAveburyToWestA509.390,4186.0,483_1,0.0,0.0,671.0,4917.0,774_1,29.75,12.69,731.0,2243.61,434.0,10,0.0,558.67,0,tripinfo_EastAveburyToWestA509.390 emissions_EastAveburyToWestA509.390,gasoline_euro4,0.97,89953.818619,1918853.518471,454.3563,42.931613,846.205002,612053.985143,0.0
EastAveburyToWestA509.219,2069.0,483_1,0.0,0.0,8.0,4920.0,774_2,29.75,14.06,2851.0,2217.5,2497.0,22,0.0,2691.89,0,tripinfo_EastAveburyToWestA509.219 emissions_EastAveburyToWestA509.219,gasoline_euro4,1.02,439577.96543,7490924.171922,2176.91091,182.591889,3399.422691,2389408.675799,0.0
EastAveburyToWestA509.168,1628.0,483_0,0.0,0.0,0.0,4921.0,774_0,29.75,13.4,3293.0,2247.94,2850.0,47,0.0,3135.94,0,tripinfo_EastAveburyToWestA509.168 emissions_EastAveburyToWestA509.168,electric,1.04,0.0,0.0,0.0,0.0,0.0,0.0,0.0
EastAveburyToWestA509.181,1738.0,483_0,0.0,0.0,0.0,4924.0,774_0,29.75,13.62,3186.0,2246.4,2747.0,31,0.0,3024.47,0,tripinfo_EastAveburyToWestA509.181 emissions_EastAveburyToWestA509.181,gasoline_euro4,1.02,494430.784106,8375398.030262,2447.283385,204.94477,3805.556283,2671533.639605,0.0
EastAveburyToWestA509.391,4189.0,483_1,0.0,0.0,666.0,4926.0,774_0,29.75,11.16,737.0,2240.93,434.0,10,0.0,535.06,0,tripinfo_EastAveburyToWestA509.391 emissions_EastAveburyToWestA509.391,gasoline_euro4,0.82,87933.578098,1848545.546052,443.389966,40.08234,806.714273,589630.255338,0.0
EastAveburyToWestA509.178,1713.0,483_0,0.0,0.0,0.0,4928.0,774_0,29.75,12.44,3215.0,2247.93,2822.0,23,0.0,3042.67,0,tripinfo_EastAveburyToWestA509.178 emissions_EastAveburyToWestA509.178,gasoline_euro4,0.95,498628.082754,8443818.823989,2468.139207,206.42133,3835.960528,2693358.428421,0.0
WestA509ToEastH6.81,2916.0,773_0,0.0,0.0,0.0,4937.0,522_0,56.88,12.37,2021.0,2755.12,1575.0,24,0.0,1807.44,0,tripinfo_WestA509ToEastH6.81 emissions_WestA509ToEastH6.81,electric,0.93,0.0,0.0,0.0,0.0,0.0,0.0,0.0
WestH6ToSaxonSt.195,2340.0,524_0,0.0,0.0,0.0,4971.0,771_1,56.88,13.8,2631.0,2555.04,2162.0,39,0.0,2450.75,0,tripinfo_WestH6ToSaxonSt.195 emissions_WestH6ToSaxonSt.195,electric,1.03,0.0,0.0,0.0,0.0,0.0,0.0,0.0
WestH6ToSaxonSt.197,2364.0,524_0,0.0,0.0,0.0,4974.0,771_1,56.88,13.71,2610.0,2555.04,2152.0,36,0.0,2426.16,0,tripinfo_WestH6ToSaxonSt.197 emissions_WestH6ToSaxonSt.197,gasoline_euro4,1.01,390377.255325,6769063.473954,1935.555234,163.551359,3061.749871,2159151.284793,0.0
WestH6ToSaxonSt.194,2328.0,524_0,0.0,0.0,0.0,4984.0,771_1,56.88,10.71,2656.0,2555.05,2169.0,38,0.0,2432.27,0,tripinfo_WestH6ToSaxonSt.194 emissions_WestH6ToSaxonSt.194,gasoline_euro4,0.83,394569.445354,6820988.3798,1956.442006,164.248149,3084.603097,2175715.272508,0.0
WestH6ToSaxonSt.199,2388.0,524_0,0.0,0.0,0.0,4986.0,771_1,56.88,13.49,2598.0,2555.03,2113.0,38,0.0,2407.12,0,tripinfo_WestH6ToSaxonSt.199 emissions_WestH6ToSaxonSt.199,gasoline_euro4,0.97,386937.851125,6727036.852375,1919.313607,162.441479,3044.186015,2145745.309685,0.0
WestH6ToSaxonSt.198,2376.0,524_0,0.0,0.0,0.0,4988.0,771_1,56.88,12.41,2612.0,2554.99,2113.0,37,0.0,2413.57,0,tripinfo_WestH6ToSaxonSt.198 emissions_WestH6ToSaxonSt.198,gasoline_euro4,0.94,386946.141713,6738723.699641,1919.443221,162.368407,3047.055723,2149473.091641,0.0
WestH6ToSaxonSt.196,2352.0,524_0,0.0,0.0,0.0,4990.0,771_1,56.88,12.15,2638.0,2555.06,2142.0,38,0.0,2436.03,0,tripinfo_WestH6ToSaxonSt.196 emissions_WestH6ToSaxonSt.196,gasoline_euro4,0.92,391770.70095,6796811.474587,1943.078171,164.122103,3076.321406,2168002.063401,0.0
WestH6ToSaxonSt.201,2412.0,524_0,0.0,0.0,0.0,4991.0,771_1,56.88,13.13,2579.0,2555.04,2100.0,36,0.0,2398.94,0,tripinfo_WestH6ToSaxonSt.201 emissions_WestH6ToSaxonSt.201,electric,1.03,0.0,0.0,0.0,0.0,0.0,0.0,0.0
WestA509ToAvebury.164,2955.0,773_0,0.0,0.0,3.0,4994.0,213_0,19.13,14.63,2039.0,2327.58,1641.0,25,0.0,1878.12,0,tripinfo_WestA509ToAvebury.164 emissions_WestA509ToAvebury.164,gasoline_euro4,1.05,300809.444026,5393229.805593,1495.868627,129.357897,2435.665709,1720291.373106,0.0
WestA509ToAvebury.163,2934.0,773_0,0.0,0.0,0.0,4996.0,213_0,19.13,14.11,2062.0,2327.58,1651.0,27,0.0,1901.59,0,tripinfo_WestA509ToAvebury.163 emissions_WestA509ToAvebury.163,gasoline_euro4,1.05,303369.541768,5428281.328331,1508.293712,130.275138,2451.856593,1731472.11854,0.0
WestA509ToAvebury.145,2610.0,773_0,0.0,0.0,0.0,4998.0,213_0,19.13,13.7,2388.0,2327.58,1895.0,46,0.0,2222.73,0,tripinfo_WestA509ToAvebury.145 emissions_WestA509ToAvebury.145,gasoline_euro4,1.02,354866.070954,6210108.594517,1760.929013,149.661063,2808.875628,1980857.746302,0.0
WestA509ToEastH6.82,2952.0,773_0,0.0,0.0,0.0,5022.0,522_0,56.88,13.07,2070.0,2755.17,1637.0,23,0.0,1864.01,0,tripinfo_WestA509ToEastH6.82 emissions_WestA509ToEastH6.82,electric,0.97,0.0,0.0,0.0,0.0,0.0,0.0,0.0
WestA509ToEastH6.83,2991.0,773_0,0.0,0.0,3.0,5027.0,522_1,56.88,13.32,2036.0,2755.12,1583.0,25,0.0,1836.35,0,tripinfo_WestA509ToEastH6.83 emissions_WestA509ToEastH6.83,electric,1.0,0.0,0.0,0.0,0.0,0.0,0.0,0.0
WestA509ToEastH6.84,3024.0,773_0,0.0,0.0,0.0,5028.0,522_1,56.88,12.97,2004.0,2755.17,1549.0,22,0.0,1806.96,0,tripinfo_WestA509ToEastH6.84 emissions_WestA509ToEastH6.84,electric,1.01,0.0,0.0,0.0,0.0,0.0,0.0,0.0
WestA509ToEastH6.70,2523.0,773_0,0.0,0.0,3.0,5029.0,522_0,56.88,10.32,2506.0,2749.93,2044.0,26,0.0,2259.9,0,tripinfo_WestA509ToEastH6.70 emissions_WestA509ToEastH6.70,electric,0.81,0.0,0.0,0.0,0.0,0.0,0.0,0.0
WestH6ToSaxonSt.203,2436.0,524_0,0.0,0.0,0.0,5065.0,771_1,56.88,12.21,2629.0,2555.03,2154.0,36,0.0,2417.97,0,tripinfo_WestH6ToSaxonSt.203 emissions_WestH6ToSaxonSt.203,gasoline_euro4,0.88,390053.674644,6761858.937016,1934.205368,162.912655,3057.409245,2156853.795743,0.0
WestH6ToSaxonSt.205,2460.0,524_0,0.0,0.0,0.0,5067.0,771_1,56.88,13.8,2607.0,2555.03,2126.0,36,0.0,2432.73,0,tripinfo_WestH6ToSaxonSt.205 emissions_WestH6ToSaxonSt.205,electric,1.07,0.0,0.0,0.0,0.0,0.0,0.0,0.0
WestA509ToAvebury.169,3042.0,773_0,0.0,0.0,0.0,5072.0,213_0,19.13,16.68,2030.0,2327.58,1629.0,26,0.0,1889.32,0,tripinfo_WestA509ToAvebury.169 emissions_WestA509ToAvebury.169,electric,1.2,0.0,0.0,0.0,0.0,0.0,0.0,0.0
WestH6ToSaxonSt.200,2400.0,524_0,0.0,0.0,0.0,5074.0,771_1,56.88,10.48,2674.0,2555.05,2167.0,37,0.0,2445.14,0,tripinfo_WestH6ToSaxonSt.200 emissions_WestH6ToSaxonSt.200,electric,0.81,0.0,0.0,0.0,0.0,0.0,0.0,0.0
WestH6ToSaxonSt.202,2424.0,524_0,0.0,0.0,0.0,5075.0,771_1,56.88,12.2,2651.0,2555.04,2155.0,35,0.0,2443.01,0,tripinfo_WestH6ToSaxonSt.202 emissions_WestH6ToSaxonSt.202,gasoline_euro4,0.9,394339.448545,6845523.412806,1956.016297,165.298787,3099.255426,2183539.672067,0.0
WestA509ToAvebury.148,2664.0,773_0,0.0,0.0,0.0,5076.0,213_0,19.13,12.68,2412.0,2327.58,1914.0,40,0.0,2228.26,0,tripinfo_WestA509ToAvebury.148 emissions_WestA509ToAvebury.148,gasoline_euro4,0.92,357747.475235,6255117.681689,1775.270324,150.196692,2826.348086,1995215.261483,0.0
WestH6ToSaxonSt.206,2472.0,524_0,0.0,0.0,0.0,5078.0,771_1,56.88,10.45,2606.0,2555.0,2079.0,36,0.0,2376.48,0,tripinfo_WestH6ToSaxonSt.206 emissions_WestH6ToSaxonSt.206,gasoline_euro4,0.81,383150.37818,6635475.687664,1900.061981,159.569642,2999.887226,2116541.378626,0.0
WestH6ToSaxonSt.204,2448.0,524_0,0.0,0.0,0.0,5080.0,771_1,56.88,12.29,2632.0,2555.04,2134.0,37,0.0,2433.44,0,tripinfo_WestH6ToSaxonSt.204 emissions_WestH6ToSaxonSt.204,gasoline_euro4,0.94,390254.398869,6766911.268215,1935.565662,163.762532,3065.776431,2158464.360797,0.0
WestA509ToEastH6.72,2592.0,773_0,0.0,0.0,0.0,5112.0,522_0,56.88,13.62,2520.0,2749.98,2071.0,30,0.0,2324.03,0,tripinfo_WestA509ToEastH6.72 emissions_WestA509ToEastH6.72,gasoline_euro4,1.02,374859.065243,6603082.281102,1861.198342,159.082709,2985.205977,2106204.346482,0.0
WestA509ToEastH6.80,2883.0,773_0,0.0,0.0,3.0,5119.0,522_0,56.88,12.21,2236.0,2749.93,1743.0,28,0.0,2011.85,0,tripinfo_WestA509ToEastH6.80 emissions_WestA509ToEastH6.80,gasoline_euro4,0.89,323753.29228,5807016.416779,1610.132789,138.422996,2617.740716,1852278.76558,0.0
EastA509ToH6.188,3384.0,770_0,0.0,0.0,0.0,5122.0,522_1,56.88,15.39,1738.0,1443.3,1551.0,11,0.0,1645.36,0,tripinfo_EastA509ToH6.188 emissions_EastA509ToH6.188,gasoline_euro4,1.12,268318.859874,4623788.383501,1329.910495,112.731141,2097.341434,1474865.51452,0.0
EastA509ToH6.190,3420.0,770_0,0.0,0.0,0.0,5122.0,522_0,56.88,12.2,1702.0,1483.69,1493.0,12,0.0,1585.46,0,tripinfo_EastA509ToH6.190 emissions_EastA509ToH6.190,gasoline_euro4,0.92,260376.755441,4494824.283308,1290.915219,109.126861,2037.681123,1433729.572881,0.0
EastA509ToH6.178,3204.0,770_0,0.0,0.0,0.0,5123.0,522_0,56.88,13.49,1919.0,1483.8,1669.0,17,0.0,1813.38,0,tripinfo_EastA509ToH6.178 emissions_EastA509ToH6.178,electric,1.01,0.0,0.0,0.0,0.0,0.0,0.0,0.0
WestA509ToEastH6.85,3063.0,773_0,0.0,0.0,3.0,5129.0,522_0,56.88,13.26,2066.0,2755.17,1596.0,26,0.0,1856.74,0,tripinfo_WestA509ToEastH6.85 emissions_WestA509ToEastH6.85,gasoline_euro4,0.96,298837.989486,5422839.478815,1487.462609,128.94485,2442.306771,1729734.981237,0.0
WestH6ToSaxonSt.208,2496.0,524_0,0.0,0.0,0.0,5148.0,771_1,56.88,13.02,2652.0,2555.03,2151.0,39,0.0,2465.76,0,tripinfo_WestH6ToSaxonSt.208 emissions_WestH6ToSaxonSt.208,electric,1.0,0.0,0.0,0.0,0.0,0.0,0.0,0.0
WestH6ToSaxonSt.207,2484.0,524_0,0.0,0.0,0.0,5154.0,771_1,56.88,12.01,2670.0,2555.04,2184.0,37,0.0,2467.3,0,tripinfo_WestH6ToSaxonSt.207 emissions_WestH6ToSaxonSt.207,gasoline_euro4,0.92,398285.805291,6907902.368266,1975.269748,166.874357,3126.600568,2203437.116893,0.0
WestH6ToSaxonSt.210,2520.0,524_0,0.0,0.0,0.0,5155.0,771_1,56.88,13.8,2635.0,2555.04,2127.0,38,0.0,2449.05,0,tripinfo_WestH6ToSaxonSt.210 emissions_WestH6ToSaxonSt.210,electric,1.0,0.0,0.0,0.0,0.0,0.0,0.0,0.0
WestH6ToSaxonSt.209,2508.0,524_0,0.0,0.0,0.0,5159.0,771_1,56.88,12.22,2651.0,2555.03,2141.0,39,0.0,2444.7,0,tripinfo_WestH6ToSaxonSt.209 emissions_WestH6ToSaxonSt.209,electric,0.9,0.0,0.0,0.0,0.0,0.0,0.0,0.0
WestA509ToAvebury.168,3027.0,773_0,0.0,0.0,3.0,5162.0,213_0,19.13,15.13,2135.0,2327.58,1732.0,31,0.0,1987.11,0,tripinfo_WestA509ToAvebury.168 emissions_WestA509ToAvebury.168,electric,1.14,0.0,0.0,0.0,0.0,0.0,0.0,0.0
EastSilburyToEastAvebury.66,1456.0,317_0,0.0,0.0,0.0,5165.0,213_0,19.13,14.41,3709.0,642.19,3457.0,38,0.0,3663.58,0,tripinfo_EastSilburyToEastAvebury.66 emissions_EastSilburyToEastAvebury.66,electric,1.04,0.0,0.0,0.0,0.0,0.0,0.0,0.0
WestH6ToSaxonSt.211,2532.0,524_0,0.0,0.0,0.0,5165.0,771_1,56.88,10.6,2633.0,2555.02,2117.0,39,0.0,2415.18,0,tripinfo_WestH6ToSaxonSt.211 emissions_WestH6ToSaxonSt.211,electric,0.86,0.0,0.0,0.0,0.0,0.0,0.0,0.0
WestH6ToSaxonSt.212,2544.0,524_0,0.0,0.0,0.0,5167.0,771_1,56.88,13.59,2623.0,2555.04,2115.0,39,0.0,2439.6,0,tripinfo_WestH6ToSaxonSt.212 emissions_WestH6ToSaxonSt.212,gasoline_euro4,1.02,391494.713113,6840645.161225,1942.682399,164.995801,3094.717559,2181982.246132,0.0
WestH6ToSaxonSt.213,2556.0,524_0,0.0,0.0,0.0,5168.0,771_1,56.88,11.7,2612.0,2555.04,2113.0,37,0.0,2409.35,0,tripinfo_WestH6ToSaxonSt.213 emissions_WestH6ToSaxonSt.213,electric,0.92,0.0,0.0,0.0,0.0,0.0,0.0,0.0
WestA509ToAvebury.165,2970.0,773_0,0.0,0.0,0.0,5168.0,213_0,19.13,12.89,2198.0,2327.58,1768.0,27,0.0,2022.8,0,tripinfo_WestA509ToAvebury.165 emissions_WestA509ToAvebury.165,gasoline_euro4,0.97,324193.134176,5734353.952669,1610.328153,137.833559,2591.751156,1829102.994264,0.0
WestA509ToAvebury.173,3114.0,773_0,0.0,0.0,0.0,5170.0,213_0,19.13,13.38,2056.0,2327.58,1616.0,32,0.0,1889.99,0,tripinfo_WestA509ToAvebury.173 emissions_WestA509ToAvebury.173,gasoline_euro4,1.02,300637.446119,5376757.61317,1494.599895,128.907348,2428.410638,1715037.66425,0.0
WestA509ToAvebury.174,3135.0,773_0,0.0,0.0,3.0,5176.0,213_0,19.13,16.31,2041.0,2327.58,1644.0,29,0.0,1902.58,0,tripinfo_WestA509ToAvebury.174 emissions_WestA509ToAvebury.174,gasoline_euro4,1.23,303664.609954,5489429.824475,1511.249807,131.918699,2480.49858,1750974.610259,0.0
WestA509ToEastH6.86,3099.0,773_0,0.0,0.0,3.0,5190.0,522_0,56.88,15.47,2091.0,2755.17,1616.0,29,0.0,1915.24,0,tripinfo_WestA509ToEastH6.86 emissions_WestA509ToEastH6.86,electric,1.14,0.0,0.0,0.0,0.0,0.0,0.0,0.0
WestA509ToEastH6.88,3168.0,773_0,0.0,0.0,0.0,5209.0,522_0,56.88,12.77,2041.0,2755.17,1577.0,28,0.0,1829.44,0,tripinfo_WestA509ToEastH6.88 emissions_WestA509ToEastH6.88,gasoline_euro4,0.94,293213.681968,5315628.790411,1459.374854,126.352875,2393.49756,1695538.016097,0.0
WestH6ToSaxonSt.215,2580.0,524_0,0.0,0.0,0.0,5240.0,771_1,56.88,12.29,2660.0,2555.03,2159.0,37,0.0,2451.53,0,tripinfo_WestH6ToSaxonSt.215 emissions_WestH6ToSaxonSt.215,gasoline_euro4,0.89,395656.268143,6854328.769618,1961.981336,165.228453,3100.114658,2186349.262979,0.0
WestH6ToSaxonSt.217,2604.0,524_0,0.0,0.0,0.0,5242.0,771_1,56.88,12.83,2638.0,2555.02,2118.0,39,0.0,2453.4,0,tripinfo_WestH6ToSaxonSt.217 emissions_WestH6ToSaxonSt.217,gasoline_euro4,1.01,392608.515345,6824401.980257,1947.635362,165.282761,3092.048351,2176801.646808,0.0
WestH6ToSaxonSt.214,2568.0,524_0,0.0,0.0,0.0,5245.0,771_1,56.88,11.74,2677.0,2555.04,2179.0,37,0.0,2471.09,0,tripinfo_WestH6ToSaxonSt.214 emissions_WestH6ToSaxonSt.214,electric,0.91,0.0,0.0,0.0,0.0,0.0,0.0,0.0
WestH6ToSaxonSt.219,2628.0,524_0,0.0,0.0,0.0,5246.0,771_1,56.88,12.57,2618.0,2554.99,2091.0,41,0.0,2425.62,0,tripinfo_WestH6ToSaxonSt.219 emissions_WestH6ToSaxonSt.219,electric,0.96,0.0,0.0,0.0,0.0,0.0,0.0,0.0
WestH6ToSaxonSt.216,2592.0,524_0,0.0,0.0,0.0,5248.0,771_1,56.88,13.71,2656.0,2555.04,2141.0,37,0.0,2468.32,0,tripinfo_WestH6ToSaxonSt.216 emissions_WestH6ToSaxonSt.216,electric,0.99,0.0,0.0,0.0,0.0,0.0,0.0,0.0
WestH6ToSaxonSt.218,2616.0,524_0,0.0,0.0,0.0,5250.0,771_1,56.88,15.01,2634.0,2555.04,2117.0,39,0.0,2466.87,0,tripinfo_WestH6ToSaxonSt.218 emissions_WestH6ToSaxonSt.218,gasoline_euro4,1.12,391551.279234,6828678.011892,1942.753161,165.262699,3092.373679,2178164.915131,0.0
WestA509ToAvebury.153,2754.0,773_0,0.0,0.0,0.0,5251.0,213_0,19.13,13.19,2497.0,2327.58,2004.0,39,0.0,2332.75,0,tripinfo_WestA509ToAvebury.153 emissions_WestA509ToAvebury.153,gasoline_euro4,1.03,373538.408141,6497719.234522,1852.858162,157.23312,2942.684694,2072598.54168,0.0
WestA509ToAvebury.150,2700.0,773_0,0.0,0.0,0.0,5254.0,213_0,19.13,12.37,2554.0,2327.58,2049.0,41,0.0,2370.45,0,tripinfo_WestA509ToAvebury.150 emissions_WestA509ToAvebury.150,gasoline_euro4,0.93,382052.81557,6632092.695969,1894.953958,160.463384,3004.616057,2115460.573337,0.0
WestA509ToAvebury.176,3171.0,773_0,0.0,0.0,3.0,5256.0,213_0,19.13,12.49,2085.0,2327.58,1641.0,30,0.0,1913.22,0,tripinfo_WestA509ToAvebury.176 emissions_WestA509ToAvebury.176,electric,0.99,0.0,0.0,0.0,0.0,0.0,0.0,0.0
WestH6ToSaxonSt.220,2640.0,524_0,0.0,0.0,0.0,5258.0,771_1,56.88,10.63,2618.0,2555.04,2081.0,38,0.0,2397.18,0,tripinfo_WestH6ToSaxonSt.220 emissions_WestH6ToSaxonSt.220,electric,0.84,0.0,0.0,0.0,0.0,0.0,0.0,0.0
WestA509ToAvebury.166,2988.0,773_0,0.0,0.0,0.0,5259.0,213_0,19.13,13.6,2271.0,2327.58,1813.0,31,0.0,2100.12,0,tripinfo_WestA509ToAvebury.166 emissions_WestA509ToAvebury.166,electric,0.99,0.0,0.0,0.0,0.0,0.0,0.0,0.0
EastSilburyToEastAvebury.85,1760.0,317_0,0.0,0.0,0.0,5261.0,213_0,19.13,13.75,3501.0,680.87,3264.0,30,0.0,3452.04,0,tripinfo_EastSilburyToEastAvebury.85 emissions_EastSilburyToEastAvebury.85,electric,1.04,0.0,0.0,0.0,0.0,0.0,0.0,0.0
EastSilburyToEastAvebury.77,1632.0,317_0,0.0,0.0,0.0,5263.0,213_0,19.13,15.33,3631.0,680.87,3380.0,37,0.0,3586.44,0,tripinfo_EastSilburyToEastAvebury.77 emissions_EastSilburyToEastAvebury.77,gasoline_euro4,1.15,583488.790862,9524173.781525,2880.470791,237.161208,4358.015335,3037971.798901,0.0
WestA509ToEastH6.87,3132.0,773_0,0.0,0.0,0.0,5284.0,522_0,56.88,12.59,2152.0,2755.12,1692.0,27,0.0,1945.55,0,tripinfo_WestA509ToEastH6.87 emissions_WestA509ToEastH6.87,gasoline_euro4,0.97,312591.996563,5646663.087767,1555.242955,134.612901,2544.522184,1801129.041039,0.0
WestH6ToSaxonSt.222,2664.0,524_0,0.0,0.0,0.0,5323.0,771_1,56.88,13.55,2659.0,2555.04,2142.0,37,0.0,2481.38,0,tripinfo_WestH6ToSaxonSt.222 emissions_WestH6ToSaxonSt.222,electric,1.05,0.0,0.0,0.0,0.0,0.0,0.0,0.0
WestH6ToSaxonSt.221,2652.0,524_0,0.0,0.0,0.0,5328.0,771_1,56.88,12.11,2676.0,2555.05,2150.0,38,0.0,2481.37,0,tripinfo_WestH6ToSaxonSt.221 emissions_WestH6ToSaxonSt.221,gasoline_euro4,0.96,398706.141953,6922237.059166,1977.578668,167.344021,3134.062906,2208009.083014,0.0
WestH6ToSaxonSt.224,2688.0,524_0,0.0,0.0,0.0,5329.0,771_1,56.88,13.92,2641.0,2555.04,2127.0,40,0.0,2462.22,0,tripinfo_WestH6ToSaxonSt.224 emissions_WestH6ToSaxonSt.224,electric,1.04,0.0,0.0,0.0,0.0,0.0,0.0,0.0
WestH6ToSaxonSt.223,2676.0,524_0,0.0,0.0,0.0,5332.0,771_1,56.88,12.54,2656.0,2555.03,2145.0,41,0.0,2460.72,0,tripinfo_WestH6ToSaxonSt.223 emissions_WestH6ToSaxonSt.223,electric,0.95,0.0,0.0,0.0,0.0,0.0,0.0,0.0
WestH6ToSaxonSt.226,2712.0,524_0,0.0,0.0,0.0,5334.0,771_1,56.88,15.21,2622.0,2555.04,2084.0,38,0.0,2452.18,0,tripinfo_WestH6ToSaxonSt.226 emissions_WestH6ToSaxonSt.226,gasoline_euro4,1.1,391537.907484,6829114.504345,1942.458129,165.032662,3090.574775,2178304.375312,0.0
WestH6ToSaxonSt.225,2700.0,524_0,0.0,0.0,0.0,5336.0,771_1,56.88,13.75,2636.0,2555.03,2114.0,38,0.0,2455.69,0,tripinfo_WestH6ToSaxonSt.225 emissions_WestH6ToSaxonSt.225,gasoline_euro4,1.03,392788.458728,6844563.392867,1948.665126,165.366665,3097.582428,2183232.446885,0.0
WestA509ToAvebury.136,2451.0,773_0,0.0,0.0,3.0,5337.0,213_0,19.13,12.74,2886.0,2327.58,2364.0,44,0.0,2712.2,0,tripinfo_WestA509ToAvebury.136 emissions_WestA509ToAvebury.136,gasoline_euro4,0.98,436867.347431,7505225.52489,2164.652628,182.21681,3403.54564,2393968.788822,0.0
WestH6ToSaxonSt.227,2724.0,524_0,0.0,0.0,0.0,5338.0,771_1,56.88,13.29,2614.0,2555.07,2076.0,39,0.0,2435.4,0,tripinfo_WestH6ToSaxonSt.227 emissions_WestH6ToSaxonSt.227,electric,1.04,0.0,0.0,0.0,0.0,0.0,0.0,0.0
EastSilburyToEastAvebury.88,1957.0,317_0,0.0,0.0,149.0,5339.0,213_0,19.13,13.79,3382.0,680.87,3138.0,30,0.0,3332.37,0,tripinfo_EastSilburyToEastAvebury.88 emissions_EastSilburyToEastAvebury.88,gasoline_euro4,1.02,542736.933907,8862301.367208,2679.306705,220.583541,4054.420833,2826851.136277,0.0
WestA509ToAvebury.177,3186.0,773_0,0.0,0.0,0.0,5342.0,213_0,19.13,12.53,2156.0,2327.58,1710.0,32,0.0,1979.11,0,tripinfo_WestA509ToAvebury.177 emissions_WestA509ToAvebury.177,gasoline_euro4,0.96,316785.353871,5620047.587622,1573.950394,134.96017,2540.398945,1792641.835135,0.0
EastSilburyToEastAvebury.79,1664.0,317_0,0.0,0.0,0.0,5344.0,213_0,19.13,14.49,3680.0,680.87,3434.0,30,0.0,3632.67,0,tripinfo_EastSilburyToEastAvebury.79 emissions_EastSilburyToEastAvebury.79,electric,1.07,0.0,0.0,0.0,0.0,0.0,0.0,0.0
EastSilburyToEastAvebury.86,1868.0,317_0,0.0,0.0,92.0,5347.0,213_0,19.13,12.41,3479.0,598.75,3273.0,24,0.0,3412.48,0,tripinfo_EastSilburyToEastAvebury.86 emissions_EastSilburyToEastAvebury.86,electric,0.91,0.0,0.0,0.0,0.0,0.0,0.0,0.0
EastSilburyToEastAvebury.101,3013.0,317_0,0.0,0.0,997.0,5350.0,213_0,19.13,12.92,2337.0,680.87,2134.0,25,0.0,2283.81,0,tripinfo_EastSilburyToEastAvebury.101 emissions_EastSilburyToEastAvebury.101,electric,0.96,0.0,0.0,0.0,0.0,0.0,0.0,0.0
EastSilburyToEastAvebury.99,2710.0,317_0,0.0,0.0,726.0,5352.0,213_0,19.13,16.25,2642.0,680.87,2424.0,27,0.0,2599.15,0,tripinfo_EastSilburyToEastAvebury.99 emissions_EastSilburyToEastAvebury.99,electric,1.18,0.0,0.0,0.0,0.0,0.0,0.0,0.0
WestH6ToSaxonSt.229,2748.0,524_0,0.0,0.0,0.0,5411.0,771_1,56.88,13.65,2663.0,2555.04,2108.0,40,0.0,2480.73,0,tripinfo_WestH6ToSaxonSt.229 emissions_WestH6ToSaxonSt.229,electric,1.02,0.0,0.0,0.0,0.0,0.0,0.0,0.0
WestH6ToSaxonSt.231,2772.0,524_0,0.0,0.0,0.0,5414.0,771_1,56.88,14.08,2642.0,2555.04,2114.0,37,0.0,2462.68,0,tripinfo_WestH6ToSaxonSt.231 emissions_WestH6ToSaxonSt.231,electric,1.04,0.0,0.0,0.0,0.0,0.0,0.0,0.0
WestH6ToSaxonSt.232,2784.0,524_0,0.0,0.0,0.0,5415.0,771_1,56.88,14.88,2631.0,2555.05,2103.0,37,0.0,2459.33,0,tripinfo_WestH6ToSaxonSt.232 emissions_WestH6ToSaxonSt.232,gasoline_euro4,1.08,392699.335834,6866675.050927,1948.798247,165.994472,3108.271045,2190284.498215,0.0
EastSilburyToEastAvebury.90,2134.0,317_0,0.0,0.0,294.0,5425.0,213_0,19.13,13.47,3291.0,680.87,3048.0,31,0.0,3241.34,0,tripinfo_EastSilburyToEastAvebury.90 emissions_EastSilburyToEastAvebury.90,gasoline_euro4,1.03,527061.386456,8606829.649604,2601.958382,214.188392,3937.392065,2745362.107377,0.0
WestH6ToSaxonSt.228,2736.0,524_0,0.0,0.0,0.0,5426.0,771_1,56.88,11.26,2690.0,2555.03,2123.0,42,0.0,2474.21,0,tripinfo_WestH6ToSaxonSt.228 emissions_WestH6ToSaxonSt.228,gasoline_euro4,0.86,397495.277762,6890735.911419,1971.436294,166.201559,3118.540699,2197961.814017,0.0
EastSilburyToEastAvebury.96,2397.0,317_0,0.0,0.0,461.0,5428.0,213_0,19.13,13.55,3031.0,680.87,2822.0,31,0.0,2979.58,0,tripinfo_EastSilburyToEastAvebury.96 emissions_EastSilburyToEastAvebury.96,electric,0.99,0.0,0.0,0.0,0.0,0.0,0.0,0.0
WestH6ToSaxonSt.234,2808.0,524_0,0.0,0.0,0.0,5428.0,771_1,56.88,13.27,2620.0,2555.04,2070.0,38,0.0,2437.64,0,tripinfo_WestH6ToSaxonSt.234 emissions_WestH6ToSaxonSt.234,electric,1.02,0.0,0.0,0.0,0.0,0.0,0.0,0.0
WestA509ToAvebury.101,1818.0,773_0,0.0,0.0,0.0,5429.0,213_0,19.13,13.95,3611.0,2323.29,3184.0,39,0.0,3453.54,0,tripinfo_WestA509ToAvebury.101 emissions_WestA509ToAvebury.101,electric,1.07,0.0,0.0,0.0,0.0,0.0,0.0,0.0
WestH6ToSaxonSt.230,2760.0,524_0,0.0,0.0,0.0,5430.0,771_1,56.88,12.95,2670.0,2555.03,2111.0,38,0.0,2487.29,0,tripinfo_WestH6ToSaxonSt.230 emissions_WestH6ToSaxonSt.230,gasoline_euro4,1.03,396915.289681,6938446.141056,1969.730221,167.451553,3140.287804,2213177.878491,0.0
WestA509ToAvebury.178,3207.0,773_0,0.0,0.0,3.0,5431.0,213_0,19.13,13.92,2224.0,2327.58,1777.0,35,0.0,2067.89,0,tripinfo_WestA509ToAvebury.178 emissions_WestA509ToAvebury.178,gasoline_euro4,1.09,330634.841354,5859667.119073,1642.805409,141.32822,2651.391192,1869073.530175,0.0
WestH6ToSaxonSt.233,2796.0,524_0,0.0,0.0,0.0,5432.0,771_1,56.88,11.39,2636.0,2555.05,2085.0,38,0.0,2430.43,0,tripinfo_WestH6ToSaxonSt.233 emissions_WestH6ToSaxonSt.233,gasoline_euro4,0.9,389790.757201,6779741.683669,1933.442006,163.098312,3065.061037,2162557.276257,0.0
EastSilburyToEastAvebury.98,2406.0,317_0,0.0,0.0,438.0,5434.0,213_0,19.13,12.55,3028.0,680.87,2809.0,29,0.0,2976.26,0,tripinfo_EastSilburyToEastAvebury.98 emissions_EastSilburyToEastAvebury.98,electric,0.99,0.0,0.0,0.0,0.0,0.0,0.0,0.0
EastSilburyToEastAvebury.68,1488.0,317_0,0.0,0.0,0.0,5440.0,213_0,19.13,14.02,3952.0,680.87,3668.0,44,0.0,3904.27,0,tripinfo_EastSilburyToEastAvebury.68 emissions_EastSilburyToEastAvebury.68,electric,1.05,0.0,0.0,0.0,0.0,0.0,0.0,0.0
WestA509ToEastH6.90,3243.0,773_0,0.0,0.0,3.0,5469.0,522_0,56.88,13.29,2226.0,2755.17,1750.0,32,0.0,2034.89,0,tripinfo_WestA509ToEastH6.90 emissions_WestA509ToEastH6.90,gasoline_euro4,1.04,325751.887694,5858572.30672,1620.008858,140.213024,2643.357436,1868722.458607,0.0
WestH6ToSaxonSt.235,2820.0,524_0,0.0,0.0,0.0,5499.0,771_1,56.88,13.17,2679.0,2555.04,2146.0,38,0.0,2496.48,0,tripinfo_WestH6ToSaxonSt.235 emissions_WestH6ToSaxonSt.235,gasoline_euro4,1.02,398858.757748,6952786.668868,1978.483917,167.748974,3144.491502,2217752.951598,0.0
WestH6ToSaxonSt.237,2844.0,524_0,0.0,0.0,0.0,5501.0,771_1,56.88,14.38,2657.0,2555.04,2120.0,39,0.0,2482.94,0,tripinfo_WestH6ToSaxonSt.237 emissions_WestH6ToSaxonSt.237,electric,1.07,0.0,0.0,0.0,0.0,0.0,0.0,0.0
WestH6ToSaxonSt.239,2868.0,524_0,0.0,0.0,0.0,5502.0,771_1,56.88,14.77,2634.0,2555.04,2120.0,37,0.0,2464.58,0,tripinfo_WestH6ToSaxonSt.239 emissions_WestH6ToSaxonSt.239,electric,1.1,0.0,0.0,0.0,0.0,0.0,0.0,0.0
WestH6ToSaxonSt.238,2856.0,524_0,0.0,0.0,0.0,5505.0,771_1,56.88,12.87,2649.0,2555.07,2131.0,37,0.0,2465.17,0,tripinfo_WestH6ToSaxonSt.238 emissions_WestH6ToSaxonSt.238,electric,1.01,0.0,0.0,0.0,0.0,0.0,0.0,0.0
WestH6ToSaxonSt.236,2832.0,524_0,0.0,0.0,0.0,5512.0,771_1,56.88,11.85,2680.0,2555.03,2148.0,39,0.0,2477.26,0,tripinfo_WestH6ToSaxonSt.236 emissions_WestH6ToSaxonSt.236,gasoline_euro4,0.92,397259.657125,6923233.927941,1970.885776,167.076912,3133.063275,2208326.396876,0.0
WestH6ToSaxonSt.240,2880.0,524_0,0.0,0.0,0.0,5513.0,771_1,56.88,13.37,2633.0,2555.0,2102.0,39,0.0,2452.64,0,tripinfo_WestH6ToSaxonSt.240 emissions_WestH6ToSaxonSt.240,gasoline_euro4,1.03,390395.943296,6823671.125295,1937.430568,164.934589,3090.090682,2176567.443666,0.0
WestA509ToAvebury.179,3222.0,773_0,0.0,0.0,0.0,5513.0,213_0,19.13,13.27,2291.0,2327.58,1846.0,36,0.0,2123.78,0,tripinfo_WestA509ToAvebury.179 emissions_WestA509ToAvebury.179,gasoline_euro4,1.01,340063.396923,6010590.061835,1689.038969,144.961407,2720.025477,1917214.359313,0.0
EastSilburyToEastAvebury.91,2142.0,317_0,0.0,0.0,286.0,5515.0,213_0,19.13,14.7,3373.0,680.87,3105.0,36,0.0,3326.54,0,tripinfo_EastSilburyToEastAvebury.91 emissions_EastSilburyToEastAvebury.91,electric,1.09,0.0,0.0,0.0,0.0,0.0,0.0,0.0
WestH6ToSaxonSt.241,2892.0,524_0,0.0,0.0,0.0,5515.0,771_1,56.88,12.71,2623.0,2555.04,2112.0,42,0.0,2437.78,0,tripinfo_WestH6ToSaxonSt.241 emissions_WestH6ToSaxonSt.241,electric,1.0,0.0,0.0,0.0,0.0,0.0,0.0,0.0
WestA509ToAvebury.181,3258.0,773_0,0.0,0.0,0.0,5516.0,213_0,19.13,15.18,2258.0,2327.58,1798.0,41,0.0,2104.5,0,tripinfo_WestA509ToAvebury.181 emissions_WestA509ToAvebury.181,gasoline_euro4,1.1,336932.042408,5963340.411634,1673.770538,143.630762,2697.263919,1902142.947784,0.0
EastSilburyToEastAvebury.89,2056.0,317_0,0.0,0.0,232.0,5519.0,213_0,19.13,14.24,3463.0,680.87,3212.0,33,0.0,3417.17,0,tripinfo_EastSilburyToEastAvebury.89 emissions_EastSilburyToEastAvebury.89,gasoline_euro4,1.11,555439.859931,9063931.12651,2741.926644,225.810842,4147.705887,2891165.971677,0.0
WestA509ToAvebury.180,3240.0,773_0,0.0,0.0,0.0,5523.0,213_0,19.13,12.19,2283.0,2327.58,1815.0,35,0.0,2096.66,0,tripinfo_WestA509ToAvebury.180 emissions_WestA509ToAvebury.180,gasoline_euro4,0.91,338202.876185,5970009.528222,1679.744444,143.579469,2699.998361,1904271.003351,0.0
WestA509ToEastH6.91,3276.0,773_0,0.0,0.0,0.0,5566.0,522_0,56.88,12.26,2290.0,2755.12,1772.0,32,0.0,2070.18,0,tripinfo_WestA509ToEastH6.91 emissions_WestA509ToEastH6.91,electric,0.91,0.0,0.0,0.0,0.0,0.0,0.0,0.0
WestH6ToSaxonSt.243,2916.0,524_0,0.0,0.0,0.0,5586.0,771_1,56.88,14.0,2670.0,2555.04,2171.0,37,0.0,2490.95,0,tripinfo_WestH6ToSaxonSt.243 emissions_WestH6ToSaxonSt.243,gasoline_euro4,1.04,400247.629679,6969368.012583,1985.309205,168.360983,3153.243655,2223042.008314,0.0
WestH6ToSaxonSt.245,2940.0,524_0,0.0,0.0,0.0,5587.0,771_1,56.88,14.21,2647.0,2555.04,2155.0,38,0.0,2478.11,0,tripinfo_WestH6ToSaxonSt.245 emissions_WestH6ToSaxonSt.245,gasoline_euro4,1.1,396871.597504,6945490.988525,1969.626055,167.956373,3144.173283,2215424.376633,0.0
WestH6ToSaxonSt.247,2964.0,524_0,0.0,0.0,0.0,5589.0,771_1,56.88,15.12,2625.0,2555.04,2115.0,39,0.0,2460.9,0,tripinfo_WestH6ToSaxonSt.247 emissions_WestH6ToSaxonSt.247,electric,1.14,0.0,0.0,0.0,0.0,0.0,0.0,0.0
WestH6ToSaxonSt.242,2904.0,524_0,0.0,0.0,0.0,5597.0,771_1,56.88,12.08,2693.0,2555.03,2172.0,40,0.0,2494.41,0,tripinfo_WestH6ToSaxonSt.242 emissions_WestH6ToSaxonSt.242,gasoline_euro4,0.94,401060.333985,6989531.055228,1989.625699,168.498361,3161.752996,2229473.599672,0.0
WestH6ToSaxonSt.244,2928.0,524_0,0.0,0.0,0.0,5599.0,771_1,56.88,12.78,2671.0,2555.03,2161.0,38,0.0,2481.03,0,tripinfo_WestH6ToSaxonSt.244 emissions_WestH6ToSaxonSt.244,gasoline_euro4,0.98,398021.947402,6942013.717217,1974.778772,167.643452,3142.098148,2214316.306591,0.0
WestH6ToSaxonSt.248,2976.0,524_0,0.0,0.0,0.0,5600.0,771_1,56.88,13.32,2624.0,2555.04,2097.0,38,0.0,2443.4,0,tripinfo_WestH6ToSaxonSt.248 emissions_WestH6ToSaxonSt.248,electric,1.03,0.0,0.0,0.0,0.0,0.0,0.0,0.0
WestH6ToSaxonSt.246,2952.0,524_0,0.0,0.0,0.0,5602.0,771_1,56.88,13.72,2650.0,2555.06,2126.0,38,0.0,2475.41,0,tripinfo_WestH6ToSaxonSt.246 emissions_WestH6ToSaxonSt.246,gasoline_euro4,1.07,395095.902202,6903864.176893,1960.476576,166.63874,3124.11998,2202147.219496,0.0
WestA509ToAvebury.182,3278.0,773_0,0.0,0.0,2.0,5606.0,213_0,19.13,10.46,2328.0,2327.58,1852.0,40,0.0,2121.9,0,tripinfo_WestA509ToAvebury.182 emissions_WestA509ToAvebury.182,electric,0.82,0.0,0.0,0.0,0.0,0.0,0.0,0.0
WestA509ToAvebury.154,2775.0,773_0,0.0,0.0,3.0,5608.0,213_0,19.13,14.84,2833.0,2327.58,2359.0,45,0.0,2679.28,0,tripinfo_WestA509ToAvebury.154 emissions_WestA509ToAvebury.154,gasoline_euro4,1.11,429706.214098,7411138.412832,2129.906298,179.928369,3359.610735,2363956.464864,0.0
WestA509ToAvebury.186,3351.0,773_0,0.0,0.0,3.0,5609.0,213_0,19.13,14.67,2258.0,2327.58,1795.0,33,0.0,2102.83,0,tripinfo_WestA509ToAvebury.186 emissions_WestA509ToAvebury.186,gasoline_euro4,1.09,335152.787469,5938755.749899,1664.969516,142.728314,2684.112185,1894301.188361,0.0
WestA509ToAvebury.183,3294.0,773_0,0.0,0.0,0.0,5612.0,213_0,19.13,13.12,2318.0,2327.58,1867.0,34,0.0,2143.41,0,tripinfo_WestA509ToAvebury.183 emissions_WestA509ToAvebury.183,electric,0.97,0.0,0.0,0.0,0.0,0.0,0.0,0.0
WestA509ToEastH6.92,3315.0,773_0,0.0,0.0,3.0,5634.0,522_0,56.88,14.19,2319.0,2755.12,1827.0,33,0.0,2124.66,0,tripinfo_WestA509ToEastH6.92 emissions_WestA509ToEastH6.92,gasoline_euro4,1.03,339945.414555,6073935.518323,1689.600301,145.252109,2739.190718,1937418.964565,0.0
WestA509ToEastH6.94,3384.0,773_0,0.0,0.0,0.0,5652.0,522_0,56.88,13.09,2268.0,2755.17,1777.0,32,0.0,2065.18,0,tripinfo_WestA509ToEastH6.94 emissions_WestA509ToEastH6.94,electric,0.99,0.0,0.0,0.0,0.0,0.0,0.0,0.0
WestH6ToSaxonSt.249,2988.0,524_0,0.0,0.0,0.0,5673.0,771_1,56.88,14.55,2685.0,2555.05,2148.0,40,0.0,2518.51,0,tripinfo_WestH6ToSaxonSt.249 emissions_WestH6ToSaxonSt.249,electric,1.12,0.0,0.0,0.0,0.0,0.0,0.0,0.0
WestH6ToSaxonSt.250,3000.0,524_0,0.0,0.0,0.0,5676.0,771_1,56.88,14.36,2676.0,2555.05,2137.0,39,0.0,2501.07,0,tripinfo_WestH6ToSaxonSt.250 emissions_WestH6ToSaxonSt.250,electric,1.06,0.0,0.0,0.0,0.0,0.0,0.0,0.0
WestH6ToSaxonSt.252,3024.0,524_0,0.0,0.0,0.0,5678.0,771_1,56.88,13.67,2654.0,2555.04,2125.0,39,0.0,2478.47,0,tripinfo_WestH6ToSaxonSt.252 emissions_WestH6ToSaxonSt.252,electric,1.06,0.0,0.0,0.0,0.0,0.0,0.0,0.0
WestH6ToSaxonSt.254,3048.0,524_0,0.0,0.0,0.0,5681.0,771_1,56.88,13.91,2633.0,2555.04,2071.0,41,0.0,2456.21,0,tripinfo_WestH6ToSaxonSt.254 emissions_WestH6ToSaxonSt.254,gasoline_euro4,1.06,391052.021664,6823063.762408,1940.211985,164.869451,3088.404703,2176374.262891,0.0
WestH6ToSaxonSt.251,3012.0,524_0,0.0,0.0,0.0,5688.0,771_1,56.88,11.64,2676.0,2555.03,2137.0,38,0.0,2475.41,0,tripinfo_WestH6ToSaxonSt.251 emissions_WestH6ToSaxonSt.251,gasoline_euro4,0.93,397924.972205,6922764.64625,1973.875464,166.688347,3130.437786,2208177.580752,0.0
WestA509ToAvebury.107,1926.0,773_0,0.0,0.0,0.0,5690.0,213_0,19.13,11.78,3764.0,2322.44,3376.0,42,0.0,3581.92,0,tripinfo_WestA509ToAvebury.107 emissions_WestA509ToAvebury.107,gasoline_euro4,0.93,586532.700285,9844760.722376,2901.251938,241.341258,4477.65563,3140224.901154,0.0
WestH6ToSaxonSt.253,3036.0,524_0,0.0,0.0,0.0,5690.0,771_1,56.88,13.74,2654.0,2555.03,2094.0,40,0.0,2471.43,0,tripinfo_WestH6ToSaxonSt.253 emissions_WestH6ToSaxonSt.253,electric,1.02,0.0,0.0,0.0,0.0,0.0,0.0,0.0
WestA509ToAvebury.187,3366.0,773_0,0.0,0.0,0.0,5691.0,213_0,19.13,13.75,2325.0,2327.58,1862.0,43,0.0,2158.4,0,tripinfo_WestA509ToAvebury.187 emissions_WestA509ToAvebury.187,gasoline_euro4,1.02,345810.395925,6098320.3265,1717.350835,147.070412,2760.138406,1945198.419779,0.0
WestH6ToSaxonSt.256,3072.0,524_0,0.0,0.0,0.0,5693.0,771_1,56.88,12.87,2621.0,2555.0,2065.0,39,0.0,2426.82,0,tripinfo_WestH6ToSaxonSt.256 emissions_WestH6ToSaxonSt.256,gasoline_euro4,0.96,390271.282115,6842102.399288,1937.275143,164.946412,3095.844458,2182446.27268,0.0
WestA509ToAvebury.189,3402.0,773_0,0.0,0.0,0.0,5693.0,213_0,19.13,13.4,2291.0,2327.58,1831.0,35,0.0,2117.33,0,tripinfo_WestA509ToAvebury.189 emissions_WestA509ToAvebury.189,gasoline_euro4,0.97,340408.852679,6009384.842789,1690.699197,144.92147,2719.612481,1916830.220773,0.0
WestA509ToAvebury.170,3060.0,773_0,0.0,0.0,0.0,5696.0,213_0,19.13,13.85,2636.0,2327.58,2126.0,46,0.0,2470.5,0,tripinfo_WestA509ToAvebury.170 emissions_WestA509ToAvebury.170,gasoline_euro4,1.03,394195.916764,6851464.228278,1955.238901,165.904268,3104.631699,2185433.745209,0.0
EastSilburyToEastAvebury.74,1584.0,317_0,0.0,0.0,0.0,5699.0,213_0,19.13,11.54,4115.0,631.03,3850.0,38,0.0,4028.17,0,tripinfo_EastSilburyToEastAvebury.74 emissions_EastSilburyToEastAvebury.74,gasoline_euro4,0.91,658591.348279,10655243.338703,3248.994837,266.023799,4879.555184,3398757.478356,0.0
WestA509ToAvebury.185,3330.0,773_0,0.0,0.0,0.0,5701.0,213_0,19.13,14.51,2371.0,2327.58,1907.0,34,0.0,2217.46,0,tripinfo_WestA509ToAvebury.185 emissions_WestA509ToAvebury.185,electric,1.11,0.0,0.0,0.0,0.0,0.0,0.0,0.0
WestA509ToAvebury.175,3150.0,773_0,0.0,0.0,0.0,5703.0,213_0,19.13,15.17,2553.0,2327.58,2080.0,43,0.0,2399.86,0,tripinfo_WestA509ToAvebury.175 emissions_WestA509ToAvebury.175,gasoline_euro4,1.11,383666.107473,6716070.768345,1904.376962,162.781475,3044.341636,2142244.941343,0.0
WestH6ToSaxonSt.255,3060.0,524_0,0.0,0.0,0.0,5766.0,771_1,56.88,13.03,2706.0,2555.04,2136.0,40,0.0,2511.32,0,tripinfo_WestH6ToSaxonSt.255 emissions_WestH6ToSaxonSt.255,electric,0.96,0.0,0.0,0.0,0.0,0.0,0.0,0.0
WestH6ToSaxonSt.258,3096.0,524_0,0.0,0.0,0.0,5767.0,771_1,56.88,14.08,2671.0,2555.04,2130.0,39,0.0,2503.97,0,tripinfo_WestH6ToSaxonSt.258 emissions_WestH6ToSaxonSt.258,gasoline_euro4,1.12,398602.665909,6953763.95023,1977.432551,168.024121,3146.926991,2218064.134671,0.0
WestH6ToSaxonSt.257,3084.0,524_0,0.0,0.0,0.0,5769.0,771_1,56.88,13.77,2685.0,2555.05,2127.0,38,0.0,2503.55,0,tripinfo_WestH6ToSaxonSt.257 emissions_WestH6ToSaxonSt.257,gasoline_euro4,1.03,398610.400464,6948816.564833,1977.260712,167.708926,3143.806061,2216486.450026,0.0
WestH6ToSaxonSt.259,3108.0,524_0,0.0,0.0,0.0,5771.0,771_1,56.88,13.86,2663.0,2555.04,2124.0,37,0.0,2480.04,0,tripinfo_WestH6ToSaxonSt.259 emissions_WestH6ToSaxonSt.259,electric,1.02,0.0,0.0,0.0,0.0,0.0,0.0,0.0
WestH6ToSaxonSt.260,3120.0,524_0,0.0,0.0,0.0,5774.0,771_1,56.88,13.67,2654.0,2555.03,2114.0,39,0.0,2467.86,0,tripinfo_WestH6ToSaxonSt.260 emissions_WestH6ToSaxonSt.260,electric,1.0,0.0,0.0,0.0,0.0,0.0,0.0,0.0
WestH6ToSaxonSt.262,3245.0,524_0,0.0,0.0,101.0,5776.0,771_1,56.88,14.32,2531.0,2555.03,2008.0,36,0.0,2364.78,0,tripinfo_WestH6ToSaxonSt.262 emissions_WestH6ToSaxonSt.262,gasoline_euro4,1.12,374413.139078,6556628.861368,1858.151045,158.127966,2965.985519,2091388.127766,0.0
WestH6ToSaxonSt.261,3220.0,524_0,0.0,0.0,88.0,5779.0,771_1,56.88,14.11,2559.0,2555.04,2020.0,38,0.0,2376.31,0,tripinfo_WestH6ToSaxonSt.261 emissions_WestH6ToSaxonSt.261,gasoline_euro4,1.02,379100.367194,6649124.441201,1881.697182,160.339742,3008.110126,2120891.355398,0.0
WestA509ToAvebury.190,3420.0,773_0,0.0,0.0,0.0,5782.0,213_0,19.13,12.96,2362.0,2327.58,1897.0,36,0.0,2193.58,0,tripinfo_WestA509ToAvebury.190 emissions_WestA509ToAvebury.190,gasoline_euro4,1.01,351761.588331,6205243.780434,1746.856423,149.548275,2807.191609,1979304.157428,0.0
WestA509ToAvebury.191,3438.0,773_0,0.0,0.0,0.0,5784.0,213_0,19.13,12.47,2346.0,2327.58,1871.0,37,0.0,2175.14,0,tripinfo_WestA509ToAvebury.191 emissions_WestA509ToAvebury.191,electric,0.99,0.0,0.0,0.0,0.0,0.0,0.0,0.0
WestA509ToAvebury.117,2106.0,773_0,0.0,0.0,0.0,5788.0,213_0,19.13,11.46,3682.0,2322.44,3224.0,48,0.0,3487.6,0,tripinfo_WestA509ToAvebury.117 emissions_WestA509ToAvebury.117,gasoline_euro4,0.87,570053.57643,9583223.900883,2820.421147,234.547799,4357.967961,3056801.174902,0.0
WestA509ToEastH6.96,3456.0,773_0,0.0,0.0,0.0,5817.0,522_1,56.88,13.95,2361.0,2755.17,1832.0,34,0.0,2169.8,0,tripinfo_WestA509ToEastH6.96 emissions_WestA509ToEastH6.96,gasoline_euro4,1.05,345690.876106,6168811.9031,1718.315128,147.760391,2784.478124,1967681.89819,0.0
WestA509ToEastH6.95,3423.0,773_0,0.0,0.0,3.0,5818.0,522_0,56.88,11.24,2395.0,2755.12,1871.0,34,0.0,2162.33,0,tripinfo_WestA509ToEastH6.95 emissions_WestA509ToEastH6.95,gasoline_euro4,0.86,348504.052125,6191990.57144,1731.946552,148.08893,2795.109251,1975076.443408,0.0
WestA509ToEastH6.97,3495.0,773_0,0.0,0.0,3.0,5830.0,522_0,56.88,11.79,2335.0,2755.17,1835.0,28,0.0,2108.67,0,tripinfo_WestA509ToEastH6.97 emissions_WestA509ToEastH6.97,electric,0.88,0.0,0.0,0.0,0.0,0.0,0.0,0.0
WestH6ToSaxonSt.263,3260.0,524_0,0.0,0.0,104.0,5856.0,771_1,56.88,12.14,2596.0,2555.04,2046.0,37,0.0,2394.67,0,tripinfo_WestH6ToSaxonSt.263 emissions_WestH6ToSaxonSt.263,gasoline_euro4,0.93,382147.310232,6679924.543452,1896.229075,160.536437,3018.869388,2130717.219646,0.0
WestH6ToSaxonSt.264,3266.0,524_0,0.0,0.0,98.0,5857.0,771_1,56.88,13.08,2591.0,2555.04,2045.0,35,0.0,2396.56,0,tripinfo_WestH6ToSaxonSt.264 emissions_WestH6ToSaxonSt.264,gasoline_euro4,0.96,383210.319193,6683145.564879,1901.016425,160.86788,3021.378131,2131744.918302,0.0
WestH6ToSaxonSt.266,3376.0,524_0,0.0,0.0,184.0,5859.0,771_1,56.88,14.37,2483.0,2555.04,1974.0,36,0.0,2313.6,0,tripinfo_WestH6ToSaxonSt.266 emissions_WestH6ToSaxonSt.266,gasoline_euro4,1.1,367987.646806,6465543.059244,1826.854332,155.928244,2924.823263,2062333.421894,0.0
WestH6ToSaxonSt.267,3452.0,524_0,0.0,0.0,248.0,5861.0,771_1,56.88,13.33,2409.0,2555.04,1890.0,34,0.0,2227.67,0,tripinfo_WestH6ToSaxonSt.267 emissions_WestH6ToSaxonSt.267,gasoline_euro4,1.03,354955.977538,6251469.868616,1762.173054,150.119269,2823.332122,1994050.073271,0.0
WestH6ToSaxonSt.265,3349.0,524_0,0.0,0.0,169.0,5869.0,771_1,56.88,11.04,2520.0,2555.03,1972.0,37,0.0,2303.22,0,tripinfo_WestH6ToSaxonSt.265 emissions_WestH6ToSaxonSt.265,electric,0.86,0.0,0.0,0.0,0.0,0.0,0.0,0.0
WestA509ToAvebury.193,3474.0,773_0,0.0,0.0,0.0,5870.0,213_0,19.13,11.95,2396.0,2327.58,1940.0,40,0.0,2213.24,0,tripinfo_WestA509ToAvebury.193 emissions_WestA509ToAvebury.193,gasoline_euro4,0.92,356892.140711,6257326.458148,1771.627835,150.978958,2832.891355,1995918.299588,0.0
WestH6ToSaxonSt.268,3459.0,524_0,0.0,0.0,243.0,5871.0,771_1,56.88,14.63,2412.0,2555.04,1886.0,35,0.0,2239.23,0,tripinfo_WestH6ToSaxonSt.268 emissions_WestH6ToSaxonSt.268,electric,1.08,0.0,0.0,0.0,0.0,0.0,0.0,0.0
WestH6ToSaxonSt.269,3490.0,524_0,0.0,0.0,262.0,5872.0,771_1,56.88,13.26,2382.0,2555.03,1850.0,32,0.0,2201.46,0,tripinfo_WestH6ToSaxonSt.269 emissions_WestH6ToSaxonSt.269,electric,1.03,0.0,0.0,0.0,0.0,0.0,0.0,0.0
WestA509ToAvebury.192,3459.0,773_0,0.0,0.0,3.0,5872.0,213_0,19.13,12.47,2413.0,2327.58,1941.0,39,0.0,2237.37,0,tripinfo_WestA509ToAvebury.192 emissions_WestA509ToAvebury.192,gasoline_euro4,0.97,359107.458247,6293419.961439,1782.473569,151.773928,2848.107445,2007431.362195,0.0
WestA509ToAvebury.198,3564.0,773_0,0.0,0.0,0.0,5880.0,213_0,19.13,13.43,2316.0,2327.58,1854.0,32,0.0,2146.49,0,tripinfo_WestA509ToAvebury.198 emissions_WestA509ToAvebury.198,gasoline_euro4,1.0,342627.294449,6032915.789793,1701.202688,145.176175,2727.330205,1924336.920112,0.0
WestA509ToEastH6.99,3567.0,773_0,0.0,0.0,3.0,5902.0,522_0,56.88,13.31,2335.0,2755.17,1857.0,28,0.0,2135.53,0,tripinfo_WestA509ToEastH6.99 emissions_WestA509ToEastH6.99,gasoline_euro4,1.0,342263.296864,6093218.25272,1700.887783,145.904983,2749.409315,1943570.222089,0.0
WestA509ToEastH6.93,3348.0,773_0,0.0,0.0,0.0,5906.0,522_1,56.88,14.56,2558.0,2749.98,2058.0,31,0.0,2374.8,0,tripinfo_WestA509ToEastH6.93 emissions_WestA509ToEastH6.93,electric,1.09,0.0,0.0,0.0,0.0,0.0,0.0,0.0
WestA509ToEastH6.89,3204.0,773_0,0.0,0.0,0.0,5907.0,522_1,56.88,14.89,2703.0,2749.98,2232.0,32,0.0,2526.23,0,tripinfo_WestA509ToEastH6.89 emissions_WestA509ToEastH6.89,gasoline_euro4,1.13,404776.864263,7113408.957634,2009.606524,172.159936,3220.93229,2268984.443262,0.0
WestA509ToEastH6.98,3531.0,773_0,0.0,0.0,3.0,5910.0,522_0,56.88,10.73,2379.0,2755.12,1833.0,28,0.0,2132.3,0,tripinfo_WestA509ToEastH6.98 emissions_WestA509ToEastH6.98,electric,0.81,0.0,0.0,0.0,0.0,0.0,0.0,0.0
WestH6ToSaxonSt.270,3596.0,524_0,0.0,0.0,356.0,5935.0,771_1,56.88,14.96,2339.0,2555.02,1813.0,32,0.0,2178.59,0,tripinfo_WestH6ToSaxonSt.270 emissions_WestH6ToSaxonSt.270,gasoline_euro4,1.16,345385.844794,6135294.340492,1716.185676,147.503255,2772.314552,1956991.112487,0.0
WestH6ToSaxonSt.272,3667.0,524_0,0.0,0.0,403.0,5939.0,771_1,56.88,15.85,2272.0,2555.04,1777.0,31,0.0,2110.13,0,tripinfo_WestH6ToSaxonSt.272 emissions_WestH6ToSaxonSt.272,electric,1.15,0.0,0.0,0.0,0.0,0.0,0.0,0.0
WestH6ToSaxonSt.271,3615.0,524_0,0.0,0.0,363.0,5943.0,771_1,56.88,13.93,2328.0,2555.05,1806.0,30,0.0,2147.66,0,tripinfo_WestH6ToSaxonSt.271 emissions_WestH6ToSaxonSt.271,gasoline_euro4,1.03,341654.59764,6020264.117241,1696.452809,144.764382,2720.602126,1920301.351421,0.0
WestH6ToSaxonSt.274,3835.0,524_0,0.0,0.0,547.0,5945.0,771_1,56.88,14.53,2110.0,2555.04,1620.0,29,0.0,1932.23,0,tripinfo_WestH6ToSaxonSt.274 emissions_WestH6ToSaxonSt.274,gasoline_euro4,1.05,305830.820479,5434767.740097,1519.289365,129.93322,2450.501957,1733543.04177,0.0
WestH6ToSaxonSt.273,3675.0,524_0,0.0,0.0,399.0,5951.0,771_1,56.88,12.0,2276.0,2555.03,1768.0,32,0.0,2076.65,0,tripinfo_WestH6ToSaxonSt.273 emissions_WestH6ToSaxonSt.273,electric,0.93,0.0,0.0,0.0,0.0,0.0,0.0,0.0
WestA509ToAvebury.184,3312.0,773_0,0.0,0.0,0.0,5953.0,213_0,19.13,13.01,2641.0,2327.58,2128.0,46,0.0,2467.21,0,tripinfo_WestA509ToAvebury.184 emissions_WestA509ToAvebury.184,electric,0.97,0.0,0.0,0.0,0.0,0.0,0.0,0.0
EastSilburyToEastAvebury.64,1424.0,317_0,0.0,0.0,0.0,5955.0,213_0,19.13,13.47,4531.0,642.19,4216.0,52,0.0,4484.03,0,tripinfo_EastSilburyToEastAvebury.64 emissions_EastSilburyToEastAvebury.64,electric,1.0,0.0,0.0,0.0,0.0,0.0,0.0,0.0
WestH6ToSaxonSt.276,3973.0,524_0,0.0,0.0,661.0,5955.0,771_1,56.88,12.58,1982.0,2555.04,1498.0,26,0.0,1780.58,0,tripinfo_WestH6ToSaxonSt.276 emissions_WestH6ToSaxonSt.276,gasoline_euro4,0.93,283770.550437,5089637.223178,1410.93141,121.101583,2292.324955,1623454.775836,0.0
EastSilburyToEastAvebury.75,1600.0,317_0,0.0,0.0,0.0,5958.0,213_0,19.13,12.26,4358.0,680.87,4120.0,34,0.0,4304.65,0,tripinfo_EastSilburyToEastAvebury.75 emissions_EastSilburyToEastAvebury.75,gasoline_euro4,0.95,703132.867187,11406616.37397,3469.283362,284.443688,5220.987059,3638425.974796,0.0
WestA509ToAvebury.140,2520.0,773_0,0.0,0.0,0.0,5960.0,213_0,19.13,13.64,3440.0,2311.23,2925.0,49,0.0,3256.62,0,tripinfo_WestA509ToAvebury.140 emissions_WestA509ToAvebury.140,electric,1.05,0.0,0.0,0.0,0.0,0.0,0.0,0.0
WestH6ToSaxonSt.275,3865.0,524_0,0.0,0.0,565.0,5960.0,771_1,56.88,11.13,2095.0,2555.03,1583.0,27,0.0,1880.58,0,tripinfo_WestH6ToSaxonSt.275 emissions_WestH6ToSaxonSt.275,electric,0.87,0.0,0.0,0.0,0.0,0.0,0.0,0.0
WestA509ToAvebury.199,3582.0,773_0,0.0,0.0,0.0,5962.0,213_0,19.13,11.95,2380.0,2327.58,1925.0,28,0.0,2199.2,0,tripinfo_WestA509ToAvebury.199 emissions_WestA509ToAvebury.199,electric,0.94,0.0,0.0,0.0,0.0,0.0,0.0,0.0
EastSilburyToEastAvebury.100,2760.0,317_0,0.0,0.0,760.0,5964.0,213_0,19.13,14.54,3204.0,680.87,2953.0,34,0.0,3157.91,0,tripinfo_EastSilburyToEastAvebury.100 emissions_EastSilburyToEastAvebury.100,electric,1.1,0.0,0.0,0.0,0.0,0.0,0.0,0.0
EastSilburyToEastAvebury.109,4507.0,317_0,0.0,0.0,2363.0,5968.0,213_0,19.13,11.9,1461.0,680.87,1275.0,21,0.0,1404.6,0,tripinfo_EastSilburyToEastAvebury.109 emissions_EastSilburyToEastAvebury.109,electric,0.9,0.0,0.0,0.0,0.0,0.0,0.0,0.0
WestH6ToSaxonSt.277,3979.0,524_0,0.0,0.0,655.0,6024.0,771_1,56.88,14.67,2045.0,2555.03,1568.0,28,0.0,1872.41,0,tripinfo_WestH6ToSaxonSt.277 emissions_WestH6ToSaxonSt.277,gasoline_euro4,1.08,295627.247204,5307589.966012,1470.184778,126.914328,2394.303488,1692974.804209,0.0
WestH6ToSaxonSt.278,4108.0,524_0,0.0,0.0,772.0,6034.0,771_1,56.88,11.47,1926.0,2555.04,1430.0,27,0.0,1718.67,0,tripinfo_WestH6ToSaxonSt.278 emissions_WestH6ToSaxonSt.278,gasoline_euro4,0.9,274646.600003,4954629.630351,1366.528421,117.444435,2229.60787,1580390.501103,0.0
WestH6ToSaxonSt.279,4111.0,524_0,0.0,0.0,763.0,6036.0,771_1,56.88,15.04,1925.0,2555.05,1445.0,27,0.0,1760.62,0,tripinfo_WestH6ToSaxonSt.279 emissions_WestH6ToSaxonSt.279,gasoline_euro4,1.13,275824.591786,4985905.030153,1372.509697,118.688706,2245.307053,1590365.623814,0.0
WestH6ToSaxonSt.280,4121.0,524_0,0.0,0.0,761.0,6037.0,771_1,56.88,14.41,1916.0,2555.04,1442.0,27,0.0,1738.64,0,tripinfo_WestH6ToSaxonSt.280 emissions_WestH6ToSaxonSt.280,gasoline_euro4,1.05,275150.779275,4961303.77532,1368.848196,118.262223,2235.270294,1582518.76637,0.0
WestH6ToSaxonSt.282,4275.0,524_0,0.0,0.0,891.0,6039.0,771_1,56.88,14.62,1764.0,2555.04,1323.0,26,0.0,1592.1,0,tripinfo_WestH6ToSaxonSt.282 emissions_WestH6ToSaxonSt.282,electric,1.08,0.0,0.0,0.0,0.0,0.0,0.0,0.0
WestH6ToSaxonSt.281,4247.0,524_0,0.0,0.0,875.0,6041.0,771_1,56.88,13.9,1794.0,2555.03,1338.0,26,0.0,1610.3,0,tripinfo_WestH6ToSaxonSt.281 emissions_WestH6ToSaxonSt.281,gasoline_euro4,1.02,255559.433052,4667146.394043,1272.662391,110.663887,2099.030491,1488689.269553,0.0
EastSilburyToEastAvebury.92,2221.0,317_0,0.0,0.0,349.0,6042.0,213_0,19.13,11.04,3821.0,680.87,3582.0,31,0.0,3762.05,0,tripinfo_EastSilburyToEastAvebury.92 emissions_EastSilburyToEastAvebury.92,electric,0.85,0.0,0.0,0.0,0.0,0.0,0.0,0.0
WestH6ToSaxonSt.284,4301.0,524_0,0.0,0.0,893.0,6042.0,771_1,56.88,15.73,1741.0,2555.04,1302.0,24,0.0,1582.09,0,tripinfo_WestH6ToSaxonSt.284 emissions_WestH6ToSaxonSt.284,electric,1.17,0.0,0.0,0.0,0.0,0.0,0.0,0.0
WestA509ToAvebury.172,3096.0,773_0,0.0,0.0,0.0,6044.0,213_0,19.13,12.39,2948.0,2275.76,2475.0,38,0.0,2779.27,0,tripinfo_WestA509ToAvebury.172 emissions_WestA509ToAvebury.172,gasoline_euro4,0.98,445580.800631,7642278.206728,2207.897716,186.103115,3469.802438,2437684.814395,0.0
WestA509ToAvebury.194,3492.0,773_0,0.0,0.0,0.0,6046.0,213_0,19.13,15.02,2554.0,2275.76,2115.0,33,0.0,2405.21,0,tripinfo_WestA509ToAvebury.194 emissions_WestA509ToAvebury.194,gasoline_euro4,1.11,385612.216332,6697440.624229,1912.661837,162.513485,3035.857961,2136304.198831,0.0
EastSilburyToEastAvebury.95,2318.0,317_0,0.0,0.0,398.0,6051.0,213_0,19.13,9.9,3733.0,680.87,3486.0,35,0.0,3667.55,0,tripinfo_EastSilburyToEastAvebury.95 emissions_EastSilburyToEastAvebury.95,gasoline_euro4,0.77,600531.838281,9753893.261212,2963.443707,242.908104,4463.118331,3111248.418016,0.0
EastSilburyToEastAvebury.105,3891.0,317_0,0.0,0.0,1811.0,6053.0,213_0,19.13,13.87,2162.0,642.19,1985.0,22,0.0,2116.1,0,tripinfo_EastSilburyToEastAvebury.105 emissions_EastSilburyToEastAvebury.105,electric,1.03,0.0,0.0,0.0,0.0,0.0,0.0,0.0
EastSilburyToEastAvebury.103,3374.0,317_0,0.0,0.0,1326.0,6055.0,213_0,19.13,16.45,2681.0,680.87,2460.0,27,0.0,2638.69,0,tripinfo_EastSilburyToEastAvebury.103 emissions_EastSilburyToEastAvebury.103,gasoline_euro4,1.21,429173.697627,7053598.17716,2119.812262,175.088848,3224.124962,2249919.093154,0.0
EastSilburyToEastAvebury.102,3317.0,317_0,0.0,0.0,1285.0,6056.0,213_0,19.13,15.63,2739.0,680.87,2482.0,38,0.0,2694.79,0,tripinfo_EastSilburyToEastAvebury.102 emissions_EastSilburyToEastAvebury.102,gasoline_euro4,1.14,437836.058916,7190645.205811,2162.497203,178.583339,3287.54287,2293633.707844,0.0
WestH6ToSaxonSt.283,4296.0,524_0,0.0,0.0,900.0,6113.0,771_1,56.88,14.48,1817.0,2555.03,1368.0,25,0.0,1647.26,0,tripinfo_WestH6ToSaxonSt.283 emissions_WestH6ToSaxonSt.283,electric,1.1,0.0,0.0,0.0,0.0,0.0,0.0,0.0
WestH6ToSaxonSt.285,4309.0,524_0,0.0,0.0,889.0,6120.0,771_1,56.88,12.67,1811.0,2555.04,1352.0,27,0.0,1613.35,0,tripinfo_WestH6ToSaxonSt.285 emissions_WestH6ToSaxonSt.285,gasoline_euro4,0.94,258158.944194,4683379.569987,1284.798709,110.82066,2105.109126,1493868.539024,0.0
WestH6ToSaxonSt.287,4464.0,524_0,0.0,0.0,1020.0,6122.0,771_1,56.88,13.69,1658.0,2555.04,1226.0,22,0.0,1475.27,0,tripinfo_WestH6ToSaxonSt.287 emissions_WestH6ToSaxonSt.287,gasoline_euro4,1.02,234396.17479,4303838.642456,1167.774618,101.538968,1932.215807,1372804.035566,0.0
WestH6ToSaxonSt.290,4581.0,524_0,0.0,0.0,1101.0,6124.0,771_1,56.88,12.21,1543.0,2555.03,1138.0,20,0.0,1350.28,0,tripinfo_WestH6ToSaxonSt.290 emissions_WestH6ToSaxonSt.290,electric,0.97,0.0,0.0,0.0,0.0,0.0,0.0,0.0
WestA509ToAvebury.188,3387.0,773_0,0.0,0.0,3.0,6128.0,213_0,19.13,16.04,2741.0,2327.58,2246.0,48,0.0,2596.66,0,tripinfo_WestA509ToAvebury.188 emissions_WestA509ToAvebury.188,electric,1.18,0.0,0.0,0.0,0.0,0.0,0.0,0.0
WestH6ToSaxonSt.286,4399.0,524_0,0.0,0.0,967.0,6128.0,771_1,56.88,12.33,1729.0,2555.07,1281.0,23,0.0,1526.67,0,tripinfo_WestH6ToSaxonSt.286 emissions_WestH6ToSaxonSt.286,electric,0.92,0.0,0.0,0.0,0.0,0.0,0.0,0.0
WestA509ToAvebury.72,1299.0,773_0,0.0,0.0,3.0,6130.0,213_0,19.13,15.14,4831.0,2288.7,4495.0,33,0.0,4680.03,0,tripinfo_WestA509ToAvebury.72 emissions_WestA509ToAvebury.72,electric,1.1,0.0,0.0,0.0,0.0,0.0,0.0,0.0
WestH6ToSaxonSt.292,4766.0,524_0,0.0,0.0,1262.0,6130.0,771_1,56.88,12.2,1364.0,2555.03,972.0,19,0.0,1167.43,0,tripinfo_WestH6ToSaxonSt.292 emissions_WestH6ToSaxonSt.292,gasoline_euro4,0.95,187361.468114,3569111.025216,936.339349,83.060515,1595.351153,1138443.310155,0.0
WestH6ToSaxonSt.288,4471.0,524_0,0.0,0.0,1015.0,6132.0,771_1,56.88,12.55,1661.0,2555.04,1225.0,25,0.0,1466.53,0,tripinfo_WestH6ToSaxonSt.288 emissions_WestH6ToSaxonSt.288,electric,0.96,0.0,0.0,0.0,0.0,0.0,0.0,0.0
WestH6ToSaxonSt.291,4666.0,524_0,0.0,0.0,1174.0,6134.0,771_1,56.88,13.36,1468.0,2555.0,1057.0,21,0.0,1275.61,0,tripinfo_WestH6ToSaxonSt.291 emissions_WestH6ToSaxonSt.291,gasoline_euro4,0.97,203608.918613,3852082.575994,1016.959997,89.926718,1723.33869,1228703.637361,0.0
EastSilburyToEastAvebury.78,1648.0,317_0,0.0,0.0,0.0,6135.0,213_0,19.13,11.83,4487.0,680.87,4241.0,34,0.0,4430.31,0,tripinfo_EastSilburyToEastAvebury.78 emissions_EastSilburyToEastAvebury.78,electric,0.9,0.0,0.0,0.0,0.0,0.0,0.0,0.0
EastSilburyToEastAvebury.106,3895.0,317_0,0.0,0.0,1799.0,6137.0,213_0,19.13,12.24,2242.0,680.87,2013.0,31,0.0,2185.63,0,tripinfo_EastSilburyToEastAvebury.106 emissions_EastSilburyToEastAvebury.106,electric,0.9,0.0,0.0,0.0,0.0,0.0,0.0,0.0
EastSilburyToEastAvebury.87,1873.0,317_0,0.0,0.0,81.0,6138.0,213_0,19.13,12.83,4265.0,680.87,3993.0,33,0.0,4213.58,0,tripinfo_EastSilburyToEastAvebury.87 emissions_EastSilburyToEastAvebury.87,gasoline_euro4,0.97,686183.504677,11110079.793595,3385.234586,277.045998,5085.345522,3543839.062758,0.0
WestA509ToAvebury.123,2214.0,773_0,0.0,0.0,0.0,6140.0,213_0,19.13,14.67,3926.0,2322.44,3451.0,45,0.0,3770.84,0,tripinfo_WestA509ToAvebury.123 emissions_WestA509ToAvebury.123,gasoline_euro4,1.09,609599.426773,10258618.204489,3015.966322,251.740288,4667.451961,3272233.396998,0.0
EastSilburyToEastAvebury.97,2401.0,317_0,0.0,0.0,449.0,6143.0,213_0,19.13,14.82,3742.0,680.87,3495.0,29,0.0,3696.33,0,tripinfo_EastSilburyToEastAvebury.97 emissions_EastSilburyToEastAvebury.97,gasoline_euro4,1.12,601257.448444,9764594.84071,2966.936629,243.372022,4468.456169,3114661.82337,0.0
WestH6ToSaxonSt.289,4521.0,524_0,0.0,0.0,1053.0,6202.0,771_1,56.88,13.67,1681.0,2555.04,1250.0,23,0.0,1498.01,0,tripinfo_WestH6ToSaxonSt.289 emissions_WestH6ToSaxonSt.289,electric,1.02,0.0,0.0,0.0,0.0,0.0,0.0,0.0
WestH6ToSaxonSt.293,4769.0,524_0,0.0,0.0,1253.0,6205.0,771_1,56.88,13.72,1436.0,2555.04,1023.0,21,0.0,1255.13,0,tripinfo_WestH6ToSaxonSt.293 emissions_WestH6ToSaxonSt.293,gasoline_euro4,1.03,198430.314881,3756922.641437,991.176737,87.891882,1682.138909,1198350.018807,0.0
WestH6ToSaxonSt.294,4772.0,524_0,0.0,0.0,1244.0,6208.0,771_1,56.88,13.26,1436.0,2555.04,1037.0,20,0.0,1255.31,0,tripinfo_WestH6ToSaxonSt.294 emissions_WestH6ToSaxonSt.294,electric,1.03,0.0,0.0,0.0,0.0,0.0,0.0,0.0
WestH6ToSaxonSt.295,4775.0,524_0,0.0,0.0,1235.0,6211.0,771_1,56.88,13.01,1436.0,2555.05,1024.0,19,0.0,1248.14,0,tripinfo_WestH6ToSaxonSt.295 emissions_WestH6ToSaxonSt.295,electric,0.99,0.0,0.0,0.0,0.0,0.0,0.0,0.0
WestH6ToSaxonSt.297,4781.0,524_0,0.0,0.0,1217.0,6213.0,771_1,56.88,14.81,1432.0,2555.04,1047.0,19,0.0,1259.58,0,tripinfo_WestH6ToSaxonSt.297 emissions_WestH6ToSaxonSt.297,electric,1.09,0.0,0.0,0.0,0.0,0.0,0.0,0.0
WestH6ToSaxonSt.298,4784.0,524_0,0.0,0.0,1208.0,6214.0,771_1,56.88,14.55,1430.0,2555.05,1034.0,19,0.0,1258.43,0,tripinfo_WestH6ToSaxonSt.298 emissions_WestH6ToSaxonSt.298,electric,1.08,0.0,0.0,0.0,0.0,0.0,0.0,0.0
WestA509ToAvebury.197,3546.0,773_0,0.0,0.0,0.0,6217.0,213_0,19.13,13.29,2671.0,2327.58,2151.0,33,0.0,2497.96,0,tripinfo_WestA509ToAvebury.197 emissions_WestA509ToAvebury.197,gasoline_euro4,0.98,399586.814134,6936878.434596,1981.854982,167.790714,3142.53891,2212679.09539,0.0
WestH6ToSaxonSt.296,4778.0,524_0,0.0,0.0,1226.0,6221.0,771_1,56.88,12.36,1443.0,2555.03,1044.0,19,0.0,1247.18,0,tripinfo_WestH6ToSaxonSt.296 emissions_WestH6ToSaxonSt.296,electric,0.95,0.0,0.0,0.0,0.0,0.0,0.0,0.0
WestA509ToAvebury.138,2487.0,773_0,0.0,0.0,3.0,6222.0,213_0,19.13,10.34,3735.0,2322.44,3238.0,37,0.0,3519.0,0,tripinfo_WestA509ToAvebury.138 emissions_WestA509ToAvebury.138,electric,0.78,0.0,0.0,0.0,0.0,0.0,0.0,0.0
EastSilburyToEastAvebury.108,4244.0,317_0,0.0,0.0,2116.0,6224.0,213_0,19.13,12.18,1980.0,680.87,1763.0,24,0.0,1925.39,0,tripinfo_EastSilburyToEastAvebury.108 emissions_EastSilburyToEastAvebury.108,gasoline_euro4,0.93,311446.721946,5140522.750898,1538.761261,127.150728,2346.762689,1639696.168488,0.0
EastSilburyToEastAvebury.81,1696.0,317_0,0.0,0.0,0.0,6226.0,213_0,19.13,14.73,4530.0,680.87,4252.0,36,0.0,4482.07,0,tripinfo_EastSilburyToEastAvebury.81 emissions_EastSilburyToEastAvebury.81,gasoline_euro4,1.07,729562.763663,11818415.850762,3599.34672,294.765302,5409.778817,3769780.327946,0.0
WestA509ToAvebury.195,3510.0,773_0,0.0,0.0,0.0,6228.0,213_0,19.13,13.57,2718.0,2327.58,2217.0,31,0.0,2545.24,0,tripinfo_WestA509ToAvebury.195 emissions_WestA509ToAvebury.195,gasoline_euro4,0.99,407841.658843,7086589.277764,2022.948036,171.746457,3213.094684,2260432.188423,0.0
WestA509ToAvebury.152,2739.0,773_0,0.0,0.0,3.0,6234.0,213_0,19.13,8.88,3495.0,2322.44,2978.0,32,0.0,3256.92,0,tripinfo_WestA509ToAvebury.152 emissions_WestA509ToAvebury.152,electric,0.71,0.0,0.0,0.0,0.0,0.0,0.0,0.0
WestA509ToAvebury.79,1422.0,773_0,0.0,0.0,0.0,6235.0,213_0,19.13,11.43,4813.0,2288.72,4408.0,41,0.0,4657.32,0,tripinfo_WestA509ToAvebury.79 emissions_WestA509ToAvebury.79,electric,1.07,0.0,0.0,0.0,0.0,0.0,0.0,0.0
WestH6ToSaxonSt.299,4787.0,524_0,0.0,0.0,1199.0,6295.0,771_1,56.88,11.57,1508.0,2555.0,1090.0,21,0.0,1305.36,0,tripinfo_WestH6ToSaxonSt.299 emissions_WestH6ToSaxonSt.299,gasoline_euro4,0.92,209556.984548,3931966.320037,1045.860053,91.904205,1760.215101,1254185.209681,0.0
EastSilburyToEastAvebury.63,1408.0,317_0,0.0,0.0,0.0,6306.0,213_0,19.13,12.57,4898.0,680.89,4610.0,37,0.0,4841.93,0,tripinfo_EastSilburyToEastAvebury.63 emissions_EastSilburyToEastAvebury.63,gasoline_euro4,0.91,790277.418834,12793751.88185,3898.778881,319.270927,5858.055095,4080888.328402,0.0
WestA509ToAvebury.167,3006.0,773_0,0.0,0.0,0.0,6307.0,213_0,19.13,13.88,3301.0,2322.44,2806.0,31,0.0,3138.48,0,tripinfo_WestA509ToAvebury.167 emissions_WestA509ToAvebury.167,gasoline_euro4,1.04,503765.838511,8613805.821492,2495.668322,210.23236,3914.382641,2747576.858045,0.0
WestA509ToAvebury.171,3078.0,773_0,0.0,0.0,0.0,6310.0,213_0,19.13,13.55,3232.0,2322.44,2736.0,33,0.0,3060.29,0,tripinfo_WestA509ToAvebury.171 emissions_WestA509ToAvebury.171,gasoline_euro4,0.99,491837.357311,8414980.655105,2436.638359,205.147577,3822.794166,2684156.935375,0.0
EastSilburyToEastAvebury.94,2229.0,317_0,0.0,0.0,325.0,6311.0,213_0,19.13,15.05,4082.0,658.24,3837.0,27,0.0,4042.37,0,tripinfo_EastSilburyToEastAvebury.94 emissions_EastSilburyToEastAvebury.94,electric,1.2,0.0,0.0,0.0,0.0,0.0,0.0,0.0
EastSilburyToEastAvebury.107,4155.0,317_0,0.0,0.0,2043.0,6318.0,213_0,19.13,10.42,2163.0,680.92,1936.0,18,0.0,2095.95,0,tripinfo_EastSilburyToEastAvebury.107 emissions_EastSilburyToEastAvebury.107,electric,0.75,0.0,0.0,0.0,0.0,0.0,0.0,0.0
WestA509ToAvebury.90,1623.0,773_0,0.0,0.0,3.0,6320.0,213_0,19.13,12.61,4697.0,2288.83,4284.0,34,0.0,4530.7,0,tripinfo_WestA509ToAvebury.90 emissions_WestA509ToAvebury.90,electric,1.0,0.0,0.0,0.0,0.0,0.0,0.0,0.0
WestA509ToAvebury.196,3528.0,773_0,0.0,0.0,0.0,6322.0,213_0,19.13,11.55,2794.0,2322.44,2290.0,30,0.0,2602.24,0,tripinfo_WestA509ToAvebury.196 emissions_WestA509ToAvebury.196,gasoline_euro4,0.88,418665.634364,7236495.868172,2075.934653,175.214457,3280.675553,2308249.968419,0.0
WestA509ToAvebury.80,1443.0,773_0,0.0,0.0,3.0,6394.0,213_0,19.13,12.49,4951.0,2288.83,4552.0,35,0.0,4782.83,0,tripinfo_WestA509ToAvebury.80 emissions_WestA509ToAvebury.80,electric,0.99,0.0,0.0,0.0,0.0,0.0,0.0,0.0
EastSilburyToEastAvebury.80,1692.0,317_0,0.0,0.0,12.0,6395.0,213_0,19.13,15.36,4703.0,680.89,4407.0,35,0.0,4659.8,0,tripinfo_EastSilburyToEastAvebury.80 emissions_EastSilburyToEastAvebury.80,gasoline_euro4,1.17,755309.287296,12241067.071228,3726.553811,305.488868,5605.21154,3904595.074336,0.0
EastSilburyToEastAvebury.93,2225.0,317_0,0.0,0.0,337.0,6399.0,213_0,19.13,10.66,4174.0,680.92,3866.0,36,0.0,4115.11,0,tripinfo_EastSilburyToEastAvebury.93 emissions_EastSilburyToEastAvebury.93,gasoline_euro4,0.85,669542.732227,10854140.77816,3303.490243,270.533382,4968.350668,3462200.432781,0.0
EastSilburyToEastAvebury.83,1728.0,317_0,0.0,0.0,0.0,6403.0,213_0,19.13,10.59,4675.0,680.89,4343.0,43,0.0,4609.06,0,tripinfo_EastSilburyToEastAvebury.83 emissions_EastSilburyToEastAvebury.83,gasoline_euro4,0.77,749580.421787,12125648.239042,3697.788869,302.416692,5551.533994,3867780.433979,0.0
EastSilburyToEastAvebury.104,3629.0,317_0,0.0,0.0,1565.0,6405.0,213_0,19.13,14.58,2776.0,680.89,2512.0,32,0.0,2733.21,0,tripinfo_EastSilburyToEastAvebury.104 emissions_EastSilburyToEastAvebury.104,gasoline_euro4,1.19,441757.634973,7247698.524299,2181.680127,180.048734,3314.538463,2311832.454532,0.0
EastSilburyToEastAvebury.110,4814.0,317_0,0.0,0.0,2654.0,6407.0,213_0,19.13,12.09,1593.0,680.89,1343.0,27,0.0,1535.2,0,tripinfo_EastSilburyToEastAvebury.110 emissions_EastSilburyToEastAvebury.110,electric,0.89,0.0,0.0,0.0,0.0,0.0,0.0,0.0
