id,depart,departLane,departPos,departSpeed,departDelay,arrival,arrivalLane,arrivalPos,arrivalSpeed,duration,routeLength,waitingTime,waitingCount,stopTime,timeLoss,rerouteNo,devices,vType,speedFactor,CO_abs,CO2_abs,HC_abs,PMx_abs,NOx_abs,fuel_abs,electricity_abs
V6ToEastH6.0,0.0,468_1,0.0,0.0,0.0,147.0,522_0,56.88,11.48,147.0,1512.23,0.0,0,0.0,15.04,0,tripinfo_V6ToEastH6.0 emissions_V6ToEastH6.0,gasoline_euro4,0.83,4439.060702,353061.107013,28.247116,4.849979,134.795365,112611.275751,0.0
V6ToEastH6.4,48.0,468_1,0.0,0.0,0.0,171.0,522_1,56.88,13.49,123.0,1512.23,0.0,0,0.0,15.62,0,tripinfo_V6ToEastH6.4 emissions_V6ToEastH6.4,gasoline_euro4,1.02,4269.469873,372440.856059,27.297824,5.80174,144.609826,118791.552572,0.0
EastA509ToH6.1,18.0,770_0,0.0,0.0,0.0,198.0,522_0,56.88,14.68,180.0,1483.75,59.0,2,0.0,81.63,0,tripinfo_EastA509ToH6.1 emissions_EastA509ToH6.1,gasoline_euro4,1.09,15138.400428,546350.330195,80.950884,10.374929,224.82565,174264.166581,0.0
V6ToEastH6.5,60.0,468_1,0.0,0.0,0.0,198.0,522_1,56.88,11.39,138.0,1512.23,0.0,0,0.0,13.16,0,tripinfo_V6ToEastH6.5 emissions_V6ToEastH6.5,gasoline_euro4,0.87,3923.747354,342320.150308,25.512803,4.630464,129.356534,109185.275336,0.0
V6ToEastH6.7,84.0,468_1,0.0,0.0,0.0,200.0,522_1,56.88,15.68,116.0,1512.23,1.0,1,0.0,23.03,0,tripinfo_V6ToEastH6.7 emissions_V6ToEastH6.7,gasoline_euro4,1.17,5504.027792,422316.072689,34.412406,7.300732,168.104494,134699.065747,0.0
V6ToEastH6.9,108.0,468_1,0.0,0.0,0.0,226.0,522_1,56.88,13.54,118.0,1512.23,0.0,0,0.0,12.39,0,tripinfo_V6ToEastH6.9 emissions_V6ToEastH6.9,gasoline_euro4,1.04,3733.160741,363518.831067,24.975449,5.522538,139.77314,115945.795609,0.0
V6ToEastH6.11,132.0,468_1,0.0,0.0,0.0,243.0,522_1,56.88,15.37,111.0,1512.23,0.0,0,0.0,17.83,0,tripinfo_V6ToEastH6.11 emissions_V6ToEastH6.11,gasoline_euro4,1.17,4568.54366,393830.020918,29.238809,6.566837,154.499064,125613.296582,0.0
V6ToEastH6.8,96.0,468_1,0.0,0.0,0.0,253.0,522_0,56.88,14.63,157.0,2023.91,2.0,1,0.0,23.59,0,tripinfo_V6ToEastH6.8 emissions_V6ToEastH6.8,electric,1.1,0.0,0.0,0.0,0.0,0.0,0.0,0.0
SouthEvansGateToSilbury.5,90.0,526_0,0.0,0.0,0.0,257.0,215_1,19.43,13.32,167.0,1457.4,35.0,2,0.0,58.16,0,tripinfo_SouthEvansGateToSilbury.5 emissions_SouthEvansGateToSilbury.5,electric,0.97,0.0,0.0,0.0,0.0,0.0,0.0,0.0
WestH6ToSaxonSt.0,0.0,524_0,0.0,0.0,0.0,277.0,771_1,56.88,14.21,277.0,2578.4,77.0,2,0.0,103.67,0,tripinfo_WestH6ToSaxonSt.0 emissions_WestH6ToSaxonSt.0,electric,1.08,0.0,0.0,0.0,0.0,0.0,0.0,0.0
V6ToEastH6.13,156.0,468_1,0.0,0.0,0.0,279.0,522_1,56.88,13.05,123.0,1512.23,0.0,0,0.0,16.16,0,tripinfo_V6ToEastH6.13 emissions_V6ToEastH6.13,gasoline_euro4,1.02,4158.126489,368681.243831,26.96962,5.668338,142.724734,117592.477308,0.0
V6ToEastH6.14,168.0,468_1,0.0,0.0,0.0,297.0,522_1,56.88,12.85,129.0,1512.23,0.0,0,0.0,18.6,0,tripinfo_V6ToEastH6.14 emissions_V6ToEastH6.14,gasoline_euro4,0.99,4492.7216,369897.066544,28.494623,5.654261,143.165896,117980.512672,0.0
WestH6ToSaxonSt.3,36.0,524_0,0.0,0.0,0.0,312.0,771_1,56.88,11.97,276.0,2767.88,14.0,2,0.0,54.96,0,tripinfo_WestH6ToSaxonSt.3 emissions_WestH6ToSaxonSt.3,gasoline_euro4,0.94,12399.022713,772726.732201,74.02192,12.531355,307.092056,246466.012051,0.0
V6ToEastH6.15,180.0,468_1,0.0,0.0,0.0,313.0,522_1,56.88,11.87,133.0,1512.23,0.0,0,0.0,12.81,0,tripinfo_V6ToEastH6.15 emissions_V6ToEastH6.15,gasoline_euro4,0.91,3994.630162,352175.437305,26.110471,5.072388,135.21597,112328.270023,0.0
EastA509ToH6.4,72.0,770_0,0.0,0.0,0.0,315.0,522_1,56.88,16.29,243.0,2408.83,50.0,3,0.0,94.77,0,tripinfo_EastA509ToH6.4 emissions_EastA509ToH6.4,electric,1.18,0.0,0.0,0.0,0.0,0.0,0.0,0.0
V6ToEastH6.16,192.0,468_1,0.0,0.0,0.0,321.0,522_1,56.88,11.88,129.0,1512.23,0.0,0,0.0,12.36,0,tripinfo_V6ToEastH6.16 emissions_V6ToEastH6.16,gasoline_euro4,0.94,4072.858102,359091.486724,26.545853,5.431856,139.192285,114533.894808,0.0
SouthEvansGateToSilbury.0,0.0,526_0,0.0,0.0,0.0,325.0,215_0,19.43,14.28,325.0,3020.38,69.0,3,0.0,108.96,0,tripinfo_SouthEvansGateToSilbury.0 emissions_SouthEvansGateToSilbury.0,electric,1.03,0.0,0.0,0.0,0.0,0.0,0.0,0.0
WestA509ToAvebury.0,0.0,773_0,0.0,0.0,0.0,326.0,213_0,19.13,14.48,326.0,2916.27,72.0,3,0.0,121.99,0,tripinfo_WestA509ToAvebury.0 emissions_WestA509ToAvebury.0,electric,1.06,0.0,0.0,0.0,0.0,0.0,0.0,0.0
WestA509ToAvebury.4,72.0,773_0,0.0,0.0,0.0,334.0,213_0,19.13,14.69,262.0,2277.06,77.0,2,0.0,115.52,0,tripinfo_WestA509ToAvebury.4 emissions_WestA509ToAvebury.4,electric,1.13,0.0,0.0,0.0,0.0,0.0,0.0,0.0
V6ToEastH6.18,216.0,468_1,0.0,0.0,0.0,341.0,522_1,56.88,12.28,125.0,1512.23,0.0,0,0.0,11.86,0,tripinfo_V6ToEastH6.18 emissions_V6ToEastH6.18,gasoline_euro4,0.97,3948.424069,350351.241936,25.622408,5.37951,135.81724,111746.052409,0.0
WestH6ToSaxonSt.1,12.0,524_0,0.0,0.0,0.0,350.0,771_1,56.88,13.99,338.0,2578.36,120.0,4,0.0,158.86,0,tripinfo_WestH6ToSaxonSt.1 emissions_WestH6ToSaxonSt.1,electric,1.05,0.0,0.0,0.0,0.0,0.0,0.0,0.0
V6ToEastH6.19,228.0,468_1,0.0,0.0,0.0,351.0,522_1,56.88,13.1,123.0,1512.23,0.0,0,0.0,14.06,0,tripinfo_V6ToEastH6.19 emissions_V6ToEastH6.19,gasoline_euro4,1.01,4014.270953,363801.153821,25.979071,5.522074,140.182099,116035.960936,0.0
EastA509ToH6.5,90.0,770_0,0.0,0.0,0.0,356.0,522_0,56.88,13.54,266.0,1483.64,132.0,2,0.0,157.7,0,tripinfo_EastA509ToH6.5 emissions_EastA509ToH6.5,gasoline_euro4,0.99,27361.534737,751412.683002,141.562958,15.266261,318.804119,239673.902584,0.0
EastA509ToH6.10,180.0,770_0,0.0,0.0,0.0,357.0,522_0,56.88,14.1,177.0,1483.64,51.0,1,0.0,72.21,0,tripinfo_EastA509ToH6.10 emissions_EastA509ToH6.10,gasoline_euro4,1.02,13590.232287,530816.019667,73.965572,9.978166,219.154665,169308.752242,0.0
EastA509ToH6.8,144.0,770_0,0.0,0.0,0.0,359.0,522_0,56.88,14.52,215.0,1483.75,86.0,2,0.0,116.99,0,tripinfo_EastA509ToH6.8 emissions_EastA509ToH6.8,gasoline_euro4,1.1,20242.29015,657747.654388,107.193525,13.031511,276.328843,209796.163289,0.0
V6ToEastH6.21,252.0,468_1,0.0,0.0,0.0,365.0,522_1,56.88,15.02,113.0,1512.23,0.0,0,0.0,13.56,0,tripinfo_V6ToEastH6.21 emissions_V6ToEastH6.21,gasoline_euro4,1.1,4411.989035,384363.391498,28.553381,6.418174,151.343018,122593.884665,0.0
WestA509ToAvebury.5,90.0,773_0,0.0,0.0,0.0,366.0,213_1,19.13,13.48,276.0,2337.31,67.0,2,0.0,108.86,0,tripinfo_WestA509ToAvebury.5 emissions_WestA509ToAvebury.5,gasoline_euro4,1.02,19507.723387,789093.095522,106.617703,14.3068,321.96898,251688.834315,0.0
SouthEvansGateToSilbury.3,54.0,526_0,0.0,0.0,0.0,367.0,215_0,19.43,11.49,313.0,1471.77,164.0,4,0.0,193.57,0,tripinfo_SouthEvansGateToSilbury.3 emissions_SouthEvansGateToSilbury.3,gasoline_euro4,0.89,33594.171956,830441.381994,171.966411,17.105762,355.046977,264883.117738,0.0
SouthEvansGateToSilbury.6,108.0,526_0,0.0,0.0,0.0,370.0,215_0,19.43,12.52,262.0,1471.71,107.0,3,0.0,151.23,0,tripinfo_SouthEvansGateToSilbury.6 emissions_SouthEvansGateToSilbury.6,gasoline_euro4,0.96,25282.917147,715818.746474,131.604921,14.361812,303.753012,228320.386389,0.0
V6ToEastH6.12,144.0,468_1,0.0,0.0,0.0,370.0,522_1,56.88,13.29,226.0,2031.44,56.0,1,0.0,78.38,0,tripinfo_V6ToEastH6.12 emissions_V6ToEastH6.12,electric,1.0,0.0,0.0,0.0,0.0,0.0,0.0,0.0
SouthEvansGateToSilbury.4,72.0,526_0,0.0,0.0,0.0,376.0,215_0,19.43,12.64,304.0,1471.74,140.0,5,0.0,189.59,0,tripinfo_SouthEvansGateToSilbury.4 emissions_SouthEvansGateToSilbury.4,gasoline_euro4,0.93,31511.69708,842426.152607,163.001516,17.289447,360.58432,268704.23851,0.0
V6ToEastH6.22,264.0,468_1,0.0,0.0,0.0,383.0,522_1,56.88,13.73,119.0,1512.23,0.0,0,0.0,16.85,0,tripinfo_V6ToEastH6.22 emissions_V6ToEastH6.22,gasoline_euro4,1.07,4554.771028,383733.874752,29.098335,6.263685,150.59062,122393.292611,0.0
WestA509ToEastH6.0,3.0,773_0,0.0,0.0,3.0,390.0,522_1,56.88,13.7,387.0,2765.35,150.0,4,0.0,188.87,0,tripinfo_WestA509ToEastH6.0 emissions_WestA509ToEastH6.0,electric,1.01,0.0,0.0,0.0,0.0,0.0,0.0,0.0
V6ToEastH6.23,276.0,468_1,0.0,0.0,0.0,392.0,522_1,56.88,14.75,116.0,1511.92,0.0,0,0.0,16.2,0,tripinfo_V6ToEastH6.23 emissions_V6ToEastH6.23,gasoline_euro4,1.1,3847.702288,362771.420723,25.103506,5.570377,139.017552,115707.368047,0.0
WestH6ToSaxonSt.7,84.0,524_0,0.0,0.0,0.0,397.0,771_1,56.88,13.81,313.0,2767.88,58.0,3,0.0,106.98,0,tripinfo_WestH6ToSaxonSt.7 emissions_WestH6ToSaxonSt.7,gasoline_euro4,1.01,21128.433501,946972.625299,117.427429,17.026946,386.35745,302044.647865,0.0
EastA509ToH6.0,0.0,770_0,0.0,0.0,0.0,410.0,522_1,56.88,12.18,410.0,3294.59,110.0,2,0.0,155.85,0,tripinfo_EastA509ToH6.0 emissions_EastA509ToH6.0,electric,0.94,0.0,0.0,0.0,0.0,0.0,0.0,0.0
WestA509ToAvebury.1,18.0,773_0,0.0,0.0,0.0,410.0,213_0,19.13,12.28,392.0,2277.09,184.0,3,0.0,215.38,0,tripinfo_WestA509ToAvebury.1 emissions_WestA509ToAvebury.1,electric,0.94,0.0,0.0,0.0,0.0,0.0,0.0,0.0
SouthEvansGateToSilbury.2,36.0,526_0,0.0,0.0,0.0,411.0,215_0,19.43,14.65,375.0,3021.06,122.0,2,0.0,176.18,0,tripinfo_SouthEvansGateToSilbury.2 emissions_SouthEvansGateToSilbury.2,electric,1.12,0.0,0.0,0.0,0.0,0.0,0.0,0.0
WestA509ToAvebury.6,111.0,773_0,0.0,0.0,3.0,417.0,213_0,19.13,14.19,306.0,2332.11,101.0,5,0.0,150.73,0,tripinfo_WestA509ToAvebury.6 emissions_WestA509ToAvebury.6,electric,1.09,0.0,0.0,0.0,0.0,0.0,0.0,0.0
V6ToEastH6.25,300.0,468_1,0.0,0.0,0.0,422.0,522_1,56.88,13.77,122.0,1512.23,0.0,0,0.0,15.25,0,tripinfo_V6ToEastH6.25 emissions_V6ToEastH6.25,gasoline_euro4,1.02,4299.24398,381524.572518,27.730393,5.912809,147.636403,121688.857048,0.0
WestA509ToEastH6.2,75.0,773_0,0.0,0.0,3.0,425.0,522_0,56.88,15.0,350.0,2755.0,116.0,5,0.0,176.36,0,tripinfo_WestA509ToEastH6.2 emissions_WestA509ToEastH6.2,gasoline_euro4,1.15,29879.184903,1058679.412412,159.768791,20.505921,439.546938,337676.783854,0.0
SouthEvansGateToSilbury.1,18.0,526_0,0.0,0.0,0.0,426.0,215_0,19.43,11.74,408.0,3020.38,112.0,2,0.0,147.91,0,tripinfo_SouthEvansGateToSilbury.1 emissions_SouthEvansGateToSilbury.1,electric,0.86,0.0,0.0,0.0,0.0,0.0,0.0,0.0
SouthEvansGateToSilbury.11,198.0,526_0,0.0,0.0,0.0,433.0,215_1,19.43,12.49,235.0,1477.55,95.0,3,0.0,125.85,0,tripinfo_SouthEvansGateToSilbury.11 emissions_SouthEvansGateToSilbury.11,electric,0.98,0.0,0.0,0.0,0.0,0.0,0.0,0.0
SouthEvansGateToSilbury.10,180.0,526_0,0.0,0.0,0.0,434.0,215_1,19.43,14.03,254.0,1477.59,123.0,2,0.0,151.12,0,tripinfo_SouthEvansGateToSilbury.10 emissions_SouthEvansGateToSilbury.10,electric,1.04,0.0,0.0,0.0,0.0,0.0,0.0,0.0
V6ToEastH6.28,336.0,468_1,0.0,0.0,0.0,446.0,522_1,56.88,15.28,110.0,1512.23,0.0,0,0.0,15.62,0,tripinfo_V6ToEastH6.28 emissions_V6ToEastH6.28,gasoline_euro4,1.16,4548.739648,405578.852309,29.359758,6.709009,158.126548,129360.584678,0.0
WestH6ToSaxonSt.6,72.0,524_0,0.0,0.0,0.0,447.0,771_1,56.88,13.1,375.0,2587.05,141.0,3,0.0,177.95,0,tripinfo_WestH6ToSaxonSt.6 emissions_WestH6ToSaxonSt.6,electric,0.95,0.0,0.0,0.0,0.0,0.0,0.0,0.0
WestH6ToSaxonSt.5,60.0,524_0,0.0,0.0,0.0,452.0,771_1,56.88,10.2,392.0,2567.37,128.0,5,0.0,166.51,0,tripinfo_WestH6ToSaxonSt.5 emissions_WestH6ToSaxonSt.5,electric,0.83,0.0,0.0,0.0,0.0,0.0,0.0,0.0
WestH6ToSaxonSt.4,48.0,524_0,0.0,0.0,0.0,453.0,771_1,56.88,13.06,405.0,2578.39,167.0,7,0.0,243.09,0,tripinfo_WestH6ToSaxonSt.4 emissions_WestH6ToSaxonSt.4,electric,1.16,0.0,0.0,0.0,0.0,0.0,0.0,0.0
WestA509ToAvebury.3,54.0,773_0,0.0,0.0,0.0,454.0,213_1,19.13,12.99,400.0,2337.25,177.0,5,0.0,231.25,0,tripinfo_WestA509ToAvebury.3 emissions_WestA509ToAvebury.3,gasoline_euro4,1.01,38846.639889,1079747.875419,201.175259,21.426992,454.323013,344401.456007,0.0
SouthEvansGateToSilbury.8,144.0,526_0,0.0,0.0,0.0,455.0,215_1,19.43,13.77,311.0,1471.7,164.0,5,0.0,203.94,0,tripinfo_SouthEvansGateToSilbury.8 emissions_SouthEvansGateToSilbury.8,gasoline_euro4,1.0,34788.237879,884883.105536,178.755199,18.640948,380.992374,282247.050595,0.0
WestA509ToAvebury.2,39.0,773_0,0.0,0.0,3.0,456.0,213_0,19.13,12.17,417.0,2337.25,181.0,5,0.0,223.02,0,tripinfo_WestA509ToAvebury.2 emissions_WestA509ToAvebury.2,gasoline_euro4,0.88,38536.053494,1069568.995983,199.841918,20.508072,446.947328,341155.622733,0.0
WestA509ToAvebury.8,147.0,773_0,0.0,0.0,3.0,457.0,213_0,19.13,14.1,310.0,2336.45,103.0,4,0.0,161.87,0,tripinfo_WestA509ToAvebury.8 emissions_WestA509ToAvebury.8,gasoline_euro4,1.14,26953.853675,938654.888052,143.966469,18.357083,392.724553,299393.763419,0.0
V6ToEastH6.24,288.0,468_1,0.0,0.0,0.0,457.0,522_1,56.88,13.14,169.0,2031.44,0.0,0,0.0,19.53,0,tripinfo_V6ToEastH6.24 emissions_V6ToEastH6.24,electric,0.99,0.0,0.0,0.0,0.0,0.0,0.0,0.0
EastA509ToH6.7,126.0,770_0,0.0,0.0,0.0,464.0,522_0,56.88,12.28,338.0,2389.31,92.0,4,0.0,145.81,0,tripinfo_EastA509ToH6.7 emissions_EastA509ToH6.7,electric,0.9,0.0,0.0,0.0,0.0,0.0,0.0,0.0
SouthEvansGateToSilbury.14,252.0,526_0,0.0,0.0,0.0,469.0,215_0,19.43,14.14,217.0,1471.73,75.0,5,0.0,117.4,0,tripinfo_SouthEvansGateToSilbury.14 emissions_SouthEvansGateToSilbury.14,gasoline_euro4,1.06,19615.661944,632951.528219,103.781109,12.558152,266.358055,201887.193946,0.0
V6ToEastH6.29,348.0,468_1,0.0,0.0,0.0,470.0,522_1,56.88,12.85,122.0,1512.23,0.0,0,0.0,13.25,0,tripinfo_V6ToEastH6.29 emissions_V6ToEastH6.29,gasoline_euro4,1.0,4034.766553,362689.431803,26.357041,5.616401,140.779691,115681.292378,0.0
EastA509ToH6.6,108.0,770_0,0.0,0.0,0.0,481.0,522_1,56.88,13.28,373.0,3294.59,110.0,2,0.0,140.21,0,tripinfo_EastA509ToH6.6 emissions_EastA509ToH6.6,electric,1.03,0.0,0.0,0.0,0.0,0.0,0.0,0.0
WestH6ToSaxonSt.8,96.0,524_0,0.0,0.0,0.0,484.0,771_1,56.88,16.02,388.0,2574.94,179.0,6,0.0,227.94,0,tripinfo_WestH6ToSaxonSt.8 emissions_WestH6ToSaxonSt.8,gasoline_euro4,1.18,39932.277622,1202753.355044,208.883564,24.422839,506.394473,383633.182534,0.0
WestH6ToSaxonSt.12,144.0,524_0,0.0,0.0,0.0,488.0,771_0,56.88,12.4,344.0,2784.14,72.0,2,0.0,115.08,0,tripinfo_WestH6ToSaxonSt.12 emissions_WestH6ToSaxonSt.12,electric,0.9,0.0,0.0,0.0,0.0,0.0,0.0,0.0
WestH6ToSaxonSt.10,120.0,524_0,0.0,0.0,0.0,491.0,771_1,56.88,13.13,371.0,2767.88,100.0,6,0.0,163.05,0,tripinfo_WestH6ToSaxonSt.10 emissions_WestH6ToSaxonSt.10,gasoline_euro4,1.0,29494.591792,1077371.759601,158.792639,20.313602,447.176851,343638.858401,0.0
WestH6ToSaxonSt.11,132.0,524_0,0.0,0.0,0.0,498.0,771_1,56.88,11.1,366.0,2574.94,97.0,4,0.0,146.01,0,tripinfo_WestH6ToSaxonSt.11 emissions_WestH6ToSaxonSt.11,gasoline_euro4,0.85,26108.953332,902798.553108,139.56209,15.798307,367.58659,287959.2558,0.0
EastAveburyToWestA509.1,208.0,483_0,0.0,0.0,0.0,498.0,774_0,29.75,14.06,290.0,2257.77,105.0,3,0.0,138.74,0,tripinfo_EastAveburyToWestA509.1 emissions_EastAveburyToWestA509.1,gasoline_euro4,1.09,25346.580428,894420.32518,135.416331,17.191347,370.703954,285284.863802,0.0
WestH6ToSaxonSt.19,228.0,524_0,0.0,0.0,0.0,500.0,771_1,56.88,13.81,272.0,2555.04,47.0,2,0.0,89.79,0,tripinfo_WestH6ToSaxonSt.19 emissions_WestH6ToSaxonSt.19,electric,1.02,0.0,0.0,0.0,0.0,0.0,0.0,0.0
SouthEvansGateToSilbury.9,162.0,526_0,0.0,0.0,0.0,501.0,215_0,19.43,14.28,339.0,3020.35,91.0,3,0.0,132.52,0,tripinfo_SouthEvansGateToSilbury.9 emissions_SouthEvansGateToSilbury.9,electric,1.08,0.0,0.0,0.0,0.0,0.0,0.0,0.0
EastAveburyToWestA509.3,225.0,483_0,0.0,0.0,0.0,503.0,774_0,29.75,14.05,278.0,2257.8,81.0,3,0.0,120.25,0,tripinfo_EastAveburyToWestA509.3 emissions_EastAveburyToWestA509.3,gasoline_euro4,1.04,22183.170988,841090.695923,119.902666,15.871532,347.62125,268274.080997,0.0
WestA509ToAvebury.10,183.0,773_0,0.0,0.0,3.0,506.0,213_0,19.13,12.39,323.0,2274.47,97.0,4,0.0,141.82,0,tripinfo_WestA509ToAvebury.10 emissions_WestA509ToAvebury.10,electric,0.91,0.0,0.0,0.0,0.0,0.0,0.0,0.0
V6ToEastH6.31,372.0,468_1,0.0,0.0,0.0,506.0,522_1,56.88,12.36,134.0,1512.23,0.0,0,0.0,13.42,0,tripinfo_V6ToEastH6.31 emissions_V6ToEastH6.31,electric,0.91,0.0,0.0,0.0,0.0,0.0,0.0,0.0
EastAveburyToWestA509.2,217.0,483_0,0.0,0.0,0.0,507.0,774_0,29.75,13.8,290.0,2257.8,87.0,3,0.0,125.21,0,tripinfo_EastAveburyToWestA509.2 emissions_EastAveburyToWestA509.2,gasoline_euro4,1.0,22070.493222,812140.496702,118.600864,15.038981,333.814536,259040.87615,0.0
EastAveburyToWestA509.0,200.0,483_0,0.0,0.0,0.0,508.0,774_0,29.75,14.0,308.0,2264.22,99.0,3,0.0,147.66,0,tripinfo_EastAveburyToWestA509.0 emissions_EastAveburyToWestA509.0,gasoline_euro4,1.03,26103.236672,907340.044235,139.598265,17.511254,378.439092,289405.888899,0.0
V6ToEastH6.33,396.0,468_1,0.0,0.0,0.0,510.0,522_1,56.88,14.35,114.0,1512.23,0.0,0,0.0,13.52,0,tripinfo_V6ToEastH6.33 emissions_V6ToEastH6.33,gasoline_euro4,1.09,4129.474748,375976.595987,26.862633,6.053872,146.254247,119919.010636,0.0
EastA509ToH6.2,36.0,770_0,0.0,0.0,0.0,516.0,522_0,56.88,13.33,480.0,3297.03,149.0,13,0.0,238.17,0,tripinfo_EastA509ToH6.2 emissions_EastA509ToH6.2,electric,0.99,0.0,0.0,0.0,0.0,0.0,0.0,0.0
WestA509ToEastH6.4,144.0,773_0,0.0,0.0,0.0,518.0,522_0,56.88,13.0,374.0,2754.92,125.0,4,0.0,176.98,0,tripinfo_WestA509ToEastH6.4 emissions_WestA509ToEastH6.4,gasoline_euro4,1.02,30883.033341,1037279.516828,163.629984,19.409737,427.473758,330852.849145,0.0
EastA509ToH6.3,54.0,770_0,0.0,0.0,0.0,521.0,522_0,56.88,13.43,467.0,3265.29,167.0,4,0.0,222.33,0,tripinfo_EastA509ToH6.3 emissions_EastA509ToH6.3,electric,0.97,0.0,0.0,0.0,0.0,0.0,0.0,0.0
SouthEvansGateToSilbury.13,234.0,526_0,0.0,0.0,0.0,521.0,215_1,19.43,11.1,287.0,2430.19,57.0,2,0.0,89.88,0,tripinfo_SouthEvansGateToSilbury.13 emissions_SouthEvansGateToSilbury.13,electric,0.89,0.0,0.0,0.0,0.0,0.0,0.0,0.0
SouthEvansGateToSilbury.17,306.0,526_0,0.0,0.0,0.0,522.0,215_1,19.43,13.09,216.0,1477.62,84.0,2,0.0,112.46,0,tripinfo_SouthEvansGateToSilbury.17 emissions_SouthEvansGateToSilbury.17,gasoline_euro4,1.03,19682.477078,642202.128778,104.113742,12.530335,268.885544,204837.86053,0.0
WestA509ToEastH6.1,36.0,773_0,0.0,0.0,0.0,524.0,522_0,56.88,11.85,488.0,2750.17,217.0,7,0.0,273.4,0,tripinfo_WestA509ToEastH6.1 emissions_WestA509ToEastH6.1,electric,0.93,0.0,0.0,0.0,0.0,0.0,0.0,0.0
EastA509ToH6.9,162.0,770_0,0.0,0.0,0.0,524.0,522_1,56.88,14.56,362.0,2393.66,122.0,6,0.0,206.62,0,tripinfo_EastA509ToH6.9 emissions_EastA509ToH6.9,electric,1.12,0.0,0.0,0.0,0.0,0.0,0.0,0.0
WestH6ToSaxonSt.13,156.0,524_0,0.0,0.0,0.0,530.0,771_1,56.88,12.33,374.0,2567.37,137.0,6,0.0,182.23,0,tripinfo_WestH6ToSaxonSt.13 emissions_WestH6ToSaxonSt.13,electric,0.97,0.0,0.0,0.0,0.0,0.0,0.0,0.0
WestH6ToSaxonSt.2,24.0,524_0,0.0,0.0,0.0,532.0,771_1,56.88,13.5,508.0,2578.4,267.0,8,0.0,324.89,0,tripinfo_WestH6ToSaxonSt.2 emissions_WestH6ToSaxonSt.2,electric,1.03,0.0,0.0,0.0,0.0,0.0,0.0,0.0
EastA509ToH6.12,216.0,770_0,0.0,0.0,0.0,532.0,522_0,56.88,13.83,316.0,1483.69,179.0,3,0.0,208.44,0,tripinfo_EastA509ToH6.12 emissions_EastA509ToH6.12,gasoline_euro4,1.0,35600.605948,888402.235418,182.286514,18.616089,381.462209,283370.06867,0.0
WestH6ToSaxonSt.15,180.0,524_0,0.0,0.0,0.0,533.0,771_1,56.88,14.08,353.0,2578.47,112.0,5,0.0,169.81,0,tripinfo_WestH6ToSaxonSt.15 emissions_WestH6ToSaxonSt.15,electric,1.02,0.0,0.0,0.0,0.0,0.0,0.0,0.0
WestH6ToSaxonSt.9,108.0,524_0,0.0,0.0,0.0,535.0,771_1,56.88,14.17,427.0,2578.4,189.0,6,0.0,247.3,0,tripinfo_WestH6ToSaxonSt.9 emissions_WestH6ToSaxonSt.9,electric,1.04,0.0,0.0,0.0,0.0,0.0,0.0,0.0
EastA509ToH6.11,198.0,770_0,0.0,0.0,0.0,535.0,522_0,56.88,12.24,337.0,1483.75,192.0,3,0.0,225.01,0,tripinfo_EastA509ToH6.11 emissions_EastA509ToH6.11,gasoline_euro4,0.96,38539.732957,939504.915977,197.232131,19.87698,405.364496,299670.448496,0.0
V6ToEastH6.2,24.0,468_1,0.0,0.0,0.0,537.0,522_1,56.88,14.16,513.0,2908.35,237.0,7,0.0,312.56,0,tripinfo_V6ToEastH6.2 emissions_V6ToEastH6.2,electric,1.05,0.0,0.0,0.0,0.0,0.0,0.0,0.0
WestA509ToAvebury.12,219.0,773_0,0.0,0.0,3.0,541.0,213_0,19.13,15.25,322.0,2960.71,74.0,2,0.0,131.07,0,tripinfo_WestA509ToAvebury.12 emissions_WestA509ToAvebury.12,electric,1.15,0.0,0.0,0.0,0.0,0.0,0.0,0.0
EastA509ToH6.13,234.0,770_0,0.0,0.0,0.0,541.0,522_0,56.88,10.85,307.0,1483.8,145.0,3,0.0,177.95,0,tripinfo_EastA509ToH6.13 emissions_EastA509ToH6.13,electric,0.83,0.0,0.0,0.0,0.0,0.0,0.0,0.0
WestA509ToAvebury.9,162.0,773_0,0.0,0.0,0.0,542.0,213_1,19.13,13.26,380.0,2958.68,109.0,3,0.0,163.21,0,tripinfo_WestA509ToAvebury.9 emissions_WestA509ToAvebury.9,electric,1.02,0.0,0.0,0.0,0.0,0.0,0.0,0.0
V6ToEastH6.1,12.0,468_1,0.0,0.0,0.0,544.0,522_0,56.88,11.18,532.0,2910.54,218.0,9,0.0,295.03,0,tripinfo_V6ToEastH6.1 emissions_V6ToEastH6.1,electric,0.89,0.0,0.0,0.0,0.0,0.0,0.0,0.0
EastA509ToH6.15,270.0,770_0,0.0,0.0,0.0,544.0,522_1,56.88,12.68,274.0,1483.64,127.0,2,0.0,162.45,0,tripinfo_EastA509ToH6.15 emissions_EastA509ToH6.15,gasoline_euro4,0.96,27885.274212,770829.491696,144.620854,15.610982,327.832089,245867.080864,0.0
WestA509ToAvebury.7,126.0,773_0,0.0,0.0,0.0,546.0,213_0,19.13,11.39,420.0,2958.65,105.0,4,0.0,159.97,0,tripinfo_WestA509ToAvebury.7 emissions_WestA509ToAvebury.7,electric,0.85,0.0,0.0,0.0,0.0,0.0,0.0,0.0
V6ToEastH6.10,120.0,468_1,0.0,0.0,0.0,547.0,522_1,56.88,14.8,427.0,2910.5,154.0,7,0.0,234.22,0,tripinfo_V6ToEastH6.10 emissions_V6ToEastH6.10,electric,1.09,0.0,0.0,0.0,0.0,0.0,0.0,0.0
V6ToEastH6.3,36.0,468_1,0.0,0.0,0.0,548.0,522_0,56.88,13.06,512.0,2910.52,195.0,7,0.0,288.94,0,tripinfo_V6ToEastH6.3 emissions_V6ToEastH6.3,electric,0.94,0.0,0.0,0.0,0.0,0.0,0.0,0.0
WestA509ToAvebury.11,198.0,773_0,0.0,0.0,0.0,549.0,213_0,19.13,13.73,351.0,2332.43,124.0,7,0.0,190.76,0,tripinfo_WestA509ToAvebury.11 emissions_WestA509ToAvebury.11,electric,1.06,0.0,0.0,0.0,0.0,0.0,0.0,0.0
WestA509ToAvebury.13,234.0,773_0,0.0,0.0,0.0,554.0,213_0,19.13,13.69,320.0,2959.18,50.0,2,0.0,102.84,0,tripinfo_WestA509ToAvebury.13 emissions_WestA509ToAvebury.13,electric,1.02,0.0,0.0,0.0,0.0,0.0,0.0,0.0
EastAveburyToWestA509.5,242.0,483_1,0.0,0.0,0.0,566.0,774_2,29.75,13.39,324.0,2214.84,112.0,7,0.0,164.5,0,tripinfo_EastAveburyToWestA509.5 emissions_EastAveburyToWestA509.5,electric,1.01,0.0,0.0,0.0,0.0,0.0,0.0,0.0
V6ToEastH6.37,444.0,468_1,0.0,0.0,0.0,567.0,522_1,56.88,12.98,123.0,1512.23,0.0,0,0.0,13.56,0,tripinfo_V6ToEastH6.37 emissions_V6ToEastH6.37,gasoline_euro4,1.0,3777.470612,362628.182226,25.103035,5.357667,138.847273,115661.895621,0.0
V6ToEastH6.38,456.0,468_1,0.0,0.0,0.0,570.0,522_1,56.88,14.79,114.0,1512.23,0.0,0,0.0,15.18,0,tripinfo_V6ToEastH6.38 emissions_V6ToEastH6.38,electric,1.11,0.0,0.0,0.0,0.0,0.0,0.0,0.0
WestH6ToSaxonSt.14,168.0,524_0,0.0,0.0,0.0,578.0,771_1,56.88,11.78,410.0,2767.85,135.0,5,0.0,189.45,0,tripinfo_WestH6ToSaxonSt.14 emissions_WestH6ToSaxonSt.14,gasoline_euro4,0.94,34548.426032,1137476.248862,183.19968,21.633041,473.973484,362811.77056,0.0
WestH6ToSaxonSt.17,204.0,524_0,0.0,0.0,0.0,580.0,771_1,56.88,13.44,376.0,2574.97,130.0,5,0.0,183.85,0,tripinfo_WestH6ToSaxonSt.17 emissions_WestH6ToSaxonSt.17,gasoline_euro4,0.98,32003.674933,1033900.813368,169.104503,19.676125,429.962085,329775.528893,0.0
EastAveburyToWestA509.20,370.0,483_1,0.0,0.0,0.0,581.0,774_2,29.75,15.3,211.0,2240.45,20.0,3,0.0,70.51,0,tripinfo_EastAveburyToWestA509.20 emissions_EastAveburyToWestA509.20,electric,1.18,0.0,0.0,0.0,0.0,0.0,0.0,0.0
EastA509ToH6.16,288.0,770_0,0.0,0.0,0.0,582.0,522_1,56.88,14.11,294.0,3319.58,37.0,1,0.0,69.28,0,tripinfo_EastA509ToH6.16 emissions_EastA509ToH6.16,electric,1.07,0.0,0.0,0.0,0.0,0.0,0.0,0.0
WestH6ToSaxonSt.16,192.0,524_0,0.0,0.0,0.0,583.0,771_1,56.88,13.33,391.0,2767.85,112.0,6,0.0,176.57,0,tripinfo_WestH6ToSaxonSt.16 emissions_WestH6ToSaxonSt.16,gasoline_euro4,0.97,31596.33979,1116465.81519,169.094291,20.897144,462.557762,356109.139603,0.0
WestH6ToSaxonSt.18,216.0,524_0,0.0,0.0,0.0,584.0,771_1,56.88,13.96,368.0,2767.88,100.0,3,0.0,163.91,0,tripinfo_WestH6ToSaxonSt.18 emissions_WestH6ToSaxonSt.18,gasoline_euro4,1.02,29653.606524,1099241.901731,160.324962,20.956865,458.283163,350614.019812,0.0
WestH6ToSaxonSt.23,276.0,524_0,0.0,0.0,0.0,587.0,771_1,56.88,12.73,311.0,2555.05,75.0,4,0.0,125.75,0,tripinfo_WestH6ToSaxonSt.23 emissions_WestH6ToSaxonSt.23,electric,1.01,0.0,0.0,0.0,0.0,0.0,0.0,0.0
EastAveburyToWestA509.16,336.0,483_0,0.0,0.0,0.0,587.0,774_1,29.75,14.9,251.0,2257.8,57.0,4,0.0,103.44,0,tripinfo_EastAveburyToWestA509.16 emissions_EastAveburyToWestA509.16,gasoline_euro4,1.11,19203.607644,829573.506084,105.648565,15.35818,339.540707,264599.177171,0.0
EastSilburyToEastAvebury.1,416.0,317_0,0.0,0.0,0.0,589.0,213_0,19.13,13.59,173.0,1576.69,15.0,5,0.0,60.1,0,tripinfo_EastSilburyToEastAvebury.1 emissions_EastSilburyToEastAvebury.1,electric,1.03,0.0,0.0,0.0,0.0,0.0,0.0,0.0
EastAveburyToWestA509.17,344.0,483_0,0.0,0.0,0.0,592.0,774_0,29.75,14.83,248.0,2260.93,49.0,4,0.0,103.07,0,tripinfo_EastAveburyToWestA509.17 emissions_EastAveburyToWestA509.17,gasoline_euro4,1.14,18651.803843,812334.08432,103.016308,15.235185,334.057359,259100.214303,0.0
WestA509ToEastH6.7,252.0,773_0,0.0,0.0,0.0,593.0,522_0,56.88,14.77,341.0,2754.97,115.0,4,0.0,161.95,0,tripinfo_WestA509ToEastH6.7 emissions_WestA509ToEastH6.7,gasoline_euro4,1.12,29123.916338,1025334.946751,155.539916,19.899792,425.720389,327041.308147,0.0
WestA509ToAvebury.21,378.0,773_0,0.0,0.0,0.0,593.0,213_0,19.13,14.37,215.0,2328.48,19.0,2,0.0,57.57,0,tripinfo_WestA509ToAvebury.21 emissions_WestA509ToAvebury.21,electric,1.08,0.0,0.0,0.0,0.0,0.0,0.0,0.0
WestA509ToEastH6.8,288.0,773_0,0.0,0.0,0.0,602.0,522_0,56.88,11.72,314.0,2754.93,49.0,3,0.0,96.42,0,tripinfo_WestA509ToEastH6.8 emissions_WestA509ToEastH6.8,gasoline_euro4,0.92,17723.031231,804172.614261,98.940451,13.378926,321.102415,256498.609058,0.0
WestA509ToEastH6.3,108.0,773_0,0.0,0.0,0.0,605.0,522_0,56.88,12.21,497.0,2750.17,206.0,10,0.0,275.83,0,tripinfo_WestA509ToEastH6.3 emissions_WestA509ToEastH6.3,electric,0.9,0.0,0.0,0.0,0.0,0.0,0.0,0.0
WestA509ToEastH6.5,180.0,773_0,0.0,0.0,0.0,608.0,522_0,56.88,12.24,428.0,2705.71,139.0,7,0.0,204.97,0,tripinfo_WestA509ToEastH6.5 emissions_WestA509ToEastH6.5,electric,0.88,0.0,0.0,0.0,0.0,0.0,0.0,0.0
EastAveburyToWestA509.7,259.0,483_1,0.0,0.0,0.0,613.0,774_1,29.75,11.36,354.0,2218.32,134.0,3,0.0,174.37,0,tripinfo_EastAveburyToWestA509.7 emissions_EastAveburyToWestA509.7,electric,0.89,0.0,0.0,0.0,0.0,0.0,0.0,0.0
WestH6ToSaxonSt.21,252.0,524_0,0.0,0.0,0.0,614.0,771_0,56.88,13.05,362.0,2602.68,128.0,3,0.0,164.67,0,tripinfo_WestH6ToSaxonSt.21 emissions_WestH6ToSaxonSt.21,electric,0.95,0.0,0.0,0.0,0.0,0.0,0.0,0.0
EastAveburyToWestA509.10,285.0,483_0,0.0,0.0,0.0,614.0,774_0,29.75,14.51,329.0,2415.28,107.0,3,0.0,166.29,0,tripinfo_EastAveburyToWestA509.10 emissions_EastAveburyToWestA509.10,electric,1.1,0.0,0.0,0.0,0.0,0.0,0.0,0.0
WestH6ToSaxonSt.26,312.0,524_0,0.0,0.0,0.0,616.0,771_1,56.88,13.64,304.0,2567.38,73.0,5,0.0,123.89,0,tripinfo_WestH6ToSaxonSt.26 emissions_WestH6ToSaxonSt.26,electric,1.03,0.0,0.0,0.0,0.0,0.0,0.0,0.0
EastAveburyToWestA509.4,234.0,483_1,0.0,0.0,0.0,622.0,774_0,29.75,12.3,388.0,2328.56,147.0,5,0.0,199.39,0,tripinfo_EastAveburyToWestA509.4 emissions_EastAveburyToWestA509.4,gasoline_euro4,0.92,35555.119553,1069306.292705,186.564244,21.044318,451.403803,341069.236963,0.0
EastA509ToH6.23,414.0,770_0,0.0,0.0,0.0,623.0,522_0,56.88,14.81,209.0,1483.71,77.0,5,0.0,111.63,0,tripinfo_EastA509ToH6.23 emissions_EastA509ToH6.23,gasoline_euro4,1.1,20260.734618,649873.775969,107.169991,13.177892,274.922158,207284.527938,0.0
V6ToEastH6.32,384.0,468_1,0.0,0.0,0.0,625.0,522_0,56.88,14.78,241.0,2461.49,43.0,4,0.0,83.47,0,tripinfo_V6ToEastH6.32 emissions_V6ToEastH6.32,electric,1.13,0.0,0.0,0.0,0.0,0.0,0.0,0.0
V6ToEastH6.40,480.0,468_1,0.0,0.0,0.0,625.0,522_1,56.88,10.55,145.0,1512.23,0.0,0,0.0,13.58,0,tripinfo_V6ToEastH6.40 emissions_V6ToEastH6.40,gasoline_euro4,0.83,4598.224708,356447.820314,29.086363,5.209774,138.302206,113691.190222,0.0
WestA509ToAvebury.15,270.0,773_0,0.0,0.0,0.0,630.0,213_1,19.13,13.91,360.0,2959.16,104.0,3,0.0,153.46,0,tripinfo_WestA509ToAvebury.15 emissions_WestA509ToAvebury.15,electric,1.06,0.0,0.0,0.0,0.0,0.0,0.0,0.0
V6ToEastH6.6,72.0,468_1,0.0,0.0,0.0,631.0,522_0,56.88,11.69,559.0,2910.48,270.0,6,0.0,329.99,0,tripinfo_V6ToEastH6.6 emissions_V6ToEastH6.6,electric,0.92,0.0,0.0,0.0,0.0,0.0,0.0,0.0
WestA509ToAvebury.14,255.0,773_0,0.0,0.0,3.0,631.0,213_0,19.13,13.42,376.0,2337.25,148.0,5,0.0,200.44,0,tripinfo_WestA509ToAvebury.14 emissions_WestA509ToAvebury.14,gasoline_euro4,0.97,34403.609074,1031531.828911,180.2062,20.061124,432.036934,329021.002978,0.0
SouthEvansGateToSilbury.15,270.0,526_0,0.0,0.0,0.0,631.0,215_1,19.43,12.03,361.0,1471.68,209.0,5,0.0,246.53,0,tripinfo_SouthEvansGateToSilbury.15 emissions_SouthEvansGateToSilbury.15,gasoline_euro4,0.93,41748.003699,975591.305848,212.681787,20.810033,422.258075,311181.695849,0.0
WestA509ToAvebury.18,326.0,773_0,0.0,0.0,2.0,632.0,213_1,19.13,13.05,306.0,2336.43,97.0,3,0.0,138.66,0,tripinfo_WestA509ToAvebury.18 emissions_WestA509ToAvebury.18,electric,1.02,0.0,0.0,0.0,0.0,0.0,0.0,0.0
EastA509ToH6.25,450.0,770_0,0.0,0.0,0.0,632.0,522_0,56.88,14.49,182.0,1483.8,56.0,2,0.0,81.6,0,tripinfo_EastA509ToH6.25 emissions_EastA509ToH6.25,gasoline_euro4,1.06,14789.412258,551962.127743,79.500004,10.30204,226.433617,176053.989742,0.0
SouthEvansGateToSilbury.18,324.0,526_0,0.0,0.0,0.0,633.0,215_1,19.43,15.45,309.0,1471.7,172.0,5,0.0,213.65,0,tripinfo_SouthEvansGateToSilbury.18 emissions_SouthEvansGateToSilbury.18,gasoline_euro4,1.12,36060.570392,923616.268823,185.342467,19.813479,399.121841,294601.042071,0.0
WestA509ToAvebury.20,363.0,773_0,0.0,0.0,3.0,633.0,213_1,19.13,14.69,270.0,2336.43,57.0,2,0.0,111.76,0,tripinfo_WestA509ToAvebury.20 emissions_WestA509ToAvebury.20,gasoline_euro4,1.07,18054.224107,761452.318602,99.373114,13.697934,310.446049,242872.092012,0.0
SouthEvansGateToSilbury.19,342.0,526_0,0.0,0.0,0.0,635.0,215_1,19.43,12.02,293.0,1471.73,143.0,4,0.0,179.54,0,tripinfo_SouthEvansGateToSilbury.19 emissions_SouthEvansGateToSilbury.19,gasoline_euro4,0.94,30470.464241,787614.909789,156.817685,16.039161,335.509669,251222.209256,0.0
WestA509ToAvebury.17,306.0,773_0,0.0,0.0,0.0,638.0,213_1,19.13,10.59,332.0,2336.38,94.0,2,0.0,125.27,0,tripinfo_WestA509ToAvebury.17 emissions_WestA509ToAvebury.17,gasoline_euro4,0.82,23646.150278,815531.484124,126.428563,14.064288,331.143016,260124.542802,0.0
SouthEvansGateToSilbury.16,288.0,526_0,0.0,0.0,0.0,640.0,215_0,19.43,13.33,352.0,1471.76,201.0,6,0.0,245.58,0,tripinfo_SouthEvansGateToSilbury.16 emissions_SouthEvansGateToSilbury.16,gasoline_euro4,1.0,40888.280682,964189.630745,208.476176,20.734249,417.871955,307544.526238,0.0
V6ToEastH6.43,516.0,468_1,0.0,0.0,0.0,642.0,522_1,56.88,12.72,126.0,1512.23,0.0,0,0.0,12.12,0,tripinfo_V6ToEastH6.43 emissions_V6ToEastH6.43,electric,0.96,0.0,0.0,0.0,0.0,0.0,0.0,0.0
EastA509ToH6.14,252.0,770_0,0.0,0.0,0.0,647.0,522_1,56.88,12.12,395.0,3290.4,105.0,2,0.0,145.04,0,tripinfo_EastA509ToH6.14 emissions_EastA509ToH6.14,electric,0.96,0.0,0.0,0.0,0.0,0.0,0.0,0.0
V6ToEastH6.44,528.0,468_1,0.0,0.0,0.0,649.0,522_1,56.88,13.21,121.0,1512.23,0.0,0,0.0,13.12,0,tripinfo_V6ToEastH6.44 emissions_V6ToEastH6.44,electric,1.01,0.0,0.0,0.0,0.0,0.0,0.0,0.0
EastA509ToH6.18,324.0,770_0,0.0,0.0,0.0,651.0,522_1,56.88,16.42,327.0,3289.48,68.0,3,0.0,131.65,0,tripinfo_EastA509ToH6.18 emissions_EastA509ToH6.18,electric,1.23,0.0,0.0,0.0,0.0,0.0,0.0,0.0
EastA509ToH6.17,306.0,770_0,0.0,0.0,0.0,654.0,522_1,56.88,15.07,348.0,3283.87,85.0,3,0.0,141.65,0,tripinfo_EastA509ToH6.17 emissions_EastA509ToH6.17,electric,1.15,0.0,0.0,0.0,0.0,0.0,0.0,0.0
WestH6ToSaxonSt.20,240.0,524_0,0.0,0.0,0.0,664.0,771_1,56.88,14.89,424.0,2555.04,191.0,7,0.0,252.67,0,tripinfo_WestH6ToSaxonSt.20 emissions_WestH6ToSaxonSt.20,electric,1.09,0.0,0.0,0.0,0.0,0.0,0.0,0.0
EastAveburyToWestA509.28,438.0,483_1,0.0,0.0,0.0,667.0,774_0,29.75,13.72,229.0,2311.97,16.0,3,0.0,66.28,0,tripinfo_EastAveburyToWestA509.28 emissions_EastAveburyToWestA509.28,electric,1.07,0.0,0.0,0.0,0.0,0.0,0.0,0.0
SouthEvansGateToSilbury.7,126.0,526_0,0.0,0.0,0.0,676.0,215_0,19.43,12.01,550.0,3020.4,239.0,7,0.0,296.42,0,tripinfo_SouthEvansGateToSilbury.7 emissions_SouthEvansGateToSilbury.7,electric,0.88,0.0,0.0,0.0,0.0,0.0,0.0,0.0
SouthEvansGateToSilbury.12,216.0,526_0,0.0,0.0,0.0,678.0,215_0,19.43,13.52,462.0,3020.4,189.0,3,0.0,233.44,0,tripinfo_SouthEvansGateToSilbury.12 emissions_SouthEvansGateToSilbury.12,electric,0.98,0.0,0.0,0.0,0.0,0.0,0.0,0.0
WestH6ToSaxonSt.22,264.0,524_0,0.0,0.0,0.0,678.0,771_1,56.88,13.99,414.0,2767.87,147.0,6,0.0,210.51,0,tripinfo_WestH6ToSaxonSt.22 emissions_WestH6ToSaxonSt.22,gasoline_euro4,1.01,37798.81288,1231484.697394,200.298499,24.299619,519.061908,392796.098878,0.0
EastSilburyToEastAvebury.7,512.0,317_0,0.0,0.0,0.0,680.0,213_0,19.13,12.88,168.0,680.89,82.0,5,0.0,116.23,0,tripinfo_EastSilburyToEastAvebury.7 emissions_EastSilburyToEastAvebury.7,electric,0.97,0.0,0.0,0.0,0.0,0.0,0.0,0.0
EastAveburyToWestA509.13,310.0,483_1,0.0,0.0,0.0,682.0,774_2,29.75,15.4,372.0,2218.4,166.0,6,0.0,227.63,0,tripinfo_EastAveburyToWestA509.13 emissions_EastAveburyToWestA509.13,electric,1.12,0.0,0.0,0.0,0.0,0.0,0.0,0.0
EastAveburyToWestA509.30,455.0,483_1,0.0,0.0,0.0,684.0,774_1,29.75,11.04,229.0,2240.45,7.0,1,0.0,39.16,0,tripinfo_EastAveburyToWestA509.30 emissions_EastAveburyToWestA509.30,electric,0.87,0.0,0.0,0.0,0.0,0.0,0.0,0.0
EastAveburyToWestA509.21,378.0,483_0,0.0,0.0,0.0,686.0,774_1,29.75,14.64,308.0,2254.72,113.0,4,0.0,163.35,0,tripinfo_EastAveburyToWestA509.21 emissions_EastAveburyToWestA509.21,gasoline_euro4,1.14,28785.104448,968502.172915,152.88948,19.308769,407.081177,308914.041753,0.0
EastAveburyToWestA509.14,319.0,483_1,0.0,0.0,0.0,688.0,774_2,29.75,14.05,369.0,2215.02,154.0,6,0.0,217.89,0,tripinfo_EastAveburyToWestA509.14 emissions_EastAveburyToWestA509.14,electric,1.07,0.0,0.0,0.0,0.0,0.0,0.0,0.0
V6ToEastH6.46,552.0,468_1,0.0,0.0,0.0,688.0,522_1,56.88,11.32,136.0,1512.23,0.0,0,0.0,11.68,0,tripinfo_V6ToEastH6.46 emissions_V6ToEastH6.46,gasoline_euro4,0.88,3809.832815,351050.06925,25.158597,4.728415,132.446232,111969.620665,0.0
WestA509ToEastH6.6,216.0,773_0,0.0,0.0,0.0,689.0,522_0,56.88,14.2,473.0,2750.18,219.0,8,0.0,280.3,0,tripinfo_WestA509ToEastH6.6 emissions_WestA509ToEastH6.6,electric,1.03,0.0,0.0,0.0,0.0,0.0,0.0,0.0
EastA509ToH6.19,342.0,770_0,0.0,0.0,0.0,691.0,522_1,56.88,15.23,349.0,2393.68,123.0,5,0.0,195.22,0,tripinfo_EastA509ToH6.19 emissions_EastA509ToH6.19,electric,1.13,0.0,0.0,0.0,0.0,0.0,0.0,0.0
WestA509ToEastH6.9,324.0,773_0,0.0,0.0,0.0,692.0,522_0,56.88,12.07,368.0,2705.66,104.0,8,0.0,163.86,0,tripinfo_WestA509ToEastH6.9 emissions_WestA509ToEastH6.9,electric,0.96,0.0,0.0,0.0,0.0,0.0,0.0,0.0
EastAveburyToWestA509.22,387.0,483_0,0.0,0.0,0.0,692.0,774_1,29.75,11.96,305.0,2257.8,88.0,4,0.0,124.75,0,tripinfo_EastAveburyToWestA509.22 emissions_EastAveburyToWestA509.22,gasoline_euro4,0.91,23079.030651,814918.019986,123.509922,14.993633,336.004203,259927.459443,0.0
EastAveburyToWestA509.12,302.0,483_1,0.0,0.0,0.0,693.0,774_0,29.75,13.62,391.0,2367.45,167.0,6,0.0,228.46,0,tripinfo_EastAveburyToWestA509.12 emissions_EastAveburyToWestA509.12,electric,1.06,0.0,0.0,0.0,0.0,0.0,0.0,0.0
SouthEvansGateToSilbury.22,396.0,526_0,0.0,0.0,0.0,696.0,215_1,19.43,12.32,300.0,1460.71,152.0,4,0.0,181.36,0,tripinfo_SouthEvansGateToSilbury.22 emissions_SouthEvansGateToSilbury.22,electric,0.89,0.0,0.0,0.0,0.0,0.0,0.0,0.0
WestH6ToSaxonSt.35,420.0,524_0,0.0,0.0,0.0,697.0,771_0,56.88,13.1,277.0,2969.62,27.0,2,0.0,64.9,0,tripinfo_WestH6ToSaxonSt.35 emissions_WestH6ToSaxonSt.35,electric,1.03,0.0,0.0,0.0,0.0,0.0,0.0,0.0
V6ToEastH6.17,204.0,468_1,0.0,0.0,0.0,706.0,522_0,56.88,12.79,502.0,2910.59,215.0,9,0.0,293.83,0,tripinfo_V6ToEastH6.17 emissions_V6ToEastH6.17,electric,1.01,0.0,0.0,0.0,0.0,0.0,0.0,0.0
WestH6ToSaxonSt.24,288.0,524_0,0.0,0.0,0.0,707.0,771_1,56.88,12.9,419.0,2578.42,178.0,4,0.0,219.86,0,tripinfo_WestH6ToSaxonSt.24 emissions_WestH6ToSaxonSt.24,electric,0.94,0.0,0.0,0.0,0.0,0.0,0.0,0.0
EastA509ToH6.26,468.0,770_0,0.0,0.0,0.0,708.0,522_0,56.88,15.15,240.0,1483.77,111.0,4,0.0,142.98,0,tripinfo_EastA509ToH6.26 emissions_EastA509ToH6.26,gasoline_euro4,1.1,24440.502167,717016.706406,127.282598,14.372725,301.584444,228702.002779,0.0
WestH6ToSaxonSt.28,336.0,524_0,0.0,0.0,0.0,714.0,771_1,56.88,13.07,378.0,2578.47,123.0,6,0.0,181.83,0,tripinfo_WestH6ToSaxonSt.28 emissions_WestH6ToSaxonSt.28,electric,0.95,0.0,0.0,0.0,0.0,0.0,0.0,0.0
EastAveburyToWestA509.24,404.0,483_0,0.0,0.0,0.0,715.0,774_0,29.75,12.7,311.0,2411.88,71.0,3,0.0,125.0,0,tripinfo_EastAveburyToWestA509.24 emissions_EastAveburyToWestA509.24,electric,0.96,0.0,0.0,0.0,0.0,0.0,0.0,0.0
WestA509ToAvebury.16,291.0,773_0,0.0,0.0,3.0,717.0,213_1,19.13,15.28,426.0,2332.41,209.0,11,0.0,281.97,0,tripinfo_WestA509ToAvebury.16 emissions_WestA509ToAvebury.16,electric,1.18,0.0,0.0,0.0,0.0,0.0,0.0,0.0
SouthEvansGateToSilbury.23,414.0,526_0,0.0,0.0,0.0,718.0,215_1,19.43,13.53,304.0,1471.71,164.0,5,0.0,204.38,0,tripinfo_SouthEvansGateToSilbury.23 emissions_SouthEvansGateToSilbury.23,gasoline_euro4,1.06,34490.878429,876663.037104,177.065267,18.587635,377.800251,279625.002826,0.0
EastA509ToH6.21,378.0,770_0,0.0,0.0,0.0,721.0,522_1,56.88,12.5,343.0,1483.75,196.0,4,0.0,235.33,0,tripinfo_EastA509ToH6.21 emissions_EastA509ToH6.21,electric,0.99,0.0,0.0,0.0,0.0,0.0,0.0,0.0
SouthEvansGateToSilbury.21,378.0,526_0,0.0,0.0,0.0,722.0,215_1,19.43,11.2,344.0,1471.73,192.0,4,0.0,222.9,0,tripinfo_SouthEvansGateToSilbury.21 emissions_SouthEvansGateToSilbury.21,electric,0.88,0.0,0.0,0.0,0.0,0.0,0.0,0.0
V6ToEastH6.35,420.0,468_1,0.0,0.0,0.0,723.0,522_1,56.88,14.75,303.0,2479.62,83.0,5,0.0,136.46,0,tripinfo_V6ToEastH6.35 emissions_V6ToEastH6.35,electric,1.08,0.0,0.0,0.0,0.0,0.0,0.0,0.0
V6ToEastH6.47,564.0,468_1,0.0,0.0,0.0,723.0,522_0,56.88,9.91,159.0,1512.23,0.0,0,0.0,14.1,0,tripinfo_V6ToEastH6.47 emissions_V6ToEastH6.47,gasoline_euro4,0.75,5057.100002,347634.554168,30.943165,4.791099,133.914368,110880.761148,0.0
V6ToEastH6.34,408.0,468_1,0.0,0.0,0.0,725.0,522_0,56.88,12.49,317.0,2463.63,71.0,4,0.0,123.65,0,tripinfo_V6ToEastH6.34 emissions_V6ToEastH6.34,electric,0.92,0.0,0.0,0.0,0.0,0.0,0.0,0.0
EastAveburyToWestA509.11,293.0,483_1,0.0,0.0,0.0,735.0,774_0,29.75,14.34,442.0,2302.13,222.0,6,0.0,289.27,0,tripinfo_EastAveburyToWestA509.11 emissions_EastAveburyToWestA509.11,electric,1.1,0.0,0.0,0.0,0.0,0.0,0.0,0.0
EastAveburyToWestA509.31,463.0,483_1,0.0,0.0,0.0,739.0,774_0,29.75,14.58,276.0,2394.28,77.0,3,0.0,112.61,0,tripinfo_EastAveburyToWestA509.31 emissions_EastAveburyToWestA509.31,electric,1.07,0.0,0.0,0.0,0.0,0.0,0.0,0.0
V6ToEastH6.52,624.0,468_1,0.0,0.0,0.0,750.0,522_1,56.88,12.88,126.0,1512.23,0.0,0,0.0,13.05,0,tripinfo_V6ToEastH6.52 emissions_V6ToEastH6.52,gasoline_euro4,0.97,3851.045262,356196.603436,25.375594,5.205025,136.08854,113610.694363,0.0
WestH6ToSaxonSt.25,300.0,524_0,0.0,0.0,0.0,752.0,771_1,56.88,13.81,452.0,2767.87,189.0,5,0.0,251.04,0,tripinfo_WestH6ToSaxonSt.25 emissions_WestH6ToSaxonSt.25,gasoline_euro4,1.03,44125.46497,1326409.386789,230.9908,26.404586,558.742022,423075.374203,0.0
WestH6ToSaxonSt.27,324.0,524_0,0.0,0.0,0.0,754.0,771_1,56.88,13.99,430.0,2767.88,169.0,5,0.0,230.89,0,tripinfo_WestH6ToSaxonSt.27 emissions_WestH6ToSaxonSt.27,gasoline_euro4,1.04,41003.323469,1269940.05429,215.637261,25.362977,536.069807,405062.846823,0.0
WestH6ToSaxonSt.31,372.0,524_0,0.0,0.0,0.0,756.0,771_1,56.88,14.17,384.0,2555.05,159.0,5,0.0,210.48,0,tripinfo_WestH6ToSaxonSt.31 emissions_WestH6ToSaxonSt.31,electric,1.08,0.0,0.0,0.0,0.0,0.0,0.0,0.0
WestH6ToSaxonSt.30,360.0,524_0,0.0,0.0,0.0,758.0,771_1,56.88,14.34,398.0,2555.04,164.0,5,0.0,223.32,0,tripinfo_WestH6ToSaxonSt.30 emissions_WestH6ToSaxonSt.30,electric,1.06,0.0,0.0,0.0,0.0,0.0,0.0,0.0
WestH6ToSaxonSt.34,408.0,524_0,0.0,0.0,0.0,760.0,771_1,56.88,14.83,352.0,2574.97,120.0,8,0.0,178.85,0,tripinfo_WestH6ToSaxonSt.34 emissions_WestH6ToSaxonSt.34,gasoline_euro4,1.09,31142.452975,1049973.917853,165.617974,20.465438,438.307893,334900.873838,0.0
EastAveburyToWestA509.23,395.0,483_0,0.0,0.0,0.0,767.0,774_0,29.75,13.35,372.0,2264.21,146.0,4,0.0,206.7,0,tripinfo_EastAveburyToWestA509.23 emissions_EastAveburyToWestA509.23,gasoline_euro4,1.0,36431.636497,1114530.726041,191.313186,22.499967,473.299551,355493.083673,0.0
EastAveburyToWestA509.19,361.0,483_1,0.0,0.0,0.0,768.0,774_0,29.75,14.97,407.0,2367.45,180.0,6,0.0,253.7,0,tripinfo_EastAveburyToWestA509.19 emissions_EastAveburyToWestA509.19,electric,1.12,0.0,0.0,0.0,0.0,0.0,0.0,0.0
V6ToEastH6.54,648.0,468_1,0.0,0.0,0.0,771.0,522_1,56.88,12.85,123.0,1512.23,0.0,0,0.0,12.07,0,tripinfo_V6ToEastH6.54 emissions_V6ToEastH6.54,gasoline_euro4,0.98,4037.082353,356671.956353,26.282797,5.56153,138.930463,113761.988293,0.0
EastSilburyToEastAvebury.8,528.0,317_0,0.0,0.0,0.0,772.0,213_0,19.13,13.16,244.0,680.89,159.0,3,0.0,190.45,0,tripinfo_EastSilburyToEastAvebury.8 emissions_EastSilburyToEastAvebury.8,electric,0.95,0.0,0.0,0.0,0.0,0.0,0.0,0.0
WestA509ToEastH6.11,396.0,773_0,0.0,0.0,0.0,774.0,522_0,56.88,13.68,378.0,2754.12,142.0,4,0.0,183.6,0,tripinfo_WestA509ToEastH6.11 emissions_WestA509ToEastH6.11,gasoline_euro4,1.03,31948.789453,1052272.20106,168.716548,19.883616,434.043577,335635.140579,0.0
EastAveburyToWestA509.36,506.0,483_1,0.0,0.0,0.0,778.0,774_2,29.75,15.41,272.0,2215.02,83.0,4,0.0,130.8,0,tripinfo_EastAveburyToWestA509.36 emissions_EastAveburyToWestA509.36,electric,1.14,0.0,0.0,0.0,0.0,0.0,0.0,0.0
EastAveburyToWestA509.18,353.0,483_1,0.0,0.0,0.0,785.0,774_0,29.75,12.3,432.0,2367.43,187.0,6,0.0,252.91,0,tripinfo_EastAveburyToWestA509.18 emissions_EastAveburyToWestA509.18,electric,0.97,0.0,0.0,0.0,0.0,0.0,0.0,0.0
SouthEvansGateToSilbury.32,576.0,526_0,0.0,0.0,0.0,785.0,215_1,19.43,12.44,209.0,1477.52,75.0,2,0.0,99.55,0,tripinfo_SouthEvansGateToSilbury.32 emissions_SouthEvansGateToSilbury.32,gasoline_euro4,0.98,17830.510259,590369.30688,94.624262,11.300551,245.865667,188305.292822,0.0
EastAveburyToWestA509.8,268.0,483_1,0.0,0.0,0.0,786.0,774_0,29.75,13.72,518.0,2325.48,281.0,7,0.0,350.92,0,tripinfo_EastAveburyToWestA509.8 emissions_EastAveburyToWestA509.8,electric,1.03,0.0,0.0,0.0,0.0,0.0,0.0,0.0
SouthEvansGateToSilbury.30,540.0,526_0,0.0,0.0,0.0,787.0,215_1,19.43,12.67,247.0,1477.62,99.0,3,0.0,132.13,0,tripinfo_SouthEvansGateToSilbury.30 emissions_SouthEvansGateToSilbury.30,gasoline_euro4,0.93,22907.841341,684773.922341,120.081803,13.589453,289.383104,218417.582661,0.0
SouthEvansGateToSilbury.24,432.0,526_0,0.0,0.0,0.0,789.0,215_1,19.43,12.04,357.0,1460.71,197.0,7,0.0,242.4,0,tripinfo_SouthEvansGateToSilbury.24 emissions_SouthEvansGateToSilbury.24,electric,0.93,0.0,0.0,0.0,0.0,0.0,0.0,0.0
SouthEvansGateToSilbury.31,558.0,526_0,0.0,0.0,0.0,790.0,215_1,19.43,12.37,232.0,1460.71,81.0,3,0.0,122.24,0,tripinfo_SouthEvansGateToSilbury.31 emissions_SouthEvansGateToSilbury.31,electric,0.96,0.0,0.0,0.0,0.0,0.0,0.0,0.0
EastAveburyToWestA509.6,251.0,483_1,0.0,0.0,0.0,797.0,774_0,29.75,11.3,546.0,2328.56,284.0,8,0.0,354.49,0,tripinfo_EastAveburyToWestA509.6 emissions_EastAveburyToWestA509.6,gasoline_euro4,0.91,60038.631298,1463746.601223,307.191638,30.730647,631.212268,466886.10653,0.0
EastA509ToH6.30,540.0,770_0,0.0,0.0,0.0,798.0,522_1,56.88,14.22,258.0,1483.8,118.0,4,0.0,155.2,0,tripinfo_EastA509ToH6.30 emissions_EastA509ToH6.30,gasoline_euro4,1.04,25843.206983,715571.040169,133.806673,14.540691,303.713254,228241.538152,0.0
EastAveburyToWestA509.15,327.0,483_1,0.0,0.0,0.0,799.0,774_0,29.75,13.04,472.0,2325.48,213.0,7,0.0,299.73,0,tripinfo_EastAveburyToWestA509.15 emissions_EastAveburyToWestA509.15,electric,1.0,0.0,0.0,0.0,0.0,0.0,0.0,0.0
EastA509ToH6.29,522.0,770_0,0.0,0.0,0.0,800.0,522_0,56.88,11.16,278.0,1483.75,127.0,4,0.0,156.62,0,tripinfo_EastA509ToH6.29 emissions_EastA509ToH6.29,electric,0.88,0.0,0.0,0.0,0.0,0.0,0.0,0.0
V6ToEastH6.57,684.0,468_1,0.0,0.0,0.0,804.0,522_1,56.88,13.72,120.0,1512.23,0.0,0,0.0,11.66,0,tripinfo_V6ToEastH6.57 emissions_V6ToEastH6.57,gasoline_euro4,1.01,3788.405199,361345.36641,25.112901,5.46719,138.902251,115252.626657,0.0
WestA509ToAvebury.26,471.0,773_0,0.0,0.0,3.0,806.0,213_1,19.13,12.08,335.0,2336.41,124.0,3,0.0,158.11,0,tripinfo_WestA509ToAvebury.26 emissions_WestA509ToAvebury.26,gasoline_euro4,0.96,27266.792504,867784.020191,143.367889,16.029733,356.07506,276791.421999,0.0
SouthEvansGateToSilbury.26,468.0,526_0,0.0,0.0,0.0,806.0,215_1,19.43,14.0,338.0,1471.73,205.0,4,0.0,235.68,0,tripinfo_SouthEvansGateToSilbury.26 emissions_SouthEvansGateToSilbury.26,gasoline_euro4,1.04,39893.87215,957282.021676,203.369671,20.424547,412.714018,305340.950433,0.0
V6ToEastH6.27,324.0,468_1,0.0,0.0,0.0,808.0,522_0,56.88,12.9,484.0,2910.57,198.0,9,0.0,276.62,0,tripinfo_V6ToEastH6.27 emissions_V6ToEastH6.27,electric,1.01,0.0,0.0,0.0,0.0,0.0,0.0,0.0
WestA509ToAvebury.24,435.0,773_0,0.0,0.0,3.0,808.0,213_1,19.13,12.8,373.0,2337.29,151.0,5,0.0,198.54,0,tripinfo_WestA509ToAvebury.24 emissions_WestA509ToAvebury.24,gasoline_euro4,0.97,33776.408031,1003786.991365,176.551044,19.642831,420.928269,320171.458341,0.0
SouthEvansGateToSilbury.27,486.0,526_0,0.0,0.0,0.0,808.0,215_1,19.43,13.73,322.0,1471.68,179.0,6,0.0,222.42,0,tripinfo_SouthEvansGateToSilbury.27 emissions_SouthEvansGateToSilbury.27,gasoline_euro4,1.07,37483.826968,938411.953443,192.322605,20.065473,405.500363,299320.967101,0.0
V6ToEastH6.26,312.0,468_1,0.0,0.0,0.0,810.0,522_0,56.88,12.77,498.0,2910.57,200.0,9,0.0,289.94,0,tripinfo_V6ToEastH6.26 emissions_V6ToEastH6.26,electric,1.01,0.0,0.0,0.0,0.0,0.0,0.0,0.0
WestA509ToAvebury.19,342.0,773_0,0.0,0.0,0.0,810.0,213_0,19.13,10.02,468.0,2337.25,196.0,4,0.0,236.56,0,tripinfo_WestA509ToAvebury.19 emissions_WestA509ToAvebury.19,gasoline_euro4,0.73,42910.384644,1113884.039323,221.102841,21.462253,469.484835,355291.989995,0.0
SouthEvansGateToSilbury.28,504.0,526_0,0.0,0.0,0.0,810.0,215_1,19.43,13.34,306.0,1471.71,146.0,6,0.0,199.31,0,tripinfo_SouthEvansGateToSilbury.28 emissions_SouthEvansGateToSilbury.28,gasoline_euro4,0.99,32862.959399,863361.266322,169.341732,17.975906,370.391193,275381.86252,0.0
SouthEvansGateToSilbury.29,522.0,526_0,0.0,0.0,0.0,812.0,215_1,19.43,14.87,290.0,1471.7,143.0,6,0.0,192.65,0,tripinfo_SouthEvansGateToSilbury.29 emissions_SouthEvansGateToSilbury.29,gasoline_euro4,1.1,32536.978015,876046.478649,168.213719,18.609693,378.053178,279427.055229,0.0
WestA509ToAvebury.23,414.0,773_0,0.0,0.0,0.0,814.0,213_0,19.13,14.98,400.0,2336.46,180.0,5,0.0,242.8,0,tripinfo_WestA509ToAvebury.23 emissions_WestA509ToAvebury.23,gasoline_euro4,1.08,40004.316648,1121985.179467,207.409449,22.754531,474.727791,357872.8557,0.0
EastSilburyToEastAvebury.4,464.0,317_0,0.0,0.0,0.0,816.0,213_0,19.13,13.39,352.0,2473.23,113.0,6,0.0,173.56,0,tripinfo_EastSilburyToEastAvebury.4 emissions_EastSilburyToEastAvebury.4,gasoline_euro4,1.02,30377.835744,1018711.082699,161.411847,19.685953,425.389993,324929.48092,0.0
V6ToEastH6.58,696.0,468_1,0.0,0.0,0.0,816.0,522_1,56.88,13.01,120.0,1512.23,0.0,0,0.0,12.91,0,tripinfo_V6ToEastH6.58 emissions_V6ToEastH6.58,electric,1.02,0.0,0.0,0.0,0.0,0.0,0.0,0.0
WestA509ToAvebury.30,543.0,773_0,0.0,0.0,3.0,817.0,213_0,19.13,15.4,274.0,2336.45,46.0,4,0.0,121.16,0,tripinfo_WestA509ToAvebury.30 emissions_WestA509ToAvebury.30,gasoline_euro4,1.11,19638.415865,812284.083603,108.138641,15.4483,337.62937,259084.647367,0.0
V6ToEastH6.59,708.0,468_1,0.0,0.0,0.0,818.0,522_1,56.88,15.18,110.0,1512.23,0.0,0,0.0,16.28,0,tripinfo_V6ToEastH6.59 emissions_V6ToEastH6.59,electric,1.17,0.0,0.0,0.0,0.0,0.0,0.0,0.0
WestA509ToAvebury.27,486.0,773_0,0.0,0.0,0.0,820.0,213_0,19.13,11.48,334.0,2336.43,103.0,4,0.0,147.32,0,tripinfo_WestA509ToAvebury.27 emissions_WestA509ToAvebury.27,gasoline_euro4,0.91,26265.561028,869116.423196,139.252673,16.069691,358.556987,277215.670871,0.0
EastA509ToH6.31,558.0,770_0,0.0,0.0,0.0,822.0,522_0,56.88,16.88,264.0,1483.82,127.0,5,0.0,181.33,0,tripinfo_EastA509ToH6.31 emissions_EastA509ToH6.31,gasoline_euro4,1.3,30181.682437,857272.255839,157.10246,18.147812,367.4232,273437.880359,0.0
EastAveburyToWestA509.35,497.0,483_1,0.0,0.0,0.0,824.0,774_0,29.75,12.94,327.0,2373.4,102.0,5,0.0,155.48,0,tripinfo_EastAveburyToWestA509.35 emissions_EastAveburyToWestA509.35,electric,1.02,0.0,0.0,0.0,0.0,0.0,0.0,0.0
EastA509ToH6.20,360.0,770_0,0.0,0.0,0.0,829.0,522_0,56.88,13.06,469.0,3271.91,154.0,6,0.0,221.98,0,tripinfo_EastA509ToH6.20 emissions_EastA509ToH6.20,electric,0.96,0.0,0.0,0.0,0.0,0.0,0.0,0.0
EastA509ToH6.22,396.0,770_0,0.0,0.0,0.0,833.0,522_1,56.88,13.43,437.0,3322.53,141.0,6,0.0,192.26,0,tripinfo_EastA509ToH6.22 emissions_EastA509ToH6.22,electric,0.98,0.0,0.0,0.0,0.0,0.0,0.0,0.0
WestH6ToSaxonSt.42,504.0,524_0,0.0,0.0,0.0,833.0,771_0,56.88,14.21,329.0,2781.69,82.0,2,0.0,131.13,0,tripinfo_WestH6ToSaxonSt.42 emissions_WestH6ToSaxonSt.42,electric,1.04,0.0,0.0,0.0,0.0,0.0,0.0,0.0
EastA509ToH6.27,486.0,770_0,0.0,0.0,0.0,835.0,522_0,56.88,14.65,349.0,1483.71,195.0,4,0.0,248.35,0,tripinfo_EastA509ToH6.27 emissions_EastA509ToH6.27,gasoline_euro4,1.07,41814.879138,1033049.065845,213.91102,22.107237,446.287056,329507.213484,0.0
V6ToEastH6.42,504.0,468_1,0.0,0.0,0.0,837.0,522_1,56.88,16.46,333.0,2904.61,85.0,3,0.0,163.22,0,tripinfo_V6ToEastH6.42 emissions_V6ToEastH6.42,electric,1.24,0.0,0.0,0.0,0.0,0.0,0.0,0.0
WestH6ToSaxonSt.29,348.0,524_0,0.0,0.0,0.0,849.0,771_1,56.88,11.28,501.0,2767.85,205.0,7,0.0,267.34,0,tripinfo_WestH6ToSaxonSt.29 emissions_WestH6ToSaxonSt.29,gasoline_euro4,0.89,47005.786548,1326354.857886,244.687514,26.30481,561.948763,423059.81314,0.0
WestH6ToSaxonSt.33,396.0,524_0,0.0,0.0,0.0,851.0,771_1,56.88,12.11,455.0,2767.88,163.0,5,0.0,223.77,0,tripinfo_WestH6ToSaxonSt.33 emissions_WestH6ToSaxonSt.33,gasoline_euro4,0.9,40294.683412,1223775.245578,211.69821,23.780137,514.683229,390339.228701,0.0
WestH6ToSaxonSt.40,480.0,524_0,0.0,0.0,0.0,853.0,771_1,56.88,14.79,373.0,2574.97,134.0,6,0.0,199.53,0,tripinfo_WestH6ToSaxonSt.40 emissions_WestH6ToSaxonSt.40,gasoline_euro4,1.09,32791.737624,1056160.060477,173.077595,20.480024,440.285608,336875.056766,0.0
EastAveburyToWestA509.37,514.0,483_1,0.0,0.0,0.0,853.0,774_2,29.75,15.85,339.0,2240.45,128.0,7,0.0,194.51,0,tripinfo_EastAveburyToWestA509.37 emissions_EastAveburyToWestA509.37,electric,1.15,0.0,0.0,0.0,0.0,0.0,0.0,0.0
WestA509ToAvebury.22,399.0,773_0,0.0,0.0,3.0,854.0,213_0,19.13,12.28,455.0,2279.03,225.0,7,0.0,278.73,0,tripinfo_WestA509ToAvebury.22 emissions_WestA509ToAvebury.22,electric,0.94,0.0,0.0,0.0,0.0,0.0,0.0,0.0
EastAveburyToWestA509.38,523.0,483_1,0.0,0.0,0.0,855.0,774_2,29.75,14.59,332.0,2240.45,108.0,8,0.0,185.39,0,tripinfo_EastAveburyToWestA509.38 emissions_EastAveburyToWestA509.38,electric,1.13,0.0,0.0,0.0,0.0,0.0,0.0,0.0
WestH6ToSaxonSt.37,444.0,524_0,0.0,0.0,0.0,859.0,771_1,56.88,11.57,415.0,2574.96,138.0,5,0.0,190.92,0,tripinfo_WestH6ToSaxonSt.37 emissions_WestH6ToSaxonSt.37,gasoline_euro4,0.84,33737.376577,1022196.951684,177.224977,18.822778,423.173737,326044.437153,0.0
V6ToEastH6.62,744.0,468_1,0.0,0.0,0.0,859.0,522_1,56.88,14.6,115.0,1512.23,0.0,0,0.0,13.96,0,tripinfo_V6ToEastH6.62 emissions_V6ToEastH6.62,gasoline_euro4,1.08,4033.506844,371445.291388,26.340807,5.884481,143.901798,118473.798122,0.0
EastAveburyToWestA509.29,446.0,483_1,0.0,0.0,0.0,861.0,774_0,29.75,14.04,415.0,2367.44,174.0,7,0.0,246.63,0,tripinfo_EastAveburyToWestA509.29 emissions_EastAveburyToWestA509.29,electric,1.03,0.0,0.0,0.0,0.0,0.0,0.0,0.0
WestA509ToEastH6.10,360.0,773_0,0.0,0.0,0.0,864.0,522_0,56.88,13.93,504.0,2705.73,241.0,8,0.0,315.59,0,tripinfo_WestA509ToEastH6.10 emissions_WestA509ToEastH6.10,electric,1.04,0.0,0.0,0.0,0.0,0.0,0.0,0.0
WestA509ToEastH6.12,432.0,773_0,0.0,0.0,0.0,866.0,522_0,56.88,14.55,434.0,2705.71,174.0,7,0.0,252.04,0,tripinfo_WestA509ToEastH6.12 emissions_WestA509ToEastH6.12,electric,1.08,0.0,0.0,0.0,0.0,0.0,0.0,0.0
EastAveburyToWestA509.39,531.0,483_1,0.0,0.0,0.0,866.0,774_1,29.75,13.4,335.0,2240.45,96.0,7,0.0,166.95,0,tripinfo_EastAveburyToWestA509.39 emissions_EastAveburyToWestA509.39,gasoline_euro4,0.99,28275.559973,915966.377829,149.127287,17.401371,380.348512,292158.822096,0.0
EastAveburyToWestA509.33,480.0,483_0,0.0,0.0,0.0,867.0,774_0,29.75,14.42,387.0,2264.21,170.0,5,0.0,236.77,0,tripinfo_EastAveburyToWestA509.33 emissions_EastAveburyToWestA509.33,gasoline_euro4,1.1,40792.304386,1197365.579676,213.217449,25.103287,513.80387,381914.296258,0.0
V6ToEastH6.20,240.0,468_1,0.0,0.0,0.0,868.0,522_0,56.88,14.38,628.0,3176.12,303.0,9,0.0,407.83,0,tripinfo_V6ToEastH6.20 emissions_V6ToEastH6.20,electric,1.06,0.0,0.0,0.0,0.0,0.0,0.0,0.0
EastAveburyToWestA509.51,633.0,483_1,0.0,0.0,0.0,869.0,774_1,29.75,13.34,236.0,2240.45,12.0,1,0.0,66.28,0,tripinfo_EastAveburyToWestA509.51 emissions_EastAveburyToWestA509.51,electric,0.98,0.0,0.0,0.0,0.0,0.0,0.0,0.0
EastAveburyToWestA509.32,472.0,483_0,0.0,0.0,0.0,872.0,774_0,29.75,13.51,400.0,2254.73,176.0,6,0.0,235.8,0,tripinfo_EastAveburyToWestA509.32 emissions_EastAveburyToWestA509.32,gasoline_euro4,1.0,40732.355368,1144652.101892,211.384486,23.092977,485.019056,365102.838711,0.0
SouthEvansGateToSilbury.20,360.0,526_0,0.0,0.0,0.0,873.0,215_1,19.43,13.66,513.0,2828.44,240.0,9,0.0,306.15,0,tripinfo_SouthEvansGateToSilbury.20 emissions_SouthEvansGateToSilbury.20,electric,1.0,0.0,0.0,0.0,0.0,0.0,0.0,0.0
EastAveburyToWestA509.43,565.0,483_0,0.0,0.0,0.0,873.0,774_1,29.75,14.13,308.0,2254.72,101.0,4,0.0,149.91,0,tripinfo_EastAveburyToWestA509.43 emissions_EastAveburyToWestA509.43,gasoline_euro4,1.04,26747.109393,907641.24028,142.068842,17.506626,377.740037,289502.320434,0.0
EastSilburyToEastAvebury.3,448.0,317_0,0.0,0.0,0.0,874.0,213_1,19.13,11.78,426.0,2097.09,199.0,9,0.0,250.86,0,tripinfo_EastSilburyToEastAvebury.3 emissions_EastSilburyToEastAvebury.3,electric,0.87,0.0,0.0,0.0,0.0,0.0,0.0,0.0
V6ToEastH6.63,756.0,468_1,0.0,0.0,0.0,877.0,522_1,56.88,15.4,121.0,1512.23,0.0,0,0.0,22.72,0,tripinfo_V6ToEastH6.63 emissions_V6ToEastH6.63,gasoline_euro4,1.12,5008.134927,408371.959685,31.795672,6.827525,161.084308,130251.630421,0.0
V6ToEastH6.60,720.0,468_1,0.0,0.0,0.0,878.0,522_1,56.88,15.52,158.0,2060.88,0.0,0,0.0,25.57,0,tripinfo_V6ToEastH6.60 emissions_V6ToEastH6.60,electric,1.13,0.0,0.0,0.0,0.0,0.0,0.0,0.0
V6ToEastH6.61,732.0,468_1,0.0,0.0,0.0,878.0,522_0,56.88,10.42,146.0,1512.23,0.0,0,0.0,12.1,0,tripinfo_V6ToEastH6.61 emissions_V6ToEastH6.61,electric,0.82,0.0,0.0,0.0,0.0,0.0,0.0,0.0
WestH6ToSaxonSt.32,384.0,524_0,0.0,0.0,0.0,879.0,771_1,56.88,14.57,495.0,2578.4,268.0,6,0.0,316.48,0,tripinfo_WestH6ToSaxonSt.32 emissions_WestH6ToSaxonSt.32,electric,1.05,0.0,0.0,0.0,0.0,0.0,0.0,0.0
EastAveburyToWestA509.34,489.0,483_0,0.0,0.0,0.0,881.0,774_0,29.75,13.15,392.0,2418.09,141.0,4,0.0,212.98,0,tripinfo_EastAveburyToWestA509.34 emissions_EastAveburyToWestA509.34,electric,1.0,0.0,0.0,0.0,0.0,0.0,0.0,0.0
WestH6ToSaxonSt.39,468.0,524_0,0.0,0.0,0.0,882.0,771_1,56.88,12.63,414.0,2578.48,175.0,6,0.0,223.16,0,tripinfo_WestH6ToSaxonSt.39 emissions_WestH6ToSaxonSt.39,electric,0.98,0.0,0.0,0.0,0.0,0.0,0.0,0.0
V6ToEastH6.48,576.0,468_1,0.0,0.0,0.0,883.0,522_0,56.88,12.25,307.0,2023.91,113.0,4,0.0,155.39,0,tripinfo_V6ToEastH6.48 emissions_V6ToEastH6.48,electric,0.97,0.0,0.0,0.0,0.0,0.0,0.0,0.0
V6ToEastH6.51,612.0,468_1,0.0,0.0,0.0,883.0,522_1,56.88,15.26,271.0,2023.91,88.0,4,0.0,137.86,0,tripinfo_V6ToEastH6.51 emissions_V6ToEastH6.51,electric,1.1,0.0,0.0,0.0,0.0,0.0,0.0,0.0
WestA509ToEastH6.14,504.0,773_0,0.0,0.0,0.0,888.0,522_0,56.88,13.07,384.0,2754.12,114.0,5,0.0,177.32,0,tripinfo_WestA509ToEastH6.14 emissions_WestA509ToEastH6.14,gasoline_euro4,0.97,30204.351771,1024354.986012,160.336429,18.839843,420.847656,326730.588445,0.0
WestA509ToEastH6.15,540.0,773_0,0.0,0.0,0.0,888.0,522_1,56.88,13.43,348.0,2754.12,73.0,6,0.0,152.38,0,tripinfo_WestA509ToEastH6.15 emissions_WestA509ToEastH6.15,gasoline_euro4,1.02,25013.85699,947292.300492,135.252704,17.419493,389.128336,302148.658581,0.0
EastA509ToH6.24,432.0,770_0,0.0,0.0,0.0,892.0,522_0,56.88,13.12,460.0,2389.38,204.0,7,0.0,280.78,0,tripinfo_EastA509ToH6.24 emissions_EastA509ToH6.24,electric,0.97,0.0,0.0,0.0,0.0,0.0,0.0,0.0
EastA509ToH6.34,612.0,770_0,0.0,0.0,0.0,897.0,522_0,56.88,16.26,285.0,1483.82,136.0,5,0.0,195.42,0,tripinfo_EastA509ToH6.34 emissions_EastA509ToH6.34,gasoline_euro4,1.19,31727.46743,874268.129654,164.649272,18.609393,376.940502,278859.350633,0.0
V6ToEastH6.64,768.0,468_1,0.0,0.0,0.0,898.0,522_1,56.88,12.43,130.0,1512.23,0.0,0,0.0,12.68,0,tripinfo_V6ToEastH6.64 emissions_V6ToEastH6.64,gasoline_euro4,0.94,3920.535326,345030.132493,25.432073,5.118307,132.868177,110049.092698,0.0
V6ToEastH6.50,600.0,468_1,0.0,0.0,0.0,903.0,522_0,56.88,12.81,303.0,2479.62,71.0,4,0.0,120.78,0,tripinfo_V6ToEastH6.50 emissions_V6ToEastH6.50,electric,0.99,0.0,0.0,0.0,0.0,0.0,0.0,0.0
WestA509ToAvebury.35,630.0,773_0,0.0,0.0,0.0,907.0,213_0,19.13,13.01,277.0,2336.45,44.0,2,0.0,100.11,0,tripinfo_WestA509ToAvebury.35 emissions_WestA509ToAvebury.35,gasoline_euro4,0.96,16239.458992,698895.220568,89.727879,11.987063,282.000879,222919.416296,0.0
EastSilburyToEastAvebury.2,432.0,317_0,0.0,0.0,0.0,909.0,213_0,19.13,14.02,477.0,2780.55,194.0,11,0.0,291.09,0,tripinfo_EastSilburyToEastAvebury.2 emissions_EastSilburyToEastAvebury.2,electric,1.1,0.0,0.0,0.0,0.0,0.0,0.0,0.0
V6ToEastH6.65,780.0,468_1,0.0,0.0,0.0,910.0,522_1,56.88,11.59,130.0,1512.23,0.0,0,0.0,11.49,0,tripinfo_V6ToEastH6.65 emissions_V6ToEastH6.65,gasoline_euro4,0.92,3681.000247,334896.088475,24.163985,4.842002,128.130168,106816.862941,0.0
V6ToEastH6.66,792.0,468_1,0.0,0.0,0.0,911.0,522_1,56.88,14.34,119.0,1512.23,0.0,0,0.0,15.86,0,tripinfo_V6ToEastH6.66 emissions_V6ToEastH6.66,gasoline_euro4,1.06,4256.675051,374134.697657,27.452735,5.951313,145.72449,119331.663943,0.0
EastA509ToH6.39,702.0,770_0,0.0,0.0,0.0,914.0,522_0,56.88,16.1,212.0,1483.8,73.0,6,0.0,119.46,0,tripinfo_EastA509ToH6.39 emissions_EastA509ToH6.39,electric,1.16,0.0,0.0,0.0,0.0,0.0,0.0,0.0
V6ToEastH6.39,468.0,468_1,0.0,0.0,0.0,921.0,522_1,56.88,13.38,453.0,3169.88,146.0,6,0.0,213.33,0,tripinfo_V6ToEastH6.39 emissions_V6ToEastH6.39,electric,0.97,0.0,0.0,0.0,0.0,0.0,0.0,0.0
V6ToEastH6.67,804.0,468_1,0.0,0.0,0.0,922.0,522_1,56.88,14.74,118.0,1512.23,0.0,0,0.0,19.78,0,tripinfo_V6ToEastH6.67 emissions_V6ToEastH6.67,gasoline_euro4,1.11,4926.892659,400020.898577,31.518169,6.822449,159.399573,127587.914355,0.0
WestH6ToSaxonSt.38,456.0,524_0,0.0,0.0,0.0,924.0,771_1,56.88,14.03,468.0,2555.04,228.0,7,0.0,288.19,0,tripinfo_WestH6ToSaxonSt.38 emissions_WestH6ToSaxonSt.38,electric,1.03,0.0,0.0,0.0,0.0,0.0,0.0,0.0
WestH6ToSaxonSt.36,432.0,524_0,0.0,0.0,0.0,931.0,771_1,56.88,12.29,499.0,2767.88,196.0,8,0.0,267.1,0,tripinfo_WestH6ToSaxonSt.36 emissions_WestH6ToSaxonSt.36,gasoline_euro4,0.89,46890.127663,1345263.58499,244.652916,26.366524,567.672055,429090.897342,0.0
WestH6ToSaxonSt.44,528.0,524_0,0.0,0.0,0.0,933.0,771_1,56.88,12.41,405.0,2555.03,157.0,6,0.0,212.55,0,tripinfo_WestH6ToSaxonSt.44 emissions_WestH6ToSaxonSt.44,gasoline_euro4,0.97,37020.983202,1101095.053824,193.882079,21.726585,463.806595,351208.944785,0.0
WestH6ToSaxonSt.43,516.0,524_0,0.0,0.0,0.0,936.0,771_1,56.88,11.79,420.0,2555.04,165.0,5,0.0,215.76,0,tripinfo_WestH6ToSaxonSt.43 emissions_WestH6ToSaxonSt.43,electric,0.91,0.0,0.0,0.0,0.0,0.0,0.0,0.0
WestH6ToSaxonSt.41,492.0,524_0,0.0,0.0,0.0,942.0,771_1,56.88,10.7,450.0,2767.88,143.0,6,0.0,202.87,0,tripinfo_WestH6ToSaxonSt.41 emissions_WestH6ToSaxonSt.41,gasoline_euro4,0.84,37278.923994,1160829.802429,196.637109,21.920914,485.219575,370262.014622,0.0
EastAveburyToWestA509.60,710.0,483_1,0.0,0.0,0.0,943.0,774_2,29.75,15.14,233.0,2237.66,20.0,2,0.0,84.86,0,tripinfo_EastAveburyToWestA509.60 emissions_EastAveburyToWestA509.60,electric,1.11,0.0,0.0,0.0,0.0,0.0,0.0,0.0
WestH6ToSaxonSt.51,612.0,524_0,0.0,0.0,0.0,944.0,771_1,56.88,13.31,332.0,2574.97,97.0,4,0.0,149.96,0,tripinfo_WestH6ToSaxonSt.51 emissions_WestH6ToSaxonSt.51,gasoline_euro4,1.04,26076.36568,965339.933549,140.557511,18.07171,398.98906,307905.109069,0.0
EastSilburyToEastAvebury.9,544.0,317_0,0.0,0.0,0.0,946.0,213_0,19.13,11.45,402.0,680.89,311.0,6,0.0,344.39,0,tripinfo_EastSilburyToEastAvebury.9 emissions_EastSilburyToEastAvebury.9,gasoline_euro4,0.88,57353.848606,1084277.305136,286.533226,25.177302,484.124287,345853.503788,0.0
WestH6ToSaxonSt.50,600.0,524_0,0.0,0.0,0.0,946.0,771_1,56.88,14.37,346.0,2765.42,90.0,3,0.0,154.12,0,tripinfo_WestH6ToSaxonSt.50 emissions_WestH6ToSaxonSt.50,gasoline_euro4,1.08,27284.469606,1071835.45583,148.661468,20.415501,445.62265,341871.460686,0.0
EastSilburyToEastAvebury.18,688.0,317_0,0.0,0.0,0.0,948.0,213_0,19.13,11.69,260.0,680.87,174.0,4,0.0,203.98,0,tripinfo_EastSilburyToEastAvebury.18 emissions_EastSilburyToEastAvebury.18,electric,0.9,0.0,0.0,0.0,0.0,0.0,0.0,0.0
V6ToEastH6.69,828.0,468_1,0.0,0.0,0.0,949.0,522_1,56.88,13.67,121.0,1512.23,0.0,0,0.0,13.24,0,tripinfo_V6ToEastH6.69 emissions_V6ToEastH6.69,gasoline_euro4,1.02,3739.682851,359606.815313,24.411595,5.21528,136.30111,114698.288737,0.0
EastSilburyToEastAvebury.19,704.0,317_0,0.0,0.0,0.0,950.0,213_0,19.13,12.99,246.0,680.89,158.0,4,0.0,196.48,0,tripinfo_EastSilburyToEastAvebury.19 emissions_EastSilburyToEastAvebury.19,gasoline_euro4,1.02,32497.577463,697441.342465,164.2568,15.80722,308.896503,222461.510105,0.0
WestA509ToEastH6.16,576.0,773_0,0.0,0.0,0.0,953.0,522_1,56.88,15.47,377.0,2754.12,150.0,3,0.0,200.11,0,tripinfo_WestA509ToEastH6.16 emissions_WestA509ToEastH6.16,gasoline_euro4,1.13,34645.518383,1148259.392176,183.004,22.193706,476.152613,366250.671822,0.0
V6ToEastH6.30,360.0,468_1,0.0,0.0,0.0,955.0,522_0,56.88,12.7,595.0,3166.25,266.0,9,0.0,344.97,0,tripinfo_V6ToEastH6.30 emissions_V6ToEastH6.30,electric,0.93,0.0,0.0,0.0,0.0,0.0,0.0,0.0
EastAveburyToWestA509.45,582.0,483_0,0.0,0.0,0.0,956.0,774_0,29.75,10.8,374.0,2257.79,132.0,6,0.0,183.54,0,tripinfo_EastAveburyToWestA509.45 emissions_EastAveburyToWestA509.45,gasoline_euro4,0.87,32177.434172,976059.97951,169.012486,18.599288,408.125132,311327.647967,0.0
EastAveburyToWestA509.58,693.0,483_1,0.0,0.0,0.0,956.0,774_1,29.75,13.21,263.0,2237.39,20.0,4,0.0,90.08,0,tripinfo_EastAveburyToWestA509.58 emissions_EastAveburyToWestA509.58,gasoline_euro4,0.96,14608.298356,703247.040926,82.571836,12.116348,285.658539,224306.215807,0.0
EastAveburyToWestA509.41,548.0,483_0,0.0,0.0,0.0,958.0,774_0,29.75,12.67,410.0,2254.71,182.0,7,0.0,243.63,0,tripinfo_EastAveburyToWestA509.41 emissions_EastAveburyToWestA509.41,gasoline_euro4,0.99,41804.478772,1161738.086976,217.042587,23.619169,494.549069,370552.727128,0.0
SouthEvansGateToSilbury.25,450.0,526_0,0.0,0.0,0.0,963.0,215_1,19.43,10.68,513.0,2828.44,219.0,6,0.0,261.54,0,tripinfo_SouthEvansGateToSilbury.25 emissions_SouthEvansGateToSilbury.25,electric,0.83,0.0,0.0,0.0,0.0,0.0,0.0,0.0
V6ToEastH6.71,852.0,468_1,0.0,0.0,0.0,963.0,522_1,56.88,15.48,111.0,1512.23,0.0,0,0.0,13.62,0,tripinfo_V6ToEastH6.71 emissions_V6ToEastH6.71,electric,1.13,0.0,0.0,0.0,0.0,0.0,0.0,0.0
SouthEvansGateToSilbury.38,684.0,526_0,0.0,0.0,0.0,964.0,215_1,19.43,11.86,280.0,1460.73,132.0,4,0.0,166.93,0,tripinfo_SouthEvansGateToSilbury.38 emissions_SouthEvansGateToSilbury.38,electric,0.94,0.0,0.0,0.0,0.0,0.0,0.0,0.0
EastAveburyToWestA509.46,591.0,483_0,0.0,0.0,0.0,966.0,774_0,29.75,11.48,375.0,2254.83,116.0,5,0.0,181.59,0,tripinfo_EastAveburyToWestA509.46 emissions_EastAveburyToWestA509.46,gasoline_euro4,0.85,31278.995466,961346.20445,164.499706,17.907309,399.442554,306634.674881,0.0
SouthEvansGateToSilbury.41,738.0,526_0,0.0,0.0,0.0,966.0,215_1,19.43,12.86,228.0,1460.71,80.0,2,0.0,117.15,0,tripinfo_SouthEvansGateToSilbury.41 emissions_SouthEvansGateToSilbury.41,electric,0.96,0.0,0.0,0.0,0.0,0.0,0.0,0.0
EastA509ToH6.40,720.0,770_0,0.0,0.0,0.0,967.0,522_0,56.88,15.07,247.0,1483.8,119.0,3,0.0,150.17,0,tripinfo_EastA509ToH6.40 emissions_EastA509ToH6.40,gasoline_euro4,1.11,25742.144583,731925.798023,133.459725,14.791804,308.629727,233457.805771,0.0
EastAveburyToWestA509.57,684.0,483_1,0.0,0.0,0.0,969.0,774_0,29.75,10.81,285.0,2238.62,31.0,4,0.0,84.76,0,tripinfo_EastAveburyToWestA509.57 emissions_EastAveburyToWestA509.57,electric,0.82,0.0,0.0,0.0,0.0,0.0,0.0,0.0
WestH6ToSaxonSt.45,540.0,524_0,0.0,0.0,0.0,970.0,771_1,56.88,13.08,430.0,2578.4,198.0,5,0.0,243.89,0,tripinfo_WestH6ToSaxonSt.45 emissions_WestH6ToSaxonSt.45,electric,1.01,0.0,0.0,0.0,0.0,0.0,0.0,0.0
WestH6ToSaxonSt.46,552.0,524_0,0.0,0.0,0.0,974.0,771_1,56.88,13.51,422.0,2573.32,187.0,5,0.0,230.23,0,tripinfo_WestH6ToSaxonSt.46 emissions_WestH6ToSaxonSt.46,electric,0.98,0.0,0.0,0.0,0.0,0.0,0.0,0.0
WestH6ToSaxonSt.47,564.0,524_0,0.0,0.0,0.0,976.0,771_1,56.88,14.49,412.0,2568.16,197.0,6,0.0,245.97,0,tripinfo_WestH6ToSaxonSt.47 emissions_WestH6ToSaxonSt.47,electric,1.13,0.0,0.0,0.0,0.0,0.0,0.0,0.0
EastA509ToH6.32,576.0,770_0,0.0,0.0,0.0,978.0,522_0,56.88,11.75,402.0,2389.38,153.0,7,0.0,211.78,0,tripinfo_EastA509ToH6.32 emissions_EastA509ToH6.32,electric,0.92,0.0,0.0,0.0,0.0,0.0,0.0,0.0
EastAveburyToWestA509.9,276.0,483_1,0.0,0.0,0.0,980.0,774_0,29.75,11.83,704.0,2328.54,440.0,9,0.0,502.91,0,tripinfo_EastAveburyToWestA509.9 emissions_EastAveburyToWestA509.9,gasoline_euro4,0.87,85258.623312,1864632.931835,431.645905,40.316313,812.494698,594759.626352,0.0
V6ToEastH6.36,432.0,468_1,0.0,0.0,0.0,980.0,522_0,56.88,12.44,548.0,2910.57,237.0,10,0.0,314.62,0,tripinfo_V6ToEastH6.36 emissions_V6ToEastH6.36,electric,0.9,0.0,0.0,0.0,0.0,0.0,0.0,0.0
EastSilburyToEastAvebury.0,400.0,317_0,0.0,0.0,0.0,981.0,213_0,19.13,15.05,581.0,2785.75,290.0,11,0.0,402.48,0,tripinfo_EastSilburyToEastAvebury.0 emissions_EastSilburyToEastAvebury.0,electric,1.14,0.0,0.0,0.0,0.0,0.0,0.0,0.0
EastSilburyToEastAvebury.11,576.0,317_0,0.0,0.0,0.0,981.0,213_1,19.13,16.96,405.0,2473.18,194.0,7,0.0,260.66,0,tripinfo_EastSilburyToEastAvebury.11 emissions_EastSilburyToEastAvebury.11,gasoline_euro4,1.26,44642.029715,1286525.932212,232.357313,26.981654,548.703499,410353.694686,0.0
SouthEvansGateToSilbury.37,666.0,526_0,0.0,0.0,0.0,981.0,215_0,19.43,16.32,315.0,1471.76,184.0,4,0.0,226.61,0,tripinfo_SouthEvansGateToSilbury.37 emissions_SouthEvansGateToSilbury.37,gasoline_euro4,1.21,37681.2841,944614.860445,193.264344,20.396937,408.644859,301299.21965,0.0
WestH6ToSaxonSt.53,636.0,524_0,0.0,0.0,0.0,982.0,771_1,56.88,14.74,346.0,2567.3,133.0,4,0.0,172.6,0,tripinfo_WestH6ToSaxonSt.53 emissions_WestH6ToSaxonSt.53,electric,1.07,0.0,0.0,0.0,0.0,0.0,0.0,0.0
SouthEvansGateToSilbury.34,612.0,526_0,0.0,0.0,0.0,984.0,215_1,19.43,11.3,372.0,1471.7,220.0,5,0.0,252.63,0,tripinfo_SouthEvansGateToSilbury.34 emissions_SouthEvansGateToSilbury.34,gasoline_euro4,0.89,43050.626284,994957.073723,218.919286,21.0851,429.53231,317359.238468,0.0
SouthEvansGateToSilbury.35,630.0,526_0,0.0,0.0,0.0,984.0,215_0,19.43,13.24,354.0,1471.71,202.0,5,0.0,245.81,0,tripinfo_SouthEvansGateToSilbury.35 emissions_SouthEvansGateToSilbury.35,gasoline_euro4,0.98,40947.424276,964055.14298,208.743429,20.68591,418.050298,307501.688093,0.0
EastSilburyToEastAvebury.13,608.0,317_0,0.0,0.0,0.0,985.0,213_1,19.13,12.96,377.0,2473.16,139.0,5,0.0,184.77,0,tripinfo_EastSilburyToEastAvebury.13 emissions_EastSilburyToEastAvebury.13,gasoline_euro4,0.95,31770.121957,995123.451294,166.989129,18.402465,409.923095,317408.270801,0.0
V6ToEastH6.72,864.0,468_1,0.0,0.0,0.0,986.0,522_1,56.88,13.29,122.0,1512.23,0.0,0,0.0,13.41,0,tripinfo_V6ToEastH6.72 emissions_V6ToEastH6.72,electric,1.01,0.0,0.0,0.0,0.0,0.0,0.0,0.0
WestA509ToAvebury.32,579.0,773_0,0.0,0.0,3.0,994.0,213_0,19.13,12.23,415.0,2336.43,193.0,6,0.0,239.29,0,tripinfo_WestA509ToAvebury.32 emissions_WestA509ToAvebury.32,gasoline_euro4,0.96,41169.468061,1123758.673259,212.78398,22.452713,474.402891,358439.625301,0.0
WestA509ToAvebury.33,594.0,773_0,0.0,0.0,0.0,996.0,213_0,19.13,16.32,402.0,2336.45,191.0,7,0.0,260.93,0,tripinfo_WestA509ToAvebury.33 emissions_WestA509ToAvebury.33,gasoline_euro4,1.21,42516.497889,1182595.396407,220.554684,24.557196,503.598307,377204.974436,0.0
EastAveburyToWestA509.40,540.0,483_1,0.0,0.0,0.0,1002.0,774_0,29.75,12.32,462.0,2302.13,218.0,7,0.0,288.6,0,tripinfo_EastAveburyToWestA509.40 emissions_EastAveburyToWestA509.40,electric,0.97,0.0,0.0,0.0,0.0,0.0,0.0,0.0
V6ToEastH6.73,876.0,468_1,0.0,0.0,0.0,1003.0,522_1,56.88,12.87,127.0,1512.23,0.0,0,0.0,13.72,0,tripinfo_V6ToEastH6.73 emissions_V6ToEastH6.73,electric,0.97,0.0,0.0,0.0,0.0,0.0,0.0,0.0
EastAveburyToWestA509.44,574.0,483_1,0.0,0.0,0.0,1005.0,774_0,29.75,12.89,431.0,2302.11,192.0,5,0.0,255.25,0,tripinfo_EastAveburyToWestA509.44 emissions_EastAveburyToWestA509.44,electric,0.96,0.0,0.0,0.0,0.0,0.0,0.0,0.0
V6ToEastH6.49,588.0,468_1,0.0,0.0,0.0,1005.0,522_1,56.88,13.55,417.0,2904.61,164.0,5,0.0,215.95,0,tripinfo_V6ToEastH6.49 emissions_V6ToEastH6.49,electric,1.05,0.0,0.0,0.0,0.0,0.0,0.0,0.0
EastAveburyToWestA509.55,667.0,483_1,0.0,0.0,0.0,1011.0,774_1,29.75,12.41,344.0,2214.88,125.0,7,0.0,178.81,0,tripinfo_EastAveburyToWestA509.55 emissions_EastAveburyToWestA509.55,electric,0.98,0.0,0.0,0.0,0.0,0.0,0.0,0.0
V6ToEastH6.74,888.0,468_1,0.0,0.0,0.0,1011.0,522_1,56.88,13.32,123.0,1512.23,0.0,0,0.0,17.46,0,tripinfo_V6ToEastH6.74 emissions_V6ToEastH6.74,gasoline_euro4,1.04,4651.464611,391254.607965,29.681541,6.2917,153.432004,124792.153429,0.0
EastAveburyToWestA509.49,616.0,483_1,0.0,0.0,0.0,1015.0,774_0,29.75,12.67,399.0,2302.11,146.0,5,0.0,225.89,0,tripinfo_EastAveburyToWestA509.49 emissions_EastAveburyToWestA509.49,electric,0.97,0.0,0.0,0.0,0.0,0.0,0.0,0.0
WestH6ToSaxonSt.48,576.0,524_0,0.0,0.0,0.0,1018.0,771_1,56.88,12.9,442.0,2767.88,170.0,6,0.0,226.51,0,tripinfo_WestH6ToSaxonSt.48 emissions_WestH6ToSaxonSt.48,electric,0.96,0.0,0.0,0.0,0.0,0.0,0.0,0.0
WestH6ToSaxonSt.52,624.0,524_0,0.0,0.0,0.0,1019.0,771_1,56.88,15.2,395.0,2764.35,152.0,5,0.0,214.96,0,tripinfo_WestH6ToSaxonSt.52 emissions_WestH6ToSaxonSt.52,electric,1.14,0.0,0.0,0.0,0.0,0.0,0.0,0.0
WestH6ToSaxonSt.54,648.0,524_0,0.0,0.0,0.0,1021.0,771_1,56.88,12.87,373.0,2767.88,100.0,5,0.0,162.99,0,tripinfo_WestH6ToSaxonSt.54 emissions_WestH6ToSaxonSt.54,gasoline_euro4,0.99,29787.361931,1082833.802005,160.132171,20.30265,448.67491,345381.250329,0.0
WestH6ToSaxonSt.58,696.0,524_0,0.0,0.0,0.0,1024.0,771_1,56.88,13.65,328.0,2555.04,103.0,3,0.0,143.15,0,tripinfo_WestH6ToSaxonSt.58 emissions_WestH6ToSaxonSt.58,gasoline_euro4,1.01,25656.503506,914495.022478,137.406214,17.030275,376.520579,291688.374471,0.0
WestH6ToSaxonSt.59,708.0,524_0,0.0,0.0,0.0,1028.0,771_1,56.88,13.15,320.0,2555.02,86.0,4,0.0,126.03,0,tripinfo_WestH6ToSaxonSt.59 emissions_WestH6ToSaxonSt.59,electric,0.96,0.0,0.0,0.0,0.0,0.0,0.0,0.0
EastAveburyToWestA509.48,608.0,483_1,0.0,0.0,0.0,1033.0,774_0,29.75,13.2,425.0,2367.43,172.0,8,0.0,255.45,0,tripinfo_EastAveburyToWestA509.48 emissions_EastAveburyToWestA509.48,electric,1.02,0.0,0.0,0.0,0.0,0.0,0.0,0.0
EastAveburyToWestA509.59,701.0,483_1,0.0,0.0,0.0,1037.0,774_1,29.75,12.76,336.0,2240.45,79.0,3,0.0,158.95,0,tripinfo_EastAveburyToWestA509.59 emissions_EastAveburyToWestA509.59,electric,0.93,0.0,0.0,0.0,0.0,0.0,0.0,0.0
WestA509ToEastH6.13,468.0,773_0,0.0,0.0,0.0,1038.0,522_0,56.88,13.21,570.0,2705.71,308.0,10,0.0,373.85,0,tripinfo_WestA509ToEastH6.13 emissions_WestA509ToEastH6.13,electric,1.0,0.0,0.0,0.0,0.0,0.0,0.0,0.0
WestA509ToAvebury.29,522.0,773_0,0.0,0.0,0.0,1039.0,213_0,19.13,13.64,517.0,2328.48,295.0,9,0.0,354.09,0,tripinfo_WestA509ToAvebury.29 emissions_WestA509ToAvebury.29,electric,1.04,0.0,0.0,0.0,0.0,0.0,0.0,0.0
EastAveburyToWestA509.54,659.0,483_0,0.0,0.0,0.0,1043.0,774_2,29.75,14.34,384.0,2264.24,136.0,8,0.0,232.13,0,tripinfo_EastAveburyToWestA509.54 emissions_EastAveburyToWestA509.54,gasoline_euro4,1.09,37546.806989,1144143.733583,197.227755,23.452614,488.47297,364938.160201,0.0
V6ToEastH6.78,936.0,468_1,0.0,0.0,0.0,1045.0,522_1,56.88,14.86,109.0,1512.23,0.0,0,0.0,14.28,0,tripinfo_V6ToEastH6.78 emissions_V6ToEastH6.78,electric,1.16,0.0,0.0,0.0,0.0,0.0,0.0,0.0
EastAveburyToWestA509.61,718.0,483_1,0.0,0.0,0.0,1046.0,774_0,29.75,11.18,328.0,2241.69,64.0,2,0.0,136.52,0,tripinfo_EastAveburyToWestA509.61 emissions_EastAveburyToWestA509.61,electric,0.86,0.0,0.0,0.0,0.0,0.0,0.0,0.0
EastAveburyToWestA509.50,625.0,483_0,0.0,0.0,0.0,1047.0,774_1,29.75,13.87,422.0,2254.7,186.0,6,0.0,265.02,0,tripinfo_EastAveburyToWestA509.50 emissions_EastAveburyToWestA509.50,gasoline_euro4,1.05,42724.299721,1174421.592196,221.544719,24.36238,503.245612,374598.009049,0.0
EastSilburyToEastAvebury.17,672.0,317_1,0.0,0.0,0.0,1048.0,213_1,19.13,15.86,376.0,2638.68,145.0,6,0.0,213.74,0,tripinfo_EastSilburyToEastAvebury.17 emissions_EastSilburyToEastAvebury.17,electric,1.18,0.0,0.0,0.0,0.0,0.0,0.0,0.0
SouthEvansGateToSilbury.33,594.0,526_0,0.0,0.0,0.0,1049.0,215_1,19.43,12.76,455.0,2828.44,192.0,7,0.0,245.81,0,tripinfo_SouthEvansGateToSilbury.33 emissions_SouthEvansGateToSilbury.33,electric,0.99,0.0,0.0,0.0,0.0,0.0,0.0,0.0
EastAveburyToWestA509.53,650.0,483_0,0.0,0.0,0.0,1049.0,774_1,29.75,13.77,399.0,2254.73,148.0,7,0.0,241.51,0,tripinfo_EastAveburyToWestA509.53 emissions_EastAveburyToWestA509.53,gasoline_euro4,1.05,38792.433391,1149081.170017,203.065765,23.217179,488.66754,366514.118912,0.0
EastAveburyToWestA509.42,557.0,483_1,0.0,0.0,0.0,1052.0,774_0,29.75,8.87,495.0,2241.68,205.0,5,0.0,261.77,0,tripinfo_EastAveburyToWestA509.42 emissions_EastAveburyToWestA509.42,electric,0.71,0.0,0.0,0.0,0.0,0.0,0.0,0.0
SouthEvansGateToSilbury.42,756.0,526_0,0.0,0.0,0.0,1052.0,215_1,19.43,12.49,296.0,1460.71,145.0,4,0.0,178.74,0,tripinfo_SouthEvansGateToSilbury.42 emissions_SouthEvansGateToSilbury.42,electric,0.9,0.0,0.0,0.0,0.0,0.0,0.0,0.0
WestH6ToSaxonSt.56,672.0,524_0,0.0,0.0,0.0,1053.0,771_1,56.88,15.06,381.0,2578.52,163.0,6,0.0,215.57,0,tripinfo_WestH6ToSaxonSt.56 emissions_WestH6ToSaxonSt.56,electric,1.13,0.0,0.0,0.0,0.0,0.0,0.0,0.0
V6ToEastH6.41,492.0,468_1,0.0,0.0,0.0,1055.0,522_0,56.88,14.83,563.0,2910.59,256.0,12,0.0,379.97,0,tripinfo_V6ToEastH6.41 emissions_V6ToEastH6.41,electric,1.15,0.0,0.0,0.0,0.0,0.0,0.0,0.0
WestH6ToSaxonSt.55,660.0,524_0,0.0,0.0,0.0,1056.0,771_1,56.88,14.32,396.0,2567.34,166.0,4,0.0,222.77,0,tripinfo_WestH6ToSaxonSt.55 emissions_WestH6ToSaxonSt.55,electric,1.07,0.0,0.0,0.0,0.0,0.0,0.0,0.0
EastA509ToH6.36,648.0,770_0,0.0,0.0,0.0,1060.0,522_0,56.88,12.78,412.0,1483.82,264.0,6,0.0,303.93,0,tripinfo_EastA509ToH6.36 emissions_EastA509ToH6.36,gasoline_euro4,0.99,51004.564727,1142793.466585,258.327462,24.861116,496.867202,364514.480922,0.0
EastA509ToH6.45,810.0,770_0,0.0,0.0,0.0,1063.0,522_1,56.88,16.1,253.0,1483.8,122.0,4,0.0,162.55,0,tripinfo_EastA509ToH6.45 emissions_EastA509ToH6.45,gasoline_euro4,1.19,27171.959704,760020.514198,141.021946,15.79739,323.637702,242418.791094,0.0
EastA509ToH6.42,756.0,770_0,0.0,0.0,0.0,1064.0,522_0,56.88,13.8,308.0,1483.69,165.0,5,0.0,200.01,0,tripinfo_EastA509ToH6.42 emissions_EastA509ToH6.42,gasoline_euro4,1.0,34174.759703,869362.724574,175.452828,18.136985,372.377114,277296.827916,0.0
WestA509ToAvebury.37,666.0,773_0,0.0,0.0,0.0,1069.0,213_1,19.13,14.69,403.0,2336.41,204.0,5,0.0,255.25,0,tripinfo_WestA509ToAvebury.37 emissions_WestA509ToAvebury.37,gasoline_euro4,1.15,43258.321662,1191224.219743,223.840267,24.749659,506.442834,379957.45067,0.0
SouthEvansGateToSilbury.40,720.0,526_0,0.0,0.0,0.0,1071.0,215_1,19.43,12.13,351.0,1471.73,194.0,7,0.0,239.09,0,tripinfo_SouthEvansGateToSilbury.40 emissions_SouthEvansGateToSilbury.40,gasoline_euro4,0.95,40266.666524,949370.147572,205.196422,20.261584,410.818615,302817.746069,0.0
V6ToEastH6.79,948.0,468_1,0.0,0.0,0.0,1071.0,522_1,56.88,12.92,123.0,1512.23,0.0,0,0.0,13.62,0,tripinfo_V6ToEastH6.79 emissions_V6ToEastH6.79,electric,1.0,0.0,0.0,0.0,0.0,0.0,0.0,0.0
SouthEvansGateToSilbury.39,702.0,526_0,0.0,0.0,0.0,1073.0,215_1,19.43,15.22,371.0,1471.73,216.0,7,0.0,280.79,0,tripinfo_SouthEvansGateToSilbury.39 emissions_SouthEvansGateToSilbury.39,gasoline_euro4,1.18,45170.310657,1069893.88711,230.502437,23.46701,466.919145,341259.969857,0.0
EastAveburyToWestA509.66,761.0,483_1,0.0,0.0,0.0,1077.0,774_0,29.75,15.21,316.0,2373.4,104.0,6,0.0,164.29,0,tripinfo_EastAveburyToWestA509.66 emissions_EastAveburyToWestA509.66,electric,1.14,0.0,0.0,0.0,0.0,0.0,0.0,0.0
V6ToEastH6.80,960.0,468_1,0.0,0.0,0.0,1078.0,522_1,56.88,14.23,118.0,1512.23,0.0,0,0.0,13.14,0,tripinfo_V6ToEastH6.80 emissions_V6ToEastH6.80,gasoline_euro4,1.04,3969.791947,364644.191644,25.792252,5.631352,140.354847,116304.725764,0.0
EastA509ToH6.44,792.0,770_0,0.0,0.0,0.0,1079.0,522_0,56.88,10.92,287.0,1483.64,126.0,4,0.0,161.23,0,tripinfo_EastA509ToH6.44 emissions_EastA509ToH6.44,electric,0.85,0.0,0.0,0.0,0.0,0.0,0.0,0.0
WestA509ToAvebury.38,687.0,773_0,0.0,0.0,3.0,1080.0,213_0,19.13,12.44,393.0,2336.43,143.0,8,0.0,209.88,0,tripinfo_WestA509ToAvebury.38 emissions_WestA509ToAvebury.38,gasoline_euro4,0.93,35255.286499,1038469.027672,184.331119,20.15703,435.51917,331234.13774,0.0
V6ToEastH6.45,540.0,468_1,0.0,0.0,0.0,1081.0,522_0,56.88,14.67,541.0,2910.57,267.0,9,0.0,356.83,0,tripinfo_V6ToEastH6.45 emissions_V6ToEastH6.45,electric,1.14,0.0,0.0,0.0,0.0,0.0,0.0,0.0
SouthEvansGateToSilbury.36,648.0,526_0,0.0,0.0,0.0,1081.0,215_0,19.43,14.2,433.0,2411.97,208.0,6,0.0,267.36,0,tripinfo_SouthEvansGateToSilbury.36 emissions_SouthEvansGateToSilbury.36,electric,1.06,0.0,0.0,0.0,0.0,0.0,0.0,0.0
EastSilburyToEastAvebury.5,480.0,317_0,0.0,0.0,0.0,1082.0,213_0,19.13,12.25,602.0,2780.56,290.0,12,0.0,392.21,0,tripinfo_EastSilburyToEastAvebury.5 emissions_EastSilburyToEastAvebury.5,electric,0.97,0.0,0.0,0.0,0.0,0.0,0.0,0.0
EastA509ToH6.28,504.0,770_0,0.0,0.0,0.0,1084.0,522_0,56.88,14.87,580.0,3271.91,274.0,11,0.0,362.51,0,tripinfo_EastA509ToH6.28 emissions_EastA509ToH6.28,electric,1.09,0.0,0.0,0.0,0.0,0.0,0.0,0.0
WestA509ToAvebury.31,558.0,773_0,0.0,0.0,0.0,1084.0,213_0,19.13,12.79,526.0,2915.1,211.0,8,0.0,313.05,0,tripinfo_WestA509ToAvebury.31 emissions_WestA509ToAvebury.31,electric,1.01,0.0,0.0,0.0,0.0,0.0,0.0,0.0
WestA509ToAvebury.28,507.0,773_0,0.0,0.0,3.0,1085.0,213_0,19.13,15.28,578.0,2332.43,338.0,10,0.0,425.64,0,tripinfo_WestA509ToAvebury.28 emissions_WestA509ToAvebury.28,electric,1.11,0.0,0.0,0.0,0.0,0.0,0.0,0.0
V6ToEastH6.56,672.0,468_1,0.0,0.0,0.0,1087.0,522_1,56.88,14.87,415.0,2904.63,164.0,5,0.0,232.07,0,tripinfo_V6ToEastH6.56 emissions_V6ToEastH6.56,electric,1.16,0.0,0.0,0.0,0.0,0.0,0.0,0.0
EastA509ToH6.43,774.0,770_0,0.0,0.0,0.0,1095.0,522_0,56.88,12.7,321.0,1483.82,152.0,5,0.0,205.31,0,tripinfo_EastA509ToH6.43 emissions_EastA509ToH6.43,gasoline_euro4,0.93,34361.366005,875621.10682,176.76558,18.191447,376.108838,279293.030338,0.0
V6ToEastH6.81,972.0,468_1,0.0,0.0,0.0,1101.0,522_1,56.88,13.01,129.0,1512.23,0.0,0,0.0,12.33,0,tripinfo_V6ToEastH6.81 emissions_V6ToEastH6.81,gasoline_euro4,0.94,3986.201645,357965.653176,26.009898,5.2846,137.670922,114174.91649,0.0
WestH6ToSaxonSt.66,792.0,524_0,0.0,0.0,0.0,1104.0,771_1,56.88,15.17,312.0,2555.04,98.0,5,0.0,148.98,0,tripinfo_WestH6ToSaxonSt.66 emissions_WestH6ToSaxonSt.66,gasoline_euro4,1.14,26404.420325,964319.774544,141.537718,18.373622,397.333717,307579.645861,0.0
V6ToEastH6.82,984.0,468_1,0.0,0.0,0.0,1104.0,522_1,56.88,13.46,120.0,1512.23,0.0,0,0.0,17.15,0,tripinfo_V6ToEastH6.82 emissions_V6ToEastH6.82,gasoline_euro4,1.06,4396.422748,383783.815363,28.291957,6.078108,149.437792,122409.346736,0.0
WestH6ToSaxonSt.65,780.0,524_0,0.0,0.0,0.0,1107.0,771_1,56.88,14.46,327.0,2555.07,101.0,6,0.0,154.71,0,tripinfo_WestH6ToSaxonSt.65 emissions_WestH6ToSaxonSt.65,gasoline_euro4,1.08,27412.431883,975326.073212,146.535947,18.613371,403.574856,311090.597466,0.0
V6ToEastH6.77,924.0,468_1,0.0,0.0,0.0,1107.0,522_1,56.88,13.85,183.0,2311.67,0.0,0,0.0,25.38,0,tripinfo_V6ToEastH6.77 emissions_V6ToEastH6.77,electric,1.08,0.0,0.0,0.0,0.0,0.0,0.0,0.0
EastAveburyToWestA509.73,820.0,483_1,0.0,0.0,0.0,1114.0,774_0,29.75,14.37,294.0,2238.62,84.0,5,0.0,139.13,0,tripinfo_EastAveburyToWestA509.73 emissions_EastAveburyToWestA509.73,electric,1.07,0.0,0.0,0.0,0.0,0.0,0.0,0.0
WestH6ToSaxonSt.57,684.0,524_0,0.0,0.0,0.0,1116.0,771_1,56.88,12.77,432.0,2767.88,150.0,6,0.0,213.78,0,tripinfo_WestH6ToSaxonSt.57 emissions_WestH6ToSaxonSt.57,gasoline_euro4,0.95,38476.201003,1226576.767316,203.105724,23.632519,513.487494,391231.831213,0.0
EastAveburyToWestA509.65,752.0,483_1,0.0,0.0,0.0,1116.0,774_0,29.75,16.03,364.0,2367.43,161.0,5,0.0,218.79,0,tripinfo_EastAveburyToWestA509.65 emissions_EastAveburyToWestA509.65,electric,1.19,0.0,0.0,0.0,0.0,0.0,0.0,0.0
WestA509ToEastH6.20,720.0,773_0,0.0,0.0,0.0,1129.0,522_0,56.88,12.58,409.0,2754.12,144.0,6,0.0,208.9,0,tripinfo_WestA509ToEastH6.20 emissions_WestA509ToEastH6.20,gasoline_euro4,1.0,34868.141901,1118678.042373,183.870459,21.327362,464.841401,356816.397609,0.0
EastAveburyToWestA509.25,412.0,483_1,0.0,0.0,0.0,1135.0,774_0,29.75,14.12,723.0,2328.56,477.0,9,0.0,554.83,0,tripinfo_EastAveburyToWestA509.25 emissions_EastAveburyToWestA509.25,gasoline_euro4,1.03,92545.114456,2018938.12555,468.173511,45.061197,887.099539,643976.720673,0.0
V6ToEastH6.84,1008.0,468_1,0.0,0.0,0.0,1136.0,522_1,56.88,12.15,128.0,1512.23,0.0,0,0.0,13.67,0,tripinfo_V6ToEastH6.84 emissions_V6ToEastH6.84,gasoline_euro4,0.96,4066.921739,362981.475514,26.451284,5.441172,140.182808,115774.646863,0.0
SouthEvansGateToSilbury.50,900.0,526_0,0.0,0.0,0.0,1137.0,215_1,19.43,12.65,237.0,1477.62,100.0,2,0.0,126.58,0,tripinfo_SouthEvansGateToSilbury.50 emissions_SouthEvansGateToSilbury.50,gasoline_euro4,0.97,22480.649672,669894.523176,117.71382,13.205879,281.889796,213671.782816,0.0
V6ToEastH6.85,1020.0,468_1,0.0,0.0,0.0,1140.0,522_1,56.88,13.23,120.0,1512.23,0.0,0,0.0,11.74,0,tripinfo_V6ToEastH6.85 emissions_V6ToEastH6.85,gasoline_euro4,1.01,3598.967582,352124.628049,23.883163,5.181251,134.198965,112311.728861,0.0
EastA509ToH6.37,666.0,770_0,0.0,0.0,0.0,1142.0,522_1,56.88,15.4,476.0,3295.66,200.0,5,0.0,264.37,0,tripinfo_EastA509ToH6.37 emissions_EastA509ToH6.37,electric,1.13,0.0,0.0,0.0,0.0,0.0,0.0,0.0
V6ToEastH6.86,1032.0,468_1,0.0,0.0,0.0,1147.0,522_1,56.88,14.11,115.0,1512.23,0.0,0,0.0,13.1,0,tripinfo_V6ToEastH6.86 emissions_V6ToEastH6.86,gasoline_euro4,1.07,3980.625107,371705.288814,25.7099,5.753484,142.880126,118556.810782,0.0
EastA509ToH6.41,738.0,770_0,0.0,0.0,0.0,1154.0,522_1,56.88,14.02,416.0,1483.82,265.0,5,0.0,312.28,0,tripinfo_EastA509ToH6.41 emissions_EastA509ToH6.41,gasoline_euro4,1.03,51620.823256,1165431.566222,261.783014,25.508483,507.6934,371734.888849,0.0
EastA509ToH6.48,864.0,770_0,0.0,0.0,0.0,1156.0,522_1,56.88,13.43,292.0,1483.8,140.0,5,0.0,185.67,0,tripinfo_EastA509ToH6.48 emissions_EastA509ToH6.48,electric,1.01,0.0,0.0,0.0,0.0,0.0,0.0,0.0
WestA509ToAvebury.40,723.0,773_0,0.0,0.0,3.0,1158.0,213_1,19.13,12.77,435.0,2336.41,191.0,6,0.0,254.32,0,tripinfo_WestA509ToAvebury.40 emissions_WestA509ToAvebury.40,gasoline_euro4,0.94,42821.674538,1158052.271353,221.354731,23.314504,491.158443,369378.116046,0.0
SouthEvansGateToSilbury.45,810.0,526_0,0.0,0.0,0.0,1158.0,215_1,19.43,12.82,348.0,1471.73,202.0,6,0.0,241.17,0,tripinfo_SouthEvansGateToSilbury.45 emissions_SouthEvansGateToSilbury.45,gasoline_euro4,1.0,39986.6351,941754.138715,203.591496,20.028112,405.928382,300388.64914,0.0
EastA509ToH6.50,900.0,770_0,0.0,0.0,0.0,1158.0,522_1,56.88,17.06,258.0,1483.8,113.0,4,0.0,170.89,0,tripinfo_EastA509ToH6.50 emissions_EastA509ToH6.50,gasoline_euro4,1.24,27231.049466,789326.838631,142.090965,16.468159,337.580579,251765.715288,0.0
WestA509ToEastH6.17,612.0,773_0,0.0,0.0,0.0,1159.0,522_0,56.88,9.38,547.0,2754.05,220.0,7,0.0,283.73,0,tripinfo_WestA509ToEastH6.17 emissions_WestA509ToEastH6.17,gasoline_euro4,0.76,50112.299388,1304473.231547,258.423797,25.766826,553.70155,416082.820906,0.0
EastSilburyToEastAvebury.6,496.0,317_0,0.0,0.0,0.0,1160.0,213_1,19.13,14.48,664.0,2785.82,361.0,13,0.0,472.71,0,tripinfo_EastSilburyToEastAvebury.6 emissions_EastSilburyToEastAvebury.6,electric,1.06,0.0,0.0,0.0,0.0,0.0,0.0,0.0
V6ToEastH6.53,636.0,468_1,0.0,0.0,0.0,1161.0,522_0,56.88,14.7,525.0,2910.55,264.0,7,0.0,343.59,0,tripinfo_V6ToEastH6.53 emissions_V6ToEastH6.53,electric,1.16,0.0,0.0,0.0,0.0,0.0,0.0,0.0
SouthEvansGateToSilbury.44,792.0,526_0,0.0,0.0,0.0,1161.0,215_1,19.43,12.97,369.0,1471.71,217.0,6,0.0,261.74,0,tripinfo_SouthEvansGateToSilbury.44 emissions_SouthEvansGateToSilbury.44,electric,0.99,0.0,0.0,0.0,0.0,0.0,0.0,0.0
EastSilburyToEastAvebury.14,624.0,317_0,0.0,0.0,0.0,1162.0,213_1,19.13,14.41,538.0,1590.84,354.0,10,0.0,431.58,0,tripinfo_EastSilburyToEastAvebury.14 emissions_EastSilburyToEastAvebury.14,electric,1.09,0.0,0.0,0.0,0.0,0.0,0.0,0.0
SouthEvansGateToSilbury.46,828.0,526_0,0.0,0.0,0.0,1162.0,215_1,19.43,14.15,334.0,1471.73,190.0,6,0.0,236.76,0,tripinfo_SouthEvansGateToSilbury.46 emissions_SouthEvansGateToSilbury.46,gasoline_euro4,1.09,39074.071826,941826.701807,199.264317,20.075898,405.343019,300411.163397,0.0
EastSilburyToEastAvebury.23,768.0,317_0,0.0,0.0,0.0,1164.0,213_1,19.13,13.19,396.0,2473.21,146.0,7,0.0,216.57,0,tripinfo_EastSilburyToEastAvebury.23 emissions_EastSilburyToEastAvebury.23,gasoline_euro4,1.02,36435.734965,1073328.45447,189.756333,20.768509,447.01916,342353.127811,0.0
SouthEvansGateToSilbury.47,846.0,526_0,0.0,0.0,0.0,1165.0,215_1,19.43,13.66,319.0,1471.68,170.0,5,0.0,212.33,0,tripinfo_SouthEvansGateToSilbury.47 emissions_SouthEvansGateToSilbury.47,electric,1.0,0.0,0.0,0.0,0.0,0.0,0.0,0.0
SouthEvansGateToSilbury.49,882.0,526_0,0.0,0.0,0.0,1166.0,215_1,19.43,14.48,284.0,1471.73,127.0,6,0.0,183.22,0,tripinfo_SouthEvansGateToSilbury.49 emissions_SouthEvansGateToSilbury.49,gasoline_euro4,1.05,29629.847791,803872.777165,153.553015,16.645237,344.501242,256406.64248,0.0
EastA509ToH6.47,846.0,770_0,0.0,0.0,0.0,1170.0,522_0,56.88,10.86,324.0,1483.71,142.0,4,0.0,190.12,0,tripinfo_EastA509ToH6.47 emissions_EastA509ToH6.47,electric,0.8,0.0,0.0,0.0,0.0,0.0,0.0,0.0
SouthEvansGateToSilbury.48,864.0,526_0,0.0,0.0,0.0,1170.0,215_1,19.43,12.05,306.0,1471.74,149.0,7,0.0,185.32,0,tripinfo_SouthEvansGateToSilbury.48 emissions_SouthEvansGateToSilbury.48,electric,0.88,0.0,0.0,0.0,0.0,0.0,0.0,0.0
WestA509ToAvebury.42,759.0,773_0,0.0,0.0,3.0,1172.0,213_0,19.13,15.34,413.0,2959.18,129.0,8,0.0,215.14,0,tripinfo_WestA509ToAvebury.42 emissions_WestA509ToAvebury.42,electric,1.11,0.0,0.0,0.0,0.0,0.0,0.0,0.0
EastA509ToH6.49,882.0,770_0,0.0,0.0,0.0,1174.0,522_0,56.88,9.49,292.0,1483.82,105.0,3,0.0,152.16,0,tripinfo_EastA509ToH6.49 emissions_EastA509ToH6.49,electric,0.76,0.0,0.0,0.0,0.0,0.0,0.0,0.0
V6ToEastH6.88,1056.0,468_1,0.0,0.0,0.0,1178.0,522_1,56.88,12.88,122.0,1512.23,0.0,0,0.0,14.2,0,tripinfo_V6ToEastH6.88 emissions_V6ToEastH6.88,electric,1.01,0.0,0.0,0.0,0.0,0.0,0.0,0.0
V6ToEastH6.87,1044.0,468_1,0.0,0.0,0.0,1185.0,522_0,56.88,11.46,141.0,1512.23,0.0,0,0.0,14.32,0,tripinfo_V6ToEastH6.87 emissions_V6ToEastH6.87,electric,0.86,0.0,0.0,0.0,0.0,0.0,0.0,0.0
EastAveburyToWestA509.74,829.0,483_1,0.0,0.0,0.0,1186.0,774_1,29.75,12.1,357.0,2214.84,149.0,5,0.0,188.75,0,tripinfo_EastAveburyToWestA509.74 emissions_EastAveburyToWestA509.74,electric,0.96,0.0,0.0,0.0,0.0,0.0,0.0,0.0
V6ToEastH6.89,1068.0,468_1,0.0,0.0,0.0,1191.0,522_1,56.88,13.12,123.0,1512.23,0.0,0,0.0,12.49,0,tripinfo_V6ToEastH6.89 emissions_V6ToEastH6.89,electric,0.99,0.0,0.0,0.0,0.0,0.0,0.0,0.0
V6ToEastH6.90,1080.0,468_1,0.0,0.0,0.0,1194.0,522_1,56.88,14.16,114.0,1512.23,0.0,0,0.0,14.79,0,tripinfo_V6ToEastH6.90 emissions_V6ToEastH6.90,gasoline_euro4,1.1,4007.386005,368085.822971,26.065128,5.831771,142.256794,117402.317057,0.0
WestH6ToSaxonSt.67,804.0,524_0,0.0,0.0,0.0,1199.0,771_1,56.88,14.11,395.0,2555.04,161.0,5,0.0,221.47,0,tripinfo_WestH6ToSaxonSt.67 emissions_WestH6ToSaxonSt.67,electric,1.07,0.0,0.0,0.0,0.0,0.0,0.0,0.0
EastAveburyToWestA509.68,778.0,483_1,0.0,0.0,0.0,1200.0,774_2,29.75,14.49,422.0,2240.45,203.0,7,0.0,270.84,0,tripinfo_EastAveburyToWestA509.68 emissions_EastAveburyToWestA509.68,gasoline_euro4,1.1,45475.189254,1210753.214163,234.238106,25.043939,515.194881,386187.538433,0.0
WestH6ToSaxonSt.73,876.0,524_0,0.0,0.0,0.0,1201.0,771_1,56.88,16.52,325.0,2555.04,113.0,5,0.0,173.0,0,tripinfo_WestH6ToSaxonSt.73 emissions_WestH6ToSaxonSt.73,electric,1.23,0.0,0.0,0.0,0.0,0.0,0.0,0.0
EastAveburyToWestA509.67,769.0,483_0,0.0,0.0,0.0,1206.0,774_0,29.75,13.17,437.0,2257.77,218.0,5,0.0,274.71,0,tripinfo_EastAveburyToWestA509.67 emissions_EastAveburyToWestA509.67,gasoline_euro4,1.01,46018.710224,1209891.473632,236.941097,24.707304,514.135387,385913.422654,0.0
WestA509ToEastH6.21,756.0,773_0,0.0,0.0,0.0,1207.0,522_0,56.88,15.92,451.0,2754.12,201.0,7,0.0,284.61,0,tripinfo_WestA509ToEastH6.21 emissions_WestA509ToEastH6.21,gasoline_euro4,1.2,46533.456111,1335446.900624,241.671005,27.18498,562.934862,425958.709869,0.0
EastSilburyToEastAvebury.20,720.0,317_0,0.0,0.0,0.0,1209.0,213_0,19.13,11.2,489.0,680.89,389.0,7,0.0,427.61,0,tripinfo_EastSilburyToEastAvebury.20 emissions_EastSilburyToEastAvebury.20,gasoline_euro4,0.82,70518.884569,1287051.177004,351.226478,30.261199,577.374367,410533.68504,0.0
EastAveburyToWestA509.79,871.0,483_1,0.0,0.0,0.0,1209.0,774_2,29.75,14.25,338.0,2237.39,100.0,9,0.0,179.64,0,tripinfo_EastAveburyToWestA509.79 emissions_EastAveburyToWestA509.79,gasoline_euro4,1.05,29389.110965,953551.146061,155.311133,18.533496,398.810556,304146.44994,0.0
EastAveburyToWestA509.63,735.0,483_0,0.0,0.0,0.0,1215.0,774_0,29.75,12.21,480.0,2257.76,245.0,6,0.0,310.36,0,tripinfo_EastAveburyToWestA509.63 emissions_EastAveburyToWestA509.63,gasoline_euro4,0.97,52517.657988,1324946.321356,269.390376,27.661848,568.770115,422612.523757,0.0
V6ToEastH6.91,1092.0,468_1,0.0,0.0,0.0,1216.0,522_1,56.88,13.76,124.0,1512.23,0.0,0,0.0,14.94,0,tripinfo_V6ToEastH6.91 emissions_V6ToEastH6.91,electric,1.0,0.0,0.0,0.0,0.0,0.0,0.0,0.0
WestA509ToEastH6.18,648.0,773_0,0.0,0.0,0.0,1220.0,522_0,56.88,13.83,572.0,2705.73,293.0,13,0.0,383.64,0,tripinfo_WestA509ToEastH6.18 emissions_WestA509ToEastH6.18,electric,1.04,0.0,0.0,0.0,0.0,0.0,0.0,0.0
EastA509ToH6.35,630.0,770_0,0.0,0.0,0.0,1221.0,522_1,56.88,14.88,591.0,3295.38,265.0,12,0.0,373.32,0,tripinfo_EastA509ToH6.35 emissions_EastA509ToH6.35,electric,1.1,0.0,0.0,0.0,0.0,0.0,0.0,0.0
EastAveburyToWestA509.62,727.0,483_0,0.0,0.0,0.0,1221.0,774_0,29.75,11.98,494.0,2257.76,245.0,6,0.0,310.98,0,tripinfo_EastAveburyToWestA509.62 emissions_EastAveburyToWestA509.62,gasoline_euro4,0.9,52046.916357,1286534.82347,266.660124,26.595428,551.562168,410361.548186,0.0
SouthEvansGateToSilbury.55,990.0,526_0,0.0,0.0,0.0,1223.0,215_1,19.43,16.04,233.0,1477.59,114.0,3,0.0,141.17,0,tripinfo_SouthEvansGateToSilbury.55 emissions_SouthEvansGateToSilbury.55,gasoline_euro4,1.16,24959.408369,722465.867554,130.126216,14.999688,307.311797,230439.743662,0.0
EastAveburyToWestA509.70,795.0,483_1,0.0,0.0,0.0,1226.0,774_1,29.75,12.24,431.0,2240.45,169.0,6,0.0,245.7,0,tripinfo_EastAveburyToWestA509.70 emissions_EastAveburyToWestA509.70,gasoline_euro4,0.9,41659.397437,1131817.928073,215.879865,22.715767,481.513385,361010.139861,0.0
WestH6ToSaxonSt.64,768.0,524_0,0.0,0.0,0.0,1228.0,771_1,56.88,14.87,460.0,2578.36,231.0,8,0.0,292.08,0,tripinfo_WestH6ToSaxonSt.64 emissions_WestH6ToSaxonSt.64,electric,1.11,0.0,0.0,0.0,0.0,0.0,0.0,0.0
EastAveburyToWestA509.69,786.0,483_1,0.0,0.0,0.0,1231.0,774_1,29.75,11.68,445.0,2237.39,173.0,7,0.0,250.25,0,tripinfo_EastAveburyToWestA509.69 emissions_EastAveburyToWestA509.69,gasoline_euro4,0.85,41268.400991,1099649.8026,213.31709,21.927709,466.958936,350750.318789,0.0
V6ToEastH6.92,1104.0,468_1,0.0,0.0,0.0,1231.0,522_1,56.88,13.23,127.0,1512.23,2.0,1,0.0,20.1,0,tripinfo_V6ToEastH6.92 emissions_V6ToEastH6.92,gasoline_euro4,1.02,5041.124726,387326.476209,31.372785,6.183352,151.717169,123539.596815,0.0
EastAveburyToWestA509.64,744.0,483_0,0.0,0.0,0.0,1233.0,774_0,29.75,11.93,489.0,2257.79,225.0,8,0.0,297.07,0,tripinfo_EastAveburyToWestA509.64 emissions_EastAveburyToWestA509.64,gasoline_euro4,0.86,49696.589023,1250599.275402,255.233982,25.360373,533.625821,398899.274158,0.0
WestH6ToSaxonSt.63,756.0,524_0,0.0,0.0,0.0,1234.0,771_1,56.88,12.69,478.0,2578.44,223.0,9,0.0,288.87,0,tripinfo_WestH6ToSaxonSt.63 emissions_WestH6ToSaxonSt.63,electric,0.99,0.0,0.0,0.0,0.0,0.0,0.0,0.0
EastA509ToH6.52,936.0,770_0,0.0,0.0,0.0,1239.0,522_0,56.88,11.95,303.0,1483.64,154.0,3,0.0,186.73,0,tripinfo_EastA509ToH6.52 emissions_EastA509ToH6.52,electric,0.92,0.0,0.0,0.0,0.0,0.0,0.0,0.0
V6ToEastH6.93,1116.0,468_1,0.0,0.0,0.0,1242.0,522_1,56.88,13.04,126.0,1512.23,0.0,0,0.0,12.27,0,tripinfo_V6ToEastH6.93 emissions_V6ToEastH6.93,gasoline_euro4,0.96,3773.367475,352371.721955,24.819577,5.109552,134.20649,112390.746624,0.0
EastA509ToH6.53,954.0,770_0,0.0,0.0,0.0,1245.0,522_0,56.88,13.75,291.0,1483.69,142.0,5,0.0,187.5,0,tripinfo_EastA509ToH6.53 emissions_EastA509ToH6.53,gasoline_euro4,1.04,31414.120655,836908.294627,162.334449,17.464156,359.050479,266944.011033,0.0
WestH6ToSaxonSt.49,588.0,524_0,0.0,0.0,0.0,1246.0,771_1,56.88,12.53,658.0,2573.32,398.0,12,0.0,466.52,0,tripinfo_WestH6ToSaxonSt.49 emissions_WestH6ToSaxonSt.49,electric,0.98,0.0,0.0,0.0,0.0,0.0,0.0,0.0
V6ToEastH6.55,660.0,468_1,0.0,0.0,0.0,1246.0,522_1,56.88,14.53,586.0,2910.57,287.0,10,0.0,396.84,0,tripinfo_V6ToEastH6.55 emissions_V6ToEastH6.55,electric,1.11,0.0,0.0,0.0,0.0,0.0,0.0,0.0
WestA509ToAvebury.50,903.0,773_0,0.0,0.0,3.0,1246.0,213_1,19.13,14.09,343.0,2337.28,123.0,4,0.0,189.78,0,tripinfo_WestA509ToAvebury.50 emissions_WestA509ToAvebury.50,gasoline_euro4,1.11,32021.366225,1038087.497752,169.495284,20.776167,437.990361,331109.680577,0.0
WestA509ToAvebury.25,450.0,773_0,0.0,0.0,0.0,1247.0,213_0,19.13,12.11,797.0,2332.45,536.0,14,0.0,618.28,0,tripinfo_WestA509ToAvebury.25 emissions_WestA509ToAvebury.25,electric,0.95,0.0,0.0,0.0,0.0,0.0,0.0,0.0
SouthEvansGateToSilbury.52,936.0,526_0,0.0,0.0,0.0,1247.0,215_1,19.43,13.8,311.0,1471.7,171.0,5,0.0,204.89,0,tripinfo_SouthEvansGateToSilbury.52 emissions_SouthEvansGateToSilbury.52,electric,1.01,0.0,0.0,0.0,0.0,0.0,0.0,0.0
WestH6ToSaxonSt.70,840.0,524_0,0.0,0.0,0.0,1248.0,771_1,56.88,14.08,408.0,2578.37,177.0,8,0.0,237.75,0,tripinfo_WestH6ToSaxonSt.70 emissions_WestH6ToSaxonSt.70,electric,1.1,0.0,0.0,0.0,0.0,0.0,0.0,0.0
WestA509ToAvebury.36,651.0,773_0,0.0,0.0,3.0,1249.0,213_0,19.13,12.37,598.0,2915.1,277.0,10,0.0,371.15,0,tripinfo_WestA509ToAvebury.36 emissions_WestA509ToAvebury.36,electric,0.96,0.0,0.0,0.0,0.0,0.0,0.0,0.0
SouthEvansGateToSilbury.53,954.0,526_0,0.0,0.0,0.0,1249.0,215_1,19.43,12.84,295.0,1471.68,138.0,6,0.0,182.11,0,tripinfo_SouthEvansGateToSilbury.53 emissions_SouthEvansGateToSilbury.53,electric,0.94,0.0,0.0,0.0,0.0,0.0,0.0,0.0
WestA509ToAvebury.45,810.0,773_0,0.0,0.0,0.0,1250.0,213_0,19.13,14.68,440.0,2336.45,201.0,8,0.0,287.8,0,tripinfo_WestA509ToAvebury.45 emissions_WestA509ToAvebury.45,gasoline_euro4,1.12,46015.327624,1209322.996806,236.977027,25.053559,515.914499,385731.715818,0.0
EastA509ToH6.54,972.0,770_0,0.0,0.0,0.0,1250.0,522_1,56.88,14.72,278.0,1483.82,123.0,4,0.0,178.52,0,tripinfo_EastA509ToH6.54 emissions_EastA509ToH6.54,gasoline_euro4,1.08,29250.290209,823062.686746,152.10491,16.974963,352.166162,262526.893137,0.0
SouthEvansGateToSilbury.54,972.0,526_0,0.0,0.0,0.0,1251.0,215_1,19.43,14.0,279.0,1471.71,113.0,5,0.0,175.34,0,tripinfo_SouthEvansGateToSilbury.54 emissions_SouthEvansGateToSilbury.54,electric,1.03,0.0,0.0,0.0,0.0,0.0,0.0,0.0
EastA509ToH6.51,918.0,770_0,0.0,0.0,0.0,1252.0,522_0,56.88,12.1,334.0,1483.82,172.0,4,0.0,213.39,0,tripinfo_EastA509ToH6.51 emissions_EastA509ToH6.51,gasoline_euro4,0.89,35845.98004,893419.000463,183.844762,18.322097,382.113437,284970.736273,0.0
WestA509ToAvebury.41,738.0,773_0,0.0,0.0,0.0,1253.0,213_0,19.13,12.51,515.0,2958.65,217.0,6,0.0,289.31,0,tripinfo_WestA509ToAvebury.41 emissions_WestA509ToAvebury.41,electric,0.98,0.0,0.0,0.0,0.0,0.0,0.0,0.0
SouthEvansGateToSilbury.51,918.0,526_0,0.0,0.0,0.0,1253.0,215_1,19.43,12.86,335.0,1471.73,176.0,6,0.0,226.7,0,tripinfo_SouthEvansGateToSilbury.51 emissions_SouthEvansGateToSilbury.51,gasoline_euro4,0.99,37387.34748,941143.336339,191.758514,19.629972,403.992877,300192.586738,0.0
WestA509ToAvebury.43,774.0,773_0,0.0,0.0,0.0,1255.0,213_0,19.13,12.57,481.0,2336.43,230.0,6,0.0,293.71,0,tripinfo_WestA509ToAvebury.43 emissions_WestA509ToAvebury.43,gasoline_euro4,0.91,49432.749325,1237958.662305,253.682685,25.480557,529.657916,394867.110635,0.0
V6ToEastH6.94,1128.0,468_1,0.0,0.0,0.0,1260.0,522_1,56.88,11.96,132.0,1512.23,0.0,0,0.0,13.92,0,tripinfo_V6ToEastH6.94 emissions_V6ToEastH6.94,gasoline_euro4,0.93,4007.822618,353099.072781,25.989058,5.157834,135.607573,112622.804934,0.0
WestA509ToAvebury.34,615.0,773_0,0.0,0.0,3.0,1261.0,213_0,19.13,12.32,646.0,2332.45,415.0,9,0.0,472.94,0,tripinfo_WestA509ToAvebury.34 emissions_WestA509ToAvebury.34,electric,0.98,0.0,0.0,0.0,0.0,0.0,0.0,0.0
V6ToEastH6.95,1140.0,468_1,0.0,0.0,0.0,1261.0,522_1,56.88,13.07,121.0,1512.23,0.0,0,0.0,18.52,0,tripinfo_V6ToEastH6.95 emissions_V6ToEastH6.95,gasoline_euro4,1.06,4683.003199,382161.831079,29.81532,6.368041,151.621252,121891.824784,0.0
EastA509ToH6.56,1008.0,770_0,0.0,0.0,0.0,1262.0,522_0,56.88,17.04,254.0,1483.77,109.0,4,0.0,166.74,0,tripinfo_EastA509ToH6.56 emissions_EastA509ToH6.56,gasoline_euro4,1.24,27362.901502,816550.169866,143.423824,17.184199,350.248246,260448.249739,0.0
V6ToEastH6.70,840.0,468_1,0.0,0.0,0.0,1272.0,522_1,56.88,13.39,432.0,2488.97,179.0,7,0.0,249.63,0,tripinfo_V6ToEastH6.70 emissions_V6ToEastH6.70,electric,0.99,0.0,0.0,0.0,0.0,0.0,0.0,0.0
V6ToEastH6.96,1152.0,468_1,0.0,0.0,0.0,1278.0,522_1,56.88,12.15,126.0,1512.23,0.0,0,0.0,11.06,0,tripinfo_V6ToEastH6.96 emissions_V6ToEastH6.96,gasoline_euro4,0.95,3621.603934,349088.322043,24.132804,4.979556,132.654193,111343.508012,0.0
WestH6ToSaxonSt.71,852.0,524_0,0.0,0.0,0.0,1282.0,771_1,56.88,15.38,430.0,2555.05,209.0,6,0.0,262.2,0,tripinfo_WestH6ToSaxonSt.71 emissions_WestH6ToSaxonSt.71,gasoline_euro4,1.11,44841.247863,1232933.616172,232.080483,25.286255,522.248989,393261.755055,0.0
V6ToEastH6.97,1164.0,468_1,0.0,0.0,0.0,1287.0,522_1,56.88,13.48,123.0,1512.23,0.0,0,0.0,13.63,0,tripinfo_V6ToEastH6.97 emissions_V6ToEastH6.97,gasoline_euro4,1.0,3979.533727,360989.474268,26.058355,5.490627,139.519948,115139.176235,0.0
WestH6ToSaxonSt.60,720.0,524_0,0.0,0.0,0.0,1288.0,771_1,56.88,13.42,568.0,2767.88,285.0,10,0.0,357.12,0,tripinfo_WestH6ToSaxonSt.60 emissions_WestH6ToSaxonSt.60,gasoline_euro4,0.98,61590.422089,1592905.291767,316.881772,33.088599,682.627476,508081.475585,0.0
WestH6ToSaxonSt.72,864.0,524_0,0.0,0.0,0.0,1292.0,771_1,56.88,12.61,428.0,2555.07,179.0,8,0.0,235.08,0,tripinfo_WestH6ToSaxonSt.72 emissions_WestH6ToSaxonSt.72,electric,0.97,0.0,0.0,0.0,0.0,0.0,0.0,0.0
V6ToEastH6.98,1176.0,468_1,0.0,0.0,0.0,1292.0,522_1,56.88,14.0,116.0,1512.23,0.0,0,0.0,12.33,0,tripinfo_V6ToEastH6.98 emissions_V6ToEastH6.98,electric,1.06,0.0,0.0,0.0,0.0,0.0,0.0,0.0
EastAveburyToWestA509.71,803.0,483_1,0.0,0.0,0.0,1297.0,774_1,29.75,11.58,494.0,2237.39,221.0,6,0.0,315.32,0,tripinfo_EastAveburyToWestA509.71 emissions_EastAveburyToWestA509.71,gasoline_euro4,0.93,50780.740086,1274642.921045,260.555394,26.347088,546.953538,406567.874043,0.0
V6ToEastH6.99,1188.0,468_1,0.0,0.0,0.0,1300.0,522_1,56.88,15.13,112.0,1512.23,0.0,0,0.0,13.76,0,tripinfo_V6ToEastH6.99 emissions_V6ToEastH6.99,gasoline_euro4,1.11,4005.699158,372635.819716,26.310125,5.970472,144.769857,118853.433908,0.0
EastSilburyToEastAvebury.22,752.0,317_0,0.0,0.0,0.0,1305.0,213_0,19.13,12.53,553.0,680.89,448.0,8,0.0,499.38,0,tripinfo_EastSilburyToEastAvebury.22 emissions_EastSilburyToEastAvebury.22,gasoline_euro4,0.95,81548.80707,1472608.360264,405.859706,35.127774,663.830939,469721.265479,0.0
EastAveburyToWestA509.76,846.0,483_1,0.0,0.0,0.0,1305.0,774_1,29.75,13.54,459.0,2237.61,194.0,9,0.0,291.09,0,tripinfo_EastAveburyToWestA509.76 emissions_EastAveburyToWestA509.76,gasoline_euro4,0.98,46757.696909,1225940.209552,240.921368,25.105926,523.126269,391032.354092,0.0
WestH6ToSaxonSt.83,996.0,524_0,0.0,0.0,0.0,1305.0,771_0,56.88,16.23,309.0,2602.65,102.0,4,0.0,149.12,0,tripinfo_WestH6ToSaxonSt.83 emissions_WestH6ToSaxonSt.83,electric,1.18,0.0,0.0,0.0,0.0,0.0,0.0,0.0
EastAveburyToWestA509.88,948.0,483_1,0.0,0.0,0.0,1306.0,774_2,29.75,14.19,358.0,2237.39,121.0,10,0.0,201.28,0,tripinfo_EastAveburyToWestA509.88 emissions_EastAveburyToWestA509.88,electric,1.06,0.0,0.0,0.0,0.0,0.0,0.0,0.0
WestA509ToEastH6.25,900.0,773_0,0.0,0.0,0.0,1309.0,522_0,56.88,11.65,409.0,2754.05,127.0,4,0.0,184.64,0,tripinfo_WestA509ToEastH6.25 emissions_WestA509ToEastH6.25,gasoline_euro4,0.89,31704.7499,1031858.045063,167.911776,18.967774,425.708683,329124.58631,0.0
EastAveburyToWestA509.72,812.0,483_0,0.0,0.0,0.0,1311.0,774_1,29.75,14.82,499.0,2260.82,257.0,8,0.0,353.65,0,tripinfo_EastAveburyToWestA509.72 emissions_EastAveburyToWestA509.72,gasoline_euro4,1.14,57139.835129,1420299.3934,292.635309,30.501555,613.900182,453026.424892,0.0
EastAveburyToWestA509.75,837.0,483_1,0.0,0.0,0.0,1312.0,774_0,29.75,13.08,475.0,2238.89,213.0,11,0.0,314.1,0,tripinfo_EastAveburyToWestA509.75 emissions_EastAveburyToWestA509.75,electric,1.01,0.0,0.0,0.0,0.0,0.0,0.0,0.0
SouthEvansGateToSilbury.56,1008.0,526_0,0.0,0.0,0.0,1312.0,215_1,19.43,14.14,304.0,1457.43,162.0,5,0.0,204.79,0,tripinfo_SouthEvansGateToSilbury.56 emissions_SouthEvansGateToSilbury.56,electric,1.07,0.0,0.0,0.0,0.0,0.0,0.0,0.0
EastAveburyToWestA509.77,854.0,483_1,0.0,0.0,0.0,1313.0,774_1,29.75,12.54,459.0,2240.45,199.0,8,0.0,279.85,0,tripinfo_EastAveburyToWestA509.77 emissions_EastAveburyToWestA509.77,gasoline_euro4,0.92,46682.430958,1209128.403679,240.196707,24.373046,513.923417,385670.777302,0.0
EastAveburyToWestA509.26,421.0,483_1,0.0,0.0,0.0,1318.0,774_0,29.75,13.05,897.0,2328.54,619.0,12,0.0,712.29,0,tripinfo_EastAveburyToWestA509.26 emissions_EastAveburyToWestA509.26,gasoline_euro4,0.94,118215.509435,2397228.470979,594.085428,54.533969,1061.909899,764643.307485,0.0
WestH6ToSaxonSt.61,732.0,524_0,0.0,0.0,0.0,1320.0,771_1,56.88,13.33,588.0,2578.37,346.0,8,0.0,403.41,0,tripinfo_WestH6ToSaxonSt.61 emissions_WestH6ToSaxonSt.61,electric,1.02,0.0,0.0,0.0,0.0,0.0,0.0,0.0
V6ToEastH6.100,1200.0,468_1,0.0,0.0,0.0,1323.0,522_1,56.88,13.52,123.0,1512.23,0.0,0,0.0,13.86,0,tripinfo_V6ToEastH6.100 emissions_V6ToEastH6.100,electric,1.0,0.0,0.0,0.0,0.0,0.0,0.0,0.0
V6ToEastH6.101,1212.0,468_1,0.0,0.0,0.0,1325.0,522_1,56.88,14.48,113.0,1512.23,0.0,0,0.0,15.97,0,tripinfo_V6ToEastH6.101 emissions_V6ToEastH6.101,gasoline_euro4,1.13,4310.551252,382134.656248,27.699847,6.192814,148.935925,121883.116884,0.0
WestH6ToSaxonSt.75,900.0,524_0,0.0,0.0,0.0,1327.0,771_1,56.88,12.18,427.0,2573.32,174.0,6,0.0,223.94,0,tripinfo_WestH6ToSaxonSt.75 emissions_WestH6ToSaxonSt.75,electric,0.93,0.0,0.0,0.0,0.0,0.0,0.0,0.0
EastA509ToH6.55,990.0,770_0,0.0,0.0,0.0,1329.0,522_0,56.88,14.84,339.0,2394.52,127.0,4,0.0,177.97,0,tripinfo_EastA509ToH6.55 emissions_EastA509ToH6.55,electric,1.08,0.0,0.0,0.0,0.0,0.0,0.0,0.0
V6ToEastH6.68,816.0,468_1,0.0,0.0,0.0,1332.0,522_0,56.88,12.89,516.0,2464.28,264.0,6,0.0,333.77,0,tripinfo_V6ToEastH6.68 emissions_V6ToEastH6.68,electric,0.98,0.0,0.0,0.0,0.0,0.0,0.0,0.0
WestA509ToAvebury.51,918.0,773_0,0.0,0.0,0.0,1334.0,213_0,19.13,12.61,416.0,2336.43,198.0,5,0.0,242.06,0,tripinfo_WestA509ToAvebury.51 emissions_WestA509ToAvebury.51,gasoline_euro4,0.98,41399.843396,1107795.276415,213.697218,22.353148,469.219555,353348.152361,0.0
EastA509ToH6.57,1026.0,770_0,0.0,0.0,0.0,1334.0,522_0,56.88,12.91,308.0,1483.69,159.0,4,0.0,201.95,0,tripinfo_EastA509ToH6.57 emissions_EastA509ToH6.57,gasoline_euro4,1.01,34192.910547,874480.053143,175.770118,18.540748,377.072146,278928.581213,0.0
WestH6ToSaxonSt.86,1032.0,524_0,0.0,0.0,0.0,1334.0,771_1,56.88,14.71,302.0,2567.3,72.0,6,0.0,129.68,0,tripinfo_WestH6ToSaxonSt.86 emissions_WestH6ToSaxonSt.86,electric,1.08,0.0,0.0,0.0,0.0,0.0,0.0,0.0
EastSilburyToEastAvebury.16,656.0,317_0,0.0,0.0,0.0,1335.0,213_1,19.13,12.46,679.0,2482.56,375.0,14,0.0,479.01,0,tripinfo_EastSilburyToEastAvebury.16 emissions_EastSilburyToEastAvebury.16,electric,0.9,0.0,0.0,0.0,0.0,0.0,0.0,0.0
SouthEvansGateToSilbury.57,1026.0,526_0,0.0,0.0,0.0,1335.0,215_1,19.43,12.91,309.0,1471.7,168.0,5,0.0,202.92,0,tripinfo_SouthEvansGateToSilbury.57 emissions_SouthEvansGateToSilbury.57,gasoline_euro4,1.01,34566.673865,876670.088261,177.484668,18.451493,376.907023,279627.484701,0.0
EastSilburyToEastAvebury.32,912.0,317_0,0.0,0.0,0.0,1336.0,213_0,19.13,15.3,424.0,2473.2,195.0,8,0.0,261.4,0,tripinfo_EastSilburyToEastAvebury.32 emissions_EastSilburyToEastAvebury.32,gasoline_euro4,1.12,44657.497004,1260709.308861,231.573155,25.719492,533.26406,402120.482753,0.0
EastA509ToH6.60,1080.0,770_0,0.0,0.0,0.0,1336.0,522_0,56.88,15.42,256.0,1483.8,118.0,3,0.0,164.18,0,tripinfo_EastA509ToH6.60 emissions_EastA509ToH6.60,electric,1.17,0.0,0.0,0.0,0.0,0.0,0.0,0.0
EastSilburyToEastAvebury.15,640.0,317_0,0.0,0.0,0.0,1337.0,213_1,19.13,11.75,697.0,2482.59,406.0,16,0.0,504.39,0,tripinfo_EastSilburyToEastAvebury.15 emissions_EastSilburyToEastAvebury.15,electric,0.94,0.0,0.0,0.0,0.0,0.0,0.0,0.0
SouthEvansGateToSilbury.58,1044.0,526_0,0.0,0.0,0.0,1337.0,215_1,19.43,13.52,293.0,1471.73,148.0,4,0.0,189.26,0,tripinfo_SouthEvansGateToSilbury.58 emissions_SouthEvansGateToSilbury.58,electric,1.03,0.0,0.0,0.0,0.0,0.0,0.0,0.0
EastA509ToH6.59,1062.0,770_0,0.0,0.0,0.0,1337.0,522_1,56.88,16.74,275.0,1483.77,132.0,3,0.0,185.85,0,tripinfo_EastA509ToH6.59 emissions_EastA509ToH6.59,electric,1.21,0.0,0.0,0.0,0.0,0.0,0.0,0.0
EastSilburyToEastAvebury.39,1024.0,317_0,0.0,0.0,0.0,1338.0,213_0,19.13,14.96,314.0,2473.2,97.0,6,0.0,152.45,0,tripinfo_EastSilburyToEastAvebury.39 emissions_EastSilburyToEastAvebury.39,gasoline_euro4,1.12,26529.13093,924665.889348,141.696111,17.941474,384.644029,294932.048991,0.0
SouthEvansGateToSilbury.59,1062.0,526_0,0.0,0.0,0.0,1338.0,215_1,19.43,13.79,276.0,1471.71,122.0,6,0.0,171.47,0,tripinfo_SouthEvansGateToSilbury.59 emissions_SouthEvansGateToSilbury.59,gasoline_euro4,1.02,28755.476955,794331.927678,149.158246,16.491111,340.334525,253363.060639,0.0
WestA509ToAvebury.56,1011.0,773_0,0.0,0.0,3.0,1339.0,213_0,19.13,15.07,328.0,2336.45,134.0,3,0.0,174.59,0,tripinfo_WestA509ToAvebury.56 emissions_WestA509ToAvebury.56,gasoline_euro4,1.11,30449.055991,968534.273393,160.079834,18.952566,403.048229,308925.800593,0.0
SouthEvansGateToSilbury.60,1080.0,526_0,0.0,0.0,0.0,1341.0,215_1,19.43,12.89,261.0,1471.71,111.0,5,0.0,146.49,0,tripinfo_SouthEvansGateToSilbury.60 emissions_SouthEvansGateToSilbury.60,electric,0.93,0.0,0.0,0.0,0.0,0.0,0.0,0.0
V6ToEastH6.102,1224.0,468_1,0.0,0.0,0.0,1345.0,522_1,56.88,13.47,121.0,1512.23,0.0,0,0.0,12.41,0,tripinfo_V6ToEastH6.102 emissions_V6ToEastH6.102,electric,1.01,0.0,0.0,0.0,0.0,0.0,0.0,0.0
EastA509ToH6.58,1044.0,770_0,0.0,0.0,0.0,1347.0,522_0,56.88,14.49,303.0,1483.77,152.0,5,0.0,206.7,0,tripinfo_EastA509ToH6.58 emissions_EastA509ToH6.58,electric,1.11,0.0,0.0,0.0,0.0,0.0,0.0,0.0
EastAveburyToWestA509.84,914.0,483_1,0.0,0.0,0.0,1350.0,774_0,29.75,14.66,436.0,2302.13,223.0,6,0.0,278.0,0,tripinfo_EastAveburyToWestA509.84 emissions_EastAveburyToWestA509.84,electric,1.07,0.0,0.0,0.0,0.0,0.0,0.0,0.0
V6ToEastH6.103,1236.0,468_1,0.0,0.0,0.0,1354.0,522_1,56.88,15.57,118.0,1512.23,2.0,1,0.0,20.96,0,tripinfo_V6ToEastH6.103 emissions_V6ToEastH6.103,electric,1.13,0.0,0.0,0.0,0.0,0.0,0.0,0.0
EastA509ToH6.33,594.0,770_0,0.0,0.0,0.0,1355.0,522_0,56.88,11.49,761.0,3271.86,396.0,12,0.0,488.76,0,tripinfo_EastA509ToH6.33 emissions_EastA509ToH6.33,electric,0.87,0.0,0.0,0.0,0.0,0.0,0.0,0.0
EastAveburyToWestA509.93,990.0,483_1,0.0,0.0,0.0,1356.0,774_0,29.75,12.62,366.0,2378.6,118.0,4,0.0,182.38,0,tripinfo_EastAveburyToWestA509.93 emissions_EastAveburyToWestA509.93,electric,0.94,0.0,0.0,0.0,0.0,0.0,0.0,0.0
V6ToEastH6.104,1248.0,468_1,0.0,0.0,0.0,1368.0,522_1,56.88,14.24,120.0,1512.23,0.0,0,0.0,13.2,0,tripinfo_V6ToEastH6.104 emissions_V6ToEastH6.104,gasoline_euro4,1.03,3932.144342,366243.725942,25.901974,5.645266,141.482471,116814.911859,0.0
WestH6ToSaxonSt.74,888.0,524_0,0.0,0.0,0.0,1378.0,771_1,56.88,12.24,490.0,2555.0,220.0,10,0.0,278.47,0,tripinfo_WestH6ToSaxonSt.74 emissions_WestH6ToSaxonSt.74,gasoline_euro4,0.88,48086.512192,1263466.056341,248.1105,25.114922,534.557567,403002.663995,0.0
EastAveburyToWestA509.78,863.0,483_1,0.0,0.0,0.0,1379.0,774_2,29.75,13.2,516.0,2237.39,250.0,7,0.0,356.24,0,tripinfo_EastAveburyToWestA509.78 emissions_EastAveburyToWestA509.78,gasoline_euro4,1.03,57060.613756,1398643.504986,292.22526,29.600548,604.035457,446119.957454,0.0
WestH6ToSaxonSt.78,936.0,524_0,0.0,0.0,0.0,1379.0,771_1,56.88,14.32,443.0,2555.07,212.0,9,0.0,277.47,0,tripinfo_WestH6ToSaxonSt.78 emissions_WestH6ToSaxonSt.78,gasoline_euro4,1.12,46129.746554,1256566.856215,238.196123,25.482079,530.738374,400800.433128,0.0
V6ToEastH6.105,1260.0,468_1,0.0,0.0,0.0,1380.0,522_1,56.88,13.96,120.0,1512.23,0.0,0,0.0,12.46,0,tripinfo_V6ToEastH6.105 emissions_V6ToEastH6.105,gasoline_euro4,1.02,3949.583331,369327.268101,26.112016,5.700203,142.866146,117798.39581,0.0
WestH6ToSaxonSt.69,828.0,524_0,0.0,0.0,0.0,1381.0,771_1,56.88,14.4,553.0,2574.97,291.0,15,0.0,381.36,0,tripinfo_WestH6ToSaxonSt.69 emissions_WestH6ToSaxonSt.69,gasoline_euro4,1.1,62014.136519,1539752.730616,317.50393,32.485311,662.03659,491128.676921,0.0
EastAveburyToWestA509.81,888.0,483_1,0.0,0.0,0.0,1381.0,774_2,29.75,14.0,493.0,2237.61,221.0,9,0.0,338.8,0,tripinfo_EastAveburyToWestA509.81 emissions_EastAveburyToWestA509.81,gasoline_euro4,1.06,53620.243941,1354328.166579,274.905975,28.263382,580.523374,431984.262099,0.0
WestA509ToEastH6.28,1008.0,773_0,0.0,0.0,0.0,1385.0,522_0,56.88,15.46,377.0,2754.12,137.0,6,0.0,205.26,0,tripinfo_WestA509ToEastH6.28 emissions_WestA509ToEastH6.28,gasoline_euro4,1.17,33024.932908,1067557.285482,173.898436,20.763981,442.727455,340510.22226,0.0
EastAveburyToWestA509.94,999.0,483_0,0.0,0.0,0.0,1388.0,774_0,29.75,14.89,389.0,2254.73,176.0,11,0.0,240.48,0,tripinfo_EastAveburyToWestA509.94 emissions_EastAveburyToWestA509.94,gasoline_euro4,1.11,40954.389531,1150570.629873,212.445439,23.737148,489.543798,366990.046096,0.0
EastA509ToH6.46,828.0,770_0,0.0,0.0,0.0,1389.0,522_0,56.88,14.28,561.0,3265.31,255.0,10,0.0,331.2,0,tripinfo_EastA509ToH6.46 emissions_EastA509ToH6.46,electric,1.03,0.0,0.0,0.0,0.0,0.0,0.0,0.0
EastAveburyToWestA509.80,880.0,483_1,0.0,0.0,0.0,1389.0,774_2,29.75,17.16,509.0,2237.66,257.0,10,0.0,384.96,0,tripinfo_EastAveburyToWestA509.80 emissions_EastAveburyToWestA509.80,electric,1.32,0.0,0.0,0.0,0.0,0.0,0.0,0.0
EastAveburyToWestA509.102,1067.0,483_1,0.0,0.0,0.0,1390.0,774_1,29.75,13.3,323.0,2237.39,90.0,9,0.0,152.05,0,tripinfo_EastAveburyToWestA509.102 emissions_EastAveburyToWestA509.102,gasoline_euro4,0.97,26271.514072,889520.211557,139.969504,16.744466,369.574562,283722.913514,0.0
WestA509ToEastH6.23,828.0,773_0,0.0,0.0,0.0,1394.0,522_0,56.88,13.29,566.0,2750.18,306.0,8,0.0,362.09,0,tripinfo_WestA509ToEastH6.23 emissions_WestA509ToEastH6.23,electric,0.98,0.0,0.0,0.0,0.0,0.0,0.0,0.0
EastAveburyToWestA509.87,939.0,483_1,0.0,0.0,0.0,1401.0,774_1,29.75,14.07,462.0,2237.87,217.0,8,0.0,306.4,0,tripinfo_EastAveburyToWestA509.87 emissions_EastAveburyToWestA509.87,gasoline_euro4,1.06,50122.602233,1287309.921085,258.036007,27.299817,555.915904,410606.731369,0.0
EastAveburyToWestA509.85,922.0,483_1,0.0,0.0,0.0,1402.0,774_0,29.75,11.04,480.0,2250.43,211.0,9,0.0,286.35,0,tripinfo_EastAveburyToWestA509.85 emissions_EastAveburyToWestA509.85,electric,0.86,0.0,0.0,0.0,0.0,0.0,0.0,0.0
EastAveburyToWestA509.83,905.0,483_0,0.0,0.0,0.0,1403.0,774_0,29.75,12.81,498.0,2257.79,250.0,8,0.0,335.88,0,tripinfo_EastAveburyToWestA509.83 emissions_EastAveburyToWestA509.83,gasoline_euro4,1.02,54684.917522,1357438.945128,280.121792,28.742936,585.899198,432976.601604,0.0
EastAveburyToWestA509.95,1007.0,483_1,0.0,0.0,0.0,1403.0,774_2,29.75,12.23,396.0,2218.4,181.0,6,0.0,222.11,0,tripinfo_EastAveburyToWestA509.95 emissions_EastAveburyToWestA509.95,electric,0.93,0.0,0.0,0.0,0.0,0.0,0.0,0.0
V6ToEastH6.106,1272.0,468_1,0.0,0.0,0.0,1407.0,522_1,56.88,11.47,135.0,1512.23,0.0,0,0.0,14.12,0,tripinfo_V6ToEastH6.106 emissions_V6ToEastH6.106,electric,0.91,0.0,0.0,0.0,0.0,0.0,0.0,0.0
V6ToEastH6.107,1284.0,468_1,0.0,0.0,0.0,1408.0,522_1,56.88,13.8,124.0,1512.23,0.0,0,0.0,18.67,0,tripinfo_V6ToEastH6.107 emissions_V6ToEastH6.107,electric,1.04,0.0,0.0,0.0,0.0,0.0,0.0,0.0
V6ToEastH6.108,1296.0,468_1,0.0,0.0,0.0,1410.0,522_1,56.88,14.73,114.0,1512.23,0.0,0,0.0,14.82,0,tripinfo_V6ToEastH6.108 emissions_V6ToEastH6.108,gasoline_euro4,1.1,4278.020837,381402.703804,27.655732,6.158636,148.476721,121649.693147,0.0
WestH6ToSaxonSt.77,924.0,524_0,0.0,0.0,0.0,1413.0,771_1,56.88,11.63,489.0,2578.37,213.0,7,0.0,278.06,0,tripinfo_WestH6ToSaxonSt.77 emissions_WestH6ToSaxonSt.77,electric,0.89,0.0,0.0,0.0,0.0,0.0,0.0,0.0
V6ToEastH6.109,1308.0,468_1,0.0,0.0,0.0,1416.0,522_1,56.88,16.42,108.0,1512.23,0.0,0,0.0,16.0,0,tripinfo_V6ToEastH6.109 emissions_V6ToEastH6.109,electric,1.19,0.0,0.0,0.0,0.0,0.0,0.0,0.0
EastA509ToH6.62,1116.0,770_0,0.0,0.0,0.0,1418.0,522_0,56.88,12.02,302.0,1483.69,158.0,4,0.0,188.58,0,tripinfo_EastA509ToH6.62 emissions_EastA509ToH6.62,gasoline_euro4,0.95,32241.407231,832906.419121,165.665583,17.036746,354.638551,265668.583588,0.0
EastSilburyToEastAvebury.21,736.0,317_0,0.0,0.0,0.0,1422.0,213_0,19.13,13.26,686.0,2780.55,379.0,13,0.0,489.36,0,tripinfo_EastSilburyToEastAvebury.21 emissions_EastSilburyToEastAvebury.21,electric,1.03,0.0,0.0,0.0,0.0,0.0,0.0,0.0
SouthEvansGateToSilbury.62,1116.0,526_0,0.0,0.0,0.0,1423.0,215_1,19.43,12.73,307.0,1471.7,161.0,5,0.0,192.68,0,tripinfo_SouthEvansGateToSilbury.62 emissions_SouthEvansGateToSilbury.62,electric,0.93,0.0,0.0,0.0,0.0,0.0,0.0,0.0
SouthEvansGateToSilbury.63,1134.0,526_0,0.0,0.0,0.0,1425.0,215_1,19.43,13.54,291.0,1471.68,139.0,6,0.0,190.75,0,tripinfo_SouthEvansGateToSilbury.63 emissions_SouthEvansGateToSilbury.63,gasoline_euro4,1.07,31262.663869,836380.615723,161.558283,17.419873,358.910049,266775.610214,0.0
EastA509ToH6.64,1152.0,770_0,0.0,0.0,0.0,1425.0,522_0,56.88,12.21,273.0,1483.8,122.0,3,0.0,158.12,0,tripinfo_EastA509ToH6.64 emissions_EastA509ToH6.64,gasoline_euro4,0.93,26194.392806,720720.257318,135.808971,14.290267,304.214664,229884.499043,0.0
SouthEvansGateToSilbury.64,1152.0,526_0,0.0,0.0,0.0,1426.0,215_1,19.43,13.55,274.0,1471.71,114.0,5,0.0,169.98,0,tripinfo_SouthEvansGateToSilbury.64 emissions_SouthEvansGateToSilbury.64,electric,1.02,0.0,0.0,0.0,0.0,0.0,0.0,0.0
V6ToEastH6.75,900.0,468_1,0.0,0.0,0.0,1427.0,522_1,56.88,13.13,527.0,2910.57,216.0,9,0.0,307.23,0,tripinfo_V6ToEastH6.75 emissions_V6ToEastH6.75,electric,0.96,0.0,0.0,0.0,0.0,0.0,0.0,0.0
V6ToEastH6.76,912.0,468_1,0.0,0.0,0.0,1428.0,522_1,56.88,16.24,516.0,2908.45,209.0,10,0.0,341.26,0,tripinfo_V6ToEastH6.76 emissions_V6ToEastH6.76,electric,1.2,0.0,0.0,0.0,0.0,0.0,0.0,0.0
SouthEvansGateToSilbury.61,1098.0,526_0,0.0,0.0,0.0,1428.0,215_1,19.43,15.27,330.0,1471.73,173.0,5,0.0,238.72,0,tripinfo_SouthEvansGateToSilbury.61 emissions_SouthEvansGateToSilbury.61,gasoline_euro4,1.17,38255.716716,976708.745675,196.828323,20.96455,423.611537,311535.685962,0.0
EastA509ToH6.61,1098.0,770_0,0.0,0.0,0.0,1429.0,522_0,56.88,12.53,331.0,1483.77,175.0,4,0.0,218.57,0,tripinfo_EastA509ToH6.61 emissions_EastA509ToH6.61,electric,0.96,0.0,0.0,0.0,0.0,0.0,0.0,0.0
SouthEvansGateToSilbury.43,774.0,526_0,0.0,0.0,0.0,1433.0,215_1,19.43,11.06,659.0,2431.89,373.0,11,0.0,439.45,0,tripinfo_SouthEvansGateToSilbury.43 emissions_SouthEvansGateToSilbury.43,electric,0.81,0.0,0.0,0.0,0.0,0.0,0.0,0.0
EastA509ToH6.63,1134.0,770_0,0.0,0.0,0.0,1436.0,522_0,56.88,11.15,302.0,1483.77,132.0,5,0.0,177.93,0,tripinfo_EastA509ToH6.63 emissions_EastA509ToH6.63,gasoline_euro4,0.86,29816.397793,782373.878614,153.820687,15.798066,333.288501,249550.336019,0.0
V6ToEastH6.110,1320.0,468_1,0.0,0.0,0.0,1442.0,522_1,56.88,12.84,122.0,1512.23,0.0,0,0.0,13.03,0,tripinfo_V6ToEastH6.110 emissions_V6ToEastH6.110,gasoline_euro4,1.0,4254.991365,371101.817589,27.543791,5.890736,145.021003,118364.36749,0.0
V6ToEastH6.111,1332.0,468_1,0.0,0.0,0.0,1444.0,522_1,56.88,15.13,112.0,1512.23,0.0,0,0.0,18.74,0,tripinfo_V6ToEastH6.111 emissions_V6ToEastH6.111,electric,1.18,0.0,0.0,0.0,0.0,0.0,0.0,0.0
EastAveburyToWestA509.98,1033.0,483_1,0.0,0.0,0.0,1446.0,774_0,29.75,11.48,413.0,2302.13,169.0,6,0.0,228.58,0,tripinfo_EastAveburyToWestA509.98 emissions_EastAveburyToWestA509.98,electric,0.91,0.0,0.0,0.0,0.0,0.0,0.0,0.0
WestH6ToSaxonSt.62,744.0,524_0,0.0,0.0,0.0,1466.0,771_1,56.88,12.43,722.0,2767.87,423.0,14,0.0,503.61,0,tripinfo_WestH6ToSaxonSt.62 emissions_WestH6ToSaxonSt.62,gasoline_euro4,0.95,86005.835048,1976249.722192,437.356273,42.663182,859.264311,630359.2448,0.0
WestH6ToSaxonSt.80,960.0,524_0,0.0,0.0,0.0,1468.0,771_1,56.88,12.25,508.0,2555.04,255.0,8,0.0,312.77,0,tripinfo_WestH6ToSaxonSt.80 emissions_WestH6ToSaxonSt.80,gasoline_euro4,0.96,53078.711152,1352447.135508,272.171389,27.449084,573.904302,431384.993158,0.0
V6ToEastH6.112,1344.0,468_1,0.0,0.0,0.0,1472.0,522_1,56.88,12.59,128.0,1512.23,0.0,0,0.0,14.91,0,tripinfo_V6ToEastH6.112 emissions_V6ToEastH6.112,electric,0.97,0.0,0.0,0.0,0.0,0.0,0.0,0.0
EastAveburyToWestA509.82,897.0,483_1,0.0,0.0,0.0,1473.0,774_1,29.75,12.49,576.0,2240.45,318.0,10,0.0,397.12,0,tripinfo_EastAveburyToWestA509.82 emissions_EastAveburyToWestA509.82,gasoline_euro4,0.93,66063.676626,1543035.305828,336.362566,32.883674,667.986637,492177.766716,0.0
EastAveburyToWestA509.90,965.0,483_1,0.0,0.0,0.0,1477.0,774_1,29.75,13.02,512.0,2237.66,248.0,9,0.0,346.87,0,tripinfo_EastAveburyToWestA509.90 emissions_EastAveburyToWestA509.90,gasoline_euro4,0.99,55725.744631,1372551.544807,285.122847,28.697598,589.813328,437797.716105,0.0
EastAveburyToWestA509.89,956.0,483_1,0.0,0.0,0.0,1479.0,774_2,29.75,13.29,523.0,2240.45,253.0,9,0.0,360.73,0,tripinfo_EastAveburyToWestA509.89 emissions_EastAveburyToWestA509.89,gasoline_euro4,1.02,57814.262771,1417852.246579,295.903266,30.276151,614.226295,452246.509439,0.0
EastAveburyToWestA509.91,973.0,483_1,0.0,0.0,0.0,1485.0,774_2,29.75,13.62,512.0,2237.39,239.0,8,0.0,342.83,0,tripinfo_EastAveburyToWestA509.91 emissions_EastAveburyToWestA509.91,gasoline_euro4,0.98,54492.748694,1345872.227784,278.960904,28.020198,578.056239,429287.939477,0.0
EastAveburyToWestA509.110,1135.0,483_1,0.0,0.0,0.0,1486.0,774_2,29.75,13.97,351.0,2237.39,122.0,8,0.0,217.33,0,tripinfo_EastAveburyToWestA509.110 emissions_EastAveburyToWestA509.110,electric,1.24,0.0,0.0,0.0,0.0,0.0,0.0,0.0
EastAveburyToWestA509.111,1143.0,483_1,0.0,0.0,0.0,1486.0,774_0,29.75,11.39,343.0,2241.03,101.0,5,0.0,158.36,0,tripinfo_EastAveburyToWestA509.111 emissions_EastAveburyToWestA509.111,electric,0.9,0.0,0.0,0.0,0.0,0.0,0.0,0.0
EastAveburyToWestA509.27,429.0,483_1,0.0,0.0,0.0,1491.0,774_0,29.75,11.8,1062.0,2328.56,775.0,11,0.0,872.02,0,tripinfo_EastAveburyToWestA509.27 emissions_EastAveburyToWestA509.27,gasoline_euro4,0.92,143844.210873,2794966.60761,720.033132,64.16073,1241.980097,891512.918117,0.0
V6ToEastH6.114,1368.0,468_1,0.0,0.0,0.0,1498.0,522_1,56.88,13.08,130.0,1512.23,0.0,0,0.0,15.69,0,tripinfo_V6ToEastH6.114 emissions_V6ToEastH6.114,electric,0.95,0.0,0.0,0.0,0.0,0.0,0.0,0.0
EastA509ToH6.66,1188.0,770_0,0.0,0.0,0.0,1507.0,522_0,56.88,13.16,319.0,1483.64,174.0,5,0.0,210.53,0,tripinfo_EastA509ToH6.66 emissions_EastA509ToH6.66,gasoline_euro4,0.99,36361.716755,907101.035908,186.261548,19.202268,390.813463,289334.139637,0.0
V6ToEastH6.113,1356.0,468_1,0.0,0.0,0.0,1508.0,522_0,56.88,10.35,152.0,1512.23,0.0,0,0.0,13.54,0,tripinfo_V6ToEastH6.113 emissions_V6ToEastH6.113,electric,0.79,0.0,0.0,0.0,0.0,0.0,0.0,0.0
SouthEvansGateToSilbury.67,1206.0,526_0,0.0,0.0,0.0,1512.0,215_1,19.43,12.55,306.0,1471.71,145.0,7,0.0,191.03,0,tripinfo_SouthEvansGateToSilbury.67 emissions_SouthEvansGateToSilbury.67,gasoline_euro4,0.93,32419.849069,840082.535538,167.092929,17.453712,360.820291,267957.106425,0.0
EastA509ToH6.68,1224.0,770_0,0.0,0.0,0.0,1512.0,522_0,56.88,15.55,288.0,1483.69,141.0,6,0.0,196.78,0,tripinfo_EastA509ToH6.68 emissions_EastA509ToH6.68,gasoline_euro4,1.18,32591.631452,878979.703211,168.307001,18.521325,377.160042,280362.818397,0.0
V6ToEastH6.115,1380.0,468_1,0.0,0.0,0.0,1512.0,522_1,56.88,12.43,132.0,1512.23,0.0,0,0.0,13.7,0,tripinfo_V6ToEastH6.115 emissions_V6ToEastH6.115,electric,0.93,0.0,0.0,0.0,0.0,0.0,0.0,0.0
SouthEvansGateToSilbury.70,1260.0,526_0,0.0,0.0,0.0,1513.0,215_1,19.43,14.5,253.0,1471.71,99.0,5,0.0,152.29,0,tripinfo_SouthEvansGateToSilbury.70 emissions_SouthEvansGateToSilbury.70,electric,1.05,0.0,0.0,0.0,0.0,0.0,0.0,0.0
SouthEvansGateToSilbury.65,1170.0,526_0,0.0,0.0,0.0,1515.0,215_1,19.43,12.23,345.0,1471.73,190.0,4,0.0,230.79,0,tripinfo_SouthEvansGateToSilbury.65 emissions_SouthEvansGateToSilbury.65,electric,0.93,0.0,0.0,0.0,0.0,0.0,0.0,0.0
EastA509ToH6.65,1170.0,770_0,0.0,0.0,0.0,1515.0,522_0,56.88,14.36,345.0,1483.8,194.0,6,0.0,244.21,0,tripinfo_EastA509ToH6.65 emissions_EastA509ToH6.65,gasoline_euro4,1.06,40517.472126,980184.867785,207.153184,21.186393,425.339676,312645.67234,0.0
SouthEvansGateToSilbury.68,1224.0,526_0,0.0,0.0,0.0,1518.0,215_1,19.43,12.35,294.0,1471.7,127.0,5,0.0,175.6,0,tripinfo_SouthEvansGateToSilbury.68 emissions_SouthEvansGateToSilbury.68,electric,0.9,0.0,0.0,0.0,0.0,0.0,0.0,0.0
SouthEvansGateToSilbury.69,1242.0,526_0,0.0,0.0,0.0,1520.0,215_1,19.43,11.8,278.0,1471.73,106.0,5,0.0,159.46,0,tripinfo_SouthEvansGateToSilbury.69 emissions_SouthEvansGateToSilbury.69,electric,0.9,0.0,0.0,0.0,0.0,0.0,0.0,0.0
EastA509ToH6.67,1206.0,770_0,0.0,0.0,0.0,1521.0,522_0,56.88,11.8,315.0,1483.8,146.0,4,0.0,200.56,0,tripinfo_EastA509ToH6.67 emissions_EastA509ToH6.67,gasoline_euro4,0.94,33080.82395,838653.088355,169.794964,17.317574,358.792494,267501.762027,0.0
SouthEvansGateToSilbury.66,1188.0,526_0,0.0,0.0,0.0,1522.0,215_1,19.43,10.93,334.0,1471.71,168.0,7,0.0,211.84,0,tripinfo_SouthEvansGateToSilbury.66 emissions_SouthEvansGateToSilbury.66,gasoline_euro4,0.87,36341.565487,902899.630245,186.42202,18.787382,388.441381,287994.470034,0.0
EastA509ToH6.69,1242.0,770_0,0.0,0.0,0.0,1524.0,522_0,56.88,11.83,282.0,1483.8,121.0,3,0.0,166.45,0,tripinfo_EastA509ToH6.69 emissions_EastA509ToH6.69,gasoline_euro4,0.93,27596.62036,741014.394379,142.598266,14.938314,314.620473,236357.73802,0.0
V6ToEastH6.83,996.0,468_1,0.0,0.0,0.0,1529.0,522_0,56.88,11.43,533.0,2910.57,203.0,8,0.0,287.18,0,tripinfo_V6ToEastH6.83 emissions_V6ToEastH6.83,electric,0.85,0.0,0.0,0.0,0.0,0.0,0.0,0.0
V6ToEastH6.117,1404.0,468_1,0.0,0.0,0.0,1530.0,522_1,56.88,12.99,126.0,1512.23,0.0,0,0.0,15.46,0,tripinfo_V6ToEastH6.117 emissions_V6ToEastH6.117,gasoline_euro4,0.99,4052.762898,361173.89615,26.437158,5.501287,140.049508,115198.011938,0.0
WestA509ToEastH6.19,684.0,773_0,0.0,0.0,0.0,1538.0,522_0,56.88,11.69,854.0,2756.02,519.0,20,0.0,623.72,0,tripinfo_WestA509ToEastH6.19 emissions_WestA509ToEastH6.19,electric,0.87,0.0,0.0,0.0,0.0,0.0,0.0,0.0
WestA509ToEastH6.22,792.0,773_0,0.0,0.0,0.0,1543.0,522_1,56.88,12.31,751.0,2756.02,401.0,16,0.0,543.84,0,tripinfo_WestA509ToEastH6.22 emissions_WestA509ToEastH6.22,electric,0.96,0.0,0.0,0.0,0.0,0.0,0.0,0.0
V6ToEastH6.116,1392.0,468_1,0.0,0.0,0.0,1543.0,522_0,56.88,9.89,151.0,1512.23,0.0,0,0.0,12.94,0,tripinfo_V6ToEastH6.116 emissions_V6ToEastH6.116,gasoline_euro4,0.79,4377.482459,341313.934749,27.690549,4.498295,129.409581,108864.675224,0.0
V6ToEastH6.118,1416.0,468_1,0.0,0.0,0.0,1546.0,522_1,56.88,12.42,130.0,1512.23,0.0,0,0.0,12.42,0,tripinfo_V6ToEastH6.118 emissions_V6ToEastH6.118,gasoline_euro4,0.93,3943.129033,352053.877398,25.724125,5.15421,135.252517,112289.390388,0.0
V6ToEastH6.119,1428.0,468_1,0.0,0.0,0.0,1548.0,522_1,56.88,13.76,120.0,1512.23,0.0,0,0.0,11.79,0,tripinfo_V6ToEastH6.119 emissions_V6ToEastH6.119,electric,1.01,0.0,0.0,0.0,0.0,0.0,0.0,0.0
EastA509ToH6.38,684.0,770_0,0.0,0.0,0.0,1553.0,522_0,56.88,12.66,869.0,3277.05,481.0,16,0.0,632.29,0,tripinfo_EastA509ToH6.38 emissions_EastA509ToH6.38,electric,1.0,0.0,0.0,0.0,0.0,0.0,0.0,0.0
EastAveburyToWestA509.113,1160.0,483_1,0.0,0.0,0.0,1553.0,774_2,29.75,14.47,393.0,2237.39,168.0,8,0.0,239.02,0,tripinfo_EastAveburyToWestA509.113 emissions_EastAveburyToWestA509.113,electric,1.07,0.0,0.0,0.0,0.0,0.0,0.0,0.0
EastSilburyToEastAvebury.24,784.0,317_0,0.0,0.0,0.0,1557.0,213_0,19.13,11.62,773.0,680.89,655.0,9,0.0,713.28,0,tripinfo_EastSilburyToEastAvebury.24 emissions_EastSilburyToEastAvebury.24,gasoline_euro4,0.84,116748.740861,2019192.549007,578.941487,48.803449,914.448283,644068.876846,0.0
WestH6ToSaxonSt.79,948.0,524_0,0.0,0.0,0.0,1559.0,771_1,56.88,11.88,611.0,2555.03,333.0,11,0.0,397.4,0,tripinfo_WestH6ToSaxonSt.79 emissions_WestH6ToSaxonSt.79,gasoline_euro4,0.87,67475.505111,1569942.820265,343.55531,32.807254,675.296693,500761.346074,0.0
WestH6ToSaxonSt.81,972.0,524_0,0.0,0.0,0.0,1560.0,771_1,56.88,13.8,588.0,2555.05,327.0,11,0.0,409.8,0,tripinfo_WestH6ToSaxonSt.81 emissions_WestH6ToSaxonSt.81,gasoline_euro4,1.04,67077.529315,1607375.630144,342.561287,34.526321,696.58794,512698.838729,0.0
EastAveburyToWestA509.92,982.0,483_0,0.0,0.0,0.0,1562.0,774_0,29.75,16.13,580.0,2260.81,336.0,8,0.0,446.16,0,tripinfo_EastAveburyToWestA509.92 emissions_EastAveburyToWestA509.92,gasoline_euro4,1.24,71452.909406,1673957.56911,363.876951,37.010283,730.198815,533936.043169,0.0
EastAveburyToWestA509.116,1186.0,483_1,0.0,0.0,0.0,1562.0,774_2,29.75,15.3,376.0,2237.39,160.0,8,0.0,227.69,0,tripinfo_EastAveburyToWestA509.116 emissions_EastAveburyToWestA509.116,electric,1.12,0.0,0.0,0.0,0.0,0.0,0.0,0.0
V6ToEastH6.120,1440.0,468_1,0.0,0.0,0.0,1563.0,522_1,56.88,13.13,123.0,1512.23,0.0,0,0.0,14.71,0,tripinfo_V6ToEastH6.120 emissions_V6ToEastH6.120,gasoline_euro4,1.01,4144.506218,372139.670608,26.913665,5.693826,143.874771,118695.549732,0.0
EastAveburyToWestA509.99,1041.0,483_1,0.0,0.0,0.0,1564.0,774_1,29.75,11.87,523.0,2237.61,250.0,11,0.0,344.56,0,tripinfo_EastAveburyToWestA509.99 emissions_EastAveburyToWestA509.99,electric,0.92,0.0,0.0,0.0,0.0,0.0,0.0,0.0
EastAveburyToWestA509.119,1211.0,483_1,0.0,0.0,0.0,1565.0,774_2,29.75,14.45,354.0,2237.39,140.0,7,0.0,196.93,0,tripinfo_EastAveburyToWestA509.119 emissions_EastAveburyToWestA509.119,gasoline_euro4,1.05,33274.558888,993350.916882,174.173939,19.751755,418.215232,316842.289482,0.0
EastSilburyToEastAvebury.25,800.0,317_0,0.0,0.0,0.0,1567.0,213_0,19.13,16.54,767.0,680.89,657.0,9,0.0,724.43,0,tripinfo_EastSilburyToEastAvebury.25 emissions_EastSilburyToEastAvebury.25,electric,1.19,0.0,0.0,0.0,0.0,0.0,0.0,0.0
EastAveburyToWestA509.97,1024.0,483_0,0.0,0.0,0.0,1568.0,774_0,29.75,14.29,544.0,2260.82,277.0,9,0.0,386.06,0,tripinfo_EastAveburyToWestA509.97 emissions_EastAveburyToWestA509.97,gasoline_euro4,1.05,61392.71119,1480518.871983,313.318057,31.43794,638.487563,472235.944628,0.0
EastAveburyToWestA509.96,1016.0,483_0,0.0,0.0,0.0,1572.0,774_0,29.75,13.18,556.0,2260.93,285.0,8,0.0,393.14,0,tripinfo_EastAveburyToWestA509.96 emissions_EastAveburyToWestA509.96,gasoline_euro4,1.02,62122.955998,1472519.020328,316.557403,31.464293,637.111475,469684.68833,0.0
V6ToEastH6.121,1452.0,468_1,0.0,0.0,0.0,1576.0,522_1,56.88,13.26,124.0,1512.23,0.0,0,0.0,12.7,0,tripinfo_V6ToEastH6.121 emissions_V6ToEastH6.121,gasoline_euro4,0.99,3786.164703,354102.193272,24.823092,5.239081,135.442251,112942.540792,0.0
V6ToEastH6.122,1464.0,468_1,0.0,0.0,0.0,1577.0,522_1,56.88,14.72,113.0,1512.23,0.0,0,0.0,15.25,0,tripinfo_V6ToEastH6.122 emissions_V6ToEastH6.122,gasoline_euro4,1.12,4346.176086,382964.804085,28.081324,6.306017,150.123531,122147.821718,0.0
EastA509ToH6.71,1278.0,770_0,0.0,0.0,0.0,1588.0,522_0,56.88,13.31,310.0,1483.69,171.0,4,0.0,199.52,0,tripinfo_EastA509ToH6.71 emissions_EastA509ToH6.71,gasoline_euro4,0.97,34024.120773,868462.926025,174.617662,17.823592,370.053291,277010.089293,0.0
V6ToEastH6.123,1476.0,468_1,0.0,0.0,0.0,1594.0,522_1,56.88,13.75,118.0,1512.23,0.0,0,0.0,12.42,0,tripinfo_V6ToEastH6.123 emissions_V6ToEastH6.123,electric,1.03,0.0,0.0,0.0,0.0,0.0,0.0,0.0
WestA509ToAvebury.46,831.0,773_0,0.0,0.0,3.0,1596.0,213_0,19.13,12.94,765.0,2332.45,538.0,9,0.0,587.8,0,tripinfo_WestA509ToAvebury.46 emissions_WestA509ToAvebury.46,electric,0.95,0.0,0.0,0.0,0.0,0.0,0.0,0.0
EastA509ToH6.73,1314.0,770_0,0.0,0.0,0.0,1598.0,522_0,56.88,13.81,284.0,1483.69,137.0,5,0.0,184.25,0,tripinfo_EastA509ToH6.73 emissions_EastA509ToH6.73,electric,1.07,0.0,0.0,0.0,0.0,0.0,0.0,0.0
SouthEvansGateToSilbury.74,1332.0,526_0,0.0,0.0,0.0,1599.0,215_1,19.43,13.38,267.0,1471.68,129.0,4,0.0,159.34,0,tripinfo_SouthEvansGateToSilbury.74 emissions_SouthEvansGateToSilbury.74,electric,0.99,0.0,0.0,0.0,0.0,0.0,0.0,0.0
EastA509ToH6.70,1260.0,770_0,0.0,0.0,0.0,1602.0,522_0,56.88,13.44,342.0,1483.8,188.0,5,0.0,232.03,0,tripinfo_EastA509ToH6.70 emissions_EastA509ToH6.70,electric,0.98,0.0,0.0,0.0,0.0,0.0,0.0,0.0
SouthEvansGateToSilbury.73,1314.0,526_0,0.0,0.0,0.0,1602.0,215_1,19.43,13.0,288.0,1471.7,142.0,4,0.0,174.6,0,tripinfo_SouthEvansGateToSilbury.73 emissions_SouthEvansGateToSilbury.73,gasoline_euro4,0.94,30207.03197,804665.723972,155.926369,16.252856,341.631751,256660.419545,0.0
EastA509ToH6.72,1296.0,770_0,0.0,0.0,0.0,1603.0,522_0,56.88,13.46,307.0,1483.8,151.0,5,0.0,199.65,0,tripinfo_EastA509ToH6.72 emissions_EastA509ToH6.72,electric,1.0,0.0,0.0,0.0,0.0,0.0,0.0,0.0
SouthEvansGateToSilbury.72,1296.0,526_0,0.0,0.0,0.0,1604.0,215_1,19.43,11.42,308.0,1471.74,142.0,6,0.0,186.59,0,tripinfo_SouthEvansGateToSilbury.72 emissions_SouthEvansGateToSilbury.72,gasoline_euro4,0.88,31775.840896,818826.484761,163.709688,16.874013,351.272855,261177.405946,0.0
EastA509ToH6.74,1332.0,770_0,0.0,0.0,0.0,1606.0,522_0,56.88,13.3,274.0,1483.8,119.0,4,0.0,165.59,0,tripinfo_EastA509ToH6.74 emissions_EastA509ToH6.74,electric,0.99,0.0,0.0,0.0,0.0,0.0,0.0,0.0
SouthEvansGateToSilbury.71,1278.0,526_0,0.0,0.0,0.0,1607.0,215_1,19.43,10.53,329.0,1471.73,163.0,5,0.0,202.48,0,tripinfo_SouthEvansGateToSilbury.71 emissions_SouthEvansGateToSilbury.71,gasoline_euro4,0.84,34782.706103,868407.189469,178.574464,17.715526,371.60276,276992.826225,0.0
V6ToEastH6.124,1488.0,468_1,0.0,0.0,0.0,1612.0,522_1,56.88,13.63,124.0,1512.23,0.0,0,0.0,20.05,0,tripinfo_V6ToEastH6.124 emissions_V6ToEastH6.124,electric,1.05,0.0,0.0,0.0,0.0,0.0,0.0,0.0
V6ToEastH6.125,1500.0,468_1,0.0,0.0,0.0,1628.0,522_1,56.88,13.63,128.0,1512.23,2.0,1,0.0,19.36,0,tripinfo_V6ToEastH6.125 emissions_V6ToEastH6.125,gasoline_euro4,1.01,4734.692685,386091.488306,29.817263,5.95102,149.389606,123145.767793,0.0
V6ToEastH6.126,1512.0,468_1,0.0,0.0,0.0,1631.0,522_1,56.88,13.89,119.0,1512.23,0.0,0,0.0,12.95,0,tripinfo_V6ToEastH6.126 emissions_V6ToEastH6.126,electric,1.03,0.0,0.0,0.0,0.0,0.0,0.0,0.0
WestH6ToSaxonSt.87,1044.0,524_0,0.0,0.0,0.0,1636.0,771_1,56.88,14.38,592.0,2555.04,334.0,13,0.0,414.87,0,tripinfo_WestH6ToSaxonSt.87 emissions_WestH6ToSaxonSt.87,electric,1.05,0.0,0.0,0.0,0.0,0.0,0.0,0.0
WestH6ToSaxonSt.88,1056.0,524_0,0.0,0.0,0.0,1639.0,771_1,56.88,13.13,583.0,2555.04,325.0,10,0.0,395.88,0,tripinfo_WestH6ToSaxonSt.88 emissions_WestH6ToSaxonSt.88,gasoline_euro4,0.99,66056.503515,1571695.330545,336.613987,33.154232,675.505669,501319.081376,0.0
EastSilburyToEastAvebury.26,816.0,317_0,0.0,0.0,0.0,1640.0,213_0,19.13,17.01,824.0,680.89,705.0,11,0.0,783.6,0,tripinfo_EastSilburyToEastAvebury.26 emissions_EastSilburyToEastAvebury.26,gasoline_euro4,1.26,126595.069731,2225707.073843,628.715329,54.205828,1009.813269,709939.781201,0.0
WestH6ToSaxonSt.89,1068.0,524_0,0.0,0.0,0.0,1641.0,771_1,56.88,13.94,573.0,2555.05,318.0,10,0.0,393.07,0,tripinfo_WestH6ToSaxonSt.89 emissions_WestH6ToSaxonSt.89,electric,1.04,0.0,0.0,0.0,0.0,0.0,0.0,0.0
EastSilburyToEastAvebury.28,848.0,317_0,0.0,0.0,0.0,1643.0,213_0,19.13,13.78,795.0,680.89,666.0,11,0.0,747.3,0,tripinfo_EastSilburyToEastAvebury.28 emissions_EastSilburyToEastAvebury.28,gasoline_euro4,1.07,121401.298415,2124486.043003,602.609974,51.597967,963.412944,677653.521846,0.0
EastAveburyToWestA509.124,1254.0,483_1,0.0,0.0,0.0,1644.0,774_2,29.75,13.28,390.0,2237.39,161.0,7,0.0,226.64,0,tripinfo_EastAveburyToWestA509.124 emissions_EastAveburyToWestA509.124,gasoline_euro4,1.01,37816.335424,1077516.87288,196.705075,21.454812,454.987891,343689.133372,0.0
WestA509ToAvebury.48,867.0,773_0,0.0,0.0,3.0,1645.0,213_0,19.13,14.02,778.0,2327.58,509.0,12,0.0,617.43,0,tripinfo_WestA509ToAvebury.48 emissions_WestA509ToAvebury.48,gasoline_euro4,1.05,100494.7594,2104938.055531,506.392665,47.46505,927.960887,671409.970519,0.0
EastSilburyToEastAvebury.29,864.0,317_0,0.0,0.0,0.0,1649.0,213_0,19.13,13.73,785.0,680.92,646.0,12,0.0,736.4,0,tripinfo_EastSilburyToEastAvebury.29 emissions_EastSilburyToEastAvebury.29,electric,1.05,0.0,0.0,0.0,0.0,0.0,0.0,0.0
V6ToEastH6.127,1524.0,468_1,0.0,0.0,0.0,1649.0,522_1,56.88,12.43,125.0,1512.23,0.0,0,0.0,13.9,0,tripinfo_V6ToEastH6.127 emissions_V6ToEastH6.127,electric,0.98,0.0,0.0,0.0,0.0,0.0,0.0,0.0
EastAveburyToWestA509.101,1058.0,483_1,0.0,0.0,0.0,1651.0,774_2,29.75,13.68,593.0,2240.45,322.0,10,0.0,430.38,0,tripinfo_EastAveburyToWestA509.101 emissions_EastAveburyToWestA509.101,electric,1.02,0.0,0.0,0.0,0.0,0.0,0.0,0.0
EastAveburyToWestA509.103,1075.0,483_1,0.0,0.0,0.0,1658.0,774_1,29.75,12.87,583.0,2237.61,305.0,9,0.0,409.51,0,tripinfo_EastAveburyToWestA509.103 emissions_EastAveburyToWestA509.103,gasoline_euro4,0.95,65803.047077,1526296.245178,334.638304,32.638221,661.42193,486838.696283,0.0
EastAveburyToWestA509.128,1288.0,483_1,0.0,0.0,0.0,1659.0,774_2,29.75,12.73,371.0,2237.39,153.0,5,0.0,201.11,0,tripinfo_EastAveburyToWestA509.128 emissions_EastAveburyToWestA509.128,gasoline_euro4,0.97,35086.828088,1019093.791299,182.864418,20.153096,429.166539,325054.001313,0.0
EastAveburyToWestA509.105,1092.0,483_1,0.0,0.0,0.0,1661.0,774_2,29.75,13.24,569.0,2237.66,304.0,7,0.0,411.87,0,tripinfo_EastAveburyToWestA509.105 emissions_EastAveburyToWestA509.105,electric,1.04,0.0,0.0,0.0,0.0,0.0,0.0,0.0
EastAveburyToWestA509.47,599.0,483_1,0.0,0.0,0.0,1665.0,774_0,29.75,12.66,1066.0,2328.54,803.0,10,0.0,886.61,0,tripinfo_EastAveburyToWestA509.47 emissions_EastAveburyToWestA509.47,gasoline_euro4,0.97,147536.786498,2876360.167016,738.593902,66.26323,1278.643241,917474.53087,0.0
V6ToEastH6.128,1536.0,468_1,0.0,0.0,0.0,1667.0,522_1,56.88,12.45,131.0,1512.23,1.0,1,0.0,19.28,0,tripinfo_V6ToEastH6.128 emissions_V6ToEastH6.128,gasoline_euro4,0.98,5140.17624,385688.680241,31.730723,6.201359,151.451162,123017.228641,0.0
V6ToEastH6.129,1548.0,468_1,0.0,0.0,0.0,1671.0,522_1,56.88,13.43,123.0,1512.23,0.0,0,0.0,10.54,0,tripinfo_V6ToEastH6.129 emissions_V6ToEastH6.129,electric,0.97,0.0,0.0,0.0,0.0,0.0,0.0,0.0
V6ToEastH6.131,1572.0,468_1,0.0,0.0,0.0,1681.0,522_1,56.88,14.85,109.0,1512.23,0.0,0,0.0,15.15,0,tripinfo_V6ToEastH6.131 emissions_V6ToEastH6.131,gasoline_euro4,1.16,4381.009939,379279.403021,28.196805,6.366526,148.865997,120972.264075,0.0
V6ToEastH6.130,1560.0,468_1,0.0,0.0,0.0,1689.0,522_1,56.88,12.5,129.0,1512.23,0.0,0,0.0,13.11,0,tripinfo_V6ToEastH6.130 emissions_V6ToEastH6.130,gasoline_euro4,0.95,3979.049871,355854.488018,25.886829,5.238859,136.713759,113501.571831,0.0
V6ToEastH6.132,1584.0,468_1,0.0,0.0,0.0,1693.0,522_1,56.88,15.38,109.0,1512.23,0.0,0,0.0,17.04,0,tripinfo_V6ToEastH6.132 emissions_V6ToEastH6.132,gasoline_euro4,1.19,4890.210669,405158.815727,31.165512,7.01425,160.554794,129226.48623,0.0
WestA509ToEastH6.24,864.0,773_0,0.0,0.0,0.0,1695.0,522_0,56.88,12.05,831.0,2755.12,511.0,12,0.0,618.37,0,tripinfo_WestA509ToEastH6.24 emissions_WestA509ToEastH6.24,electric,0.94,0.0,0.0,0.0,0.0,0.0,0.0,0.0
SouthEvansGateToSilbury.75,1350.0,526_0,0.0,0.0,0.0,1698.0,215_1,19.43,11.55,348.0,1471.73,196.0,5,0.0,228.44,0,tripinfo_SouthEvansGateToSilbury.75 emissions_SouthEvansGateToSilbury.75,gasoline_euro4,0.89,39121.906454,935394.833739,199.724442,19.506095,401.808962,298360.284433,0.0
SouthEvansGateToSilbury.77,1386.0,526_0,0.0,0.0,0.0,1700.0,215_1,19.43,12.44,314.0,1471.68,152.0,7,0.0,203.19,0,tripinfo_SouthEvansGateToSilbury.77 emissions_SouthEvansGateToSilbury.77,electric,0.96,0.0,0.0,0.0,0.0,0.0,0.0,0.0
EastA509ToH6.76,1368.0,770_0,0.0,0.0,0.0,1701.0,522_0,56.88,13.37,333.0,1483.69,168.0,8,0.0,223.28,0,tripinfo_EastA509ToH6.76 emissions_EastA509ToH6.76,gasoline_euro4,0.98,37284.735392,926789.796172,191.17202,19.540583,399.278763,295614.361802,0.0
SouthEvansGateToSilbury.79,1422.0,526_0,0.0,0.0,0.0,1701.0,215_1,19.43,14.35,279.0,1471.68,116.0,6,0.0,179.26,0,tripinfo_SouthEvansGateToSilbury.79 emissions_SouthEvansGateToSilbury.79,electric,1.07,0.0,0.0,0.0,0.0,0.0,0.0,0.0
EastA509ToH6.78,1404.0,770_0,0.0,0.0,0.0,1703.0,522_0,56.88,12.47,299.0,1483.64,129.0,6,0.0,190.37,0,tripinfo_EastA509ToH6.78 emissions_EastA509ToH6.78,gasoline_euro4,0.99,31394.627734,830412.023045,162.03196,17.242819,355.97128,264872.152737,0.0
WestH6ToSaxonSt.90,1080.0,524_0,0.0,0.0,0.0,1711.0,771_1,56.88,14.6,631.0,2555.04,381.0,12,0.0,465.14,0,tripinfo_WestH6ToSaxonSt.90 emissions_WestH6ToSaxonSt.90,electric,1.12,0.0,0.0,0.0,0.0,0.0,0.0,0.0
V6ToEastH6.133,1596.0,468_1,0.0,0.0,0.0,1711.0,522_1,56.88,14.19,115.0,1512.23,0.0,0,0.0,14.95,0,tripinfo_V6ToEastH6.133 emissions_V6ToEastH6.133,electric,1.1,0.0,0.0,0.0,0.0,0.0,0.0,0.0
WestH6ToSaxonSt.91,1092.0,524_0,0.0,0.0,0.0,1718.0,771_1,56.88,13.13,626.0,2555.04,366.0,10,0.0,435.9,0,tripinfo_WestH6ToSaxonSt.91 emissions_WestH6ToSaxonSt.91,gasoline_euro4,0.98,72577.585857,1658432.695445,368.380967,35.362677,715.015361,528986.896994,0.0
WestH6ToSaxonSt.108,1296.0,524_0,0.0,0.0,0.0,1720.0,771_1,56.88,13.77,424.0,2555.03,185.0,6,0.0,242.95,0,tripinfo_WestH6ToSaxonSt.108 emissions_WestH6ToSaxonSt.108,electric,1.03,0.0,0.0,0.0,0.0,0.0,0.0,0.0
V6ToEastH6.134,1608.0,468_1,0.0,0.0,0.0,1720.0,522_1,56.88,14.77,112.0,1512.23,0.0,0,0.0,12.93,0,tripinfo_V6ToEastH6.134 emissions_V6ToEastH6.134,electric,1.1,0.0,0.0,0.0,0.0,0.0,0.0,0.0
WestH6ToSaxonSt.104,1248.0,524_0,0.0,0.0,0.0,1721.0,771_1,56.88,14.75,473.0,2555.01,231.0,10,0.0,320.93,0,tripinfo_WestH6ToSaxonSt.104 emissions_WestH6ToSaxonSt.104,electric,1.22,0.0,0.0,0.0,0.0,0.0,0.0,0.0
EastAveburyToWestA509.130,1305.0,483_1,0.0,0.0,0.0,1730.0,774_2,29.75,13.69,425.0,2237.39,206.0,10,0.0,269.01,0,tripinfo_EastAveburyToWestA509.130 emissions_EastAveburyToWestA509.130,gasoline_euro4,1.06,45744.869907,1204411.774284,235.685447,24.958165,514.449513,384165.103046,0.0
V6ToEastH6.136,1632.0,468_1,0.0,0.0,0.0,1741.0,522_1,56.88,15.34,109.0,1511.92,0.0,0,0.0,13.28,0,tripinfo_V6ToEastH6.136 emissions_V6ToEastH6.136,gasoline_euro4,1.15,3848.335138,360808.924213,25.290638,5.789031,139.194574,115081.206572,0.0
EastAveburyToWestA509.100,1050.0,483_1,0.0,0.0,0.0,1742.0,774_2,29.75,12.38,692.0,2237.66,409.0,8,0.0,523.51,0,tripinfo_EastAveburyToWestA509.100 emissions_EastAveburyToWestA509.100,electric,0.97,0.0,0.0,0.0,0.0,0.0,0.0,0.0
EastAveburyToWestA509.104,1084.0,483_1,0.0,0.0,0.0,1742.0,774_1,29.75,12.48,658.0,2240.45,377.0,10,0.0,473.57,0,tripinfo_EastAveburyToWestA509.104 emissions_EastAveburyToWestA509.104,electric,0.9,0.0,0.0,0.0,0.0,0.0,0.0,0.0
EastAveburyToWestA509.131,1313.0,483_1,0.0,0.0,0.0,1743.0,774_0,29.75,12.74,430.0,2237.87,196.0,12,0.0,264.38,0,tripinfo_EastAveburyToWestA509.131 emissions_EastAveburyToWestA509.131,gasoline_euro4,1.0,44511.548746,1184600.167647,229.82411,24.286179,505.358572,377845.887769,0.0
EastAveburyToWestA509.107,1109.0,483_0,0.0,0.0,0.0,1746.0,774_0,29.75,15.72,637.0,2257.77,380.0,11,0.0,491.32,0,tripinfo_EastAveburyToWestA509.107 emissions_EastAveburyToWestA509.107,gasoline_euro4,1.13,79111.148173,1778008.374157,400.862914,39.263413,776.183969,567126.826858,0.0
EastAveburyToWestA509.108,1118.0,483_1,0.0,0.0,0.0,1748.0,774_2,29.75,12.61,630.0,2240.45,350.0,11,0.0,463.33,0,tripinfo_EastAveburyToWestA509.108 emissions_EastAveburyToWestA509.108,gasoline_euro4,0.99,74538.410173,1664566.451634,377.669015,36.061966,724.485228,530943.587556,0.0
EastAveburyToWestA509.106,1101.0,483_1,0.0,0.0,0.0,1749.0,774_1,29.75,12.12,648.0,2243.61,355.0,12,0.0,460.66,0,tripinfo_EastAveburyToWestA509.106 emissions_EastAveburyToWestA509.106,gasoline_euro4,0.89,74780.857732,1635903.716706,378.438537,35.331261,712.358257,521802.192536,0.0
EastAveburyToWestA509.112,1152.0,483_1,0.0,0.0,0.0,1751.0,774_2,29.75,12.52,599.0,2237.66,333.0,8,0.0,431.04,0,tripinfo_EastAveburyToWestA509.112 emissions_EastAveburyToWestA509.112,gasoline_euro4,0.98,71135.595935,1626976.516528,361.474352,35.32786,708.472559,518952.447554,0.0
EastA509ToH6.75,1350.0,770_0,0.0,0.0,0.0,1759.0,522_0,56.88,14.19,409.0,1483.8,251.0,9,0.0,312.84,0,tripinfo_EastA509ToH6.75 emissions_EastA509ToH6.75,gasoline_euro4,1.11,51868.249538,1189644.528756,263.600897,26.26758,519.838614,379457.229989,0.0
EastA509ToH6.77,1386.0,770_0,0.0,0.0,0.0,1766.0,522_0,56.88,12.91,380.0,1483.8,210.0,8,0.0,273.31,0,tripinfo_EastA509ToH6.77 emissions_EastA509ToH6.77,electric,1.0,0.0,0.0,0.0,0.0,0.0,0.0,0.0
WestA509ToAvebury.55,990.0,773_0,0.0,0.0,0.0,1773.0,213_0,19.13,14.38,783.0,2332.45,560.0,9,0.0,621.4,0,tripinfo_WestA509ToAvebury.55 emissions_WestA509ToAvebury.55,electric,1.04,0.0,0.0,0.0,0.0,0.0,0.0,0.0
SouthEvansGateToSilbury.76,1368.0,526_0,0.0,0.0,0.0,1774.0,215_1,19.43,14.03,406.0,1471.7,236.0,8,0.0,305.38,0,tripinfo_SouthEvansGateToSilbury.76 emissions_SouthEvansGateToSilbury.76,electric,1.06,0.0,0.0,0.0,0.0,0.0,0.0,0.0
SouthEvansGateToSilbury.78,1404.0,526_0,0.0,0.0,0.0,1775.0,215_1,19.43,16.07,371.0,1471.73,200.0,9,0.0,281.23,0,tripinfo_SouthEvansGateToSilbury.78 emissions_SouthEvansGateToSilbury.78,gasoline_euro4,1.18,44967.599479,1100009.566998,230.377339,24.025375,480.344688,350864.985948,0.0
V6ToEastH6.137,1644.0,468_1,0.0,0.0,0.0,1775.0,522_1,56.88,12.84,131.0,1512.23,2.0,1,0.0,18.39,0,tripinfo_V6ToEastH6.137 emissions_V6ToEastH6.137,gasoline_euro4,0.97,4701.298816,372555.27312,29.583906,5.681392,144.396167,118828.476892,0.0
EastSilburyToEastAvebury.38,1008.0,317_0,0.0,0.0,0.0,1776.0,213_1,19.13,12.83,768.0,2780.53,421.0,13,0.0,548.7,0,tripinfo_EastSilburyToEastAvebury.38 emissions_EastSilburyToEastAvebury.38,electric,0.93,0.0,0.0,0.0,0.0,0.0,0.0,0.0
EastA509ToH6.79,1422.0,770_0,0.0,0.0,0.0,1777.0,522_1,56.88,14.55,355.0,1483.8,192.0,8,0.0,258.36,0,tripinfo_EastA509ToH6.79 emissions_EastA509ToH6.79,electric,1.11,0.0,0.0,0.0,0.0,0.0,0.0,0.0
V6ToEastH6.135,1620.0,468_1,0.0,0.0,0.0,1777.0,522_0,56.88,9.79,157.0,1512.23,0.0,0,0.0,13.82,0,tripinfo_V6ToEastH6.135 emissions_V6ToEastH6.135,electric,0.76,0.0,0.0,0.0,0.0,0.0,0.0,0.0
SouthEvansGateToSilbury.80,1440.0,526_0,0.0,0.0,0.0,1779.0,215_1,19.43,12.29,339.0,1471.73,193.0,4,0.0,225.33,0,tripinfo_SouthEvansGateToSilbury.80 emissions_SouthEvansGateToSilbury.80,gasoline_euro4,0.94,38317.26069,925195.557968,195.652633,19.447749,397.859137,295106.643598,0.0
EastA509ToH6.81,1458.0,770_0,0.0,0.0,0.0,1780.0,522_0,56.88,13.55,322.0,1483.69,168.0,5,0.0,214.98,0,tripinfo_EastA509ToH6.81 emissions_EastA509ToH6.81,gasoline_euro4,1.0,36102.877323,912116.374406,185.255982,19.148718,392.103701,290933.746862,0.0
SouthEvansGateToSilbury.81,1458.0,526_0,0.0,0.0,0.0,1780.0,215_1,19.43,13.23,322.0,1471.68,169.0,6,0.0,221.43,0,tripinfo_SouthEvansGateToSilbury.81 emissions_SouthEvansGateToSilbury.81,gasoline_euro4,1.05,36264.974627,918562.256001,186.477324,19.582741,397.728605,292989.336672,0.0
SouthEvansGateToSilbury.84,1512.0,526_0,0.0,0.0,0.0,1782.0,215_1,19.43,14.86,270.0,1471.71,118.0,4,0.0,176.66,0,tripinfo_SouthEvansGateToSilbury.84 emissions_SouthEvansGateToSilbury.84,electric,1.14,0.0,0.0,0.0,0.0,0.0,0.0,0.0
SouthEvansGateToSilbury.83,1494.0,526_0,0.0,0.0,0.0,1784.0,215_1,19.43,14.5,290.0,1471.7,136.0,5,0.0,189.0,0,tripinfo_SouthEvansGateToSilbury.83 emissions_SouthEvansGateToSilbury.83,electric,1.06,0.0,0.0,0.0,0.0,0.0,0.0,0.0
SouthEvansGateToSilbury.82,1476.0,526_0,0.0,0.0,0.0,1787.0,215_1,19.43,11.66,311.0,1471.73,144.0,5,0.0,196.25,0,tripinfo_SouthEvansGateToSilbury.82 emissions_SouthEvansGateToSilbury.82,gasoline_euro4,0.93,32933.372701,847141.058496,169.590698,17.65475,364.481178,270208.593546,0.0
V6ToEastH6.138,1656.0,468_1,0.0,0.0,0.0,1788.0,522_1,56.88,12.31,132.0,1512.23,0.0,0,0.0,12.03,0,tripinfo_V6ToEastH6.138 emissions_V6ToEastH6.138,electric,0.91,0.0,0.0,0.0,0.0,0.0,0.0,0.0
V6ToEastH6.139,1668.0,468_1,0.0,0.0,0.0,1790.0,522_1,56.88,16.1,122.0,1512.23,1.0,1,0.0,28.42,0,tripinfo_V6ToEastH6.139 emissions_V6ToEastH6.139,gasoline_euro4,1.17,5724.431734,418330.695985,35.535782,7.330781,168.053305,133428.008091,0.0
EastA509ToH6.83,1494.0,770_0,0.0,0.0,0.0,1796.0,522_1,56.88,13.44,302.0,1483.69,136.0,5,0.0,199.41,0,tripinfo_EastA509ToH6.83 emissions_EastA509ToH6.83,gasoline_euro4,1.05,32820.443935,867802.446164,169.600698,18.231573,373.777012,276798.133163,0.0
EastA509ToH6.80,1440.0,770_0,0.0,0.0,0.0,1798.0,522_1,56.88,13.18,358.0,1483.8,192.0,7,0.0,253.48,0,tripinfo_EastA509ToH6.80 emissions_EastA509ToH6.80,gasoline_euro4,1.03,41623.894544,1009248.736365,212.913601,21.952747,440.128331,321915.764925,0.0
WestA509ToEastH6.26,936.0,773_0,0.0,0.0,0.0,1801.0,522_0,56.88,9.9,865.0,2755.97,499.0,15,0.0,605.96,0,tripinfo_WestA509ToEastH6.26 emissions_WestA509ToEastH6.26,gasoline_euro4,0.77,101099.922658,2133494.333836,509.993255,46.09927,930.971801,680520.181358,0.0
EastA509ToH6.82,1476.0,770_0,0.0,0.0,0.0,1804.0,522_0,56.88,11.72,328.0,1483.8,149.0,6,0.0,208.73,0,tripinfo_EastA509ToH6.82 emissions_EastA509ToH6.82,gasoline_euro4,0.9,34435.159286,872428.062937,176.905846,18.210249,375.818727,278274.545331,0.0
EastA509ToH6.84,1512.0,770_0,0.0,0.0,0.0,1808.0,522_0,56.88,11.07,296.0,1483.8,112.0,4,0.0,170.59,0,tripinfo_EastA509ToH6.84 emissions_EastA509ToH6.84,electric,0.85,0.0,0.0,0.0,0.0,0.0,0.0,0.0
V6ToEastH6.140,1680.0,468_1,0.0,0.0,0.0,1809.0,522_1,56.88,13.27,129.0,1512.23,2.0,1,0.0,18.03,0,tripinfo_V6ToEastH6.140 emissions_V6ToEastH6.140,gasoline_euro4,0.98,4441.160913,364853.781602,28.023509,5.461003,140.250777,116372.066855,0.0
WestH6ToSaxonSt.113,1356.0,524_0,0.0,0.0,0.0,1813.0,771_1,56.88,16.2,457.0,2555.04,242.0,6,0.0,303.42,0,tripinfo_WestH6ToSaxonSt.113 emissions_WestH6ToSaxonSt.113,electric,1.22,0.0,0.0,0.0,0.0,0.0,0.0,0.0
V6ToEastH6.141,1692.0,468_1,0.0,0.0,0.0,1814.0,522_1,56.88,13.73,122.0,1512.23,0.0,0,0.0,13.58,0,tripinfo_V6ToEastH6.141 emissions_V6ToEastH6.141,electric,1.01,0.0,0.0,0.0,0.0,0.0,0.0,0.0
WestA509ToAvebury.52,939.0,773_0,0.0,0.0,3.0,1816.0,213_0,19.13,16.71,877.0,2327.58,618.0,17,0.0,736.92,0,tripinfo_WestA509ToAvebury.52 emissions_WestA509ToAvebury.52,gasoline_euro4,1.21,118728.262222,2418299.95328,596.687816,55.517442,1071.324059,771363.655207,0.0
EastAveburyToWestA509.114,1169.0,483_1,0.0,0.0,0.0,1820.0,774_2,29.75,13.7,651.0,2237.61,376.0,8,0.0,489.03,0,tripinfo_EastAveburyToWestA509.114 emissions_EastAveburyToWestA509.114,gasoline_euro4,1.01,79323.029969,1747797.613256,401.385459,38.317429,762.789331,557491.870561,0.0
EastSilburyToEastAvebury.30,880.0,317_0,0.0,0.0,0.0,1821.0,213_0,19.13,10.95,941.0,680.89,791.0,11,0.0,879.95,0,tripinfo_EastSilburyToEastAvebury.30 emissions_EastSilburyToEastAvebury.30,gasoline_euro4,0.83,143171.454129,2438255.312212,709.068903,59.257043,1106.27568,777739.820862,0.0
EastSilburyToEastAvebury.45,1120.0,317_0,0.0,0.0,0.0,1822.0,213_0,19.13,13.04,702.0,642.19,595.0,11,0.0,655.01,0,tripinfo_EastSilburyToEastAvebury.45 emissions_EastSilburyToEastAvebury.45,electric,1.0,0.0,0.0,0.0,0.0,0.0,0.0,0.0
WestA509ToAvebury.47,846.0,773_0,0.0,0.0,0.0,1824.0,213_0,19.13,12.96,978.0,2327.58,700.0,15,0.0,803.03,0,tripinfo_WestA509ToAvebury.47 emissions_WestA509ToAvebury.47,gasoline_euro4,0.97,132238.146372,2571146.959622,661.36433,58.928096,1139.807963,820121.063169,0.0
EastAveburyToWestA509.115,1177.0,483_1,0.0,0.0,0.0,1825.0,774_2,29.75,14.19,648.0,2237.66,376.0,7,0.0,493.44,0,tripinfo_EastAveburyToWestA509.115 emissions_EastAveburyToWestA509.115,gasoline_euro4,1.06,77769.210338,1723896.88685,393.840758,38.055488,754.254736,549867.678041,0.0
WestA509ToAvebury.59,1062.0,773_0,0.0,0.0,0.0,1829.0,213_0,19.13,13.01,767.0,2327.58,480.0,15,0.0,595.16,0,tripinfo_WestA509ToAvebury.59 emissions_WestA509ToAvebury.59,gasoline_euro4,0.99,96808.969091,2048196.113405,488.039798,45.515753,898.780766,653311.160655,0.0
EastAveburyToWestA509.117,1194.0,483_1,0.0,0.0,0.0,1833.0,774_2,29.75,13.43,639.0,2240.45,371.0,8,0.0,480.76,0,tripinfo_EastAveburyToWestA509.117 emissions_EastAveburyToWestA509.117,electric,1.05,0.0,0.0,0.0,0.0,0.0,0.0,0.0
EastAveburyToWestA509.120,1220.0,483_1,0.0,0.0,0.0,1835.0,774_2,29.75,15.24,615.0,2240.45,366.0,9,0.0,468.79,0,tripinfo_EastAveburyToWestA509.120 emissions_EastAveburyToWestA509.120,gasoline_euro4,1.14,74978.763385,1694851.968963,380.518828,37.235038,739.789253,540602.590253,0.0
V6ToEastH6.142,1704.0,468_1,0.0,0.0,0.0,1837.0,522_1,56.88,11.34,133.0,1512.23,0.0,0,0.0,12.71,0,tripinfo_V6ToEastH6.142 emissions_V6ToEastH6.142,electric,0.91,0.0,0.0,0.0,0.0,0.0,0.0,0.0
EastAveburyToWestA509.121,1228.0,483_1,0.0,0.0,0.0,1838.0,774_2,29.75,13.67,610.0,2237.61,351.0,10,0.0,449.19,0,tripinfo_EastAveburyToWestA509.121 emissions_EastAveburyToWestA509.121,electric,1.02,0.0,0.0,0.0,0.0,0.0,0.0,0.0
V6ToEastH6.143,1716.0,468_1,0.0,0.0,0.0,1839.0,522_1,56.88,12.9,123.0,1512.23,0.0,0,0.0,14.65,0,tripinfo_V6ToEastH6.143 emissions_V6ToEastH6.143,gasoline_euro4,1.01,4003.639474,354603.906826,26.029384,5.559737,138.001965,113102.339106,0.0
EastAveburyToWestA509.109,1126.0,483_1,0.0,0.0,0.0,1841.0,774_0,29.75,10.76,715.0,2244.1,405.0,8,0.0,515.98,0,tripinfo_EastAveburyToWestA509.109 emissions_EastAveburyToWestA509.109,gasoline_euro4,0.83,83018.64146,1768732.156281,419.184183,38.392046,772.187732,564171.444098,0.0
EastAveburyToWestA509.52,642.0,483_0,0.0,0.0,0.0,1844.0,774_0,29.75,12.49,1202.0,2335.25,929.0,12,0.0,1026.11,0,tripinfo_EastAveburyToWestA509.52 emissions_EastAveburyToWestA509.52,electric,0.98,0.0,0.0,0.0,0.0,0.0,0.0,0.0
V6ToEastH6.144,1728.0,468_1,0.0,0.0,0.0,1848.0,522_1,56.88,13.25,120.0,1512.23,0.0,0,0.0,12.81,0,tripinfo_V6ToEastH6.144 emissions_V6ToEastH6.144,gasoline_euro4,1.02,3656.109726,355043.181948,23.967984,5.197629,135.061789,113242.625632,0.0
WestH6ToSaxonSt.84,1008.0,524_0,0.0,0.0,0.0,1853.0,771_1,56.88,12.42,845.0,2589.86,554.0,13,0.0,638.35,0,tripinfo_WestH6ToSaxonSt.84 emissions_WestH6ToSaxonSt.84,electric,0.92,0.0,0.0,0.0,0.0,0.0,0.0,0.0
SouthEvansGateToSilbury.86,1548.0,526_0,0.0,0.0,0.0,1863.0,215_1,19.43,13.82,315.0,1471.7,175.0,5,0.0,209.29,0,tripinfo_SouthEvansGateToSilbury.86 emissions_SouthEvansGateToSilbury.86,gasoline_euro4,1.01,35474.744553,892505.4198,181.773668,18.550898,381.57114,284678.873665,0.0
WestA509ToEastH6.29,1044.0,773_0,0.0,0.0,0.0,1864.0,522_0,56.88,13.38,820.0,2755.17,509.0,18,0.0,626.04,0,tripinfo_WestA509ToEastH6.29 emissions_WestA509ToEastH6.29,electric,1.03,0.0,0.0,0.0,0.0,0.0,0.0,0.0
SouthEvansGateToSilbury.88,1584.0,526_0,0.0,0.0,0.0,1866.0,215_1,19.43,10.91,282.0,1471.68,125.0,5,0.0,159.45,0,tripinfo_SouthEvansGateToSilbury.88 emissions_SouthEvansGateToSilbury.88,gasoline_euro4,0.87,27721.726184,739987.183741,143.361552,14.681763,313.23806,236030.456236,0.0
SouthEvansGateToSilbury.87,1566.0,526_0,0.0,0.0,0.0,1868.0,215_1,19.43,10.77,302.0,1471.71,134.0,6,0.0,179.68,0,tripinfo_SouthEvansGateToSilbury.87 emissions_SouthEvansGateToSilbury.87,gasoline_euro4,0.87,30765.584074,811776.918102,158.972485,16.536935,347.158785,258928.584461,0.0
SouthEvansGateToSilbury.89,1602.0,526_0,0.0,0.0,0.0,1870.0,215_1,19.43,14.29,268.0,1471.73,107.0,6,0.0,167.44,0,tripinfo_SouthEvansGateToSilbury.89 emissions_SouthEvansGateToSilbury.89,gasoline_euro4,1.06,26602.813046,738946.555775,138.089891,15.088525,315.477521,235697.290557,0.0
SouthEvansGateToSilbury.85,1530.0,526_0,0.0,0.0,0.0,1874.0,215_1,19.43,10.06,344.0,1471.74,160.0,6,0.0,206.15,0,tripinfo_SouthEvansGateToSilbury.85 emissions_SouthEvansGateToSilbury.85,electric,0.77,0.0,0.0,0.0,0.0,0.0,0.0,0.0
V6ToEastH6.145,1740.0,468_1,0.0,0.0,0.0,1878.0,522_0,56.88,10.94,138.0,1512.23,0.0,0,0.0,13.11,0,tripinfo_V6ToEastH6.145 emissions_V6ToEastH6.145,gasoline_euro4,0.88,4088.32535,345679.41959,26.493169,4.964158,132.970952,110256.444802,0.0
V6ToEastH6.147,1764.0,468_1,0.0,0.0,0.0,1896.0,522_1,56.88,12.07,132.0,1512.23,0.0,0,0.0,13.87,0,tripinfo_V6ToEastH6.147 emissions_V6ToEastH6.147,electric,0.93,0.0,0.0,0.0,0.0,0.0,0.0,0.0
WestH6ToSaxonSt.68,816.0,524_0,0.0,0.0,0.0,1900.0,771_1,56.88,15.25,1084.0,2765.47,735.0,22,0.0,899.89,0,tripinfo_WestH6ToSaxonSt.68 emissions_WestH6ToSaxonSt.68,gasoline_euro4,1.12,146938.744648,2979223.903891,738.28334,68.527754,1322.691643,950281.411864,0.0
V6ToEastH6.149,1788.0,468_1,0.0,0.0,0.0,1903.0,522_1,56.88,15.48,115.0,1512.23,0.0,0,0.0,17.04,0,tripinfo_V6ToEastH6.149 emissions_V6ToEastH6.149,electric,1.12,0.0,0.0,0.0,0.0,0.0,0.0,0.0
V6ToEastH6.146,1752.0,468_1,0.0,0.0,0.0,1905.0,522_0,56.88,10.07,153.0,1512.23,0.0,0,0.0,13.86,0,tripinfo_V6ToEastH6.146 emissions_V6ToEastH6.146,electric,0.78,0.0,0.0,0.0,0.0,0.0,0.0,0.0
WestH6ToSaxonSt.93,1116.0,524_0,0.0,0.0,0.0,1907.0,771_1,56.88,13.61,791.0,2555.04,490.0,14,0.0,601.98,0,tripinfo_WestH6ToSaxonSt.93 emissions_WestH6ToSaxonSt.93,electric,0.99,0.0,0.0,0.0,0.0,0.0,0.0,0.0
WestA509ToAvebury.58,1047.0,773_0,0.0,0.0,3.0,1910.0,213_0,19.13,12.36,863.0,2327.58,583.0,16,0.0,689.8,0,tripinfo_WestA509ToAvebury.58 emissions_WestA509ToAvebury.58,electric,0.98,0.0,0.0,0.0,0.0,0.0,0.0,0.0
EastAveburyToWestA509.139,1381.0,483_1,0.0,0.0,0.0,1910.0,774_1,29.75,13.08,529.0,2237.39,287.0,8,0.0,361.1,0,tripinfo_EastAveburyToWestA509.139 emissions_EastAveburyToWestA509.139,electric,0.98,0.0,0.0,0.0,0.0,0.0,0.0,0.0
EastAveburyToWestA509.134,1339.0,483_1,0.0,0.0,0.0,1912.0,774_2,29.75,12.9,573.0,2237.39,308.0,11,0.0,411.0,0,tripinfo_EastAveburyToWestA509.134 emissions_EastAveburyToWestA509.134,electric,1.02,0.0,0.0,0.0,0.0,0.0,0.0,0.0
EastSilburyToEastAvebury.27,832.0,317_0,0.0,0.0,0.0,1914.0,213_0,19.13,11.91,1082.0,1581.88,851.0,16,0.0,947.21,0,tripinfo_EastSilburyToEastAvebury.27 emissions_EastSilburyToEastAvebury.27,electric,0.86,0.0,0.0,0.0,0.0,0.0,0.0,0.0
EastAveburyToWestA509.142,1407.0,483_1,0.0,0.0,0.0,1914.0,774_2,29.75,15.66,507.0,2237.39,271.0,8,0.0,361.5,0,tripinfo_EastAveburyToWestA509.142 emissions_EastAveburyToWestA509.142,electric,1.14,0.0,0.0,0.0,0.0,0.0,0.0,0.0
EastSilburyToEastAvebury.31,896.0,317_0,0.0,0.0,0.0,1917.0,213_0,19.13,15.62,1021.0,680.89,868.0,17,0.0,977.17,0,tripinfo_EastSilburyToEastAvebury.31 emissions_EastSilburyToEastAvebury.31,electric,1.17,0.0,0.0,0.0,0.0,0.0,0.0,0.0
EastAveburyToWestA509.138,1373.0,483_1,0.0,0.0,0.0,1918.0,774_1,29.75,14.71,545.0,2241.08,287.0,9,0.0,394.08,0,tripinfo_EastAveburyToWestA509.138 emissions_EastAveburyToWestA509.138,electric,1.1,0.0,0.0,0.0,0.0,0.0,0.0,0.0
EastAveburyToWestA509.136,1361.0,483_1,0.0,0.0,5.0,1919.0,774_0,29.75,11.7,558.0,2237.92,297.0,10,0.0,373.59,0,tripinfo_EastAveburyToWestA509.136 emissions_EastAveburyToWestA509.136,gasoline_euro4,0.9,62614.104773,1468174.496585,319.210844,31.060775,634.751633,468299.709125,0.0
V6ToEastH6.148,1776.0,468_1,0.0,0.0,0.0,1921.0,522_0,56.88,11.11,145.0,1512.23,0.0,0,0.0,12.34,0,tripinfo_V6ToEastH6.148 emissions_V6ToEastH6.148,electric,0.82,0.0,0.0,0.0,0.0,0.0,0.0,0.0
EastAveburyToWestA509.146,1455.0,483_1,0.0,0.0,14.0,1924.0,774_2,29.75,13.84,469.0,2237.39,223.0,6,0.0,316.38,0,tripinfo_EastAveburyToWestA509.146 emissions_EastAveburyToWestA509.146,gasoline_euro4,1.08,49627.115735,1268321.7763,255.416636,26.589413,546.681702,404550.652328,0.0
EastAveburyToWestA509.123,1245.0,483_1,0.0,0.0,0.0,1925.0,774_1,29.75,11.21,680.0,2240.45,384.0,9,0.0,496.13,0,tripinfo_EastAveburyToWestA509.123 emissions_EastAveburyToWestA509.123,gasoline_euro4,0.9,80559.146465,1728561.705324,406.723228,37.388663,752.470969,551358.138741,0.0
V6ToEastH6.150,1800.0,468_1,0.0,0.0,0.0,1927.0,522_1,56.88,12.93,127.0,1512.23,0.0,0,0.0,13.44,0,tripinfo_V6ToEastH6.150 emissions_V6ToEastH6.150,electric,0.96,0.0,0.0,0.0,0.0,0.0,0.0,0.0
V6ToEastH6.151,1812.0,468_1,0.0,0.0,0.0,1945.0,522_1,56.88,11.29,133.0,1512.23,0.0,0,0.0,12.03,0,tripinfo_V6ToEastH6.151 emissions_V6ToEastH6.151,gasoline_euro4,0.9,3698.443714,330820.141727,24.153102,4.675818,126.192904,105516.963154,0.0
EastAveburyToWestA509.56,676.0,483_1,0.0,0.0,0.0,1949.0,774_0,29.75,12.0,1273.0,2328.54,972.0,12,0.0,1073.8,0,tripinfo_EastAveburyToWestA509.56 emissions_EastAveburyToWestA509.56,gasoline_euro4,0.87,177948.431211,3346535.088104,888.391916,77.881524,1494.807637,1067449.580898,0.0
WestA509ToEastH6.27,972.0,773_0,0.0,0.0,0.0,1950.0,522_0,56.88,12.09,978.0,2749.93,622.0,16,0.0,752.2,0,tripinfo_WestA509ToEastH6.27 emissions_WestA509ToEastH6.27,gasoline_euro4,0.88,123162.159359,2533848.939728,619.849602,56.841138,1118.13906,808220.852845,0.0
EastA509ToH6.86,1548.0,770_0,0.0,0.0,0.0,1950.0,522_1,56.88,12.79,402.0,1483.69,235.0,6,0.0,293.17,0,tripinfo_EastA509ToH6.86 emissions_EastA509ToH6.86,electric,0.99,0.0,0.0,0.0,0.0,0.0,0.0,0.0
SouthEvansGateToSilbury.90,1620.0,526_0,0.0,0.0,0.0,1950.0,215_1,19.43,13.39,330.0,1471.71,184.0,5,0.0,224.05,0,tripinfo_SouthEvansGateToSilbury.90 emissions_SouthEvansGateToSilbury.90,gasoline_euro4,1.0,37587.885423,926324.885958,192.490901,19.587059,399.257566,295466.21158,0.0
SouthEvansGateToSilbury.91,1638.0,526_0,0.0,0.0,0.0,1956.0,215_1,19.43,10.44,318.0,1471.7,149.0,5,0.0,182.5,0,tripinfo_SouthEvansGateToSilbury.91 emissions_SouthEvansGateToSilbury.91,gasoline_euro4,0.79,31796.957877,796573.640759,163.267847,15.97921,339.280625,254080.553702,0.0
V6ToEastH6.153,1836.0,468_1,0.0,0.0,0.0,1956.0,522_1,56.88,14.4,120.0,1512.23,0.0,0,0.0,16.57,0,tripinfo_V6ToEastH6.153 emissions_V6ToEastH6.153,electric,1.06,0.0,0.0,0.0,0.0,0.0,0.0,0.0
SouthEvansGateToSilbury.93,1674.0,526_0,0.0,0.0,0.0,1957.0,215_1,19.43,11.68,283.0,1471.71,111.0,6,0.0,167.22,0,tripinfo_SouthEvansGateToSilbury.93 emissions_SouthEvansGateToSilbury.93,electric,0.92,0.0,0.0,0.0,0.0,0.0,0.0,0.0
SouthEvansGateToSilbury.92,1656.0,526_0,0.0,0.0,0.0,1959.0,215_1,19.43,12.78,303.0,1471.73,128.0,7,0.0,192.42,0,tripinfo_SouthEvansGateToSilbury.92 emissions_SouthEvansGateToSilbury.92,electric,0.96,0.0,0.0,0.0,0.0,0.0,0.0,0.0
SouthEvansGateToSilbury.94,1692.0,526_0,0.0,0.0,0.0,1961.0,215_1,19.43,10.73,269.0,1471.73,98.0,5,0.0,145.08,0,tripinfo_SouthEvansGateToSilbury.94 emissions_SouthEvansGateToSilbury.94,electric,0.86,0.0,0.0,0.0,0.0,0.0,0.0,0.0
SouthEvansGateToSilbury.95,1710.0,526_0,0.0,0.0,0.0,1963.0,215_1,19.43,13.8,253.0,1471.73,106.0,3,0.0,152.08,0,tripinfo_SouthEvansGateToSilbury.95 emissions_SouthEvansGateToSilbury.95,gasoline_euro4,1.06,25391.852091,743740.276987,132.70112,15.14283,316.610367,237225.529898,0.0
V6ToEastH6.152,1824.0,468_1,0.0,0.0,0.0,1968.0,522_0,56.88,11.22,144.0,1512.23,0.0,0,0.0,12.01,0,tripinfo_V6ToEastH6.152 emissions_V6ToEastH6.152,gasoline_euro4,0.83,4047.55059,335371.563879,26.054721,4.522089,127.299259,106969.074949,0.0
V6ToEastH6.154,1848.0,468_1,0.0,0.0,0.0,1974.0,522_1,56.88,13.41,126.0,1512.23,0.0,0,0.0,14.42,0,tripinfo_V6ToEastH6.154 emissions_V6ToEastH6.154,electric,0.98,0.0,0.0,0.0,0.0,0.0,0.0,0.0
V6ToEastH6.156,1872.0,468_1,0.0,0.0,0.0,1991.0,522_1,56.88,14.44,119.0,1512.23,0.0,0,0.0,18.29,0,tripinfo_V6ToEastH6.156 emissions_V6ToEastH6.156,gasoline_euro4,1.09,4436.625616,380880.87329,28.475706,6.166974,148.897429,121483.339932,0.0
EastAveburyToWestA509.137,1365.0,483_1,0.0,0.0,1.0,1993.0,774_2,29.75,14.0,628.0,2237.39,385.0,8,0.0,475.26,0,tripinfo_EastAveburyToWestA509.137 emissions_EastAveburyToWestA509.137,gasoline_euro4,1.09,77897.631486,1738518.704325,395.05882,38.643939,762.848513,554530.925299,0.0
WestH6ToSaxonSt.94,1128.0,524_0,0.0,0.0,0.0,1994.0,771_1,56.88,12.97,866.0,2555.05,561.0,16,0.0,677.08,0,tripinfo_WestH6ToSaxonSt.94 emissions_WestH6ToSaxonSt.94,gasoline_euro4,0.98,110812.70689,2283630.438494,557.275305,51.211309,1004.750615,728408.765995,0.0
EastAveburyToWestA509.122,1237.0,483_1,0.0,0.0,0.0,1995.0,774_2,29.75,14.12,758.0,2237.66,486.0,14,0.0,606.61,0,tripinfo_EastAveburyToWestA509.122 emissions_EastAveburyToWestA509.122,gasoline_euro4,1.08,97910.814222,2046779.448175,493.147452,46.047638,901.070715,652859.416004,0.0
V6ToEastH6.155,1860.0,468_1,0.0,0.0,0.0,2002.0,522_0,56.88,11.44,142.0,1512.23,0.0,0,0.0,13.7,0,tripinfo_V6ToEastH6.155 emissions_V6ToEastH6.155,gasoline_euro4,0.85,4104.816457,337031.445913,26.338873,4.656947,128.581798,107498.411445,0.0
WestH6ToSaxonSt.92,1104.0,524_0,0.0,0.0,0.0,2003.0,771_1,56.88,10.58,899.0,2555.05,564.0,18,0.0,677.73,0,tripinfo_WestH6ToSaxonSt.92 emissions_WestH6ToSaxonSt.92,electric,0.84,0.0,0.0,0.0,0.0,0.0,0.0,0.0
EastAveburyToWestA509.125,1262.0,483_1,0.0,0.0,0.0,2005.0,774_1,29.75,12.05,743.0,2240.45,454.0,9,0.0,564.95,0,tripinfo_EastAveburyToWestA509.125 emissions_EastAveburyToWestA509.125,electric,0.93,0.0,0.0,0.0,0.0,0.0,0.0,0.0
EastAveburyToWestA509.126,1271.0,483_1,0.0,0.0,0.0,2005.0,774_2,29.75,14.69,734.0,2243.61,450.0,9,0.0,582.17,0,tripinfo_EastAveburyToWestA509.126 emissions_EastAveburyToWestA509.126,electric,1.1,0.0,0.0,0.0,0.0,0.0,0.0,0.0
V6ToEastH6.158,1896.0,468_1,0.0,0.0,0.0,2005.0,522_1,56.88,15.62,109.0,1512.23,0.0,0,0.0,16.46,0,tripinfo_V6ToEastH6.158 emissions_V6ToEastH6.158,gasoline_euro4,1.19,4728.131776,407472.352412,30.422327,7.00241,161.27472,129964.338257,0.0
EastAveburyToWestA509.149,1466.0,483_1,0.0,0.0,0.0,2008.0,774_1,29.75,12.38,542.0,2237.39,297.0,7,0.0,368.7,0,tripinfo_EastAveburyToWestA509.149 emissions_EastAveburyToWestA509.149,gasoline_euro4,0.95,61117.917286,1440331.827745,311.577156,30.562566,622.429391,459418.549806,0.0
EastAveburyToWestA509.129,1296.0,483_1,0.0,0.0,0.0,2009.0,774_2,29.75,13.75,713.0,2237.66,425.0,15,0.0,548.88,0,tripinfo_EastAveburyToWestA509.129 emissions_EastAveburyToWestA509.129,electric,1.0,0.0,0.0,0.0,0.0,0.0,0.0,0.0
EastAveburyToWestA509.152,1540.0,483_1,0.0,0.0,48.0,2011.0,774_1,29.75,13.62,471.0,2237.44,234.0,10,0.0,305.07,0,tripinfo_EastAveburyToWestA509.152 emissions_EastAveburyToWestA509.152,gasoline_euro4,0.99,51148.162507,1297394.463326,262.482257,27.09375,556.764306,413824.233285,0.0
V6ToEastH6.157,1884.0,468_1,0.0,0.0,0.0,2012.0,522_1,56.88,12.75,128.0,1512.23,0.0,0,0.0,13.6,0,tripinfo_V6ToEastH6.157 emissions_V6ToEastH6.157,gasoline_euro4,0.96,4045.96914,360575.350155,26.218154,5.335707,138.37293,115007.292289,0.0
V6ToEastH6.159,1908.0,468_1,0.0,0.0,0.0,2029.0,522_1,56.88,13.28,121.0,1512.23,0.0,0,0.0,11.55,0,tripinfo_V6ToEastH6.159 emissions_V6ToEastH6.159,gasoline_euro4,1.0,3646.742692,351589.058622,24.312602,5.243913,134.899171,112140.862099,0.0
V6ToEastH6.160,1920.0,468_1,0.0,0.0,0.0,2037.0,522_1,56.88,14.21,117.0,1512.23,0.0,0,0.0,15.86,0,tripinfo_V6ToEastH6.160 emissions_V6ToEastH6.160,electric,1.08,0.0,0.0,0.0,0.0,0.0,0.0,0.0
WestA509ToEastH6.30,1080.0,773_0,0.0,0.0,0.0,2038.0,522_0,56.88,10.84,958.0,2755.12,591.0,15,0.0,722.63,0,tripinfo_WestA509ToEastH6.30 emissions_WestA509ToEastH6.30,gasoline_euro4,0.85,117554.891148,2429825.98348,591.700725,53.329772,1063.770432,775041.761793,0.0
EastA509ToH6.85,1530.0,770_0,0.0,0.0,0.0,2045.0,522_0,56.88,12.13,515.0,1483.8,312.0,12,0.0,393.48,0,tripinfo_EastA509ToH6.85 emissions_EastA509ToH6.85,electric,0.88,0.0,0.0,0.0,0.0,0.0,0.0,0.0
SouthEvansGateToSilbury.96,1728.0,526_0,0.0,0.0,0.0,2047.0,215_1,19.43,14.4,319.0,1471.7,177.0,5,0.0,217.77,0,tripinfo_SouthEvansGateToSilbury.96 emissions_SouthEvansGateToSilbury.96,gasoline_euro4,1.06,36716.031685,916278.244266,188.008577,19.399021,394.044578,292261.356338,0.0
EastA509ToH6.88,1584.0,770_0,0.0,0.0,0.0,2048.0,522_0,56.88,10.52,464.0,1483.75,252.0,11,0.0,336.34,0,tripinfo_EastA509ToH6.88 emissions_EastA509ToH6.88,gasoline_euro4,0.84,53994.626317,1182049.245809,273.46491,25.812906,517.521892,377036.380257,0.0
EastA509ToH6.89,1602.0,770_0,0.0,0.0,0.0,2048.0,522_1,56.88,13.12,446.0,1483.75,254.0,8,0.0,333.0,0,tripinfo_EastA509ToH6.89 emissions_EastA509ToH6.89,gasoline_euro4,0.95,53260.882761,1178221.282959,269.792965,25.826031,515.11965,375814.988709,0.0
EastA509ToH6.87,1566.0,770_0,0.0,0.0,0.0,2050.0,522_0,56.88,13.02,484.0,1483.8,269.0,11,0.0,370.97,0,tripinfo_EastA509ToH6.87 emissions_EastA509ToH6.87,electric,0.95,0.0,0.0,0.0,0.0,0.0,0.0,0.0
EastSilburyToEastAvebury.40,1040.0,317_0,0.0,0.0,0.0,2051.0,213_0,19.13,12.0,1011.0,644.65,821.0,10,0.0,876.23,0,tripinfo_EastSilburyToEastAvebury.40 emissions_EastSilburyToEastAvebury.40,gasoline_euro4,0.91,143700.492923,2429361.303316,711.307524,59.483814,1104.98409,774903.0267,0.0
EastA509ToH6.91,1638.0,770_0,0.0,0.0,0.0,2051.0,522_0,56.88,13.31,413.0,1483.69,216.0,8,0.0,307.03,0,tripinfo_EastA509ToH6.91 emissions_EastA509ToH6.91,electric,1.01,0.0,0.0,0.0,0.0,0.0,0.0,0.0
EastA509ToH6.90,1620.0,770_0,0.0,0.0,0.0,2053.0,522_0,56.88,13.27,433.0,1483.8,236.0,7,0.0,326.01,0,tripinfo_EastA509ToH6.90 emissions_EastA509ToH6.90,electric,1.0,0.0,0.0,0.0,0.0,0.0,0.0,0.0
EastA509ToH6.92,1656.0,770_0,0.0,0.0,0.0,2055.0,522_0,56.88,13.4,399.0,1483.8,196.0,6,0.0,290.47,0,tripinfo_EastA509ToH6.92 emissions_EastA509ToH6.92,gasoline_euro4,0.99,46054.672102,1092811.936696,235.045526,23.498568,474.961736,348570.502762,0.0
V6ToEastH6.161,1932.0,468_1,0.0,0.0,0.0,2059.0,522_1,56.88,14.26,127.0,1512.23,2.0,1,0.0,20.61,0,tripinfo_V6ToEastH6.161 emissions_V6ToEastH6.161,electric,1.03,0.0,0.0,0.0,0.0,0.0,0.0,0.0
V6ToEastH6.162,1944.0,468_1,0.0,0.0,0.0,2060.0,522_1,56.88,14.75,116.0,1512.23,0.0,0,0.0,19.81,0,tripinfo_V6ToEastH6.162 emissions_V6ToEastH6.162,electric,1.13,0.0,0.0,0.0,0.0,0.0,0.0,0.0
EastA509ToH6.93,1674.0,770_0,0.0,0.0,0.0,2064.0,522_0,56.88,14.55,390.0,1483.8,185.0,7,0.0,289.33,0,tripinfo_EastA509ToH6.93 emissions_EastA509ToH6.93,gasoline_euro4,1.07,44790.782489,1085785.91006,228.995396,23.42563,472.367641,346328.685903,0.0
WestH6ToSaxonSt.95,1140.0,524_0,0.0,0.0,0.0,2070.0,771_1,56.88,12.38,930.0,2555.05,603.0,15,0.0,730.62,0,tripinfo_WestH6ToSaxonSt.95 emissions_WestH6ToSaxonSt.95,gasoline_euro4,0.93,119797.54541,2432006.163492,601.813838,54.476816,1070.254813,775737.331913,0.0
WestH6ToSaxonSt.97,1164.0,524_0,0.0,0.0,0.0,2072.0,771_1,56.88,15.05,908.0,2555.05,591.0,15,0.0,741.15,0,tripinfo_WestH6ToSaxonSt.97 emissions_WestH6ToSaxonSt.97,gasoline_euro4,1.12,119059.39307,2458194.333636,599.248026,55.849617,1086.27372,784088.403792,0.0
WestH6ToSaxonSt.133,1596.0,524_0,0.0,0.0,0.0,2073.0,771_1,56.88,14.63,477.0,2554.99,233.0,11,0.0,305.88,0,tripinfo_WestH6ToSaxonSt.133 emissions_WestH6ToSaxonSt.133,gasoline_euro4,1.09,51055.842178,1361898.374425,263.010134,27.994892,578.543504,434397.634223,0.0
V6ToEastH6.163,1956.0,468_1,0.0,0.0,0.0,2075.0,522_1,56.88,14.07,119.0,1512.23,1.0,1,0.0,19.11,0,tripinfo_V6ToEastH6.163 emissions_V6ToEastH6.163,electric,1.09,0.0,0.0,0.0,0.0,0.0,0.0,0.0
EastAveburyToWestA509.132,1322.0,483_1,0.0,0.0,0.0,2079.0,774_2,29.75,14.74,757.0,2240.45,481.0,14,0.0,611.65,0,tripinfo_EastAveburyToWestA509.132 emissions_EastAveburyToWestA509.132,gasoline_euro4,1.14,98172.932988,2077830.505549,494.993692,46.696732,914.194239,662763.009673,0.0
WestH6ToSaxonSt.135,1620.0,524_0,0.0,0.0,0.0,2080.0,771_1,56.88,13.01,460.0,2554.99,202.0,11,0.0,272.21,0,tripinfo_WestH6ToSaxonSt.135 emissions_WestH6ToSaxonSt.135,electric,0.99,0.0,0.0,0.0,0.0,0.0,0.0,0.0
EastSilburyToEastAvebury.54,1264.0,317_0,0.0,0.0,0.0,2081.0,213_0,19.13,14.31,817.0,680.87,701.0,17,0.0,769.12,0,tripinfo_EastSilburyToEastAvebury.54 emissions_EastSilburyToEastAvebury.54,gasoline_euro4,1.06,126072.915951,2223503.469094,626.210045,53.999007,1008.675926,709236.748398,0.0
WestH6ToSaxonSt.96,1152.0,524_0,0.0,0.0,0.0,2082.0,771_1,56.88,13.07,930.0,2555.04,598.0,17,0.0,740.48,0,tripinfo_WestH6ToSaxonSt.96 emissions_WestH6ToSaxonSt.96,gasoline_euro4,0.98,120983.178218,2456975.525622,607.532732,55.356401,1082.874883,783701.37435,0.0
EastSilburyToEastAvebury.34,944.0,317_0,0.0,0.0,0.0,2083.0,213_0,19.13,12.51,1139.0,680.89,976.0,19,0.0,1087.79,0,tripinfo_EastSilburyToEastAvebury.34 emissions_EastSilburyToEastAvebury.34,gasoline_euro4,0.99,175608.719609,2981646.025784,869.368912,72.945298,1355.726196,951067.04035,0.0
EastAveburyToWestA509.133,1330.0,483_1,0.0,0.0,0.0,2086.0,774_2,29.75,14.08,756.0,2240.45,465.0,12,0.0,592.88,0,tripinfo_EastAveburyToWestA509.133 emissions_EastAveburyToWestA509.133,electric,1.02,0.0,0.0,0.0,0.0,0.0,0.0,0.0
WestA509ToAvebury.61,1098.0,773_0,0.0,0.0,0.0,2090.0,213_0,19.13,12.8,992.0,2327.58,681.0,18,0.0,817.25,0,tripinfo_WestA509ToAvebury.61 emissions_WestA509ToAvebury.61,gasoline_euro4,0.97,132754.107648,2620534.075692,665.041457,59.668518,1159.991771,835873.250884,0.0
WestA509ToAvebury.60,1083.0,773_0,0.0,0.0,3.0,2092.0,213_0,19.13,13.6,1009.0,2327.58,689.0,18,0.0,842.15,0,tripinfo_WestA509ToAvebury.60 emissions_WestA509ToAvebury.60,gasoline_euro4,1.02,134029.565008,2634161.084048,671.173654,60.133677,1167.34697,840220.016275,0.0
EastAveburyToWestA509.141,1398.0,483_1,0.0,0.0,0.0,2094.0,774_2,29.75,14.97,696.0,2240.45,430.0,12,0.0,550.17,0,tripinfo_EastAveburyToWestA509.141 emissions_EastAveburyToWestA509.141,gasoline_euro4,1.14,88316.941435,1915039.06908,446.637645,43.176858,845.204797,610836.025274,0.0
EastAveburyToWestA509.135,1347.0,483_1,0.0,0.0,0.0,2095.0,774_1,29.75,12.08,748.0,2240.45,454.0,12,0.0,566.35,0,tripinfo_EastAveburyToWestA509.135 emissions_EastAveburyToWestA509.135,electric,0.92,0.0,0.0,0.0,0.0,0.0,0.0,0.0
EastAveburyToWestA509.154,1547.0,483_1,0.0,0.0,38.0,2095.0,774_0,29.75,11.97,548.0,2241.03,302.0,7,0.0,371.54,0,tripinfo_EastAveburyToWestA509.154 emissions_EastAveburyToWestA509.154,gasoline_euro4,0.94,61528.628633,1442224.983709,313.297528,30.472592,621.855503,460022.794393,0.0
V6ToEastH6.164,1968.0,468_1,0.0,0.0,0.0,2096.0,522_1,56.88,13.03,128.0,1512.23,0.0,0,0.0,11.99,0,tripinfo_V6ToEastH6.164 emissions_V6ToEastH6.164,electric,0.94,0.0,0.0,0.0,0.0,0.0,0.0,0.0
EastAveburyToWestA509.140,1390.0,483_1,0.0,0.0,0.0,2101.0,774_2,29.75,13.45,711.0,2240.45,438.0,11,0.0,544.21,0,tripinfo_EastAveburyToWestA509.140 emissions_EastAveburyToWestA509.140,gasoline_euro4,0.99,88727.185555,1896736.278287,447.828668,42.295451,833.800303,604999.387637,0.0
EastAveburyToWestA509.159,1626.0,483_1,0.0,0.0,75.0,2102.0,774_1,29.75,11.3,476.0,2237.39,221.0,5,0.0,288.6,0,tripinfo_EastAveburyToWestA509.159 emissions_EastAveburyToWestA509.159,electric,0.89,0.0,0.0,0.0,0.0,0.0,0.0,0.0
V6ToEastH6.165,1980.0,468_1,0.0,0.0,0.0,2102.0,522_1,56.88,12.54,122.0,1512.23,0.0,0,0.0,11.36,0,tripinfo_V6ToEastH6.165 emissions_V6ToEastH6.165,gasoline_euro4,0.99,4019.443276,360489.735067,26.227287,5.646715,140.329521,114979.624528,0.0
EastAveburyToWestA509.158,1560.0,483_1,0.0,0.0,17.0,2103.0,774_2,29.75,13.47,543.0,2237.39,287.0,8,0.0,377.68,0,tripinfo_EastAveburyToWestA509.158 emissions_EastAveburyToWestA509.158,gasoline_euro4,1.0,61944.567507,1475995.914233,316.095039,31.927819,642.349219,470793.007151,0.0
V6ToEastH6.166,1992.0,468_1,0.0,0.0,0.0,2110.0,522_1,56.88,14.78,118.0,1512.23,0.0,0,0.0,21.26,0,tripinfo_V6ToEastH6.166 emissions_V6ToEastH6.166,gasoline_euro4,1.13,5390.804022,411457.076576,33.56583,6.999707,162.796911,131235.744743,0.0
WestA509ToEastH6.32,1152.0,773_0,0.0,0.0,0.0,2122.0,522_0,56.88,12.63,970.0,2755.17,608.0,15,0.0,764.21,0,tripinfo_WestA509ToEastH6.32 emissions_WestA509ToEastH6.32,electric,0.97,0.0,0.0,0.0,0.0,0.0,0.0,0.0
SouthEvansGateToSilbury.98,1764.0,526_0,0.0,0.0,0.0,2127.0,215_1,19.43,11.68,363.0,1471.68,195.0,7,0.0,244.61,0,tripinfo_SouthEvansGateToSilbury.98 emissions_SouthEvansGateToSilbury.98,gasoline_euro4,0.9,40973.054058,971625.337668,209.042404,20.715031,421.382218,309916.241399,0.0
SouthEvansGateToSilbury.99,1782.0,526_0,0.0,0.0,0.0,2129.0,215_1,19.43,12.79,347.0,1471.71,180.0,6,0.0,237.39,0,tripinfo_SouthEvansGateToSilbury.99 emissions_SouthEvansGateToSilbury.99,electric,0.97,0.0,0.0,0.0,0.0,0.0,0.0,0.0
SouthEvansGateToSilbury.97,1746.0,526_0,0.0,0.0,0.0,2131.0,215_1,19.43,13.42,385.0,1471.73,208.0,6,0.0,275.6,0,tripinfo_SouthEvansGateToSilbury.97 emissions_SouthEvansGateToSilbury.97,gasoline_euro4,0.97,44905.160467,1077502.091633,229.530959,23.175654,468.892563,343686.81474,0.0
SouthEvansGateToSilbury.101,1818.0,526_0,0.0,0.0,0.0,2132.0,215_1,19.43,14.13,314.0,1471.7,152.0,5,0.0,215.11,0,tripinfo_SouthEvansGateToSilbury.101 emissions_SouthEvansGateToSilbury.101,electric,1.07,0.0,0.0,0.0,0.0,0.0,0.0,0.0
V6ToEastH6.167,2004.0,468_1,0.0,0.0,0.0,2137.0,522_1,56.88,13.2,133.0,1512.23,1.0,1,0.0,18.65,0,tripinfo_V6ToEastH6.167 emissions_V6ToEastH6.167,electric,0.95,0.0,0.0,0.0,0.0,0.0,0.0,0.0
V6ToEastH6.168,2016.0,468_1,0.0,0.0,0.0,2140.0,522_1,56.88,13.31,124.0,1512.23,0.0,0,0.0,12.32,0,tripinfo_V6ToEastH6.168 emissions_V6ToEastH6.168,gasoline_euro4,0.98,3543.228905,330755.987263,23.310707,4.90354,126.780876,105496.165162,0.0
V6ToEastH6.169,2028.0,468_1,0.0,0.0,0.0,2149.0,522_1,56.88,13.53,121.0,1512.23,0.0,0,0.0,17.41,0,tripinfo_V6ToEastH6.169 emissions_V6ToEastH6.169,electric,1.05,0.0,0.0,0.0,0.0,0.0,0.0,0.0
WestH6ToSaxonSt.98,1176.0,524_0,0.0,0.0,0.0,2157.0,771_1,56.88,17.01,981.0,2555.07,686.0,19,0.0,832.61,0,tripinfo_WestH6ToSaxonSt.98 emissions_WestH6ToSaxonSt.98,electric,1.25,0.0,0.0,0.0,0.0,0.0,0.0,0.0
V6ToEastH6.170,2040.0,468_1,0.0,0.0,0.0,2167.0,522_1,56.88,12.26,127.0,1512.23,0.0,0,0.0,13.68,0,tripinfo_V6ToEastH6.170 emissions_V6ToEastH6.170,gasoline_euro4,0.96,4124.648455,345339.065875,26.583585,5.490376,135.73229,110147.319386,0.0
V6ToEastH6.171,2052.0,468_1,0.0,0.0,0.0,2169.0,522_1,56.88,14.62,117.0,1512.23,0.0,0,0.0,13.66,0,tripinfo_V6ToEastH6.171 emissions_V6ToEastH6.171,electric,1.06,0.0,0.0,0.0,0.0,0.0,0.0,0.0
EastAveburyToWestA509.160,1629.0,483_1,0.0,0.0,69.0,2175.0,774_1,29.75,12.72,546.0,2237.44,285.0,7,0.0,375.66,0,tripinfo_EastAveburyToWestA509.160 emissions_EastAveburyToWestA509.160,gasoline_euro4,0.97,61364.42791,1474476.749143,313.679908,31.609543,640.443819,470308.441213,0.0
EastAveburyToWestA509.143,1415.0,483_1,0.0,0.0,0.0,2181.0,774_2,29.75,13.03,766.0,2240.5,483.0,17,0.0,601.84,0,tripinfo_EastAveburyToWestA509.143 emissions_EastAveburyToWestA509.143,gasoline_euro4,1.01,96468.667031,2015171.348597,485.668117,45.035225,885.800794,642777.760143,0.0
WestA509ToAvebury.57,1026.0,773_0,0.0,0.0,0.0,2183.0,213_0,19.13,14.74,1157.0,2916.22,789.0,21,0.0,959.38,0,tripinfo_WestA509ToAvebury.57 emissions_WestA509ToAvebury.57,electric,1.09,0.0,0.0,0.0,0.0,0.0,0.0,0.0
EastAveburyToWestA509.163,1639.0,483_1,0.0,0.0,54.0,2183.0,774_2,29.75,14.32,544.0,2237.39,307.0,6,0.0,383.94,0,tripinfo_EastAveburyToWestA509.163 emissions_EastAveburyToWestA509.163,electric,1.03,0.0,0.0,0.0,0.0,0.0,0.0,0.0
WestH6ToSaxonSt.76,912.0,524_0,0.0,0.0,0.0,2184.0,771_1,56.88,11.93,1272.0,2767.88,846.0,26,0.0,1035.66,0,tripinfo_WestH6ToSaxonSt.76 emissions_WestH6ToSaxonSt.76,gasoline_euro4,0.88,168413.794977,3273867.886974,843.273123,75.0007,1455.814188,1044268.469621,0.0
WestH6ToSaxonSt.85,1020.0,524_0,0.0,0.0,0.0,2185.0,771_0,56.88,9.04,1165.0,2767.85,725.0,20,0.0,865.5,0,tripinfo_WestH6ToSaxonSt.85 emissions_WestH6ToSaxonSt.85,gasoline_euro4,0.69,145248.944722,2858469.539115,727.998999,64.027811,1264.290189,911768.810489,0.0
V6ToEastH6.172,2064.0,468_1,0.0,0.0,0.0,2185.0,522_1,56.88,13.76,121.0,1512.23,0.0,0,0.0,18.23,0,tripinfo_V6ToEastH6.172 emissions_V6ToEastH6.172,gasoline_euro4,1.06,4577.786258,390365.09375,29.288504,6.303799,152.816527,124508.389693,0.0
EastAveburyToWestA509.162,1635.0,483_1,0.0,0.0,58.0,2186.0,774_1,29.75,13.58,551.0,2237.39,314.0,7,0.0,383.27,0,tripinfo_EastAveburyToWestA509.162 emissions_EastAveburyToWestA509.162,gasoline_euro4,0.98,63987.219746,1499951.652951,325.837791,32.258258,650.640181,478435.008709,0.0
EastAveburyToWestA509.147,1458.0,483_1,0.0,0.0,9.0,2196.0,774_1,29.75,11.4,738.0,2238.91,431.0,14,0.0,550.8,0,tripinfo_EastAveburyToWestA509.147 emissions_EastAveburyToWestA509.147,gasoline_euro4,0.87,89541.499201,1899191.2744,451.750691,41.518011,830.298246,605783.865328,0.0
WestA509ToEastH6.31,1116.0,773_0,0.0,0.0,0.0,2202.0,522_0,56.88,13.93,1086.0,2755.17,741.0,17,0.0,886.63,0,tripinfo_WestA509ToEastH6.31 emissions_WestA509ToEastH6.31,gasoline_euro4,1.0,143473.881604,2868062.619263,719.8761,65.429702,1270.417316,914826.280391,0.0
EastAveburyToWestA509.86,931.0,483_1,0.0,0.0,0.0,2205.0,774_0,29.75,10.15,1274.0,2328.55,953.0,13,0.0,1055.93,0,tripinfo_EastAveburyToWestA509.86 emissions_EastAveburyToWestA509.86,gasoline_euro4,0.8,175165.39918,3275504.351599,874.203083,75.911068,1462.369467,1044793.693642,0.0
V6ToEastH6.173,2076.0,468_1,0.0,0.0,0.0,2208.0,522_1,56.88,11.81,132.0,1512.23,0.0,0,0.0,15.4,0,tripinfo_V6ToEastH6.173 emissions_V6ToEastH6.173,gasoline_euro4,0.94,4251.792024,355862.821356,27.207729,5.348827,137.760308,113504.26495,0.0
V6ToEastH6.174,2088.0,468_1,0.0,0.0,0.0,2209.0,522_1,56.88,13.8,121.0,1512.23,0.0,0,0.0,14.68,0,tripinfo_V6ToEastH6.174 emissions_V6ToEastH6.174,electric,1.03,0.0,0.0,0.0,0.0,0.0,0.0,0.0
EastA509ToH6.95,1710.0,770_0,0.0,0.0,0.0,2215.0,522_0,56.88,12.58,505.0,1483.69,327.0,9,0.0,395.62,0,tripinfo_EastA509ToH6.95 emissions_EastA509ToH6.95,gasoline_euro4,0.98,64705.624831,1369305.762771,326.412249,30.728653,603.433287,436765.781333,0.0
V6ToEastH6.175,2100.0,468_1,0.0,0.0,0.0,2216.0,522_1,56.88,13.72,116.0,1512.23,0.0,0,0.0,14.92,0,tripinfo_V6ToEastH6.175 emissions_V6ToEastH6.175,electric,1.08,0.0,0.0,0.0,0.0,0.0,0.0,0.0
SouthEvansGateToSilbury.103,1854.0,526_0,0.0,0.0,0.0,2222.0,215_1,19.43,14.15,368.0,1471.7,229.0,6,0.0,272.45,0,tripinfo_SouthEvansGateToSilbury.103 emissions_SouthEvansGateToSilbury.103,gasoline_euro4,1.11,45961.826477,1086289.174672,234.228206,23.772742,472.639151,346489.672215,0.0
EastA509ToH6.97,1746.0,770_0,0.0,0.0,0.0,2224.0,522_0,56.88,12.05,478.0,1483.64,288.0,9,0.0,364.41,0,tripinfo_EastA509ToH6.97 emissions_EastA509ToH6.97,gasoline_euro4,0.94,59582.077351,1292560.881747,301.276924,28.587817,567.117698,412286.080818,0.0
EastA509ToH6.94,1692.0,770_0,0.0,0.0,0.0,2226.0,522_0,56.88,11.87,534.0,1483.8,334.0,9,0.0,419.81,0,tripinfo_EastA509ToH6.94 emissions_EastA509ToH6.94,gasoline_euro4,0.94,68622.619746,1445577.590683,346.144738,32.545091,638.623228,461094.149968,0.0
EastA509ToH6.96,1728.0,770_0,0.0,0.0,0.0,2226.0,522_1,56.88,14.54,498.0,1483.8,299.0,7,0.0,395.74,0,tripinfo_EastA509ToH6.96 emissions_EastA509ToH6.96,gasoline_euro4,1.05,63321.938564,1390312.086119,320.702546,31.107883,612.126293,443464.73449,0.0
SouthEvansGateToSilbury.100,1800.0,526_0,0.0,0.0,0.0,2227.0,215_1,19.43,11.23,427.0,1471.71,257.0,6,0.0,305.41,0,tripinfo_SouthEvansGateToSilbury.100 emissions_SouthEvansGateToSilbury.100,electric,0.88,0.0,0.0,0.0,0.0,0.0,0.0,0.0
WestA509ToEastH6.33,1188.0,773_0,0.0,0.0,0.0,2230.0,522_0,56.88,13.27,1042.0,2755.17,668.0,14,0.0,835.87,0,tripinfo_WestA509ToEastH6.33 emissions_WestA509ToEastH6.33,electric,0.97,0.0,0.0,0.0,0.0,0.0,0.0,0.0
EastA509ToH6.98,1764.0,770_0,0.0,0.0,0.0,2230.0,522_1,56.88,15.02,466.0,1483.8,277.0,7,0.0,367.16,0,tripinfo_EastA509ToH6.98 emissions_EastA509ToH6.98,electric,1.09,0.0,0.0,0.0,0.0,0.0,0.0,0.0
SouthEvansGateToSilbury.102,1836.0,526_0,0.0,0.0,0.0,2230.0,215_1,19.43,10.94,394.0,1471.73,211.0,6,0.0,259.8,0,tripinfo_SouthEvansGateToSilbury.102 emissions_SouthEvansGateToSilbury.102,gasoline_euro4,0.79,43997.401358,1012171.859524,223.855495,21.044463,435.9237,322850.672543,0.0
SouthEvansGateToSilbury.104,1872.0,526_0,0.0,0.0,0.0,2231.0,215_1,19.43,13.79,359.0,1471.71,187.0,6,0.0,263.78,0,tripinfo_SouthEvansGateToSilbury.104 emissions_SouthEvansGateToSilbury.104,electric,1.11,0.0,0.0,0.0,0.0,0.0,0.0,0.0
WestH6ToSaxonSt.100,1200.0,524_0,0.0,0.0,0.0,2248.0,771_1,56.88,11.4,1048.0,2555.05,704.0,22,0.0,840.11,0,tripinfo_WestH6ToSaxonSt.100 emissions_WestH6ToSaxonSt.100,gasoline_euro4,0.9,137426.967786,2692916.165115,688.561486,61.329824,1193.312794,858961.63875,0.0
V6ToEastH6.176,2112.0,468_1,0.0,0.0,0.0,2248.0,522_1,56.88,11.73,136.0,1512.23,0.0,0,0.0,15.07,0,tripinfo_V6ToEastH6.176 emissions_V6ToEastH6.176,gasoline_euro4,0.9,4382.321684,362749.401332,28.070082,5.338072,140.14712,115700.928352,0.0
WestH6ToSaxonSt.102,1224.0,524_0,0.0,0.0,0.0,2250.0,771_1,56.88,13.66,1026.0,2555.05,680.0,19,0.0,838.83,0,tripinfo_WestH6ToSaxonSt.102 emissions_WestH6ToSaxonSt.102,electric,1.0,0.0,0.0,0.0,0.0,0.0,0.0,0.0
V6ToEastH6.177,2124.0,468_1,0.0,0.0,0.0,2250.0,522_1,56.88,12.57,126.0,1512.23,0.0,0,0.0,15.86,0,tripinfo_V6ToEastH6.177 emissions_V6ToEastH6.177,gasoline_euro4,0.99,4041.59002,358038.961475,26.162502,5.455257,138.108402,114198.161937,0.0
V6ToEastH6.178,2136.0,468_1,0.0,0.0,0.0,2255.0,522_1,56.88,14.21,119.0,1512.23,0.0,0,0.0,12.65,0,tripinfo_V6ToEastH6.178 emissions_V6ToEastH6.178,gasoline_euro4,1.03,4031.523945,372289.177015,26.235981,5.71759,143.384139,118743.144933,0.0
EastSilburyToEastAvebury.35,960.0,317_0,0.0,0.0,0.0,2257.0,213_0,19.13,13.25,1297.0,680.89,1117.0,20,0.0,1245.86,0,tripinfo_EastSilburyToEastAvebury.35 emissions_EastSilburyToEastAvebury.35,electric,0.98,0.0,0.0,0.0,0.0,0.0,0.0,0.0
EastAveburyToWestA509.168,1719.0,483_1,0.0,0.0,91.0,2259.0,774_2,29.75,13.88,540.0,2237.39,287.0,8,0.0,381.49,0,tripinfo_EastAveburyToWestA509.168 emissions_EastAveburyToWestA509.168,electric,1.04,0.0,0.0,0.0,0.0,0.0,0.0,0.0
EastSilburyToEastAvebury.47,1152.0,317_0,0.0,0.0,0.0,2260.0,213_0,19.13,11.52,1108.0,642.19,991.0,15,0.0,1056.7,0,tripinfo_EastSilburyToEastAvebury.47 emissions_EastSilburyToEastAvebury.47,gasoline_euro4,0.92,173246.437338,2942255.311245,857.879342,72.091114,1338.866269,938502.284038,0.0
EastSilburyToEastAvebury.44,1104.0,317_0,0.0,0.0,0.0,2263.0,213_0,19.13,11.34,1159.0,669.68,1019.0,19,0.0,1103.76,0,tripinfo_EastSilburyToEastAvebury.44 emissions_EastSilburyToEastAvebury.44,electric,0.9,0.0,0.0,0.0,0.0,0.0,0.0,0.0
WestA509ToAvebury.69,1242.0,773_0,0.0,0.0,0.0,2264.0,213_0,19.13,13.77,1022.0,2327.58,680.0,22,0.0,861.37,0,tripinfo_WestA509ToAvebury.69 emissions_WestA509ToAvebury.69,electric,1.05,0.0,0.0,0.0,0.0,0.0,0.0,0.0
EastAveburyToWestA509.167,1716.0,483_1,0.0,0.0,97.0,2264.0,774_1,29.75,13.42,548.0,2237.44,291.0,9,0.0,380.22,0,tripinfo_EastAveburyToWestA509.167 emissions_EastAveburyToWestA509.167,gasoline_euro4,0.99,62559.684505,1489703.62412,319.334015,31.971933,646.54431,475165.645956,0.0
EastAveburyToWestA509.145,1452.0,483_1,0.0,0.0,20.0,2265.0,774_2,29.75,13.09,813.0,2243.61,506.0,12,0.0,648.87,0,tripinfo_EastAveburyToWestA509.145 emissions_EastAveburyToWestA509.145,gasoline_euro4,1.01,103132.714578,2119727.057698,518.768664,47.630387,934.788258,676128.547832,0.0
EastAveburyToWestA509.150,1475.0,483_1,0.0,0.0,0.0,2267.0,774_2,29.75,13.4,792.0,2237.61,501.0,13,0.0,637.15,0,tripinfo_EastAveburyToWestA509.150 emissions_EastAveburyToWestA509.150,gasoline_euro4,1.06,100603.94194,2072646.182262,505.989703,46.873883,914.984143,661110.706037,0.0
EastAveburyToWestA509.151,1537.0,483_1,0.0,0.0,54.0,2269.0,774_2,29.75,13.88,732.0,2240.77,438.0,12,0.0,568.39,0,tripinfo_EastAveburyToWestA509.151 emissions_EastAveburyToWestA509.151,gasoline_euro4,1.0,90826.935421,1921130.562466,457.897694,42.492434,841.178487,612781.478364,0.0
WestA509ToAvebury.68,1227.0,773_0,0.0,0.0,3.0,2270.0,213_0,19.13,15.1,1043.0,2327.58,689.0,24,0.0,889.9,0,tripinfo_WestA509ToAvebury.68 emissions_WestA509ToAvebury.68,electric,1.11,0.0,0.0,0.0,0.0,0.0,0.0,0.0
EastAveburyToWestA509.153,1544.0,483_1,0.0,0.0,44.0,2271.0,774_2,29.75,13.06,727.0,2240.45,448.0,12,0.0,565.06,0,tripinfo_EastAveburyToWestA509.153 emissions_EastAveburyToWestA509.153,gasoline_euro4,1.02,91050.120968,1935008.172607,459.409416,43.158983,850.474573,617207.262264,0.0
EastAveburyToWestA509.171,1728.0,483_1,0.0,0.0,75.0,2275.0,774_1,29.75,12.2,547.0,2237.39,286.0,7,0.0,376.04,0,tripinfo_EastAveburyToWestA509.171 emissions_EastAveburyToWestA509.171,electric,0.97,0.0,0.0,0.0,0.0,0.0,0.0,0.0
V6ToEastH6.179,2148.0,468_1,0.0,0.0,0.0,2276.0,522_1,56.88,12.92,128.0,1512.23,1.0,1,0.0,18.96,0,tripinfo_V6ToEastH6.179 emissions_V6ToEastH6.179,gasoline_euro4,1.0,4671.430586,378781.172476,29.462309,5.826592,146.865625,120814.12459,0.0
EastAveburyToWestA509.127,1279.0,483_1,0.0,0.0,0.0,2279.0,774_1,29.75,12.9,1000.0,2237.61,701.0,14,0.0,829.32,0,tripinfo_EastAveburyToWestA509.127 emissions_EastAveburyToWestA509.127,gasoline_euro4,0.96,134045.272025,2599648.024549,670.911224,59.849534,1155.922266,829211.952409,0.0
V6ToEastH6.180,2160.0,468_1,0.0,0.0,0.0,2286.0,522_1,56.88,12.94,126.0,1512.23,0.0,0,0.0,12.18,0,tripinfo_V6ToEastH6.180 emissions_V6ToEastH6.180,gasoline_euro4,0.96,3709.60047,357384.957105,24.568557,5.063175,135.488056,113989.78907,0.0
V6ToEastH6.181,2172.0,468_1,0.0,0.0,0.0,2300.0,522_1,56.88,13.01,128.0,1512.23,0.0,0,0.0,12.98,0,tripinfo_V6ToEastH6.181 emissions_V6ToEastH6.181,gasoline_euro4,0.95,3846.214584,364299.882563,25.263675,5.150843,137.947594,116195.398659,0.0
SouthEvansGateToSilbury.106,1908.0,526_0,0.0,0.0,0.0,2301.0,215_1,19.43,16.74,393.0,1471.7,237.0,6,0.0,307.84,0,tripinfo_SouthEvansGateToSilbury.106 emissions_SouthEvansGateToSilbury.106,electric,1.26,0.0,0.0,0.0,0.0,0.0,0.0,0.0
V6ToEastH6.182,2184.0,468_1,0.0,0.0,0.0,2311.0,522_1,56.88,13.29,127.0,1512.23,0.0,0,0.0,18.58,0,tripinfo_V6ToEastH6.182 emissions_V6ToEastH6.182,gasoline_euro4,1.01,4837.011111,385252.27566,30.692556,6.296454,152.288056,122877.751158,0.0
SouthEvansGateToSilbury.105,1890.0,526_0,0.0,0.0,0.0,2316.0,215_1,19.43,13.39,426.0,1471.73,270.0,7,0.0,315.7,0,tripinfo_SouthEvansGateToSilbury.105 emissions_SouthEvansGateToSilbury.105,electric,0.97,0.0,0.0,0.0,0.0,0.0,0.0,0.0
SouthEvansGateToSilbury.107,1926.0,526_0,0.0,0.0,0.0,2318.0,215_1,19.43,11.75,392.0,1471.71,227.0,7,0.0,277.47,0,tripinfo_SouthEvansGateToSilbury.107 emissions_SouthEvansGateToSilbury.107,electric,0.93,0.0,0.0,0.0,0.0,0.0,0.0,0.0
WestH6ToSaxonSt.136,1632.0,524_0,0.0,0.0,0.0,2335.0,771_1,56.88,13.19,703.0,2555.0,433.0,16,0.0,516.79,0,tripinfo_WestH6ToSaxonSt.136 emissions_WestH6ToSaxonSt.136,gasoline_euro4,1.0,85378.339796,1878004.128038,431.899476,41.16075,819.195358,599023.740165,0.0
V6ToEastH6.185,2220.0,468_1,0.0,0.0,0.0,2338.0,522_0,56.88,14.94,118.0,1512.23,0.0,0,0.0,20.63,0,tripinfo_V6ToEastH6.185 emissions_V6ToEastH6.185,gasoline_euro4,1.13,4469.104479,384985.276468,28.586786,6.191633,150.186013,122792.461282,0.0
V6ToEastH6.183,2196.0,468_1,0.0,0.0,0.0,2339.0,522_0,56.88,11.76,143.0,1512.23,0.0,0,0.0,14.72,0,tripinfo_V6ToEastH6.183 emissions_V6ToEastH6.183,electric,0.85,0.0,0.0,0.0,0.0,0.0,0.0,0.0
WestH6ToSaxonSt.130,1560.0,524_0,0.0,0.0,0.0,2340.0,771_1,56.88,11.83,780.0,2555.03,490.0,16,0.0,579.55,0,tripinfo_WestH6ToSaxonSt.130 emissions_WestH6ToSaxonSt.130,gasoline_euro4,0.93,95381.234321,2045663.689525,481.557224,44.833252,893.996651,652503.311879,0.0
V6ToEastH6.184,2208.0,468_1,0.0,0.0,0.0,2342.0,522_1,56.88,11.84,134.0,1512.23,0.0,0,0.0,15.45,0,tripinfo_V6ToEastH6.184 emissions_V6ToEastH6.184,gasoline_euro4,0.92,4167.286424,355655.933946,26.907069,5.199934,136.965222,113438.387162,0.0
WestH6ToSaxonSt.148,1776.0,524_0,0.0,0.0,0.0,2344.0,771_1,56.88,11.42,568.0,2554.99,297.0,10,0.0,363.56,0,tripinfo_WestH6ToSaxonSt.148 emissions_WestH6ToSaxonSt.148,electric,0.91,0.0,0.0,0.0,0.0,0.0,0.0,0.0
WestH6ToSaxonSt.99,1188.0,524_0,0.0,0.0,0.0,2346.0,771_1,56.88,12.63,1158.0,2555.04,803.0,22,0.0,956.74,0,tripinfo_WestH6ToSaxonSt.99 emissions_WestH6ToSaxonSt.99,gasoline_euro4,0.93,155168.611636,2993877.965926,776.081113,68.576136,1328.549615,954960.755277,0.0
WestA509ToAvebury.67,1206.0,773_0,0.0,0.0,0.0,2349.0,213_0,19.13,13.58,1143.0,2327.58,807.0,23,0.0,982.62,0,tripinfo_WestA509ToAvebury.67 emissions_WestA509ToAvebury.67,gasoline_euro4,1.06,156977.782456,3040243.697539,785.346371,70.603475,1355.216387,969748.503545,0.0
WestA509ToAvebury.39,702.0,773_0,0.0,0.0,0.0,2353.0,213_0,19.13,11.78,1651.0,2323.29,1328.0,24,0.0,1460.56,0,tripinfo_WestA509ToAvebury.39 emissions_WestA509ToAvebury.39,gasoline_euro4,0.89,239252.432085,4279214.70319,1189.124041,101.226245,1920.893027,1364953.50779,0.0
WestA509ToAvebury.71,1278.0,773_0,0.0,0.0,0.0,2355.0,213_0,19.13,13.88,1077.0,2327.58,748.0,22,0.0,914.23,0,tripinfo_WestA509ToAvebury.71 emissions_WestA509ToAvebury.71,gasoline_euro4,1.04,145027.278063,2835746.011481,726.235368,65.223134,1260.739947,904519.561115,0.0
EastSilburyToEastAvebury.10,560.0,317_1,0.0,0.0,0.0,2358.0,213_0,19.13,11.04,1798.0,3024.61,1381.0,25,0.0,1535.21,0,tripinfo_EastSilburyToEastAvebury.10 emissions_EastSilburyToEastAvebury.10,electric,0.84,0.0,0.0,0.0,0.0,0.0,0.0,0.0
V6ToEastH6.186,2232.0,468_1,0.0,0.0,0.0,2358.0,522_1,56.88,13.22,126.0,1512.23,0.0,0,0.0,12.37,0,tripinfo_V6ToEastH6.186 emissions_V6ToEastH6.186,electric,0.96,0.0,0.0,0.0,0.0,0.0,0.0,0.0
EastAveburyToWestA509.148,1461.0,483_1,0.0,0.0,3.0,2359.0,774_0,29.75,12.14,898.0,2241.02,634.0,10,0.0,724.34,0,tripinfo_EastAveburyToWestA509.148 emissions_EastAveburyToWestA509.148,gasoline_euro4,0.95,119168.93931,2363854.649868,597.462793,53.752712,1045.989461,753999.800051,0.0
EastSilburyToEastAvebury.52,1232.0,317_0,0.0,0.0,0.0,2360.0,213_0,19.13,13.54,1128.0,680.87,972.0,16,0.0,1078.49,0,tripinfo_EastSilburyToEastAvebury.52 emissions_EastSilburyToEastAvebury.52,electric,1.02,0.0,0.0,0.0,0.0,0.0,0.0,0.0
EastAveburyToWestA509.174,1801.0,483_1,0.0,0.0,122.0,2361.0,774_2,29.75,13.05,560.0,2237.44,289.0,10,0.0,392.98,0,tripinfo_EastAveburyToWestA509.174 emissions_EastAveburyToWestA509.174,gasoline_euro4,0.99,62250.955815,1474144.667126,317.647484,31.416349,639.293249,470203.284309,0.0
EastSilburyToEastAvebury.12,592.0,317_1,0.0,0.0,0.0,2362.0,213_0,19.13,13.23,1770.0,3008.36,1345.0,19,0.0,1464.37,0,tripinfo_EastSilburyToEastAvebury.12 emissions_EastSilburyToEastAvebury.12,electric,0.97,0.0,0.0,0.0,0.0,0.0,0.0,0.0
EastAveburyToWestA509.172,1731.0,483_1,0.0,0.0,69.0,2362.0,774_2,29.75,14.16,631.0,2237.39,346.0,8,0.0,470.82,0,tripinfo_EastAveburyToWestA509.172 emissions_EastAveburyToWestA509.172,gasoline_euro4,1.03,73203.406006,1662638.659937,372.076297,36.199025,727.099487,530327.583547,0.0
EastAveburyToWestA509.155,1550.0,483_1,0.0,0.0,33.0,2364.0,774_2,29.75,13.75,814.0,2237.61,510.0,14,0.0,655.16,0,tripinfo_EastAveburyToWestA509.155 emissions_EastAveburyToWestA509.155,gasoline_euro4,1.03,104191.119926,2138981.497964,524.232686,48.585835,947.129814,682269.584375,0.0
EastAveburyToWestA509.173,1734.0,483_1,0.0,0.0,64.0,2364.0,774_0,29.75,10.7,630.0,2237.39,355.0,8,0.0,419.31,0,tripinfo_EastAveburyToWestA509.173 emissions_EastAveburyToWestA509.173,electric,0.79,0.0,0.0,0.0,0.0,0.0,0.0,0.0
EastAveburyToWestA509.156,1553.0,483_1,0.0,0.0,27.0,2365.0,774_1,29.75,13.29,812.0,2244.14,512.0,13,0.0,646.47,0,tripinfo_EastAveburyToWestA509.156 emissions_EastAveburyToWestA509.156,gasoline_euro4,1.0,102742.828351,2118045.029304,516.910975,47.536862,933.509746,675591.899436,0.0
V6ToEastH6.187,2244.0,468_1,0.0,0.0,0.0,2365.0,522_1,56.88,14.64,121.0,1512.23,0.0,0,0.0,17.75,0,tripinfo_V6ToEastH6.187 emissions_V6ToEastH6.187,gasoline_euro4,1.06,4645.277217,379813.522321,29.489694,6.251145,149.593442,121142.914466,0.0
EastAveburyToWestA509.176,1807.0,483_1,0.0,0.0,111.0,2366.0,774_2,29.75,14.5,559.0,2237.4,306.0,6,0.0,410.69,0,tripinfo_EastAveburyToWestA509.176 emissions_EastAveburyToWestA509.176,electric,1.12,0.0,0.0,0.0,0.0,0.0,0.0,0.0
EastAveburyToWestA509.118,1203.0,483_1,0.0,0.0,0.0,2369.0,774_0,29.75,11.92,1166.0,2328.54,856.0,13,0.0,983.26,0,tripinfo_EastAveburyToWestA509.118 emissions_EastAveburyToWestA509.118,gasoline_euro4,0.95,160632.20136,3089218.512198,803.64043,71.811952,1379.087936,985370.684778,0.0
EastAveburyToWestA509.144,1449.0,483_1,0.0,0.0,25.0,2376.0,774_0,29.75,10.27,927.0,2240.44,591.0,16,0.0,724.8,0,tripinfo_EastAveburyToWestA509.144 emissions_EastAveburyToWestA509.144,gasoline_euro4,0.82,118696.028402,2346403.51312,595.242771,52.858207,1037.459762,748434.12923,0.0
WestA509ToEastH6.35,1260.0,773_0,0.0,0.0,0.0,2378.0,522_0,56.88,13.92,1118.0,2755.17,734.0,19,0.0,924.65,0,tripinfo_WestA509ToEastH6.35 emissions_WestA509ToEastH6.35,electric,1.03,0.0,0.0,0.0,0.0,0.0,0.0,0.0
V6ToEastH6.189,2268.0,468_1,0.0,0.0,0.0,2385.0,522_1,56.88,14.09,117.0,1512.23,0.0,0,0.0,13.4,0,tripinfo_V6ToEastH6.189 emissions_V6ToEastH6.189,electric,1.05,0.0,0.0,0.0,0.0,0.0,0.0,0.0
SouthEvansGateToSilbury.109,1962.0,526_0,0.0,0.0,0.0,2390.0,215_1,19.43,14.22,428.0,1471.71,264.0,8,0.0,331.46,0,tripinfo_SouthEvansGateToSilbury.109 emissions_SouthEvansGateToSilbury.109,electric,1.1,0.0,0.0,0.0,0.0,0.0,0.0,0.0
SouthEvansGateToSilbury.108,1944.0,526_0,0.0,0.0,0.0,2392.0,215_1,19.43,14.27,448.0,1471.73,274.0,10,0.0,345.28,0,tripinfo_SouthEvansGateToSilbury.108 emissions_SouthEvansGateToSilbury.108,electric,1.03,0.0,0.0,0.0,0.0,0.0,0.0,0.0
V6ToEastH6.188,2256.0,468_1,0.0,0.0,0.0,2392.0,522_1,56.88,11.23,136.0,1512.23,0.0,0,0.0,13.33,0,tripinfo_V6ToEastH6.188 emissions_V6ToEastH6.188,electric,0.89,0.0,0.0,0.0,0.0,0.0,0.0,0.0
SouthEvansGateToSilbury.110,1980.0,526_0,0.0,0.0,0.0,2394.0,215_1,19.43,14.71,414.0,1471.71,267.0,6,0.0,318.41,0,tripinfo_SouthEvansGateToSilbury.110 emissions_SouthEvansGateToSilbury.110,electric,1.11,0.0,0.0,0.0,0.0,0.0,0.0,0.0
WestA509ToEastH6.36,1296.0,773_0,0.0,0.0,0.0,2396.0,522_0,56.88,11.23,1100.0,2755.12,701.0,16,0.0,871.58,0,tripinfo_WestA509ToEastH6.36 emissions_WestA509ToEastH6.36,electric,0.87,0.0,0.0,0.0,0.0,0.0,0.0,0.0
SouthEvansGateToSilbury.111,1998.0,526_0,0.0,0.0,0.0,2398.0,215_1,19.43,11.2,400.0,1471.7,230.0,6,0.0,276.81,0,tripinfo_SouthEvansGateToSilbury.111 emissions_SouthEvansGateToSilbury.111,gasoline_euro4,0.87,46593.557051,1057978.278906,236.812607,22.586338,458.920546,337461.218794,0.0
V6ToEastH6.190,2280.0,468_1,0.0,0.0,0.0,2398.0,522_1,56.88,14.73,118.0,1512.23,0.0,0,0.0,19.17,0,tripinfo_V6ToEastH6.190 emissions_V6ToEastH6.190,gasoline_euro4,1.1,5061.600491,404325.823792,32.080151,6.826971,160.093229,128961.122671,0.0
SouthEvansGateToSilbury.113,2034.0,526_0,0.0,0.0,0.0,2399.0,215_1,19.43,13.41,365.0,1471.71,196.0,5,0.0,261.98,0,tripinfo_SouthEvansGateToSilbury.113 emissions_SouthEvansGateToSilbury.113,electric,1.03,0.0,0.0,0.0,0.0,0.0,0.0,0.0
SouthEvansGateToSilbury.112,2016.0,526_0,0.0,0.0,0.0,2401.0,215_1,19.43,13.58,385.0,1471.73,213.0,9,0.0,298.11,0,tripinfo_SouthEvansGateToSilbury.112 emissions_SouthEvansGateToSilbury.112,electric,1.22,0.0,0.0,0.0,0.0,0.0,0.0,0.0
SouthEvansGateToSilbury.115,2070.0,526_0,0.0,0.0,0.0,2403.0,215_1,19.43,12.2,333.0,1471.7,180.0,5,0.0,212.23,0,tripinfo_SouthEvansGateToSilbury.115 emissions_SouthEvansGateToSilbury.115,gasoline_euro4,0.88,36777.102802,900475.060462,188.239052,18.703862,386.65028,287221.522369,0.0
SouthEvansGateToSilbury.114,2052.0,526_0,0.0,0.0,0.0,2407.0,215_1,19.43,10.48,355.0,1471.71,187.0,5,0.0,221.66,0,tripinfo_SouthEvansGateToSilbury.114 emissions_SouthEvansGateToSilbury.114,electric,0.8,0.0,0.0,0.0,0.0,0.0,0.0,0.0
SouthEvansGateToSilbury.118,2124.0,526_0,0.0,0.0,0.0,2408.0,215_1,19.43,12.74,284.0,1471.71,111.0,5,0.0,179.23,0,tripinfo_SouthEvansGateToSilbury.118 emissions_SouthEvansGateToSilbury.118,electric,1.01,0.0,0.0,0.0,0.0,0.0,0.0,0.0
V6ToEastH6.191,2292.0,468_1,0.0,0.0,0.0,2422.0,522_1,56.88,12.69,130.0,1512.23,0.0,0,0.0,17.9,0,tripinfo_V6ToEastH6.191 emissions_V6ToEastH6.191,electric,0.97,0.0,0.0,0.0,0.0,0.0,0.0,0.0
WestA509ToAvebury.74,1335.0,773_0,0.0,0.0,3.0,2433.0,213_0,19.13,15.06,1098.0,2328.43,753.0,22,0.0,947.1,0,tripinfo_WestA509ToAvebury.74 emissions_WestA509ToAvebury.74,gasoline_euro4,1.13,148122.403971,2916671.156348,742.468178,67.432792,1300.388981,930331.165552,0.0
EastSilburyToEastAvebury.33,928.0,317_0,0.0,0.0,0.0,2434.0,213_0,19.13,14.56,1506.0,1576.69,1257.0,21,0.0,1402.27,0,tripinfo_EastSilburyToEastAvebury.33 emissions_EastSilburyToEastAvebury.33,electric,1.11,0.0,0.0,0.0,0.0,0.0,0.0,0.0
V6ToEastH6.192,2304.0,468_1,0.0,0.0,0.0,2436.0,522_1,56.88,11.88,132.0,1512.23,0.0,0,0.0,14.64,0,tripinfo_V6ToEastH6.192 emissions_V6ToEastH6.192,electric,0.93,0.0,0.0,0.0,0.0,0.0,0.0,0.0
V6ToEastH6.193,2316.0,468_1,0.0,0.0,0.0,2438.0,522_1,56.88,13.92,122.0,1512.23,0.0,0,0.0,16.9,0,tripinfo_V6ToEastH6.193 emissions_V6ToEastH6.193,gasoline_euro4,1.04,4511.439573,384771.688204,29.062623,6.161596,150.250063,122724.4449,0.0
WestA509ToAvebury.73,1314.0,773_0,0.0,0.0,0.0,2441.0,213_0,19.13,13.73,1127.0,2327.58,789.0,20,0.0,966.95,0,tripinfo_WestA509ToAvebury.73 emissions_WestA509ToAvebury.73,gasoline_euro4,1.06,153380.247062,2977575.873407,767.773782,69.066484,1328.454985,949759.11225,0.0
EastAveburyToWestA509.178,1813.0,483_1,0.0,0.0,100.0,2441.0,774_1,29.75,12.96,628.0,2237.4,357.0,7,0.0,454.0,0,tripinfo_EastAveburyToWestA509.178 emissions_EastAveburyToWestA509.178,gasoline_euro4,0.95,73147.913146,1653101.211721,371.343888,35.745496,720.159648,527286.029662,0.0
WestA509ToAvebury.44,795.0,773_0,0.0,0.0,3.0,2443.0,213_0,19.13,14.15,1648.0,2311.23,1346.0,23,0.0,1495.71,0,tripinfo_WestA509ToAvebury.44 emissions_WestA509ToAvebury.44,gasoline_euro4,1.1,241998.466529,4378654.960827,1204.402659,104.57205,1972.039642,1396669.292253,0.0
EastAveburyToWestA509.161,1632.0,483_1,0.0,0.0,64.0,2444.0,774_1,29.75,14.45,812.0,2244.09,527.0,13,0.0,658.48,0,tripinfo_EastAveburyToWestA509.161 emissions_EastAveburyToWestA509.161,electric,1.08,0.0,0.0,0.0,0.0,0.0,0.0,0.0
EastAveburyToWestA509.164,1642.0,483_1,0.0,0.0,48.0,2449.0,774_2,29.75,13.8,807.0,2237.61,518.0,14,0.0,651.35,0,tripinfo_EastAveburyToWestA509.164 emissions_EastAveburyToWestA509.164,gasoline_euro4,1.05,103969.268249,2157780.968989,523.585223,48.905337,954.53289,688265.435814,0.0
EastAveburyToWestA509.182,1889.0,483_1,0.0,0.0,142.0,2451.0,774_2,29.75,14.04,562.0,2237.44,300.0,10,0.0,403.98,0,tripinfo_EastAveburyToWestA509.182 emissions_EastAveburyToWestA509.182,gasoline_euro4,1.05,64465.823233,1516551.163609,328.608408,32.751116,659.325832,483729.373559,0.0
EastAveburyToWestA509.169,1722.0,483_1,0.0,0.0,86.0,2453.0,774_2,29.75,12.82,731.0,2240.45,434.0,10,0.0,566.2,0,tripinfo_EastAveburyToWestA509.169 emissions_EastAveburyToWestA509.169,gasoline_euro4,1.0,90159.829211,1924386.419892,455.057587,42.598041,844.338486,613819.337856,0.0
EastAveburyToWestA509.166,1713.0,483_1,0.0,0.0,102.0,2456.0,774_1,29.75,11.97,743.0,2244.08,432.0,11,0.0,553.67,0,tripinfo_EastAveburyToWestA509.166 emissions_EastAveburyToWestA509.166,gasoline_euro4,0.88,90277.769012,1930420.964511,456.058642,42.757296,848.513603,615744.007855,0.0
EastAveburyToWestA509.157,1556.0,483_1,0.0,0.0,22.0,2458.0,774_0,29.75,9.24,902.0,2240.45,552.0,17,0.0,679.63,0,tripinfo_EastAveburyToWestA509.157 emissions_EastAveburyToWestA509.157,gasoline_euro4,0.75,112720.976357,2238858.145065,565.445613,49.915145,987.785259,714130.437072,0.0
EastAveburyToWestA509.165,1645.0,483_1,0.0,0.0,43.0,2458.0,774_2,29.75,12.5,813.0,2243.6,490.0,13,0.0,632.15,0,tripinfo_EastAveburyToWestA509.165 emissions_EastAveburyToWestA509.165,gasoline_euro4,0.92,102128.717465,2125049.342383,514.590611,47.714279,938.371117,677825.373941,0.0
EastAveburyToWestA509.177,1810.0,483_1,0.0,0.0,106.0,2458.0,774_1,29.75,15.42,648.0,2240.93,356.0,8,0.0,500.81,0,tripinfo_EastAveburyToWestA509.177 emissions_EastAveburyToWestA509.177,gasoline_euro4,1.13,76757.575247,1709153.419205,389.093647,37.272577,746.176516,545165.228896,0.0
EastAveburyToWestA509.184,1895.0,483_1,0.0,0.0,131.0,2459.0,774_0,29.75,11.12,564.0,2241.03,306.0,6,0.0,427.88,0,tripinfo_EastAveburyToWestA509.184 emissions_EastAveburyToWestA509.184,gasoline_euro4,1.21,65374.506501,1551526.24811,333.930661,34.210783,680.254587,494884.058916,0.0
EastAveburyToWestA509.188,1907.0,483_1,0.0,0.0,109.0,2460.0,774_2,29.75,14.45,553.0,2237.39,307.0,9,0.0,395.68,0,tripinfo_EastAveburyToWestA509.188 emissions_EastAveburyToWestA509.188,gasoline_euro4,1.05,64100.398665,1508315.790163,326.555902,32.327252,653.124945,481102.869974,0.0
V6ToEastH6.194,2328.0,468_1,0.0,0.0,0.0,2462.0,522_1,56.88,12.44,134.0,1512.23,0.0,0,0.0,13.35,0,tripinfo_V6ToEastH6.194 emissions_V6ToEastH6.194,gasoline_euro4,0.91,3920.437512,352938.017108,25.617541,4.919373,134.030506,112571.665872,0.0
V6ToEastH6.195,2340.0,468_1,0.0,0.0,0.0,2463.0,522_1,56.88,12.83,123.0,1512.23,0.0,0,0.0,13.85,0,tripinfo_V6ToEastH6.195 emissions_V6ToEastH6.195,gasoline_euro4,1.0,4085.414827,365915.511066,26.635766,5.66713,142.022733,116710.269235,0.0
EastAveburyToWestA509.189,1977.0,483_1,0.0,0.0,171.0,2465.0,774_2,29.75,11.49,488.0,2237.39,227.0,6,0.0,304.89,0,tripinfo_EastAveburyToWestA509.189 emissions_EastAveburyToWestA509.189,gasoline_euro4,0.9,50321.044985,1255311.611666,258.226108,25.920948,538.579254,400402.086691,0.0
EastAveburyToWestA509.175,1804.0,483_1,0.0,0.0,117.0,2467.0,774_0,29.75,9.44,663.0,2240.45,332.0,10,0.0,443.2,0,tripinfo_EastAveburyToWestA509.175 emissions_EastAveburyToWestA509.175,electric,0.75,0.0,0.0,0.0,0.0,0.0,0.0,0.0
V6ToEastH6.196,2352.0,468_1,0.0,0.0,0.0,2472.0,522_1,56.88,14.95,120.0,1512.23,1.0,1,0.0,20.17,0,tripinfo_V6ToEastH6.196 emissions_V6ToEastH6.196,gasoline_euro4,1.09,5202.162776,404522.632707,32.736109,6.868922,160.49767,129023.916722,0.0
EastAveburyToWestA509.170,1725.0,483_1,0.0,0.0,80.0,2475.0,774_0,29.75,9.67,750.0,2240.44,404.0,8,0.0,531.23,0,tripinfo_EastAveburyToWestA509.170 emissions_EastAveburyToWestA509.170,electric,0.76,0.0,0.0,0.0,0.0,0.0,0.0,0.0
WestA509ToEastH6.37,1332.0,773_0,0.0,0.0,0.0,2482.0,522_0,56.88,11.66,1150.0,2755.12,742.0,19,0.0,925.32,0,tripinfo_WestA509ToEastH6.37 emissions_WestA509ToEastH6.37,electric,0.89,0.0,0.0,0.0,0.0,0.0,0.0,0.0
SouthEvansGateToSilbury.116,2088.0,526_0,0.0,0.0,0.0,2483.0,215_1,19.43,8.16,395.0,1471.73,196.0,6,0.0,238.64,0,tripinfo_SouthEvansGateToSilbury.116 emissions_SouthEvansGateToSilbury.116,electric,0.68,0.0,0.0,0.0,0.0,0.0,0.0,0.0
SouthEvansGateToSilbury.117,2106.0,526_0,0.0,0.0,0.0,2487.0,215_1,19.43,11.2,381.0,1471.73,184.0,8,0.0,258.78,0,tripinfo_SouthEvansGateToSilbury.117 emissions_SouthEvansGateToSilbury.117,gasoline_euro4,0.87,41371.821654,967020.398899,210.85114,20.374768,418.844574,308448.00918,0.0
SouthEvansGateToSilbury.119,2142.0,526_0,0.0,0.0,0.0,2489.0,215_1,19.43,14.69,347.0,1471.73,188.0,4,0.0,250.85,0,tripinfo_SouthEvansGateToSilbury.119 emissions_SouthEvansGateToSilbury.119,gasoline_euro4,1.11,39572.288389,963273.345215,202.308528,20.638371,417.168507,307251.45386,0.0
SouthEvansGateToSilbury.121,2178.0,526_0,0.0,0.0,0.0,2490.0,215_1,19.43,13.71,312.0,1471.71,164.0,6,0.0,211.56,0,tripinfo_SouthEvansGateToSilbury.121 emissions_SouthEvansGateToSilbury.121,electric,1.06,0.0,0.0,0.0,0.0,0.0,0.0,0.0
SouthEvansGateToSilbury.120,2160.0,526_0,0.0,0.0,0.0,2492.0,215_1,19.43,13.73,332.0,1471.7,181.0,5,0.0,228.07,0,tripinfo_SouthEvansGateToSilbury.120 emissions_SouthEvansGateToSilbury.120,electric,1.02,0.0,0.0,0.0,0.0,0.0,0.0,0.0
SouthEvansGateToSilbury.123,2214.0,526_0,0.0,0.0,0.0,2494.0,215_1,19.43,12.31,280.0,1471.71,127.0,5,0.0,164.81,0,tripinfo_SouthEvansGateToSilbury.123 emissions_SouthEvansGateToSilbury.123,gasoline_euro4,0.92,28141.487388,759710.848578,145.622178,15.289366,322.524707,242321.186873,0.0
V6ToEastH6.197,2364.0,468_1,0.0,0.0,0.0,2499.0,522_1,56.88,11.96,135.0,1512.23,0.0,0,0.0,12.13,0,tripinfo_V6ToEastH6.197 emissions_V6ToEastH6.197,electric,0.89,0.0,0.0,0.0,0.0,0.0,0.0,0.0
V6ToEastH6.198,2376.0,468_1,0.0,0.0,0.0,2500.0,522_1,56.88,14.01,124.0,1512.23,0.0,0,0.0,16.13,0,tripinfo_V6ToEastH6.198 emissions_V6ToEastH6.198,electric,1.01,0.0,0.0,0.0,0.0,0.0,0.0,0.0
WestH6ToSaxonSt.150,1800.0,524_0,0.0,0.0,0.0,2514.0,771_1,56.88,12.03,714.0,2555.01,454.0,10,0.0,511.01,0,tripinfo_WestH6ToSaxonSt.150 emissions_WestH6ToSaxonSt.150,electric,0.92,0.0,0.0,0.0,0.0,0.0,0.0,0.0
V6ToEastH6.200,2400.0,468_1,0.0,0.0,0.0,2520.0,522_1,56.88,13.56,120.0,1512.23,0.0,0,0.0,17.46,0,tripinfo_V6ToEastH6.200 emissions_V6ToEastH6.200,gasoline_euro4,1.07,4378.506047,375504.514712,28.232666,6.068537,147.022496,119768.548518,0.0
EastAveburyToWestA509.180,1819.0,483_1,0.0,0.0,89.0,2525.0,774_1,29.75,13.73,706.0,2244.08,433.0,16,0.0,552.55,0,tripinfo_EastAveburyToWestA509.180 emissions_EastAveburyToWestA509.180,electric,1.08,0.0,0.0,0.0,0.0,0.0,0.0,0.0
EastSilburyToEastAvebury.36,976.0,317_0,0.0,0.0,0.0,2526.0,213_0,19.13,14.53,1550.0,680.89,1371.0,22,0.0,1502.78,0,tripinfo_EastSilburyToEastAvebury.36 emissions_EastSilburyToEastAvebury.36,electric,1.08,0.0,0.0,0.0,0.0,0.0,0.0,0.0
EastAveburyToWestA509.179,1816.0,483_1,0.0,0.0,95.0,2529.0,774_1,29.75,12.59,713.0,2237.66,420.0,12,0.0,535.77,0,tripinfo_EastAveburyToWestA509.179 emissions_EastAveburyToWestA509.179,electric,0.92,0.0,0.0,0.0,0.0,0.0,0.0,0.0
EastAveburyToWestA509.193,1990.0,483_1,0.0,0.0,150.0,2529.0,774_2,29.75,15.25,539.0,2237.39,302.0,7,0.0,394.42,0,tripinfo_EastAveburyToWestA509.193 emissions_EastAveburyToWestA509.193,gasoline_euro4,1.14,62442.121027,1487519.822423,318.802107,32.236947,647.004425,474468.757688,0.0
WestA509ToAvebury.72,1299.0,773_0,0.0,0.0,3.0,2530.0,213_0,19.13,10.39,1231.0,2327.58,860.0,21,0.0,1026.08,0,tripinfo_WestA509ToAvebury.72 emissions_WestA509ToAvebury.72,electric,0.83,0.0,0.0,0.0,0.0,0.0,0.0,0.0
V6ToEastH6.199,2388.0,468_1,0.0,0.0,0.0,2530.0,522_0,56.88,10.44,142.0,1512.23,0.0,0,0.0,12.26,0,tripinfo_V6ToEastH6.199 emissions_V6ToEastH6.199,gasoline_euro4,0.84,4220.323621,353459.996063,27.2823,4.827746,134.599946,112738.400947,0.0
V6ToEastH6.201,2412.0,468_1,0.0,0.0,0.0,2530.0,522_1,56.88,14.61,118.0,1512.23,0.0,0,0.0,16.55,0,tripinfo_V6ToEastH6.201 emissions_V6ToEastH6.201,gasoline_euro4,1.08,4290.847492,394325.73656,28.079166,6.15138,152.248618,125771.728005,0.0
EastAveburyToWestA509.181,1822.0,483_1,0.0,0.0,84.0,2531.0,774_1,29.75,12.85,709.0,2244.08,419.0,13,0.0,545.93,0,tripinfo_EastAveburyToWestA509.181 emissions_EastAveburyToWestA509.181,gasoline_euro4,1.02,88075.783761,1892515.187124,444.71459,42.134449,831.180002,603652.770567,0.0
EastAveburyToWestA509.194,1993.0,483_1,0.0,0.0,144.0,2532.0,774_2,29.75,12.75,539.0,2237.39,292.0,6,0.0,370.16,0,tripinfo_EastAveburyToWestA509.194 emissions_EastAveburyToWestA509.194,gasoline_euro4,0.98,60794.188639,1451233.025556,310.246132,30.886722,627.632969,462895.037005,0.0
EastAveburyToWestA509.197,2069.0,483_1,0.0,0.0,195.0,2534.0,774_2,29.75,12.42,465.0,2237.39,232.0,7,0.0,296.06,0,tripinfo_EastAveburyToWestA509.197 emissions_EastAveburyToWestA509.197,electric,0.98,0.0,0.0,0.0,0.0,0.0,0.0,0.0
WestA509ToAvebury.62,1119.0,773_0,0.0,0.0,3.0,2537.0,213_0,19.13,14.96,1418.0,2275.76,1098.0,27,0.0,1272.94,0,tripinfo_WestA509ToAvebury.62 emissions_WestA509ToAvebury.62,gasoline_euro4,1.13,203526.327595,3761092.917473,1014.501892,88.842629,1687.19868,1199682.510462,0.0
EastAveburyToWestA509.185,1898.0,483_1,0.0,0.0,126.0,2538.0,774_1,29.75,12.15,640.0,2240.45,354.0,9,0.0,459.61,0,tripinfo_EastAveburyToWestA509.185 emissions_EastAveburyToWestA509.185,gasoline_euro4,0.92,74076.766619,1625385.948777,374.725585,34.949571,705.761394,518447.430169,0.0
EastAveburyToWestA509.190,1981.0,483_1,0.0,0.0,166.0,2538.0,774_2,29.75,12.9,557.0,2240.45,299.0,6,0.0,392.0,0,tripinfo_EastAveburyToWestA509.190 emissions_EastAveburyToWestA509.190,electric,1.0,0.0,0.0,0.0,0.0,0.0,0.0,0.0
EastAveburyToWestA509.183,1892.0,483_1,0.0,0.0,137.0,2539.0,774_0,29.75,12.49,647.0,2244.08,367.0,10,0.0,471.53,0,tripinfo_EastAveburyToWestA509.183 emissions_EastAveburyToWestA509.183,gasoline_euro4,0.94,77575.59151,1748558.836282,393.489966,37.851444,760.904167,557734.071383,0.0
EastAveburyToWestA509.186,1901.0,483_1,0.0,0.0,120.0,2539.0,774_1,29.75,13.85,638.0,2241.29,346.0,11,0.0,488.13,0,tripinfo_EastAveburyToWestA509.186 emissions_EastAveburyToWestA509.186,gasoline_euro4,1.09,77239.357754,1736562.902614,392.14846,38.633211,763.296758,553906.645535,0.0
EastAveburyToWestA509.192,1987.0,483_1,0.0,0.0,155.0,2540.0,774_2,29.75,14.11,553.0,2237.61,296.0,6,0.0,402.56,0,tripinfo_EastAveburyToWestA509.192 emissions_EastAveburyToWestA509.192,gasoline_euro4,1.09,63275.186085,1507679.668216,323.11536,32.538956,655.108392,480899.211759,0.0
EastAveburyToWestA509.191,1984.0,483_1,0.0,0.0,161.0,2542.0,774_2,29.75,13.76,558.0,2240.45,292.0,6,0.0,391.66,0,tripinfo_EastAveburyToWestA509.191 emissions_EastAveburyToWestA509.191,electric,1.0,0.0,0.0,0.0,0.0,0.0,0.0,0.0
EastAveburyToWestA509.195,1996.0,483_1,0.0,0.0,139.0,2543.0,774_2,29.75,14.53,547.0,2237.66,301.0,6,0.0,393.84,0,tripinfo_EastAveburyToWestA509.195 emissions_EastAveburyToWestA509.195,gasoline_euro4,1.07,63653.163855,1509266.64237,324.593892,32.619494,655.083741,481405.559856,0.0
EastAveburyToWestA509.187,1904.0,483_1,0.0,0.0,115.0,2546.0,774_0,29.75,12.2,642.0,2238.13,346.0,11,0.0,473.18,0,tripinfo_EastAveburyToWestA509.187 emissions_EastAveburyToWestA509.187,gasoline_euro4,0.97,74881.134468,1669339.149045,379.38984,36.540087,729.18294,532465.578619,0.0
WestA509ToEastH6.38,1368.0,773_0,0.0,0.0,0.0,2558.0,522_0,56.88,12.25,1190.0,2755.12,807.0,17,0.0,975.11,0,tripinfo_WestA509ToEastH6.38 emissions_WestA509ToEastH6.38,electric,0.93,0.0,0.0,0.0,0.0,0.0,0.0,0.0
V6ToEastH6.202,2424.0,468_1,0.0,0.0,0.0,2564.0,522_0,56.88,11.44,140.0,1512.23,0.0,0,0.0,11.92,0,tripinfo_V6ToEastH6.202 emissions_V6ToEastH6.202,electric,0.85,0.0,0.0,0.0,0.0,0.0,0.0,0.0
EastA509ToH6.100,1800.0,770_0,0.0,0.0,0.0,2566.0,522_0,56.88,12.6,766.0,1445.01,580.0,11,0.0,656.36,0,tripinfo_EastA509ToH6.100 emissions_EastA509ToH6.100,electric,0.95,0.0,0.0,0.0,0.0,0.0,0.0,0.0
SouthEvansGateToSilbury.122,2196.0,526_0,0.0,0.0,0.0,2566.0,215_1,19.43,14.68,370.0,1471.73,207.0,7,0.0,271.7,0,tripinfo_SouthEvansGateToSilbury.122 emissions_SouthEvansGateToSilbury.122,electric,1.09,0.0,0.0,0.0,0.0,0.0,0.0,0.0
SouthEvansGateToSilbury.125,2250.0,526_0,0.0,0.0,0.0,2567.0,215_1,19.43,15.75,317.0,1471.7,171.0,5,0.0,225.15,0,tripinfo_SouthEvansGateToSilbury.125 emissions_SouthEvansGateToSilbury.125,gasoline_euro4,1.15,36974.038969,928238.826415,189.745813,20.09455,402.701047,296075.729696,0.0
V6ToEastH6.203,2436.0,468_1,0.0,0.0,0.0,2571.0,522_1,56.88,11.44,135.0,1512.23,0.0,0,0.0,12.56,0,tripinfo_V6ToEastH6.203 emissions_V6ToEastH6.203,gasoline_euro4,0.9,4045.617309,344145.979967,26.1722,5.053566,132.712067,109767.225568,0.0
V6ToEastH6.204,2448.0,468_1,0.0,0.0,0.0,2572.0,522_1,56.88,13.45,124.0,1512.23,0.0,0,0.0,14.42,0,tripinfo_V6ToEastH6.204 emissions_V6ToEastH6.204,electric,1.0,0.0,0.0,0.0,0.0,0.0,0.0,0.0
V6ToEastH6.205,2460.0,468_1,0.0,0.0,0.0,2574.0,522_1,56.88,15.06,114.0,1512.23,0.0,0,0.0,17.11,0,tripinfo_V6ToEastH6.205 emissions_V6ToEastH6.205,gasoline_euro4,1.13,4174.846016,375063.93955,26.953331,5.985712,145.315074,119627.967286,0.0
WestA509ToEastH6.40,1440.0,773_0,0.0,0.0,0.0,2578.0,522_1,56.88,17.56,1138.0,2755.17,784.0,19,0.0,985.67,0,tripinfo_WestA509ToEastH6.40 emissions_WestA509ToEastH6.40,gasoline_euro4,1.31,154704.874085,3103625.832064,776.707643,71.922474,1381.013277,989962.28522,0.0
WestA509ToEastH6.39,1404.0,773_0,0.0,0.0,0.0,2580.0,522_0,56.88,13.61,1176.0,2755.17,803.0,20,0.0,977.5,0,tripinfo_WestA509ToEastH6.39 emissions_WestA509ToEastH6.39,gasoline_euro4,1.01,155517.215275,3085938.422494,779.781464,70.585283,1368.704684,984322.628135,0.0
WestH6ToSaxonSt.101,1212.0,524_0,0.0,0.0,0.0,2601.0,771_1,56.88,13.87,1389.0,2555.04,1017.0,29,0.0,1205.9,0,tripinfo_WestH6ToSaxonSt.101 emissions_WestH6ToSaxonSt.101,gasoline_euro4,1.02,195837.869674,3689981.072165,977.622966,86.196513,1647.965011,1176998.562485,0.0
WestH6ToSaxonSt.103,1236.0,524_0,0.0,0.0,0.0,2603.0,771_1,56.88,14.51,1367.0,2555.04,1011.0,27,0.0,1196.53,0,tripinfo_WestH6ToSaxonSt.103 emissions_WestH6ToSaxonSt.103,gasoline_euro4,1.1,194102.310121,3658105.570444,969.077976,85.845817,1635.791956,1166830.730863,0.0
V6ToEastH6.207,2484.0,468_1,0.0,0.0,0.0,2605.0,522_1,56.88,13.66,121.0,1512.23,0.0,0,0.0,17.38,0,tripinfo_V6ToEastH6.207 emissions_V6ToEastH6.207,gasoline_euro4,1.05,4076.682454,359908.889254,26.424673,5.653357,139.874346,114794.37957,0.0
EastAveburyToWestA509.196,2066.0,483_1,0.0,0.0,200.0,2606.0,774_2,29.75,14.92,540.0,2240.45,304.0,6,0.0,395.99,0,tripinfo_EastAveburyToWestA509.196 emissions_EastAveburyToWestA509.196,electric,1.15,0.0,0.0,0.0,0.0,0.0,0.0,0.0
WestH6ToSaxonSt.105,1260.0,524_0,0.0,0.0,0.0,2607.0,771_1,56.88,12.74,1347.0,2555.04,999.0,21,0.0,1158.14,0,tripinfo_WestH6ToSaxonSt.105 emissions_WestH6ToSaxonSt.105,gasoline_euro4,0.99,189036.029773,3533150.536554,942.639608,82.270546,1575.153704,1126975.409498,0.0
EastAveburyToWestA509.198,2072.0,483_1,0.0,0.0,189.0,2608.0,774_2,29.75,15.45,536.0,2240.45,313.0,6,0.0,391.62,0,tripinfo_EastAveburyToWestA509.198 emissions_EastAveburyToWestA509.198,electric,1.15,0.0,0.0,0.0,0.0,0.0,0.0,0.0
WestH6ToSaxonSt.160,1920.0,524_0,0.0,0.0,0.0,2614.0,771_1,56.88,11.81,694.0,2554.99,408.0,13,0.0,485.82,0,tripinfo_WestH6ToSaxonSt.160 emissions_WestH6ToSaxonSt.160,gasoline_euro4,0.89,81404.158659,1823208.101383,413.049372,39.51525,794.369792,581545.082887,0.0
WestH6ToSaxonSt.107,1284.0,524_0,0.0,0.0,0.0,2616.0,771_1,56.88,13.96,1332.0,2555.04,977.0,25,0.0,1147.6,0,tripinfo_WestH6ToSaxonSt.107 emissions_WestH6ToSaxonSt.107,gasoline_euro4,1.01,187388.88016,3530020.567107,935.207485,82.244015,1574.581432,1125976.026099,0.0
V6ToEastH6.206,2472.0,468_1,0.0,0.0,0.0,2617.0,522_0,56.88,10.35,145.0,1512.23,0.0,0,0.0,11.75,0,tripinfo_V6ToEastH6.206 emissions_V6ToEastH6.206,gasoline_euro4,0.82,4064.111014,335480.728043,26.138991,4.456061,127.029089,107003.976065,0.0
V6ToEastH6.208,2496.0,468_1,0.0,0.0,0.0,2617.0,522_1,56.88,14.16,121.0,1512.23,0.0,0,0.0,19.02,0,tripinfo_V6ToEastH6.208 emissions_V6ToEastH6.208,gasoline_euro4,1.08,4788.101337,390310.037208,30.379764,6.408202,153.414157,124490.863964,0.0
WestA509ToAvebury.77,1386.0,773_0,0.0,0.0,0.0,2618.0,213_0,19.13,13.43,1232.0,2327.58,894.0,26,0.0,1062.85,0,tripinfo_WestA509ToAvebury.77 emissions_WestA509ToAvebury.77,electric,1.0,0.0,0.0,0.0,0.0,0.0,0.0,0.0
EastAveburyToWestA509.199,2074.0,483_1,0.0,0.0,183.0,2619.0,774_1,29.75,12.66,545.0,2240.44,295.0,6,0.0,364.82,0,tripinfo_EastAveburyToWestA509.199 emissions_EastAveburyToWestA509.199,electric,0.92,0.0,0.0,0.0,0.0,0.0,0.0,0.0
EastAveburyToWestA509.201,2081.0,483_1,0.0,0.0,173.0,2619.0,774_2,29.75,13.87,538.0,2237.66,298.0,8,0.0,378.88,0,tripinfo_EastAveburyToWestA509.201 emissions_EastAveburyToWestA509.201,electric,1.03,0.0,0.0,0.0,0.0,0.0,0.0,0.0
EastSilburyToEastAvebury.37,992.0,317_0,0.0,0.0,0.0,2620.0,213_0,19.13,15.61,1628.0,680.89,1428.0,24,0.0,1582.92,0,tripinfo_EastSilburyToEastAvebury.37 emissions_EastSilburyToEastAvebury.37,gasoline_euro4,1.13,256206.433661,4295015.222691,1267.367267,105.914978,1958.355434,1369998.57512,0.0
WestA509ToAvebury.65,1170.0,773_0,0.0,0.0,0.0,2623.0,213_0,19.13,12.99,1453.0,2327.58,1075.0,25,0.0,1274.36,0,tripinfo_WestA509ToAvebury.65 emissions_WestA509ToAvebury.65,electric,0.95,0.0,0.0,0.0,0.0,0.0,0.0,0.0
EastAveburyToWestA509.200,2077.0,483_1,0.0,0.0,177.0,2624.0,774_0,29.75,11.71,547.0,2240.94,291.0,8,0.0,363.22,0,tripinfo_EastAveburyToWestA509.200 emissions_EastAveburyToWestA509.200,gasoline_euro4,0.9,60596.185411,1430677.784478,309.192926,30.244913,618.452314,456339.243766,0.0
EastAveburyToWestA509.203,2087.0,483_1,0.0,0.0,162.0,2624.0,774_1,29.75,14.55,537.0,2241.02,279.0,7,0.0,378.16,0,tripinfo_EastAveburyToWestA509.203 emissions_EastAveburyToWestA509.203,gasoline_euro4,1.05,60931.344722,1464416.77644,311.482574,31.735473,637.791668,467099.298479,0.0
WestA509ToAvebury.76,1371.0,773_0,0.0,0.0,3.0,2625.0,213_0,19.13,14.66,1254.0,2327.58,919.0,20,0.0,1099.88,0,tripinfo_WestA509ToAvebury.76 emissions_WestA509ToAvebury.76,gasoline_euro4,1.1,175192.667064,3360303.517883,876.089033,78.541882,1502.640265,1071838.64364,0.0
EastAveburyToWestA509.204,2153.0,483_1,0.0,0.0,219.0,2625.0,774_1,29.75,13.34,472.0,2241.24,218.0,6,0.0,314.64,0,tripinfo_EastAveburyToWestA509.204 emissions_EastAveburyToWestA509.204,electric,1.04,0.0,0.0,0.0,0.0,0.0,0.0,0.0
EastAveburyToWestA509.202,2084.0,483_1,0.0,0.0,167.0,2626.0,774_2,29.75,12.04,542.0,2237.39,291.0,7,0.0,358.5,0,tripinfo_EastAveburyToWestA509.202 emissions_EastAveburyToWestA509.202,gasoline_euro4,0.9,59914.604363,1407841.737631,305.368504,29.802954,608.528972,449055.428683,0.0
EastAveburyToWestA509.207,2162.0,483_1,0.0,0.0,203.0,2627.0,774_1,29.75,16.91,465.0,2241.02,222.0,4,0.0,329.58,0,tripinfo_EastAveburyToWestA509.207 emissions_EastAveburyToWestA509.207,gasoline_euro4,1.23,51098.147522,1338836.623056,263.833007,28.562196,579.103837,427041.124555,0.0
EastAveburyToWestA509.205,2156.0,483_1,0.0,0.0,214.0,2628.0,774_2,29.75,12.42,472.0,2240.45,220.0,5,0.0,298.22,0,tripinfo_EastAveburyToWestA509.205 emissions_EastAveburyToWestA509.205,gasoline_euro4,0.96,48973.054485,1260185.791293,252.11508,26.166899,541.188348,401955.639986,0.0
EastAveburyToWestA509.206,2159.0,483_1,0.0,0.0,208.0,2629.0,774_2,29.75,13.12,470.0,2240.45,224.0,4,0.0,309.47,0,tripinfo_EastAveburyToWestA509.206 emissions_EastAveburyToWestA509.206,electric,1.03,0.0,0.0,0.0,0.0,0.0,0.0,0.0
EastAveburyToWestA509.208,2165.0,483_1,0.0,0.0,197.0,2631.0,774_2,29.75,13.64,466.0,2240.45,217.0,4,0.0,297.76,0,tripinfo_EastAveburyToWestA509.208 emissions_EastAveburyToWestA509.208,electric,0.99,0.0,0.0,0.0,0.0,0.0,0.0,0.0
EastAveburyToWestA509.209,2168.0,483_1,0.0,0.0,192.0,2634.0,774_1,29.75,11.55,466.0,2237.39,225.0,6,0.0,286.85,0,tripinfo_EastAveburyToWestA509.209 emissions_EastAveburyToWestA509.209,electric,0.92,0.0,0.0,0.0,0.0,0.0,0.0,0.0
EastAveburyToWestA509.210,2171.0,483_1,0.0,0.0,186.0,2634.0,774_2,29.75,13.4,463.0,2237.66,227.0,7,0.0,299.1,0,tripinfo_EastAveburyToWestA509.210 emissions_EastAveburyToWestA509.210,electric,1.0,0.0,0.0,0.0,0.0,0.0,0.0,0.0
V6ToEastH6.209,2508.0,468_1,0.0,0.0,0.0,2637.0,522_1,56.88,13.49,129.0,1512.23,0.0,0,0.0,19.75,0,tripinfo_V6ToEastH6.209 emissions_V6ToEastH6.209,gasoline_euro4,1.0,5151.874214,394000.897679,32.204477,6.430277,155.630818,125668.291069,0.0
WestA509ToEastH6.41,1476.0,773_0,0.0,0.0,0.0,2648.0,522_0,56.88,11.96,1172.0,2755.12,774.0,20,0.0,945.05,0,tripinfo_WestA509ToEastH6.41 emissions_WestA509ToEastH6.41,electric,0.88,0.0,0.0,0.0,0.0,0.0,0.0,0.0
EastA509ToH6.101,1818.0,770_0,0.0,0.0,0.0,2650.0,522_0,56.88,11.83,832.0,1444.96,638.0,14,0.0,712.37,0,tripinfo_EastA509ToH6.101 emissions_EastA509ToH6.101,gasoline_euro4,0.89,117073.938357,2179938.62363,584.055669,51.061355,975.797077,695338.828396,0.0
SouthEvansGateToSilbury.124,2232.0,526_0,0.0,0.0,0.0,2654.0,215_1,19.43,14.44,422.0,1471.73,275.0,7,0.0,321.08,0,tripinfo_SouthEvansGateToSilbury.124 emissions_SouthEvansGateToSilbury.124,electric,1.06,0.0,0.0,0.0,0.0,0.0,0.0,0.0
V6ToEastH6.210,2520.0,468_1,0.0,0.0,0.0,2654.0,522_1,56.88,11.91,134.0,1512.23,0.0,0,0.0,13.17,0,tripinfo_V6ToEastH6.210 emissions_V6ToEastH6.210,electric,0.9,0.0,0.0,0.0,0.0,0.0,0.0,0.0
SouthEvansGateToSilbury.126,2268.0,526_0,0.0,0.0,0.0,2656.0,215_1,19.43,13.71,388.0,1471.71,230.0,8,0.0,287.13,0,tripinfo_SouthEvansGateToSilbury.126 emissions_SouthEvansGateToSilbury.126,gasoline_euro4,1.06,47566.673517,1115252.571869,242.212527,24.347609,485.972975,355728.287763,0.0
V6ToEastH6.211,2532.0,468_1,0.0,0.0,0.0,2656.0,522_1,56.88,13.48,124.0,1512.23,0.0,0,0.0,14.95,0,tripinfo_V6ToEastH6.211 emissions_V6ToEastH6.211,gasoline_euro4,1.01,4354.134058,373158.082323,28.060908,5.937863,145.941244,119020.259785,0.0
SouthEvansGateToSilbury.128,2304.0,526_0,0.0,0.0,0.0,2658.0,215_1,19.43,13.15,354.0,1471.71,196.0,8,0.0,248.93,0,tripinfo_SouthEvansGateToSilbury.128 emissions_SouthEvansGateToSilbury.128,electric,1.01,0.0,0.0,0.0,0.0,0.0,0.0,0.0
EastA509ToH6.102,1836.0,770_0,0.0,0.0,0.0,2661.0,522_1,56.88,14.25,825.0,1483.75,611.0,16,0.0,721.45,0,tripinfo_EastA509ToH6.102 emissions_EastA509ToH6.102,electric,1.04,0.0,0.0,0.0,0.0,0.0,0.0,0.0
SouthEvansGateToSilbury.127,2286.0,526_0,0.0,0.0,0.0,2661.0,215_1,19.43,12.46,375.0,1471.73,208.0,9,0.0,257.87,0,tripinfo_SouthEvansGateToSilbury.127 emissions_SouthEvansGateToSilbury.127,electric,0.91,0.0,0.0,0.0,0.0,0.0,0.0,0.0
EastA509ToH6.99,1782.0,770_0,0.0,0.0,0.0,2662.0,522_0,56.88,11.62,880.0,1483.8,671.0,16,0.0,761.57,0,tripinfo_EastA509ToH6.99 emissions_EastA509ToH6.99,gasoline_euro4,0.91,125161.282664,2352736.324993,624.910949,55.065584,1053.313667,750455.664783,0.0
V6ToEastH6.213,2556.0,468_1,0.0,0.0,0.0,2667.0,522_1,56.88,15.22,111.0,1511.92,0.0,0,0.0,13.37,0,tripinfo_V6ToEastH6.213 emissions_V6ToEastH6.213,gasoline_euro4,1.12,4020.847989,365276.355575,26.20275,5.955324,142.148715,116506.056685,0.0
WestH6ToSaxonSt.167,2004.0,524_0,0.0,0.0,0.0,2694.0,771_1,56.88,12.54,690.0,2554.99,407.0,14,0.0,495.12,0,tripinfo_WestH6ToSaxonSt.167 emissions_WestH6ToSaxonSt.167,electric,0.96,0.0,0.0,0.0,0.0,0.0,0.0,0.0
WestH6ToSaxonSt.106,1272.0,524_0,0.0,0.0,0.0,2696.0,771_1,56.88,12.18,1424.0,2555.06,1060.0,26,0.0,1228.83,0,tripinfo_WestH6ToSaxonSt.106 emissions_WestH6ToSaxonSt.106,gasoline_euro4,0.95,199753.170528,3712316.969755,995.602482,86.463923,1655.972895,1184125.124894,0.0
V6ToEastH6.212,2544.0,468_1,0.0,0.0,0.0,2699.0,522_0,56.88,9.86,155.0,1512.23,0.0,0,0.0,13.34,0,tripinfo_V6ToEastH6.212 emissions_V6ToEastH6.212,gasoline_euro4,0.77,4532.336198,340131.027143,28.331872,4.329039,128.155416,108487.643872,0.0
WestA509ToAvebury.80,1443.0,773_0,0.0,0.0,3.0,2700.0,213_0,19.13,13.46,1257.0,2327.58,917.0,25,0.0,1085.55,0,tripinfo_WestA509ToAvebury.80 emissions_WestA509ToAvebury.80,electric,0.99,0.0,0.0,0.0,0.0,0.0,0.0,0.0
WestH6ToSaxonSt.170,2040.0,524_0,0.0,0.0,0.0,2700.0,771_1,56.88,12.57,660.0,2555.01,371.0,15,0.0,460.66,0,tripinfo_WestH6ToSaxonSt.170 emissions_WestH6ToSaxonSt.170,gasoline_euro4,0.94,76477.147901,1740752.893286,388.2696,37.330574,754.662222,555244.205701,0.0
V6ToEastH6.215,2580.0,468_1,0.0,0.0,0.0,2701.0,522_1,56.88,13.21,121.0,1512.23,0.0,0,0.0,14.42,0,tripinfo_V6ToEastH6.215 emissions_V6ToEastH6.215,electric,1.02,0.0,0.0,0.0,0.0,0.0,0.0,0.0
WestA509ToAvebury.83,1494.0,773_0,0.0,0.0,0.0,2702.0,213_0,19.13,12.76,1208.0,2327.58,854.0,25,0.0,1028.83,0,tripinfo_WestA509ToAvebury.83 emissions_WestA509ToAvebury.83,electric,0.94,0.0,0.0,0.0,0.0,0.0,0.0,0.0
EastAveburyToWestA509.213,2247.0,483_1,0.0,0.0,237.0,2703.0,774_2,29.75,16.73,456.0,2240.45,237.0,5,0.0,320.25,0,tripinfo_EastAveburyToWestA509.213 emissions_EastAveburyToWestA509.213,gasoline_euro4,1.22,50230.966824,1286842.016385,258.055098,26.900409,551.453638,410458.050779,0.0
EastAveburyToWestA509.211,2240.0,483_1,0.0,0.0,247.0,2704.0,774_1,29.75,12.19,464.0,2240.45,226.0,6,0.0,290.04,0,tripinfo_EastAveburyToWestA509.211 emissions_EastAveburyToWestA509.211,electric,0.96,0.0,0.0,0.0,0.0,0.0,0.0,0.0
EastAveburyToWestA509.215,2253.0,483_1,0.0,0.0,226.0,2705.0,774_2,29.75,15.21,452.0,2237.39,214.0,6,0.0,307.19,0,tripinfo_EastAveburyToWestA509.215 emissions_EastAveburyToWestA509.215,gasoline_euro4,1.14,47611.108436,1228036.867609,245.226504,25.937691,530.132655,391700.668976,0.0
EastAveburyToWestA509.219,2332.0,483_1,0.0,0.0,271.0,2708.0,774_2,29.75,13.43,376.0,2237.66,151.0,4,0.0,216.08,0,tripinfo_EastAveburyToWestA509.219 emissions_EastAveburyToWestA509.219,gasoline_euro4,1.02,35970.787699,1039155.347485,187.682952,20.852955,440.103507,331452.693005,0.0
V6ToEastH6.214,2568.0,468_1,0.0,0.0,0.0,2709.0,522_0,56.88,11.8,141.0,1512.23,0.0,0,0.0,14.59,0,tripinfo_V6ToEastH6.214 emissions_V6ToEastH6.214,gasoline_euro4,0.87,4245.828327,353699.72433,27.396705,4.99833,135.610274,112814.702893,0.0
EastSilburyToEastAvebury.56,1296.0,317_0,0.0,0.0,0.0,2710.0,213_0,19.13,13.25,1414.0,680.87,1213.0,34,0.0,1363.08,0,tripinfo_EastSilburyToEastAvebury.56 emissions_EastSilburyToEastAvebury.56,electric,0.98,0.0,0.0,0.0,0.0,0.0,0.0,0.0
EastAveburyToWestA509.220,2335.0,483_1,0.0,0.0,265.0,2711.0,774_2,29.75,13.72,376.0,2237.39,146.0,4,0.0,210.42,0,tripinfo_EastAveburyToWestA509.220 emissions_EastAveburyToWestA509.220,electric,1.0,0.0,0.0,0.0,0.0,0.0,0.0,0.0
WestA509ToAvebury.86,1551.0,773_0,0.0,0.0,3.0,2712.0,213_0,19.13,12.6,1161.0,2327.58,835.0,23,0.0,983.63,0,tripinfo_WestA509ToAvebury.86 emissions_WestA509ToAvebury.86,gasoline_euro4,0.95,158734.002781,3058407.648058,794.168416,71.220735,1366.78923,975542.525911,0.0
EastAveburyToWestA509.212,2244.0,483_1,0.0,0.0,242.0,2712.0,774_0,29.75,11.99,468.0,2244.08,214.0,5,0.0,290.26,0,tripinfo_EastAveburyToWestA509.212 emissions_EastAveburyToWestA509.212,gasoline_euro4,0.93,48521.618658,1253495.798655,249.619532,25.872643,537.06004,399821.817817,0.0
EastAveburyToWestA509.216,2256.0,483_1,0.0,0.0,220.0,2712.0,774_2,29.75,13.97,456.0,2237.38,213.0,6,0.0,292.82,0,tripinfo_EastAveburyToWestA509.216 emissions_EastAveburyToWestA509.216,gasoline_euro4,1.01,48861.675183,1279374.988498,252.03904,26.598383,548.629903,408075.814066,0.0
EastAveburyToWestA509.217,2259.0,483_1,0.0,0.0,215.0,2713.0,774_1,29.75,13.62,454.0,2238.23,220.0,6,0.0,292.58,0,tripinfo_EastAveburyToWestA509.217 emissions_EastAveburyToWestA509.217,gasoline_euro4,1.01,49158.330136,1278348.184686,253.179457,26.791358,549.092625,407748.271891,0.0
EastAveburyToWestA509.218,2329.0,483_1,0.0,0.0,276.0,2717.0,774_1,29.75,12.57,388.0,2240.45,148.0,4,0.0,210.64,0,tripinfo_EastAveburyToWestA509.218 emissions_EastAveburyToWestA509.218,electric,0.94,0.0,0.0,0.0,0.0,0.0,0.0,0.0
EastAveburyToWestA509.214,2250.0,483_1,0.0,0.0,231.0,2720.0,774_0,29.75,11.85,470.0,2244.08,210.0,6,0.0,287.34,0,tripinfo_EastAveburyToWestA509.214 emissions_EastAveburyToWestA509.214,gasoline_euro4,0.91,48257.69292,1250446.568401,248.588206,25.840925,536.410726,398849.093936,0.0
V6ToEastH6.216,2592.0,468_1,0.0,0.0,0.0,2720.0,522_1,56.88,12.35,128.0,1512.23,0.0,0,0.0,13.83,0,tripinfo_V6ToEastH6.216 emissions_V6ToEastH6.216,electric,0.96,0.0,0.0,0.0,0.0,0.0,0.0,0.0
V6ToEastH6.217,2604.0,468_1,0.0,0.0,0.0,2723.0,522_1,56.88,14.87,119.0,1512.23,0.0,0,0.0,19.27,0,tripinfo_V6ToEastH6.217 emissions_V6ToEastH6.217,electric,1.1,0.0,0.0,0.0,0.0,0.0,0.0,0.0
WestA509ToEastH6.42,1512.0,773_0,0.0,0.0,0.0,2732.0,522_0,56.88,13.09,1220.0,2755.17,835.0,20,0.0,1012.83,0,tripinfo_WestA509ToEastH6.42 emissions_WestA509ToEastH6.42,gasoline_euro4,0.97,163524.199506,3248465.135877,820.224469,74.217365,1441.863299,1036163.725366,0.0
V6ToEastH6.218,2616.0,468_1,0.0,0.0,0.0,2736.0,522_1,56.88,14.04,120.0,1512.23,0.0,0,0.0,11.93,0,tripinfo_V6ToEastH6.218 emissions_V6ToEastH6.218,electric,1.01,0.0,0.0,0.0,0.0,0.0,0.0,0.0
V6ToEastH6.219,2628.0,468_1,0.0,0.0,0.0,2742.0,522_1,56.88,14.56,114.0,1512.23,0.0,0,0.0,16.5,0,tripinfo_V6ToEastH6.219 emissions_V6ToEastH6.219,electric,1.12,0.0,0.0,0.0,0.0,0.0,0.0,0.0
SouthEvansGateToSilbury.129,2322.0,526_0,0.0,0.0,0.0,2743.0,215_1,19.43,12.65,421.0,1471.73,268.0,5,0.0,305.61,0,tripinfo_SouthEvansGateToSilbury.129 emissions_SouthEvansGateToSilbury.129,electric,0.92,0.0,0.0,0.0,0.0,0.0,0.0,0.0
SouthEvansGateToSilbury.130,2340.0,526_0,0.0,0.0,0.0,2745.0,215_1,19.43,12.49,405.0,1471.68,242.0,7,0.0,296.81,0,tripinfo_SouthEvansGateToSilbury.130 emissions_SouthEvansGateToSilbury.130,electric,0.98,0.0,0.0,0.0,0.0,0.0,0.0,0.0
SouthEvansGateToSilbury.133,2394.0,526_0,0.0,0.0,0.0,2747.0,215_1,19.43,12.32,353.0,1471.71,192.0,6,0.0,239.27,0,tripinfo_SouthEvansGateToSilbury.133 emissions_SouthEvansGateToSilbury.133,gasoline_euro4,0.93,39866.610968,942119.793069,203.201115,20.031424,407.398271,300505.143894,0.0
WestA509ToEastH6.34,1224.0,773_0,0.0,0.0,0.0,2749.0,522_0,56.88,12.65,1525.0,2749.98,1128.0,27,0.0,1325.38,0,tripinfo_WestA509ToEastH6.34 emissions_WestA509ToEastH6.34,gasoline_euro4,1.0,213624.899688,4010564.794335,1065.798807,93.709972,1791.875991,1279255.99558,0.0
SouthEvansGateToSilbury.132,2376.0,526_0,0.0,0.0,0.0,2749.0,215_1,19.43,13.29,373.0,1471.7,207.0,7,0.0,263.16,0,tripinfo_SouthEvansGateToSilbury.132 emissions_SouthEvansGateToSilbury.132,gasoline_euro4,0.97,44634.183063,1046379.723126,227.609862,22.916742,457.643078,333760.040923,0.0
SouthEvansGateToSilbury.131,2358.0,526_0,0.0,0.0,0.0,2751.0,215_1,19.43,13.56,393.0,1471.73,217.0,7,0.0,285.49,0,tripinfo_SouthEvansGateToSilbury.131 emissions_SouthEvansGateToSilbury.131,gasoline_euro4,0.99,46845.830957,1097364.228016,238.854691,23.955168,479.478028,350022.500161,0.0
SouthEvansGateToSilbury.135,2430.0,526_0,0.0,0.0,0.0,2752.0,215_1,19.43,14.18,322.0,1471.7,173.0,6,0.0,219.09,0,tripinfo_SouthEvansGateToSilbury.135 emissions_SouthEvansGateToSilbury.135,gasoline_euro4,1.03,36476.685634,907289.332812,186.772317,19.236768,391.170519,289394.220288,0.0
V6ToEastH6.220,2640.0,468_1,0.0,0.0,0.0,2755.0,522_1,56.88,15.98,115.0,1512.23,1.0,1,0.0,22.73,0,tripinfo_V6ToEastH6.220 emissions_V6ToEastH6.220,electric,1.18,0.0,0.0,0.0,0.0,0.0,0.0,0.0
SouthEvansGateToSilbury.134,2412.0,526_0,0.0,0.0,0.0,2757.0,215_1,19.43,11.22,345.0,1471.71,182.0,4,0.0,215.59,0,tripinfo_SouthEvansGateToSilbury.134 emissions_SouthEvansGateToSilbury.134,electric,0.82,0.0,0.0,0.0,0.0,0.0,0.0,0.0
SouthEvansGateToSilbury.137,2466.0,526_0,0.0,0.0,0.0,2758.0,215_1,19.43,11.24,292.0,1471.71,126.0,5,0.0,180.84,0,tripinfo_SouthEvansGateToSilbury.137 emissions_SouthEvansGateToSilbury.137,gasoline_euro4,0.95,29575.938772,790994.333235,153.061107,16.373829,340.016189,252299.092978,0.0
SouthEvansGateToSilbury.136,2448.0,526_0,0.0,0.0,0.0,2760.0,215_1,19.43,11.59,312.0,1471.73,138.0,6,0.0,191.66,0,tripinfo_SouthEvansGateToSilbury.136 emissions_SouthEvansGateToSilbury.136,gasoline_euro4,0.88,32460.347564,848398.029903,167.548054,17.55618,364.895283,270609.304276,0.0
V6ToEastH6.222,2664.0,468_1,0.0,0.0,0.0,2781.0,522_1,56.88,14.56,117.0,1512.23,0.0,0,0.0,19.97,0,tripinfo_V6ToEastH6.222 emissions_V6ToEastH6.222,electric,1.13,0.0,0.0,0.0,0.0,0.0,0.0,0.0
EastAveburyToWestA509.221,2339.0,483_1,0.0,0.0,261.0,2786.0,774_2,29.75,13.7,447.0,2240.44,223.0,5,0.0,286.71,0,tripinfo_EastAveburyToWestA509.221 emissions_EastAveburyToWestA509.221,gasoline_euro4,1.03,48421.702093,1247549.805612,248.769854,26.000153,534.406506,397925.083909,0.0
WestA509ToAvebury.66,1191.0,773_0,0.0,0.0,3.0,2790.0,213_0,19.13,13.72,1599.0,2327.58,1216.0,33,0.0,1429.09,0,tripinfo_WestA509ToAvebury.66 emissions_WestA509ToAvebury.66,electric,1.0,0.0,0.0,0.0,0.0,0.0,0.0,0.0
WestA509ToAvebury.82,1479.0,773_0,0.0,0.0,3.0,2792.0,213_0,19.13,14.12,1313.0,2327.58,936.0,31,0.0,1149.92,0,tripinfo_WestA509ToAvebury.82 emissions_WestA509ToAvebury.82,gasoline_euro4,1.04,182478.591813,3475385.798812,912.129205,81.357812,1556.310028,1108547.175096,0.0
WestA509ToAvebury.88,1587.0,773_0,0.0,0.0,3.0,2793.0,213_0,19.13,15.77,1206.0,2327.58,859.0,24,0.0,1057.73,0,tripinfo_WestA509ToAvebury.88 emissions_WestA509ToAvebury.88,electric,1.14,0.0,0.0,0.0,0.0,0.0,0.0,0.0
EastAveburyToWestA509.222,2342.0,483_1,0.0,0.0,255.0,2793.0,774_1,29.75,12.0,451.0,2240.45,212.0,5,0.0,273.84,0,tripinfo_EastAveburyToWestA509.222 emissions_EastAveburyToWestA509.222,gasoline_euro4,0.94,46444.918769,1204558.313328,239.173562,24.691699,514.409434,384212.591074,0.0
V6ToEastH6.221,2652.0,468_1,0.0,0.0,0.0,2795.0,522_0,56.88,11.61,143.0,1512.23,0.0,0,0.0,13.48,0,tripinfo_V6ToEastH6.221 emissions_V6ToEastH6.221,electric,0.84,0.0,0.0,0.0,0.0,0.0,0.0,0.0
WestA509ToAvebury.91,1638.0,773_0,0.0,0.0,0.0,2796.0,213_0,19.13,13.86,1158.0,2327.58,825.0,22,0.0,1001.27,0,tripinfo_WestA509ToAvebury.91 emissions_WestA509ToAvebury.91,gasoline_euro4,1.08,160065.002752,3117220.328477,801.160114,72.429454,1390.224587,994301.135459,0.0
EastAveburyToWestA509.225,2418.0,483_1,0.0,0.0,306.0,2796.0,774_2,29.75,12.93,378.0,2237.38,136.0,4,0.0,213.02,0,tripinfo_EastAveburyToWestA509.225 emissions_EastAveburyToWestA509.225,gasoline_euro4,1.01,35293.422662,1057720.378021,185.070545,21.298495,449.388431,337373.258913,0.0
EastAveburyToWestA509.224,2348.0,483_1,0.0,0.0,244.0,2798.0,774_0,29.75,12.48,450.0,2239.44,206.0,6,0.0,268.37,0,tripinfo_EastAveburyToWestA509.224 emissions_EastAveburyToWestA509.224,electric,0.9,0.0,0.0,0.0,0.0,0.0,0.0,0.0
EastAveburyToWestA509.227,2425.0,483_1,0.0,0.0,296.0,2799.0,774_2,29.75,13.26,374.0,2240.78,129.0,3,0.0,214.03,0,tripinfo_EastAveburyToWestA509.227 emissions_EastAveburyToWestA509.227,electric,1.03,0.0,0.0,0.0,0.0,0.0,0.0,0.0
EastAveburyToWestA509.223,2345.0,483_1,0.0,0.0,250.0,2805.0,774_0,29.75,10.46,460.0,2240.94,209.0,6,0.0,263.4,0,tripinfo_EastAveburyToWestA509.223 emissions_EastAveburyToWestA509.223,gasoline_euro4,0.84,45137.108719,1153175.195194,232.248719,23.157004,490.481445,367824.092342,0.0
V6ToEastH6.223,2676.0,468_1,0.0,0.0,0.0,2808.0,522_1,56.88,12.49,132.0,1512.23,0.0,0,0.0,13.54,0,tripinfo_V6ToEastH6.223 emissions_V6ToEastH6.223,electric,0.92,0.0,0.0,0.0,0.0,0.0,0.0,0.0
EastAveburyToWestA509.226,2421.0,483_1,0.0,0.0,300.0,2814.0,774_0,29.75,9.48,393.0,2240.45,129.0,2,0.0,173.06,0,tripinfo_EastAveburyToWestA509.226 emissions_EastAveburyToWestA509.226,electric,0.75,0.0,0.0,0.0,0.0,0.0,0.0,0.0
V6ToEastH6.224,2688.0,468_1,0.0,0.0,0.0,2817.0,522_1,56.88,13.06,129.0,1512.23,0.0,0,0.0,14.42,0,tripinfo_V6ToEastH6.224 emissions_V6ToEastH6.224,gasoline_euro4,0.95,3869.159736,359289.159693,25.546675,5.143997,136.960191,114597.174178,0.0
V6ToEastH6.225,2700.0,468_1,0.0,0.0,0.0,2823.0,522_1,56.88,12.94,123.0,1512.23,0.0,0,0.0,15.54,0,tripinfo_V6ToEastH6.225 emissions_V6ToEastH6.225,gasoline_euro4,1.01,4157.788178,367603.162601,26.902337,5.646391,142.246532,117248.631576,0.0
WestA509ToEastH6.44,1584.0,773_0,0.0,0.0,0.0,2829.0,522_0,56.88,12.47,1245.0,2755.12,860.0,19,0.0,1025.81,0,tripinfo_WestA509ToEastH6.44 emissions_WestA509ToEastH6.44,electric,0.91,0.0,0.0,0.0,0.0,0.0,0.0,0.0
WestA509ToEastH6.45,1620.0,773_0,0.0,0.0,0.0,2829.0,522_1,56.88,12.86,1209.0,2755.17,825.0,17,0.0,1007.82,0,tripinfo_WestA509ToEastH6.45 emissions_WestA509ToEastH6.45,gasoline_euro4,0.99,160902.414788,3173506.734514,806.411706,72.936609,1411.056683,1012254.461499,0.0
SouthEvansGateToSilbury.138,2484.0,526_0,0.0,0.0,0.0,2832.0,215_1,19.43,11.9,348.0,1471.73,177.0,6,0.0,228.57,0,tripinfo_SouthEvansGateToSilbury.138 emissions_SouthEvansGateToSilbury.138,gasoline_euro4,0.89,38491.142999,941406.173474,197.268984,20.002065,408.098544,300276.638155,0.0
V6ToEastH6.226,2712.0,468_1,0.0,0.0,0.0,2842.0,522_1,56.88,12.08,130.0,1512.23,0.0,0,0.0,12.1,0,tripinfo_V6ToEastH6.226 emissions_V6ToEastH6.226,electric,0.93,0.0,0.0,0.0,0.0,0.0,0.0,0.0
V6ToEastH6.227,2724.0,468_1,0.0,0.0,0.0,2844.0,522_1,56.88,14.96,120.0,1512.23,0.0,0,0.0,19.87,0,tripinfo_V6ToEastH6.227 emissions_V6ToEastH6.227,electric,1.1,0.0,0.0,0.0,0.0,0.0,0.0,0.0
EastAveburyToWestA509.232,2506.0,483_1,0.0,0.0,334.0,2866.0,774_2,29.75,16.93,360.0,2237.66,156.0,4,0.0,228.34,0,tripinfo_EastAveburyToWestA509.232 emissions_EastAveburyToWestA509.232,electric,1.24,0.0,0.0,0.0,0.0,0.0,0.0,0.0
WestH6ToSaxonSt.109,1308.0,524_0,0.0,0.0,0.0,2869.0,771_1,56.88,10.95,1561.0,2555.06,1164.0,28,0.0,1349.33,0,tripinfo_WestH6ToSaxonSt.109 emissions_WestH6ToSaxonSt.109,electric,0.88,0.0,0.0,0.0,0.0,0.0,0.0,0.0
WestH6ToSaxonSt.171,2052.0,524_0,0.0,0.0,0.0,2870.0,771_1,56.88,14.24,818.0,2555.0,538.0,14,0.0,649.52,0,tripinfo_WestH6ToSaxonSt.171 emissions_WestH6ToSaxonSt.171,gasoline_euro4,1.11,104356.847232,2226065.428145,526.718366,49.696512,978.24287,710045.174108,0.0
WestH6ToSaxonSt.184,2208.0,524_0,0.0,0.0,0.0,2872.0,771_1,56.88,15.11,664.0,2555.02,414.0,13,0.0,497.46,0,tripinfo_WestH6ToSaxonSt.184 emissions_WestH6ToSaxonSt.184,electric,1.12,0.0,0.0,0.0,0.0,0.0,0.0,0.0
V6ToEastH6.229,2748.0,468_1,0.0,0.0,0.0,2873.0,522_1,56.88,13.22,125.0,1512.23,0.0,0,0.0,16.89,0,tripinfo_V6ToEastH6.229 emissions_V6ToEastH6.229,gasoline_euro4,1.01,4263.806919,366028.998254,27.295563,5.676907,142.047338,116746.549609,0.0
WestH6ToSaxonSt.179,2148.0,524_0,0.0,0.0,0.0,2874.0,771_1,56.88,12.68,726.0,2555.01,466.0,8,0.0,538.42,0,tripinfo_WestH6ToSaxonSt.179 emissions_WestH6ToSaxonSt.179,gasoline_euro4,0.99,89490.132657,1977772.440525,453.002384,43.386253,863.518227,630846.322915,0.0
EastAveburyToWestA509.228,2427.0,483_1,0.0,0.0,289.0,2875.0,774_2,29.75,14.15,448.0,2240.46,223.0,4,0.0,289.85,0,tripinfo_EastAveburyToWestA509.228 emissions_EastAveburyToWestA509.228,gasoline_euro4,1.05,47657.240736,1225242.325247,245.083248,25.490608,525.188957,390809.881177,0.0
WestH6ToSaxonSt.181,2172.0,524_0,0.0,0.0,0.0,2875.0,771_1,56.88,13.96,703.0,2555.0,440.0,12,0.0,521.5,0,tripinfo_WestH6ToSaxonSt.181 emissions_WestH6ToSaxonSt.181,gasoline_euro4,1.02,87202.290855,1962813.462664,442.40055,43.180064,857.964109,626073.721648,0.0
WestA509ToAvebury.87,1566.0,773_0,0.0,0.0,0.0,2876.0,213_0,19.13,14.33,1310.0,2327.58,967.0,27,0.0,1147.2,0,tripinfo_WestA509ToAvebury.87 emissions_WestA509ToAvebury.87,gasoline_euro4,1.04,183380.083733,3484515.410154,916.407773,81.638976,1560.060922,1111459.485411,0.0
EastSilburyToEastAvebury.48,1168.0,317_0,0.0,0.0,0.0,2877.0,213_0,19.13,14.28,1709.0,631.03,1538.0,20,0.0,1613.88,0,tripinfo_EastSilburyToEastAvebury.48 emissions_EastSilburyToEastAvebury.48,gasoline_euro4,1.09,264612.131484,4402765.295384,1308.295759,109.05015,2010.641366,1404368.774111,0.0
WestH6ToSaxonSt.145,1740.0,524_0,0.0,0.0,0.0,2877.0,771_1,56.88,12.97,1137.0,2555.02,820.0,19,0.0,939.27,0,tripinfo_WestH6ToSaxonSt.145 emissions_WestH6ToSaxonSt.145,electric,0.94,0.0,0.0,0.0,0.0,0.0,0.0,0.0
EastAveburyToWestA509.229,2430.0,483_1,0.0,0.0,284.0,2881.0,774_1,29.75,12.82,451.0,2237.39,212.0,5,0.0,279.1,0,tripinfo_EastAveburyToWestA509.229 emissions_EastAveburyToWestA509.229,gasoline_euro4,0.96,46418.985268,1190959.075187,238.771939,24.627439,510.46808,379874.926009,0.0
V6ToEastH6.228,2736.0,468_1,0.0,0.0,0.0,2881.0,522_0,56.88,11.47,145.0,1512.23,0.0,0,0.0,15.7,0,tripinfo_V6ToEastH6.228 emissions_V6ToEastH6.228,electric,0.84,0.0,0.0,0.0,0.0,0.0,0.0,0.0
EastAveburyToWestA509.234,2512.0,483_1,0.0,0.0,323.0,2884.0,774_2,29.75,13.15,372.0,2237.66,144.0,5,0.0,199.96,0,tripinfo_EastAveburyToWestA509.234 emissions_EastAveburyToWestA509.234,electric,0.95,0.0,0.0,0.0,0.0,0.0,0.0,0.0
WestA509ToAvebury.93,1674.0,773_0,0.0,0.0,0.0,2885.0,213_0,19.13,12.87,1211.0,2327.58,834.0,28,0.0,1035.39,0,tripinfo_WestA509ToAvebury.93 emissions_WestA509ToAvebury.93,gasoline_euro4,0.96,165777.367504,3208879.580858,829.682601,74.43697,1432.937233,1023538.439095,0.0
EastAveburyToWestA509.230,2433.0,483_1,0.0,0.0,278.0,2885.0,774_0,29.75,12.58,452.0,2244.08,221.0,6,0.0,281.4,0,tripinfo_EastAveburyToWestA509.230 emissions_EastAveburyToWestA509.230,gasoline_euro4,0.97,47671.081265,1232153.234695,245.012704,25.465653,526.391481,393014.294338,0.0
EastAveburyToWestA509.233,2509.0,483_1,0.0,0.0,329.0,2888.0,774_2,29.75,12.59,379.0,2240.45,143.0,5,0.0,200.53,0,tripinfo_EastAveburyToWestA509.233 emissions_EastAveburyToWestA509.233,gasoline_euro4,0.93,33542.867469,973119.103734,175.06175,18.873002,408.382601,310390.17731,0.0
WestA509ToAvebury.63,1134.0,773_0,0.0,0.0,0.0,2889.0,213_0,19.13,11.39,1755.0,2327.58,1367.0,35,0.0,1556.46,0,tripinfo_WestA509ToAvebury.63 emissions_WestA509ToAvebury.63,gasoline_euro4,0.86,253698.20991,4534081.927682,1261.104774,107.417378,2038.05095,1446249.095356,0.0
V6ToEastH6.231,2772.0,468_1,0.0,0.0,0.0,2891.0,522_1,56.88,13.21,119.0,1512.23,0.0,0,0.0,13.02,0,tripinfo_V6ToEastH6.231 emissions_V6ToEastH6.231,electric,1.03,0.0,0.0,0.0,0.0,0.0,0.0,0.0
EastAveburyToWestA509.231,2436.0,483_1,0.0,0.0,273.0,2892.0,774_1,29.75,11.85,456.0,2237.4,205.0,7,0.0,268.84,0,tripinfo_EastAveburyToWestA509.231 emissions_EastAveburyToWestA509.231,electric,0.89,0.0,0.0,0.0,0.0,0.0,0.0,0.0
V6ToEastH6.230,2760.0,468_1,0.0,0.0,0.0,2898.0,522_0,56.88,10.87,138.0,1512.23,0.0,0,0.0,11.1,0,tripinfo_V6ToEastH6.230 emissions_V6ToEastH6.230,gasoline_euro4,0.86,3899.319653,341351.814877,25.417245,4.769103,130.212547,108876.216038,0.0
V6ToEastH6.233,2796.0,468_1,0.0,0.0,0.0,2910.0,522_1,56.88,13.92,114.0,1511.92,0.0,0,0.0,12.7,0,tripinfo_V6ToEastH6.233 emissions_V6ToEastH6.233,gasoline_euro4,1.08,3821.171689,363636.023481,25.15595,5.658932,139.641248,115983.077775,0.0
WestA509ToEastH6.46,1656.0,773_0,0.0,0.0,0.0,2919.0,522_0,56.88,10.85,1263.0,2755.12,844.0,22,0.0,1031.76,0,tripinfo_WestA509ToEastH6.46 emissions_WestA509ToEastH6.46,electric,0.86,0.0,0.0,0.0,0.0,0.0,0.0,0.0
WestA509ToEastH6.47,1692.0,773_0,0.0,0.0,0.0,2922.0,522_0,56.88,11.68,1230.0,2755.12,796.0,23,0.0,1002.87,0,tripinfo_WestA509ToEastH6.47 emissions_WestA509ToEastH6.47,electric,0.88,0.0,0.0,0.0,0.0,0.0,0.0,0.0
SouthEvansGateToSilbury.140,2520.0,526_0,0.0,0.0,0.0,2932.0,215_1,19.43,14.15,412.0,1471.68,254.0,7,0.0,311.26,0,tripinfo_SouthEvansGateToSilbury.140 emissions_SouthEvansGateToSilbury.140,gasoline_euro4,1.06,51984.560918,1175318.633085,263.814428,25.936056,513.907577,374888.223905,0.0
V6ToEastH6.234,2808.0,468_1,0.0,0.0,0.0,2937.0,522_1,56.88,12.08,129.0,1512.23,0.0,0,0.0,12.87,0,tripinfo_V6ToEastH6.234 emissions_V6ToEastH6.234,electric,0.94,0.0,0.0,0.0,0.0,0.0,0.0,0.0
WestH6ToSaxonSt.110,1320.0,524_0,0.0,0.0,0.0,2945.0,771_1,56.88,14.25,1625.0,2555.04,1255.0,27,0.0,1451.72,0,tripinfo_WestH6ToSaxonSt.110 emissions_WestH6ToSaxonSt.110,gasoline_euro4,1.07,235974.244228,4321183.713623,1175.086678,102.410565,1939.993011,1378336.634825,0.0
V6ToEastH6.235,2820.0,468_1,0.0,0.0,0.0,2947.0,522_1,56.88,13.22,127.0,1512.23,0.0,0,0.0,19.68,0,tripinfo_V6ToEastH6.235 emissions_V6ToEastH6.235,gasoline_euro4,1.02,4205.105612,356779.490844,26.891409,5.497946,138.448806,113796.440244,0.0
V6ToEastH6.232,2784.0,468_1,0.0,0.0,0.0,2951.0,522_0,56.88,9.05,167.0,1512.23,0.0,0,0.0,14.02,0,tripinfo_V6ToEastH6.232 emissions_V6ToEastH6.232,gasoline_euro4,0.71,5363.221903,347281.664137,32.274063,4.572835,132.684046,110768.62167,0.0
WestH6ToSaxonSt.183,2196.0,524_0,0.0,0.0,0.0,2952.0,771_1,56.88,12.77,756.0,2555.0,483.0,10,0.0,556.27,0,tripinfo_WestH6ToSaxonSt.183 emissions_WestH6ToSaxonSt.183,gasoline_euro4,0.93,92912.130939,2023281.1597,469.98666,44.27049,883.885777,645363.143557,0.0
WestH6ToSaxonSt.188,2256.0,524_0,0.0,0.0,0.0,2954.0,771_1,56.88,12.6,698.0,2555.0,425.0,14,0.0,504.32,0,tripinfo_WestH6ToSaxonSt.188 emissions_WestH6ToSaxonSt.188,gasoline_euro4,0.96,84324.560574,1912258.906738,428.045995,41.478541,832.416462,609948.725346,0.0
WestH6ToSaxonSt.111,1332.0,524_0,0.0,0.0,0.0,2956.0,771_1,56.88,14.13,1624.0,2555.03,1244.0,29,0.0,1441.3,0,tripinfo_WestH6ToSaxonSt.111 emissions_WestH6ToSaxonSt.111,electric,1.02,0.0,0.0,0.0,0.0,0.0,0.0,0.0
WestH6ToSaxonSt.186,2232.0,524_0,0.0,0.0,0.0,2957.0,771_1,56.88,13.72,725.0,2555.0,458.0,14,0.0,550.67,0,tripinfo_WestH6ToSaxonSt.186 emissions_WestH6ToSaxonSt.186,electric,1.07,0.0,0.0,0.0,0.0,0.0,0.0,0.0
EastAveburyToWestA509.235,2514.0,483_1,0.0,0.0,317.0,2958.0,774_2,29.75,14.88,444.0,2240.46,228.0,7,0.0,298.06,0,tripinfo_EastAveburyToWestA509.235 emissions_EastAveburyToWestA509.235,gasoline_euro4,1.14,48385.084612,1241495.165262,248.879998,26.364969,534.59892,395993.493412,0.0
EastAveburyToWestA509.236,2518.0,483_1,0.0,0.0,312.0,2967.0,774_1,29.75,12.43,449.0,2240.45,216.0,6,0.0,277.13,0,tripinfo_EastAveburyToWestA509.236 emissions_EastAveburyToWestA509.236,gasoline_euro4,0.96,46040.942438,1182413.195905,236.781901,24.252365,504.329927,377149.363507,0.0
WestA509ToAvebury.90,1623.0,773_0,0.0,0.0,3.0,2968.0,213_0,19.13,13.19,1345.0,2327.58,988.0,26,0.0,1177.81,0,tripinfo_WestA509ToAvebury.90 emissions_WestA509ToAvebury.90,electric,1.02,0.0,0.0,0.0,0.0,0.0,0.0,0.0
WestA509ToAvebury.70,1262.0,773_0,0.0,0.0,2.0,2969.0,213_0,19.13,14.54,1707.0,2327.58,1292.0,41,0.0,1557.63,0,tripinfo_WestA509ToAvebury.70 emissions_WestA509ToAvebury.70,electric,1.13,0.0,0.0,0.0,0.0,0.0,0.0,0.0
EastAveburyToWestA509.239,2593.0,483_1,0.0,0.0,362.0,2970.0,774_0,29.75,12.51,377.0,2238.09,153.0,4,0.0,205.56,0,tripinfo_EastAveburyToWestA509.239 emissions_EastAveburyToWestA509.239,electric,0.95,0.0,0.0,0.0,0.0,0.0,0.0,0.0
V6ToEastH6.236,2832.0,468_1,0.0,0.0,0.0,2970.0,522_0,56.88,11.61,138.0,1512.23,0.0,0,0.0,12.0,0,tripinfo_V6ToEastH6.236 emissions_V6ToEastH6.236,electric,0.87,0.0,0.0,0.0,0.0,0.0,0.0,0.0
V6ToEastH6.237,2844.0,468_1,0.0,0.0,0.0,2970.0,522_1,56.88,13.98,126.0,1512.23,0.0,0,0.0,18.09,0,tripinfo_V6ToEastH6.237 emissions_V6ToEastH6.237,gasoline_euro4,1.01,4520.267175,379642.755846,28.912756,5.985447,148.338399,121088.659673,0.0
WestA509ToAvebury.96,1731.0,773_0,0.0,0.0,3.0,2971.0,213_0,19.13,13.79,1240.0,2327.58,885.0,34,0.0,1079.22,0,tripinfo_WestA509ToAvebury.96 emissions_WestA509ToAvebury.96,gasoline_euro4,1.05,172966.19783,3339962.82916,865.295415,77.891933,1493.385534,1065349.943068,0.0
EastAveburyToWestA509.240,2596.0,483_1,0.0,0.0,356.0,2971.0,774_2,29.75,13.36,375.0,2237.44,149.0,5,0.0,205.03,0,tripinfo_EastAveburyToWestA509.240 emissions_EastAveburyToWestA509.240,electric,0.97,0.0,0.0,0.0,0.0,0.0,0.0,0.0
V6ToEastH6.238,2856.0,468_1,0.0,0.0,0.0,2973.0,522_1,56.88,14.69,117.0,1512.23,0.0,0,0.0,14.98,0,tripinfo_V6ToEastH6.238 emissions_V6ToEastH6.238,electric,1.07,0.0,0.0,0.0,0.0,0.0,0.0,0.0
EastAveburyToWestA509.241,2599.0,483_1,0.0,0.0,351.0,2974.0,774_1,29.75,11.82,375.0,2240.45,143.0,5,0.0,199.37,0,tripinfo_EastAveburyToWestA509.241 emissions_EastAveburyToWestA509.241,electric,0.94,0.0,0.0,0.0,0.0,0.0,0.0,0.0
EastAveburyToWestA509.237,2521.0,483_1,0.0,0.0,307.0,2975.0,774_0,29.75,12.7,454.0,2241.02,214.0,7,0.0,272.49,0,tripinfo_EastAveburyToWestA509.237 emissions_EastAveburyToWestA509.237,electric,0.91,0.0,0.0,0.0,0.0,0.0,0.0,0.0
EastAveburyToWestA509.238,2524.0,483_1,0.0,0.0,301.0,2975.0,774_2,29.75,13.84,451.0,2240.46,208.0,5,0.0,284.77,0,tripinfo_EastAveburyToWestA509.238 emissions_EastAveburyToWestA509.238,gasoline_euro4,1.0,47553.026856,1249637.755529,245.583188,26.045189,537.29071,398590.440955,0.0
V6ToEastH6.239,2868.0,468_1,0.0,0.0,0.0,2989.0,522_1,56.88,13.91,121.0,1512.23,0.0,0,0.0,12.7,0,tripinfo_V6ToEastH6.239 emissions_V6ToEastH6.239,electric,1.01,0.0,0.0,0.0,0.0,0.0,0.0,0.0
EastA509ToH6.103,1854.0,770_0,0.0,0.0,0.0,2991.0,522_0,56.88,15.79,1137.0,1445.12,929.0,21,0.0,1037.11,0,tripinfo_EastA509ToH6.103 emissions_EastA509ToH6.103,electric,1.17,0.0,0.0,0.0,0.0,0.0,0.0,0.0
V6ToEastH6.240,2880.0,468_1,0.0,0.0,0.0,3002.0,522_1,56.88,13.34,122.0,1512.23,0.0,0,0.0,14.55,0,tripinfo_V6ToEastH6.240 emissions_V6ToEastH6.240,electric,1.02,0.0,0.0,0.0,0.0,0.0,0.0,0.0
SouthEvansGateToSilbury.139,2502.0,526_0,0.0,0.0,0.0,3007.0,215_1,19.43,12.18,505.0,1471.73,341.0,6,0.0,389.59,0,tripinfo_SouthEvansGateToSilbury.139 emissions_SouthEvansGateToSilbury.139,electric,0.92,0.0,0.0,0.0,0.0,0.0,0.0,0.0
SouthEvansGateToSilbury.142,2556.0,526_0,0.0,0.0,0.0,3009.0,215_1,19.43,13.62,453.0,1471.73,276.0,8,0.0,346.71,0,tripinfo_SouthEvansGateToSilbury.142 emissions_SouthEvansGateToSilbury.142,gasoline_euro4,1.0,56594.128943,1241428.198949,286.54498,27.691043,546.090027,395975.704402,0.0
WestA509ToEastH6.49,1764.0,773_0,0.0,0.0,0.0,3011.0,522_1,56.88,11.64,1247.0,2755.17,819.0,23,0.0,1027.53,0,tripinfo_WestA509ToEastH6.49 emissions_WestA509ToEastH6.49,electric,0.91,0.0,0.0,0.0,0.0,0.0,0.0,0.0
WestA509ToEastH6.48,1728.0,773_0,0.0,0.0,0.0,3013.0,522_0,56.88,9.97,1285.0,2755.12,850.0,21,0.0,1025.31,0,tripinfo_WestA509ToEastH6.48 emissions_WestA509ToEastH6.48,gasoline_euro4,0.77,168207.940453,3278723.166541,842.53852,74.66542,1456.821664,1045817.253529,0.0
SouthEvansGateToSilbury.141,2538.0,526_0,0.0,0.0,0.0,3013.0,215_1,19.43,9.99,475.0,1471.73,285.0,7,0.0,343.89,0,tripinfo_SouthEvansGateToSilbury.141 emissions_SouthEvansGateToSilbury.141,gasoline_euro4,0.81,57704.692406,1234724.592066,291.527907,26.757779,539.003562,393839.231806,0.0
SouthEvansGateToSilbury.143,2574.0,526_0,0.0,0.0,0.0,3015.0,215_1,19.43,12.28,441.0,1471.73,251.0,8,0.0,324.84,0,tripinfo_SouthEvansGateToSilbury.143 emissions_SouthEvansGateToSilbury.143,electric,0.92,0.0,0.0,0.0,0.0,0.0,0.0,0.0
V6ToEastH6.241,2892.0,468_1,0.0,0.0,0.0,3024.0,522_1,56.88,12.28,132.0,1512.23,0.0,0,0.0,13.46,0,tripinfo_V6ToEastH6.241 emissions_V6ToEastH6.241,electric,0.92,0.0,0.0,0.0,0.0,0.0,0.0,0.0
V6ToEastH6.242,2904.0,468_1,0.0,0.0,0.0,3026.0,522_1,56.88,12.88,122.0,1512.23,0.0,0,0.0,12.69,0,tripinfo_V6ToEastH6.242 emissions_V6ToEastH6.242,gasoline_euro4,1.0,3751.572746,354158.975933,24.656034,5.273136,135.447157,112960.60051,0.0
WestH6ToSaxonSt.194,2328.0,524_0,0.0,0.0,0.0,3040.0,771_1,56.88,15.94,712.0,2555.01,449.0,15,0.0,557.86,0,tripinfo_WestH6ToSaxonSt.194 emissions_WestH6ToSaxonSt.194,gasoline_euro4,1.21,90603.894612,2061742.767675,460.269764,45.83104,902.638827,657627.825705,0.0
EastAveburyToWestA509.244,2609.0,483_1,0.0,0.0,335.0,3045.0,774_2,29.75,15.33,436.0,2237.39,220.0,4,0.0,290.59,0,tripinfo_EastAveburyToWestA509.244 emissions_EastAveburyToWestA509.244,gasoline_euro4,1.14,47828.004193,1233161.183774,245.760562,25.864774,528.071262,393335.430373,0.0
V6ToEastH6.243,2916.0,468_1,0.0,0.0,0.0,3045.0,522_1,56.88,12.18,129.0,1512.23,0.0,0,0.0,12.2,0,tripinfo_V6ToEastH6.243 emissions_V6ToEastH6.243,electric,0.94,0.0,0.0,0.0,0.0,0.0,0.0,0.0
V6ToEastH6.244,2928.0,468_1,0.0,0.0,0.0,3046.0,522_1,56.88,14.32,118.0,1512.23,0.0,0,0.0,15.57,0,tripinfo_V6ToEastH6.244 emissions_V6ToEastH6.244,electric,1.07,0.0,0.0,0.0,0.0,0.0,0.0,0.0
EastAveburyToWestA509.242,2603.0,483_1,0.0,0.0,346.0,3048.0,774_2,29.75,14.74,445.0,2240.46,227.0,5,0.0,299.92,0,tripinfo_EastAveburyToWestA509.242 emissions_EastAveburyToWestA509.242,electric,1.15,0.0,0.0,0.0,0.0,0.0,0.0,0.0
EastAveburyToWestA509.246,2680.0,483_1,0.0,0.0,389.0,3053.0,774_2,29.75,14.36,373.0,2237.66,159.0,6,0.0,215.02,0,tripinfo_EastAveburyToWestA509.246 emissions_EastAveburyToWestA509.246,gasoline_euro4,1.04,35696.916191,1039195.477024,186.141885,20.549198,437.475083,331465.665246,0.0
EastSilburyToEastAvebury.41,1056.0,317_0,0.0,0.0,0.0,3054.0,213_0,19.13,13.92,1998.0,680.89,1810.0,29,0.0,1948.91,0,tripinfo_EastSilburyToEastAvebury.41 emissions_EastSilburyToEastAvebury.41,electric,1.02,0.0,0.0,0.0,0.0,0.0,0.0,0.0
WestH6ToSaxonSt.195,2340.0,524_0,0.0,0.0,0.0,3055.0,771_1,56.88,10.78,715.0,2555.01,420.0,15,0.0,491.22,0,tripinfo_WestH6ToSaxonSt.195 emissions_WestH6ToSaxonSt.195,electric,0.83,0.0,0.0,0.0,0.0,0.0,0.0,0.0
WestA509ToAvebury.98,1767.0,773_0,0.0,0.0,3.0,3056.0,213_0,19.13,14.06,1289.0,2327.58,901.0,28,0.0,1129.37,0,tripinfo_WestA509ToAvebury.98 emissions_WestA509ToAvebury.98,gasoline_euro4,1.06,177943.518164,3421368.454201,890.26198,79.742553,1530.776157,1091316.459447,0.0
WestH6ToSaxonSt.112,1344.0,524_0,0.0,0.0,0.0,3057.0,771_1,56.88,12.34,1713.0,2555.04,1336.0,31,0.0,1519.99,0,tripinfo_WestH6ToSaxonSt.112 emissions_WestH6ToSaxonSt.112,electric,0.97,0.0,0.0,0.0,0.0,0.0,0.0,0.0
EastAveburyToWestA509.243,2606.0,483_1,0.0,0.0,341.0,3062.0,774_2,29.75,12.66,456.0,2240.45,205.0,6,0.0,279.33,0,tripinfo_EastAveburyToWestA509.243 emissions_EastAveburyToWestA509.243,gasoline_euro4,0.94,47243.375845,1206071.452617,243.146517,25.06086,518.331157,384695.261194,0.0
EastAveburyToWestA509.245,2612.0,483_1,0.0,0.0,330.0,3062.0,774_0,29.75,11.84,450.0,2237.86,211.0,6,0.0,266.59,0,tripinfo_EastAveburyToWestA509.245 emissions_EastAveburyToWestA509.245,gasoline_euro4,0.9,44751.867571,1147554.38243,230.15541,23.19817,487.926926,366031.028913,0.0
EastAveburyToWestA509.247,2683.0,483_1,0.0,0.0,384.0,3062.0,774_1,29.75,13.43,379.0,2244.08,141.0,5,0.0,210.49,0,tripinfo_EastAveburyToWestA509.247 emissions_EastAveburyToWestA509.247,gasoline_euro4,0.98,35349.391201,1042021.835611,185.018117,20.956613,442.585383,332366.419394,0.0
WestA509ToAvebury.95,1710.0,773_0,0.0,0.0,0.0,3064.0,213_0,19.13,12.6,1354.0,2327.58,977.0,34,0.0,1178.03,0,tripinfo_WestA509ToAvebury.95 emissions_WestA509ToAvebury.95,gasoline_euro4,0.96,190562.013619,3595611.465106,951.665284,84.209881,1610.633781,1146896.725222,0.0
V6ToEastH6.246,2952.0,468_1,0.0,0.0,0.0,3066.0,522_1,56.88,15.21,114.0,1512.23,0.0,0,0.0,14.96,0,tripinfo_V6ToEastH6.246 emissions_V6ToEastH6.246,electric,1.1,0.0,0.0,0.0,0.0,0.0,0.0,0.0
EastAveburyToWestA509.248,2687.0,483_1,0.0,0.0,379.0,3067.0,774_1,29.75,11.74,380.0,2240.45,138.0,5,0.0,189.48,0,tripinfo_EastAveburyToWestA509.248 emissions_EastAveburyToWestA509.248,gasoline_euro4,0.87,33284.399436,966503.641197,173.750777,18.513295,404.684026,308280.311933,0.0
V6ToEastH6.245,2940.0,468_1,0.0,0.0,0.0,3074.0,522_1,56.88,11.78,134.0,1512.23,0.0,0,0.0,14.62,0,tripinfo_V6ToEastH6.245 emissions_V6ToEastH6.245,electric,0.92,0.0,0.0,0.0,0.0,0.0,0.0,0.0
EastA509ToH6.105,1890.0,770_0,0.0,0.0,0.0,3083.0,522_0,56.88,13.72,1193.0,1483.69,996.0,14,0.0,1086.07,0,tripinfo_EastA509ToH6.105 emissions_EastA509ToH6.105,gasoline_euro4,1.0,178087.670059,3188498.223899,885.233928,76.389536,1437.755768,1017043.220526,0.0
WestA509ToEastH6.50,1800.0,773_0,0.0,0.0,0.0,3090.0,522_0,56.88,12.31,1290.0,2755.17,884.0,19,0.0,1066.63,0,tripinfo_WestA509ToEastH6.50 emissions_WestA509ToEastH6.50,gasoline_euro4,0.9,171532.102171,3342664.794344,858.836017,76.683381,1486.536556,1066212.301445,0.0
V6ToEastH6.247,2964.0,468_1,0.0,0.0,0.0,3095.0,522_1,56.88,12.34,131.0,1512.23,0.0,0,0.0,12.95,0,tripinfo_V6ToEastH6.247 emissions_V6ToEastH6.247,electric,0.93,0.0,0.0,0.0,0.0,0.0,0.0,0.0
V6ToEastH6.248,2976.0,468_1,0.0,0.0,0.0,3096.0,522_1,56.88,13.75,120.0,1512.23,0.0,0,0.0,18.3,0,tripinfo_V6ToEastH6.248 emissions_V6ToEastH6.248,electric,1.07,0.0,0.0,0.0,0.0,0.0,0.0,0.0
WestA509ToEastH6.51,1836.0,773_0,0.0,0.0,0.0,3101.0,522_0,56.88,14.9,1265.0,2755.17,855.0,25,0.0,1078.54,0,tripinfo_WestA509ToEastH6.51 emissions_WestA509ToEastH6.51,gasoline_euro4,1.08,171626.970431,3394198.187293,860.037576,78.067803,1508.416276,1082648.083815,0.0
V6ToEastH6.249,2988.0,468_1,0.0,0.0,0.0,3115.0,522_1,56.88,12.9,127.0,1512.23,0.0,0,0.0,14.56,0,tripinfo_V6ToEastH6.249 emissions_V6ToEastH6.249,gasoline_euro4,0.97,4032.372437,353885.198143,26.137191,5.345311,136.571964,112873.365407,0.0
WestH6ToSaxonSt.180,2160.0,524_0,0.0,0.0,0.0,3122.0,771_1,56.88,14.22,962.0,2555.0,675.0,15,0.0,787.56,0,tripinfo_WestH6ToSaxonSt.180 emissions_WestH6ToSaxonSt.180,electric,1.07,0.0,0.0,0.0,0.0,0.0,0.0,0.0
V6ToEastH6.250,3000.0,468_1,0.0,0.0,0.0,3125.0,522_1,56.88,12.84,125.0,1512.23,0.0,0,0.0,14.33,0,tripinfo_V6ToEastH6.250 emissions_V6ToEastH6.250,electric,0.99,0.0,0.0,0.0,0.0,0.0,0.0,0.0
V6ToEastH6.251,3012.0,468_1,0.0,0.0,0.0,3126.0,522_1,56.88,13.83,114.0,1512.23,0.0,0,0.0,22.42,0,tripinfo_V6ToEastH6.251 emissions_V6ToEastH6.251,gasoline_euro4,1.19,4839.57945,408869.351063,30.747601,6.831445,160.638061,130410.142161,0.0
WestH6ToSaxonSt.176,2112.0,524_0,0.0,0.0,0.0,3133.0,771_1,56.88,11.13,1021.0,2554.99,690.0,16,0.0,805.64,0,tripinfo_WestH6ToSaxonSt.176 emissions_WestH6ToSaxonSt.176,gasoline_euro4,0.87,132563.565009,2663031.174162,665.647675,59.881373,1175.550188,849427.925231,0.0
WestH6ToSaxonSt.114,1368.0,524_0,0.0,0.0,0.0,3134.0,771_1,56.88,13.68,1766.0,2555.07,1410.0,28,0.0,1609.79,0,tripinfo_WestH6ToSaxonSt.114 emissions_WestH6ToSaxonSt.114,gasoline_euro4,1.19,259475.197102,4700057.096884,1291.086459,112.219497,2114.606882,1499187.550025,0.0
EastAveburyToWestA509.251,2696.0,483_1,0.0,0.0,363.0,3134.0,774_2,29.75,15.53,438.0,2237.39,216.0,5,0.0,293.37,0,tripinfo_EastAveburyToWestA509.251 emissions_EastAveburyToWestA509.251,electric,1.14,0.0,0.0,0.0,0.0,0.0,0.0,0.0
EastAveburyToWestA509.249,2690.0,483_1,0.0,0.0,374.0,3136.0,774_2,29.75,15.56,446.0,2240.44,227.0,5,0.0,305.29,0,tripinfo_EastAveburyToWestA509.249 emissions_EastAveburyToWestA509.249,electric,1.18,0.0,0.0,0.0,0.0,0.0,0.0,0.0
WestH6ToSaxonSt.207,2484.0,524_0,0.0,0.0,0.0,3136.0,771_1,56.88,13.38,652.0,2555.02,390.0,11,0.0,470.34,0,tripinfo_WestH6ToSaxonSt.207 emissions_WestH6ToSaxonSt.207,gasoline_euro4,1.03,77858.434336,1796481.136257,395.993682,38.87988,780.742743,573018.625022,0.0
WestA509ToAvebury.99,1782.0,773_0,0.0,0.0,0.0,3137.0,213_0,19.13,13.59,1355.0,2327.58,953.0,29,0.0,1182.74,0,tripinfo_WestA509ToAvebury.99 emissions_WestA509ToAvebury.99,gasoline_euro4,0.99,187388.313021,3545164.064673,936.219992,83.273868,1590.559153,1130804.808689,0.0
WestH6ToSaxonSt.192,2304.0,524_0,0.0,0.0,0.0,3138.0,771_1,56.88,12.67,834.0,2555.01,529.0,16,0.0,644.78,0,tripinfo_WestH6ToSaxonSt.192 emissions_WestH6ToSaxonSt.192,electric,0.98,0.0,0.0,0.0,0.0,0.0,0.0,0.0
WestH6ToSaxonSt.201,2412.0,524_0,0.0,0.0,0.0,3139.0,771_1,56.88,14.23,727.0,2555.01,455.0,14,0.0,562.49,0,tripinfo_WestH6ToSaxonSt.201 emissions_WestH6ToSaxonSt.201,electric,1.13,0.0,0.0,0.0,0.0,0.0,0.0,0.0
WestH6ToSaxonSt.82,984.0,524_0,0.0,0.0,0.0,3141.0,771_1,56.88,14.2,2157.0,2765.47,1704.0,38,0.0,1965.44,0,tripinfo_WestH6ToSaxonSt.82 emissions_WestH6ToSaxonSt.82,gasoline_euro4,1.09,318929.971017,5781406.858414,1587.468431,138.376502,2607.580988,1844107.315535,0.0
WestA509ToAvebury.79,1422.0,773_0,0.0,0.0,0.0,3143.0,213_0,19.13,11.24,1721.0,2327.58,1295.0,34,0.0,1524.53,0,tripinfo_WestA509ToAvebury.79 emissions_WestA509ToAvebury.79,electric,0.86,0.0,0.0,0.0,0.0,0.0,0.0,0.0
EastAveburyToWestA509.250,2693.0,483_1,0.0,0.0,368.0,3144.0,774_1,29.75,13.68,451.0,2240.45,217.0,5,0.0,284.19,0,tripinfo_EastAveburyToWestA509.250 emissions_EastAveburyToWestA509.250,electric,0.99,0.0,0.0,0.0,0.0,0.0,0.0,0.0
EastAveburyToWestA509.253,2768.0,483_1,0.0,0.0,418.0,3145.0,774_2,29.75,14.45,377.0,2237.65,158.0,5,0.0,221.82,0,tripinfo_EastAveburyToWestA509.253 emissions_EastAveburyToWestA509.253,electric,1.05,0.0,0.0,0.0,0.0,0.0,0.0,0.0
WestA509ToAvebury.84,1515.0,773_0,0.0,0.0,3.0,3148.0,213_0,19.13,14.66,1633.0,2276.61,1257.0,28,0.0,1474.33,0,tripinfo_WestA509ToAvebury.84 emissions_WestA509ToAvebury.84,electric,1.14,0.0,0.0,0.0,0.0,0.0,0.0,0.0
EastAveburyToWestA509.252,2699.0,483_1,0.0,0.0,357.0,3149.0,774_1,29.75,12.48,450.0,2240.45,219.0,6,0.0,277.32,0,tripinfo_EastAveburyToWestA509.252 emissions_EastAveburyToWestA509.252,electric,0.96,0.0,0.0,0.0,0.0,0.0,0.0,0.0
EastSilburyToEastAvebury.42,1072.0,317_0,0.0,0.0,0.0,3152.0,213_0,19.13,10.81,2080.0,680.89,1882.0,30,0.0,2021.0,0,tripinfo_EastSilburyToEastAvebury.42 emissions_EastSilburyToEastAvebury.42,electric,0.86,0.0,0.0,0.0,0.0,0.0,0.0,0.0
EastAveburyToWestA509.255,2775.0,483_1,0.0,0.0,408.0,3153.0,774_0,29.75,11.7,378.0,2244.09,140.0,4,0.0,198.0,0,tripinfo_EastAveburyToWestA509.255 emissions_EastAveburyToWestA509.255,gasoline_euro4,0.92,33915.508392,986014.639188,177.026367,19.413637,416.152346,314502.98294,0.0
V6ToEastH6.252,3024.0,468_1,0.0,0.0,0.0,3155.0,522_1,56.88,12.4,131.0,1512.23,0.0,0,0.0,14.03,0,tripinfo_V6ToEastH6.252 emissions_V6ToEastH6.252,gasoline_euro4,0.94,4013.481761,362130.22142,26.161368,5.183743,137.991445,115503.416276,0.0
EastAveburyToWestA509.254,2772.0,483_1,0.0,0.0,413.0,3157.0,774_0,29.75,11.26,385.0,2240.94,141.0,5,0.0,196.2,0,tripinfo_EastAveburyToWestA509.254 emissions_EastAveburyToWestA509.254,gasoline_euro4,0.88,34506.949322,998928.245145,180.140794,19.306581,419.466003,318622.46881,0.0
V6ToEastH6.253,3036.0,468_1,0.0,0.0,0.0,3157.0,522_1,56.88,13.88,121.0,1512.23,0.0,0,0.0,18.09,0,tripinfo_V6ToEastH6.253 emissions_V6ToEastH6.253,gasoline_euro4,1.06,4576.149101,382938.134157,29.25052,6.131294,149.44695,122139.680069,0.0
V6ToEastH6.254,3048.0,468_1,0.0,0.0,0.0,3168.0,522_1,56.88,13.76,120.0,1512.23,0.0,0,0.0,13.35,0,tripinfo_V6ToEastH6.254 emissions_V6ToEastH6.254,electric,1.02,0.0,0.0,0.0,0.0,0.0,0.0,0.0
V6ToEastH6.255,3060.0,468_1,0.0,0.0,0.0,3173.0,522_1,56.88,14.82,113.0,1512.23,0.0,0,0.0,14.33,0,tripinfo_V6ToEastH6.255 emissions_V6ToEastH6.255,gasoline_euro4,1.1,4296.183363,393778.234863,27.8071,6.232622,151.66654,125596.987896,0.0
WestA509ToEastH6.52,1872.0,773_0,0.0,0.0,0.0,3177.0,522_0,56.88,13.56,1305.0,2755.17,875.0,24,0.0,1114.02,0,tripinfo_WestA509ToEastH6.52 emissions_WestA509ToEastH6.52,electric,1.05,0.0,0.0,0.0,0.0,0.0,0.0,0.0
SouthEvansGateToSilbury.144,2592.0,526_0,0.0,0.0,0.0,3184.0,215_1,19.43,11.29,592.0,1471.71,406.0,15,0.0,472.59,0,tripinfo_SouthEvansGateToSilbury.144 emissions_SouthEvansGateToSilbury.144,electric,0.89,0.0,0.0,0.0,0.0,0.0,0.0,0.0
SouthEvansGateToSilbury.145,2610.0,526_0,0.0,0.0,0.0,3188.0,215_1,19.43,9.73,578.0,1471.7,372.0,14,0.0,440.13,0,tripinfo_SouthEvansGateToSilbury.145 emissions_SouthEvansGateToSilbury.145,electric,0.77,0.0,0.0,0.0,0.0,0.0,0.0,0.0
SouthEvansGateToSilbury.146,2628.0,526_0,0.0,0.0,0.0,3190.0,215_1,19.43,13.97,562.0,1471.73,358.0,15,0.0,460.4,0,tripinfo_SouthEvansGateToSilbury.146 emissions_SouthEvansGateToSilbury.146,electric,1.05,0.0,0.0,0.0,0.0,0.0,0.0,0.0
SouthEvansGateToSilbury.147,2646.0,526_0,0.0,0.0,0.0,3191.0,215_1,19.43,13.13,545.0,1471.73,336.0,13,0.0,435.06,0,tripinfo_SouthEvansGateToSilbury.147 emissions_SouthEvansGateToSilbury.147,electric,0.96,0.0,0.0,0.0,0.0,0.0,0.0,0.0
SouthEvansGateToSilbury.148,2664.0,526_0,0.0,0.0,0.0,3193.0,215_1,19.43,12.82,529.0,1471.73,322.0,12,0.0,418.24,0,tripinfo_SouthEvansGateToSilbury.148 emissions_SouthEvansGateToSilbury.148,electric,0.96,0.0,0.0,0.0,0.0,0.0,0.0,0.0
V6ToEastH6.256,3072.0,468_1,0.0,0.0,0.0,3196.0,522_1,56.88,12.96,124.0,1512.23,0.0,0,0.0,17.46,0,tripinfo_V6ToEastH6.256 emissions_V6ToEastH6.256,gasoline_euro4,1.03,4367.877105,377800.814531,27.985225,5.848414,146.231743,120501.213912,0.0
V6ToEastH6.257,3084.0,468_1,0.0,0.0,0.0,3215.0,522_1,56.88,12.52,131.0,1512.23,0.0,0,0.0,12.99,0,tripinfo_V6ToEastH6.257 emissions_V6ToEastH6.257,gasoline_euro4,0.93,3933.155523,358628.501883,25.790392,5.137205,137.016555,114386.473647,0.0
V6ToEastH6.258,3096.0,468_1,0.0,0.0,0.0,3217.0,522_1,56.88,13.7,121.0,1512.23,0.0,0,0.0,14.28,0,tripinfo_V6ToEastH6.258 emissions_V6ToEastH6.258,electric,1.03,0.0,0.0,0.0,0.0,0.0,0.0,0.0
WestH6ToSaxonSt.203,2436.0,524_0,0.0,0.0,0.0,3224.0,771_1,56.88,12.97,788.0,2555.02,508.0,18,0.0,595.53,0,tripinfo_WestH6ToSaxonSt.203 emissions_WestH6ToSaxonSt.203,gasoline_euro4,0.97,98842.344714,2132787.060548,499.176867,46.910284,932.374604,680292.39543,0.0
WestH6ToSaxonSt.115,1380.0,524_0,0.0,0.0,0.0,3228.0,771_1,56.88,11.72,1848.0,2555.06,1445.0,34,0.0,1649.09,0,tripinfo_WestH6ToSaxonSt.115 emissions_WestH6ToSaxonSt.115,gasoline_euro4,0.94,268837.907592,4821281.766483,1336.819608,114.64464,2168.479553,1537857.037981,0.0
WestH6ToSaxonSt.116,1392.0,524_0,0.0,0.0,0.0,3230.0,771_1,56.88,13.58,1838.0,2555.04,1450.0,35,0.0,1659.77,0,tripinfo_WestH6ToSaxonSt.116 emissions_WestH6ToSaxonSt.116,electric,1.05,0.0,0.0,0.0,0.0,0.0,0.0,0.0
EastAveburyToWestA509.256,2778.0,483_1,0.0,0.0,402.0,3230.0,774_1,29.75,13.97,452.0,2244.08,226.0,5,0.0,293.88,0,tripinfo_EastAveburyToWestA509.256 emissions_EastAveburyToWestA509.256,electric,1.05,0.0,0.0,0.0,0.0,0.0,0.0,0.0
WestA509ToAvebury.102,1839.0,773_0,0.0,0.0,3.0,3232.0,213_0,19.13,14.82,1393.0,2327.58,1006.0,34,0.0,1242.59,0,tripinfo_WestA509ToAvebury.102 emissions_WestA509ToAvebury.102,gasoline_euro4,1.13,196708.908203,3725736.467049,982.429673,87.577061,1669.710909,1188401.999703,0.0
EastAveburyToWestA509.257,2781.0,483_1,0.0,0.0,397.0,3232.0,774_2,29.75,12.71,451.0,2240.45,216.0,5,0.0,277.62,0,tripinfo_EastAveburyToWestA509.257 emissions_EastAveburyToWestA509.257,electric,0.96,0.0,0.0,0.0,0.0,0.0,0.0,0.0
WestA509ToAvebury.105,1890.0,773_0,0.0,0.0,0.0,3233.0,213_0,19.13,14.54,1343.0,2327.58,956.0,33,0.0,1185.38,0,tripinfo_WestA509ToAvebury.105 emissions_WestA509ToAvebury.105,gasoline_euro4,1.07,187117.983965,3543549.129903,934.422545,83.021108,1586.324017,1130289.85941,0.0
EastAveburyToWestA509.260,2790.0,483_1,0.0,0.0,380.0,3233.0,774_1,29.75,13.95,443.0,2241.29,219.0,5,0.0,289.49,0,tripinfo_EastAveburyToWestA509.260 emissions_EastAveburyToWestA509.260,gasoline_euro4,1.07,49013.208713,1287440.436874,252.586889,27.162507,553.380254,410647.850499,0.0
V6ToEastH6.259,3108.0,468_1,0.0,0.0,0.0,3233.0,522_1,56.88,13.51,125.0,1512.23,0.0,0,0.0,12.66,0,tripinfo_V6ToEastH6.259 emissions_V6ToEastH6.259,electric,0.98,0.0,0.0,0.0,0.0,0.0,0.0,0.0
EastAveburyToWestA509.258,2784.0,483_1,0.0,0.0,391.0,3235.0,774_1,29.75,12.44,451.0,2237.39,213.0,6,0.0,274.8,0,tripinfo_EastAveburyToWestA509.258 emissions_EastAveburyToWestA509.258,electric,0.94,0.0,0.0,0.0,0.0,0.0,0.0,0.0
WestA509ToAvebury.89,1602.0,773_0,0.0,0.0,0.0,3236.0,213_0,19.13,13.06,1634.0,2327.58,1242.0,35,0.0,1469.36,0,tripinfo_WestA509ToAvebury.89 emissions_WestA509ToAvebury.89,electric,1.03,0.0,0.0,0.0,0.0,0.0,0.0,0.0
EastAveburyToWestA509.259,2787.0,483_1,0.0,0.0,386.0,3237.0,774_2,29.75,13.25,450.0,2240.45,201.0,7,0.0,279.49,0,tripinfo_EastAveburyToWestA509.259 emissions_EastAveburyToWestA509.259,gasoline_euro4,0.97,46038.122718,1200526.658862,237.196364,24.67545,513.321365,382926.355085,0.0
EastAveburyToWestA509.262,2859.0,483_1,0.0,0.0,432.0,3238.0,774_2,29.75,15.08,379.0,2237.39,135.0,6,0.0,227.95,0,tripinfo_EastAveburyToWestA509.262 emissions_EastAveburyToWestA509.262,gasoline_euro4,1.1,34239.44026,1030750.067161,179.752397,20.598304,437.869694,328770.778472,0.0
V6ToEastH6.260,3120.0,468_1,0.0,0.0,0.0,3240.0,522_1,56.88,13.51,120.0,1512.23,0.0,0,0.0,12.75,0,tripinfo_V6ToEastH6.260 emissions_V6ToEastH6.260,electric,1.02,0.0,0.0,0.0,0.0,0.0,0.0,0.0
EastAveburyToWestA509.261,2857.0,483_1,0.0,0.0,439.0,3250.0,774_0,29.75,10.9,393.0,2240.46,134.0,3,0.0,183.85,0,tripinfo_EastAveburyToWestA509.261 emissions_EastAveburyToWestA509.261,electric,0.79,0.0,0.0,0.0,0.0,0.0,0.0,0.0
EastAveburyToWestA509.263,2863.0,483_1,0.0,0.0,428.0,3253.0,774_1,29.75,9.95,390.0,2240.45,130.0,3,0.0,182.32,0,tripinfo_EastAveburyToWestA509.263 emissions_EastAveburyToWestA509.263,gasoline_euro4,0.8,32819.654992,956865.515884,171.620532,18.251324,401.636604,305205.990215,0.0
WestA509ToEastH6.53,1908.0,773_0,0.0,0.0,0.0,3257.0,522_0,56.88,13.8,1349.0,2755.12,941.0,30,0.0,1156.22,0,tripinfo_WestA509ToEastH6.53 emissions_WestA509ToEastH6.53,electric,1.03,0.0,0.0,0.0,0.0,0.0,0.0,0.0
V6ToEastH6.261,3132.0,468_1,0.0,0.0,0.0,3266.0,522_1,56.88,12.05,134.0,1512.23,0.0,0,0.0,13.72,0,tripinfo_V6ToEastH6.261 emissions_V6ToEastH6.261,electric,0.91,0.0,0.0,0.0,0.0,0.0,0.0,0.0
WestA509ToEastH6.43,1548.0,773_0,0.0,0.0,0.0,3269.0,522_0,56.88,12.82,1721.0,2749.93,1321.0,25,0.0,1515.86,0,tripinfo_WestA509ToEastH6.43 emissions_WestA509ToEastH6.43,electric,0.97,0.0,0.0,0.0,0.0,0.0,0.0,0.0
V6ToEastH6.262,3144.0,468_1,0.0,0.0,0.0,3273.0,522_1,56.88,12.55,129.0,1512.23,0.0,0,0.0,16.31,0,tripinfo_V6ToEastH6.262 emissions_V6ToEastH6.262,electric,0.97,0.0,0.0,0.0,0.0,0.0,0.0,0.0
SouthEvansGateToSilbury.149,2682.0,526_0,0.0,0.0,0.0,3275.0,215_1,19.43,14.17,593.0,1471.73,410.0,16,0.0,490.77,0,tripinfo_SouthEvansGateToSilbury.149 emissions_SouthEvansGateToSilbury.149,electric,1.04,0.0,0.0,0.0,0.0,0.0,0.0,0.0
SouthEvansGateToSilbury.150,2700.0,526_0,0.0,0.0,0.0,3277.0,215_1,19.43,14.93,577.0,1471.7,376.0,17,0.0,478.26,0,tripinfo_SouthEvansGateToSilbury.150 emissions_SouthEvansGateToSilbury.150,electric,1.08,0.0,0.0,0.0,0.0,0.0,0.0,0.0
WestA509ToEastH6.54,1944.0,773_0,0.0,0.0,0.0,3279.0,522_0,56.88,11.85,1335.0,2755.17,883.0,25,0.0,1113.74,0,tripinfo_WestA509ToEastH6.54 emissions_WestA509ToEastH6.54,electric,0.9,0.0,0.0,0.0,0.0,0.0,0.0,0.0
SouthEvansGateToSilbury.151,2718.0,526_0,0.0,0.0,0.0,3280.0,215_1,19.43,12.64,562.0,1471.73,361.0,13,0.0,455.12,0,tripinfo_SouthEvansGateToSilbury.151 emissions_SouthEvansGateToSilbury.151,electric,1.0,0.0,0.0,0.0,0.0,0.0,0.0,0.0
V6ToEastH6.264,3168.0,468_1,0.0,0.0,0.0,3280.0,522_1,56.88,14.59,112.0,1512.23,0.0,0,0.0,13.88,0,tripinfo_V6ToEastH6.264 emissions_V6ToEastH6.264,gasoline_euro4,1.11,4316.348952,376705.219269,27.905642,6.280042,148.299181,120151.251304,0.0
SouthEvansGateToSilbury.152,2736.0,526_0,0.0,0.0,0.0,3281.0,215_1,19.43,14.82,545.0,1471.73,347.0,12,0.0,449.53,0,tripinfo_SouthEvansGateToSilbury.152 emissions_SouthEvansGateToSilbury.152,gasoline_euro4,1.11,71303.845664,1511572.257853,359.871727,34.451707,669.620373,482143.646823,0.0
V6ToEastH6.263,3156.0,468_1,0.0,0.0,0.0,3286.0,522_1,56.88,12.73,130.0,1512.23,0.0,0,0.0,18.18,0,tripinfo_V6ToEastH6.263 emissions_V6ToEastH6.263,electric,0.98,0.0,0.0,0.0,0.0,0.0,0.0,0.0
WestH6ToSaxonSt.191,2292.0,524_0,0.0,0.0,0.0,3299.0,771_1,56.88,13.87,1007.0,2555.0,688.0,21,0.0,825.54,0,tripinfo_WestH6ToSaxonSt.191 emissions_WestH6ToSaxonSt.191,gasoline_euro4,1.03,133926.511769,2728011.151033,672.805681,61.932558,1206.454479,870152.698383,0.0
WestH6ToSaxonSt.189,2268.0,524_0,0.0,0.0,0.0,3310.0,771_1,56.88,10.28,1042.0,2555.0,713.0,23,0.0,818.02,0,tripinfo_WestH6ToSaxonSt.189 emissions_WestH6ToSaxonSt.189,gasoline_euro4,0.83,135883.43311,2689635.677611,681.540729,60.615917,1188.806673,857915.045974,0.0
WestH6ToSaxonSt.208,2496.0,524_0,0.0,0.0,0.0,3313.0,771_1,56.88,14.39,817.0,2555.01,514.0,22,0.0,640.28,0,tripinfo_WestH6ToSaxonSt.208 emissions_WestH6ToSaxonSt.208,electric,1.06,0.0,0.0,0.0,0.0,0.0,0.0,0.0
WestH6ToSaxonSt.117,1404.0,524_0,0.0,0.0,0.0,3314.0,771_1,56.88,15.44,1910.0,2555.05,1524.0,32,0.0,1747.08,0,tripinfo_WestH6ToSaxonSt.117 emissions_WestH6ToSaxonSt.117,electric,1.14,0.0,0.0,0.0,0.0,0.0,0.0,0.0
V6ToEastH6.265,3180.0,468_1,0.0,0.0,0.0,3316.0,522_0,56.88,11.08,136.0,1512.23,0.0,0,0.0,12.52,0,tripinfo_V6ToEastH6.265 emissions_V6ToEastH6.265,gasoline_euro4,0.88,3978.50284,347322.130026,25.920713,4.876097,132.537068,110780.464967,0.0
EastAveburyToWestA509.266,2872.0,483_1,0.0,0.0,411.0,3318.0,774_1,29.75,12.91,446.0,2237.39,213.0,4,0.0,278.24,0,tripinfo_EastAveburyToWestA509.266 emissions_EastAveburyToWestA509.266,electric,0.99,0.0,0.0,0.0,0.0,0.0,0.0,0.0
EastAveburyToWestA509.267,2875.0,483_1,0.0,0.0,406.0,3318.0,774_2,29.75,17.72,443.0,2237.61,239.0,5,0.0,317.2,0,tripinfo_EastAveburyToWestA509.267 emissions_EastAveburyToWestA509.267,electric,1.3,0.0,0.0,0.0,0.0,0.0,0.0,0.0
EastSilburyToEastAvebury.43,1088.0,317_0,0.0,0.0,0.0,3319.0,213_0,19.13,12.84,2231.0,680.89,2028.0,34,0.0,2181.28,0,tripinfo_EastSilburyToEastAvebury.43 emissions_EastSilburyToEastAvebury.43,electric,1.01,0.0,0.0,0.0,0.0,0.0,0.0,0.0
EastAveburyToWestA509.264,2866.0,483_1,0.0,0.0,422.0,3321.0,774_1,29.75,12.76,455.0,2243.6,217.0,5,0.0,289.88,0,tripinfo_EastAveburyToWestA509.264 emissions_EastAveburyToWestA509.264,electric,1.0,0.0,0.0,0.0,0.0,0.0,0.0,0.0
EastAveburyToWestA509.265,2869.0,483_1,0.0,0.0,417.0,3323.0,774_1,29.75,14.08,454.0,2244.08,202.0,4,0.0,297.42,0,tripinfo_EastAveburyToWestA509.265 emissions_EastAveburyToWestA509.265,electric,1.06,0.0,0.0,0.0,0.0,0.0,0.0,0.0
V6ToEastH6.267,3204.0,468_1,0.0,0.0,0.0,3323.0,522_1,56.88,14.38,119.0,1512.23,0.0,0,0.0,15.85,0,tripinfo_V6ToEastH6.267 emissions_V6ToEastH6.267,gasoline_euro4,1.06,4436.609989,381687.959598,28.677772,6.242316,150.125189,121740.695874,0.0
WestA509ToAvebury.107,1926.0,773_0,0.0,0.0,0.0,3325.0,213_0,19.13,9.8,1399.0,2327.58,978.0,27,0.0,1166.66,0,tripinfo_WestA509ToAvebury.107 emissions_WestA509ToAvebury.107,gasoline_euro4,0.73,190859.825444,3544640.625365,951.929535,82.347264,1585.993749,1130641.014625,0.0
WestA509ToAvebury.97,1746.0,773_0,0.0,0.0,0.0,3327.0,213_0,19.13,13.77,1581.0,2327.58,1159.0,31,0.0,1414.62,0,tripinfo_WestA509ToAvebury.97 emissions_WestA509ToAvebury.97,gasoline_euro4,1.02,224984.66786,4139384.860434,1121.273583,97.940324,1861.51445,1320347.186141,0.0
WestA509ToAvebury.112,2019.0,773_0,0.0,0.0,3.0,3328.0,213_0,19.13,13.15,1309.0,2327.58,929.0,20,0.0,1138.87,0,tripinfo_WestA509ToAvebury.112 emissions_WestA509ToAvebury.112,gasoline_euro4,0.99,181628.270289,3456173.668849,907.71131,80.662872,1546.289679,1102419.41908,0.0
EastAveburyToWestA509.268,2944.0,483_1,0.0,0.0,466.0,3328.0,774_1,29.75,11.68,384.0,2237.39,149.0,5,0.0,196.45,0,tripinfo_EastAveburyToWestA509.268 emissions_EastAveburyToWestA509.268,gasoline_euro4,0.88,34556.042765,992979.186847,180.206614,19.218043,416.773446,316725.090562,0.0
EastAveburyToWestA509.271,2954.0,483_1,0.0,0.0,451.0,3329.0,774_2,29.75,12.2,375.0,2237.39,143.0,4,0.0,198.58,0,tripinfo_EastAveburyToWestA509.271 emissions_EastAveburyToWestA509.271,electric,0.94,0.0,0.0,0.0,0.0,0.0,0.0,0.0
EastAveburyToWestA509.269,2948.0,483_1,0.0,0.0,462.0,3330.0,774_1,29.75,12.59,382.0,2240.45,143.0,5,0.0,208.59,0,tripinfo_EastAveburyToWestA509.269 emissions_EastAveburyToWestA509.269,electric,0.95,0.0,0.0,0.0,0.0,0.0,0.0,0.0
EastAveburyToWestA509.270,2951.0,483_1,0.0,0.0,456.0,3332.0,774_1,29.75,13.3,381.0,2237.65,142.0,4,0.0,210.32,0,tripinfo_EastAveburyToWestA509.270 emissions_EastAveburyToWestA509.270,electric,0.96,0.0,0.0,0.0,0.0,0.0,0.0,0.0
V6ToEastH6.266,3192.0,468_1,0.0,0.0,0.0,3333.0,522_0,56.88,10.97,141.0,1512.23,0.0,0,0.0,11.8,0,tripinfo_V6ToEastH6.266 emissions_V6ToEastH6.266,gasoline_euro4,0.85,3946.040574,340667.466311,25.710251,4.599761,129.255125,108658.130596,0.0
V6ToEastH6.268,3216.0,468_1,0.0,0.0,0.0,3334.0,522_1,56.88,14.65,118.0,1512.23,1.0,1,0.0,21.26,0,tripinfo_V6ToEastH6.268 emissions_V6ToEastH6.268,gasoline_euro4,1.13,5134.812572,404388.741053,32.323304,6.793829,159.322782,128981.276431,0.0
WestA509ToEastH6.55,1980.0,773_0,0.0,0.0,0.0,3345.0,522_0,56.88,14.06,1365.0,2755.12,932.0,22,0.0,1173.53,0,tripinfo_WestA509ToEastH6.55 emissions_WestA509ToEastH6.55,electric,1.04,0.0,0.0,0.0,0.0,0.0,0.0,0.0
EastA509ToH6.107,1926.0,770_0,0.0,0.0,0.0,3347.0,522_1,56.88,15.36,1421.0,1445.01,1221.0,14,0.0,1320.4,0,tripinfo_EastA509ToH6.107 emissions_EastA509ToH6.107,electric,1.17,0.0,0.0,0.0,0.0,0.0,0.0,0.0
WestA509ToEastH6.56,2016.0,773_0,0.0,0.0,0.0,3352.0,522_0,56.88,12.81,1336.0,2755.17,905.0,23,0.0,1127.52,0,tripinfo_WestA509ToEastH6.56 emissions_WestA509ToEastH6.56,gasoline_euro4,0.96,178527.011354,3479301.414274,894.017181,80.104847,1549.100363,1109795.047193,0.0
V6ToEastH6.269,3228.0,468_1,0.0,0.0,0.0,3359.0,522_1,56.88,13.22,131.0,1512.23,0.0,0,0.0,16.51,0,tripinfo_V6ToEastH6.269 emissions_V6ToEastH6.269,gasoline_euro4,0.95,4439.993332,372321.939847,28.415209,5.625915,144.334931,118753.936898,0.0
SouthEvansGateToSilbury.153,2754.0,526_0,0.0,0.0,0.0,3360.0,215_1,19.43,11.41,606.0,1471.73,427.0,10,0.0,482.28,0,tripinfo_SouthEvansGateToSilbury.153 emissions_SouthEvansGateToSilbury.153,gasoline_euro4,0.86,80839.504335,1630323.417092,406.201687,36.915684,721.828485,520024.267322,0.0
SouthEvansGateToSilbury.154,2772.0,526_0,0.0,0.0,0.0,3361.0,215_1,19.43,13.31,589.0,1471.73,407.0,10,0.0,483.21,0,tripinfo_SouthEvansGateToSilbury.154 emissions_SouthEvansGateToSilbury.154,gasoline_euro4,1.0,78931.309064,1610224.228089,397.022488,36.772667,714.874499,513612.283065,0.0
SouthEvansGateToSilbury.155,2790.0,526_0,0.0,0.0,0.0,3363.0,215_1,19.43,13.59,573.0,1471.73,383.0,10,0.0,464.71,0,tripinfo_SouthEvansGateToSilbury.155 emissions_SouthEvansGateToSilbury.155,electric,0.98,0.0,0.0,0.0,0.0,0.0,0.0,0.0
SouthEvansGateToSilbury.156,2808.0,526_0,0.0,0.0,0.0,3365.0,215_1,19.43,14.03,557.0,1471.73,363.0,9,0.0,454.49,0,tripinfo_SouthEvansGateToSilbury.156 emissions_SouthEvansGateToSilbury.156,gasoline_euro4,1.04,73894.401274,1561462.528287,372.951958,35.470142,691.952741,498057.311091,0.0
SouthEvansGateToSilbury.157,2826.0,526_0,0.0,0.0,0.0,3367.0,215_1,19.43,14.73,541.0,1471.73,345.0,10,0.0,441.26,0,tripinfo_SouthEvansGateToSilbury.157 emissions_SouthEvansGateToSilbury.157,electric,1.07,0.0,0.0,0.0,0.0,0.0,0.0,0.0
V6ToEastH6.270,3240.0,468_1,0.0,0.0,0.0,3372.0,522_1,56.88,12.1,132.0,1512.23,0.0,0,0.0,13.32,0,tripinfo_V6ToEastH6.270 emissions_V6ToEastH6.270,gasoline_euro4,0.92,4061.749407,360571.055808,26.508102,5.225541,138.220922,115006.072002,0.0
V6ToEastH6.271,3252.0,468_1,0.0,0.0,0.0,3374.0,522_1,56.88,14.6,122.0,1512.23,0.0,0,0.0,24.51,0,tripinfo_V6ToEastH6.271 emissions_V6ToEastH6.271,gasoline_euro4,1.12,5408.039767,411811.883223,33.487031,6.899014,162.236293,131348.981233,0.0
V6ToEastH6.272,3264.0,468_1,0.0,0.0,0.0,3388.0,522_1,56.88,12.4,124.0,1512.23,0.0,0,0.0,11.23,0,tripinfo_V6ToEastH6.272 emissions_V6ToEastH6.272,gasoline_euro4,0.97,3690.170813,357339.514498,24.447779,5.164781,135.562981,113975.194047,0.0
V6ToEastH6.273,3276.0,468_1,0.0,0.0,0.0,3389.0,522_1,56.88,14.56,113.0,1512.23,0.0,0,0.0,14.23,0,tripinfo_V6ToEastH6.273 emissions_V6ToEastH6.273,gasoline_euro4,1.1,4150.361581,379480.37968,27.269618,6.181838,148.517135,121036.460368,0.0
EastAveburyToWestA509.272,2958.0,483_1,0.0,0.0,446.0,3398.0,774_2,29.75,14.71,440.0,2240.44,228.0,5,0.0,294.44,0,tripinfo_EastAveburyToWestA509.272 emissions_EastAveburyToWestA509.272,electric,1.14,0.0,0.0,0.0,0.0,0.0,0.0,0.0
WestA509ToAvebury.49,882.0,773_0,0.0,0.0,0.0,3400.0,213_0,19.13,14.02,2518.0,2322.44,2139.0,39,0.0,2356.58,0,tripinfo_WestA509ToAvebury.49 emissions_WestA509ToAvebury.49,gasoline_euro4,1.05,383905.437988,6629920.27211,1903.105862,160.957674,3003.309903,2114768.458051,0.0
EastAveburyToWestA509.275,2967.0,483_1,0.0,0.0,430.0,3401.0,774_1,29.75,16.65,434.0,2241.29,215.0,5,0.0,301.89,0,tripinfo_EastAveburyToWestA509.275 emissions_EastAveburyToWestA509.275,gasoline_euro4,1.24,48080.509131,1282327.271827,248.625184,27.256687,552.455603,409016.279087,0.0
WestH6ToSaxonSt.154,1848.0,524_0,0.0,0.0,0.0,3403.0,771_1,56.88,11.71,1555.0,2555.0,1218.0,20,0.0,1350.99,0,tripinfo_WestH6ToSaxonSt.154 emissions_WestH6ToSaxonSt.154,electric,0.91,0.0,0.0,0.0,0.0,0.0,0.0,0.0
WestA509ToAvebury.113,2034.0,773_0,0.0,0.0,0.0,3403.0,213_0,19.13,16.26,1369.0,2327.58,984.0,23,0.0,1225.81,0,tripinfo_WestA509ToAvebury.113 emissions_WestA509ToAvebury.113,electric,1.19,0.0,0.0,0.0,0.0,0.0,0.0,0.0
WestH6ToSaxonSt.119,1428.0,524_0,0.0,0.0,0.0,3404.0,771_1,56.88,14.5,1976.0,2555.03,1578.0,34,0.0,1805.05,0,tripinfo_WestH6ToSaxonSt.119 emissions_WestH6ToSaxonSt.119,gasoline_euro4,1.09,291696.184104,5207124.191119,1449.613556,124.648962,2346.928846,1660930.047217,0.0
EastAveburyToWestA509.274,2964.0,483_1,0.0,0.0,435.0,3408.0,774_1,29.75,12.52,444.0,2237.39,219.0,5,0.0,269.04,0,tripinfo_EastAveburyToWestA509.274 emissions_EastAveburyToWestA509.274,gasoline_euro4,0.95,45722.713354,1179542.446716,235.125563,24.03261,501.472981,376233.783632,0.0
EastAveburyToWestA509.273,2961.0,483_1,0.0,0.0,441.0,3409.0,774_2,29.75,12.75,448.0,2237.39,212.0,5,0.0,279.34,0,tripinfo_EastAveburyToWestA509.273 emissions_EastAveburyToWestA509.273,gasoline_euro4,0.98,46202.01022,1201798.820714,237.788006,24.566931,511.877027,383332.429998,0.0
WestH6ToSaxonSt.118,1416.0,524_0,0.0,0.0,0.0,3410.0,771_1,56.88,11.04,1994.0,2555.06,1552.0,32,0.0,1780.06,0,tripinfo_WestH6ToSaxonSt.118 emissions_WestH6ToSaxonSt.118,electric,0.87,0.0,0.0,0.0,0.0,0.0,0.0,0.0
EastAveburyToWestA509.278,3039.0,483_1,0.0,0.0,476.0,3411.0,774_2,29.75,14.2,372.0,2237.65,137.0,4,0.0,222.59,0,tripinfo_EastAveburyToWestA509.278 emissions_EastAveburyToWestA509.278,electric,1.1,0.0,0.0,0.0,0.0,0.0,0.0,0.0
WestA509ToAvebury.92,1659.0,773_0,0.0,0.0,3.0,3412.0,213_0,19.13,14.4,1753.0,2275.76,1394.0,22,0.0,1586.4,0,tripinfo_WestA509ToAvebury.92 emissions_WestA509ToAvebury.92,gasoline_euro4,1.1,254115.031288,4591103.785407,1264.715657,109.725887,2070.093758,1464434.610695,0.0
WestA509ToAvebury.110,1983.0,773_0,0.0,0.0,3.0,3415.0,213_0,19.13,12.96,1432.0,2327.58,1022.0,33,0.0,1265.0,0,tripinfo_WestA509ToAvebury.110 emissions_WestA509ToAvebury.110,electric,1.02,0.0,0.0,0.0,0.0,0.0,0.0,0.0
V6ToEastH6.274,3288.0,468_1,0.0,0.0,0.0,3418.0,522_1,56.88,12.65,130.0,1512.23,0.0,0,0.0,12.86,0,tripinfo_V6ToEastH6.274 emissions_V6ToEastH6.274,gasoline_euro4,0.94,3850.673347,355557.124715,25.036358,5.027729,134.944875,113406.885433,0.0
EastAveburyToWestA509.276,3033.0,483_1,0.0,0.0,487.0,3419.0,774_0,29.75,10.66,386.0,2237.87,143.0,4,0.0,191.88,0,tripinfo_EastAveburyToWestA509.276 emissions_EastAveburyToWestA509.276,electric,0.86,0.0,0.0,0.0,0.0,0.0,0.0,0.0
EastAveburyToWestA509.277,3036.0,483_1,0.0,0.0,482.0,3419.0,774_2,29.75,11.94,383.0,2240.45,140.0,4,0.0,195.06,0,tripinfo_EastAveburyToWestA509.277 emissions_EastAveburyToWestA509.277,gasoline_euro4,0.88,33663.028221,972383.416934,175.673102,18.692437,407.738692,310155.771196,0.0
V6ToEastH6.275,3300.0,468_1,0.0,0.0,0.0,3419.0,522_1,56.88,15.13,119.0,1512.23,0.0,0,0.0,21.74,0,tripinfo_V6ToEastH6.275 emissions_V6ToEastH6.275,gasoline_euro4,1.12,4988.727365,410317.85188,31.75867,6.885147,162.092524,130872.217909,0.0
V6ToEastH6.276,3312.0,468_1,0.0,0.0,0.0,3437.0,522_1,56.88,13.47,125.0,1512.23,0.0,0,0.0,12.12,0,tripinfo_V6ToEastH6.276 emissions_V6ToEastH6.276,gasoline_euro4,0.97,3886.274615,362296.373903,25.511598,5.334217,138.528656,115556.160918,0.0
EastA509ToH6.106,1908.0,770_0,0.0,0.0,0.0,3438.0,522_0,56.88,15.15,1530.0,1445.12,1356.0,10,0.0,1436.25,0,tripinfo_EastA509ToH6.106 emissions_EastA509ToH6.106,gasoline_euro4,1.11,235649.882997,4116735.498052,1169.308382,100.004239,1864.413107,1313127.508724,0.0
EastA509ToH6.131,2358.0,770_0,0.0,0.0,0.0,3443.0,522_0,56.88,13.94,1085.0,1381.91,776.0,6,0.0,825.54,0,tripinfo_EastA509ToH6.131 emissions_EastA509ToH6.131,gasoline_euro4,1.03,135811.499008,2447914.456018,675.453606,58.406549,1101.210269,780817.131836,0.0
SouthEvansGateToSilbury.158,2844.0,526_0,0.0,0.0,0.0,3454.0,215_1,19.43,12.92,610.0,1471.73,428.0,12,0.0,497.95,0,tripinfo_SouthEvansGateToSilbury.158 emissions_SouthEvansGateToSilbury.158,electric,0.95,0.0,0.0,0.0,0.0,0.0,0.0,0.0
SouthEvansGateToSilbury.159,2862.0,526_0,0.0,0.0,0.0,3456.0,215_1,19.43,13.14,594.0,1471.73,406.0,11,0.0,489.81,0,tripinfo_SouthEvansGateToSilbury.159 emissions_SouthEvansGateToSilbury.159,gasoline_euro4,1.03,79910.903283,1625311.874452,401.673481,37.326397,722.549413,518424.681035,0.0
V6ToEastH6.277,3324.0,468_1,0.0,0.0,0.0,3456.0,522_1,56.88,12.1,132.0,1512.23,0.0,0,0.0,14.13,0,tripinfo_V6ToEastH6.277 emissions_V6ToEastH6.277,gasoline_euro4,0.93,3979.267084,347844.250493,25.803394,5.084693,133.59101,110946.773913,0.0
SouthEvansGateToSilbury.160,2880.0,526_0,0.0,0.0,0.0,3457.0,215_1,19.43,14.93,577.0,1471.73,376.0,11,0.0,478.64,0,tripinfo_SouthEvansGateToSilbury.160 emissions_SouthEvansGateToSilbury.160,electric,1.08,0.0,0.0,0.0,0.0,0.0,0.0,0.0
V6ToEastH6.278,3336.0,468_1,0.0,0.0,0.0,3458.0,522_1,56.88,13.13,122.0,1512.23,0.0,0,0.0,16.27,0,tripinfo_V6ToEastH6.278 emissions_V6ToEastH6.278,gasoline_euro4,1.04,4243.483296,367977.293279,27.269521,5.791929,143.12356,117367.849288,0.0
SouthEvansGateToSilbury.161,2898.0,526_0,0.0,0.0,0.0,3459.0,215_1,19.43,13.19,561.0,1471.73,359.0,12,0.0,457.72,0,tripinfo_SouthEvansGateToSilbury.161 emissions_SouthEvansGateToSilbury.161,gasoline_euro4,1.03,73845.952097,1541367.339896,372.064406,34.941471,681.538853,491648.268748,0.0
SouthEvansGateToSilbury.162,2916.0,526_0,0.0,0.0,0.0,3463.0,215_1,19.43,12.44,547.0,1471.73,338.0,10,0.0,430.7,0,tripinfo_SouthEvansGateToSilbury.162 emissions_SouthEvansGateToSilbury.162,electric,0.92,0.0,0.0,0.0,0.0,0.0,0.0,0.0
V6ToEastH6.279,3348.0,468_1,0.0,0.0,0.0,3471.0,522_1,56.88,12.43,123.0,1512.23,0.0,0,0.0,11.69,0,tripinfo_V6ToEastH6.279 emissions_V6ToEastH6.279,gasoline_euro4,0.98,3667.440988,345574.193723,24.174781,5.143175,132.442062,110222.455921,0.0
WestH6ToSaxonSt.228,2736.0,524_0,0.0,0.0,0.0,3473.0,771_1,56.88,14.64,737.0,2555.02,475.0,14,0.0,560.68,0,tripinfo_WestH6ToSaxonSt.228 emissions_WestH6ToSaxonSt.228,gasoline_euro4,1.05,92698.462302,2049471.506348,469.182656,45.280393,895.549824,653715.684477,0.0
WestH6ToSaxonSt.121,1452.0,524_0,0.0,0.0,0.0,3475.0,771_1,56.88,14.78,2023.0,2555.04,1627.0,30,0.0,1852.89,0,tripinfo_WestH6ToSaxonSt.121 emissions_WestH6ToSaxonSt.121,electric,1.1,0.0,0.0,0.0,0.0,0.0,0.0,0.0
WestH6ToSaxonSt.173,2076.0,524_0,0.0,0.0,0.0,3477.0,771_1,56.88,14.77,1401.0,2554.99,1084.0,19,0.0,1234.09,0,tripinfo_WestH6ToSaxonSt.173 emissions_WestH6ToSaxonSt.173,gasoline_euro4,1.12,201788.520704,3834306.629015,1008.086257,90.370549,1717.054602,1223032.246943,0.0
V6ToEastH6.280,3360.0,468_1,0.0,0.0,0.0,3477.0,522_1,56.88,15.04,117.0,1512.23,0.0,0,0.0,17.2,0,tripinfo_V6ToEastH6.280 emissions_V6ToEastH6.280,electric,1.09,0.0,0.0,0.0,0.0,0.0,0.0,0.0
V6ToEastH6.281,3372.0,468_1,0.0,0.0,0.0,3484.0,522_1,56.88,14.93,112.0,1512.23,0.0,0,0.0,13.82,0,tripinfo_V6ToEastH6.281 emissions_V6ToEastH6.281,gasoline_euro4,1.11,4217.568181,383128.516231,27.434122,6.224235,149.127863,122200.068623,0.0
WestA509ToAvebury.114,2055.0,773_0,0.0,0.0,3.0,3492.0,213_0,19.13,13.21,1437.0,2327.58,1023.0,24,0.0,1260.26,0,tripinfo_WestA509ToAvebury.114 emissions_WestA509ToAvebury.114,electric,0.96,0.0,0.0,0.0,0.0,0.0,0.0,0.0
WestA509ToAvebury.100,1803.0,773_0,0.0,0.0,3.0,3493.0,213_0,19.13,13.53,1690.0,2327.58,1235.0,35,0.0,1521.75,0,tripinfo_WestA509ToAvebury.100 emissions_WestA509ToAvebury.100,gasoline_euro4,1.0,242033.222709,4428846.215614,1205.712006,105.197905,1994.005974,1412677.614085,0.0
EastAveburyToWestA509.279,3042.0,483_1,0.0,0.0,471.0,3493.0,774_2,29.75,12.95,451.0,2240.44,217.0,4,0.0,284.38,0,tripinfo_EastAveburyToWestA509.279 emissions_EastAveburyToWestA509.279,gasoline_euro4,1.0,47150.638191,1216328.723441,242.854317,25.495964,523.172031,387966.443928,0.0
WestA509ToAvebury.94,1695.0,773_0,0.0,0.0,3.0,3495.0,213_0,19.13,13.89,1800.0,2275.76,1440.0,22,0.0,1644.08,0,tripinfo_WestA509ToAvebury.94 emissions_WestA509ToAvebury.94,electric,1.05,0.0,0.0,0.0,0.0,0.0,0.0,0.0
EastAveburyToWestA509.281,3048.0,483_1,0.0,0.0,460.0,3495.0,774_1,29.75,14.01,447.0,2237.87,226.0,6,0.0,292.41,0,tripinfo_EastAveburyToWestA509.281 emissions_EastAveburyToWestA509.281,gasoline_euro4,1.07,47580.16328,1211191.850492,244.332587,25.234207,518.894903,386328.567468,0.0
EastAveburyToWestA509.280,3045.0,483_1,0.0,0.0,465.0,3499.0,774_2,29.75,12.26,454.0,2237.39,211.0,4,0.0,271.59,0,tripinfo_EastAveburyToWestA509.280 emissions_EastAveburyToWestA509.280,electric,0.91,0.0,0.0,0.0,0.0,0.0,0.0,0.0
EastAveburyToWestA509.283,3119.0,483_1,0.0,0.0,514.0,3499.0,774_1,29.75,14.05,380.0,2237.87,150.0,5,0.0,217.4,0,tripinfo_EastAveburyToWestA509.283 emissions_EastAveburyToWestA509.283,gasoline_euro4,1.02,36112.955319,1047517.260615,188.31962,20.826434,442.324508,334119.933885,0.0
EastAveburyToWestA509.282,3051.0,483_1,0.0,0.0,454.0,3500.0,774_1,29.75,15.62,449.0,2241.29,219.0,8,0.0,308.86,0,tripinfo_EastAveburyToWestA509.282 emissions_EastAveburyToWestA509.282,gasoline_euro4,1.17,50151.291963,1308808.606998,258.829412,28.246378,568.324283,417463.004956,0.0
EastAveburyToWestA509.284,3123.0,483_1,0.0,0.0,509.0,3500.0,774_2,29.75,13.69,377.0,2240.45,147.0,6,0.0,218.32,0,tripinfo_EastAveburyToWestA509.284 emissions_EastAveburyToWestA509.284,electric,1.04,0.0,0.0,0.0,0.0,0.0,0.0,0.0
EastAveburyToWestA509.286,3129.0,483_1,0.0,0.0,498.0,3502.0,774_1,29.75,15.18,373.0,2241.29,135.0,4,0.0,228.54,0,tripinfo_EastAveburyToWestA509.286 emissions_EastAveburyToWestA509.286,gasoline_euro4,1.14,36170.367389,1089545.539009,189.72426,22.23099,463.754811,347523.872131,0.0
EastAveburyToWestA509.285,3126.0,483_1,0.0,0.0,504.0,3503.0,774_2,29.75,12.93,377.0,2237.39,139.0,5,0.0,214.0,0,tripinfo_EastAveburyToWestA509.285 emissions_EastAveburyToWestA509.285,electric,1.01,0.0,0.0,0.0,0.0,0.0,0.0,0.0
V6ToEastH6.282,3384.0,468_1,0.0,0.0,0.0,3516.0,522_1,56.88,11.58,132.0,1512.23,0.0,0,0.0,12.63,0,tripinfo_V6ToEastH6.282 emissions_V6ToEastH6.282,electric,0.92,0.0,0.0,0.0,0.0,0.0,0.0,0.0
V6ToEastH6.283,3396.0,468_1,0.0,0.0,0.0,3517.0,522_1,56.88,14.95,121.0,1512.23,0.0,0,0.0,23.83,0,tripinfo_V6ToEastH6.283 emissions_V6ToEastH6.283,electric,1.12,0.0,0.0,0.0,0.0,0.0,0.0,0.0
V6ToEastH6.284,3408.0,468_1,0.0,0.0,0.0,3521.0,522_1,56.88,14.48,113.0,1512.23,0.0,0,0.0,13.58,0,tripinfo_V6ToEastH6.284 emissions_V6ToEastH6.284,electric,1.1,0.0,0.0,0.0,0.0,0.0,0.0,0.0
WestA509ToEastH6.58,2090.0,773_0,0.0,0.0,2.0,3525.0,522_0,56.88,15.07,1435.0,2755.17,1021.0,22,0.0,1251.28,0,tripinfo_WestA509ToEastH6.58 emissions_WestA509ToEastH6.58,gasoline_euro4,1.09,197974.903057,3831835.944204,990.914907,89.446626,1713.424806,1222242.660251,0.0
SouthEvansGateToSilbury.163,2934.0,526_0,0.0,0.0,0.0,3534.0,215_1,19.43,14.13,600.0,1471.73,398.0,11,0.0,501.26,0,tripinfo_SouthEvansGateToSilbury.163 emissions_SouthEvansGateToSilbury.163,gasoline_euro4,1.08,80768.407507,1642371.809137,406.073094,37.807183,730.19455,523866.226416,0.0
WestA509ToEastH6.59,2124.0,773_0,0.0,0.0,0.0,3537.0,522_0,56.88,11.9,1413.0,2755.12,972.0,24,0.0,1195.06,0,tripinfo_WestA509ToEastH6.59 emissions_WestA509ToEastH6.59,electric,0.92,0.0,0.0,0.0,0.0,0.0,0.0,0.0
V6ToEastH6.285,3420.0,468_1,0.0,0.0,0.0,3540.0,522_1,56.88,13.5,120.0,1512.23,0.0,0,0.0,14.46,0,tripinfo_V6ToEastH6.285 emissions_V6ToEastH6.285,electric,1.04,0.0,0.0,0.0,0.0,0.0,0.0,0.0
V6ToEastH6.286,3432.0,468_1,0.0,0.0,0.0,3546.0,522_1,56.88,15.89,114.0,1512.23,0.0,0,0.0,19.99,0,tripinfo_V6ToEastH6.286 emissions_V6ToEastH6.286,electric,1.16,0.0,0.0,0.0,0.0,0.0,0.0,0.0
EastA509ToH6.108,1944.0,770_0,0.0,0.0,0.0,3550.0,522_0,56.88,10.65,1606.0,1483.8,1382.0,12,0.0,1468.45,0,tripinfo_EastA509ToH6.108 emissions_EastA509ToH6.108,electric,0.78,0.0,0.0,0.0,0.0,0.0,0.0,0.0
V6ToEastH6.287,3444.0,468_1,0.0,0.0,0.0,3564.0,522_1,56.88,13.38,120.0,1512.23,0.0,0,0.0,12.64,0,tripinfo_V6ToEastH6.287 emissions_V6ToEastH6.287,electric,1.02,0.0,0.0,0.0,0.0,0.0,0.0,0.0
WestH6ToSaxonSt.177,2124.0,524_0,0.0,0.0,0.0,3570.0,771_1,56.88,12.49,1446.0,2554.99,1094.0,24,0.0,1244.92,0,tripinfo_WestH6ToSaxonSt.177 emissions_WestH6ToSaxonSt.177,gasoline_euro4,0.92,203985.214462,3833805.370417,1018.243963,89.595336,1714.687574,1222874.584568,0.0
WestH6ToSaxonSt.198,2376.0,524_0,0.0,0.0,0.0,3572.0,771_1,56.88,12.2,1196.0,2555.01,839.0,22,0.0,997.99,0,tripinfo_WestH6ToSaxonSt.198 emissions_WestH6ToSaxonSt.198,gasoline_euro4,0.94,161868.682073,3133738.66835,809.887566,72.126935,1392.927001,999571.516138,0.0
WestH6ToSaxonSt.213,2556.0,524_0,0.0,0.0,0.0,3574.0,771_1,56.88,15.18,1018.0,2555.01,698.0,24,0.0,849.63,0,tripinfo_WestH6ToSaxonSt.213 emissions_WestH6ToSaxonSt.213,electric,1.11,0.0,0.0,0.0,0.0,0.0,0.0,0.0
WestH6ToSaxonSt.120,1440.0,524_0,0.0,0.0,0.0,3577.0,771_1,56.88,12.17,2137.0,2555.07,1722.0,32,0.0,1940.2,0,tripinfo_WestH6ToSaxonSt.120 emissions_WestH6ToSaxonSt.120,gasoline_euro4,0.95,314064.176865,5529551.087303,1559.06026,132.158958,2491.322452,1763778.435387,0.0
WestH6ToSaxonSt.217,2604.0,524_0,0.0,0.0,0.0,3579.0,771_1,56.88,13.45,975.0,2555.01,664.0,25,0.0,797.67,0,tripinfo_WestH6ToSaxonSt.217 emissions_WestH6ToSaxonSt.217,gasoline_euro4,1.05,130591.089147,2713368.830431,657.652186,61.715966,1201.33377,865480.441032,0.0
EastAveburyToWestA509.288,3135.0,483_1,0.0,0.0,487.0,3579.0,774_2,29.75,13.55,444.0,2240.45,230.0,5,0.0,284.0,0,tripinfo_EastAveburyToWestA509.288 emissions_EastAveburyToWestA509.288,gasoline_euro4,1.03,47649.589028,1221800.333841,244.716574,25.114195,520.071027,389712.535942,0.0
EastAveburyToWestA509.287,3132.0,483_1,0.0,0.0,493.0,3581.0,774_1,29.75,13.34,449.0,2244.08,218.0,5,0.0,289.51,0,tripinfo_EastAveburyToWestA509.287 emissions_EastAveburyToWestA509.287,gasoline_euro4,1.04,48542.033618,1270440.208553,250.076702,26.623706,545.585075,405225.657216,0.0
EastAveburyToWestA509.289,3138.0,483_1,0.0,0.0,482.0,3581.0,774_2,29.75,14.73,443.0,2237.39,225.0,5,0.0,289.53,0,tripinfo_EastAveburyToWestA509.289 emissions_EastAveburyToWestA509.289,gasoline_euro4,1.08,48563.239927,1233092.178368,249.466453,26.152126,530.839964,393313.584839,0.0
V6ToEastH6.288,3456.0,468_1,0.0,0.0,0.0,3582.0,522_1,56.88,12.98,126.0,1512.23,0.0,0,0.0,11.64,0,tripinfo_V6ToEastH6.288 emissions_V6ToEastH6.288,gasoline_euro4,0.96,3616.526428,346761.832449,23.885466,4.929862,131.555307,110601.479258,0.0
EastAveburyToWestA509.290,3209.0,483_1,0.0,0.0,544.0,3583.0,774_2,29.75,14.17,374.0,2240.45,164.0,5,0.0,215.85,0,tripinfo_EastAveburyToWestA509.290 emissions_EastAveburyToWestA509.290,electric,1.05,0.0,0.0,0.0,0.0,0.0,0.0,0.0
WestH6ToSaxonSt.223,2676.0,524_0,0.0,0.0,0.0,3583.0,771_1,56.88,12.34,907.0,2555.02,586.0,24,0.0,703.37,0,tripinfo_WestH6ToSaxonSt.223 emissions_WestH6ToSaxonSt.223,electric,0.92,0.0,0.0,0.0,0.0,0.0,0.0,0.0
EastAveburyToWestA509.291,3213.0,483_1,0.0,0.0,540.0,3585.0,774_2,29.75,13.76,372.0,2240.76,154.0,4,0.0,215.2,0,tripinfo_EastAveburyToWestA509.291 emissions_EastAveburyToWestA509.291,electric,1.05,0.0,0.0,0.0,0.0,0.0,0.0,0.0
EastAveburyToWestA509.292,3216.0,483_1,0.0,0.0,534.0,3587.0,774_2,29.75,13.12,371.0,2240.45,156.0,4,0.0,209.56,0,tripinfo_EastAveburyToWestA509.292 emissions_EastAveburyToWestA509.292,gasoline_euro4,1.03,35147.58968,1010622.863633,183.131282,20.066522,425.679363,322352.254146,0.0
WestA509ToAvebury.117,2106.0,773_0,0.0,0.0,0.0,3588.0,213_0,19.13,13.86,1482.0,2327.58,1105.0,27,0.0,1316.33,0,tripinfo_WestA509ToAvebury.117 emissions_WestA509ToAvebury.117,gasoline_euro4,1.03,210561.232453,3920385.17143,1050.141292,92.492226,1759.616219,1250491.217853,0.0
EastAveburyToWestA509.293,3219.0,483_1,0.0,0.0,529.0,3588.0,774_2,29.75,15.41,369.0,2237.67,149.0,5,0.0,224.37,0,tripinfo_EastAveburyToWestA509.293 emissions_EastAveburyToWestA509.293,electric,1.13,0.0,0.0,0.0,0.0,0.0,0.0,0.0
WestA509ToAvebury.119,2142.0,773_0,0.0,0.0,0.0,3591.0,213_0,19.13,12.8,1449.0,2327.58,1049.0,23,0.0,1266.6,0,tripinfo_WestA509ToAvebury.119 emissions_WestA509ToAvebury.119,electric,0.93,0.0,0.0,0.0,0.0,0.0,0.0,0.0
V6ToEastH6.289,3468.0,468_1,0.0,0.0,0.0,3592.0,522_1,56.88,12.89,124.0,1512.23,0.0,0,0.0,12.84,0,tripinfo_V6ToEastH6.289 emissions_V6ToEastH6.289,gasoline_euro4,0.99,3627.403801,352263.397796,24.061517,5.049437,133.584625,112356.159336,0.0
WestA509ToAvebury.81,1458.0,773_0,0.0,0.0,0.0,3593.0,213_0,19.13,12.26,2135.0,2327.58,1713.0,34,0.0,1950.72,0,tripinfo_WestA509ToAvebury.81 emissions_WestA509ToAvebury.81,gasoline_euro4,0.92,314565.021084,5517715.49368,1561.273485,132.331449,2490.876456,1760003.31367,0.0
V6ToEastH6.291,3492.0,468_1,0.0,0.0,0.0,3618.0,522_1,56.88,12.58,126.0,1512.23,0.0,0,0.0,13.25,0,tripinfo_V6ToEastH6.291 emissions_V6ToEastH6.291,gasoline_euro4,0.97,3753.027985,347793.414821,24.898138,5.126181,133.507217,110930.39257,0.0
V6ToEastH6.292,3504.0,468_1,0.0,0.0,0.0,3627.0,522_1,56.88,12.94,123.0,1512.23,0.0,0,0.0,15.91,0,tripinfo_V6ToEastH6.292 emissions_V6ToEastH6.292,electric,1.02,0.0,0.0,0.0,0.0,0.0,0.0,0.0
V6ToEastH6.290,3480.0,468_1,0.0,0.0,0.0,3628.0,522_0,56.88,10.97,148.0,1512.23,0.0,0,0.0,15.16,0,tripinfo_V6ToEastH6.290 emissions_V6ToEastH6.290,electric,0.82,0.0,0.0,0.0,0.0,0.0,0.0,0.0
EastA509ToH6.110,1980.0,770_0,0.0,0.0,0.0,3634.0,522_0,56.88,11.87,1654.0,1483.64,1431.0,14,0.0,1534.54,0,tripinfo_EastA509ToH6.110 emissions_EastA509ToH6.110,gasoline_euro4,0.9,250981.491927,4347423.689168,1244.618211,105.165471,1968.31269,1386712.5974,0.0
EastA509ToH6.112,2016.0,770_0,0.0,0.0,0.0,3634.0,522_1,56.88,12.71,1618.0,1483.69,1395.0,13,0.0,1504.73,0,tripinfo_EastA509ToH6.112 emissions_EastA509ToH6.112,gasoline_euro4,0.95,245934.783646,4261104.017162,1219.558877,103.138774,1929.483281,1359178.796535,0.0
SouthEvansGateToSilbury.164,2952.0,526_0,0.0,0.0,0.0,3637.0,215_1,19.43,12.12,685.0,1471.73,511.0,9,0.0,567.98,0,tripinfo_SouthEvansGateToSilbury.164 emissions_SouthEvansGateToSilbury.164,electric,0.91,0.0,0.0,0.0,0.0,0.0,0.0,0.0
WestA509ToEastH6.60,2160.0,773_0,0.0,0.0,0.0,3638.0,522_0,56.88,12.05,1478.0,2755.17,1052.0,23,0.0,1256.73,0,tripinfo_WestA509ToEastH6.60 emissions_WestA509ToEastH6.60,electric,0.9,0.0,0.0,0.0,0.0,0.0,0.0,0.0
SouthEvansGateToSilbury.165,2970.0,526_0,0.0,0.0,0.0,3638.0,215_1,19.43,14.55,668.0,1471.73,491.0,8,0.0,567.33,0,tripinfo_SouthEvansGateToSilbury.165 emissions_SouthEvansGateToSilbury.165,gasoline_euro4,1.05,91733.98949,1814682.94924,460.042996,41.928148,807.949911,578829.614263,0.0
WestA509ToEastH6.61,2199.0,773_0,0.0,0.0,3.0,3640.0,522_1,56.88,14.57,1441.0,2755.17,1039.0,20,0.0,1252.08,0,tripinfo_WestA509ToEastH6.61 emissions_WestA509ToEastH6.61,gasoline_euro4,1.06,198942.070518,3817773.588529,994.603503,88.729202,1704.322617,1217758.705992,0.0
EastA509ToH6.111,1998.0,770_0,0.0,0.0,0.0,3645.0,522_0,56.88,9.29,1647.0,1483.64,1401.0,12,0.0,1502.94,0,tripinfo_EastA509ToH6.111 emissions_EastA509ToH6.111,gasoline_euro4,0.74,247653.757237,4272866.221147,1227.744583,102.814528,1932.427213,1362931.888256,0.0
V6ToEastH6.293,3516.0,468_1,0.0,0.0,0.0,3646.0,522_1,56.88,12.89,130.0,1512.23,0.0,0,0.0,14.98,0,tripinfo_V6ToEastH6.293 emissions_V6ToEastH6.293,electric,0.95,0.0,0.0,0.0,0.0,0.0,0.0,0.0
V6ToEastH6.294,3528.0,468_1,0.0,0.0,0.0,3651.0,522_1,56.88,13.03,123.0,1512.23,0.0,0,0.0,12.5,0,tripinfo_V6ToEastH6.294 emissions_V6ToEastH6.294,gasoline_euro4,0.99,3894.014213,350376.424543,25.475388,5.382826,135.599658,111754.074563,0.0
WestH6ToSaxonSt.158,1896.0,524_0,0.0,0.0,0.0,3654.0,771_1,56.88,12.29,1758.0,2555.03,1403.0,27,0.0,1557.79,0,tripinfo_WestH6ToSaxonSt.158 emissions_WestH6ToSaxonSt.158,gasoline_euro4,0.93,255701.986886,4637801.167258,1272.590252,109.973071,2084.194476,1479330.219439,0.0
WestH6ToSaxonSt.225,2700.0,524_0,0.0,0.0,0.0,3656.0,771_1,56.88,14.31,956.0,2555.02,658.0,20,0.0,776.53,0,tripinfo_WestH6ToSaxonSt.225 emissions_WestH6ToSaxonSt.225,gasoline_euro4,1.04,127485.706477,2668670.384985,642.510549,60.7237,1181.385324,851222.435788,0.0
WestH6ToSaxonSt.196,2352.0,524_0,0.0,0.0,0.0,3658.0,771_1,56.88,15.09,1306.0,2555.0,912.0,30,0.0,1139.09,0,tripinfo_WestH6ToSaxonSt.196 emissions_WestH6ToSaxonSt.196,gasoline_euro4,1.11,181788.174237,3514477.366728,909.671199,81.840253,1569.158001,1121015.074229,0.0
WestH6ToSaxonSt.227,2724.0,524_0,0.0,0.0,0.0,3659.0,771_1,56.88,14.99,935.0,2555.02,655.0,15,0.0,766.35,0,tripinfo_WestH6ToSaxonSt.227 emissions_WestH6ToSaxonSt.227,electric,1.11,0.0,0.0,0.0,0.0,0.0,0.0,0.0
WestH6ToSaxonSt.174,2088.0,524_0,0.0,0.0,0.0,3661.0,771_1,56.88,14.32,1573.0,2555.0,1183.0,30,0.0,1394.17,0,tripinfo_WestH6ToSaxonSt.174 emissions_WestH6ToSaxonSt.174,electric,1.04,0.0,0.0,0.0,0.0,0.0,0.0,0.0
EastAveburyToWestA509.297,3297.0,483_1,0.0,0.0,573.0,3663.0,774_2,29.75,14.86,366.0,2237.66,152.0,4,0.0,221.78,0,tripinfo_EastAveburyToWestA509.297 emissions_EastAveburyToWestA509.297,gasoline_euro4,1.14,35671.365632,1056437.772808,186.772995,21.5123,448.890478,336964.23744,0.0
WestA509ToAvebury.124,2235.0,773_0,0.0,0.0,3.0,3664.0,213_0,19.13,16.12,1429.0,2328.43,1054.0,21,0.0,1290.25,0,tripinfo_WestA509ToAvebury.124 emissions_WestA509ToAvebury.124,electric,1.22,0.0,0.0,0.0,0.0,0.0,0.0,0.0
WestA509ToAvebury.104,1875.0,773_0,0.0,0.0,3.0,3667.0,213_0,19.13,14.17,1792.0,2327.58,1356.0,42,0.0,1634.61,0,tripinfo_WestA509ToAvebury.104 emissions_WestA509ToAvebury.104,gasoline_euro4,1.08,260186.002871,4714649.13278,1294.782523,112.549955,2124.841785,1503841.709838,0.0
V6ToEastH6.295,3540.0,468_1,0.0,0.0,0.0,3669.0,522_1,56.88,12.78,129.0,1512.23,0.0,0,0.0,11.56,0,tripinfo_V6ToEastH6.295 emissions_V6ToEastH6.295,gasoline_euro4,0.93,3810.27459,354690.524456,25.009154,5.084223,135.047375,113130.405405,0.0
V6ToEastH6.296,3552.0,468_1,0.0,0.0,0.0,3676.0,522_1,56.88,12.67,124.0,1512.23,0.0,0,0.0,13.12,0,tripinfo_V6ToEastH6.296 emissions_V6ToEastH6.296,electric,0.99,0.0,0.0,0.0,0.0,0.0,0.0,0.0
WestA509ToAvebury.120,2163.0,773_0,0.0,0.0,3.0,3677.0,213_0,19.13,12.43,1514.0,2327.58,1117.0,27,0.0,1328.0,0,tripinfo_WestA509ToAvebury.120 emissions_WestA509ToAvebury.120,electric,0.91,0.0,0.0,0.0,0.0,0.0,0.0,0.0
EastAveburyToWestA509.294,3222.0,483_1,0.0,0.0,523.0,3677.0,774_1,29.75,11.81,455.0,2240.46,215.0,5,0.0,268.6,0,tripinfo_EastAveburyToWestA509.294 emissions_EastAveburyToWestA509.294,gasoline_euro4,0.89,45691.176844,1174008.786709,235.16153,23.480631,497.882568,374469.297473,0.0
V6ToEastH6.297,3564.0,468_1,0.0,0.0,0.0,3677.0,522_0,56.88,15.83,113.0,1512.23,0.0,0,0.0,19.16,0,tripinfo_V6ToEastH6.297 emissions_V6ToEastH6.297,gasoline_euro4,1.17,4601.36044,379470.099391,29.07008,6.446628,150.001108,121033.099282,0.0
EastAveburyToWestA509.296,3228.0,483_1,0.0,0.0,512.0,3678.0,774_2,29.75,12.83,450.0,2237.39,210.0,5,0.0,278.65,0,tripinfo_EastAveburyToWestA509.296 emissions_EastAveburyToWestA509.296,electric,0.97,0.0,0.0,0.0,0.0,0.0,0.0,0.0
WestA509ToAvebury.125,2250.0,773_0,0.0,0.0,0.0,3679.0,213_0,19.13,15.52,1429.0,2327.58,1075.0,26,0.0,1280.64,0,tripinfo_WestA509ToAvebury.125 emissions_WestA509ToAvebury.125,gasoline_euro4,1.15,204681.688435,3845527.533791,1021.417053,90.787671,1725.035236,1226612.516644,0.0
EastAveburyToWestA509.299,3304.0,483_1,0.0,0.0,563.0,3679.0,774_2,29.75,13.75,375.0,2237.39,143.0,4,0.0,208.2,0,tripinfo_EastAveburyToWestA509.299 emissions_EastAveburyToWestA509.299,electric,0.99,0.0,0.0,0.0,0.0,0.0,0.0,0.0
EastAveburyToWestA509.300,3307.0,483_1,0.0,0.0,557.0,3679.0,774_1,29.75,14.86,372.0,2241.29,142.0,4,0.0,219.54,0,tripinfo_EastAveburyToWestA509.300 emissions_EastAveburyToWestA509.300,electric,1.07,0.0,0.0,0.0,0.0,0.0,0.0,0.0
WestA509ToAvebury.101,1818.0,773_0,0.0,0.0,0.0,3680.0,213_0,19.13,13.23,1862.0,2327.58,1414.0,40,0.0,1693.35,0,tripinfo_WestA509ToAvebury.101 emissions_WestA509ToAvebury.101,electric,1.0,0.0,0.0,0.0,0.0,0.0,0.0,0.0
EastAveburyToWestA509.295,3225.0,483_1,0.0,0.0,518.0,3680.0,774_0,29.75,10.86,455.0,2244.09,214.0,5,0.0,265.62,0,tripinfo_EastAveburyToWestA509.295 emissions_EastAveburyToWestA509.295,gasoline_euro4,0.87,44997.87879,1140513.681218,231.166678,22.860561,483.877302,363785.828406,0.0
EastAveburyToWestA509.298,3301.0,483_1,0.0,0.0,568.0,3681.0,774_2,29.75,14.44,380.0,2240.45,143.0,4,0.0,226.79,0,tripinfo_EastAveburyToWestA509.298 emissions_EastAveburyToWestA509.298,gasoline_euro4,1.08,36562.262109,1088247.728046,191.731445,22.212687,464.837277,347110.156282,0.0
EastAveburyToWestA509.301,3310.0,483_1,0.0,0.0,552.0,3683.0,774_2,29.75,12.45,373.0,2240.45,134.0,4,0.0,201.28,0,tripinfo_EastAveburyToWestA509.301 emissions_EastAveburyToWestA509.301,gasoline_euro4,0.96,33631.628705,1002739.610566,176.073164,19.848856,423.352932,319836.974704,0.0
V6ToEastH6.298,3576.0,468_1,0.0,0.0,0.0,3696.0,522_1,56.88,13.87,120.0,1512.23,0.0,0,0.0,11.98,0,tripinfo_V6ToEastH6.298 emissions_V6ToEastH6.298,gasoline_euro4,1.01,3824.192271,350445.268363,24.994564,5.399926,135.290754,111775.962505,0.0
WestA509ToEastH6.62,2232.0,773_0,0.0,0.0,0.0,3702.0,522_0,56.88,14.99,1470.0,2755.17,1056.0,23,0.0,1285.98,0,tripinfo_WestA509ToEastH6.62 emissions_WestA509ToEastH6.62,gasoline_euro4,1.09,205033.547859,3935631.475129,1025.259591,91.795191,1758.041372,1255351.588007,0.0
EastA509ToH6.104,1872.0,770_0,0.0,0.0,0.0,3706.0,522_0,56.88,13.32,1834.0,1433.96,1626.0,11,0.0,1695.21,0,tripinfo_EastA509ToH6.104 emissions_EastA509ToH6.104,electric,0.99,0.0,0.0,0.0,0.0,0.0,0.0,0.0
SouthEvansGateToSilbury.166,2988.0,526_0,0.0,0.0,0.0,3711.0,215_1,19.43,11.53,723.0,1471.73,537.0,9,0.0,606.43,0,tripinfo_SouthEvansGateToSilbury.166 emissions_SouthEvansGateToSilbury.166,gasoline_euro4,0.91,100208.683859,1937520.241674,501.607037,44.956514,864.704288,618012.236794,0.0
SouthEvansGateToSilbury.167,3006.0,526_0,0.0,0.0,0.0,3713.0,215_1,19.43,13.64,707.0,1471.73,515.0,8,0.0,600.58,0,tripinfo_SouthEvansGateToSilbury.167 emissions_SouthEvansGateToSilbury.167,electric,1.0,0.0,0.0,0.0,0.0,0.0,0.0,0.0
V6ToEastH6.299,3588.0,468_1,0.0,0.0,0.0,3720.0,522_1,56.88,11.76,132.0,1512.23,0.0,0,0.0,13.22,0,tripinfo_V6ToEastH6.299 emissions_V6ToEastH6.299,gasoline_euro4,0.92,3677.717779,343773.322105,24.184946,4.723294,129.884816,109648.509081,0.0
SouthEvansGateToSilbury.168,3024.0,526_0,0.0,0.0,0.0,3724.0,215_1,19.43,12.86,700.0,1471.73,522.0,11,0.0,584.91,0,tripinfo_SouthEvansGateToSilbury.168 emissions_SouthEvansGateToSilbury.168,electric,0.93,0.0,0.0,0.0,0.0,0.0,0.0,0.0
SouthEvansGateToSilbury.169,3042.0,526_0,0.0,0.0,0.0,3725.0,215_1,19.43,14.21,683.0,1471.73,509.0,11,0.0,590.09,0,tripinfo_SouthEvansGateToSilbury.169 emissions_SouthEvansGateToSilbury.169,gasoline_euro4,1.14,96157.079243,1905427.273514,482.403851,44.341004,850.717044,607773.873669,0.0
WestH6ToSaxonSt.236,2832.0,524_0,0.0,0.0,0.0,3741.0,771_1,56.88,15.36,909.0,2555.02,643.0,15,0.0,749.09,0,tripinfo_WestH6ToSaxonSt.236 emissions_WestH6ToSaxonSt.236,gasoline_euro4,1.17,123008.24292,2575820.927291,619.763018,58.862615,1139.190586,821606.120142,0.0
EastAveburyToWestA509.302,3313.0,483_1,0.0,0.0,546.0,3746.0,774_2,29.75,16.78,433.0,2240.46,246.0,5,0.0,299.87,0,tripinfo_EastAveburyToWestA509.302 emissions_EastAveburyToWestA509.302,electric,1.24,0.0,0.0,0.0,0.0,0.0,0.0,0.0
WestH6ToSaxonSt.144,1728.0,524_0,0.0,0.0,0.0,3748.0,771_1,56.88,12.5,2020.0,2538.61,1614.0,31,0.0,1828.97,0,tripinfo_WestH6ToSaxonSt.144 emissions_WestH6ToSaxonSt.144,gasoline_euro4,0.97,296769.25711,5277049.067714,1474.489878,126.25638,2378.267575,1683235.03398,0.0
EastAveburyToWestA509.304,3385.0,483_1,0.0,0.0,601.0,3755.0,774_2,29.75,14.12,370.0,2240.45,155.0,3,0.0,210.77,0,tripinfo_EastAveburyToWestA509.304 emissions_EastAveburyToWestA509.304,gasoline_euro4,1.04,35803.229264,1030906.077905,186.708258,20.705899,436.283557,328821.538994,0.0
EastAveburyToWestA509.306,3392.0,483_1,0.0,0.0,591.0,3758.0,774_1,29.75,15.16,366.0,2237.88,136.0,4,0.0,219.06,0,tripinfo_EastAveburyToWestA509.306 emissions_EastAveburyToWestA509.306,gasoline_euro4,1.12,34946.425551,1091701.541289,184.412119,21.967643,463.548786,348211.083385,0.0
EastAveburyToWestA509.305,3389.0,483_1,0.0,0.0,597.0,3761.0,774_2,29.75,13.21,372.0,2237.39,142.0,3,0.0,200.6,0,tripinfo_EastAveburyToWestA509.305 emissions_EastAveburyToWestA509.305,gasoline_euro4,0.96,34546.501718,1024428.393587,180.814837,20.208725,432.174291,326755.112283,0.0
EastAveburyToWestA509.307,3395.0,483_1,0.0,0.0,586.0,3763.0,774_2,29.75,13.03,368.0,2240.81,130.0,4,0.0,205.85,0,tripinfo_EastAveburyToWestA509.307 emissions_EastAveburyToWestA509.307,electric,1.01,0.0,0.0,0.0,0.0,0.0,0.0,0.0
WestA509ToAvebury.111,1998.0,773_0,0.0,0.0,0.0,3767.0,213_0,19.13,11.6,1769.0,2327.58,1321.0,38,0.0,1575.25,0,tripinfo_WestA509ToAvebury.111 emissions_WestA509ToAvebury.111,gasoline_euro4,0.87,252508.395823,4546127.724128,1256.210019,107.747805,2045.511831,1450089.994429,0.0
WestA509ToAvebury.109,1962.0,773_0,0.0,0.0,0.0,3768.0,213_0,19.13,13.31,1806.0,2327.58,1329.0,39,0.0,1653.7,0,tripinfo_WestA509ToAvebury.109 emissions_WestA509ToAvebury.109,gasoline_euro4,1.11,259553.532268,4667483.267251,1290.916083,111.116338,2102.428283,1488798.696665,0.0
EastAveburyToWestA509.303,3316.0,483_1,0.0,0.0,541.0,3771.0,774_1,29.75,11.89,455.0,2240.45,203.0,6,0.0,263.83,0,tripinfo_EastAveburyToWestA509.303 emissions_EastAveburyToWestA509.303,gasoline_euro4,0.87,45081.62969,1168898.768114,232.249675,23.575791,497.701923,372838.837276,0.0
EastAveburyToWestA509.308,3398.0,483_1,0.0,0.0,580.0,3771.0,774_2,29.75,11.54,373.0,2240.45,128.0,3,0.0,192.25,0,tripinfo_EastAveburyToWestA509.308 emissions_EastAveburyToWestA509.308,gasoline_euro4,0.92,32215.213288,974141.582902,168.963283,18.766149,408.540776,310715.541676,0.0
WestA509ToEastH6.63,2268.0,773_0,0.0,0.0,0.0,3779.0,522_0,56.88,17.57,1511.0,2755.17,1128.0,19,0.0,1354.41,0,tripinfo_WestA509ToEastH6.63 emissions_WestA509ToEastH6.63,electric,1.27,0.0,0.0,0.0,0.0,0.0,0.0,0.0
EastA509ToH6.115,2070.0,770_0,0.0,0.0,0.0,3788.0,522_0,56.88,13.7,1718.0,1483.69,1500.0,13,0.0,1610.8,0,tripinfo_EastA509ToH6.115 emissions_EastA509ToH6.115,gasoline_euro4,1.0,263821.097293,4561028.761683,1307.871237,110.782518,2067.103682,1454846.752914,0.0
EastA509ToH6.117,2106.0,770_0,0.0,0.0,0.0,3792.0,522_0,56.88,12.87,1686.0,1483.69,1462.0,12,0.0,1576.27,0,tripinfo_EastA509ToH6.117 emissions_EastA509ToH6.117,gasoline_euro4,0.98,258110.049714,4473597.807688,1279.821342,108.332355,2025.262471,1426958.573667,0.0
EastA509ToH6.116,2088.0,770_0,0.0,0.0,0.0,3793.0,522_1,56.88,13.98,1705.0,1483.69,1493.0,13,0.0,1600.4,0,tripinfo_EastA509ToH6.116 emissions_EastA509ToH6.116,electric,1.03,0.0,0.0,0.0,0.0,0.0,0.0,0.0
EastA509ToH6.114,2052.0,770_0,0.0,0.0,0.0,3798.0,522_0,56.88,11.62,1746.0,1483.69,1530.0,13,0.0,1630.04,0,tripinfo_EastA509ToH6.114 emissions_EastA509ToH6.114,gasoline_euro4,0.92,267532.362732,4597188.043992,1325.664453,111.547389,2083.007798,1466381.777869,0.0
SouthEvansGateToSilbury.170,3060.0,526_0,0.0,0.0,0.0,3798.0,215_1,19.43,13.77,738.0,1471.73,548.0,11,0.0,636.23,0,tripinfo_SouthEvansGateToSilbury.170 emissions_SouthEvansGateToSilbury.170,electric,1.05,0.0,0.0,0.0,0.0,0.0,0.0,0.0
EastA509ToH6.118,2124.0,770_0,0.0,0.0,0.0,3799.0,522_1,56.88,12.71,1675.0,1483.69,1461.0,14,0.0,1566.31,0,tripinfo_EastA509ToH6.118 emissions_EastA509ToH6.118,electric,0.98,0.0,0.0,0.0,0.0,0.0,0.0,0.0
SouthEvansGateToSilbury.171,3078.0,526_0,0.0,0.0,0.0,3801.0,215_1,19.43,12.6,723.0,1471.73,522.0,11,0.0,611.59,0,tripinfo_SouthEvansGateToSilbury.171 emissions_SouthEvansGateToSilbury.171,electric,0.96,0.0,0.0,0.0,0.0,0.0,0.0,0.0
SouthEvansGateToSilbury.172,3096.0,526_0,0.0,0.0,0.0,3804.0,215_1,19.43,11.34,708.0,1471.73,505.0,10,0.0,589.01,0,tripinfo_SouthEvansGateToSilbury.172 emissions_SouthEvansGateToSilbury.172,gasoline_euro4,0.9,95975.800207,1845056.02204,479.972222,42.452169,820.850972,588519.623329,0.0
SouthEvansGateToSilbury.173,3114.0,526_0,0.0,0.0,0.0,3805.0,215_1,19.43,13.31,691.0,1471.73,500.0,12,0.0,583.31,0,tripinfo_SouthEvansGateToSilbury.173 emissions_SouthEvansGateToSilbury.173,electric,0.98,0.0,0.0,0.0,0.0,0.0,0.0,0.0
SouthEvansGateToSilbury.174,3132.0,526_0,0.0,0.0,0.0,3807.0,215_1,19.43,13.41,675.0,1471.73,485.0,11,0.0,572.67,0,tripinfo_SouthEvansGateToSilbury.174 emissions_SouthEvansGateToSilbury.174,electric,1.04,0.0,0.0,0.0,0.0,0.0,0.0,0.0
SouthEvansGateToSilbury.175,3150.0,526_0,0.0,0.0,0.0,3813.0,215_1,19.43,12.05,663.0,1471.73,456.0,10,0.0,550.61,0,tripinfo_SouthEvansGateToSilbury.175 emissions_SouthEvansGateToSilbury.175,electric,0.94,0.0,0.0,0.0,0.0,0.0,0.0,0.0
SouthEvansGateToSilbury.176,3168.0,526_0,0.0,0.0,0.0,3815.0,215_1,19.43,14.87,647.0,1471.73,437.0,10,0.0,554.75,0,tripinfo_SouthEvansGateToSilbury.176 emissions_SouthEvansGateToSilbury.176,electric,1.16,0.0,0.0,0.0,0.0,0.0,0.0,0.0
WestH6ToSaxonSt.246,2952.0,524_0,0.0,0.0,0.0,3832.0,771_1,56.88,15.76,880.0,2555.02,637.0,15,0.0,725.59,0,tripinfo_WestH6ToSaxonSt.246 emissions_WestH6ToSaxonSt.246,gasoline_euro4,1.21,119729.808139,2496939.686821,602.601511,56.886395,1101.230815,796446.015637,0.0
WestA509ToAvebury.126,2271.0,773_0,0.0,0.0,3.0,3842.0,213_0,19.13,12.29,1571.0,2327.58,1186.0,26,0.0,1389.16,0,tripinfo_WestA509ToAvebury.126 emissions_WestA509ToAvebury.126,gasoline_euro4,0.93,224900.646134,4131787.948473,1120.611063,97.872225,1857.913613,1317924.139834,0.0
WestA509ToAvebury.54,975.0,773_0,0.0,0.0,3.0,3843.0,213_0,19.13,12.84,2868.0,2322.44,2465.0,41,0.0,2697.84,0,tripinfo_WestA509ToAvebury.54 emissions_WestA509ToAvebury.54,electric,0.99,0.0,0.0,0.0,0.0,0.0,0.0,0.0
EastAveburyToWestA509.309,3401.0,483_1,0.0,0.0,575.0,3846.0,774_0,29.75,12.33,445.0,2244.08,211.0,4,0.0,274.71,0,tripinfo_EastAveburyToWestA509.309 emissions_EastAveburyToWestA509.309,gasoline_euro4,0.98,45315.477887,1167958.048845,232.931077,23.894133,497.937372,372538.589884,0.0
WestA509ToAvebury.127,2286.0,773_0,0.0,0.0,0.0,3847.0,213_0,19.13,11.68,1561.0,2327.58,1179.0,24,0.0,1361.91,0,tripinfo_WestA509ToAvebury.127 emissions_WestA509ToAvebury.127,gasoline_euro4,0.85,221210.092131,4050049.405965,1102.112518,95.67794,1820.588129,1291852.590219,0.0
EastAveburyToWestA509.311,3473.0,483_1,0.0,0.0,630.0,3847.0,774_2,29.75,12.7,374.0,2240.45,156.0,4,0.0,199.66,0,tripinfo_EastAveburyToWestA509.311 emissions_EastAveburyToWestA509.311,gasoline_euro4,0.95,34502.022159,983013.689704,179.540198,19.289088,413.474565,313546.339641,0.0
EastSilburyToEastAvebury.46,1136.0,317_0,0.0,0.0,0.0,3849.0,213_0,19.13,13.42,2713.0,680.89,2474.0,35,0.0,2663.68,0,tripinfo_EastSilburyToEastAvebury.46 emissions_EastSilburyToEastAvebury.46,electric,1.03,0.0,0.0,0.0,0.0,0.0,0.0,0.0
EastAveburyToWestA509.310,3404.0,483_1,0.0,0.0,569.0,3849.0,774_2,29.75,13.36,445.0,2237.39,226.0,6,0.0,282.91,0,tripinfo_EastAveburyToWestA509.310 emissions_EastAveburyToWestA509.310,gasoline_euro4,1.02,47829.898958,1231979.057065,246.158964,25.873274,529.680494,392958.365302,0.0
EastAveburyToWestA509.313,3479.0,483_1,0.0,0.0,619.0,3849.0,774_1,29.75,14.73,370.0,2241.29,147.0,5,0.0,217.46,0,tripinfo_EastAveburyToWestA509.313 emissions_EastAveburyToWestA509.313,electric,1.08,0.0,0.0,0.0,0.0,0.0,0.0,0.0
EastAveburyToWestA509.312,3476.0,483_1,0.0,0.0,624.0,3851.0,774_2,29.75,14.38,375.0,2237.39,150.0,5,0.0,218.75,0,tripinfo_EastAveburyToWestA509.312 emissions_EastAveburyToWestA509.312,gasoline_euro4,1.06,35937.768318,1053949.357554,187.993283,21.259836,447.544465,336170.949062,0.0
EastAveburyToWestA509.314,3482.0,483_1,0.0,0.0,613.0,3856.0,774_2,29.75,13.66,374.0,2240.46,136.0,5,0.0,209.62,0,tripinfo_EastAveburyToWestA509.314 emissions_EastAveburyToWestA509.314,gasoline_euro4,1.01,35491.672321,1055746.918372,185.699711,21.130365,447.16984,336744.116054,0.0
EastAveburyToWestA509.315,3485.0,483_1,0.0,0.0,608.0,3856.0,774_1,29.75,12.72,371.0,2240.45,137.0,5,0.0,189.45,0,tripinfo_EastAveburyToWestA509.315 emissions_EastAveburyToWestA509.315,gasoline_euro4,0.92,33098.564377,971843.011261,172.778233,18.734954,407.063226,309982.998047,0.0
SouthEvansGateToSilbury.177,3186.0,526_0,0.0,0.0,0.0,3888.0,215_1,19.43,11.13,702.0,1471.73,493.0,10,0.0,577.64,0,tripinfo_SouthEvansGateToSilbury.177 emissions_SouthEvansGateToSilbury.177,gasoline_euro4,0.85,95005.671194,1838279.986697,475.546566,42.151883,817.459789,586358.012595,0.0
WestA509ToEastH6.64,2304.0,773_0,0.0,0.0,0.0,3889.0,522_0,56.88,12.25,1585.0,2755.12,1156.0,27,0.0,1366.4,0,tripinfo_WestA509ToEastH6.64 emissions_WestA509ToEastH6.64,gasoline_euro4,0.91,220136.837634,4120704.782785,1098.554832,96.185233,1843.251109,1314387.955853,0.0
WestA509ToEastH6.65,2340.0,773_0,0.0,0.0,0.0,3891.0,522_0,56.88,13.19,1551.0,2755.17,1119.0,24,0.0,1347.41,0,tripinfo_WestA509ToEastH6.65 emissions_WestA509ToEastH6.65,electric,0.98,0.0,0.0,0.0,0.0,0.0,0.0,0.0
EastA509ToH6.120,2160.0,770_0,0.0,0.0,0.0,3894.0,522_0,56.88,11.89,1734.0,1483.69,1505.0,17,0.0,1618.64,0,tripinfo_EastA509ToH6.120 emissions_EastA509ToH6.120,electric,0.93,0.0,0.0,0.0,0.0,0.0,0.0,0.0
WestH6ToSaxonSt.122,1464.0,524_0,0.0,0.0,0.0,3920.0,771_1,56.88,13.29,2456.0,2555.04,2006.0,37,0.0,2265.4,0,tripinfo_WestH6ToSaxonSt.122 emissions_WestH6ToSaxonSt.122,electric,0.98,0.0,0.0,0.0,0.0,0.0,0.0,0.0
WestH6ToSaxonSt.124,1488.0,524_0,0.0,0.0,0.0,3922.0,771_1,56.88,15.25,2434.0,2555.04,1984.0,36,0.0,2268.17,0,tripinfo_WestH6ToSaxonSt.124 emissions_WestH6ToSaxonSt.124,gasoline_euro4,1.13,364424.589882,6361695.468327,1808.055568,153.704386,2876.042854,2029210.264914,0.0
WestH6ToSaxonSt.210,2520.0,524_0,0.0,0.0,0.0,3924.0,771_1,56.88,13.85,1404.0,2555.01,1038.0,29,0.0,1225.67,0,tripinfo_WestH6ToSaxonSt.210 emissions_WestH6ToSaxonSt.210,electric,1.05,0.0,0.0,0.0,0.0,0.0,0.0,0.0
EastAveburyToWestA509.318,3562.0,483_1,0.0,0.0,659.0,3926.0,774_2,29.75,14.74,364.0,2240.45,167.0,4,0.0,219.84,0,tripinfo_EastAveburyToWestA509.318 emissions_EastAveburyToWestA509.318,gasoline_euro4,1.15,36035.402467,1033431.961716,187.319695,20.867303,435.811033,329627.200494,0.0
WestH6ToSaxonSt.199,2388.0,524_0,0.0,0.0,0.0,3928.0,771_1,56.88,13.15,1540.0,2555.0,1132.0,29,0.0,1346.56,0,tripinfo_WestH6ToSaxonSt.199 emissions_WestH6ToSaxonSt.199,gasoline_euro4,0.96,216032.881077,4046869.774613,1078.172049,94.82432,1811.964106,1290836.191492,0.0
EastAveburyToWestA509.316,3488.0,483_1,0.0,0.0,602.0,3928.0,774_2,29.75,14.91,440.0,2240.44,221.0,5,0.0,292.93,0,tripinfo_EastAveburyToWestA509.316 emissions_EastAveburyToWestA509.316,gasoline_euro4,1.13,47498.172252,1243122.029994,244.549317,25.950905,531.856439,396512.294375,0.0
WestH6ToSaxonSt.123,1476.0,524_0,0.0,0.0,0.0,3931.0,771_1,56.88,13.47,2455.0,2555.07,2033.0,33,0.0,2263.46,0,tripinfo_WestH6ToSaxonSt.123 emissions_WestH6ToSaxonSt.123,gasoline_euro4,0.97,366528.483302,6378934.240459,1817.905884,153.702743,2882.493329,2034710.099857,0.0
WestH6ToSaxonSt.162,1944.0,524_0,0.0,0.0,0.0,3933.0,771_1,56.88,14.09,1989.0,2555.03,1632.0,24,0.0,1817.76,0,tripinfo_WestH6ToSaxonSt.162 emissions_WestH6ToSaxonSt.162,electric,1.09,0.0,0.0,0.0,0.0,0.0,0.0,0.0
EastAveburyToWestA509.320,3568.0,483_1,0.0,0.0,648.0,3934.0,774_2,29.75,14.42,366.0,2237.39,153.0,4,0.0,218.13,0,tripinfo_EastAveburyToWestA509.320 emissions_EastAveburyToWestA509.320,electric,1.12,0.0,0.0,0.0,0.0,0.0,0.0,0.0
WestA509ToAvebury.128,2307.0,773_0,0.0,0.0,3.0,3936.0,213_0,19.13,12.75,1629.0,2327.58,1241.0,28,0.0,1455.72,0,tripinfo_WestA509ToAvebury.128 emissions_WestA509ToAvebury.128,gasoline_euro4,0.97,234370.142922,4292154.813587,1167.544675,101.767301,1931.237008,1369076.977065,0.0
EastAveburyToWestA509.317,3491.0,483_1,0.0,0.0,597.0,3937.0,774_0,29.75,12.87,446.0,2240.93,225.0,6,0.0,274.16,0,tripinfo_EastAveburyToWestA509.317 emissions_EastAveburyToWestA509.317,electric,0.96,0.0,0.0,0.0,0.0,0.0,0.0,0.0
EastSilburyToEastAvebury.50,1200.0,317_0,0.0,0.0,0.0,3939.0,213_0,19.13,11.67,2739.0,642.19,2525.0,33,0.0,2684.33,0,tripinfo_EastSilburyToEastAvebury.50 emissions_EastSilburyToEastAvebury.50,gasoline_euro4,0.92,439076.475723,7166339.051114,2167.454832,178.199306,3277.226941,2285882.180876,0.0
EastAveburyToWestA509.321,3571.0,483_1,0.0,0.0,643.0,3939.0,774_1,29.75,13.3,368.0,2241.29,144.0,5,0.0,210.32,0,tripinfo_EastAveburyToWestA509.321 emissions_EastAveburyToWestA509.321,gasoline_euro4,1.04,36064.60902,1075493.903034,188.879838,21.989661,458.043733,343042.12261,0.0
EastAveburyToWestA509.319,3565.0,483_1,0.0,0.0,654.0,3940.0,774_2,29.75,13.43,375.0,2240.45,153.0,6,0.0,209.83,0,tripinfo_EastAveburyToWestA509.319 emissions_EastAveburyToWestA509.319,electric,1.0,0.0,0.0,0.0,0.0,0.0,0.0,0.0
WestA509ToAvebury.129,2322.0,773_0,0.0,0.0,0.0,3941.0,213_0,19.13,12.55,1619.0,2327.58,1223.0,28,0.0,1439.0,0,tripinfo_WestA509ToAvebury.129 emissions_WestA509ToAvebury.129,electric,0.94,0.0,0.0,0.0,0.0,0.0,0.0,0.0
WestA509ToAvebury.118,2127.0,773_0,0.0,0.0,3.0,3945.0,213_0,19.13,11.73,1818.0,2327.58,1366.0,28,0.0,1622.73,0,tripinfo_WestA509ToAvebury.118 emissions_WestA509ToAvebury.118,electric,0.87,0.0,0.0,0.0,0.0,0.0,0.0,0.0
EastA509ToH6.122,2196.0,770_0,0.0,0.0,0.0,3960.0,522_0,56.88,14.16,1764.0,1483.69,1529.0,18,0.0,1665.43,0,tripinfo_EastA509ToH6.122 emissions_EastA509ToH6.122,electric,1.09,0.0,0.0,0.0,0.0,0.0,0.0,0.0
EastA509ToH6.119,2142.0,770_0,0.0,0.0,0.0,3962.0,522_0,56.88,15.08,1820.0,1483.69,1580.0,17,0.0,1722.87,0,tripinfo_EastA509ToH6.119 emissions_EastA509ToH6.119,electric,1.1,0.0,0.0,0.0,0.0,0.0,0.0,0.0
EastA509ToH6.121,2178.0,770_0,0.0,0.0,0.0,3965.0,522_0,56.88,14.47,1787.0,1483.74,1558.0,17,0.0,1686.08,0,tripinfo_EastA509ToH6.121 emissions_EastA509ToH6.121,gasoline_euro4,1.07,274989.183448,4761202.550613,1363.583775,115.85406,2159.63784,1518696.325,0.0
WestH6ToSaxonSt.215,2580.0,524_0,0.0,0.0,0.0,4008.0,771_1,56.88,11.7,1428.0,2555.01,1033.0,29,0.0,1221.37,0,tripinfo_WestH6ToSaxonSt.215 emissions_WestH6ToSaxonSt.215,gasoline_euro4,0.9,197687.288826,3716632.089354,987.030982,86.644046,1661.821007,1185499.808163,0.0
WestH6ToSaxonSt.166,1992.0,524_0,0.0,0.0,0.0,4010.0,771_1,56.88,13.78,2018.0,2555.0,1626.0,28,0.0,1841.09,0,tripinfo_WestH6ToSaxonSt.166 emissions_WestH6ToSaxonSt.166,electric,1.05,0.0,0.0,0.0,0.0,0.0,0.0,0.0
WestH6ToSaxonSt.253,3036.0,524_0,0.0,0.0,0.0,4011.0,771_1,56.88,15.85,975.0,2555.02,716.0,15,0.0,823.04,0,tripinfo_WestH6ToSaxonSt.253 emissions_WestH6ToSaxonSt.253,electric,1.23,0.0,0.0,0.0,0.0,0.0,0.0,0.0
WestH6ToSaxonSt.222,2664.0,524_0,0.0,0.0,0.0,4014.0,771_1,56.88,12.69,1350.0,2555.03,1002.0,22,0.0,1153.07,0,tripinfo_WestH6ToSaxonSt.222 emissions_WestH6ToSaxonSt.222,electric,0.95,0.0,0.0,0.0,0.0,0.0,0.0,0.0
WestH6ToSaxonSt.255,3060.0,524_0,0.0,0.0,0.0,4015.0,771_1,56.88,13.84,955.0,2555.02,698.0,14,0.0,794.58,0,tripinfo_WestH6ToSaxonSt.255 emissions_WestH6ToSaxonSt.255,electric,1.16,0.0,0.0,0.0,0.0,0.0,0.0,0.0
WestA509ToAvebury.131,2358.0,773_0,0.0,0.0,0.0,4019.0,213_0,19.13,14.07,1661.0,2327.58,1282.0,30,0.0,1496.21,0,tripinfo_WestA509ToAvebury.131 emissions_WestA509ToAvebury.131,electric,1.03,0.0,0.0,0.0,0.0,0.0,0.0,0.0
EastAveburyToWestA509.323,3577.0,483_1,0.0,0.0,632.0,4020.0,774_2,29.75,13.37,443.0,2240.45,220.0,6,0.0,280.52,0,tripinfo_EastAveburyToWestA509.323 emissions_EastAveburyToWestA509.323,electric,1.02,0.0,0.0,0.0,0.0,0.0,0.0,0.0
WestH6ToSaxonSt.126,1512.0,524_0,0.0,0.0,0.0,4021.0,771_1,56.88,11.57,2509.0,2555.05,2078.0,31,0.0,2299.1,0,tripinfo_WestH6ToSaxonSt.126 emissions_WestH6ToSaxonSt.126,electric,0.89,0.0,0.0,0.0,0.0,0.0,0.0,0.0
EastAveburyToWestA509.322,3574.0,483_1,0.0,0.0,637.0,4022.0,774_2,29.75,13.83,448.0,2240.44,223.0,7,0.0,284.27,0,tripinfo_EastAveburyToWestA509.322 emissions_EastAveburyToWestA509.322,electric,1.01,0.0,0.0,0.0,0.0,0.0,0.0,0.0
WestA509ToAvebury.121,2178.0,773_0,0.0,0.0,0.0,4023.0,213_0,19.13,11.06,1845.0,2327.58,1412.0,32,0.0,1644.36,0,tripinfo_WestA509ToAvebury.121 emissions_WestA509ToAvebury.121,gasoline_euro4,0.84,266971.176293,4783532.47055,1327.632117,113.495057,2153.080685,1525816.280132,0.0
WestH6ToSaxonSt.257,3084.0,524_0,0.0,0.0,0.0,4023.0,771_1,56.88,12.52,939.0,2555.02,663.0,14,0.0,744.94,0,tripinfo_WestH6ToSaxonSt.257 emissions_WestH6ToSaxonSt.257,gasoline_euro4,0.96,123999.440798,2522351.108489,623.054071,56.979067,1113.471394,804553.908869,0.0
EastAveburyToWestA509.326,3649.0,483_1,0.0,0.0,678.0,4024.0,774_1,29.75,14.32,375.0,2241.3,155.0,5,0.0,222.62,0,tripinfo_EastAveburyToWestA509.326 emissions_EastAveburyToWestA509.326,gasoline_euro4,1.07,36901.842917,1062506.519245,192.330014,21.633542,451.245455,338900.56866,0.0
EastAveburyToWestA509.324,3580.0,483_1,0.0,0.0,626.0,4027.0,774_2,29.75,12.79,447.0,2237.39,221.0,5,0.0,273.56,0,tripinfo_EastAveburyToWestA509.324 emissions_EastAveburyToWestA509.324,gasoline_euro4,0.96,46018.972485,1175366.903869,236.448241,23.978238,500.565717,374902.140487,0.0
EastAveburyToWestA509.325,3583.0,483_1,0.0,0.0,621.0,4029.0,774_2,29.75,14.73,446.0,2237.4,213.0,5,0.0,291.12,0,tripinfo_EastAveburyToWestA509.325 emissions_EastAveburyToWestA509.325,electric,1.07,0.0,0.0,0.0,0.0,0.0,0.0,0.0
WestA509ToAvebury.133,2394.0,773_0,0.0,0.0,0.0,4030.0,213_0,19.13,13.85,1636.0,2327.58,1252.0,28,0.0,1466.17,0,tripinfo_WestA509ToAvebury.133 emissions_WestA509ToAvebury.133,gasoline_euro4,1.0,236218.830615,4332808.712187,1176.852281,102.827844,1949.723783,1382044.104585,0.0
EastAveburyToWestA509.327,3653.0,483_1,0.0,0.0,674.0,4030.0,774_2,29.75,15.5,377.0,2240.45,145.0,6,0.0,231.48,0,tripinfo_EastAveburyToWestA509.327 emissions_EastAveburyToWestA509.327,gasoline_euro4,1.14,37385.264557,1083951.091817,195.232439,22.336881,462.745478,345740.12045,0.0
WestA509ToAvebury.75,1350.0,773_0,0.0,0.0,0.0,4032.0,213_0,19.13,14.99,2682.0,2327.63,2247.0,35,0.0,2527.42,0,tripinfo_WestA509ToAvebury.75 emissions_WestA509ToAvebury.75,gasoline_euro4,1.1,406042.716123,7004307.540735,2012.42864,170.01724,3173.462003,2234188.274912,0.0
EastAveburyToWestA509.328,3656.0,483_1,0.0,0.0,668.0,4038.0,774_0,29.75,11.55,382.0,2244.1,133.0,3,0.0,186.91,0,tripinfo_EastAveburyToWestA509.328 emissions_EastAveburyToWestA509.328,gasoline_euro4,0.85,33082.255198,973932.04235,173.168464,18.568553,407.728301,310649.47979,0.0
WestA509ToEastH6.66,2376.0,773_0,0.0,0.0,0.0,4054.0,522_0,56.88,12.09,1678.0,2755.12,1261.0,25,0.0,1455.23,0,tripinfo_WestA509ToEastH6.66 emissions_WestA509ToEastH6.66,gasoline_euro4,0.89,235945.104567,4393037.366842,1176.914802,102.676242,1965.9558,1401254.982673,0.0
WestA509ToEastH6.67,2412.0,773_0,0.0,0.0,0.0,4060.0,522_0,56.88,12.34,1648.0,2755.17,1229.0,26,0.0,1442.27,0,tripinfo_WestA509ToEastH6.67 emissions_WestA509ToEastH6.67,gasoline_euro4,0.97,231304.00325,4299278.560918,1153.382733,100.82309,1924.97661,1371348.454139,0.0
WestA509ToEastH6.57,2052.0,773_0,0.0,0.0,0.0,4061.0,522_1,56.88,13.59,2009.0,2749.98,1556.0,29,0.0,1816.71,0,tripinfo_WestA509ToEastH6.57 emissions_WestA509ToEastH6.57,gasoline_euro4,1.04,291898.635977,5290245.813901,1452.629585,125.846055,2380.583684,1687441.579323,0.0
SouthEvansGateToSilbury.178,3204.0,526_0,0.0,0.0,0.0,4062.0,215_1,19.43,14.62,858.0,1471.73,686.0,12,0.0,758.98,0,tripinfo_SouthEvansGateToSilbury.178 emissions_SouthEvansGateToSilbury.178,electric,1.07,0.0,0.0,0.0,0.0,0.0,0.0,0.0
SouthEvansGateToSilbury.179,3222.0,526_0,0.0,0.0,0.0,4064.0,215_1,19.43,14.22,842.0,1471.73,662.0,11,0.0,738.97,0,tripinfo_SouthEvansGateToSilbury.179 emissions_SouthEvansGateToSilbury.179,electric,1.03,0.0,0.0,0.0,0.0,0.0,0.0,0.0
SouthEvansGateToSilbury.180,3240.0,526_0,0.0,0.0,0.0,4066.0,215_1,19.43,14.12,826.0,1471.73,639.0,11,0.0,728.85,0,tripinfo_SouthEvansGateToSilbury.180 emissions_SouthEvansGateToSilbury.180,electric,1.09,0.0,0.0,0.0,0.0,0.0,0.0,0.0
SouthEvansGateToSilbury.181,3258.0,526_0,0.0,0.0,0.0,4070.0,215_1,19.43,11.62,812.0,1471.73,611.0,11,0.0,694.73,0,tripinfo_SouthEvansGateToSilbury.181 emissions_SouthEvansGateToSilbury.181,gasoline_euro4,0.91,114320.89117,2161240.00339,570.883492,50.420676,966.100087,689373.609714,0.0
SouthEvansGateToSilbury.182,3276.0,526_0,0.0,0.0,0.0,4071.0,215_1,19.43,13.93,795.0,1471.73,603.0,9,0.0,690.37,0,tripinfo_SouthEvansGateToSilbury.182 emissions_SouthEvansGateToSilbury.182,electric,1.01,0.0,0.0,0.0,0.0,0.0,0.0,0.0
WestH6ToSaxonSt.172,2064.0,524_0,0.0,0.0,0.0,4097.0,771_1,56.88,15.4,2033.0,2521.11,1648.0,24,0.0,1861.39,0,tripinfo_WestH6ToSaxonSt.172 emissions_WestH6ToSaxonSt.172,gasoline_euro4,1.19,300914.460268,5379248.561328,1495.302599,129.087055,2424.934419,1715832.370825,0.0
WestH6ToSaxonSt.258,3096.0,524_0,0.0,0.0,0.0,4106.0,771_1,56.88,13.69,1010.0,2555.02,733.0,16,0.0,821.27,0,tripinfo_WestH6ToSaxonSt.258 emissions_WestH6ToSaxonSt.258,gasoline_euro4,0.99,136466.057781,2750533.673954,685.110095,62.604401,1217.085695,877337.522423,0.0
WestH6ToSaxonSt.211,2532.0,524_0,0.0,0.0,0.0,4108.0,771_1,56.88,13.2,1576.0,2555.01,1259.0,22,0.0,1393.49,0,tripinfo_WestH6ToSaxonSt.211 emissions_WestH6ToSaxonSt.211,electric,1.02,0.0,0.0,0.0,0.0,0.0,0.0,0.0
WestA509ToAvebury.116,2088.0,773_0,0.0,0.0,0.0,4111.0,213_0,19.13,12.3,2023.0,2275.76,1553.0,32,0.0,1814.87,0,tripinfo_WestA509ToAvebury.116 emissions_WestA509ToAvebury.116,electric,0.92,0.0,0.0,0.0,0.0,0.0,0.0,0.0
WestA509ToAvebury.106,1911.0,773_0,0.0,0.0,3.0,4112.0,213_0,19.13,12.62,2201.0,2327.58,1777.0,29,0.0,2027.81,0,tripinfo_WestA509ToAvebury.106 emissions_WestA509ToAvebury.106,gasoline_euro4,0.98,326282.251684,5747757.990315,1620.167094,138.152381,2596.850516,1833379.442864,0.0
EastAveburyToWestA509.331,3665.0,483_1,0.0,0.0,652.0,4113.0,774_1,29.75,12.02,448.0,2240.45,215.0,5,0.0,268.21,0,tripinfo_EastAveburyToWestA509.331 emissions_EastAveburyToWestA509.331,electric,0.92,0.0,0.0,0.0,0.0,0.0,0.0,0.0
WestA509ToAvebury.53,954.0,773_0,0.0,0.0,0.0,4114.0,213_0,19.13,13.31,3160.0,2322.44,2745.0,37,0.0,2996.87,0,tripinfo_WestA509ToAvebury.53 emissions_WestA509ToAvebury.53,gasoline_euro4,1.04,486645.096053,8274249.122281,2409.333477,201.978162,3756.835013,2639269.130535,0.0
EastAveburyToWestA509.330,3661.0,483_1,0.0,0.0,656.0,4114.0,774_2,29.75,12.97,453.0,2237.39,211.0,5,0.0,290.67,0,tripinfo_EastAveburyToWestA509.330 emissions_EastAveburyToWestA509.330,gasoline_euro4,1.02,47353.764642,1243169.421089,244.490012,25.889717,534.518662,396527.321806,0.0
EastAveburyToWestA509.329,3659.0,483_1,0.0,0.0,663.0,4115.0,774_1,29.75,13.42,456.0,2244.08,216.0,4,0.0,290.89,0,tripinfo_EastAveburyToWestA509.329 emissions_EastAveburyToWestA509.329,electric,1.01,0.0,0.0,0.0,0.0,0.0,0.0,0.0
EastAveburyToWestA509.333,3737.0,483_1,0.0,0.0,707.0,4118.0,774_1,29.75,12.26,381.0,2237.39,143.0,4,0.0,200.58,0,tripinfo_EastAveburyToWestA509.333 emissions_EastAveburyToWestA509.333,electric,0.92,0.0,0.0,0.0,0.0,0.0,0.0,0.0
EastAveburyToWestA509.334,3740.0,483_1,0.0,0.0,701.0,4119.0,774_2,29.75,12.55,379.0,2237.65,141.0,4,0.0,212.34,0,tripinfo_EastAveburyToWestA509.334 emissions_EastAveburyToWestA509.334,electric,0.99,0.0,0.0,0.0,0.0,0.0,0.0,0.0
EastAveburyToWestA509.335,3743.0,483_1,0.0,0.0,696.0,4124.0,774_2,29.75,13.97,381.0,2237.4,136.0,4,0.0,225.33,0,tripinfo_EastAveburyToWestA509.335 emissions_EastAveburyToWestA509.335,gasoline_euro4,1.06,34850.348792,1053940.883015,183.161632,21.109236,447.462359,336167.670668,0.0
EastAveburyToWestA509.336,3746.0,483_1,0.0,0.0,690.0,4125.0,774_0,29.75,12.18,379.0,2244.09,126.0,2,0.0,194.91,0,tripinfo_EastAveburyToWestA509.336 emissions_EastAveburyToWestA509.336,gasoline_euro4,0.9,33581.195878,990407.118227,175.727719,19.297307,416.882417,315903.951196,0.0
EastAveburyToWestA509.332,3668.0,483_1,0.0,0.0,646.0,4126.0,774_1,29.75,11.09,458.0,2240.45,204.0,6,0.0,261.88,0,tripinfo_EastAveburyToWestA509.332 emissions_EastAveburyToWestA509.332,gasoline_euro4,0.85,45006.485036,1151165.397725,231.531175,22.931636,488.342821,367183.211701,0.0
EastA509ToH6.109,1962.0,770_0,0.0,0.0,0.0,4140.0,522_0,56.88,12.52,2178.0,1443.3,1949.0,17,0.0,2072.51,0,tripinfo_EastA509ToH6.109 emissions_EastA509ToH6.109,electric,0.99,0.0,0.0,0.0,0.0,0.0,0.0,0.0
EastA509ToH6.125,2250.0,770_0,0.0,0.0,0.0,4141.0,522_1,56.88,14.02,1891.0,1483.69,1646.0,19,0.0,1785.11,0,tripinfo_EastA509ToH6.125 emissions_EastA509ToH6.125,electric,1.01,0.0,0.0,0.0,0.0,0.0,0.0,0.0
WestA509ToEastH6.68,2448.0,773_0,0.0,0.0,0.0,4150.0,522_0,56.88,15.06,1702.0,2749.98,1295.0,27,0.0,1526.81,0,tripinfo_WestA509ToEastH6.68 emissions_WestA509ToEastH6.68,gasoline_euro4,1.14,244775.577209,4569484.701159,1220.850134,107.69448,2048.719956,1457535.218006,0.0
SouthEvansGateToSilbury.183,3294.0,526_0,0.0,0.0,0.0,4151.0,215_1,19.43,12.33,857.0,1471.73,688.0,8,0.0,743.55,0,tripinfo_SouthEvansGateToSilbury.183 emissions_SouthEvansGateToSilbury.183,gasoline_euro4,0.93,123386.26212,2316494.799704,615.995752,54.495332,1038.573326,738895.449195,0.0
SouthEvansGateToSilbury.184,3312.0,526_0,0.0,0.0,0.0,4154.0,215_1,19.43,11.15,842.0,1471.73,660.0,8,0.0,719.9,0,tripinfo_SouthEvansGateToSilbury.184 emissions_SouthEvansGateToSilbury.184,gasoline_euro4,0.87,120048.052545,2256299.193924,599.500384,52.850209,1010.59129,719694.937567,0.0
SouthEvansGateToSilbury.185,3330.0,526_0,0.0,0.0,0.0,4156.0,215_1,19.43,12.96,826.0,1471.73,640.0,8,0.0,716.23,0,tripinfo_SouthEvansGateToSilbury.185 emissions_SouthEvansGateToSilbury.185,gasoline_euro4,0.97,117407.51025,2234291.6614,586.912889,52.343894,1000.634096,712674.217395,0.0
WestA509ToEastH6.70,2522.0,773_0,0.0,0.0,2.0,4158.0,522_0,56.88,11.25,1636.0,2755.12,1200.0,22,0.0,1409.4,0,tripinfo_WestA509ToEastH6.70 emissions_WestA509ToEastH6.70,electric,0.88,0.0,0.0,0.0,0.0,0.0,0.0,0.0
SouthEvansGateToSilbury.186,3348.0,526_0,0.0,0.0,0.0,4158.0,215_1,19.43,11.89,810.0,1471.73,617.0,8,0.0,689.41,0,tripinfo_SouthEvansGateToSilbury.186 emissions_SouthEvansGateToSilbury.186,gasoline_euro4,0.88,113518.734847,2146542.771743,567.095529,50.182806,960.652739,684685.456234,0.0
SouthEvansGateToSilbury.187,3366.0,526_0,0.0,0.0,0.0,4160.0,215_1,19.43,14.95,794.0,1471.73,607.0,7,0.0,699.8,0,tripinfo_SouthEvansGateToSilbury.187 emissions_SouthEvansGateToSilbury.187,electric,1.13,0.0,0.0,0.0,0.0,0.0,0.0,0.0
SouthEvansGateToSilbury.188,3384.0,526_0,0.0,0.0,0.0,4161.0,215_1,19.43,13.29,777.0,1471.73,591.0,8,0.0,672.89,0,tripinfo_SouthEvansGateToSilbury.188 emissions_SouthEvansGateToSilbury.188,gasoline_euro4,1.02,109870.016719,2110872.188998,549.657311,49.529728,945.489461,673306.230859,0.0
SouthEvansGateToSilbury.189,3402.0,526_0,0.0,0.0,0.0,4163.0,215_1,19.43,12.73,761.0,1471.73,572.0,8,0.0,655.4,0,tripinfo_SouthEvansGateToSilbury.189 emissions_SouthEvansGateToSilbury.189,gasoline_euro4,1.01,106648.184685,2060223.175506,533.501995,47.946987,919.801569,657150.761696,0.0
EastAveburyToWestA509.337,3749.0,483_1,0.0,0.0,685.0,4193.0,774_2,29.75,14.65,444.0,2240.46,219.0,4,0.0,292.46,0,tripinfo_EastAveburyToWestA509.337 emissions_EastAveburyToWestA509.337,electric,1.09,0.0,0.0,0.0,0.0,0.0,0.0,0.0
WestA509ToAvebury.139,2502.0,773_0,0.0,0.0,0.0,4199.0,213_0,19.13,9.62,1697.0,2327.58,1300.0,26,0.0,1479.84,0,tripinfo_WestA509ToAvebury.139 emissions_WestA509ToAvebury.139,electric,0.78,0.0,0.0,0.0,0.0,0.0,0.0,0.0
WestA509ToAvebury.140,2520.0,773_0,0.0,0.0,0.0,4200.0,213_0,19.13,13.32,1680.0,2327.58,1296.0,28,0.0,1515.79,0,tripinfo_WestA509ToAvebury.140 emissions_WestA509ToAvebury.140,electric,1.03,0.0,0.0,0.0,0.0,0.0,0.0,0.0
EastAveburyToWestA509.342,3832.0,483_1,0.0,0.0,725.0,4201.0,774_2,29.75,15.42,369.0,2237.66,146.0,5,0.0,222.5,0,tripinfo_EastAveburyToWestA509.342 emissions_EastAveburyToWestA509.342,gasoline_euro4,1.12,35527.471401,1063045.345865,186.455919,21.566583,452.303273,339071.629374,0.0
EastAveburyToWestA509.339,3755.0,483_1,0.0,0.0,674.0,4202.0,774_1,29.75,11.84,447.0,2240.45,212.0,5,0.0,267.85,0,tripinfo_EastAveburyToWestA509.339 emissions_EastAveburyToWestA509.339,electric,0.93,0.0,0.0,0.0,0.0,0.0,0.0,0.0
EastAveburyToWestA509.340,3825.0,483_1,0.0,0.0,735.0,4203.0,774_1,29.75,13.09,378.0,2240.93,149.0,4,0.0,213.95,0,tripinfo_EastAveburyToWestA509.340 emissions_EastAveburyToWestA509.340,gasoline_euro4,1.01,34874.355697,1011590.01373,182.057466,20.129448,427.70285,322660.446201,0.0
WestA509ToAvebury.142,2559.0,773_0,0.0,0.0,3.0,4204.0,213_0,19.13,14.1,1645.0,2328.43,1238.0,25,0.0,1479.19,0,tripinfo_WestA509ToAvebury.142 emissions_WestA509ToAvebury.142,gasoline_euro4,1.02,235106.689578,4312156.461474,1171.566775,102.559802,1942.766868,1375456.334933,0.0
WestA509ToAvebury.136,2451.0,773_0,0.0,0.0,3.0,4206.0,213_0,19.13,12.13,1755.0,2327.58,1378.0,30,0.0,1578.83,0,tripinfo_WestA509ToAvebury.136 emissions_WestA509ToAvebury.136,gasoline_euro4,0.96,256125.547432,4666495.569247,1275.243793,110.879999,2100.784562,1488481.764729,0.0
WestA509ToAvebury.64,1154.0,773_0,0.0,0.0,2.0,4208.0,213_0,19.13,13.34,3054.0,2322.44,2607.0,36,0.0,2879.42,0,tripinfo_WestA509ToAvebury.64 emissions_WestA509ToAvebury.64,gasoline_euro4,0.97,466622.571035,7962197.123631,2311.236721,194.033507,3614.693141,2539731.973103,0.0
EastAveburyToWestA509.338,3752.0,483_1,0.0,0.0,679.0,4208.0,774_0,29.75,11.69,456.0,2241.02,217.0,6,0.0,277.8,0,tripinfo_EastAveburyToWestA509.338 emissions_EastAveburyToWestA509.338,gasoline_euro4,0.93,47513.301335,1221128.617996,244.550131,25.546411,525.337182,389497.604048,0.0
EastAveburyToWestA509.341,3829.0,483_1,0.0,0.0,731.0,4209.0,774_2,29.75,11.92,380.0,2240.45,143.0,6,0.0,198.66,0,tripinfo_EastAveburyToWestA509.341 emissions_EastAveburyToWestA509.341,electric,0.92,0.0,0.0,0.0,0.0,0.0,0.0,0.0
EastAveburyToWestA509.343,3835.0,483_1,0.0,0.0,720.0,4210.0,774_2,29.75,13.76,375.0,2237.67,136.0,4,0.0,213.91,0,tripinfo_EastAveburyToWestA509.343 emissions_EastAveburyToWestA509.343,gasoline_euro4,1.01,34662.101948,1025503.895059,181.390783,20.728487,436.062426,327097.611277,0.0
WestA509ToEastH6.71,2556.0,773_0,0.0,0.0,0.0,4232.0,522_0,56.88,12.34,1676.0,2755.12,1242.0,24,0.0,1451.44,0,tripinfo_WestA509ToEastH6.71 emissions_WestA509ToEastH6.71,gasoline_euro4,0.89,233861.684547,4340241.75494,1166.342915,101.675935,1944.624927,1384414.831566,0.0
WestA509ToEastH6.72,2592.0,773_0,0.0,0.0,0.0,4237.0,522_0,56.88,12.87,1645.0,2755.17,1204.0,22,0.0,1430.26,0,tripinfo_WestA509ToEastH6.72 emissions_WestA509ToEastH6.72,gasoline_euro4,0.93,229889.475974,4276996.294511,1146.451409,100.163904,1914.812941,1364241.034496,0.0
SouthEvansGateToSilbury.190,3420.0,526_0,0.0,0.0,0.0,4250.0,215_1,19.43,13.64,830.0,1471.73,640.0,11,0.0,731.02,0,tripinfo_SouthEvansGateToSilbury.190 emissions_SouthEvansGateToSilbury.190,gasoline_euro4,1.07,119910.214708,2304899.32799,599.849107,54.292825,1033.853532,735194.889059,0.0
SouthEvansGateToSilbury.191,3438.0,526_0,0.0,0.0,0.0,4253.0,215_1,19.43,12.88,815.0,1471.73,609.0,10,0.0,702.28,0,tripinfo_SouthEvansGateToSilbury.191 emissions_SouthEvansGateToSilbury.191,electric,0.94,0.0,0.0,0.0,0.0,0.0,0.0,0.0
WestH6ToSaxonSt.200,2400.0,524_0,0.0,0.0,0.0,4268.0,771_1,56.88,13.16,1868.0,2554.99,1491.0,35,0.0,1683.12,0,tripinfo_WestH6ToSaxonSt.200 emissions_WestH6ToSaxonSt.200,electric,1.01,0.0,0.0,0.0,0.0,0.0,0.0,0.0
WestH6ToSaxonSt.125,1500.0,524_0,0.0,0.0,0.0,4269.0,771_1,56.88,15.18,2769.0,2555.04,2344.0,39,0.0,2605.38,0,tripinfo_WestH6ToSaxonSt.125 emissions_WestH6ToSaxonSt.125,electric,1.14,0.0,0.0,0.0,0.0,0.0,0.0,0.0
WestH6ToSaxonSt.221,2652.0,524_0,0.0,0.0,0.0,4278.0,771_1,56.88,11.68,1626.0,2555.0,1276.0,26,0.0,1410.72,0,tripinfo_WestH6ToSaxonSt.221 emissions_WestH6ToSaxonSt.221,gasoline_euro4,0.86,232037.651789,4273229.289693,1156.639735,100.510242,1916.971217,1363040.447353,0.0
WestH6ToSaxonSt.248,2976.0,524_0,0.0,0.0,0.0,4280.0,771_1,56.88,13.51,1304.0,2555.02,991.0,21,0.0,1127.38,0,tripinfo_WestH6ToSaxonSt.248 emissions_WestH6ToSaxonSt.248,electric,1.06,0.0,0.0,0.0,0.0,0.0,0.0,0.0
EastAveburyToWestA509.344,3838.0,483_1,0.0,0.0,714.0,4283.0,774_1,29.75,13.22,445.0,2244.08,220.0,6,0.0,284.58,0,tripinfo_EastAveburyToWestA509.344 emissions_EastAveburyToWestA509.344,gasoline_euro4,1.03,47189.516245,1228707.836359,242.84948,25.464245,525.561215,391915.006667,0.0
EastAveburyToWestA509.345,3841.0,483_1,0.0,0.0,709.0,4284.0,774_2,29.75,13.37,443.0,2240.45,229.0,5,0.0,280.7,0,tripinfo_EastAveburyToWestA509.345 emissions_EastAveburyToWestA509.345,gasoline_euro4,1.02,47653.974207,1213329.241972,244.829432,25.201306,519.100871,387010.430296,0.0
EastAveburyToWestA509.346,3844.0,483_1,0.0,0.0,703.0,4286.0,774_2,29.75,14.58,442.0,2240.45,226.0,5,0.0,286.38,0,tripinfo_EastAveburyToWestA509.346 emissions_EastAveburyToWestA509.346,electric,1.07,0.0,0.0,0.0,0.0,0.0,0.0,0.0
WestA509ToAvebury.130,2343.0,773_0,0.0,0.0,3.0,4290.0,213_0,19.13,13.18,1947.0,2327.58,1531.0,34,0.0,1780.47,0,tripinfo_WestA509ToAvebury.130 emissions_WestA509ToAvebury.130,electric,1.02,0.0,0.0,0.0,0.0,0.0,0.0,0.0
WestA509ToAvebury.145,2610.0,773_0,0.0,0.0,0.0,4293.0,213_0,19.13,13.68,1683.0,2327.58,1274.0,28,0.0,1511.52,0,tripinfo_WestA509ToAvebury.145 emissions_WestA509ToAvebury.145,gasoline_euro4,0.99,241583.930421,4398435.529224,1202.691772,104.320711,1977.952271,1402978.482673,0.0
WestA509ToAvebury.78,1407.0,773_0,0.0,0.0,3.0,4294.0,213_0,19.13,15.02,2887.0,2322.44,2448.0,37,0.0,2730.57,0,tripinfo_WestA509ToAvebury.78 emissions_WestA509ToAvebury.78,gasoline_euro4,1.08,439814.468727,7567446.834621,2179.743101,184.099501,3433.058724,2413814.981195,0.0
WestA509ToAvebury.144,2595.0,773_0,0.0,0.0,3.0,4297.0,213_0,19.13,13.12,1702.0,2327.58,1288.0,31,0.0,1532.98,0,tripinfo_WestA509ToAvebury.144 emissions_WestA509ToAvebury.144,gasoline_euro4,1.01,244363.04016,4430194.935826,1216.181401,105.435258,1994.377392,1413109.099848,0.0
WestA509ToEastH6.73,2631.0,773_0,0.0,0.0,3.0,4317.0,522_0,56.88,12.86,1686.0,2755.12,1251.0,27,0.0,1476.97,0,tripinfo_WestA509ToEastH6.73 emissions_WestA509ToEastH6.73,gasoline_euro4,0.96,237217.027804,4430559.041686,1183.61664,104.031038,1985.550536,1413222.303534,0.0
WestA509ToEastH6.69,2484.0,773_0,0.0,0.0,0.0,4318.0,522_1,56.88,14.89,1834.0,2749.98,1428.0,27,0.0,1659.26,0,tripinfo_WestA509ToEastH6.69 emissions_WestA509ToEastH6.69,gasoline_euro4,1.14,265175.615028,4907510.914795,1322.095394,116.630511,2207.488957,1565356.280775,0.0
EastA509ToH6.135,2430.0,770_0,0.0,0.0,0.0,4324.0,522_1,56.88,13.41,1894.0,1381.91,1590.0,10,0.0,1651.04,0,tripinfo_EastA509ToH6.135 emissions_EastA509ToH6.135,electric,1.03,0.0,0.0,0.0,0.0,0.0,0.0,0.0
EastA509ToH6.126,2268.0,770_0,0.0,0.0,0.0,4325.0,522_0,56.88,11.49,2057.0,1483.64,1799.0,17,0.0,1939.1,0,tripinfo_EastA509ToH6.126 emissions_EastA509ToH6.126,electric,0.91,0.0,0.0,0.0,0.0,0.0,0.0,0.0
SouthEvansGateToSilbury.192,3456.0,526_0,0.0,0.0,0.0,4326.0,215_1,19.43,13.73,870.0,1471.73,665.0,10,0.0,766.02,0,tripinfo_SouthEvansGateToSilbury.192 emissions_SouthEvansGateToSilbury.192,gasoline_euro4,1.02,124619.387812,2357892.556937,622.196735,55.397019,1055.930134,752099.579508,0.0
SouthEvansGateToSilbury.193,3474.0,526_0,0.0,0.0,0.0,4328.0,215_1,19.43,13.85,854.0,1471.73,655.0,10,0.0,752.15,0,tripinfo_SouthEvansGateToSilbury.193 emissions_SouthEvansGateToSilbury.193,gasoline_euro4,1.05,122465.92634,2335625.385089,612.053003,54.765903,1045.252453,744996.5314,0.0
SouthEvansGateToSilbury.194,3492.0,526_0,0.0,0.0,0.0,4331.0,215_1,19.43,11.74,839.0,1471.73,628.0,10,0.0,723.89,0,tripinfo_SouthEvansGateToSilbury.194 emissions_SouthEvansGateToSilbury.194,gasoline_euro4,0.92,118614.028177,2245385.095441,592.524337,52.507929,1004.812522,716213.212975,0.0
SouthEvansGateToSilbury.195,3510.0,526_0,0.0,0.0,0.0,4333.0,215_1,19.43,12.92,823.0,1471.73,609.0,10,0.0,713.05,0,tripinfo_SouthEvansGateToSilbury.195 emissions_SouthEvansGateToSilbury.195,electric,0.97,0.0,0.0,0.0,0.0,0.0,0.0,0.0
SouthEvansGateToSilbury.196,3528.0,526_0,0.0,0.0,0.0,4335.0,215_1,19.43,12.51,807.0,1471.73,588.0,9,0.0,694.46,0,tripinfo_SouthEvansGateToSilbury.196 emissions_SouthEvansGateToSilbury.196,electric,0.95,0.0,0.0,0.0,0.0,0.0,0.0,0.0
WestH6ToSaxonSt.230,2760.0,524_0,0.0,0.0,0.0,4366.0,771_1,56.88,13.28,1606.0,2555.0,1299.0,26,0.0,1424.15,0,tripinfo_WestH6ToSaxonSt.230 emissions_WestH6ToSaxonSt.230,gasoline_euro4,1.02,234521.428451,4362528.908982,1169.672605,103.406179,1960.074177,1391522.155998,0.0
EastAveburyToWestA509.348,3916.0,483_1,0.0,0.0,758.0,4367.0,774_2,29.75,15.47,451.0,2237.39,225.0,5,0.0,304.04,0,tripinfo_EastAveburyToWestA509.348 emissions_EastAveburyToWestA509.348,gasoline_euro4,1.12,47867.864514,1225517.126423,246.36195,25.579103,526.466862,390897.57745,0.0
WestH6ToSaxonSt.214,2568.0,524_0,0.0,0.0,0.0,4369.0,771_1,56.88,13.53,1801.0,2555.0,1463.0,25,0.0,1614.69,0,tripinfo_WestH6ToSaxonSt.214 emissions_WestH6ToSaxonSt.214,electric,1.0,0.0,0.0,0.0,0.0,0.0,0.0,0.0
WestH6ToSaxonSt.127,1524.0,524_0,0.0,0.0,0.0,4370.0,771_1,56.88,14.35,2846.0,2555.04,2427.0,37,0.0,2672.39,0,tripinfo_WestH6ToSaxonSt.127 emissions_WestH6ToSaxonSt.127,electric,1.07,0.0,0.0,0.0,0.0,0.0,0.0,0.0
EastAveburyToWestA509.350,3922.0,483_1,0.0,0.0,747.0,4377.0,774_1,29.75,12.41,455.0,2237.66,219.0,5,0.0,286.55,0,tripinfo_EastAveburyToWestA509.350 emissions_EastAveburyToWestA509.350,gasoline_euro4,0.97,48233.634899,1246715.395295,248.238107,25.989935,535.362001,397658.810351,0.0
EastAveburyToWestA509.351,3925.0,483_1,0.0,0.0,742.0,4380.0,774_1,29.75,11.93,455.0,2240.45,208.0,5,0.0,278.86,0,tripinfo_EastAveburyToWestA509.351 emissions_EastAveburyToWestA509.351,gasoline_euro4,0.94,46795.421323,1210281.506212,241.081373,25.084813,519.511023,386037.805792,0.0
EastSilburyToEastAvebury.80,1796.0,317_0,0.0,0.0,116.0,4382.0,213_0,19.13,16.21,2586.0,596.83,2238.0,30,0.0,2400.44,0,tripinfo_EastSilburyToEastAvebury.80 emissions_EastSilburyToEastAvebury.80,gasoline_euro4,1.17,391046.644082,6369676.921108,1930.123537,158.679892,2914.698252,2031767.137375,0.0
EastAveburyToWestA509.349,3919.0,483_1,0.0,0.0,753.0,4383.0,774_2,29.75,12.88,464.0,2237.38,216.0,5,0.0,288.28,0,tripinfo_EastAveburyToWestA509.349 emissions_EastAveburyToWestA509.349,gasoline_euro4,0.95,48410.458721,1252809.944127,249.420207,25.853089,537.155421,399603.009574,0.0
EastSilburyToEastAvebury.74,1619.0,317_0,0.0,0.0,35.0,4384.0,213_0,19.13,15.38,2765.0,658.22,2514.0,31,0.0,2706.81,0,tripinfo_EastSilburyToEastAvebury.74 emissions_EastSilburyToEastAvebury.74,gasoline_euro4,1.14,439405.670445,7214792.812789,2170.124579,179.249361,3298.863636,2301336.161948,0.0
EastAveburyToWestA509.347,3913.0,483_1,0.0,0.0,764.0,4385.0,774_0,29.75,11.47,472.0,2241.03,226.0,5,0.0,274.63,0,tripinfo_EastAveburyToWestA509.347 emissions_EastAveburyToWestA509.347,gasoline_euro4,0.84,47729.59798,1205574.873143,245.248993,24.297329,513.309324,384538.064965,0.0
EastAveburyToWestA509.352,3928.0,483_1,0.0,0.0,736.0,4389.0,774_1,29.75,10.65,461.0,2237.39,203.0,5,0.0,268.05,0,tripinfo_EastAveburyToWestA509.352 emissions_EastAveburyToWestA509.352,electric,0.86,0.0,0.0,0.0,0.0,0.0,0.0,0.0
EastAveburyToWestA509.353,3931.0,483_1,0.0,0.0,731.0,4392.0,774_1,29.75,11.45,461.0,2237.62,201.0,7,0.0,266.05,0,tripinfo_EastAveburyToWestA509.353 emissions_EastAveburyToWestA509.353,electric,0.84,0.0,0.0,0.0,0.0,0.0,0.0,0.0
EastA509ToH6.123,2214.0,770_0,0.0,0.0,0.0,4404.0,522_0,56.88,12.79,2190.0,1483.8,1949.0,19,0.0,2080.07,0,tripinfo_EastA509ToH6.123 emissions_EastA509ToH6.123,electric,0.98,0.0,0.0,0.0,0.0,0.0,0.0,0.0
EastA509ToH6.124,2232.0,770_0,0.0,0.0,0.0,4412.0,522_0,56.88,11.17,2180.0,1483.75,1931.0,19,0.0,2054.25,0,tripinfo_EastA509ToH6.124 emissions_EastA509ToH6.124,gasoline_euro4,0.85,336168.581827,5704327.875553,1664.492147,139.240181,2591.582712,1819531.849408,0.0
EastA509ToH6.133,2394.0,770_0,0.0,0.0,0.0,4417.0,522_1,56.88,14.62,2023.0,1420.54,1678.0,14,0.0,1773.87,0,tripinfo_EastA509ToH6.133 emissions_EastA509ToH6.133,electric,1.06,0.0,0.0,0.0,0.0,0.0,0.0,0.0
EastA509ToH6.128,2304.0,770_0,0.0,0.0,0.0,4419.0,522_1,56.88,12.09,2115.0,1443.3,1872.0,16,0.0,1998.55,0,tripinfo_EastA509ToH6.128 emissions_EastA509ToH6.128,electric,0.89,0.0,0.0,0.0,0.0,0.0,0.0,0.0
WestA509ToEastH6.74,2667.0,773_0,0.0,0.0,3.0,4419.0,522_0,56.88,10.18,1752.0,2755.12,1285.0,23,0.0,1487.18,0,tripinfo_WestA509ToEastH6.74 emissions_WestA509ToEastH6.74,gasoline_euro4,0.75,242970.268698,4478949.494587,1211.099818,104.503199,2005.844402,1428660.079062,0.0
EastA509ToH6.130,2340.0,770_0,0.0,0.0,0.0,4421.0,522_1,56.88,15.23,2081.0,1443.3,1846.0,15,0.0,1989.07,0,tripinfo_EastA509ToH6.130 emissions_EastA509ToH6.130,electric,1.13,0.0,0.0,0.0,0.0,0.0,0.0,0.0
EastA509ToH6.129,2322.0,770_0,0.0,0.0,0.0,4422.0,522_0,56.88,12.21,2100.0,1483.69,1845.0,19,0.0,1984.81,0,tripinfo_EastA509ToH6.129 emissions_EastA509ToH6.129,electric,0.93,0.0,0.0,0.0,0.0,0.0,0.0,0.0
WestH6ToSaxonSt.262,3144.0,524_0,0.0,0.0,0.0,4437.0,771_1,56.88,16.34,1293.0,2555.02,993.0,27,0.0,1140.51,0,tripinfo_WestH6ToSaxonSt.262 emissions_WestH6ToSaxonSt.262,gasoline_euro4,1.23,185936.843013,3611774.112582,930.857013,84.779255,1615.003519,1152048.618729,0.0
WestH6ToSaxonSt.250,3000.0,524_0,0.0,0.0,0.0,4441.0,771_1,56.88,14.74,1441.0,2555.03,1145.0,22,0.0,1277.06,0,tripinfo_WestH6ToSaxonSt.250 emissions_WestH6ToSaxonSt.250,electric,1.14,0.0,0.0,0.0,0.0,0.0,0.0,0.0
WestH6ToSaxonSt.238,2856.0,524_0,0.0,0.0,0.0,4449.0,771_1,56.88,13.4,1593.0,2537.12,1280.0,19,0.0,1392.26,0,tripinfo_WestH6ToSaxonSt.238 emissions_WestH6ToSaxonSt.238,electric,0.97,0.0,0.0,0.0,0.0,0.0,0.0,0.0
WestH6ToSaxonSt.271,3252.0,524_0,0.0,0.0,0.0,4451.0,771_1,56.88,15.98,1199.0,2555.02,893.0,30,0.0,1038.87,0,tripinfo_WestH6ToSaxonSt.271 emissions_WestH6ToSaxonSt.271,gasoline_euro4,1.16,168741.368031,3308556.213061,845.076347,77.042493,1475.383694,1055330.76646,0.0
WestH6ToSaxonSt.264,3168.0,524_0,0.0,0.0,0.0,4453.0,771_1,56.88,14.52,1285.0,2555.02,962.0,32,0.0,1107.53,0,tripinfo_WestH6ToSaxonSt.264 emissions_WestH6ToSaxonSt.264,gasoline_euro4,1.05,180623.52661,3485789.50838,903.53763,81.247652,1556.143756,1111864.616122,0.0
EastAveburyToWestA509.354,4002.0,483_1,0.0,0.0,793.0,4456.0,774_1,29.75,14.19,454.0,2244.08,229.0,6,0.0,301.82,0,tripinfo_EastAveburyToWestA509.354 emissions_EastAveburyToWestA509.354,electric,1.09,0.0,0.0,0.0,0.0,0.0,0.0,0.0
WestA509ToAvebury.146,2628.0,773_0,0.0,0.0,0.0,4457.0,213_0,19.13,13.91,1829.0,2327.58,1403.0,35,0.0,1663.3,0,tripinfo_WestA509ToAvebury.146 emissions_WestA509ToAvebury.146,gasoline_euro4,1.02,266151.554662,4796354.865511,1323.97038,114.689512,2163.439283,1529904.283009,0.0
EastAveburyToWestA509.355,4005.0,483_1,0.0,0.0,788.0,4457.0,774_2,29.75,13.93,452.0,2237.39,226.0,6,0.0,299.43,0,tripinfo_EastAveburyToWestA509.355 emissions_EastAveburyToWestA509.355,electric,1.09,0.0,0.0,0.0,0.0,0.0,0.0,0.0
WestH6ToSaxonSt.128,1536.0,524_0,0.0,0.0,0.0,4458.0,771_1,56.88,12.42,2922.0,2555.04,2482.0,40,0.0,2727.12,0,tripinfo_WestH6ToSaxonSt.128 emissions_WestH6ToSaxonSt.128,gasoline_euro4,0.96,443038.322483,7578732.856738,2194.098201,183.637161,3431.546585,2417417.509333,0.0
EastAveburyToWestA509.357,4011.0,483_1,0.0,0.0,777.0,4460.0,774_2,29.75,13.48,449.0,2240.45,218.0,5,0.0,292.83,0,tripinfo_EastAveburyToWestA509.357 emissions_EastAveburyToWestA509.357,gasoline_euro4,1.06,47574.348435,1230402.325105,244.778449,25.529841,526.911993,392455.651276,0.0
WestH6ToSaxonSt.275,3300.0,524_0,0.0,0.0,0.0,4460.0,771_1,56.88,13.67,1160.0,2555.02,845.0,31,0.0,981.15,0,tripinfo_WestH6ToSaxonSt.275 emissions_WestH6ToSaxonSt.275,electric,1.04,0.0,0.0,0.0,0.0,0.0,0.0,0.0
WestA509ToAvebury.122,2196.0,773_0,0.0,0.0,0.0,4461.0,213_0,19.13,13.97,2265.0,2327.63,1835.0,38,0.0,2103.99,0,tripinfo_WestA509ToAvebury.122 emissions_WestA509ToAvebury.122,gasoline_euro4,1.05,337596.081319,5924588.193677,1675.667081,142.831142,2679.673555,1889783.772188,0.0
EastAveburyToWestA509.358,4014.0,483_1,0.0,0.0,771.0,4464.0,774_2,29.75,13.83,450.0,2237.65,208.0,7,0.0,287.69,0,tripinfo_EastAveburyToWestA509.358 emissions_EastAveburyToWestA509.358,gasoline_euro4,1.01,46576.438901,1213783.369206,239.754696,24.982801,518.638729,387154.783492,0.0
EastAveburyToWestA509.361,4089.0,483_1,0.0,0.0,821.0,4467.0,774_2,29.75,13.99,378.0,2237.39,163.0,5,0.0,218.12,0,tripinfo_EastAveburyToWestA509.361 emissions_EastAveburyToWestA509.361,electric,1.03,0.0,0.0,0.0,0.0,0.0,0.0,0.0
EastAveburyToWestA509.360,4020.0,483_1,0.0,0.0,760.0,4469.0,774_2,29.75,14.46,449.0,2240.45,221.0,5,0.0,297.91,0,tripinfo_EastAveburyToWestA509.360 emissions_EastAveburyToWestA509.360,electric,1.1,0.0,0.0,0.0,0.0,0.0,0.0,0.0
EastAveburyToWestA509.359,4017.0,483_1,0.0,0.0,766.0,4470.0,774_1,29.75,14.58,453.0,2241.29,199.0,6,0.0,308.24,0,tripinfo_EastAveburyToWestA509.359 emissions_EastAveburyToWestA509.359,electric,1.13,0.0,0.0,0.0,0.0,0.0,0.0,0.0
WestA509ToAvebury.151,2718.0,773_0,0.0,0.0,0.0,4471.0,213_0,19.13,14.24,1753.0,2327.58,1372.0,26,0.0,1589.84,0,tripinfo_WestA509ToAvebury.151 emissions_WestA509ToAvebury.151,electric,1.04,0.0,0.0,0.0,0.0,0.0,0.0,0.0
EastAveburyToWestA509.356,4008.0,483_1,0.0,0.0,782.0,4471.0,774_0,29.75,11.36,463.0,2241.03,214.0,7,0.0,280.8,0,tripinfo_EastAveburyToWestA509.356 emissions_EastAveburyToWestA509.356,gasoline_euro4,0.91,46560.418722,1195678.668517,239.434448,24.207583,508.977962,381380.909242,0.0
WestA509ToAvebury.149,2682.0,773_0,0.0,0.0,0.0,4473.0,213_0,19.13,13.5,1791.0,2328.43,1381.0,28,0.0,1625.88,0,tripinfo_WestA509ToAvebury.149 emissions_WestA509ToAvebury.149,gasoline_euro4,1.03,260059.2897,4734420.343549,1294.710851,112.638687,2131.713485,1510147.841012,0.0
WestA509ToEastH6.75,2703.0,773_0,0.0,0.0,3.0,4497.0,522_0,56.88,14.05,1794.0,2755.17,1368.0,26,0.0,1606.97,0,tripinfo_WestA509ToEastH6.75 emissions_WestA509ToEastH6.75,electric,1.07,0.0,0.0,0.0,0.0,0.0,0.0,0.0
WestA509ToEastH6.76,2736.0,773_0,0.0,0.0,0.0,4505.0,522_0,56.88,12.46,1769.0,2755.17,1336.0,27,0.0,1557.2,0,tripinfo_WestA509ToEastH6.76 emissions_WestA509ToEastH6.76,electric,0.94,0.0,0.0,0.0,0.0,0.0,0.0,0.0
WestH6ToSaxonSt.277,3324.0,524_0,0.0,0.0,0.0,4532.0,771_1,56.88,12.47,1208.0,2555.02,881.0,33,0.0,1019.23,0,tripinfo_WestH6ToSaxonSt.277 emissions_WestH6ToSaxonSt.277,gasoline_euro4,0.99,167055.619086,3260210.172422,836.303015,75.193863,1450.415564,1039911.144608,0.0
WestH6ToSaxonSt.129,1548.0,524_0,0.0,0.0,0.0,4534.0,771_1,56.88,14.04,2986.0,2555.04,2557.0,41,0.0,2805.7,0,tripinfo_WestH6ToSaxonSt.129 emissions_WestH6ToSaxonSt.129,electric,1.04,0.0,0.0,0.0,0.0,0.0,0.0,0.0
WestH6ToSaxonSt.267,3204.0,524_0,0.0,0.0,0.0,4535.0,771_1,56.88,14.23,1331.0,2555.02,1002.0,33,0.0,1162.21,0,tripinfo_WestH6ToSaxonSt.267 emissions_WestH6ToSaxonSt.267,gasoline_euro4,1.1,189392.730286,3667185.078029,948.167051,86.06229,1641.920425,1169723.416392,0.0
WestH6ToSaxonSt.209,2508.0,524_0,0.0,0.0,0.0,4543.0,771_1,56.88,12.11,2035.0,2554.99,1652.0,29,0.0,1826.42,0,tripinfo_WestH6ToSaxonSt.209 emissions_WestH6ToSaxonSt.209,electric,0.89,0.0,0.0,0.0,0.0,0.0,0.0,0.0
WestA509ToAvebury.85,1530.0,773_0,0.0,0.0,0.0,4545.0,213_0,19.13,13.21,3015.0,2311.23,2581.0,41,0.0,2850.39,0,tripinfo_WestA509ToAvebury.85 emissions_WestA509ToAvebury.85,gasoline_euro4,1.04,460969.313523,7893904.132442,2284.151412,192.56181,3585.115952,2517947.032611,0.0
WestH6ToSaxonSt.234,2808.0,524_0,0.0,0.0,0.0,4547.0,771_1,56.88,12.16,1739.0,2555.0,1364.0,36,0.0,1532.97,0,tripinfo_WestH6ToSaxonSt.234 emissions_WestH6ToSaxonSt.234,electric,0.9,0.0,0.0,0.0,0.0,0.0,0.0,0.0
WestA509ToAvebury.132,2379.0,773_0,0.0,0.0,3.0,4548.0,213_0,19.13,14.05,2169.0,2327.58,1704.0,41,0.0,2010.01,0,tripinfo_WestA509ToAvebury.132 emissions_WestA509ToAvebury.132,gasoline_euro4,1.07,320497.570212,5683029.509677,1592.53024,136.821181,2570.621768,1812731.110519,0.0
WestH6ToSaxonSt.278,3336.0,524_0,0.0,0.0,0.0,4549.0,771_1,56.88,12.75,1213.0,2555.02,888.0,30,0.0,1024.86,0,tripinfo_WestH6ToSaxonSt.278 emissions_WestH6ToSaxonSt.278,gasoline_euro4,0.99,167957.812356,3275231.400283,840.953264,75.701788,1458.346811,1044702.379001,0.0
EastAveburyToWestA509.362,4093.0,483_1,0.0,0.0,816.0,4550.0,774_1,29.75,13.5,457.0,2237.39,231.0,5,0.0,290.16,0,tripinfo_EastAveburyToWestA509.362 emissions_EastAveburyToWestA509.362,electric,0.99,0.0,0.0,0.0,0.0,0.0,0.0,0.0
EastAveburyToWestA509.366,4104.0,483_1,0.0,0.0,793.0,4551.0,774_2,29.75,14.2,447.0,2237.66,223.0,6,0.0,292.35,0,tripinfo_EastAveburyToWestA509.366 emissions_EastAveburyToWestA509.366,electric,1.06,0.0,0.0,0.0,0.0,0.0,0.0,0.0
EastAveburyToWestA509.365,4101.0,483_1,0.0,0.0,799.0,4553.0,774_2,29.75,13.99,452.0,2240.45,217.0,6,0.0,294.35,0,tripinfo_EastAveburyToWestA509.365 emissions_EastAveburyToWestA509.365,electric,1.05,0.0,0.0,0.0,0.0,0.0,0.0,0.0
EastAveburyToWestA509.363,4095.0,483_1,0.0,0.0,810.0,4558.0,774_1,29.75,12.28,463.0,2243.6,228.0,5,0.0,279.72,0,tripinfo_EastAveburyToWestA509.363 emissions_EastAveburyToWestA509.363,electric,0.91,0.0,0.0,0.0,0.0,0.0,0.0,0.0
EastAveburyToWestA509.364,4098.0,483_1,0.0,0.0,804.0,4558.0,774_2,29.75,12.58,460.0,2240.46,223.0,5,0.0,283.22,0,tripinfo_EastAveburyToWestA509.364 emissions_EastAveburyToWestA509.364,electric,0.94,0.0,0.0,0.0,0.0,0.0,0.0,0.0
EastAveburyToWestA509.367,4107.0,483_1,0.0,0.0,788.0,4561.0,774_1,29.75,12.26,454.0,2240.46,216.0,6,0.0,279.63,0,tripinfo_EastAveburyToWestA509.367 emissions_EastAveburyToWestA509.367,gasoline_euro4,0.95,47267.120999,1212998.894341,243.165983,25.004002,518.638945,386905.014621,0.0
EastAveburyToWestA509.368,4174.0,483_1,0.0,0.0,846.0,4571.0,774_0,29.75,9.71,397.0,2240.9,138.0,4,0.0,187.08,0,tripinfo_EastAveburyToWestA509.368 emissions_EastAveburyToWestA509.368,electric,0.79,0.0,0.0,0.0,0.0,0.0,0.0,0.0
WestA509ToEastH6.78,2808.0,773_0,0.0,0.0,0.0,4581.0,522_0,56.88,15.03,1773.0,2755.17,1325.0,28,0.0,1589.17,0,tripinfo_WestA509ToEastH6.78 emissions_WestA509ToEastH6.78,gasoline_euro4,1.08,252015.761027,4651553.548141,1255.672345,109.701442,2086.681302,1483714.521936,0.0
WestA509ToEastH6.77,2775.0,773_0,0.0,0.0,3.0,4590.0,522_0,56.88,11.68,1815.0,2755.38,1357.0,29,0.0,1597.5,0,tripinfo_WestA509ToEastH6.77 emissions_WestA509ToEastH6.77,gasoline_euro4,0.92,256164.370911,4683859.480449,1275.966038,110.587122,2104.297885,1494020.611956,0.0
EastA509ToH6.132,2376.0,770_0,0.0,0.0,0.0,4591.0,522_1,56.88,13.49,2215.0,1443.3,2000.0,20,0.0,2112.49,0,tripinfo_EastA509ToH6.132 emissions_EastA509ToH6.132,gasoline_euro4,1.01,346292.544083,5866991.104895,1714.209003,143.849896,2668.542239,1871416.811751,0.0
SouthEvansGateToSilbury.197,3546.0,526_0,0.0,0.0,0.0,4592.0,215_1,19.43,11.15,1046.0,1471.73,818.0,22,0.0,925.33,0,tripinfo_SouthEvansGateToSilbury.197 emissions_SouthEvansGateToSilbury.197,electric,0.88,0.0,0.0,0.0,0.0,0.0,0.0,0.0
SouthEvansGateToSilbury.198,3564.0,526_0,0.0,0.0,0.0,4593.0,215_1,19.43,13.37,1029.0,1471.73,788.0,20,0.0,920.64,0,tripinfo_SouthEvansGateToSilbury.198 emissions_SouthEvansGateToSilbury.198,gasoline_euro4,0.98,149167.694465,2743287.507801,743.472081,65.122139,1234.813526,875031.284258,0.0
EastA509ToH6.127,2286.0,770_0,0.0,0.0,0.0,4594.0,522_0,56.88,13.1,2308.0,1443.3,2066.0,22,0.0,2207.14,0,tripinfo_EastA509ToH6.127 emissions_EastA509ToH6.127,gasoline_euro4,1.03,360919.08343,6104774.724922,1786.163344,149.598949,2775.670935,1947264.031639,0.0
SouthEvansGateToSilbury.199,3582.0,526_0,0.0,0.0,0.0,4595.0,215_1,19.43,13.16,1013.0,1471.73,769.0,16,0.0,906.89,0,tripinfo_SouthEvansGateToSilbury.199 emissions_SouthEvansGateToSilbury.199,electric,1.0,0.0,0.0,0.0,0.0,0.0,0.0,0.0
WestH6ToSaxonSt.240,2880.0,524_0,0.0,0.0,0.0,4624.0,771_1,56.88,14.82,1744.0,2555.0,1386.0,36,0.0,1574.31,0,tripinfo_WestH6ToSaxonSt.240 emissions_WestH6ToSaxonSt.240,gasoline_euro4,1.1,255261.516563,4726159.561363,1272.412492,112.068764,2123.265138,1507510.646892,0.0
WestH6ToSaxonSt.131,1572.0,524_0,0.0,0.0,0.0,4630.0,771_1,56.88,13.5,3058.0,2555.04,2619.0,45,0.0,2872.16,0,tripinfo_WestH6ToSaxonSt.131 emissions_WestH6ToSaxonSt.131,gasoline_euro4,1.01,466665.3289,7993999.336507,2312.252985,194.508459,3625.324508,2549875.368133,0.0
WestH6ToSaxonSt.261,3132.0,524_0,0.0,0.0,0.0,4631.0,771_1,56.88,13.65,1499.0,2555.02,1156.0,30,0.0,1323.99,0,tripinfo_WestH6ToSaxonSt.261 emissions_WestH6ToSaxonSt.261,gasoline_euro4,1.06,215764.533305,4060299.152773,1077.314404,95.783729,1821.226602,1295118.442857,0.0
EastAveburyToWestA509.369,4178.0,483_1,0.0,0.0,842.0,4632.0,774_2,29.75,14.2,454.0,2240.46,226.0,5,0.0,301.19,0,tripinfo_EastAveburyToWestA509.369 emissions_EastAveburyToWestA509.369,electric,1.08,0.0,0.0,0.0,0.0,0.0,0.0,0.0
WestH6ToSaxonSt.251,3012.0,524_0,0.0,0.0,0.0,4633.0,771_1,56.88,14.11,1621.0,2555.02,1267.0,29,0.0,1445.99,0,tripinfo_WestH6ToSaxonSt.251 emissions_WestH6ToSaxonSt.251,gasoline_euro4,1.06,235604.084396,4398731.393386,1175.388806,103.980309,1974.277438,1403069.479226,0.0
WestA509ToAvebury.154,2772.0,773_0,0.0,0.0,0.0,4638.0,213_0,19.13,14.52,1866.0,2328.43,1482.0,36,0.0,1704.31,0,tripinfo_WestA509ToAvebury.154 emissions_WestA509ToAvebury.154,gasoline_euro4,1.05,273486.752284,4932567.994375,1360.295297,117.834199,2223.339226,1573352.491768,0.0
WestA509ToAvebury.152,2739.0,773_0,0.0,0.0,3.0,4640.0,213_0,19.13,13.92,1901.0,2327.58,1486.0,33,0.0,1738.72,0,tripinfo_WestA509ToAvebury.152 emissions_WestA509ToAvebury.152,electric,1.04,0.0,0.0,0.0,0.0,0.0,0.0,0.0
EastAveburyToWestA509.370,4181.0,483_1,0.0,0.0,836.0,4640.0,774_1,29.75,12.61,459.0,2240.45,216.0,7,0.0,287.65,0,tripinfo_EastAveburyToWestA509.370 emissions_EastAveburyToWestA509.370,gasoline_euro4,0.97,47155.342881,1220085.441125,242.690527,24.97566,520.999344,389165.273632,0.0
WestA509ToAvebury.103,1854.0,773_0,0.0,0.0,0.0,4641.0,213_0,19.13,13.11,2787.0,2322.44,2303.0,48,0.0,2623.26,0,tripinfo_WestA509ToAvebury.103 emissions_WestA509ToAvebury.103,electric,1.03,0.0,0.0,0.0,0.0,0.0,0.0,0.0
EastAveburyToWestA509.372,4187.0,483_1,0.0,0.0,825.0,4641.0,774_2,29.75,13.49,454.0,2237.39,209.0,5,0.0,295.22,0,tripinfo_EastAveburyToWestA509.372 emissions_EastAveburyToWestA509.372,electric,1.04,0.0,0.0,0.0,0.0,0.0,0.0,0.0
EastSilburyToEastAvebury.49,1184.0,317_0,0.0,0.0,0.0,4643.0,213_0,19.13,13.97,3459.0,642.24,3190.0,44,0.0,3378.81,0,tripinfo_EastSilburyToEastAvebury.49 emissions_EastSilburyToEastAvebury.49,gasoline_euro4,1.05,551024.410837,8963008.196401,2719.425667,223.299043,4101.37642,2858975.231245,0.0
EastAveburyToWestA509.375,4197.0,483_1,0.0,0.0,810.0,4643.0,774_2,29.75,14.04,446.0,2234.6,213.0,6,0.0,286.57,0,tripinfo_EastAveburyToWestA509.375 emissions_EastAveburyToWestA509.375,electric,1.03,0.0,0.0,0.0,0.0,0.0,0.0,0.0
EastSilburyToEastAvebury.77,1698.0,317_0,0.0,0.0,66.0,4645.0,213_0,19.13,15.65,2947.0,648.44,2734.0,34,0.0,2905.74,0,tripinfo_EastSilburyToEastAvebury.77 emissions_EastSilburyToEastAvebury.77,gasoline_euro4,1.18,473817.947382,7760319.498758,2339.639632,192.936588,3548.945336,2475345.986742,0.0
EastAveburyToWestA509.371,4184.0,483_1,0.0,0.0,831.0,4645.0,774_1,29.75,13.77,461.0,2243.6,208.0,5,0.0,293.56,0,tripinfo_EastAveburyToWestA509.371 emissions_EastAveburyToWestA509.371,gasoline_euro4,0.99,47903.067967,1261935.103253,247.028329,26.106734,540.929904,402512.971255,0.0
WestA509ToAvebury.115,2070.0,773_0,0.0,0.0,0.0,4647.0,213_0,19.13,14.94,2577.0,2322.44,2107.0,41,0.0,2432.21,0,tripinfo_WestA509ToAvebury.115 emissions_WestA509ToAvebury.115,gasoline_euro4,1.17,387368.603439,6728145.193399,1921.121152,163.397404,3050.362378,2146097.930847,0.0
EastAveburyToWestA509.373,4191.0,483_1,0.0,0.0,821.0,4649.0,774_2,29.75,13.07,458.0,2240.46,199.0,6,0.0,285.4,0,tripinfo_EastAveburyToWestA509.373 emissions_EastAveburyToWestA509.373,gasoline_euro4,0.96,47112.273416,1245313.419805,243.256136,25.670451,533.798119,397211.251093,0.0
EastAveburyToWestA509.374,4194.0,483_1,0.0,0.0,815.0,4649.0,774_1,29.75,11.44,455.0,2240.45,212.0,6,0.0,273.16,0,tripinfo_EastAveburyToWestA509.374 emissions_EastAveburyToWestA509.374,electric,0.91,0.0,0.0,0.0,0.0,0.0,0.0,0.0
EastA509ToH6.134,2412.0,770_0,0.0,0.0,0.0,4668.0,522_0,56.88,13.62,2256.0,1443.3,2037.0,18,0.0,2150.19,0,tripinfo_EastA509ToH6.134 emissions_EastA509ToH6.134,electric,0.98,0.0,0.0,0.0,0.0,0.0,0.0,0.0
EastA509ToH6.136,2448.0,770_0,0.0,0.0,0.0,4672.0,522_0,56.88,11.65,2224.0,1483.64,1983.0,19,0.0,2106.12,0,tripinfo_EastA509ToH6.136 emissions_EastA509ToH6.136,gasoline_euro4,0.91,344606.033269,5841004.069345,1706.099679,142.785201,2654.675627,1863128.007999,0.0
WestH6ToSaxonSt.252,3024.0,524_0,0.0,0.0,0.0,4711.0,771_1,56.88,11.81,1687.0,2555.01,1313.0,28,0.0,1486.12,0,tripinfo_WestH6ToSaxonSt.252 emissions_WestH6ToSaxonSt.252,electric,0.93,0.0,0.0,0.0,0.0,0.0,0.0,0.0
WestH6ToSaxonSt.265,3180.0,524_0,0.0,0.0,0.0,4713.0,771_1,56.88,15.09,1533.0,2555.01,1201.0,28,0.0,1361.36,0,tripinfo_WestH6ToSaxonSt.265 emissions_WestH6ToSaxonSt.265,electric,1.09,0.0,0.0,0.0,0.0,0.0,0.0,0.0
WestH6ToSaxonSt.269,3228.0,524_0,0.0,0.0,0.0,4714.0,771_1,56.88,13.88,1486.0,2555.02,1171.0,27,0.0,1313.72,0,tripinfo_WestH6ToSaxonSt.269 emissions_WestH6ToSaxonSt.269,electric,1.08,0.0,0.0,0.0,0.0,0.0,0.0,0.0
WestH6ToSaxonSt.147,1764.0,524_0,0.0,0.0,0.0,4716.0,771_1,56.88,13.88,2952.0,2538.93,2558.0,37,0.0,2768.91,0,tripinfo_WestH6ToSaxonSt.147 emissions_WestH6ToSaxonSt.147,electric,1.01,0.0,0.0,0.0,0.0,0.0,0.0,0.0
WestH6ToSaxonSt.283,3396.0,524_0,0.0,0.0,0.0,4718.0,771_1,56.88,12.86,1322.0,2555.02,1011.0,33,0.0,1133.19,0,tripinfo_WestH6ToSaxonSt.283 emissions_WestH6ToSaxonSt.283,electric,0.99,0.0,0.0,0.0,0.0,0.0,0.0,0.0
WestH6ToSaxonSt.132,1584.0,524_0,0.0,0.0,0.0,4720.0,771_1,56.88,14.73,3136.0,2555.06,2689.0,43,0.0,2969.06,0,tripinfo_WestH6ToSaxonSt.132 emissions_WestH6ToSaxonSt.132,gasoline_euro4,1.12,481278.016685,8239618.508718,2383.986329,200.835742,3738.488031,2628221.094788,0.0
WestH6ToSaxonSt.245,2940.0,524_0,0.0,0.0,0.0,4723.0,771_1,56.88,12.95,1783.0,2555.01,1408.0,34,0.0,1593.36,0,tripinfo_WestH6ToSaxonSt.245 emissions_WestH6ToSaxonSt.245,gasoline_euro4,0.98,260605.856512,4784550.165416,1298.494993,113.609149,2152.192974,1526136.784875,0.0
EastAveburyToWestA509.376,4264.0,483_1,0.0,0.0,868.0,4724.0,774_1,29.75,16.23,460.0,2244.08,234.0,5,0.0,319.07,0,tripinfo_EastAveburyToWestA509.376 emissions_EastAveburyToWestA509.376,electric,1.18,0.0,0.0,0.0,0.0,0.0,0.0,0.0
EastAveburyToWestA509.377,4268.0,483_1,0.0,0.0,864.0,4731.0,774_1,29.75,12.06,463.0,2237.39,219.0,5,0.0,282.33,0,tripinfo_EastAveburyToWestA509.377 emissions_EastAveburyToWestA509.377,electric,0.92,0.0,0.0,0.0,0.0,0.0,0.0,0.0
EastSilburyToEastAvebury.64,1424.0,317_0,0.0,0.0,0.0,4732.0,213_0,19.13,12.85,3308.0,680.87,3044.0,40,0.0,3257.49,0,tripinfo_EastSilburyToEastAvebury.64 emissions_EastSilburyToEastAvebury.64,electric,1.0,0.0,0.0,0.0,0.0,0.0,0.0,0.0
EastAveburyToWestA509.380,4277.0,483_1,0.0,0.0,847.0,4732.0,774_2,29.75,13.82,455.0,2237.61,212.0,8,0.0,292.17,0,tripinfo_EastAveburyToWestA509.380 emissions_EastAveburyToWestA509.380,electric,1.01,0.0,0.0,0.0,0.0,0.0,0.0,0.0
EastAveburyToWestA509.379,4274.0,483_1,0.0,0.0,853.0,4733.0,774_2,29.75,14.44,459.0,2240.45,211.0,6,0.0,306.04,0,tripinfo_EastAveburyToWestA509.379 emissions_EastAveburyToWestA509.379,electric,1.08,0.0,0.0,0.0,0.0,0.0,0.0,0.0
EastAveburyToWestA509.378,4271.0,483_1,0.0,0.0,858.0,4735.0,774_2,29.75,15.45,464.0,2237.38,214.0,5,0.0,315.35,0,tripinfo_EastAveburyToWestA509.378 emissions_EastAveburyToWestA509.378,gasoline_euro4,1.11,49582.732827,1299129.820399,256.178863,27.671443,563.096068,414376.057724,0.0
EastSilburyToEastAvebury.55,1280.0,317_0,0.0,0.0,0.0,4736.0,213_0,19.13,10.54,3456.0,642.19,3267.0,28,0.0,3397.73,0,tripinfo_EastSilburyToEastAvebury.55 emissions_EastSilburyToEastAvebury.55,electric,0.81,0.0,0.0,0.0,0.0,0.0,0.0,0.0
WestA509ToAvebury.156,2811.0,773_0,0.0,0.0,3.0,4738.0,213_0,19.13,13.27,1927.0,2327.58,1501.0,35,0.0,1760.56,0,tripinfo_WestA509ToAvebury.156 emissions_WestA509ToAvebury.156,gasoline_euro4,1.02,281363.967524,5045906.211782,1399.066482,120.594093,2276.18546,1609505.149234,0.0
EastAveburyToWestA509.383,4352.0,483_1,0.0,0.0,897.0,4739.0,774_1,29.75,14.86,387.0,2241.3,145.0,4,0.0,236.22,0,tripinfo_EastAveburyToWestA509.383 emissions_EastAveburyToWestA509.383,electric,1.09,0.0,0.0,0.0,0.0,0.0,0.0,0.0
EastAveburyToWestA509.381,4279.0,483_1,0.0,0.0,841.0,4742.0,774_0,29.75,11.51,463.0,2240.94,209.0,5,0.0,270.14,0,tripinfo_EastAveburyToWestA509.381 emissions_EastAveburyToWestA509.381,gasoline_euro4,0.86,46430.523407,1178712.123152,238.66337,23.849159,502.390164,375969.498121,0.0
EastAveburyToWestA509.382,4282.0,483_1,0.0,0.0,835.0,4742.0,774_2,29.75,12.45,460.0,2240.45,206.0,5,0.0,279.11,0,tripinfo_EastAveburyToWestA509.382 emissions_EastAveburyToWestA509.382,electric,0.92,0.0,0.0,0.0,0.0,0.0,0.0,0.0
WestA509ToEastH6.79,2847.0,773_0,0.0,0.0,3.0,4758.0,522_0,56.88,12.49,1911.0,2755.12,1460.0,24,0.0,1693.56,0,tripinfo_WestA509ToEastH6.79 emissions_WestA509ToEastH6.79,electric,0.92,0.0,0.0,0.0,0.0,0.0,0.0,0.0
EastA509ToH6.138,2484.0,770_0,0.0,0.0,0.0,4759.0,522_0,56.88,12.76,2275.0,1483.69,2047.0,16,0.0,2161.39,0,tripinfo_EastA509ToH6.138 emissions_EastA509ToH6.138,electric,0.94,0.0,0.0,0.0,0.0,0.0,0.0,0.0
EastA509ToH6.140,2520.0,770_0,0.0,0.0,0.0,4760.0,522_1,56.88,13.39,2240.0,1483.64,2005.0,16,0.0,2133.26,0,tripinfo_EastA509ToH6.140 emissions_EastA509ToH6.140,electric,1.0,0.0,0.0,0.0,0.0,0.0,0.0,0.0
EastA509ToH6.142,2556.0,770_0,0.0,0.0,0.0,4763.0,522_0,56.88,13.21,2207.0,1483.69,1975.0,16,0.0,2100.97,0,tripinfo_EastA509ToH6.142 emissions_EastA509ToH6.142,gasoline_euro4,1.01,343186.012946,5839778.283955,1699.448525,143.007567,2654.964628,1862735.87565,0.0
EastA509ToH6.144,2592.0,770_0,0.0,0.0,0.0,4767.0,522_0,56.88,12.33,2175.0,1483.69,1925.0,16,0.0,2057.72,0,tripinfo_EastA509ToH6.144 emissions_EastA509ToH6.144,electric,0.91,0.0,0.0,0.0,0.0,0.0,0.0,0.0
WestH6ToSaxonSt.263,3156.0,524_0,0.0,0.0,0.0,4797.0,771_1,56.88,12.42,1641.0,2555.01,1308.0,33,0.0,1449.77,0,tripinfo_WestH6ToSaxonSt.263 emissions_WestH6ToSaxonSt.263,gasoline_euro4,0.97,237955.242788,4408094.795319,1186.325076,104.088987,1978.607856,1406057.430985,0.0
WestH6ToSaxonSt.218,2616.0,524_0,0.0,0.0,0.0,4802.0,771_1,56.88,11.23,2186.0,2555.01,1780.0,32,0.0,1979.27,0,tripinfo_WestH6ToSaxonSt.218 emissions_WestH6ToSaxonSt.218,gasoline_euro4,0.9,323896.763982,5734005.406624,1609.086523,137.349762,2587.645098,1828992.295284,0.0
WestH6ToSaxonSt.293,3516.0,524_0,0.0,0.0,0.0,4804.0,771_1,56.88,13.65,1288.0,2555.02,998.0,19,0.0,1104.65,0,tripinfo_WestH6ToSaxonSt.293 emissions_WestH6ToSaxonSt.293,gasoline_euro4,1.02,182487.441123,3522058.303581,913.09177,82.199062,1573.711775,1123433.175783,0.0
WestH6ToSaxonSt.276,3312.0,524_0,0.0,0.0,0.0,4806.0,771_1,56.88,13.25,1494.0,2555.01,1137.0,37,0.0,1303.1,0,tripinfo_WestH6ToSaxonSt.276 emissions_WestH6ToSaxonSt.276,gasoline_euro4,0.98,213630.117217,4050095.976336,1067.519984,95.129379,1815.39897,1291863.329562,0.0
WestH6ToSaxonSt.185,2220.0,524_0,0.0,0.0,0.0,4809.0,771_1,56.88,12.84,2589.0,2555.0,2171.0,44,0.0,2391.12,0,tripinfo_WestH6ToSaxonSt.185 emissions_WestH6ToSaxonSt.185,gasoline_euro4,0.94,390022.897168,6780560.556975,1934.842366,163.905744,3069.444473,2162817.783149,0.0
WestH6ToSaxonSt.270,3240.0,524_0,0.0,0.0,0.0,4811.0,771_1,56.88,13.07,1571.0,2555.01,1259.0,17,0.0,1389.84,0,tripinfo_WestH6ToSaxonSt.270 emissions_WestH6ToSaxonSt.270,gasoline_euro4,1.03,227137.956818,4235624.431019,1133.265435,100.154338,1901.582625,1351043.203883,0.0
WestH6ToSaxonSt.134,1608.0,524_0,0.0,0.0,0.0,4813.0,771_1,56.88,15.37,3205.0,2555.06,2758.0,49,0.0,3037.05,0,tripinfo_WestH6ToSaxonSt.134 emissions_WestH6ToSaxonSt.134,electric,1.11,0.0,0.0,0.0,0.0,0.0,0.0,0.0
WestA509ToAvebury.155,2790.0,773_0,0.0,0.0,0.0,4813.0,213_0,19.13,14.15,2023.0,2327.58,1591.0,34,0.0,1869.78,0,tripinfo_WestA509ToAvebury.155 emissions_WestA509ToAvebury.155,gasoline_euro4,1.11,296784.977035,5297383.394541,1475.170476,127.099904,2391.894648,1689719.807957,0.0
EastAveburyToWestA509.385,4358.0,483_1,0.0,0.0,886.0,4816.0,774_1,29.75,12.9,458.0,2237.39,216.0,6,0.0,285.14,0,tripinfo_EastAveburyToWestA509.385 emissions_EastAveburyToWestA509.385,gasoline_euro4,0.96,47770.104278,1230795.547433,246.046379,25.447902,527.61059,392581.290095,0.0
WestA509ToAvebury.108,1947.0,773_0,0.0,0.0,3.0,4817.0,213_0,19.13,11.19,2870.0,2322.05,2367.0,45,0.0,2682.01,0,tripinfo_WestA509ToAvebury.108 emissions_WestA509ToAvebury.108,electric,0.9,0.0,0.0,0.0,0.0,0.0,0.0,0.0
EastAveburyToWestA509.387,4364.0,483_1,0.0,0.0,875.0,4817.0,774_2,29.75,14.66,453.0,2237.39,213.0,5,0.0,295.88,0,tripinfo_EastAveburyToWestA509.387 emissions_EastAveburyToWestA509.387,electric,1.06,0.0,0.0,0.0,0.0,0.0,0.0,0.0
EastAveburyToWestA509.386,4361.0,483_1,0.0,0.0,880.0,4819.0,774_2,29.75,14.14,458.0,2240.45,211.0,6,0.0,294.83,0,tripinfo_EastAveburyToWestA509.386 emissions_EastAveburyToWestA509.386,gasoline_euro4,1.02,48158.674391,1247899.944171,248.259558,26.267296,538.474508,398036.240483,0.0
EastAveburyToWestA509.390,4440.0,483_1,0.0,0.0,925.0,4820.0,774_2,29.75,13.33,380.0,2237.61,158.0,4,0.0,218.95,0,tripinfo_EastAveburyToWestA509.390 emissions_EastAveburyToWestA509.390,gasoline_euro4,1.01,37160.037457,1069394.242028,193.499554,21.459493,452.705149,341097.831863,0.0
EastAveburyToWestA509.384,4355.0,483_1,0.0,0.0,891.0,4821.0,774_0,29.75,11.85,466.0,2244.08,217.0,5,0.0,285.09,0,tripinfo_EastAveburyToWestA509.384 emissions_EastAveburyToWestA509.384,gasoline_euro4,0.92,48142.123527,1237313.020388,247.569791,25.317557,528.335755,394660.527879,0.0
EastAveburyToWestA509.388,4367.0,483_1,0.0,0.0,869.0,4821.0,774_1,29.75,13.85,454.0,2241.29,227.0,6,0.0,300.64,0,tripinfo_EastAveburyToWestA509.388 emissions_EastAveburyToWestA509.388,electric,1.07,0.0,0.0,0.0,0.0,0.0,0.0,0.0
EastAveburyToWestA509.389,4370.0,483_1,0.0,0.0,864.0,4822.0,774_2,29.75,14.43,452.0,2237.39,220.0,5,0.0,303.67,0,tripinfo_EastAveburyToWestA509.389 emissions_EastAveburyToWestA509.389,gasoline_euro4,1.11,48889.077606,1261886.983474,251.645074,26.692294,543.518612,402497.66213,0.0
WestA509ToAvebury.153,2754.0,773_0,0.0,0.0,0.0,4828.0,213_0,19.13,9.45,2074.0,2327.58,1605.0,34,0.0,1836.29,0,tripinfo_WestA509ToAvebury.153 emissions_WestA509ToAvebury.153,gasoline_euro4,0.71,299070.566929,5264405.384095,1485.055977,125.676085,2376.147648,1679203.942214,0.0
WestA509ToEastH6.80,2883.0,773_0,0.0,0.0,3.0,4844.0,522_0,56.88,13.24,1961.0,2755.12,1492.0,28,0.0,1756.15,0,tripinfo_WestA509ToEastH6.80 emissions_WestA509ToEastH6.80,gasoline_euro4,0.97,282019.029708,5154233.653952,1404.78536,122.326906,2319.696005,1644056.217327,0.0
WestA509ToEastH6.81,2919.0,773_0,0.0,0.0,3.0,4846.0,522_0,56.88,14.48,1927.0,2755.17,1468.0,28,0.0,1736.39,0,tripinfo_WestA509ToEastH6.81 emissions_WestA509ToEastH6.81,electric,1.05,0.0,0.0,0.0,0.0,0.0,0.0,0.0
WestA509ToEastH6.82,2952.0,773_0,0.0,0.0,0.0,4858.0,522_0,56.88,12.41,1906.0,2755.17,1458.0,25,0.0,1687.65,0,tripinfo_WestA509ToEastH6.82 emissions_WestA509ToEastH6.82,electric,0.91,0.0,0.0,0.0,0.0,0.0,0.0,0.0
WestH6ToSaxonSt.280,3360.0,524_0,0.0,0.0,0.0,4884.0,771_1,56.88,13.03,1524.0,2555.01,1187.0,35,0.0,1334.01,0,tripinfo_WestH6ToSaxonSt.280 emissions_WestH6ToSaxonSt.280,gasoline_euro4,0.98,220524.232652,4134607.044682,1100.58881,97.244451,1853.163735,1318821.336348,0.0
WestH6ToSaxonSt.137,1644.0,524_0,0.0,0.0,0.0,4886.0,771_1,56.88,14.89,3242.0,2555.07,2804.0,47,0.0,3069.95,0,tripinfo_WestH6ToSaxonSt.137 emissions_WestH6ToSaxonSt.137,gasoline_euro4,1.09,499043.308625,8521264.809259,2471.560555,207.727802,3865.729927,2718059.702776,0.0
WestH6ToSaxonSt.175,2100.0,524_0,0.0,0.0,0.0,4887.0,771_1,56.88,13.59,2787.0,2555.0,2381.0,37,0.0,2608.4,0,tripinfo_WestH6ToSaxonSt.175 emissions_WestH6ToSaxonSt.175,gasoline_euro4,1.04,424004.11683,7344376.106295,2102.327461,178.112219,3326.774594,2342660.228377,0.0
WestH6ToSaxonSt.290,3480.0,524_0,0.0,0.0,0.0,4890.0,771_1,56.88,13.55,1410.0,2555.02,1128.0,17,0.0,1229.86,0,tripinfo_WestH6ToSaxonSt.290 emissions_WestH6ToSaxonSt.290,electric,1.04,0.0,0.0,0.0,0.0,0.0,0.0,0.0
WestH6ToSaxonSt.190,2280.0,524_0,0.0,0.0,0.0,4891.0,771_1,56.88,15.31,2611.0,2555.0,2201.0,43,0.0,2451.32,0,tripinfo_WestH6ToSaxonSt.190 emissions_WestH6ToSaxonSt.190,gasoline_euro4,1.16,396214.584949,6944756.711416,1966.766435,168.085673,3145.00458,2215189.604405,0.0
EastAveburyToWestA509.395,4456.0,483_1,0.0,0.0,899.0,4897.0,774_2,29.75,14.77,441.0,2237.66,220.0,5,0.0,287.76,0,tripinfo_EastAveburyToWestA509.395 emissions_EastAveburyToWestA509.395,gasoline_euro4,1.07,47268.417432,1230840.761407,243.370676,25.506835,526.21721,392595.351413,0.0
WestH6ToSaxonSt.289,3468.0,524_0,0.0,0.0,0.0,4899.0,771_1,56.88,11.9,1431.0,2555.01,1108.0,20,0.0,1231.04,0,tripinfo_WestH6ToSaxonSt.289 emissions_WestH6ToSaxonSt.289,electric,0.93,0.0,0.0,0.0,0.0,0.0,0.0,0.0
WestH6ToSaxonSt.274,3288.0,524_0,0.0,0.0,0.0,4901.0,771_1,56.88,12.86,1613.0,2555.02,1236.0,42,0.0,1425.65,0,tripinfo_WestH6ToSaxonSt.274 emissions_WestH6ToSaxonSt.274,gasoline_euro4,1.0,231638.047533,4275355.379585,1153.974389,100.371536,1913.972373,1363718.541628,0.0
EastAveburyToWestA509.392,4447.0,483_1,0.0,0.0,915.0,4914.0,774_1,29.75,10.98,467.0,2237.4,214.0,5,0.0,265.09,0,tripinfo_EastAveburyToWestA509.392 emissions_EastAveburyToWestA509.392,electric,0.82,0.0,0.0,0.0,0.0,0.0,0.0,0.0
EastAveburyToWestA509.393,4450.0,483_1,0.0,0.0,910.0,4914.0,774_0,29.75,11.89,464.0,2241.02,205.0,5,0.0,283.05,0,tripinfo_EastAveburyToWestA509.393 emissions_EastAveburyToWestA509.393,gasoline_euro4,0.92,47087.088248,1237047.098836,243.210433,25.787637,533.209843,394574.394324,0.0
EastAveburyToWestA509.391,4444.0,483_1,0.0,0.0,921.0,4916.0,774_2,29.75,11.28,472.0,2237.39,216.0,6,0.0,269.39,0,tripinfo_EastAveburyToWestA509.391 emissions_EastAveburyToWestA509.391,gasoline_euro4,0.82,46731.472685,1165891.318354,239.856752,23.5793,497.517963,371880.5778,0.0
EastAveburyToWestA509.394,4453.0,483_1,0.0,0.0,904.0,4917.0,774_1,29.75,13.98,464.0,2240.44,197.0,4,0.0,301.54,0,tripinfo_EastAveburyToWestA509.394 emissions_EastAveburyToWestA509.394,gasoline_euro4,1.02,46961.054869,1253442.725416,242.97086,26.001517,539.390629,399803.673347,0.0
EastAveburyToWestA509.397,4530.0,483_1,0.0,0.0,956.0,4917.0,774_2,29.75,13.56,387.0,2237.66,152.0,4,0.0,223.45,0,tripinfo_EastAveburyToWestA509.397 emissions_EastAveburyToWestA509.397,gasoline_euro4,1.0,36145.919185,1060292.844259,189.227413,21.006349,448.970758,338194.65547,0.0
EastAveburyToWestA509.396,4459.0,483_1,0.0,0.0,893.0,4919.0,774_1,29.75,12.47,460.0,2240.45,214.0,5,0.0,275.7,0,tripinfo_EastAveburyToWestA509.396 emissions_EastAveburyToWestA509.396,electric,0.9,0.0,0.0,0.0,0.0,0.0,0.0,0.0
EastA509ToH6.149,2682.0,770_0,0.0,0.0,0.0,4933.0,522_1,56.88,15.4,2251.0,1483.54,2008.0,17,0.0,2160.11,0,tripinfo_EastA509ToH6.149 emissions_EastA509ToH6.149,gasoline_euro4,1.18,349928.139327,5961851.861126,1733.096666,146.263746,2712.7861,1901673.533211,0.0
EastA509ToH6.145,2610.0,770_0,0.0,0.0,0.0,4934.0,522_0,56.88,11.62,2324.0,1483.64,2075.0,17,0.0,2207.25,0,tripinfo_EastA509ToH6.145 emissions_EastA509ToH6.145,gasoline_euro4,0.92,360416.890127,6089834.821435,1783.936923,149.236075,2770.194346,1942498.8282,0.0
EastA509ToH6.148,2664.0,770_0,0.0,0.0,0.0,4940.0,522_0,56.88,11.63,2276.0,1483.49,2012.0,17,0.0,2155.87,0,tripinfo_EastA509ToH6.148 emissions_EastA509ToH6.148,electric,0.89,0.0,0.0,0.0,0.0,0.0,0.0,0.0
EastA509ToH6.154,2772.0,770_0,0.0,0.0,0.0,4942.0,522_1,56.88,14.02,2170.0,1483.54,1928.0,16,0.0,2065.25,0,tripinfo_EastA509ToH6.154 emissions_EastA509ToH6.154,gasoline_euro4,1.03,336034.399835,5726906.107967,1664.286365,140.03929,2603.083405,1826732.479089,0.0
EastA509ToH6.152,2736.0,770_0,0.0,0.0,0.0,4944.0,522_0,56.88,11.5,2208.0,1483.49,1944.0,16,0.0,2081.66,0,tripinfo_EastA509ToH6.152 emissions_EastA509ToH6.152,electric,0.85,0.0,0.0,0.0,0.0,0.0,0.0,0.0
EastA509ToH6.158,2844.0,770_0,0.0,0.0,0.0,4947.0,522_1,56.88,13.48,2103.0,1483.54,1851.0,17,0.0,1996.11,0,tripinfo_EastA509ToH6.158 emissions_EastA509ToH6.158,electric,1.0,0.0,0.0,0.0,0.0,0.0,0.0,0.0
EastA509ToH6.156,2808.0,770_0,0.0,0.0,0.0,4948.0,522_0,56.88,11.35,2140.0,1483.49,1880.0,16,0.0,2019.29,0,tripinfo_EastA509ToH6.156 emissions_EastA509ToH6.156,electric,0.89,0.0,0.0,0.0,0.0,0.0,0.0,0.0
EastA509ToH6.160,2880.0,770_0,0.0,0.0,0.0,4949.0,522_1,56.88,14.03,2069.0,1483.54,1822.0,16,0.0,1968.36,0,tripinfo_EastA509ToH6.160 emissions_EastA509ToH6.160,gasoline_euro4,1.07,319043.845593,5458129.890836,1580.71197,133.343652,2480.356127,1740999.28657,0.0
EastA509ToH6.153,2754.0,770_0,0.0,0.0,0.0,4951.0,522_0,56.88,14.55,2197.0,1470.44,1972.0,14,0.0,2103.54,0,tripinfo_EastA509ToH6.153 emissions_EastA509ToH6.153,electric,1.14,0.0,0.0,0.0,0.0,0.0,0.0,0.0
WestH6ToSaxonSt.295,3540.0,524_0,0.0,0.0,0.0,4971.0,771_1,56.88,13.26,1431.0,2555.02,1121.0,23,0.0,1250.64,0,tripinfo_WestH6ToSaxonSt.295 emissions_WestH6ToSaxonSt.295,electric,1.03,0.0,0.0,0.0,0.0,0.0,0.0,0.0
WestH6ToSaxonSt.291,3492.0,524_0,0.0,0.0,0.0,4973.0,771_1,56.88,14.61,1481.0,2555.02,1196.0,19,0.0,1304.52,0,tripinfo_WestH6ToSaxonSt.291 emissions_WestH6ToSaxonSt.291,gasoline_euro4,1.06,215324.338108,4064373.750493,1074.914914,95.63647,1819.808871,1296418.012051,0.0
WestH6ToSaxonSt.299,3588.0,524_0,0.0,0.0,0.0,4975.0,771_1,56.88,14.68,1387.0,2539.33,1097.0,26,0.0,1216.03,0,tripinfo_WestH6ToSaxonSt.299 emissions_WestH6ToSaxonSt.299,gasoline_euro4,1.08,200283.309317,3835196.203482,1001.539847,90.389363,1719.233876,1223314.949569,0.0
WestH6ToSaxonSt.143,1716.0,524_0,0.0,0.0,0.0,4976.0,771_1,56.88,14.67,3260.0,2555.06,2829.0,47,0.0,3097.34,0,tripinfo_WestH6ToSaxonSt.143 emissions_WestH6ToSaxonSt.143,electric,1.14,0.0,0.0,0.0,0.0,0.0,0.0,0.0
WestH6ToSaxonSt.279,3348.0,524_0,0.0,0.0,0.0,4978.0,771_1,56.88,14.94,1630.0,2539.32,1291.0,32,0.0,1470.74,0,tripinfo_WestH6ToSaxonSt.279 emissions_WestH6ToSaxonSt.279,gasoline_euro4,1.13,237588.054921,4427188.654203,1185.18716,105.325563,1991.844349,1412146.016392,0.0
EastAveburyToWestA509.399,4535.0,483_1,0.0,0.0,944.0,4981.0,774_2,29.75,15.22,446.0,2237.4,218.0,5,0.0,305.09,0,tripinfo_EastAveburyToWestA509.399 emissions_EastAveburyToWestA509.399,electric,1.18,0.0,0.0,0.0,0.0,0.0,0.0,0.0
WestA509ToAvebury.163,2934.0,773_0,0.0,0.0,0.0,4984.0,213_0,19.13,13.9,2050.0,2327.58,1617.0,33,0.0,1893.45,0,tripinfo_WestA509ToAvebury.163 emissions_WestA509ToAvebury.163,gasoline_euro4,1.08,301988.513485,5397031.868108,1500.994308,129.252307,2434.331188,1721504.999145,0.0
WestA509ToAvebury.157,2826.0,773_0,0.0,0.0,0.0,4987.0,213_0,19.13,12.9,2161.0,2327.58,1703.0,41,0.0,1988.92,0,tripinfo_WestA509ToAvebury.157 emissions_WestA509ToAvebury.157,gasoline_euro4,0.98,317300.495182,5623212.173724,1576.533257,135.410803,2543.922157,1793651.073315,0.0
WestA509ToAvebury.164,2955.0,773_0,0.0,0.0,3.0,4990.0,213_0,19.13,14.16,2035.0,2327.58,1622.0,31,0.0,1871.24,0,tripinfo_WestA509ToAvebury.164 emissions_WestA509ToAvebury.164,gasoline_euro4,1.03,301147.765023,5401156.550397,1497.734494,129.559659,2439.842972,1722819.677321,0.0
WestA509ToAvebury.147,2646.0,773_0,0.0,0.0,0.0,4993.0,213_0,19.13,12.03,2347.0,2327.58,1878.0,39,0.0,2164.86,0,tripinfo_WestA509ToAvebury.147 emissions_WestA509ToAvebury.147,electric,0.93,0.0,0.0,0.0,0.0,0.0,0.0,0.0
WestH6ToSaxonSt.168,2016.0,524_0,0.0,0.0,0.0,4995.0,771_1,56.88,10.16,2979.0,2555.0,2501.0,34,0.0,2736.7,0,tripinfo_WestH6ToSaxonSt.168 emissions_WestH6ToSaxonSt.168,electric,0.77,0.0,0.0,0.0,0.0,0.0,0.0,0.0
WestA509ToAvebury.167,3006.0,773_0,0.0,0.0,0.0,4995.0,213_0,19.13,14.34,1989.0,2327.58,1552.0,31,0.0,1837.58,0,tripinfo_WestA509ToAvebury.167 emissions_WestA509ToAvebury.167,gasoline_euro4,1.12,292900.861214,5260756.409649,1456.811341,126.22698,2375.589131,1678035.653859,0.0
WestH6ToSaxonSt.281,3372.0,524_0,0.0,0.0,0.0,4995.0,771_0,56.88,14.0,1623.0,2555.01,1264.0,37,0.0,1444.88,0,tripinfo_WestH6ToSaxonSt.281 emissions_WestH6ToSaxonSt.281,gasoline_euro4,1.05,233861.194614,4349200.694492,1166.306341,102.769676,1952.76096,1387271.165277,0.0
EastSilburyToEastAvebury.57,1312.0,317_0,0.0,0.0,0.0,4997.0,213_0,19.13,14.09,3685.0,642.19,3474.0,37,0.0,3637.35,0,tripinfo_EastSilburyToEastAvebury.57 emissions_EastSilburyToEastAvebury.57,electric,1.05,0.0,0.0,0.0,0.0,0.0,0.0,0.0
WestA509ToAvebury.123,2214.0,773_0,0.0,0.0,0.0,5001.0,213_0,19.13,11.12,2787.0,2322.44,2284.0,41,0.0,2593.54,0,tripinfo_WestA509ToAvebury.123 emissions_WestA509ToAvebury.123,gasoline_euro4,0.87,419287.767659,7210789.567083,2078.13744,174.790765,3269.170424,2300051.550197,0.0
EastAveburyToWestA509.398,4533.0,483_1,0.0,0.0,950.0,5004.0,774_0,29.75,10.54,471.0,2240.45,216.0,5,0.0,263.08,0,tripinfo_EastAveburyToWestA509.398 emissions_EastAveburyToWestA509.398,electric,0.8,0.0,0.0,0.0,0.0,0.0,0.0,0.0
WestH6ToSaxonSt.235,2820.0,524_0,0.0,0.0,0.0,5062.0,771_1,56.88,12.57,2242.0,2555.0,1860.0,36,0.0,2044.34,0,tripinfo_WestH6ToSaxonSt.235 emissions_WestH6ToSaxonSt.235,gasoline_euro4,0.94,333958.504334,5919898.911315,1659.075314,142.13396,2673.157306,1888286.631292,0.0
WestH6ToSaxonSt.273,3276.0,524_0,0.0,0.0,0.0,5063.0,771_1,56.88,13.86,1787.0,2555.02,1382.0,46,0.0,1607.12,0,tripinfo_WestH6ToSaxonSt.273 emissions_WestH6ToSaxonSt.273,electric,1.03,0.0,0.0,0.0,0.0,0.0,0.0,0.0
WestH6ToSaxonSt.288,3456.0,524_0,0.0,0.0,0.0,5065.0,771_1,56.88,15.08,1609.0,2555.0,1282.0,27,0.0,1440.77,0,tripinfo_WestH6ToSaxonSt.288 emissions_WestH6ToSaxonSt.288,electric,1.11,0.0,0.0,0.0,0.0,0.0,0.0,0.0
WestH6ToSaxonSt.242,2904.0,524_0,0.0,0.0,0.0,5067.0,771_1,56.88,13.63,2163.0,2555.02,1731.0,43,0.0,1978.64,0,tripinfo_WestH6ToSaxonSt.242 emissions_WestH6ToSaxonSt.242,gasoline_euro4,1.01,319861.709052,5701824.616162,1589.661583,136.746127,2573.165711,1818725.892933,0.0
WestA509ToAvebury.161,2898.0,773_0,0.0,0.0,0.0,5073.0,213_0,19.13,13.18,2175.0,2327.58,1725.0,30,0.0,2010.8,0,tripinfo_WestA509ToAvebury.161 emissions_WestA509ToAvebury.161,electric,1.03,0.0,0.0,0.0,0.0,0.0,0.0,0.0
WestH6ToSaxonSt.292,3504.0,524_0,0.0,0.0,0.0,5075.0,771_1,56.88,11.41,1571.0,2555.01,1212.0,34,0.0,1354.9,0,tripinfo_WestH6ToSaxonSt.292 emissions_WestH6ToSaxonSt.292,gasoline_euro4,0.86,223344.839914,4150485.327022,1114.163521,97.486827,1861.420797,1323887.393502,0.0
WestA509ToAvebury.135,2430.0,773_0,0.0,0.0,0.0,5076.0,213_0,19.13,11.47,2646.0,2327.63,2170.0,34,0.0,2460.31,0,tripinfo_WestA509ToAvebury.135 emissions_WestA509ToAvebury.135,gasoline_euro4,0.91,396637.484424,6860297.219492,1966.843248,166.048929,3108.699543,2188252.568466,0.0
WestH6ToSaxonSt.284,3408.0,524_0,0.0,0.0,0.0,5077.0,771_1,56.88,12.78,1669.0,2555.0,1301.0,35,0.0,1476.45,0,tripinfo_WestH6ToSaxonSt.284 emissions_WestH6ToSaxonSt.284,electric,0.97,0.0,0.0,0.0,0.0,0.0,0.0,0.0
WestH6ToSaxonSt.268,3216.0,524_0,0.0,0.0,0.0,5079.0,771_1,56.88,12.93,1863.0,2555.02,1499.0,37,0.0,1678.54,0,tripinfo_WestH6ToSaxonSt.268 emissions_WestH6ToSaxonSt.268,electric,1.01,0.0,0.0,0.0,0.0,0.0,0.0,0.0
WestA509ToAvebury.169,3042.0,773_0,0.0,0.0,0.0,5087.0,213_0,19.13,12.99,2045.0,2327.58,1642.0,26,0.0,1876.92,0,tripinfo_WestA509ToAvebury.169 emissions_WestA509ToAvebury.169,electric,1.01,0.0,0.0,0.0,0.0,0.0,0.0,0.0
WestA509ToAvebury.134,2415.0,773_0,0.0,0.0,3.0,5091.0,213_0,19.13,11.21,2676.0,2322.44,2189.0,37,0.0,2468.79,0,tripinfo_WestA509ToAvebury.134 emissions_WestA509ToAvebury.134,electric,0.81,0.0,0.0,0.0,0.0,0.0,0.0,0.0
WestA509ToEastH6.85,3063.0,773_0,0.0,0.0,3.0,5110.0,522_0,56.88,13.56,2047.0,2755.17,1599.0,23,0.0,1858.37,0,tripinfo_WestA509ToEastH6.85 emissions_WestA509ToEastH6.85,gasoline_euro4,1.06,299369.635575,5428283.55109,1490.052284,129.611633,2445.992912,1731471.15222,0.0
EastA509ToH6.137,2466.0,770_0,0.0,0.0,0.0,5122.0,522_1,56.88,13.45,2656.0,1443.3,2457.0,12,0.0,2549.39,0,tripinfo_EastA509ToH6.137 emissions_EastA509ToH6.137,gasoline_euro4,0.98,418357.525611,7010384.440477,2069.289725,172.386156,3192.054497,2236131.760634,0.0
EastA509ToH6.162,2916.0,770_0,0.0,0.0,0.0,5124.0,522_0,56.88,10.74,2208.0,1483.49,1965.0,15,0.0,2076.54,0,tripinfo_EastA509ToH6.162 emissions_EastA509ToH6.162,gasoline_euro4,0.82,340549.783163,5766887.704057,1685.92129,140.710299,2619.918172,1839487.289749,0.0
WestH6ToSaxonSt.249,2988.0,524_0,0.0,0.0,0.0,5149.0,771_1,56.88,12.65,2161.0,2555.0,1777.0,38,0.0,1969.81,0,tripinfo_WestH6ToSaxonSt.249 emissions_WestH6ToSaxonSt.249,electric,0.97,0.0,0.0,0.0,0.0,0.0,0.0,0.0
WestH6ToSaxonSt.287,3444.0,524_0,0.0,0.0,0.0,5151.0,771_1,56.88,12.23,1707.0,2555.01,1342.0,32,0.0,1513.64,0,tripinfo_WestH6ToSaxonSt.287 emissions_WestH6ToSaxonSt.287,gasoline_euro4,0.96,247738.840445,4552764.65709,1234.402083,107.645935,2044.640581,1452204.130634,0.0
WestH6ToSaxonSt.256,3072.0,524_0,0.0,0.0,0.0,5155.0,771_1,56.88,13.03,2083.0,2555.0,1684.0,37,0.0,1887.51,0,tripinfo_WestH6ToSaxonSt.256 emissions_WestH6ToSaxonSt.256,gasoline_euro4,0.96,306486.746401,5502158.387274,1524.184087,131.38032,2479.949016,1755037.088436,0.0
WestH6ToSaxonSt.266,3192.0,524_0,0.0,0.0,0.0,5156.0,771_1,56.88,14.82,1964.0,2555.0,1596.0,37,0.0,1807.76,0,tripinfo_WestH6ToSaxonSt.266 emissions_WestH6ToSaxonSt.266,gasoline_euro4,1.19,291915.238936,5320437.502311,1453.865941,127.385855,2399.635504,1697069.933026,0.0
WestH6ToSaxonSt.138,1656.0,524_0,0.0,0.0,0.0,5158.0,771_1,56.88,12.34,3502.0,2555.04,3016.0,60,0.0,3307.58,0,tripinfo_WestH6ToSaxonSt.138 emissions_WestH6ToSaxonSt.138,electric,0.96,0.0,0.0,0.0,0.0,0.0,0.0,0.0
EastSilburyToEastAvebury.51,1216.0,317_0,0.0,0.0,0.0,5161.0,213_0,19.13,12.3,3945.0,680.89,3685.0,38,0.0,3892.69,0,tripinfo_EastSilburyToEastAvebury.51 emissions_EastSilburyToEastAvebury.51,gasoline_euro4,0.96,635988.743334,10330698.313009,3138.453271,257.496792,4728.405265,3295234.541617,0.0
WestH6ToSaxonSt.247,2964.0,524_0,0.0,0.0,0.0,5161.0,771_1,56.88,12.63,2197.0,2555.01,1811.0,47,0.0,2005.3,0,tripinfo_WestH6ToSaxonSt.247 emissions_WestH6ToSaxonSt.247,electric,0.97,0.0,0.0,0.0,0.0,0.0,0.0,0.0
WestA509ToAvebury.137,2466.0,773_0,0.0,0.0,0.0,5165.0,213_0,19.13,12.11,2699.0,2322.44,2233.0,37,0.0,2518.46,0,tripinfo_WestA509ToAvebury.137 emissions_WestA509ToAvebury.137,electric,0.94,0.0,0.0,0.0,0.0,0.0,0.0,0.0
WestA509ToAvebury.170,3060.0,773_0,0.0,0.0,0.0,5171.0,213_0,19.13,16.32,2111.0,2327.58,1707.0,28,0.0,1970.39,0,tripinfo_WestA509ToAvebury.170 emissions_WestA509ToAvebury.170,gasoline_euro4,1.2,314770.142841,5608032.383512,1564.283485,135.105708,2533.675182,1788808.126862,0.0
WestH6ToSaxonSt.178,2136.0,524_0,0.0,0.0,0.0,5172.0,771_1,56.88,11.04,3036.0,2555.0,2599.0,40,0.0,2807.13,0,tripinfo_WestH6ToSaxonSt.178 emissions_WestH6ToSaxonSt.178,electric,0.81,0.0,0.0,0.0,0.0,0.0,0.0,0.0
WestA509ToAvebury.138,2487.0,773_0,0.0,0.0,3.0,5177.0,213_0,19.13,10.78,2690.0,2322.44,2218.0,33,0.0,2481.2,0,tripinfo_WestA509ToAvebury.138 emissions_WestA509ToAvebury.138,electric,0.81,0.0,0.0,0.0,0.0,0.0,0.0,0.0
EastSilburyToEastAvebury.53,1248.0,317_0,0.0,0.0,0.0,5178.0,213_0,19.13,12.64,3930.0,680.89,3681.0,31,0.0,3882.22,0,tripinfo_EastSilburyToEastAvebury.53 emissions_EastSilburyToEastAvebury.53,electric,1.05,0.0,0.0,0.0,0.0,0.0,0.0,0.0
WestA509ToEastH6.86,3099.0,773_0,0.0,0.0,3.0,5197.0,522_0,56.88,14.04,2098.0,2756.02,1624.0,27,0.0,1916.17,0,tripinfo_WestA509ToEastH6.86 emissions_WestA509ToEastH6.86,electric,1.1,0.0,0.0,0.0,0.0,0.0,0.0,0.0
WestA509ToEastH6.87,3132.0,773_0,0.0,0.0,0.0,5209.0,522_0,56.88,11.18,2077.0,2755.12,1612.0,26,0.0,1849.76,0,tripinfo_WestA509ToEastH6.87 emissions_WestA509ToEastH6.87,gasoline_euro4,0.88,298373.44392,5369306.176743,1484.316569,127.507368,2416.821257,1712661.194708,0.0
WestH6ToSaxonSt.296,3552.0,524_0,0.0,0.0,0.0,5237.0,771_1,56.88,12.44,1685.0,2555.02,1327.0,33,0.0,1491.72,0,tripinfo_WestH6ToSaxonSt.296 emissions_WestH6ToSaxonSt.296,electric,0.96,0.0,0.0,0.0,0.0,0.0,0.0,0.0
WestH6ToSaxonSt.142,1704.0,524_0,0.0,0.0,0.0,5239.0,771_1,56.88,13.73,3535.0,2555.03,3048.0,65,0.0,3347.93,0,tripinfo_WestH6ToSaxonSt.142 emissions_WestH6ToSaxonSt.142,electric,1.0,0.0,0.0,0.0,0.0,0.0,0.0,0.0
WestH6ToSaxonSt.212,2544.0,524_0,0.0,0.0,0.0,5241.0,771_1,56.88,13.14,2697.0,2555.0,2281.0,44,0.0,2514.32,0,tripinfo_WestH6ToSaxonSt.212 emissions_WestH6ToSaxonSt.212,gasoline_euro4,1.02,409356.676603,7109102.335925,2030.13929,171.963389,3217.385218,2267614.022204,0.0
WestH6ToSaxonSt.254,3048.0,524_0,0.0,0.0,0.0,5242.0,771_1,56.88,14.68,2194.0,2555.03,1824.0,33,0.0,2026.23,0,tripinfo_WestH6ToSaxonSt.254 emissions_WestH6ToSaxonSt.254,gasoline_euro4,1.11,330112.289175,5891957.51937,1640.749193,141.517713,2658.859721,1879372.645936,0.0
EastSilburyToEastAvebury.58,1328.0,317_0,0.0,0.0,0.0,5250.0,213_0,19.13,11.71,3922.0,642.19,3711.0,37,0.0,3869.06,0,tripinfo_EastSilburyToEastAvebury.58 emissions_EastSilburyToEastAvebury.58,gasoline_euro4,0.88,633167.918967,10250418.100495,3123.696999,255.639238,4691.954038,3269628.394673,0.0
WestH6ToSaxonSt.272,3264.0,524_0,0.0,0.0,0.0,5250.0,771_1,56.88,11.89,1986.0,2555.01,1626.0,28,0.0,1776.37,0,tripinfo_WestH6ToSaxonSt.272 emissions_WestH6ToSaxonSt.272,electric,0.89,0.0,0.0,0.0,0.0,0.0,0.0,0.0
WestH6ToSaxonSt.202,2424.0,524_0,0.0,0.0,0.0,5252.0,771_1,56.88,12.03,2828.0,2555.0,2380.0,50,0.0,2626.49,0,tripinfo_WestH6ToSaxonSt.202 emissions_WestH6ToSaxonSt.202,gasoline_euro4,0.93,429089.897694,7406004.585111,2127.028288,179.058835,3352.248765,2362319.669632,0.0
WestA509ToAvebury.173,3114.0,773_0,0.0,0.0,0.0,5253.0,213_0,19.13,12.22,2139.0,2327.58,1698.0,32,0.0,1958.72,0,tripinfo_WestA509ToAvebury.173 emissions_WestA509ToAvebury.173,gasoline_euro4,0.94,314592.589988,5553328.781118,1562.409275,133.15734,2507.809755,1771361.684631,0.0
WestH6ToSaxonSt.244,2928.0,524_0,0.0,0.0,0.0,5254.0,771_1,56.88,11.87,2326.0,2555.01,1952.0,33,0.0,2126.25,0,tripinfo_WestH6ToSaxonSt.244 emissions_WestH6ToSaxonSt.244,gasoline_euro4,0.93,347325.877979,6094979.310008,1723.949654,146.405549,2751.53086,1944134.740803,0.0
WestA509ToEastH6.84,3027.0,773_0,0.0,0.0,3.0,5286.0,522_0,56.88,13.97,2259.0,2749.98,1792.0,29,0.0,2066.84,0,tripinfo_WestA509ToEastH6.84 emissions_WestA509ToEastH6.84,electric,1.04,0.0,0.0,0.0,0.0,0.0,0.0,0.0
WestA509ToEastH6.83,2988.0,773_0,0.0,0.0,0.0,5290.0,522_0,56.88,14.22,2302.0,2749.93,1831.0,33,0.0,2107.82,0,tripinfo_WestA509ToEastH6.83 emissions_WestA509ToEastH6.83,electric,1.03,0.0,0.0,0.0,0.0,0.0,0.0,0.0
EastA509ToH6.169,3042.0,770_0,0.0,0.0,0.0,5291.0,522_1,56.88,14.6,2249.0,1483.54,2000.0,21,0.0,2150.4,0,tripinfo_EastA509ToH6.169 emissions_EastA509ToH6.169,electric,1.09,0.0,0.0,0.0,0.0,0.0,0.0,0.0
EastA509ToH6.113,2034.0,770_0,0.0,0.0,0.0,5304.0,522_1,56.88,12.94,3270.0,1483.69,3015.0,23,0.0,3155.57,0,tripinfo_EastA509ToH6.113 emissions_EastA509ToH6.113,electric,0.94,0.0,0.0,0.0,0.0,0.0,0.0,0.0
EastA509ToH6.166,2988.0,770_0,0.0,0.0,0.0,5306.0,522_0,56.88,10.52,2318.0,1483.49,2041.0,20,0.0,2183.38,0,tripinfo_EastA509ToH6.166 emissions_EastA509ToH6.166,electric,0.79,0.0,0.0,0.0,0.0,0.0,0.0,0.0
EastA509ToH6.170,3060.0,770_0,0.0,0.0,0.0,5306.0,522_1,56.88,13.13,2246.0,1483.54,1984.0,22,0.0,2136.29,0,tripinfo_EastA509ToH6.170 emissions_EastA509ToH6.170,gasoline_euro4,0.97,347513.993747,5913384.952239,1720.96154,144.666915,2688.623784,1886214.587643,0.0
WestH6ToSaxonSt.297,3564.0,524_0,0.0,0.0,0.0,5323.0,771_1,56.88,13.21,1759.0,2555.0,1356.0,45,0.0,1575.64,0,tripinfo_WestH6ToSaxonSt.297 emissions_WestH6ToSaxonSt.297,electric,1.02,0.0,0.0,0.0,0.0,0.0,0.0,0.0
WestH6ToSaxonSt.219,2628.0,524_0,0.0,0.0,0.0,5325.0,771_1,56.88,15.45,2697.0,2555.05,2303.0,41,0.0,2530.28,0,tripinfo_WestH6ToSaxonSt.219 emissions_WestH6ToSaxonSt.219,electric,1.12,0.0,0.0,0.0,0.0,0.0,0.0,0.0
WestH6ToSaxonSt.182,2184.0,524_0,0.0,0.0,0.0,5335.0,771_1,56.88,11.76,3151.0,2555.01,2692.0,49,0.0,2935.5,0,tripinfo_WestH6ToSaxonSt.182 emissions_WestH6ToSaxonSt.182,electric,0.86,0.0,0.0,0.0,0.0,0.0,0.0,0.0
WestH6ToSaxonSt.260,3120.0,524_0,0.0,0.0,0.0,5337.0,771_1,56.88,14.84,2217.0,2555.0,1797.0,44,0.0,2054.35,0,tripinfo_WestH6ToSaxonSt.260 emissions_WestH6ToSaxonSt.260,electric,1.15,0.0,0.0,0.0,0.0,0.0,0.0,0.0
WestH6ToSaxonSt.298,3576.0,524_0,0.0,0.0,0.0,5338.0,771_1,56.88,15.15,1762.0,2555.02,1420.0,27,0.0,1593.51,0,tripinfo_WestH6ToSaxonSt.298 emissions_WestH6ToSaxonSt.298,electric,1.1,0.0,0.0,0.0,0.0,0.0,0.0,0.0
WestH6ToSaxonSt.220,2640.0,524_0,0.0,0.0,0.0,5340.0,771_1,56.88,14.38,2700.0,2555.0,2270.0,45,0.0,2524.7,0,tripinfo_WestH6ToSaxonSt.220 emissions_WestH6ToSaxonSt.220,electric,1.06,0.0,0.0,0.0,0.0,0.0,0.0,0.0
WestH6ToSaxonSt.243,2916.0,524_0,0.0,0.0,0.0,5342.0,771_1,56.88,14.29,2426.0,2555.02,2014.0,45,0.0,2250.25,0,tripinfo_WestH6ToSaxonSt.243 emissions_WestH6ToSaxonSt.243,gasoline_euro4,1.06,366903.557312,6503256.93651,1822.659696,156.656404,2939.390683,2074361.358644,0.0
WestA509ToAvebury.174,3135.0,773_0,0.0,0.0,3.0,5343.0,213_0,19.13,11.82,2208.0,2327.58,1788.0,28,0.0,2016.31,0,tripinfo_WestA509ToAvebury.174 emissions_WestA509ToAvebury.174,gasoline_euro4,0.89,326165.605588,5747563.197361,1619.684582,137.792566,2595.397711,1833317.616079,0.0
WestA509ToAvebury.175,3150.0,773_0,0.0,0.0,0.0,5350.0,213_0,19.13,13.73,2200.0,2327.58,1788.0,30,0.0,2034.66,0,tripinfo_WestA509ToAvebury.175 emissions_WestA509ToAvebury.175,gasoline_euro4,1.02,327565.264718,5792828.22741,1627.056672,139.573647,2619.944327,1847754.363778,0.0
EastA509ToH6.155,2790.0,770_0,0.0,0.0,0.0,5367.0,522_0,56.88,14.85,2577.0,1483.69,2343.0,19,0.0,2480.25,0,tripinfo_EastA509ToH6.155 emissions_EastA509ToH6.155,gasoline_euro4,1.11,404679.705775,6842147.658793,2002.980017,168.167221,3114.453706,2182466.334069,0.0
EastA509ToH6.164,2952.0,770_0,0.0,0.0,0.0,5372.0,522_0,56.88,14.02,2420.0,1483.51,2163.0,19,0.0,2318.02,0,tripinfo_EastA509ToH6.164 emissions_EastA509ToH6.164,electric,1.05,0.0,0.0,0.0,0.0,0.0,0.0,0.0
WestA509ToEastH6.88,3168.0,773_0,0.0,0.0,0.0,5382.0,522_0,56.88,12.77,2214.0,2755.12,1741.0,27,0.0,1998.14,0,tripinfo_WestA509ToEastH6.88 emissions_WestA509ToEastH6.88,gasoline_euro4,0.93,322356.365997,5753489.484887,1602.017252,137.204553,2592.404484,1835206.149564,0.0
WestA509ToEastH6.89,3204.0,773_0,0.0,0.0,0.0,5385.0,522_0,56.88,12.0,2181.0,2755.17,1712.0,28,0.0,1971.36,0,tripinfo_WestA509ToEastH6.89 emissions_WestA509ToEastH6.89,gasoline_euro4,0.96,318451.520998,5734046.914196,1584.275742,137.080329,2586.801276,1829002.281142,0.0
WestH6ToSaxonSt.216,2592.0,524_0,0.0,0.0,0.0,5408.0,771_1,56.88,15.43,2816.0,2555.0,2388.0,43,0.0,2649.7,0,tripinfo_WestH6ToSaxonSt.216 emissions_WestH6ToSaxonSt.216,electric,1.12,0.0,0.0,0.0,0.0,0.0,0.0,0.0
WestH6ToSaxonSt.232,2784.0,524_0,0.0,0.0,0.0,5416.0,771_1,56.88,12.58,2632.0,2554.99,2225.0,38,0.0,2437.2,0,tripinfo_WestH6ToSaxonSt.232 emissions_WestH6ToSaxonSt.232,gasoline_euro4,0.96,397997.509558,6891444.216062,1973.406206,166.736922,3119.221433,2198187.618081,0.0
WestH6ToSaxonSt.139,1668.0,524_0,0.0,0.0,0.0,5424.0,771_1,56.88,11.41,3756.0,2555.06,3259.0,53,0.0,3535.29,0,tripinfo_WestH6ToSaxonSt.139 emissions_WestH6ToSaxonSt.139,electric,0.84,0.0,0.0,0.0,0.0,0.0,0.0,0.0
WestH6ToSaxonSt.140,1680.0,524_0,0.0,0.0,0.0,5424.0,771_0,56.88,15.37,3744.0,2555.04,3265.0,49,0.0,3584.83,0,tripinfo_WestH6ToSaxonSt.140 emissions_WestH6ToSaxonSt.140,electric,1.17,0.0,0.0,0.0,0.0,0.0,0.0,0.0
WestH6ToSaxonSt.229,2748.0,524_0,0.0,0.0,0.0,5426.0,771_1,56.88,13.94,2678.0,2555.0,2233.0,45,0.0,2507.22,0,tripinfo_WestH6ToSaxonSt.229 emissions_WestH6ToSaxonSt.229,electric,1.09,0.0,0.0,0.0,0.0,0.0,0.0,0.0
WestA509ToAvebury.141,2538.0,773_0,0.0,0.0,0.0,5427.0,213_0,19.13,14.01,2889.0,2322.44,2419.0,37,0.0,2728.73,0,tripinfo_WestA509ToAvebury.141 emissions_WestA509ToAvebury.141,electric,1.05,0.0,0.0,0.0,0.0,0.0,0.0,0.0
WestH6ToSaxonSt.141,1692.0,524_0,0.0,0.0,0.0,5428.0,771_1,56.88,12.72,3736.0,2555.04,3257.0,45,0.0,3550.66,0,tripinfo_WestH6ToSaxonSt.141 emissions_WestH6ToSaxonSt.141,gasoline_euro4,1.01,576624.541357,9751289.896665,2853.959658,238.38643,4430.157109,3110408.13788,0.0
WestH6ToSaxonSt.285,3420.0,524_0,0.0,0.0,0.0,5429.0,771_1,56.88,15.23,2009.0,2555.03,1630.0,38,0.0,1850.27,0,tripinfo_WestH6ToSaxonSt.285 emissions_WestH6ToSaxonSt.285,gasoline_euro4,1.17,298440.915743,5381308.748928,1484.73935,129.240615,2428.944439,1716487.706459,0.0
WestA509ToAvebury.179,3222.0,773_0,0.0,0.0,0.0,5430.0,213_0,19.13,13.05,2208.0,2327.58,1774.0,33,0.0,2034.24,0,tripinfo_WestA509ToAvebury.179 emissions_WestA509ToAvebury.179,gasoline_euro4,0.98,326860.401288,5765901.533568,1623.446325,139.041093,2609.252358,1839165.866451,0.0
WestA509ToAvebury.143,2574.0,773_0,0.0,0.0,0.0,5431.0,213_0,19.13,14.8,2857.0,2322.65,2380.0,38,0.0,2710.15,0,tripinfo_WestA509ToAvebury.143 emissions_WestA509ToAvebury.143,electric,1.15,0.0,0.0,0.0,0.0,0.0,0.0,0.0
WestA509ToAvebury.181,3258.0,773_0,0.0,0.0,0.0,5434.0,213_0,19.13,14.12,2176.0,2327.58,1740.0,37,0.0,2012.83,0,tripinfo_WestA509ToAvebury.181 emissions_WestA509ToAvebury.181,gasoline_euro4,1.04,323763.671129,5751615.479868,1608.743385,138.28465,2599.677979,1834607.987223,0.0
WestA509ToEastH6.90,3240.0,773_0,0.0,0.0,0.0,5455.0,522_0,56.88,14.45,2215.0,2755.17,1765.0,28,0.0,2032.8,0,tripinfo_WestA509ToEastH6.90 emissions_WestA509ToEastH6.90,gasoline_euro4,1.09,326129.416614,5870964.710755,1622.154108,140.577757,2647.770352,1872675.120131,0.0
EastA509ToH6.172,3096.0,770_0,0.0,0.0,0.0,5468.0,522_0,56.88,13.89,2372.0,1483.54,2101.0,24,0.0,2272.79,0,tripinfo_EastA509ToH6.172 emissions_EastA509ToH6.172,electric,1.08,0.0,0.0,0.0,0.0,0.0,0.0,0.0
WestA509ToEastH6.91,3276.0,773_0,0.0,0.0,0.0,5479.0,522_0,56.88,11.22,2203.0,2755.17,1708.0,29,0.0,1974.49,0,tripinfo_WestA509ToEastH6.91 emissions_WestA509ToEastH6.91,electric,0.88,0.0,0.0,0.0,0.0,0.0,0.0,0.0
WestH6ToSaxonSt.231,2772.0,524_0,0.0,0.0,0.0,5498.0,771_1,56.88,13.6,2726.0,2555.02,2322.0,39,0.0,2545.47,0,tripinfo_WestH6ToSaxonSt.231 emissions_WestH6ToSaxonSt.231,electric,1.03,0.0,0.0,0.0,0.0,0.0,0.0,0.0
WestH6ToSaxonSt.146,1752.0,524_0,0.0,0.0,0.0,5501.0,771_1,56.88,13.81,3749.0,2555.04,3285.0,41,0.0,3569.61,0,tripinfo_WestH6ToSaxonSt.146 emissions_WestH6ToSaxonSt.146,gasoline_euro4,1.04,580111.25256,9816531.655585,2871.019922,239.841772,4458.049946,3131218.474985,0.0
WestH6ToSaxonSt.169,2028.0,524_0,0.0,0.0,0.0,5503.0,771_1,56.88,13.45,3475.0,2555.01,3016.0,32,0.0,3297.11,0,tripinfo_WestH6ToSaxonSt.169 emissions_WestH6ToSaxonSt.169,electric,1.05,0.0,0.0,0.0,0.0,0.0,0.0,0.0
WestH6ToSaxonSt.149,1788.0,524_0,0.0,0.0,0.0,5512.0,771_1,56.88,11.93,3724.0,2555.04,3236.0,42,0.0,3513.47,0,tripinfo_WestH6ToSaxonSt.149 emissions_WestH6ToSaxonSt.149,electric,0.89,0.0,0.0,0.0,0.0,0.0,0.0,0.0
WestH6ToSaxonSt.204,2448.0,524_0,0.0,0.0,0.0,5513.0,771_1,56.88,13.1,3065.0,2555.01,2587.0,54,0.0,2899.7,0,tripinfo_WestH6ToSaxonSt.204 emissions_WestH6ToSaxonSt.204,gasoline_euro4,1.13,467194.546523,8046556.844326,2315.658458,195.928344,3650.846118,2566637.918352,0.0
WestH6ToSaxonSt.241,2892.0,524_0,0.0,0.0,0.0,5515.0,771_1,56.88,15.18,2623.0,2554.99,2219.0,33,0.0,2460.52,0,tripinfo_WestH6ToSaxonSt.241 emissions_WestH6ToSaxonSt.241,electric,1.15,0.0,0.0,0.0,0.0,0.0,0.0,0.0
WestH6ToSaxonSt.151,1812.0,524_0,0.0,0.0,0.0,5516.0,771_1,56.88,15.37,3704.0,2555.06,3250.0,37,0.0,3536.16,0,tripinfo_WestH6ToSaxonSt.151 emissions_WestH6ToSaxonSt.151,gasoline_euro4,1.11,573669.892549,9704306.421789,2839.431049,237.559524,4409.959647,3095421.188901,0.0
WestA509ToAvebury.172,3096.0,773_0,0.0,0.0,0.0,5520.0,213_0,19.13,12.58,2424.0,2327.58,1952.0,33,0.0,2242.75,0,tripinfo_WestA509ToAvebury.172 emissions_WestA509ToAvebury.172,gasoline_euro4,0.93,361919.109052,6317440.130595,1795.842316,152.457635,2859.451582,2015093.976309,0.0
WestA509ToAvebury.182,3279.0,773_0,0.0,0.0,3.0,5521.0,213_0,19.13,14.33,2242.0,2327.58,1806.0,36,0.0,2094.63,0,tripinfo_WestA509ToAvebury.182 emissions_WestA509ToAvebury.182,electric,1.15,0.0,0.0,0.0,0.0,0.0,0.0,0.0
WestH6ToSaxonSt.282,3384.0,524_0,0.0,0.0,0.0,5521.0,771_1,56.88,11.15,2137.0,2555.03,1720.0,35,0.0,1924.17,0,tripinfo_WestH6ToSaxonSt.282 emissions_WestH6ToSaxonSt.282,electric,0.88,0.0,0.0,0.0,0.0,0.0,0.0,0.0
WestA509ToAvebury.148,2664.0,773_0,0.0,0.0,0.0,5524.0,213_0,19.13,13.04,2860.0,2322.44,2385.0,39,0.0,2682.58,0,tripinfo_WestA509ToAvebury.148 emissions_WestA509ToAvebury.148,gasoline_euro4,0.96,432616.911487,7465129.613263,2144.736633,181.26698,3386.019539,2381178.02611,0.0
WestA509ToAvebury.189,3402.0,773_0,0.0,0.0,0.0,5526.0,213_0,19.13,13.83,2124.0,2327.58,1693.0,28,0.0,1956.16,0,tripinfo_WestA509ToAvebury.189 emissions_WestA509ToAvebury.189,gasoline_euro4,1.01,314630.784498,5592556.592892,1563.380093,134.460444,2527.781052,1783872.44425,0.0
EastSilburyToEastAvebury.60,1360.0,317_0,0.0,0.0,0.0,5528.0,213_0,19.13,14.75,4168.0,631.03,3925.0,32,0.0,4088.66,0,tripinfo_EastSilburyToEastAvebury.60 emissions_EastSilburyToEastAvebury.60,gasoline_euro4,1.1,669417.224421,10837958.990578,3302.550305,270.652226,4962.84399,3457038.896548,0.0
WestA509ToEastH6.92,3312.0,773_0,0.0,0.0,0.0,5546.0,522_0,56.88,13.42,2234.0,2755.17,1751.0,32,0.0,2037.81,0,tripinfo_WestA509ToEastH6.92 emissions_WestA509ToEastH6.92,gasoline_euro4,1.02,325451.036565,5826342.340655,1618.029757,139.190578,2627.321303,1858443.260413,0.0
WestA509ToEastH6.93,3351.0,773_0,0.0,0.0,3.0,5548.0,522_0,56.88,15.88,2197.0,2755.17,1715.0,30,0.0,2031.65,0,tripinfo_WestA509ToEastH6.93 emissions_WestA509ToEastH6.93,electric,1.21,0.0,0.0,0.0,0.0,0.0,0.0,0.0
WestA509ToEastH6.94,3384.0,773_0,0.0,0.0,0.0,5555.0,522_0,56.88,11.76,2171.0,2755.12,1689.0,27,0.0,1937.91,0,tripinfo_WestA509ToEastH6.94 emissions_WestA509ToEastH6.94,electric,0.86,0.0,0.0,0.0,0.0,0.0,0.0,0.0
WestH6ToSaxonSt.155,1860.0,524_0,0.0,0.0,0.0,5581.0,771_1,56.88,16.12,3721.0,2555.07,3272.0,38,0.0,3568.76,0,tripinfo_WestH6ToSaxonSt.155 emissions_WestH6ToSaxonSt.155,gasoline_euro4,1.23,577506.914695,9761361.300494,2857.738487,239.354526,4437.084877,3113619.979688,0.0
WestH6ToSaxonSt.286,3432.0,524_0,0.0,0.0,0.0,5587.0,771_1,56.88,14.23,2155.0,2555.05,1774.0,31,0.0,1980.6,0,tripinfo_WestH6ToSaxonSt.286 emissions_WestH6ToSaxonSt.286,electric,1.07,0.0,0.0,0.0,0.0,0.0,0.0,0.0
WestH6ToSaxonSt.205,2460.0,524_0,0.0,0.0,0.0,5595.0,771_1,56.88,12.3,3135.0,2555.04,2682.0,35,0.0,2934.08,0,tripinfo_WestH6ToSaxonSt.205 emissions_WestH6ToSaxonSt.205,electric,0.93,0.0,0.0,0.0,0.0,0.0,0.0,0.0
WestH6ToSaxonSt.152,1824.0,524_0,0.0,0.0,0.0,5598.0,771_1,56.88,12.46,3774.0,2555.04,3318.0,34,0.0,3571.15,0,tripinfo_WestH6ToSaxonSt.152 emissions_WestH6ToSaxonSt.152,electric,0.92,0.0,0.0,0.0,0.0,0.0,0.0,0.0
WestH6ToSaxonSt.156,1872.0,524_0,0.0,0.0,0.0,5599.0,771_1,56.88,14.41,3727.0,2555.07,3283.0,35,0.0,3556.39,0,tripinfo_WestH6ToSaxonSt.156 emissions_WestH6ToSaxonSt.156,electric,1.09,0.0,0.0,0.0,0.0,0.0,0.0,0.0
WestA509ToAvebury.150,2700.0,773_0,0.0,0.0,0.0,5601.0,213_0,19.13,13.83,2901.0,2322.44,2416.0,39,0.0,2743.89,0,tripinfo_WestA509ToAvebury.150 emissions_WestA509ToAvebury.150,gasoline_euro4,1.08,440952.505829,7586837.708405,2185.371562,184.320775,3441.351989,2420000.350671,0.0
WestA509ToAvebury.158,2844.0,773_0,0.0,0.0,0.0,5602.0,213_0,19.13,14.27,2758.0,2322.44,2251.0,43,0.0,2603.56,0,tripinfo_WestA509ToAvebury.158 emissions_WestA509ToAvebury.158,gasoline_euro4,1.09,415892.759074,7195641.758039,2062.148376,174.717114,3263.563787,2295217.813818,0.0
WestH6ToSaxonSt.153,1836.0,524_0,0.0,0.0,0.0,5604.0,771_1,56.88,11.6,3768.0,2555.04,3292.0,38,0.0,3562.54,0,tripinfo_WestH6ToSaxonSt.153 emissions_WestH6ToSaxonSt.153,gasoline_euro4,0.91,579408.050529,9789555.873438,2867.503265,239.001212,4446.473212,3122614.658313,0.0
WestH6ToSaxonSt.157,1884.0,524_0,0.0,0.0,0.0,5606.0,771_1,56.88,15.66,3722.0,2555.04,3254.0,36,0.0,3563.82,0,tripinfo_WestH6ToSaxonSt.157 emissions_WestH6ToSaxonSt.157,gasoline_euro4,1.18,575884.084603,9758807.981242,2851.009921,239.211699,4437.612265,3112804.722444,0.0
WestA509ToAvebury.190,3420.0,773_0,0.0,0.0,0.0,5616.0,213_0,19.13,13.41,2196.0,2327.58,1763.0,26,0.0,2022.2,0,tripinfo_WestA509ToAvebury.190 emissions_WestA509ToAvebury.190,gasoline_euro4,0.97,325855.280214,5751087.894013,1618.271052,138.380982,2600.03152,1834440.970321,0.0
EastA509ToH6.174,3132.0,770_0,0.0,0.0,0.0,5641.0,522_0,56.88,12.7,2509.0,1483.49,2252.0,22,0.0,2402.28,0,tripinfo_EastA509ToH6.174 emissions_EastA509ToH6.174,gasoline_euro4,1.0,391552.628951,6619629.960577,1937.901051,162.286547,3010.862892,2111489.47163,0.0
EastA509ToH6.139,2502.0,770_0,0.0,0.0,0.0,5645.0,522_0,56.88,13.31,3143.0,1483.8,2913.0,17,0.0,3036.96,0,tripinfo_EastA509ToH6.139 emissions_EastA509ToH6.139,electric,1.01,0.0,0.0,0.0,0.0,0.0,0.0,0.0
WestA509ToEastH6.95,3423.0,773_0,0.0,0.0,3.0,5653.0,522_1,56.88,12.24,2230.0,2755.17,1773.0,22,0.0,2021.1,0,tripinfo_WestA509ToEastH6.95 emissions_WestA509ToEastH6.95,gasoline_euro4,0.96,325285.265378,5816311.555366,1617.378814,138.922396,2622.660625,1855244.055631,0.0
EastA509ToH6.176,3168.0,770_0,0.0,0.0,0.0,5656.0,522_0,56.88,9.98,2488.0,1483.49,2207.0,20,0.0,2347.2,0,tripinfo_EastA509ToH6.176 emissions_EastA509ToH6.176,gasoline_euro4,0.76,384981.558627,6470365.312646,1904.743478,158.395278,2943.543715,2063879.546008,0.0
WestH6ToSaxonSt.159,1908.0,524_0,0.0,0.0,0.0,5675.0,771_1,56.88,12.9,3767.0,2555.04,3304.0,37,0.0,3583.33,0,tripinfo_WestH6ToSaxonSt.159 emissions_WestH6ToSaxonSt.159,gasoline_euro4,1.01,582372.479494,9862638.931154,2882.698903,241.465931,4483.511778,3145924.590578,0.0
WestH6ToSaxonSt.164,1968.0,524_0,0.0,0.0,0.0,5677.0,771_1,56.88,13.85,3709.0,2555.04,3246.0,37,0.0,3537.38,0,tripinfo_WestH6ToSaxonSt.164 emissions_WestH6ToSaxonSt.164,electric,1.09,0.0,0.0,0.0,0.0,0.0,0.0,0.0
WestH6ToSaxonSt.161,1932.0,524_0,0.0,0.0,0.0,5683.0,771_1,56.88,12.14,3751.0,2555.04,3264.0,40,0.0,3552.76,0,tripinfo_WestH6ToSaxonSt.161 emissions_WestH6ToSaxonSt.161,electric,0.94,0.0,0.0,0.0,0.0,0.0,0.0,0.0
WestH6ToSaxonSt.163,1956.0,524_0,0.0,0.0,0.0,5688.0,771_1,56.88,11.2,3732.0,2555.05,3246.0,37,0.0,3518.34,0,tripinfo_WestH6ToSaxonSt.163 emissions_WestH6ToSaxonSt.163,electric,0.87,0.0,0.0,0.0,0.0,0.0,0.0,0.0
WestH6ToSaxonSt.165,1980.0,524_0,0.0,0.0,0.0,5690.0,771_1,56.88,12.38,3710.0,2555.05,3234.0,36,0.0,3518.13,0,tripinfo_WestH6ToSaxonSt.165 emissions_WestH6ToSaxonSt.165,gasoline_euro4,0.97,571157.444843,9670218.19739,2827.281153,236.341776,4393.522012,3084547.988083,0.0
WestH6ToSaxonSt.187,2244.0,524_0,0.0,0.0,0.0,5691.0,771_1,56.88,13.38,3447.0,2555.04,2969.0,43,0.0,3259.21,0,tripinfo_WestH6ToSaxonSt.187 emissions_WestH6ToSaxonSt.187,gasoline_euro4,0.99,528363.774293,9014174.082158,2617.179205,220.012958,4095.270625,2875284.639496,0.0
WestA509ToAvebury.185,3330.0,773_0,0.0,0.0,0.0,5692.0,213_0,19.13,13.11,2362.0,2327.58,1888.0,36,0.0,2191.41,0,tripinfo_WestA509ToAvebury.185 emissions_WestA509ToAvebury.185,electric,0.99,0.0,0.0,0.0,0.0,0.0,0.0,0.0
WestH6ToSaxonSt.193,2316.0,524_0,0.0,0.0,0.0,5693.0,771_1,56.88,11.9,3377.0,2555.05,2873.0,45,0.0,3180.04,0,tripinfo_WestH6ToSaxonSt.193 emissions_WestH6ToSaxonSt.193,gasoline_euro4,0.95,514913.949491,8794894.02241,2550.398929,213.95439,3990.603228,2805340.498339,0.0
WestA509ToAvebury.168,3024.0,773_0,0.0,0.0,0.0,5694.0,213_0,19.13,14.0,2670.0,2327.63,2144.0,36,0.0,2506.14,0,tripinfo_WestA509ToAvebury.168 emissions_WestA509ToAvebury.168,electric,1.04,0.0,0.0,0.0,0.0,0.0,0.0,0.0
WestH6ToSaxonSt.197,2364.0,524_0,0.0,0.0,0.0,5695.0,771_1,56.88,14.34,3331.0,2555.04,2825.0,55,0.0,3151.06,0,tripinfo_WestH6ToSaxonSt.197 emissions_WestH6ToSaxonSt.197,gasoline_euro4,1.04,507260.136672,8686261.978611,2513.126501,211.709624,3943.830437,2770688.426546,0.0
WestA509ToEastH6.97,3492.0,773_0,0.0,0.0,0.0,5722.0,522_0,56.88,13.13,2230.0,2755.12,1802.0,28,0.0,2032.69,0,tripinfo_WestA509ToEastH6.97 emissions_WestA509ToEastH6.97,electric,1.01,0.0,0.0,0.0,0.0,0.0,0.0,0.0
WestA509ToEastH6.98,3528.0,773_0,0.0,0.0,0.0,5731.0,522_0,56.88,13.42,2203.0,2755.12,1765.0,25,0.0,1999.65,0,tripinfo_WestA509ToEastH6.98 emissions_WestA509ToEastH6.98,electric,0.98,0.0,0.0,0.0,0.0,0.0,0.0,0.0
WestA509ToEastH6.96,3459.0,773_0,0.0,0.0,3.0,5734.0,522_0,56.88,13.27,2275.0,2749.98,1802.0,25,0.0,2078.03,0,tripinfo_WestA509ToEastH6.96 emissions_WestA509ToEastH6.96,gasoline_euro4,1.01,334303.098378,6001489.311255,1662.389066,143.468109,2706.549777,1914309.656207,0.0
EastA509ToH6.181,3258.0,770_0,0.0,0.0,0.0,5744.0,522_0,56.88,10.36,2486.0,1483.49,2194.0,22,0.0,2356.06,0,tripinfo_EastA509ToH6.181 emissions_EastA509ToH6.181,electric,0.82,0.0,0.0,0.0,0.0,0.0,0.0,0.0
EastA509ToH6.161,2898.0,770_0,0.0,0.0,0.0,5745.0,522_1,56.88,11.14,2847.0,1483.69,2577.0,22,0.0,2726.73,0,tripinfo_EastA509ToH6.161 emissions_EastA509ToH6.161,gasoline_euro4,0.89,445867.867865,7466469.467583,2205.32922,183.393095,3399.565662,2381611.474403,0.0
WestH6ToSaxonSt.206,2472.0,524_0,0.0,0.0,0.0,5761.0,771_1,56.88,13.69,3289.0,2555.04,2760.0,56,0.0,3115.19,0,tripinfo_WestH6ToSaxonSt.206 emissions_WestH6ToSaxonSt.206,gasoline_euro4,1.07,502280.817579,8593196.857226,2488.200374,209.306666,3899.851692,2741003.592253,0.0
WestH6ToSaxonSt.294,3528.0,524_0,0.0,0.0,0.0,5763.0,771_1,56.88,13.88,2235.0,2555.07,1819.0,29,0.0,2062.32,0,tripinfo_WestH6ToSaxonSt.294 emissions_WestH6ToSaxonSt.294,electric,1.08,0.0,0.0,0.0,0.0,0.0,0.0,0.0
WestH6ToSaxonSt.224,2688.0,524_0,0.0,0.0,0.0,5765.0,771_1,56.88,15.21,3077.0,2555.04,2551.0,50,0.0,2914.67,0,tripinfo_WestH6ToSaxonSt.224 emissions_WestH6ToSaxonSt.224,electric,1.15,0.0,0.0,0.0,0.0,0.0,0.0,0.0
WestH6ToSaxonSt.259,3108.0,524_0,0.0,0.0,0.0,5768.0,771_1,56.88,15.05,2660.0,2555.05,2206.0,44,0.0,2489.51,0,tripinfo_WestH6ToSaxonSt.259 emissions_WestH6ToSaxonSt.259,electric,1.1,0.0,0.0,0.0,0.0,0.0,0.0,0.0
WestH6ToSaxonSt.233,2796.0,524_0,0.0,0.0,0.0,5773.0,771_1,56.88,14.01,2977.0,2555.04,2509.0,40,0.0,2799.29,0,tripinfo_WestH6ToSaxonSt.233 emissions_WestH6ToSaxonSt.233,gasoline_euro4,1.05,452206.455873,7822378.302457,2241.893868,189.681447,3543.974591,2495130.546038,0.0
WestH6ToSaxonSt.226,2712.0,524_0,0.0,0.0,0.0,5775.0,771_1,56.88,13.14,3063.0,2555.04,2565.0,50,0.0,2882.83,0,tripinfo_WestH6ToSaxonSt.226 emissions_WestH6ToSaxonSt.226,gasoline_euro4,1.03,465652.195079,8036913.462589,2308.370565,195.278412,3644.74725,2563561.733611,0.0
WestH6ToSaxonSt.237,2844.0,524_0,0.0,0.0,0.0,5777.0,771_1,56.88,14.45,2933.0,2555.05,2454.0,40,0.0,2756.75,0,tripinfo_WestH6ToSaxonSt.237 emissions_WestH6ToSaxonSt.237,electric,1.06,0.0,0.0,0.0,0.0,0.0,0.0,0.0
WestA509ToAvebury.195,3510.0,773_0,0.0,0.0,0.0,5791.0,213_0,19.13,12.39,2281.0,2327.58,1877.0,31,0.0,2097.59,0,tripinfo_WestA509ToAvebury.195 emissions_WestA509ToAvebury.195,gasoline_euro4,0.92,339839.614717,5968290.298147,1686.752329,143.501652,2696.854816,1903723.876617,0.0
WestA509ToAvebury.160,2880.0,773_0,0.0,0.0,0.0,5794.0,213_0,19.13,11.75,2914.0,2322.44,2403.0,44,0.0,2715.2,0,tripinfo_WestA509ToAvebury.160 emissions_WestA509ToAvebury.160,gasoline_euro4,0.85,437217.092281,7513429.592844,2166.947758,182.211305,3407.356429,2396585.816578,0.0
EastA509ToH6.141,2538.0,770_0,0.0,0.0,0.0,5810.0,522_0,56.88,13.47,3272.0,1443.3,3039.0,18,0.0,3168.36,0,tripinfo_EastA509ToH6.141 emissions_EastA509ToH6.141,gasoline_euro4,1.0,519675.541497,8638790.761981,2568.748414,213.251436,3938.564467,2755553.058565,0.0
EastA509ToH6.182,3276.0,770_0,0.0,0.0,0.0,5816.0,522_0,56.88,11.79,2540.0,1483.54,2257.0,21,0.0,2425.19,0,tripinfo_EastA509ToH6.182 emissions_EastA509ToH6.182,gasoline_euro4,0.94,395914.710998,6693744.302686,1959.49397,164.018297,3044.806063,2135130.065734,0.0
EastA509ToH6.184,3312.0,770_0,0.0,0.0,0.0,5818.0,522_0,56.88,12.27,2506.0,1483.54,2215.0,23,0.0,2393.51,0,tripinfo_EastA509ToH6.184 emissions_EastA509ToH6.184,gasoline_euro4,0.95,388526.670258,6568949.811725,1923.112969,160.985921,2988.495018,2095323.841417,0.0
EastA509ToH6.187,3366.0,770_0,0.0,0.0,0.0,5819.0,522_1,56.88,15.03,2453.0,1483.54,2172.0,19,0.0,2355.09,0,tripinfo_EastA509ToH6.187 emissions_EastA509ToH6.187,gasoline_euro4,1.09,381852.078392,6475813.392325,1890.548894,158.804159,2946.584009,2065614.875646,0.0
EastA509ToH6.186,3348.0,770_0,0.0,0.0,0.0,5822.0,522_0,56.88,11.41,2474.0,1483.49,2187.0,20,0.0,2354.0,0,tripinfo_EastA509ToH6.186 emissions_EastA509ToH6.186,gasoline_euro4,0.9,383034.589799,6459015.289394,1895.444184,158.111365,2937.322569,2060258.451236,0.0
EastA509ToH6.179,3222.0,770_0,0.0,0.0,0.0,5829.0,522_0,56.88,11.17,2607.0,1483.51,2325.0,21,0.0,2477.82,0,tripinfo_EastA509ToH6.179 emissions_EastA509ToH6.179,electric,0.83,0.0,0.0,0.0,0.0,0.0,0.0,0.0
WestH6ToSaxonSt.239,2868.0,524_0,0.0,0.0,0.0,5850.0,771_1,56.88,14.45,2982.0,2555.04,2508.0,35,0.0,2803.9,0,tripinfo_WestH6ToSaxonSt.239 emissions_WestH6ToSaxonSt.239,electric,1.05,0.0,0.0,0.0,0.0,0.0,0.0,0.0
WestA509ToAvebury.159,2862.0,773_0,0.0,0.0,0.0,5865.0,213_0,19.13,13.22,3003.0,2322.44,2493.0,46,0.0,2833.56,0,tripinfo_WestA509ToAvebury.159 emissions_WestA509ToAvebury.159,gasoline_euro4,1.0,455189.748043,7818793.247231,2255.552369,190.001636,3546.789329,2493988.485645,0.0
WestA509ToAvebury.196,3530.0,773_0,0.0,0.0,2.0,5867.0,213_0,19.13,13.09,2337.0,2327.58,1900.0,30,0.0,2161.49,0,tripinfo_WestA509ToAvebury.196 emissions_WestA509ToAvebury.196,gasoline_euro4,0.97,348452.149306,6118213.327821,1729.859955,147.519525,2768.413259,1951544.798394,0.0
EastSilburyToEastAvebury.78,1701.0,317_0,0.0,0.0,53.0,5871.0,213_0,19.13,12.21,4170.0,608.32,3879.0,30,0.0,4052.25,0,tripinfo_EastSilburyToEastAvebury.78 emissions_EastSilburyToEastAvebury.78,electric,0.9,0.0,0.0,0.0,0.0,0.0,0.0,0.0
WestA509ToAvebury.162,2916.0,773_0,0.0,0.0,0.0,5872.0,213_0,19.13,13.88,2956.0,2322.44,2421.0,44,0.0,2798.14,0,tripinfo_WestA509ToAvebury.162 emissions_WestA509ToAvebury.162,electric,1.07,0.0,0.0,0.0,0.0,0.0,0.0,0.0
WestA509ToAvebury.197,3546.0,773_0,0.0,0.0,0.0,5877.0,213_0,19.13,10.25,2331.0,2327.58,1873.0,31,0.0,2122.13,0,tripinfo_WestA509ToAvebury.197 emissions_WestA509ToAvebury.197,gasoline_euro4,0.81,345287.805164,6040806.043153,1713.842763,145.296177,2732.418973,1926855.105578,0.0
WestA509ToEastH6.99,3567.0,773_0,0.0,0.0,3.0,5913.0,522_0,56.88,13.05,2346.0,2755.12,1853.0,28,0.0,2135.57,0,tripinfo_WestA509ToEastH6.99 emissions_WestA509ToEastH6.99,gasoline_euro4,0.95,343497.047033,6116365.651548,1707.106726,146.366929,2760.215719,1950953.621505,0.0
EastA509ToH6.185,3330.0,770_0,0.0,0.0,0.0,5915.0,522_0,56.88,13.45,2585.0,1483.54,2299.0,21,0.0,2480.94,0,tripinfo_EastA509ToH6.185 emissions_EastA509ToH6.185,gasoline_euro4,1.03,403691.028684,6814584.939927,1997.80249,167.25344,3101.257997,2173675.171496,0.0
EastA509ToH6.189,3402.0,770_0,0.0,0.0,0.0,5985.0,522_0,56.88,14.53,2583.0,1483.54,2293.0,21,0.0,2483.83,0,tripinfo_EastA509ToH6.189 emissions_EastA509ToH6.189,gasoline_euro4,1.08,403868.728743,6833893.051482,1999.014782,167.663106,3109.334315,2179833.407851,0.0
EastA509ToH6.191,3438.0,770_0,0.0,0.0,0.0,5992.0,522_0,56.88,12.54,2554.0,1483.49,2254.0,21,0.0,2437.94,0,tripinfo_EastA509ToH6.191 emissions_EastA509ToH6.191,gasoline_euro4,0.92,397010.341214,6693346.663764,1964.723155,164.090166,3045.769559,2135003.832758,0.0
EastA509ToH6.143,2574.0,770_0,0.0,0.0,0.0,5994.0,522_1,56.88,14.78,3420.0,1443.3,3194.0,18,0.0,3325.17,0,tripinfo_EastA509ToH6.143 emissions_EastA509ToH6.143,gasoline_euro4,1.1,544162.367411,9019895.571224,2689.194456,223.167432,4115.473603,2877116.12585,0.0
EastA509ToH6.192,3456.0,770_0,0.0,0.0,0.0,5994.0,522_0,56.88,12.79,2538.0,1483.54,2249.0,20,0.0,2430.2,0,tripinfo_EastA509ToH6.192 emissions_EastA509ToH6.192,gasoline_euro4,1.0,395538.085819,6693079.339076,1958.07107,164.286168,3047.235847,2134917.384809,0.0
EastA509ToH6.196,3528.0,770_0,0.0,0.0,0.0,6000.0,522_1,56.88,13.38,2472.0,1483.54,2194.0,20,0.0,2368.11,0,tripinfo_EastA509ToH6.196 emissions_EastA509ToH6.196,gasoline_euro4,1.03,385542.727078,6534593.880427,1908.725911,160.21335,2973.48534,2084364.485215,0.0
EastA509ToH6.190,3420.0,770_0,0.0,0.0,0.0,6003.0,522_0,56.88,10.55,2583.0,1483.49,2299.0,19,0.0,2453.53,0,tripinfo_EastA509ToH6.190 emissions_EastA509ToH6.190,gasoline_euro4,0.83,401630.715205,6763346.752068,1987.488884,165.901807,3078.690362,2157332.220845,0.0
EastA509ToH6.198,3564.0,770_0,0.0,0.0,0.0,6003.0,522_1,56.88,12.91,2439.0,1483.54,2139.0,21,0.0,2333.58,0,tripinfo_EastA509ToH6.198 emissions_EastA509ToH6.198,electric,1.02,0.0,0.0,0.0,0.0,0.0,0.0,0.0
EastA509ToH6.199,3582.0,770_0,0.0,0.0,0.0,6005.0,522_0,56.88,13.68,2423.0,1483.54,2121.0,22,0.0,2320.89,0,tripinfo_EastA509ToH6.199 emissions_EastA509ToH6.199,electric,1.05,0.0,0.0,0.0,0.0,0.0,0.0,0.0
EastA509ToH6.197,3546.0,770_0,0.0,0.0,0.0,6006.0,522_1,56.88,14.23,2460.0,1483.54,2153.0,22,0.0,2360.64,0,tripinfo_EastA509ToH6.197 emissions_EastA509ToH6.197,gasoline_euro4,1.08,381770.277304,6470284.952907,1890.019845,158.720034,2944.813585,2063851.517534,0.0
WestA509ToAvebury.199,3582.0,773_0,0.0,0.0,0.0,6044.0,213_0,19.13,14.41,2462.0,2327.79,2028.0,33,0.0,2305.73,0,tripinfo_WestA509ToAvebury.199 emissions_WestA509ToAvebury.199,electric,1.09,0.0,0.0,0.0,0.0,0.0,0.0,0.0
WestA509ToAvebury.187,3366.0,773_0,0.0,0.0,0.0,6051.0,213_0,19.13,10.96,2685.0,2327.58,2154.0,38,0.0,2493.76,0,tripinfo_WestA509ToAvebury.187 emissions_WestA509ToAvebury.187,gasoline_euro4,0.88,399954.528648,6900521.489981,1982.815503,166.823334,3126.141948,2201083.865689,0.0
WestA509ToAvebury.192,3456.0,773_0,0.0,0.0,0.0,6053.0,213_0,19.13,13.54,2597.0,2327.58,2131.0,34,0.0,2425.03,0,tripinfo_WestA509ToAvebury.192 emissions_WestA509ToAvebury.192,gasoline_euro4,0.99,390308.300266,6782193.594213,1935.920767,164.029761,3071.931323,2163338.56216,0.0
EastSilburyToEastAvebury.89,2055.0,317_0,0.0,0.0,231.0,6058.0,213_0,19.13,14.32,4003.0,658.22,3780.0,34,0.0,3959.19,0,tripinfo_EastSilburyToEastAvebury.89 emissions_EastSilburyToEastAvebury.89,gasoline_euro4,1.11,647582.888456,10524624.304812,3195.854236,262.541146,4818.069449,3357091.656183,0.0
EastA509ToH6.194,3492.0,770_0,0.0,0.0,0.0,6078.0,522_1,56.88,14.64,2586.0,1443.15,2319.0,19,0.0,2495.15,0,tripinfo_EastA509ToH6.194 emissions_EastA509ToH6.194,electric,1.15,0.0,0.0,0.0,0.0,0.0,0.0,0.0
EastA509ToH6.195,3510.0,770_0,0.0,0.0,0.0,6081.0,522_0,56.88,11.28,2571.0,1483.49,2252.0,21,0.0,2449.53,0,tripinfo_EastA509ToH6.195 emissions_EastA509ToH6.195,electric,0.88,0.0,0.0,0.0,0.0,0.0,0.0,0.0
EastA509ToH6.188,3384.0,770_0,0.0,0.0,0.0,6089.0,522_0,56.88,13.05,2705.0,1483.54,2419.0,24,0.0,2599.46,0,tripinfo_EastA509ToH6.188 emissions_EastA509ToH6.188,gasoline_euro4,1.02,423667.782025,7130276.914743,2096.313119,175.253118,3246.686317,2274373.232143,0.0
EastA509ToH6.175,3150.0,770_0,0.0,0.0,0.0,6163.0,522_1,56.88,14.95,3013.0,1483.54,2750.0,23,0.0,2915.77,0,tripinfo_EastA509ToH6.175 emissions_EastA509ToH6.175,electric,1.1,0.0,0.0,0.0,0.0,0.0,0.0,0.0
EastA509ToH6.146,2628.0,770_0,0.0,0.0,0.0,6164.0,522_0,56.88,12.23,3536.0,1483.75,3298.0,21,0.0,3425.15,0,tripinfo_EastA509ToH6.146 emissions_EastA509ToH6.146,electric,0.96,0.0,0.0,0.0,0.0,0.0,0.0,0.0
EastA509ToH6.168,3024.0,770_0,0.0,0.0,0.0,6166.0,522_0,56.88,13.87,3142.0,1470.44,2883.0,22,0.0,3042.6,0,tripinfo_EastA509ToH6.168 emissions_EastA509ToH6.168,electric,1.07,0.0,0.0,0.0,0.0,0.0,0.0,0.0
EastA509ToH6.178,3204.0,770_0,0.0,0.0,0.0,6171.0,522_1,56.88,14.54,2967.0,1483.54,2670.0,24,0.0,2867.28,0,tripinfo_EastA509ToH6.178 emissions_EastA509ToH6.178,electric,1.07,0.0,0.0,0.0,0.0,0.0,0.0,0.0
EastA509ToH6.180,3240.0,770_0,0.0,0.0,0.0,6171.0,522_0,56.88,13.6,2931.0,1483.54,2628.0,23,0.0,2824.8,0,tripinfo_EastA509ToH6.180 emissions_EastA509ToH6.180,gasoline_euro4,1.01,459169.257716,7712473.212281,2271.367944,189.574227,3511.337564,2460079.30455,0.0
EastA509ToH6.167,3006.0,770_0,0.0,0.0,0.0,6178.0,522_0,56.88,11.17,3172.0,1483.69,2898.0,23,0.0,3050.47,0,tripinfo_EastA509ToH6.167 emissions_EastA509ToH6.167,electric,0.88,0.0,0.0,0.0,0.0,0.0,0.0,0.0
EastA509ToH6.173,3114.0,770_0,0.0,0.0,0.0,6178.0,522_1,56.88,14.99,3064.0,1483.54,2791.0,21,0.0,2969.73,0,tripinfo_EastA509ToH6.173 emissions_EastA509ToH6.173,electric,1.14,0.0,0.0,0.0,0.0,0.0,0.0,0.0
EastA509ToH6.147,2646.0,770_0,0.0,0.0,0.0,6183.0,522_1,56.88,13.66,3537.0,1443.3,3291.0,19,0.0,3432.87,0,tripinfo_EastA509ToH6.147 emissions_EastA509ToH6.147,gasoline_euro4,1.0,561281.136057,9303554.85814,2773.939821,230.056919,4244.803232,2967596.33269,0.0
EastA509ToH6.183,3294.0,770_0,0.0,0.0,0.0,6183.0,522_0,56.88,11.23,2889.0,1483.46,2592.0,23,0.0,2758.73,0,tripinfo_EastA509ToH6.183 emissions_EastA509ToH6.183,gasoline_euro4,0.82,452520.515615,7567036.518529,2238.069367,185.980553,3446.58721,2413690.02525,0.0
WestA509ToAvebury.188,3387.0,773_0,0.0,0.0,3.0,6225.0,213_0,19.13,13.2,2838.0,2327.58,2314.0,39,0.0,2663.48,0,tripinfo_WestA509ToAvebury.188 emissions_WestA509ToAvebury.188,electric,0.97,0.0,0.0,0.0,0.0,0.0,0.0,0.0
WestA509ToAvebury.191,3438.0,773_0,0.0,0.0,0.0,6233.0,213_0,19.13,12.27,2795.0,2327.58,2349.0,38,0.0,2615.05,0,tripinfo_WestA509ToAvebury.191 emissions_WestA509ToAvebury.191,electric,0.94,0.0,0.0,0.0,0.0,0.0,0.0,0.0
EastA509ToH6.171,3078.0,770_0,0.0,0.0,0.0,6252.0,522_1,56.88,14.78,3174.0,1483.69,2915.0,23,0.0,3075.2,0,tripinfo_EastA509ToH6.171 emissions_EastA509ToH6.171,gasoline_euro4,1.09,502136.475838,8395260.167314,2483.354163,207.131162,3827.190594,2677871.296181,0.0
EastA509ToH6.177,3186.0,770_0,0.0,0.0,0.0,6252.0,522_0,56.88,12.2,3066.0,1483.49,2775.0,25,0.0,2954.09,0,tripinfo_EastA509ToH6.177 emissions_EastA509ToH6.177,electric,0.96,0.0,0.0,0.0,0.0,0.0,0.0,0.0
EastA509ToH6.159,2862.0,770_0,0.0,0.0,0.0,6255.0,522_0,56.88,14.99,3393.0,1483.69,3145.0,20,0.0,3298.73,0,tripinfo_EastA509ToH6.159 emissions_EastA509ToH6.159,electric,1.14,0.0,0.0,0.0,0.0,0.0,0.0,0.0
EastA509ToH6.165,2970.0,770_0,0.0,0.0,0.0,6260.0,522_0,56.88,13.62,3290.0,1483.69,3026.0,23,0.0,3184.06,0,tripinfo_EastA509ToH6.165 emissions_EastA509ToH6.165,gasoline_euro4,1.02,520154.536427,8652133.75261,2571.532616,213.673425,3945.862539,2759808.811529,0.0
EastA509ToH6.193,3474.0,770_0,0.0,0.0,0.0,6264.0,522_0,56.88,13.41,2790.0,1483.54,2496.0,20,0.0,2678.94,0,tripinfo_EastA509ToH6.193 emissions_EastA509ToH6.193,electric,0.97,0.0,0.0,0.0,0.0,0.0,0.0,0.0
WestA509ToAvebury.183,3294.0,773_0,0.0,0.0,0.0,6278.0,213_0,19.13,9.45,2984.0,2291.39,2446.0,35,0.0,2677.19,0,tripinfo_WestA509ToAvebury.183 emissions_WestA509ToAvebury.183,electric,0.73,0.0,0.0,0.0,0.0,0.0,0.0,0.0
EastSilburyToEastAvebury.83,1887.0,317_0,0.0,0.0,159.0,6305.0,213_0,19.13,13.92,4418.0,619.54,4191.0,43,0.0,4373.3,0,tripinfo_EastSilburyToEastAvebury.83 emissions_EastSilburyToEastAvebury.83,gasoline_euro4,1.01,715219.67421,11584568.561817,3528.668648,289.276912,5305.22288,3695188.534495,0.0
EastSilburyToEastAvebury.84,1968.0,317_0,0.0,0.0,224.0,6309.0,213_0,19.13,9.94,4341.0,680.87,4088.0,34,0.0,4279.06,0,tripinfo_EastSilburyToEastAvebury.84 emissions_EastSilburyToEastAvebury.84,electric,0.81,0.0,0.0,0.0,0.0,0.0,0.0,0.0
EastSilburyToEastAvebury.88,2050.0,317_0,0.0,0.0,242.0,6319.0,213_0,19.13,14.02,4269.0,680.87,4029.0,35,0.0,4219.85,0,tripinfo_EastSilburyToEastAvebury.88 emissions_EastSilburyToEastAvebury.88,gasoline_euro4,1.02,690046.18278,11182851.229659,3404.588023,278.972732,5119.50328,3567050.801023,0.0
EastA509ToH6.163,2934.0,770_0,0.0,0.0,0.0,6344.0,522_0,56.88,13.59,3410.0,1483.69,3153.0,27,0.0,3309.42,0,tripinfo_EastA509ToH6.163 emissions_EastA509ToH6.163,electric,1.07,0.0,0.0,0.0,0.0,0.0,0.0,0.0
EastA509ToH6.151,2718.0,770_0,0.0,0.0,0.0,6348.0,522_0,56.88,12.74,3630.0,1470.44,3390.0,19,0.0,3521.86,0,tripinfo_EastA509ToH6.151 emissions_EastA509ToH6.151,gasoline_euro4,0.98,578204.061514,9558704.89974,2857.01323,236.501509,4361.834018,3048983.531124,0.0
EastA509ToH6.150,2700.0,770_0,0.0,0.0,0.0,6357.0,522_1,56.88,12.91,3657.0,1483.8,3401.0,18,0.0,3542.02,0,tripinfo_EastA509ToH6.150 emissions_EastA509ToH6.150,electric,0.93,0.0,0.0,0.0,0.0,0.0,0.0,0.0
EastA509ToH6.157,2826.0,770_0,0.0,0.0,0.0,6359.0,522_0,56.88,9.98,3533.0,1483.64,3262.0,23,0.0,3398.9,0,tripinfo_EastA509ToH6.157 emissions_EastA509ToH6.157,gasoline_euro4,0.8,558284.73273,9227012.005848,2758.606744,227.679819,4207.915149,2943182.653139,0.0
EastSilburyToEastAvebury.69,1516.0,317_0,0.0,0.0,12.0,6394.0,213_0,19.13,12.39,4878.0,632.46,4509.0,47,0.0,4788.72,0,tripinfo_EastSilburyToEastAvebury.69 emissions_EastSilburyToEastAvebury.69,gasoline_euro4,0.96,780160.042623,12579891.010509,3847.733262,314.292754,5762.387902,4012673.604318,0.0
WestA509ToAvebury.165,2970.0,773_0,0.0,0.0,0.0,6396.0,213_0,19.13,14.24,3426.0,2275.81,2919.0,42,0.0,3268.83,0,tripinfo_WestA509ToAvebury.165 emissions_WestA509ToAvebury.165,gasoline_euro4,1.05,525867.638802,8918088.066298,2603.422038,217.956879,4053.153229,2844637.386852,0.0
WestA509ToAvebury.166,2991.0,773_0,0.0,0.0,3.0,6398.0,213_0,19.13,12.97,3407.0,2322.44,2867.0,44,0.0,3233.12,0,tripinfo_WestA509ToAvebury.166 emissions_WestA509ToAvebury.166,electric,0.97,0.0,0.0,0.0,0.0,0.0,0.0,0.0
WestA509ToAvebury.194,3495.0,773_0,0.0,0.0,3.0,6401.0,213_0,19.13,12.88,2906.0,2327.58,2442.0,37,0.0,2730.57,0,tripinfo_WestA509ToAvebury.194 emissions_WestA509ToAvebury.194,gasoline_euro4,0.97,441275.274168,7575149.297619,2186.734091,184.274451,3437.434278,2416272.49803,0.0
WestA509ToAvebury.178,3207.0,773_0,0.0,0.0,3.0,6403.0,213_0,19.13,13.78,3196.0,2311.23,2697.0,40,0.0,3039.22,0,tripinfo_WestA509ToAvebury.178 emissions_WestA509ToAvebury.178,gasoline_euro4,1.07,488553.576806,8312116.094015,2419.197168,202.909023,3775.33855,2651347.422408,0.0
WestA509ToAvebury.171,3078.0,773_0,0.0,0.0,0.0,6405.0,213_0,19.13,12.89,3327.0,2322.44,2781.0,44,0.0,3160.8,0,tripinfo_WestA509ToAvebury.171 emissions_WestA509ToAvebury.171,gasoline_euro4,1.02,507243.322079,8645463.378756,2512.19449,211.031894,3928.277177,2757675.833704,0.0
EastSilburyToEastAvebury.59,1344.0,317_0,0.0,0.0,0.0,6407.0,213_0,19.13,15.33,5063.0,680.89,4755.0,44,0.0,5018.05,0,tripinfo_EastSilburyToEastAvebury.59 emissions_EastSilburyToEastAvebury.59,electric,1.13,0.0,0.0,0.0,0.0,0.0,0.0,0.0
WestA509ToAvebury.177,3186.0,773_0,0.0,0.0,0.0,6481.0,213_0,19.13,13.68,3295.0,2322.44,2765.0,39,0.0,3124.27,0,tripinfo_WestA509ToAvebury.177 emissions_WestA509ToAvebury.177,gasoline_euro4,0.99,504047.313421,8604375.10421,2496.519906,209.589523,3906.513708,2744569.773179,0.0
EastSilburyToEastAvebury.61,1376.0,317_0,0.0,0.0,0.0,6483.0,213_0,19.13,13.28,5107.0,642.19,4839.0,43,0.0,5060.55,0,tripinfo_EastSilburyToEastAvebury.61 emissions_EastSilburyToEastAvebury.61,electric,1.0,0.0,0.0,0.0,0.0,0.0,0.0,0.0
EastSilburyToEastAvebury.75,1691.0,317_0,0.0,0.0,91.0,6486.0,213_0,19.13,13.03,4795.0,658.22,4502.0,34,0.0,4713.69,0,tripinfo_EastSilburyToEastAvebury.75 emissions_EastSilburyToEastAvebury.75,gasoline_euro4,0.95,769753.110997,12429288.859636,3796.614054,310.324314,5690.889538,3964634.867761,0.0
WestA509ToAvebury.176,3171.0,773_0,0.0,0.0,3.0,6488.0,213_0,19.13,14.38,3317.0,2322.44,2795.0,37,0.0,3159.88,0,tripinfo_WestA509ToAvebury.176 emissions_WestA509ToAvebury.176,electric,1.08,0.0,0.0,0.0,0.0,0.0,0.0,0.0
EastSilburyToEastAvebury.82,1882.0,317_0,0.0,0.0,170.0,6489.0,213_0,19.13,16.41,4607.0,680.87,4348.0,36,0.0,4567.52,0,tripinfo_EastSilburyToEastAvebury.82 emissions_EastSilburyToEastAvebury.82,electric,1.27,0.0,0.0,0.0,0.0,0.0,0.0,0.0
WestA509ToAvebury.180,3243.0,773_0,0.0,0.0,3.0,6492.0,213_0,19.13,13.18,3249.0,2322.44,2771.0,37,0.0,3084.96,0,tripinfo_WestA509ToAvebury.180 emissions_WestA509ToAvebury.180,gasoline_euro4,1.03,497324.057809,8514226.416653,2463.916135,207.567925,3866.484096,2715813.59847,0.0
WestA509ToAvebury.184,3315.0,773_0,0.0,0.0,3.0,6497.0,213_0,19.13,11.75,3182.0,2322.44,2696.0,37,0.0,2983.55,0,tripinfo_WestA509ToAvebury.184 emissions_WestA509ToAvebury.184,electric,0.85,0.0,0.0,0.0,0.0,0.0,0.0,0.0
WestA509ToAvebury.186,3348.0,773_0,0.0,0.0,0.0,6568.0,213_0,19.13,15.0,3220.0,2322.44,2739.0,36,0.0,3067.45,0,tripinfo_WestA509ToAvebury.186 emissions_WestA509ToAvebury.186,gasoline_euro4,1.11,493058.03545,8425402.362182,2442.345308,205.358577,3825.922343,2687481.679621,0.0
WestA509ToAvebury.193,3474.0,773_0,0.0,0.0,0.0,6570.0,213_0,19.13,14.96,3096.0,2322.44,2622.0,34,0.0,2940.4,0,tripinfo_WestA509ToAvebury.193 emissions_WestA509ToAvebury.193,gasoline_euro4,1.09,473107.13043,8111537.490935,2344.17119,197.741682,3683.652593,2587365.987287,0.0
EastSilburyToEastAvebury.90,2360.0,317_0,0.0,0.0,520.0,6573.0,213_0,19.13,13.75,4213.0,680.87,3953.0,37,0.0,4164.02,0,tripinfo_EastSilburyToEastAvebury.90 emissions_EastSilburyToEastAvebury.90,gasoline_euro4,1.03,679744.193044,11016067.362286,3353.628581,274.790663,5042.438928,3513850.930584,0.0
WestA509ToAvebury.198,3564.0,773_0,0.0,0.0,0.0,6577.0,213_0,19.13,11.61,3013.0,2322.44,2498.0,35,0.0,2814.96,0,tripinfo_WestA509ToAvebury.198 emissions_WestA509ToAvebury.198,gasoline_euro4,0.85,454982.422717,7798233.633078,2254.593032,189.512586,3539.445214,2487431.070688,0.0
EastSilburyToEastAvebury.94,3375.0,317_0,0.0,0.0,1471.0,6579.0,213_0,19.13,15.78,3204.0,680.87,2987.0,29,0.0,3161.55,0,tripinfo_EastSilburyToEastAvebury.94 emissions_EastSilburyToEastAvebury.94,electric,1.2,0.0,0.0,0.0,0.0,0.0,0.0,0.0
EastSilburyToEastAvebury.62,1392.0,317_0,0.0,0.0,0.0,6581.0,213_0,19.13,15.07,5189.0,680.89,4926.0,38,0.0,5142.03,0,tripinfo_EastSilburyToEastAvebury.62 emissions_EastSilburyToEastAvebury.62,gasoline_euro4,1.09,839473.147551,13591482.640434,4141.650621,339.468658,6224.786305,4335344.239525,0.0
EastSilburyToEastAvebury.85,1973.0,317_0,0.0,0.0,213.0,6584.0,213_0,19.13,14.44,4611.0,680.87,4352.0,41,0.0,4562.25,0,tripinfo_EastSilburyToEastAvebury.85 emissions_EastSilburyToEastAvebury.85,electric,1.04,0.0,0.0,0.0,0.0,0.0,0.0,0.0
EastSilburyToEastAvebury.87,2047.0,317_0,0.0,0.0,255.0,6657.0,213_0,19.13,12.97,4610.0,680.87,4340.0,41,0.0,4558.34,0,tripinfo_EastSilburyToEastAvebury.87 emissions_EastSilburyToEastAvebury.87,gasoline_euro4,0.97,743937.734666,12039621.278759,3669.967231,300.343802,5511.368069,3840339.753281,0.0
EastSilburyToEastAvebury.63,1408.0,317_0,0.0,0.0,0.0,6660.0,213_0,19.13,11.92,5252.0,680.89,4973.0,46,0.0,5196.55,0,tripinfo_EastSilburyToEastAvebury.63 emissions_EastSilburyToEastAvebury.63,gasoline_euro4,0.91,848593.608453,13709167.79911,4185.826402,342.430979,6278.941548,4372884.012659,0.0
EastSilburyToEastAvebury.91,2698.0,317_0,0.0,0.0,842.0,6662.0,213_0,19.13,14.06,3964.0,680.87,3692.0,43,0.0,3917.64,0,tripinfo_EastSilburyToEastAvebury.91 emissions_EastSilburyToEastAvebury.91,electric,1.09,0.0,0.0,0.0,0.0,0.0,0.0,0.0
EastSilburyToEastAvebury.100,4507.0,317_0,0.0,0.0,2507.0,6663.0,213_0,19.13,14.9,2156.0,680.87,1948.0,30,0.0,2110.36,0,tripinfo_EastSilburyToEastAvebury.100 emissions_EastSilburyToEastAvebury.100,electric,1.1,0.0,0.0,0.0,0.0,0.0,0.0,0.0
EastSilburyToEastAvebury.98,4157.0,317_0,0.0,0.0,2189.0,6665.0,213_0,19.13,15.13,2508.0,680.87,2260.0,32,0.0,2462.91,0,tripinfo_EastSilburyToEastAvebury.98 emissions_EastSilburyToEastAvebury.98,electric,1.12,0.0,0.0,0.0,0.0,0.0,0.0,0.0
EastSilburyToEastAvebury.101,4770.0,317_0,0.0,0.0,2754.0,6670.0,213_0,19.13,11.56,1900.0,680.87,1695.0,22,0.0,1841.31,0,tripinfo_EastSilburyToEastAvebury.101 emissions_EastSilburyToEastAvebury.101,electric,0.86,0.0,0.0,0.0,0.0,0.0,0.0,0.0
EastSilburyToEastAvebury.65,1440.0,317_0,0.0,0.0,0.0,6672.0,213_0,19.13,14.22,5232.0,680.89,4928.0,50,0.0,5186.94,0,tripinfo_EastSilburyToEastAvebury.65 emissions_EastSilburyToEastAvebury.65,electric,1.12,0.0,0.0,0.0,0.0,0.0,0.0,0.0
EastSilburyToEastAvebury.103,4861.0,317_0,0.0,0.0,2813.0,6744.0,213_0,19.13,16.68,1883.0,680.87,1666.0,22,0.0,1840.95,0,tripinfo_EastSilburyToEastAvebury.103 emissions_EastSilburyToEastAvebury.103,gasoline_euro4,1.21,296392.960025,4924751.395663,1465.112896,121.783206,2247.953141,1570869.345723,0.0
EastSilburyToEastAvebury.66,1456.0,317_0,0.0,0.0,0.0,6747.0,213_0,19.13,13.77,5291.0,680.89,4975.0,49,0.0,5242.13,0,tripinfo_EastSilburyToEastAvebury.66 emissions_EastSilburyToEastAvebury.66,electric,1.04,0.0,0.0,0.0,0.0,0.0,0.0,0.0
EastSilburyToEastAvebury.95,3378.0,317_0,0.0,0.0,1458.0,6752.0,213_0,19.13,10.06,3374.0,680.87,3103.0,40,0.0,3308.2,0,tripinfo_EastSilburyToEastAvebury.95 emissions_EastSilburyToEastAvebury.95,gasoline_euro4,0.77,539673.822591,8760339.897995,2662.993349,218.151508,4008.586778,2794329.902373,0.0
EastSilburyToEastAvebury.92,3012.0,317_0,0.0,0.0,1140.0,6754.0,213_0,19.13,11.41,3742.0,680.87,3440.0,39,0.0,3682.4,0,tripinfo_EastSilburyToEastAvebury.92 emissions_EastSilburyToEastAvebury.92,electric,0.85,0.0,0.0,0.0,0.0,0.0,0.0,0.0
EastSilburyToEastAvebury.67,1472.0,317_0,0.0,0.0,0.0,6755.0,213_0,19.13,12.89,5283.0,680.89,4956.0,43,0.0,5238.72,0,tripinfo_EastSilburyToEastAvebury.67 emissions_EastSilburyToEastAvebury.67,electric,1.14,0.0,0.0,0.0,0.0,0.0,0.0,0.0
EastSilburyToEastAvebury.81,1879.0,317_0,0.0,0.0,183.0,6757.0,213_0,19.13,14.44,4878.0,680.87,4562.0,43,0.0,4830.6,0,tripinfo_EastSilburyToEastAvebury.81 emissions_EastSilburyToEastAvebury.81,gasoline_euro4,1.07,786614.811668,12723434.680816,3880.437828,317.559362,5825.928322,4058459.286175,0.0
EastSilburyToEastAvebury.68,1488.0,317_0,0.0,0.0,0.0,6759.0,213_0,19.13,12.96,5271.0,680.89,4929.0,43,0.0,5218.01,0,tripinfo_EastSilburyToEastAvebury.68 emissions_EastSilburyToEastAvebury.68,electric,0.95,0.0,0.0,0.0,0.0,0.0,0.0,0.0
EastSilburyToEastAvebury.70,1528.0,317_0,0.0,0.0,8.0,6764.0,213_0,19.13,10.19,5236.0,680.89,4895.0,44,0.0,5169.85,0,tripinfo_EastSilburyToEastAvebury.70 emissions_EastSilburyToEastAvebury.70,electric,0.76,0.0,0.0,0.0,0.0,0.0,0.0,0.0
EastSilburyToEastAvebury.72,1612.0,317_0,0.0,0.0,60.0,6833.0,213_0,19.13,14.29,5221.0,680.92,4890.0,41,0.0,5174.65,0,tripinfo_EastSilburyToEastAvebury.72 emissions_EastSilburyToEastAvebury.72,gasoline_euro4,1.1,842049.951653,13614362.385069,4153.804033,339.920891,6234.794921,4342643.148256,0.0
EastSilburyToEastAvebury.71,1536.0,317_0,0.0,0.0,0.0,6835.0,213_0,19.13,13.75,5299.0,680.89,4966.0,39,0.0,5249.79,0,tripinfo_EastSilburyToEastAvebury.71 emissions_EastSilburyToEastAvebury.71,gasoline_euro4,1.03,855992.208896,13842417.650432,4222.555451,345.570765,6338.923701,4415387.041579,0.0
EastSilburyToEastAvebury.96,3754.0,317_0,0.0,0.0,1818.0,6838.0,213_0,19.13,12.88,3084.0,680.92,2824.0,26,0.0,3032.57,0,tripinfo_EastSilburyToEastAvebury.96 emissions_EastSilburyToEastAvebury.96,electric,0.99,0.0,0.0,0.0,0.0,0.0,0.0,0.0
EastSilburyToEastAvebury.73,1616.0,317_0,0.0,0.0,48.0,6840.0,213_0,19.13,13.34,5224.0,680.89,4890.0,39,0.0,5173.24,0,tripinfo_EastSilburyToEastAvebury.73 emissions_EastSilburyToEastAvebury.73,gasoline_euro4,1.0,842019.856711,13610936.122935,4153.580601,339.763434,6233.007956,4341550.439115,0.0
EastSilburyToEastAvebury.76,1695.0,317_0,0.0,0.0,79.0,6845.0,213_0,19.13,10.6,5150.0,680.89,4819.0,41,0.0,5087.31,0,tripinfo_EastSilburyToEastAvebury.76 emissions_EastSilburyToEastAvebury.76,electric,0.81,0.0,0.0,0.0,0.0,0.0,0.0,0.0
EastSilburyToEastAvebury.79,1780.0,317_0,0.0,0.0,116.0,6847.0,213_0,19.13,12.84,5067.0,680.89,4731.0,42,0.0,5019.47,0,tripinfo_EastSilburyToEastAvebury.79 emissions_EastSilburyToEastAvebury.79,electric,1.07,0.0,0.0,0.0,0.0,0.0,0.0,0.0
EastSilburyToEastAvebury.93,3319.0,317_0,0.0,0.0,1431.0,6849.0,213_0,19.13,11.69,3530.0,680.92,3248.0,41,0.0,3470.18,0,tripinfo_EastSilburyToEastAvebury.93 emissions_EastSilburyToEastAvebury.93,gasoline_euro4,0.85,565254.628595,9209642.968703,2790.022585,229.056829,4212.63196,2937645.346871,0.0
EastSilburyToEastAvebury.86,2044.0,317_0,0.0,0.0,268.0,6922.0,213_0,19.13,12.75,4878.0,680.89,4556.0,44,0.0,4824.61,0,tripinfo_EastSilburyToEastAvebury.86 emissions_EastSilburyToEastAvebury.86,electric,0.95,0.0,0.0,0.0,0.0,0.0,0.0,0.0
EastSilburyToEastAvebury.97,3892.0,317_0,0.0,0.0,1940.0,6923.0,213_0,19.13,14.13,3031.0,680.89,2732.0,34,0.0,2985.96,0,tripinfo_EastSilburyToEastAvebury.97 emissions_EastSilburyToEastAvebury.97,gasoline_euro4,1.12,482533.62709,7894056.464955,2382.494803,196.144352,3610.186945,2518005.13123,0.0
EastSilburyToEastAvebury.99,4462.0,317_0,0.0,0.0,2478.0,6925.0,213_0,19.13,15.42,2463.0,680.89,2172.0,31,0.0,2419.98,0,tripinfo_EastSilburyToEastAvebury.99 emissions_EastSilburyToEastAvebury.99,electric,1.18,0.0,0.0,0.0,0.0,0.0,0.0,0.0
EastSilburyToEastAvebury.102,4775.0,317_0,0.0,0.0,2743.0,6927.0,213_0,19.13,15.67,2152.0,680.89,1901.0,23,0.0,2107.07,0,tripinfo_EastSilburyToEastAvebury.102 emissions_EastSilburyToEastAvebury.102,gasoline_euro4,1.14,338683.118189,5592312.534872,1673.455658,138.50694,2554.856583,1783805.294276,0.0
