id,depart,departLane,departPos,departSpeed,departDelay,arrival,arrivalLane,arrivalPos,arrivalSpeed,duration,routeLength,waitingTime,waitingCount,stopTime,timeLoss,rerouteNo,devices,vType,speedFactor,CO_abs,CO2_abs,HC_abs,PMx_abs,NOx_abs,fuel_abs,electricity_abs
V6ToEastH6.0,0.0,468_1,0.0,0.0,0.0,116.0,522_1,56.88,13.94,116.0,1512.23,0.0,0,0.0,12.51,0,tripinfo_V6ToEastH6.0 emissions_V6ToEastH6.0,gasoline_euro4,1.06,3639.017354,358006.379927,24.130806,5.424119,136.957078,114187.545116,0.0
V6ToEastH6.1,12.0,468_1,0.0,0.0,0.0,147.0,522_0,56.88,11.51,135.0,1512.23,0.0,0,0.0,11.68,0,tripinfo_V6ToEastH6.1 emissions_V6ToEastH6.1,electric,0.89,0.0,0.0,0.0,0.0,0.0,0.0,0.0
V6ToEastH6.2,24.0,468_1,0.0,0.0,0.0,148.0,522_1,56.88,13.99,124.0,1512.23,0.0,0,0.0,17.91,0,tripinfo_V6ToEastH6.2 emissions_V6ToEastH6.2,electric,1.03,0.0,0.0,0.0,0.0,0.0,0.0,0.0
V6ToEastH6.3,36.0,468_1,0.0,0.0,0.0,166.0,522_1,56.88,11.95,130.0,1512.23,0.0,0,0.0,13.05,0,tripinfo_V6ToEastH6.3 emissions_V6ToEastH6.3,electric,0.94,0.0,0.0,0.0,0.0,0.0,0.0,0.0
V6ToEastH6.4,48.0,468_1,0.0,0.0,0.0,172.0,522_1,56.88,14.13,124.0,1512.23,0.0,0,0.0,16.62,0,tripinfo_V6ToEastH6.4 emissions_V6ToEastH6.4,gasoline_euro4,1.02,4500.874402,383242.906291,28.960441,6.12146,150.351336,122236.814679,0.0
EastA509ToH6.0,0.0,770_0,0.0,0.0,0.0,177.0,522_0,56.88,14.29,177.0,1483.75,55.0,2,0.0,78.0,0,tripinfo_EastA509ToH6.0 emissions_EastA509ToH6.0,electric,1.08,0.0,0.0,0.0,0.0,0.0,0.0,0.0
SouthEvansGateToSilbury.1,18.0,526_0,0.0,0.0,0.0,177.0,215_1,19.43,14.48,159.0,1477.52,44.0,1,0.0,60.46,0,tripinfo_SouthEvansGateToSilbury.1 emissions_SouthEvansGateToSilbury.1,electric,1.09,0.0,0.0,0.0,0.0,0.0,0.0,0.0
V6ToEastH6.7,84.0,468_1,0.0,0.0,0.0,196.0,522_0,56.88,16.02,112.0,1512.23,0.0,0,0.0,18.87,0,tripinfo_V6ToEastH6.7 emissions_V6ToEastH6.7,gasoline_euro4,1.17,4853.90209,393357.673112,30.616818,6.834959,156.602089,125462.448086,0.0
V6ToEastH6.5,60.0,468_1,0.0,0.0,0.0,197.0,522_0,56.88,11.35,137.0,1512.23,0.0,0,0.0,12.01,0,tripinfo_V6ToEastH6.5 emissions_V6ToEastH6.5,gasoline_euro4,0.87,3973.953325,339911.232665,25.762667,4.797216,129.927303,108416.737982,0.0
V6ToEastH6.6,72.0,468_1,0.0,0.0,0.0,202.0,522_1,56.88,11.69,130.0,1512.23,0.0,0,0.0,12.69,0,tripinfo_V6ToEastH6.6 emissions_V6ToEastH6.6,electric,0.93,0.0,0.0,0.0,0.0,0.0,0.0,0.0
V6ToEastH6.8,96.0,468_1,0.0,0.0,0.0,212.0,522_1,56.88,14.11,116.0,1512.23,0.0,0,0.0,16.4,0,tripinfo_V6ToEastH6.8 emissions_V6ToEastH6.8,electric,1.1,0.0,0.0,0.0,0.0,0.0,0.0,0.0
V6ToEastH6.9,108.0,468_1,0.0,0.0,0.0,229.0,522_1,56.88,13.57,121.0,1512.23,0.0,0,0.0,14.87,0,tripinfo_V6ToEastH6.9 emissions_V6ToEastH6.9,gasoline_euro4,1.03,4022.717858,361794.650661,26.142851,5.556472,139.348115,115395.964522,0.0
V6ToEastH6.10,120.0,468_1,0.0,0.0,0.0,237.0,522_1,56.88,14.35,117.0,1512.23,0.0,0,0.0,16.26,0,tripinfo_V6ToEastH6.10 emissions_V6ToEastH6.10,electric,1.09,0.0,0.0,0.0,0.0,0.0,0.0,0.0
V6ToEastH6.11,132.0,468_1,0.0,0.0,0.0,241.0,522_1,56.88,15.63,109.0,1512.23,0.0,0,0.0,14.98,0,tripinfo_V6ToEastH6.11 emissions_V6ToEastH6.11,gasoline_euro4,1.17,4479.511414,397705.291133,28.894646,6.600264,155.585067,126849.259703,0.0
SouthEvansGateToSilbury.2,36.0,526_0,0.0,0.0,0.0,257.0,215_1,19.43,12.88,221.0,1477.55,80.0,3,0.0,107.22,0,tripinfo_SouthEvansGateToSilbury.2 emissions_SouthEvansGateToSilbury.2,electric,0.94,0.0,0.0,0.0,0.0,0.0,0.0,0.0
SouthEvansGateToSilbury.0,0.0,526_0,0.0,0.0,0.0,259.0,215_1,19.43,13.21,259.0,1477.59,123.0,2,0.0,154.61,0,tripinfo_SouthEvansGateToSilbury.0 emissions_SouthEvansGateToSilbury.0,electric,1.03,0.0,0.0,0.0,0.0,0.0,0.0,0.0
WestH6ToSaxonSt.2,24.0,524_0,0.0,0.0,0.0,269.0,771_0,56.88,13.85,245.0,2608.48,37.0,1,0.0,62.83,0,tripinfo_WestH6ToSaxonSt.2 emissions_WestH6ToSaxonSt.2,electric,1.05,0.0,0.0,0.0,0.0,0.0,0.0,0.0
EastA509ToH6.1,18.0,770_0,0.0,0.0,0.0,270.0,522_0,56.88,11.88,252.0,1483.75,115.0,2,0.0,137.81,0,tripinfo_EastA509ToH6.1 emissions_EastA509ToH6.1,gasoline_euro4,0.94,23995.575646,675760.052954,124.57702,13.27612,283.96158,215543.560886,0.0
WestA509ToAvebury.2,36.0,773_0,0.0,0.0,0.0,277.0,213_0,19.13,15.39,241.0,2337.27,58.0,2,0.0,89.7,0,tripinfo_WestA509ToAvebury.2 emissions_WestA509ToAvebury.2,gasoline_euro4,1.12,16697.862266,738895.453722,91.980871,13.27805,298.007045,235676.947923,0.0
SouthEvansGateToSilbury.4,72.0,526_0,0.0,0.0,0.0,277.0,215_1,19.43,16.08,205.0,1471.7,87.0,3,0.0,114.43,0,tripinfo_SouthEvansGateToSilbury.4 emissions_SouthEvansGateToSilbury.4,gasoline_euro4,1.18,20428.319016,662097.648747,108.025316,13.322379,277.863208,211183.484105,0.0
WestA509ToEastH6.0,3.0,773_0,0.0,0.0,3.0,282.0,522_1,56.88,12.93,279.0,2762.5,45.0,2,0.0,80.57,0,tripinfo_WestA509ToEastH6.0 emissions_WestA509ToEastH6.0,electric,1.01,0.0,0.0,0.0,0.0,0.0,0.0,0.0
V6ToEastH6.12,144.0,468_1,0.0,0.0,0.0,287.0,522_1,56.88,11.65,143.0,1512.23,2.0,1,0.0,21.22,0,tripinfo_V6ToEastH6.12 emissions_V6ToEastH6.12,electric,0.9,0.0,0.0,0.0,0.0,0.0,0.0,0.0
V6ToEastH6.13,156.0,468_1,0.0,0.0,0.0,288.0,522_1,56.88,14.2,132.0,1512.23,0.0,0,0.0,25.54,0,tripinfo_V6ToEastH6.13 emissions_V6ToEastH6.13,gasoline_euro4,1.02,5331.127417,404466.731131,33.25896,6.668988,160.857611,129006.3184,0.0
V6ToEastH6.14,168.0,468_1,0.0,0.0,0.0,300.0,522_1,56.88,11.97,132.0,1512.23,0.0,0,0.0,15.81,0,tripinfo_V6ToEastH6.14 emissions_V6ToEastH6.14,gasoline_euro4,0.94,4294.444085,361244.395146,27.722873,5.461386,140.309537,115220.699994,0.0
WestH6ToSaxonSt.3,36.0,524_0,0.0,0.0,0.0,310.0,771_1,56.88,12.93,274.0,2767.85,25.0,1,0.0,65.67,0,tripinfo_WestH6ToSaxonSt.3 emissions_WestH6ToSaxonSt.3,gasoline_euro4,0.99,14552.627578,830843.001615,85.036776,14.212454,334.329695,265002.484873,0.0
V6ToEastH6.15,180.0,468_1,0.0,0.0,0.0,312.0,522_1,56.88,11.84,132.0,1512.23,0.0,0,0.0,12.84,0,tripinfo_V6ToEastH6.15 emissions_V6ToEastH6.15,gasoline_euro4,0.91,3808.937146,349247.149586,24.872331,4.879877,132.227972,111394.407051,0.0
WestA509ToEastH6.1,36.0,773_1,0.0,0.0,0.0,320.0,522_1,56.88,12.41,284.0,3082.3,2.0,1,0.0,41.08,0,tripinfo_WestA509ToEastH6.1 emissions_WestA509ToEastH6.1,electric,0.93,0.0,0.0,0.0,0.0,0.0,0.0,0.0
V6ToEastH6.16,192.0,468_1,0.0,0.0,0.0,322.0,522_1,56.88,12.79,130.0,1512.23,0.0,0,0.0,17.86,0,tripinfo_V6ToEastH6.16 emissions_V6ToEastH6.16,gasoline_euro4,0.97,4556.097652,373708.164078,28.967404,5.843882,145.974125,119195.913565,0.0
WestA509ToAvebury.0,0.0,773_0,0.0,0.0,0.0,329.0,213_0,19.13,12.95,329.0,2288.83,120.0,2,0.0,151.4,0,tripinfo_WestA509ToAvebury.0 emissions_WestA509ToAvebury.0,electric,0.94,0.0,0.0,0.0,0.0,0.0,0.0,0.0
V6ToEastH6.17,204.0,468_1,0.0,0.0,0.0,332.0,522_1,56.88,12.88,128.0,1512.23,0.0,0,0.0,19.53,0,tripinfo_V6ToEastH6.17 emissions_V6ToEastH6.17,electric,1.01,0.0,0.0,0.0,0.0,0.0,0.0,0.0
V6ToEastH6.18,216.0,468_1,0.0,0.0,0.0,342.0,522_1,56.88,13.41,126.0,1512.23,0.0,0,0.0,13.53,0,tripinfo_V6ToEastH6.18 emissions_V6ToEastH6.18,gasoline_euro4,0.98,3959.934146,360130.589429,25.914772,5.36435,138.457524,114865.355236,0.0
WestA509ToEastH6.2,74.0,773_0,0.0,0.0,2.0,343.0,522_0,56.88,15.23,269.0,2754.97,53.0,3,0.0,95.25,0,tripinfo_WestA509ToEastH6.2 emissions_WestA509ToEastH6.2,gasoline_euro4,1.15,17046.923986,813536.682577,95.14911,14.156372,323.564936,259484.158853,0.0
SouthEvansGateToSilbury.7,126.0,526_0,0.0,0.0,0.0,345.0,215_1,19.43,11.19,219.0,1477.55,67.0,3,0.0,93.02,0,tripinfo_SouthEvansGateToSilbury.7 emissions_SouthEvansGateToSilbury.7,electric,0.85,0.0,0.0,0.0,0.0,0.0,0.0,0.0
WestH6ToSaxonSt.4,48.0,524_0,0.0,0.0,0.0,347.0,771_0,56.88,15.53,299.0,2607.22,90.0,2,0.0,134.34,0,tripinfo_WestH6ToSaxonSt.4 emissions_WestH6ToSaxonSt.4,electric,1.16,0.0,0.0,0.0,0.0,0.0,0.0,0.0
SouthEvansGateToSilbury.5,90.0,526_0,0.0,0.0,0.0,347.0,215_1,19.43,13.47,257.0,1477.59,117.0,2,0.0,146.47,0,tripinfo_SouthEvansGateToSilbury.5 emissions_SouthEvansGateToSilbury.5,electric,0.97,0.0,0.0,0.0,0.0,0.0,0.0,0.0
SouthEvansGateToSilbury.9,162.0,526_0,0.0,0.0,0.0,348.0,215_1,19.43,14.69,186.0,1477.59,59.0,2,0.0,90.38,0,tripinfo_SouthEvansGateToSilbury.9 emissions_SouthEvansGateToSilbury.9,electric,1.12,0.0,0.0,0.0,0.0,0.0,0.0,0.0
V6ToEastH6.19,228.0,468_1,0.0,0.0,0.0,351.0,522_1,56.88,13.85,123.0,1512.23,0.0,0,0.0,13.96,0,tripinfo_V6ToEastH6.19 emissions_V6ToEastH6.19,gasoline_euro4,1.01,4289.560804,377000.720294,27.948051,5.950411,147.186304,120245.875392,0.0
WestH6ToSaxonSt.1,12.0,524_0,0.0,0.0,0.0,353.0,771_0,56.88,14.41,341.0,2602.68,111.0,4,0.0,160.5,0,tripinfo_WestH6ToSaxonSt.1 emissions_WestH6ToSaxonSt.1,electric,1.05,0.0,0.0,0.0,0.0,0.0,0.0,0.0
V6ToEastH6.20,240.0,468_1,0.0,0.0,0.0,357.0,522_1,56.88,13.7,117.0,1512.23,0.0,0,0.0,13.66,0,tripinfo_V6ToEastH6.20 emissions_V6ToEastH6.20,electric,1.06,0.0,0.0,0.0,0.0,0.0,0.0,0.0
EastA509ToH6.2,36.0,770_0,0.0,0.0,0.0,365.0,522_0,56.88,11.43,329.0,1483.75,180.0,3,0.0,207.29,0,tripinfo_EastA509ToH6.2 emissions_EastA509ToH6.2,electric,0.88,0.0,0.0,0.0,0.0,0.0,0.0,0.0
WestA509ToAvebury.5,90.0,773_0,0.0,0.0,0.0,366.0,213_1,19.13,13.6,276.0,2337.28,71.0,3,0.0,104.68,0,tripinfo_WestA509ToAvebury.5 emissions_WestA509ToAvebury.5,gasoline_euro4,0.99,19063.464296,753853.330399,103.722936,13.669881,308.151769,240449.002395,0.0
SouthEvansGateToSilbury.3,54.0,526_0,0.0,0.0,0.0,367.0,215_1,19.43,12.94,313.0,1471.73,174.0,4,0.0,207.49,0,tripinfo_SouthEvansGateToSilbury.3 emissions_SouthEvansGateToSilbury.3,gasoline_euro4,1.01,35378.022442,882369.507373,181.215002,18.542496,379.119031,281445.796791,0.0
WestA509ToAvebury.3,54.0,773_0,0.0,0.0,0.0,367.0,213_0,19.13,12.71,313.0,2337.25,105.0,3,0.0,138.31,0,tripinfo_WestA509ToAvebury.3 emissions_WestA509ToAvebury.3,gasoline_euro4,0.97,24988.715396,864758.547782,133.028437,15.968722,355.275865,275824.972945,0.0
EastA509ToH6.3,54.0,770_0,0.0,0.0,0.0,367.0,522_0,56.88,11.59,313.0,1483.64,157.0,3,0.0,192.54,0,tripinfo_EastA509ToH6.3 emissions_EastA509ToH6.3,electric,0.89,0.0,0.0,0.0,0.0,0.0,0.0,0.0
EastA509ToH6.5,90.0,770_0,0.0,0.0,0.0,367.0,522_1,56.88,12.99,277.0,1483.64,127.0,2,0.0,171.46,0,tripinfo_EastA509ToH6.5 emissions_EastA509ToH6.5,gasoline_euro4,1.02,28768.973336,781449.389334,148.942253,16.188022,334.76694,249254.333817,0.0
WestH6ToSaxonSt.0,0.0,524_0,0.0,0.0,0.0,368.0,771_0,56.88,11.27,368.0,2613.57,102.0,3,0.0,137.82,0,tripinfo_WestH6ToSaxonSt.0 emissions_WestH6ToSaxonSt.0,electric,0.83,0.0,0.0,0.0,0.0,0.0,0.0,0.0
SouthEvansGateToSilbury.6,108.0,526_0,0.0,0.0,0.0,368.0,215_1,19.43,14.25,260.0,1471.7,128.0,4,0.0,158.43,0,tripinfo_SouthEvansGateToSilbury.6 emissions_SouthEvansGateToSilbury.6,gasoline_euro4,1.04,27487.253806,746295.289604,142.373154,15.510787,318.857064,238041.480937,0.0
EastA509ToH6.4,72.0,770_0,0.0,0.0,0.0,369.0,522_0,56.88,14.66,297.0,1483.75,146.0,3,0.0,201.88,0,tripinfo_EastA509ToH6.4 emissions_EastA509ToH6.4,electric,1.13,0.0,0.0,0.0,0.0,0.0,0.0,0.0
EastA509ToH6.6,108.0,770_0,0.0,0.0,0.0,370.0,522_1,56.88,14.01,262.0,1483.8,115.0,3,0.0,163.35,0,tripinfo_EastA509ToH6.6 emissions_EastA509ToH6.6,electric,1.09,0.0,0.0,0.0,0.0,0.0,0.0,0.0
V6ToEastH6.21,252.0,468_1,0.0,0.0,0.0,382.0,522_1,56.88,12.89,130.0,1512.23,0.0,0,0.0,15.33,0,tripinfo_V6ToEastH6.21 emissions_V6ToEastH6.21,gasoline_euro4,0.96,4126.235243,367478.981836,26.868776,5.389384,140.928755,117209.315411,0.0
V6ToEastH6.22,264.0,468_1,0.0,0.0,0.0,387.0,522_1,56.88,13.64,123.0,1512.23,0.0,0,0.0,15.02,0,tripinfo_V6ToEastH6.22 emissions_V6ToEastH6.22,gasoline_euro4,1.01,4022.23866,370641.789245,26.308256,5.606079,142.510309,118217.818095,0.0
V6ToEastH6.23,276.0,468_1,0.0,0.0,0.0,389.0,522_1,56.88,14.92,113.0,1512.23,0.0,0,0.0,13.84,0,tripinfo_V6ToEastH6.23 emissions_V6ToEastH6.23,gasoline_euro4,1.1,4231.687112,372832.442093,27.453389,6.107399,146.040704,118916.131989,0.0
WestH6ToSaxonSt.8,96.0,524_0,0.0,0.0,0.0,397.0,771_1,56.88,16.21,301.0,2574.97,97.0,5,0.0,140.59,0,tripinfo_WestH6ToSaxonSt.8 emissions_WestH6ToSaxonSt.8,gasoline_euro4,1.18,25819.794955,976253.731549,139.53736,18.968238,404.523986,311385.192587,0.0
WestH6ToSaxonSt.7,84.0,524_0,0.0,0.0,0.0,404.0,771_1,56.88,13.49,320.0,2767.85,61.0,4,0.0,113.74,0,tripinfo_WestH6ToSaxonSt.7 emissions_WestH6ToSaxonSt.7,gasoline_euro4,1.01,22329.508891,967007.362223,123.846837,17.925031,399.27821,308434.736534,0.0
WestH6ToSaxonSt.10,120.0,524_0,0.0,0.0,0.0,406.0,771_1,56.88,13.69,286.0,2767.88,24.0,4,0.0,78.54,0,tripinfo_WestH6ToSaxonSt.10 emissions_WestH6ToSaxonSt.10,gasoline_euro4,1.0,15948.027225,875459.479621,92.085606,14.887649,351.583171,279233.643867,0.0
WestA509ToEastH6.3,108.0,773_1,0.0,0.0,0.0,410.0,522_1,56.88,11.5,302.0,3082.3,13.0,1,0.0,52.03,0,tripinfo_WestA509ToEastH6.3 emissions_WestA509ToEastH6.3,electric,0.9,0.0,0.0,0.0,0.0,0.0,0.0,0.0
V6ToEastH6.24,288.0,468_1,0.0,0.0,0.0,412.0,522_1,56.88,13.4,124.0,1512.23,0.0,0,0.0,14.89,0,tripinfo_V6ToEastH6.24 emissions_V6ToEastH6.24,electric,1.0,0.0,0.0,0.0,0.0,0.0,0.0,0.0
WestH6ToSaxonSt.11,132.0,524_0,0.0,0.0,0.0,415.0,771_1,56.88,11.79,283.0,2574.94,19.0,2,0.0,62.24,0,tripinfo_WestH6ToSaxonSt.11 emissions_WestH6ToSaxonSt.11,gasoline_euro4,0.85,13433.654476,707492.82744,77.410651,11.247838,280.550748,225660.81807,0.0
V6ToEastH6.25,300.0,468_1,0.0,0.0,0.0,419.0,522_1,56.88,13.76,119.0,1512.23,0.0,0,0.0,12.62,0,tripinfo_V6ToEastH6.25 emissions_V6ToEastH6.25,gasoline_euro4,1.03,3732.932593,357520.115009,24.650396,5.343965,136.509558,114032.602344,0.0
WestA509ToAvebury.1,18.0,773_0,0.0,0.0,0.0,422.0,213_0,19.13,11.3,404.0,2288.7,172.0,5,0.0,210.58,0,tripinfo_WestA509ToAvebury.1 emissions_WestA509ToAvebury.1,electric,0.86,0.0,0.0,0.0,0.0,0.0,0.0,0.0
SouthEvansGateToSilbury.10,180.0,526_0,0.0,0.0,0.0,432.0,215_1,19.43,13.36,252.0,1477.59,120.0,3,0.0,147.24,0,tripinfo_SouthEvansGateToSilbury.10 emissions_SouthEvansGateToSilbury.10,electric,1.02,0.0,0.0,0.0,0.0,0.0,0.0,0.0
V6ToEastH6.26,312.0,468_1,0.0,0.0,0.0,432.0,522_1,56.88,13.68,120.0,1512.23,0.0,0,0.0,13.61,0,tripinfo_V6ToEastH6.26 emissions_V6ToEastH6.26,electric,1.03,0.0,0.0,0.0,0.0,0.0,0.0,0.0
SouthEvansGateToSilbury.11,198.0,526_0,0.0,0.0,0.0,434.0,215_1,19.43,13.27,236.0,1477.55,96.0,3,0.0,127.44,0,tripinfo_SouthEvansGateToSilbury.11 emissions_SouthEvansGateToSilbury.11,electric,0.98,0.0,0.0,0.0,0.0,0.0,0.0,0.0
SouthEvansGateToSilbury.13,234.0,526_0,0.0,0.0,0.0,437.0,215_1,19.43,11.34,203.0,1477.62,55.0,2,0.0,83.34,0,tripinfo_SouthEvansGateToSilbury.13 emissions_SouthEvansGateToSilbury.13,electric,0.89,0.0,0.0,0.0,0.0,0.0,0.0,0.0
SouthEvansGateToSilbury.12,216.0,526_0,0.0,0.0,0.0,439.0,215_1,19.43,12.48,223.0,1477.52,76.0,3,0.0,112.31,0,tripinfo_SouthEvansGateToSilbury.12 emissions_SouthEvansGateToSilbury.12,electric,0.97,0.0,0.0,0.0,0.0,0.0,0.0,0.0
EastA509ToH6.9,162.0,770_0,0.0,0.0,0.0,440.0,522_0,56.88,14.94,278.0,1483.69,139.0,3,0.0,178.5,0,tripinfo_EastA509ToH6.9 emissions_EastA509ToH6.9,electric,1.08,0.0,0.0,0.0,0.0,0.0,0.0,0.0
SouthEvansGateToSilbury.18,324.0,526_0,0.0,0.0,0.0,441.0,215_1,19.43,16.03,117.0,1477.59,7.0,1,0.0,29.09,0,tripinfo_SouthEvansGateToSilbury.18 emissions_SouthEvansGateToSilbury.18,gasoline_euro4,1.23,6225.897797,419735.816538,37.672195,7.426139,167.701411,133876.441411,0.0
WestH6ToSaxonSt.6,72.0,524_0,0.0,0.0,0.0,442.0,771_0,56.88,12.56,370.0,2613.57,130.0,2,0.0,161.66,0,tripinfo_WestH6ToSaxonSt.6 emissions_WestH6ToSaxonSt.6,electric,0.92,0.0,0.0,0.0,0.0,0.0,0.0,0.0
WestH6ToSaxonSt.13,156.0,524_0,0.0,0.0,0.0,444.0,771_0,56.88,12.49,288.0,2614.23,59.0,1,0.0,90.46,0,tripinfo_WestH6ToSaxonSt.13 emissions_WestH6ToSaxonSt.13,electric,0.97,0.0,0.0,0.0,0.0,0.0,0.0,0.0
V6ToEastH6.27,324.0,468_1,0.0,0.0,0.0,445.0,522_1,56.88,13.57,121.0,1512.23,0.0,0,0.0,12.8,0,tripinfo_V6ToEastH6.27 emissions_V6ToEastH6.27,electric,1.01,0.0,0.0,0.0,0.0,0.0,0.0,0.0
WestH6ToSaxonSt.9,108.0,524_0,0.0,0.0,0.0,446.0,771_0,56.88,14.22,338.0,2602.68,104.0,3,0.0,156.12,0,tripinfo_WestH6ToSaxonSt.9 emissions_WestH6ToSaxonSt.9,electric,1.04,0.0,0.0,0.0,0.0,0.0,0.0,0.0
EastA509ToH6.10,180.0,770_0,0.0,0.0,0.0,452.0,522_1,56.88,14.01,272.0,1483.64,124.0,2,0.0,166.88,0,tripinfo_EastA509ToH6.10 emissions_EastA509ToH6.10,gasoline_euro4,1.02,28117.973834,791839.660446,146.322983,16.391536,339.084808,252567.827489,0.0
EastA509ToH6.7,126.0,770_0,0.0,0.0,0.0,453.0,522_0,56.88,11.09,327.0,1483.75,174.0,3,0.0,204.85,0,tripinfo_EastA509ToH6.7 emissions_EastA509ToH6.7,electric,0.88,0.0,0.0,0.0,0.0,0.0,0.0,0.0
WestA509ToAvebury.8,147.0,773_0,0.0,0.0,3.0,453.0,213_0,19.13,14.12,306.0,2336.45,103.0,3,0.0,150.89,0,tripinfo_WestA509ToAvebury.8 emissions_WestA509ToAvebury.8,gasoline_euro4,1.1,26628.695085,927561.420014,142.467757,18.357999,389.479125,295855.155517,0.0
V6ToEastH6.28,336.0,468_1,0.0,0.0,0.0,453.0,522_1,56.88,15.2,117.0,1512.23,1.0,1,0.0,23.45,0,tripinfo_V6ToEastH6.28 emissions_V6ToEastH6.28,gasoline_euro4,1.16,5584.787359,417862.816558,34.776102,7.226829,166.346331,133278.827541,0.0
SouthEvansGateToSilbury.8,144.0,526_0,0.0,0.0,0.0,454.0,215_1,19.43,13.39,310.0,1471.7,167.0,4,0.0,203.39,0,tripinfo_SouthEvansGateToSilbury.8 emissions_SouthEvansGateToSilbury.8,gasoline_euro4,1.0,34783.587532,881371.558084,178.719418,18.680416,380.109243,281126.957643,0.0
WestH6ToSaxonSt.12,144.0,524_0,0.0,0.0,0.0,454.0,771_0,56.88,14.59,310.0,2601.42,81.0,4,0.0,144.88,0,tripinfo_WestH6ToSaxonSt.12 emissions_WestH6ToSaxonSt.12,electric,1.14,0.0,0.0,0.0,0.0,0.0,0.0,0.0
WestH6ToSaxonSt.15,180.0,524_0,0.0,0.0,0.0,456.0,771_0,56.88,13.76,276.0,2613.57,62.0,2,0.0,92.64,0,tripinfo_WestH6ToSaxonSt.15 emissions_WestH6ToSaxonSt.15,electric,1.04,0.0,0.0,0.0,0.0,0.0,0.0,0.0
EastA509ToH6.11,198.0,770_0,0.0,0.0,0.0,459.0,522_0,56.88,13.97,261.0,1483.82,114.0,4,0.0,158.98,0,tripinfo_EastA509ToH6.11 emissions_EastA509ToH6.11,gasoline_euro4,1.06,26373.910161,750270.265306,137.030808,15.19259,318.001831,239308.933127,0.0
EastA509ToH6.8,144.0,770_0,0.0,0.0,0.0,461.0,522_0,56.88,13.23,317.0,1483.82,158.0,3,0.0,210.08,0,tripinfo_EastA509ToH6.8 emissions_EastA509ToH6.8,gasoline_euro4,1.0,35247.761406,895113.337111,181.243282,19.131544,387.976322,285509.82826,0.0
WestH6ToSaxonSt.5,60.0,524_0,0.0,0.0,0.0,463.0,771_0,56.88,10.99,403.0,2602.7,138.0,4,0.0,175.61,0,tripinfo_WestH6ToSaxonSt.5 emissions_WestH6ToSaxonSt.5,electric,0.83,0.0,0.0,0.0,0.0,0.0,0.0,0.0
V6ToEastH6.29,348.0,468_1,0.0,0.0,0.0,477.0,522_1,56.88,12.95,129.0,1512.23,1.0,1,0.0,20.19,0,tripinfo_V6ToEastH6.29 emissions_V6ToEastH6.29,gasoline_euro4,1.0,4874.266372,377218.480696,30.465796,5.980861,147.480555,120315.647796,0.0
V6ToEastH6.30,360.0,468_1,0.0,0.0,0.0,481.0,522_1,56.88,12.89,121.0,1512.23,0.0,0,0.0,12.3,0,tripinfo_V6ToEastH6.30 emissions_V6ToEastH6.30,electric,1.0,0.0,0.0,0.0,0.0,0.0,0.0,0.0
EastAveburyToWestA509.5,242.0,483_1,0.0,0.0,0.0,488.0,774_0,29.75,13.3,246.0,2311.97,26.0,3,0.0,74.22,0,tripinfo_EastAveburyToWestA509.5 emissions_EastAveburyToWestA509.5,electric,1.01,0.0,0.0,0.0,0.0,0.0,0.0,0.0
EastAveburyToWestA509.8,268.0,483_1,0.0,0.0,0.0,490.0,774_0,29.75,14.2,222.0,2308.45,8.0,2,0.0,56.72,0,tripinfo_EastAveburyToWestA509.8 emissions_EastAveburyToWestA509.8,electric,1.03,0.0,0.0,0.0,0.0,0.0,0.0,0.0
WestH6ToSaxonSt.17,204.0,524_0,0.0,0.0,0.0,491.0,771_1,56.88,13.17,287.0,2574.94,58.0,4,0.0,94.57,0,tripinfo_WestH6ToSaxonSt.17 emissions_WestH6ToSaxonSt.17,gasoline_euro4,0.98,18096.313467,785253.194991,99.837398,13.651215,316.098518,250463.907947,0.0
V6ToEastH6.31,372.0,468_1,0.0,0.0,0.0,491.0,522_1,56.88,14.09,119.0,1512.23,0.0,0,0.0,17.5,0,tripinfo_V6ToEastH6.31 emissions_V6ToEastH6.31,electric,1.08,0.0,0.0,0.0,0.0,0.0,0.0,0.0
WestH6ToSaxonSt.16,192.0,524_0,0.0,0.0,0.0,496.0,771_1,56.88,12.49,304.0,2767.85,29.0,4,0.0,83.01,0,tripinfo_WestH6ToSaxonSt.16 emissions_WestH6ToSaxonSt.16,gasoline_euro4,0.94,16840.248831,860257.505587,96.057615,14.706216,347.371212,274385.493248,0.0
EastAveburyToWestA509.1,208.0,483_0,0.0,0.0,0.0,496.0,774_0,29.75,14.36,288.0,2257.79,102.0,3,0.0,136.66,0,tripinfo_EastAveburyToWestA509.1 emissions_EastAveburyToWestA509.1,gasoline_euro4,1.09,25162.105103,905076.886199,134.570908,17.272701,374.109897,288683.674008,0.0
WestH6ToSaxonSt.18,216.0,524_0,0.0,0.0,0.0,498.0,771_1,56.88,13.37,282.0,2767.84,24.0,2,0.0,78.56,0,tripinfo_WestH6ToSaxonSt.18 emissions_WestH6ToSaxonSt.18,gasoline_euro4,1.02,15586.880235,860522.771956,90.292982,14.99819,348.388151,274468.987642,0.0
WestH6ToSaxonSt.14,168.0,524_0,0.0,0.0,0.0,500.0,771_1,56.88,12.44,332.0,2767.88,56.0,5,0.0,121.42,0,tripinfo_WestH6ToSaxonSt.14 emissions_WestH6ToSaxonSt.14,gasoline_euro4,0.99,22515.121944,991278.31856,125.175727,17.965597,407.428696,316176.327904,0.0
WestA509ToEastH6.5,180.0,773_1,0.0,0.0,0.0,500.0,522_1,56.88,11.24,320.0,3082.3,26.0,1,0.0,64.85,0,tripinfo_WestA509ToEastH6.5 emissions_WestA509ToEastH6.5,electric,0.88,0.0,0.0,0.0,0.0,0.0,0.0,0.0
EastAveburyToWestA509.10,285.0,483_1,0.0,0.0,0.0,500.0,774_0,29.75,15.21,215.0,2241.69,22.0,1,0.0,63.71,0,tripinfo_EastAveburyToWestA509.10 emissions_EastAveburyToWestA509.10,electric,1.1,0.0,0.0,0.0,0.0,0.0,0.0,0.0
V6ToEastH6.32,384.0,468_1,0.0,0.0,0.0,500.0,522_0,56.88,15.41,116.0,1512.23,0.0,0,0.0,19.27,0,tripinfo_V6ToEastH6.32 emissions_V6ToEastH6.32,electric,1.13,0.0,0.0,0.0,0.0,0.0,0.0,0.0
EastAveburyToWestA509.3,225.0,483_0,0.0,0.0,0.0,503.0,774_0,29.75,13.25,278.0,2254.74,77.0,3,0.0,120.03,0,tripinfo_EastAveburyToWestA509.3 emissions_EastAveburyToWestA509.3,gasoline_euro4,1.04,21376.985619,806251.97647,115.388729,15.167188,332.998985,257162.039414,0.0
WestA509ToAvebury.4,72.0,773_0,0.0,0.0,0.0,506.0,213_0,19.13,12.04,434.0,2288.83,214.0,5,0.0,258.98,0,tripinfo_WestA509ToAvebury.4 emissions_WestA509ToAvebury.4,electric,0.95,0.0,0.0,0.0,0.0,0.0,0.0,0.0
EastAveburyToWestA509.0,200.0,483_0,0.0,0.0,0.0,506.0,774_0,29.75,13.95,306.0,2257.78,100.0,3,0.0,146.24,0,tripinfo_EastAveburyToWestA509.0 emissions_EastAveburyToWestA509.0,gasoline_euro4,1.03,25891.447866,905489.584419,138.226097,17.393788,376.94872,288815.614182,0.0
WestA509ToAvebury.6,108.0,773_0,0.0,0.0,0.0,508.0,213_0,19.13,13.15,400.0,2288.83,198.0,3,0.0,226.63,0,tripinfo_WestA509ToAvebury.6 emissions_WestA509ToAvebury.6,electric,0.96,0.0,0.0,0.0,0.0,0.0,0.0,0.0
WestA509ToAvebury.7,126.0,773_0,0.0,0.0,0.0,511.0,213_0,19.13,11.85,385.0,2288.83,169.0,3,0.0,200.11,0,tripinfo_WestA509ToAvebury.7 emissions_WestA509ToAvebury.7,electric,0.9,0.0,0.0,0.0,0.0,0.0,0.0,0.0
EastAveburyToWestA509.2,217.0,483_0,0.0,0.0,0.0,511.0,774_0,29.75,13.46,294.0,2257.78,80.0,3,0.0,129.56,0,tripinfo_EastAveburyToWestA509.2 emissions_EastAveburyToWestA509.2,gasoline_euro4,1.0,22283.063178,846829.510021,120.516241,15.688904,349.104473,270104.792214,0.0
V6ToEastH6.33,396.0,468_1,0.0,0.0,0.0,511.0,522_1,56.88,14.91,115.0,1512.23,0.0,0,0.0,13.99,0,tripinfo_V6ToEastH6.33 emissions_V6ToEastH6.33,gasoline_euro4,1.09,4274.439338,380202.842399,27.727168,6.222797,148.678477,121266.932302,0.0
WestA509ToAvebury.9,162.0,773_0,0.0,0.0,0.0,513.0,213_0,19.13,14.08,351.0,2288.6,140.0,4,0.0,186.91,0,tripinfo_WestA509ToAvebury.9 emissions_WestA509ToAvebury.9,electric,1.02,0.0,0.0,0.0,0.0,0.0,0.0,0.0
WestA509ToEastH6.4,144.0,773_0,0.0,0.0,0.0,516.0,522_0,56.88,13.21,372.0,2755.0,124.0,5,0.0,175.5,0,tripinfo_WestA509ToEastH6.4 emissions_WestA509ToEastH6.4,gasoline_euro4,1.02,31641.590313,1067227.211032,167.854826,20.440868,443.010178,340404.391812,0.0
WestA509ToEastH6.7,252.0,773_0,0.0,0.0,0.0,517.0,522_1,56.88,15.41,265.0,2755.0,44.0,2,0.0,86.43,0,tripinfo_WestA509ToEastH6.7 emissions_WestA509ToEastH6.7,gasoline_euro4,1.12,15477.439344,793037.794261,87.853297,13.743739,315.933392,252945.252313,0.0
WestH6ToSaxonSt.19,228.0,524_0,0.0,0.0,0.0,523.0,771_0,56.88,13.03,295.0,2613.57,73.0,2,0.0,107.49,0,tripinfo_WestH6ToSaxonSt.19 emissions_WestH6ToSaxonSt.19,electric,1.02,0.0,0.0,0.0,0.0,0.0,0.0,0.0
WestH6ToSaxonSt.20,240.0,524_0,0.0,0.0,0.0,525.0,771_0,56.88,14.06,285.0,2602.68,77.0,2,0.0,112.01,0,tripinfo_WestH6ToSaxonSt.20 emissions_WestH6ToSaxonSt.20,electric,1.09,0.0,0.0,0.0,0.0,0.0,0.0,0.0
V6ToEastH6.34,408.0,468_1,0.0,0.0,0.0,525.0,522_1,56.88,14.16,117.0,1512.23,0.0,0,0.0,16.85,0,tripinfo_V6ToEastH6.34 emissions_V6ToEastH6.34,electric,1.09,0.0,0.0,0.0,0.0,0.0,0.0,0.0
WestH6ToSaxonSt.21,252.0,524_0,0.0,0.0,0.0,527.0,771_0,56.88,14.27,275.0,2609.14,59.0,1,0.0,95.42,0,tripinfo_WestH6ToSaxonSt.21 emissions_WestH6ToSaxonSt.21,electric,1.06,0.0,0.0,0.0,0.0,0.0,0.0,0.0
SouthEvansGateToSilbury.21,378.0,526_0,0.0,0.0,0.0,529.0,215_1,19.43,14.96,151.0,1477.52,35.0,1,0.0,51.71,0,tripinfo_SouthEvansGateToSilbury.21 emissions_SouthEvansGateToSilbury.21,electric,1.08,0.0,0.0,0.0,0.0,0.0,0.0,0.0
EastA509ToH6.12,216.0,770_0,0.0,0.0,0.0,530.0,522_0,56.88,13.18,314.0,1483.69,175.0,3,0.0,206.49,0,tripinfo_EastA509ToH6.12 emissions_EastA509ToH6.12,gasoline_euro4,1.0,35584.617086,889836.211109,182.566934,18.770574,382.887123,283827.32201,0.0
V6ToEastH6.35,420.0,468_1,0.0,0.0,0.0,539.0,522_1,56.88,13.67,119.0,1512.23,0.0,0,0.0,12.54,0,tripinfo_V6ToEastH6.35 emissions_V6ToEastH6.35,electric,1.03,0.0,0.0,0.0,0.0,0.0,0.0,0.0
WestA509ToAvebury.14,255.0,773_0,0.0,0.0,3.0,541.0,213_0,19.13,14.54,286.0,2337.27,88.0,3,0.0,131.02,0,tripinfo_WestA509ToAvebury.14 emissions_WestA509ToAvebury.14,gasoline_euro4,1.1,23137.606577,833477.056357,124.104795,15.970876,345.169431,265846.117516,0.0
SouthEvansGateToSilbury.15,270.0,526_0,0.0,0.0,0.0,543.0,215_1,19.43,12.41,273.0,1471.7,134.0,3,0.0,162.58,0,tripinfo_SouthEvansGateToSilbury.15 emissions_SouthEvansGateToSilbury.15,gasoline_euro4,0.96,27921.69102,752283.339712,144.195253,15.210186,319.057618,239952.041052,0.0
WestA509ToEastH6.6,216.0,773_0,0.0,0.0,0.0,545.0,522_1,56.88,14.29,329.0,2762.5,98.0,2,0.0,134.82,0,tripinfo_WestA509ToEastH6.6 emissions_WestA509ToEastH6.6,electric,1.03,0.0,0.0,0.0,0.0,0.0,0.0,0.0
SouthEvansGateToSilbury.14,252.0,526_0,0.0,0.0,0.0,545.0,215_1,19.43,12.14,293.0,1471.71,143.0,5,0.0,181.68,0,tripinfo_SouthEvansGateToSilbury.14 emissions_SouthEvansGateToSilbury.14,gasoline_euro4,0.95,30934.234506,819107.535,159.673963,16.899741,350.293183,261266.542835,0.0
SouthEvansGateToSilbury.16,288.0,526_0,0.0,0.0,0.0,547.0,215_1,19.43,16.23,259.0,1471.73,122.0,4,0.0,168.35,0,tripinfo_SouthEvansGateToSilbury.16 emissions_SouthEvansGateToSilbury.16,gasoline_euro4,1.18,27191.829212,769870.733612,141.2421,15.74996,327.019084,245560.730154,0.0
SouthEvansGateToSilbury.19,342.0,526_0,0.0,0.0,0.0,549.0,215_1,19.43,15.23,207.0,1471.7,70.0,4,0.0,112.45,0,tripinfo_SouthEvansGateToSilbury.19 emissions_SouthEvansGateToSilbury.19,gasoline_euro4,1.13,19251.183065,641774.805589,102.316009,12.749954,269.704263,204701.091387,0.0
EastA509ToH6.14,252.0,770_0,0.0,0.0,0.0,552.0,522_1,56.88,12.41,300.0,1483.82,143.0,5,0.0,189.48,0,tripinfo_EastA509ToH6.14 emissions_EastA509ToH6.14,electric,0.97,0.0,0.0,0.0,0.0,0.0,0.0,0.0
EastA509ToH6.13,234.0,770_0,0.0,0.0,0.0,554.0,522_0,56.88,10.47,320.0,1483.64,161.0,4,0.0,191.31,0,tripinfo_EastA509ToH6.13 emissions_EastA509ToH6.13,electric,0.83,0.0,0.0,0.0,0.0,0.0,0.0,0.0
V6ToEastH6.36,432.0,468_1,0.0,0.0,0.0,558.0,522_1,56.88,12.6,126.0,1512.23,0.0,0,0.0,13.35,0,tripinfo_V6ToEastH6.36 emissions_V6ToEastH6.36,electric,0.97,0.0,0.0,0.0,0.0,0.0,0.0,0.0
EastA509ToH6.15,270.0,770_0,0.0,0.0,0.0,560.0,522_0,56.88,14.62,290.0,1483.82,126.0,6,0.0,189.13,0,tripinfo_EastA509ToH6.15 emissions_EastA509ToH6.15,gasoline_euro4,1.06,30696.751695,834149.896215,158.823102,17.227543,356.940886,266063.927954,0.0
EastAveburyToWestA509.12,302.0,483_1,0.0,0.0,0.0,574.0,774_0,29.75,13.96,272.0,2311.97,58.0,5,0.0,110.35,0,tripinfo_EastAveburyToWestA509.12 emissions_EastAveburyToWestA509.12,electric,1.06,0.0,0.0,0.0,0.0,0.0,0.0,0.0
EastAveburyToWestA509.13,310.0,483_1,0.0,0.0,0.0,581.0,774_0,29.75,15.15,271.0,2308.45,54.0,5,0.0,117.7,0,tripinfo_EastAveburyToWestA509.13 emissions_EastAveburyToWestA509.13,electric,1.12,0.0,0.0,0.0,0.0,0.0,0.0,0.0
WestH6ToSaxonSt.22,264.0,524_0,0.0,0.0,0.0,585.0,771_1,56.88,14.18,321.0,2767.88,75.0,4,0.0,128.71,0,tripinfo_WestH6ToSaxonSt.22 emissions_WestH6ToSaxonSt.22,gasoline_euro4,1.07,24321.258401,1014557.041913,133.699646,19.083494,419.079297,323601.358611,0.0
V6ToEastH6.38,456.0,468_1,0.0,0.0,0.0,585.0,522_1,56.88,14.84,129.0,1512.23,3.0,1,0.0,30.72,0,tripinfo_V6ToEastH6.38 emissions_V6ToEastH6.38,electric,1.11,0.0,0.0,0.0,0.0,0.0,0.0,0.0
V6ToEastH6.37,444.0,468_1,0.0,0.0,0.0,586.0,522_0,56.88,11.36,142.0,1512.23,0.0,0,0.0,12.2,0,tripinfo_V6ToEastH6.37 emissions_V6ToEastH6.37,gasoline_euro4,0.84,4252.234983,352282.948897,27.374336,4.905582,134.644991,112362.914894,0.0
EastAveburyToWestA509.14,319.0,483_1,0.0,0.0,0.0,587.0,774_0,29.75,14.3,268.0,2241.68,51.0,6,0.0,112.56,0,tripinfo_EastAveburyToWestA509.14 emissions_EastAveburyToWestA509.14,electric,1.07,0.0,0.0,0.0,0.0,0.0,0.0,0.0
EastAveburyToWestA509.16,336.0,483_0,0.0,0.0,0.0,588.0,774_0,29.75,14.88,252.0,2257.77,56.0,3,0.0,104.2,0,tripinfo_EastAveburyToWestA509.16 emissions_EastAveburyToWestA509.16,gasoline_euro4,1.11,19133.08069,818055.984278,105.555174,15.253529,335.818303,260925.63551,0.0
EastAveburyToWestA509.11,293.0,483_0,0.0,0.0,0.0,591.0,774_0,29.75,14.3,298.0,2255.61,99.0,3,0.0,148.7,0,tripinfo_EastAveburyToWestA509.11 emissions_EastAveburyToWestA509.11,electric,1.1,0.0,0.0,0.0,0.0,0.0,0.0,0.0
EastAveburyToWestA509.17,344.0,483_0,0.0,0.0,0.0,593.0,774_0,29.75,14.55,249.0,2260.91,53.0,3,0.0,103.88,0,tripinfo_EastAveburyToWestA509.17 emissions_EastAveburyToWestA509.17,gasoline_euro4,1.14,18135.63238,787206.14587,100.028238,14.491024,321.781642,251085.804573,0.0
V6ToEastH6.39,468.0,468_1,0.0,0.0,0.0,594.0,522_1,56.88,13.15,126.0,1512.23,0.0,0,0.0,13.27,0,tripinfo_V6ToEastH6.39 emissions_V6ToEastH6.39,electric,0.97,0.0,0.0,0.0,0.0,0.0,0.0,0.0
WestA509ToEastH6.8,288.0,773_0,0.0,0.0,0.0,601.0,522_0,56.88,12.7,313.0,2754.93,65.0,1,0.0,96.13,0,tripinfo_WestA509ToEastH6.8 emissions_WestA509ToEastH6.8,gasoline_euro4,0.92,18106.636421,798915.400259,100.148537,13.215477,317.645753,254822.207501,0.0
SouthEvansGateToSilbury.22,396.0,526_0,0.0,0.0,0.0,608.0,215_1,19.43,13.6,212.0,1477.55,71.0,3,0.0,103.61,0,tripinfo_SouthEvansGateToSilbury.22 emissions_SouthEvansGateToSilbury.22,electric,0.98,0.0,0.0,0.0,0.0,0.0,0.0,0.0
WestH6ToSaxonSt.23,276.0,524_0,0.0,0.0,0.0,611.0,771_0,56.88,13.7,335.0,2613.57,114.0,2,0.0,145.53,0,tripinfo_WestH6ToSaxonSt.23 emissions_WestH6ToSaxonSt.23,electric,1.01,0.0,0.0,0.0,0.0,0.0,0.0,0.0
SouthEvansGateToSilbury.20,360.0,526_0,0.0,0.0,0.0,611.0,215_1,19.43,12.46,251.0,1477.6,110.0,2,0.0,135.52,0,tripinfo_SouthEvansGateToSilbury.20 emissions_SouthEvansGateToSilbury.20,electric,0.93,0.0,0.0,0.0,0.0,0.0,0.0,0.0
EastAveburyToWestA509.7,259.0,483_1,0.0,0.0,0.0,613.0,774_0,29.75,11.69,354.0,2219.9,133.0,5,0.0,173.9,0,tripinfo_EastAveburyToWestA509.7 emissions_EastAveburyToWestA509.7,electric,0.89,0.0,0.0,0.0,0.0,0.0,0.0,0.0
SouthEvansGateToSilbury.25,450.0,526_0,0.0,0.0,0.0,618.0,215_1,19.43,14.52,168.0,1477.52,50.0,1,0.0,66.98,0,tripinfo_SouthEvansGateToSilbury.25 emissions_SouthEvansGateToSilbury.25,electric,1.06,0.0,0.0,0.0,0.0,0.0,0.0,0.0
WestH6ToSaxonSt.26,312.0,524_0,0.0,0.0,0.0,621.0,771_0,56.88,13.11,309.0,2608.48,85.0,3,0.0,119.65,0,tripinfo_WestH6ToSaxonSt.26 emissions_WestH6ToSaxonSt.26,electric,1.01,0.0,0.0,0.0,0.0,0.0,0.0,0.0
V6ToEastH6.40,480.0,468_1,0.0,0.0,0.0,622.0,522_0,56.88,10.42,142.0,1512.23,0.0,0,0.0,11.21,0,tripinfo_V6ToEastH6.40 emissions_V6ToEastH6.40,gasoline_euro4,0.83,4105.295456,343054.966132,26.525521,4.692418,130.701577,109419.647273,0.0
V6ToEastH6.41,492.0,468_1,0.0,0.0,0.0,622.0,522_1,56.88,15.52,130.0,1512.23,3.0,1,0.0,35.02,0,tripinfo_V6ToEastH6.41 emissions_V6ToEastH6.41,electric,1.15,0.0,0.0,0.0,0.0,0.0,0.0,0.0
EastAveburyToWestA509.6,251.0,483_1,0.0,0.0,0.0,623.0,774_0,29.75,12.32,372.0,2328.55,127.0,5,0.0,180.27,0,tripinfo_EastAveburyToWestA509.6 emissions_EastAveburyToWestA509.6,gasoline_euro4,0.91,32075.11032,1010127.824263,169.188195,19.273301,422.287304,322193.216414,0.0
WestH6ToSaxonSt.24,288.0,524_0,0.0,0.0,0.0,623.0,771_0,56.88,13.71,335.0,2603.34,104.0,6,0.0,158.87,0,tripinfo_WestH6ToSaxonSt.24 emissions_WestH6ToSaxonSt.24,electric,1.07,0.0,0.0,0.0,0.0,0.0,0.0,0.0
V6ToEastH6.42,504.0,468_1,0.0,0.0,0.0,625.0,522_1,56.88,15.07,121.0,1512.23,0.0,0,0.0,22.21,0,tripinfo_V6ToEastH6.42 emissions_V6ToEastH6.42,electric,1.11,0.0,0.0,0.0,0.0,0.0,0.0,0.0
WestA509ToAvebury.17,306.0,773_0,0.0,0.0,0.0,630.0,213_0,19.13,13.66,324.0,2337.27,128.0,3,0.0,158.95,0,tripinfo_WestA509ToAvebury.17 emissions_WestA509ToAvebury.17,gasoline_euro4,1.03,28479.07483,934730.626636,150.559008,17.860162,387.274092,298143.666455,0.0
WestA509ToAvebury.20,360.0,773_0,0.0,0.0,0.0,630.0,213_1,19.13,14.14,270.0,2336.43,71.0,4,0.0,109.82,0,tripinfo_WestA509ToAvebury.20 emissions_WestA509ToAvebury.20,gasoline_euro4,1.06,19630.594614,807098.348482,106.815474,14.364645,325.4392,257431.86703,0.0
SouthEvansGateToSilbury.23,414.0,526_0,0.0,0.0,0.0,630.0,215_1,19.43,14.48,216.0,1471.73,89.0,3,0.0,117.52,0,tripinfo_SouthEvansGateToSilbury.23 emissions_SouthEvansGateToSilbury.23,gasoline_euro4,1.08,20276.891802,642442.474159,106.309506,12.38766,266.218382,204915.074657,0.0
EastSilburyToEastAvebury.1,416.0,317_0,0.0,0.0,0.0,631.0,213_0,19.13,13.51,215.0,1590.85,70.0,6,0.0,102.26,0,tripinfo_EastSilburyToEastAvebury.1 emissions_EastSilburyToEastAvebury.1,electric,1.03,0.0,0.0,0.0,0.0,0.0,0.0,0.0
EastA509ToH6.18,324.0,770_0,0.0,0.0,0.0,632.0,522_1,56.88,15.15,308.0,1483.8,154.0,4,0.0,211.8,0,tripinfo_EastA509ToH6.18 emissions_EastA509ToH6.18,electric,1.12,0.0,0.0,0.0,0.0,0.0,0.0,0.0
EastA509ToH6.17,306.0,770_0,0.0,0.0,0.0,633.0,522_1,56.88,15.68,327.0,1483.82,168.0,5,0.0,234.15,0,tripinfo_EastA509ToH6.17 emissions_EastA509ToH6.17,electric,1.15,0.0,0.0,0.0,0.0,0.0,0.0,0.0
EastA509ToH6.19,342.0,770_0,0.0,0.0,0.0,633.0,522_0,56.88,11.95,291.0,1483.64,135.0,4,0.0,176.55,0,tripinfo_EastA509ToH6.19 emissions_EastA509ToH6.19,electric,0.94,0.0,0.0,0.0,0.0,0.0,0.0,0.0
SouthEvansGateToSilbury.17,306.0,526_0,0.0,0.0,0.0,636.0,215_1,19.43,10.73,330.0,1471.77,170.0,4,0.0,200.19,0,tripinfo_SouthEvansGateToSilbury.17 emissions_SouthEvansGateToSilbury.17,gasoline_euro4,0.82,34477.673896,843560.250976,176.603005,17.243558,361.013296,269067.902712,0.0
V6ToEastH6.43,516.0,468_1,0.0,0.0,0.0,642.0,522_1,56.88,12.14,126.0,1512.23,0.0,0,0.0,12.28,0,tripinfo_V6ToEastH6.43 emissions_V6ToEastH6.43,electric,0.96,0.0,0.0,0.0,0.0,0.0,0.0,0.0
EastA509ToH6.20,360.0,770_0,0.0,0.0,0.0,644.0,522_0,56.88,14.47,284.0,1483.71,112.0,6,0.0,184.01,0,tripinfo_EastA509ToH6.20 emissions_EastA509ToH6.20,electric,1.07,0.0,0.0,0.0,0.0,0.0,0.0,0.0
EastA509ToH6.16,288.0,770_0,0.0,0.0,0.0,648.0,522_0,56.88,13.43,360.0,1483.56,202.0,6,0.0,251.36,0,tripinfo_EastA509ToH6.16 emissions_EastA509ToH6.16,electric,0.99,0.0,0.0,0.0,0.0,0.0,0.0,0.0
V6ToEastH6.44,528.0,468_1,0.0,0.0,0.0,658.0,522_1,56.88,12.29,130.0,1512.23,0.0,0,0.0,15.47,0,tripinfo_V6ToEastH6.44 emissions_V6ToEastH6.44,electric,0.95,0.0,0.0,0.0,0.0,0.0,0.0,0.0
WestA509ToEastH6.9,324.0,773_1,0.0,0.0,0.0,661.0,522_1,56.88,12.44,337.0,3082.3,65.0,1,0.0,102.61,0,tripinfo_WestA509ToEastH6.9 emissions_WestA509ToEastH6.9,electric,0.96,0.0,0.0,0.0,0.0,0.0,0.0,0.0
V6ToEastH6.45,540.0,468_1,0.0,0.0,0.0,663.0,522_1,56.88,13.39,123.0,1512.23,0.0,0,0.0,14.81,0,tripinfo_V6ToEastH6.45 emissions_V6ToEastH6.45,electric,1.01,0.0,0.0,0.0,0.0,0.0,0.0,0.0
WestA509ToEastH6.10,360.0,773_1,0.0,0.0,0.0,665.0,522_1,56.88,13.84,305.0,3082.3,33.0,2,0.0,88.07,0,tripinfo_WestA509ToEastH6.10 emissions_WestA509ToEastH6.10,electric,1.04,0.0,0.0,0.0,0.0,0.0,0.0,0.0
WestH6ToSaxonSt.25,300.0,524_0,0.0,0.0,0.0,670.0,771_1,56.88,13.53,370.0,2767.85,112.0,6,0.0,167.53,0,tripinfo_WestH6ToSaxonSt.25 emissions_WestH6ToSaxonSt.25,gasoline_euro4,1.02,30648.011393,1103999.571723,164.267281,20.677856,456.093157,352132.520519,0.0
EastAveburyToWestA509.18,353.0,483_1,0.0,0.0,0.0,670.0,774_0,29.75,13.39,317.0,2311.97,82.0,4,0.0,138.42,0,tripinfo_EastAveburyToWestA509.18 emissions_EastAveburyToWestA509.18,electric,0.97,0.0,0.0,0.0,0.0,0.0,0.0,0.0
WestH6ToSaxonSt.27,324.0,524_0,0.0,0.0,0.0,672.0,771_1,56.88,14.1,348.0,2767.88,91.0,4,0.0,148.81,0,tripinfo_WestH6ToSaxonSt.27 emissions_WestH6ToSaxonSt.27,gasoline_euro4,1.04,26564.182484,1048046.653374,144.832102,19.580127,433.620593,334284.175996,0.0
EastAveburyToWestA509.28,438.0,483_1,0.0,0.0,0.0,673.0,774_0,29.75,14.2,235.0,2308.5,11.0,4,0.0,74.62,0,tripinfo_EastAveburyToWestA509.28 emissions_EastAveburyToWestA509.28,electric,1.07,0.0,0.0,0.0,0.0,0.0,0.0,0.0
WestA509ToAvebury.11,198.0,773_0,0.0,0.0,0.0,678.0,213_0,19.13,12.48,480.0,2288.6,272.0,4,0.0,306.17,0,tripinfo_WestA509ToAvebury.11 emissions_WestA509ToAvebury.11,electric,0.96,0.0,0.0,0.0,0.0,0.0,0.0,0.0
EastAveburyToWestA509.20,370.0,483_0,0.0,0.0,0.0,679.0,774_1,29.75,15.57,309.0,2254.74,113.0,4,0.0,169.0,0,tripinfo_EastAveburyToWestA509.20 emissions_EastAveburyToWestA509.20,electric,1.18,0.0,0.0,0.0,0.0,0.0,0.0,0.0
EastAveburyToWestA509.24,404.0,483_1,0.0,0.0,0.0,679.0,774_0,29.75,12.41,275.0,2307.67,44.0,5,0.0,94.31,0,tripinfo_EastAveburyToWestA509.24 emissions_EastAveburyToWestA509.24,electric,0.96,0.0,0.0,0.0,0.0,0.0,0.0,0.0
EastAveburyToWestA509.21,378.0,483_0,0.0,0.0,0.0,681.0,774_1,29.75,15.42,303.0,2254.73,106.0,4,0.0,158.87,0,tripinfo_EastAveburyToWestA509.21 emissions_EastAveburyToWestA509.21,gasoline_euro4,1.14,27765.235793,960397.808711,148.208976,19.102221,403.524238,306328.654613,0.0
V6ToEastH6.46,552.0,468_1,0.0,0.0,0.0,681.0,522_1,56.88,12.38,129.0,1512.23,0.0,0,0.0,17.41,0,tripinfo_V6ToEastH6.46 emissions_V6ToEastH6.46,gasoline_euro4,0.98,4562.666687,379609.645549,29.079236,5.930518,148.196196,121078.188912,0.0
EastAveburyToWestA509.9,276.0,483_0,0.0,0.0,0.0,686.0,774_0,29.75,11.75,410.0,2257.81,172.0,5,0.0,218.92,0,tripinfo_EastAveburyToWestA509.9 emissions_EastAveburyToWestA509.9,gasoline_euro4,0.87,37945.615551,1064424.268405,197.271522,20.586279,446.765747,339514.118432,0.0
EastAveburyToWestA509.31,463.0,483_1,0.0,0.0,0.0,687.0,774_0,29.75,13.66,224.0,2241.68,13.0,4,0.0,69.27,0,tripinfo_EastAveburyToWestA509.31 emissions_EastAveburyToWestA509.31,electric,1.07,0.0,0.0,0.0,0.0,0.0,0.0,0.0
EastAveburyToWestA509.29,446.0,483_0,0.0,0.0,0.0,689.0,774_0,29.75,14.19,243.0,2254.71,47.0,3,0.0,83.17,0,tripinfo_EastAveburyToWestA509.29 emissions_EastAveburyToWestA509.29,electric,1.03,0.0,0.0,0.0,0.0,0.0,0.0,0.0
WestA509ToEastH6.11,396.0,773_0,0.0,0.0,0.0,694.0,522_0,56.88,14.16,298.0,2754.97,69.0,3,0.0,104.18,0,tripinfo_WestA509ToEastH6.11 emissions_WestA509ToEastH6.11,gasoline_euro4,1.03,19628.949357,838335.014294,108.009133,14.8637,338.999054,267394.732161,0.0
SouthEvansGateToSilbury.24,432.0,526_0,0.0,0.0,0.0,697.0,215_1,19.43,11.93,265.0,1477.59,120.0,2,0.0,145.83,0,tripinfo_SouthEvansGateToSilbury.24 emissions_SouthEvansGateToSilbury.24,electric,0.9,0.0,0.0,0.0,0.0,0.0,0.0,0.0
SouthEvansGateToSilbury.28,504.0,526_0,0.0,0.0,0.0,698.0,215_1,19.43,13.11,194.0,1477.55,57.0,2,0.0,96.11,0,tripinfo_SouthEvansGateToSilbury.28 emissions_SouthEvansGateToSilbury.28,gasoline_euro4,1.09,16290.303515,606251.571491,87.967704,11.6884,253.088598,193369.714752,0.0
SouthEvansGateToSilbury.29,522.0,526_0,0.0,0.0,0.0,700.0,215_1,19.43,14.69,178.0,1477.52,54.0,1,0.0,80.1,0,tripinfo_SouthEvansGateToSilbury.29 emissions_SouthEvansGateToSilbury.29,gasoline_euro4,1.1,14266.868857,538930.595905,77.181972,10.296988,223.368728,171897.061516,0.0
SouthEvansGateToSilbury.31,558.0,526_0,0.0,0.0,0.0,702.0,215_1,19.43,17.79,144.0,1477.52,39.0,1,0.0,61.13,0,tripinfo_SouthEvansGateToSilbury.31 emissions_SouthEvansGateToSilbury.31,electric,1.3,0.0,0.0,0.0,0.0,0.0,0.0,0.0
WestH6ToSaxonSt.28,336.0,524_0,0.0,0.0,0.0,703.0,771_0,56.88,12.43,367.0,2613.57,133.0,3,0.0,166.8,0,tripinfo_WestH6ToSaxonSt.28 emissions_WestH6ToSaxonSt.28,electric,0.95,0.0,0.0,0.0,0.0,0.0,0.0,0.0
WestH6ToSaxonSt.30,360.0,524_0,0.0,0.0,0.0,705.0,771_0,56.88,12.65,345.0,2608.48,113.0,2,0.0,146.14,0,tripinfo_WestH6ToSaxonSt.30 emissions_WestH6ToSaxonSt.30,electric,0.96,0.0,0.0,0.0,0.0,0.0,0.0,0.0
WestH6ToSaxonSt.32,384.0,524_0,0.0,0.0,0.0,706.0,771_0,56.88,13.81,322.0,2609.14,98.0,3,0.0,140.63,0,tripinfo_WestH6ToSaxonSt.32 emissions_WestH6ToSaxonSt.32,electric,1.05,0.0,0.0,0.0,0.0,0.0,0.0,0.0
EastA509ToH6.21,378.0,770_0,0.0,0.0,0.0,708.0,522_0,56.88,13.25,330.0,1483.69,188.0,3,0.0,221.71,0,tripinfo_EastA509ToH6.21 emissions_EastA509ToH6.21,electric,0.99,0.0,0.0,0.0,0.0,0.0,0.0,0.0
WestH6ToSaxonSt.35,420.0,524_0,0.0,0.0,0.0,708.0,771_0,56.88,13.96,288.0,2603.34,68.0,3,0.0,113.84,0,tripinfo_WestH6ToSaxonSt.35 emissions_WestH6ToSaxonSt.35,electric,1.08,0.0,0.0,0.0,0.0,0.0,0.0,0.0
WestH6ToSaxonSt.31,372.0,524_0,0.0,0.0,0.0,712.0,771_0,56.88,12.1,340.0,2602.65,99.0,3,0.0,133.15,0,tripinfo_WestH6ToSaxonSt.31 emissions_WestH6ToSaxonSt.31,electric,0.91,0.0,0.0,0.0,0.0,0.0,0.0,0.0
V6ToEastH6.48,576.0,468_1,0.0,0.0,0.0,714.0,522_1,56.88,12.44,138.0,1511.92,2.0,1,0.0,25.34,0,tripinfo_V6ToEastH6.48 emissions_V6ToEastH6.48,electric,0.97,0.0,0.0,0.0,0.0,0.0,0.0,0.0
WestA509ToAvebury.23,414.0,773_0,0.0,0.0,0.0,717.0,213_1,19.13,14.11,303.0,2336.43,102.0,4,0.0,143.33,0,tripinfo_WestA509ToAvebury.23 emissions_WestA509ToAvebury.23,gasoline_euro4,1.06,25193.169441,878879.143977,134.202922,16.660812,362.672798,280328.276347,0.0
V6ToEastH6.49,588.0,468_1,0.0,0.0,0.0,717.0,522_1,56.88,13.11,129.0,1512.23,0.0,0,0.0,17.84,0,tripinfo_V6ToEastH6.49 emissions_V6ToEastH6.49,electric,0.98,0.0,0.0,0.0,0.0,0.0,0.0,0.0
WestA509ToAvebury.26,468.0,773_0,0.0,0.0,0.0,718.0,213_0,19.13,12.8,250.0,2337.3,43.0,1,0.0,72.99,0,tripinfo_WestA509ToAvebury.26 emissions_WestA509ToAvebury.26,gasoline_euro4,0.96,13258.48048,641628.366623,74.469871,10.42064,253.069485,204653.324074,0.0
SouthEvansGateToSilbury.26,468.0,526_0,0.0,0.0,0.0,719.0,215_1,19.43,13.81,251.0,1471.73,121.0,3,0.0,147.99,0,tripinfo_SouthEvansGateToSilbury.26 emissions_SouthEvansGateToSilbury.26,gasoline_euro4,1.04,25475.292741,707545.507398,131.865576,14.310563,298.913149,225681.756851,0.0
WestA509ToAvebury.24,432.0,773_0,0.0,0.0,0.0,721.0,213_1,19.13,11.79,289.0,2337.29,63.0,2,0.0,98.12,0,tripinfo_WestA509ToAvebury.24 emissions_WestA509ToAvebury.24,gasoline_euro4,0.89,18066.954869,735753.644864,98.863135,12.325938,295.041635,234676.75934,0.0
WestA509ToAvebury.19,342.0,773_0,0.0,0.0,0.0,724.0,213_0,19.13,9.77,382.0,2337.25,113.0,3,0.0,149.84,0,tripinfo_WestA509ToAvebury.19 emissions_WestA509ToAvebury.19,gasoline_euro4,0.73,28411.817185,875047.546747,149.451924,15.398855,359.275145,279109.388471,0.0
EastA509ToH6.22,396.0,770_0,0.0,0.0,0.0,727.0,522_1,56.88,11.26,331.0,1483.64,173.0,4,0.0,211.37,0,tripinfo_EastA509ToH6.22 emissions_EastA509ToH6.22,electric,0.89,0.0,0.0,0.0,0.0,0.0,0.0,0.0
V6ToEastH6.47,564.0,468_1,0.0,0.0,0.0,728.0,522_0,56.88,9.66,164.0,1512.23,3.0,1,0.0,18.48,0,tripinfo_V6ToEastH6.47 emissions_V6ToEastH6.47,gasoline_euro4,0.75,5650.094406,357142.49662,33.850244,4.944829,137.695422,113913.660044,0.0
V6ToEastH6.50,600.0,468_1,0.0,0.0,0.0,729.0,522_1,56.88,12.53,129.0,1512.23,0.0,0,0.0,19.18,0,tripinfo_V6ToEastH6.50 emissions_V6ToEastH6.50,electric,0.99,0.0,0.0,0.0,0.0,0.0,0.0,0.0
EastA509ToH6.24,432.0,770_0,0.0,0.0,0.0,736.0,522_0,56.88,11.76,304.0,1483.64,142.0,6,0.0,188.46,0,tripinfo_EastA509ToH6.24 emissions_EastA509ToH6.24,electric,0.93,0.0,0.0,0.0,0.0,0.0,0.0,0.0
EastA509ToH6.25,450.0,770_0,0.0,0.0,0.0,737.0,522_1,56.88,12.43,287.0,1483.8,124.0,5,0.0,173.93,0,tripinfo_EastA509ToH6.25 emissions_EastA509ToH6.25,gasoline_euro4,0.95,28993.380122,770707.038315,149.771822,15.78281,329.234575,245828.529995,0.0
EastA509ToH6.23,414.0,770_0,0.0,0.0,0.0,738.0,522_0,56.88,14.9,324.0,1483.77,158.0,6,0.0,225.98,0,tripinfo_EastA509ToH6.23 emissions_EastA509ToH6.23,gasoline_euro4,1.1,36479.236824,931758.02662,187.608914,20.060461,404.4923,297197.874488,0.0
EastA509ToH6.26,468.0,770_0,0.0,0.0,0.0,739.0,522_1,56.88,15.0,271.0,1483.82,111.0,5,0.0,173.54,0,tripinfo_EastA509ToH6.26 emissions_EastA509ToH6.26,gasoline_euro4,1.1,28768.585786,817424.871808,149.898889,17.210151,351.634355,260728.080509,0.0
V6ToEastH6.52,624.0,468_1,0.0,0.0,0.0,742.0,522_1,56.88,15.65,118.0,1512.23,1.0,1,0.0,22.05,0,tripinfo_V6ToEastH6.52 emissions_V6ToEastH6.52,gasoline_euro4,1.14,5187.0175,410460.289906,32.534328,6.867757,161.798034,130917.797175,0.0
WestA509ToEastH6.12,432.0,773_1,0.0,0.0,0.0,747.0,522_1,56.88,14.12,315.0,3082.3,58.0,2,0.0,105.99,0,tripinfo_WestA509ToEastH6.12 emissions_WestA509ToEastH6.12,electric,1.08,0.0,0.0,0.0,0.0,0.0,0.0,0.0
EastAveburyToWestA509.38,523.0,483_1,0.0,0.0,0.0,749.0,774_0,29.75,15.4,226.0,2308.5,16.0,2,0.0,74.95,0,tripinfo_EastAveburyToWestA509.38 emissions_EastAveburyToWestA509.38,electric,1.13,0.0,0.0,0.0,0.0,0.0,0.0,0.0
V6ToEastH6.51,612.0,468_1,0.0,0.0,0.0,754.0,522_1,56.88,11.95,142.0,1512.23,1.0,1,0.0,19.32,0,tripinfo_V6ToEastH6.51 emissions_V6ToEastH6.51,electric,0.89,0.0,0.0,0.0,0.0,0.0,0.0,0.0
WestA509ToEastH6.13,468.0,773_1,0.0,0.0,0.0,756.0,522_1,56.88,13.16,288.0,3082.3,14.0,2,0.0,62.91,0,tripinfo_WestA509ToEastH6.13 emissions_WestA509ToEastH6.13,electric,1.0,0.0,0.0,0.0,0.0,0.0,0.0,0.0
V6ToEastH6.53,636.0,468_1,0.0,0.0,0.0,757.0,522_1,56.88,14.04,121.0,1512.23,0.0,0,0.0,19.19,0,tripinfo_V6ToEastH6.53 emissions_V6ToEastH6.53,electric,1.07,0.0,0.0,0.0,0.0,0.0,0.0,0.0
WestH6ToSaxonSt.29,348.0,524_0,0.0,0.0,0.0,758.0,771_1,56.88,12.29,410.0,2767.88,118.0,5,0.0,175.85,0,tripinfo_WestH6ToSaxonSt.29 emissions_WestH6ToSaxonSt.29,gasoline_euro4,0.89,31760.536369,1075738.536674,169.309955,19.829907,445.256049,343119.882292,0.0
EastAveburyToWestA509.34,489.0,483_1,0.0,0.0,0.0,758.0,774_0,29.75,12.99,269.0,2311.97,49.0,5,0.0,95.24,0,tripinfo_EastAveburyToWestA509.34 emissions_EastAveburyToWestA509.34,electric,1.0,0.0,0.0,0.0,0.0,0.0,0.0,0.0
EastAveburyToWestA509.19,361.0,483_0,0.0,0.0,0.0,760.0,774_0,29.75,14.44,399.0,2265.75,190.0,5,0.0,251.08,0,tripinfo_EastAveburyToWestA509.19 emissions_EastAveburyToWestA509.19,electric,1.12,0.0,0.0,0.0,0.0,0.0,0.0,0.0
WestH6ToSaxonSt.34,408.0,524_0,0.0,0.0,0.0,764.0,771_1,56.88,12.44,356.0,2574.97,99.0,4,0.0,150.15,0,tripinfo_WestH6ToSaxonSt.34 emissions_WestH6ToSaxonSt.34,gasoline_euro4,0.92,26410.485143,927007.033661,141.604335,16.837849,381.122607,295679.905533,0.0
EastAveburyToWestA509.36,506.0,483_1,0.0,0.0,0.0,765.0,774_0,29.75,14.6,259.0,2311.97,33.0,5,0.0,107.44,0,tripinfo_EastAveburyToWestA509.36 emissions_EastAveburyToWestA509.36,electric,1.14,0.0,0.0,0.0,0.0,0.0,0.0,0.0
WestH6ToSaxonSt.33,396.0,524_0,0.0,0.0,0.0,767.0,771_1,56.88,11.31,371.0,2767.85,89.0,5,0.0,140.18,0,tripinfo_WestH6ToSaxonSt.33 emissions_WestH6ToSaxonSt.33,gasoline_euro4,0.9,26466.408108,988247.99017,143.117122,17.935205,407.087491,315212.312501,0.0
V6ToEastH6.54,648.0,468_1,0.0,0.0,0.0,770.0,522_1,56.88,12.8,122.0,1512.23,0.0,0,0.0,11.61,0,tripinfo_V6ToEastH6.54 emissions_V6ToEastH6.54,gasoline_euro4,0.99,3470.509602,354455.520043,23.162875,4.935313,133.154253,113055.390601,0.0
WestA509ToAvebury.13,234.0,773_0,0.0,0.0,0.0,772.0,213_0,19.13,13.9,538.0,2288.55,333.0,5,0.0,375.0,0,tripinfo_WestA509ToAvebury.13 emissions_WestA509ToAvebury.13,electric,1.02,0.0,0.0,0.0,0.0,0.0,0.0,0.0
EastAveburyToWestA509.22,387.0,483_0,0.0,0.0,0.0,774.0,774_0,29.75,12.42,387.0,2257.78,158.0,5,0.0,205.84,0,tripinfo_EastAveburyToWestA509.22 emissions_EastAveburyToWestA509.22,gasoline_euro4,0.91,35906.318084,1036548.86642,187.187208,20.474082,437.309348,330621.694711,0.0
V6ToEastH6.55,660.0,468_1,0.0,0.0,0.0,776.0,522_1,56.88,14.25,116.0,1512.23,0.0,0,0.0,17.51,0,tripinfo_V6ToEastH6.55 emissions_V6ToEastH6.55,electric,1.11,0.0,0.0,0.0,0.0,0.0,0.0,0.0
EastAveburyToWestA509.15,327.0,483_1,0.0,0.0,0.0,781.0,774_1,29.75,13.22,454.0,2219.98,232.0,7,0.0,293.29,0,tripinfo_EastAveburyToWestA509.15 emissions_EastAveburyToWestA509.15,electric,1.0,0.0,0.0,0.0,0.0,0.0,0.0,0.0
V6ToEastH6.56,672.0,468_1,0.0,0.0,0.0,782.0,522_1,56.88,15.49,110.0,1512.23,0.0,0,0.0,15.1,0,tripinfo_V6ToEastH6.56 emissions_V6ToEastH6.56,electric,1.16,0.0,0.0,0.0,0.0,0.0,0.0,0.0
SouthEvansGateToSilbury.30,540.0,526_0,0.0,0.0,0.0,784.0,215_1,19.43,13.22,244.0,1477.59,109.0,2,0.0,141.44,0,tripinfo_SouthEvansGateToSilbury.30 emissions_SouthEvansGateToSilbury.30,gasoline_euro4,1.04,24863.496311,726377.899348,129.963054,14.899313,309.739123,231687.517604,0.0
SouthEvansGateToSilbury.32,576.0,526_0,0.0,0.0,0.0,787.0,215_1,19.43,13.36,211.0,1477.52,73.0,2,0.0,102.03,0,tripinfo_SouthEvansGateToSilbury.32 emissions_SouthEvansGateToSilbury.32,gasoline_euro4,0.98,18380.764367,611729.892828,97.61266,11.766645,255.020493,195118.388248,0.0
WestH6ToSaxonSt.39,468.0,524_0,0.0,0.0,0.0,789.0,771_0,56.88,12.42,321.0,2608.48,93.0,4,0.0,126.49,0,tripinfo_WestH6ToSaxonSt.39 emissions_WestH6ToSaxonSt.39,electric,0.98,0.0,0.0,0.0,0.0,0.0,0.0,0.0
WestH6ToSaxonSt.38,456.0,524_0,0.0,0.0,0.0,790.0,771_0,56.88,13.79,334.0,2601.22,110.0,4,0.0,152.6,0,tripinfo_WestH6ToSaxonSt.38 emissions_WestH6ToSaxonSt.38,electric,1.03,0.0,0.0,0.0,0.0,0.0,0.0,0.0
SouthEvansGateToSilbury.33,594.0,526_0,0.0,0.0,0.0,790.0,215_1,19.43,12.03,196.0,1477.62,48.0,2,0.0,73.61,0,tripinfo_SouthEvansGateToSilbury.33 emissions_SouthEvansGateToSilbury.33,electric,0.87,0.0,0.0,0.0,0.0,0.0,0.0,0.0
SouthEvansGateToSilbury.37,666.0,526_0,0.0,0.0,0.0,792.0,215_1,19.43,15.77,126.0,1477.52,18.0,1,0.0,37.39,0,tripinfo_SouthEvansGateToSilbury.37 emissions_SouthEvansGateToSilbury.37,gasoline_euro4,1.21,7509.439874,432574.478606,43.543254,7.639881,172.421436,137972.078424,0.0
EastAveburyToWestA509.4,234.0,483_1,0.0,0.0,0.0,795.0,774_0,29.75,12.0,561.0,2328.56,308.0,7,0.0,372.88,0,tripinfo_EastAveburyToWestA509.4 emissions_EastAveburyToWestA509.4,gasoline_euro4,0.92,63220.182029,1515867.616618,323.007181,32.13068,655.795593,483511.26237,0.0
EastAveburyToWestA509.25,412.0,483_1,0.0,0.0,0.0,797.0,774_0,29.75,14.28,385.0,2328.54,148.0,6,0.0,216.74,0,tripinfo_EastAveburyToWestA509.25 emissions_EastAveburyToWestA509.25,gasoline_euro4,1.03,36556.539019,1107430.810104,191.806034,22.167972,469.250466,353228.922744,0.0
EastA509ToH6.27,486.0,770_0,0.0,0.0,0.0,798.0,522_0,56.88,11.41,312.0,1483.64,163.0,4,0.0,194.42,0,tripinfo_EastA509ToH6.27 emissions_EastA509ToH6.27,gasoline_euro4,0.91,33216.330259,835547.223765,170.328907,17.047415,355.974024,266511.521873,0.0
EastA509ToH6.29,522.0,770_0,0.0,0.0,0.0,799.0,522_1,56.88,13.18,277.0,1483.69,131.0,4,0.0,174.11,0,tripinfo_EastA509ToH6.29 emissions_EastA509ToH6.29,electric,1.04,0.0,0.0,0.0,0.0,0.0,0.0,0.0
EastA509ToH6.30,540.0,770_0,0.0,0.0,0.0,802.0,522_0,56.88,12.28,262.0,1483.75,121.0,3,0.0,151.87,0,tripinfo_EastA509ToH6.30 emissions_EastA509ToH6.30,gasoline_euro4,0.97,26245.89815,729668.99795,135.984078,14.539541,307.741301,232738.575347,0.0
EastAveburyToWestA509.26,421.0,483_1,0.0,0.0,0.0,804.0,774_0,29.75,11.85,383.0,2325.49,129.0,7,0.0,198.93,0,tripinfo_EastAveburyToWestA509.26 emissions_EastAveburyToWestA509.26,gasoline_euro4,0.94,34424.933498,1063368.485181,180.962823,20.693564,446.981515,339174.947455,0.0
WestA509ToAvebury.27,486.0,773_0,0.0,0.0,0.0,805.0,213_1,19.13,14.07,319.0,2337.28,127.0,3,0.0,159.65,0,tripinfo_WestA509ToAvebury.27 emissions_WestA509ToAvebury.27,gasoline_euro4,1.07,28131.723326,915720.570466,148.357121,17.4341,377.890714,292080.401079,0.0
EastA509ToH6.28,504.0,770_0,0.0,0.0,0.0,805.0,522_0,56.88,12.95,301.0,1483.82,147.0,4,0.0,192.94,0,tripinfo_EastA509ToH6.28 emissions_EastA509ToH6.28,electric,0.99,0.0,0.0,0.0,0.0,0.0,0.0,0.0
EastSilburyToEastAvebury.4,464.0,317_0,0.0,0.0,0.0,806.0,213_0,19.13,13.56,342.0,2473.2,121.0,6,0.0,164.77,0,tripinfo_EastSilburyToEastAvebury.4 emissions_EastSilburyToEastAvebury.4,gasoline_euro4,1.02,29421.956673,969622.908608,155.848278,18.593904,402.760661,309272.81031,0.0
SouthEvansGateToSilbury.27,486.0,526_0,0.0,0.0,0.0,807.0,215_1,19.43,13.8,321.0,1471.7,184.0,5,0.0,221.18,0,tripinfo_SouthEvansGateToSilbury.27 emissions_SouthEvansGateToSilbury.27,gasoline_euro4,1.07,37731.409035,941952.577114,193.32269,20.143647,406.568169,300450.352448,0.0
WestA509ToAvebury.30,543.0,773_0,0.0,0.0,3.0,808.0,213_0,19.13,15.26,265.0,2336.45,55.0,3,0.0,115.73,0,tripinfo_WestA509ToAvebury.30 emissions_WestA509ToAvebury.30,gasoline_euro4,1.14,19347.363722,818951.641862,106.687414,15.314825,337.909519,261211.330889,0.0
SouthEvansGateToSilbury.34,612.0,526_0,0.0,0.0,0.0,808.0,215_1,19.43,14.6,196.0,1471.7,71.0,3,0.0,99.71,0,tripinfo_SouthEvansGateToSilbury.34 emissions_SouthEvansGateToSilbury.34,gasoline_euro4,1.1,17825.218491,592493.992393,94.392113,11.681555,247.757963,188982.546436,0.0
V6ToEastH6.57,684.0,468_1,0.0,0.0,0.0,814.0,522_1,56.88,11.6,130.0,1512.23,0.0,0,0.0,11.72,0,tripinfo_V6ToEastH6.57 emissions_V6ToEastH6.57,gasoline_euro4,0.93,3876.505203,349395.766194,25.348637,5.110646,134.201768,111441.551049,0.0
V6ToEastH6.58,696.0,468_1,0.0,0.0,0.0,818.0,522_1,56.88,13.6,122.0,1512.23,0.0,0,0.0,14.83,0,tripinfo_V6ToEastH6.58 emissions_V6ToEastH6.58,electric,1.02,0.0,0.0,0.0,0.0,0.0,0.0,0.0
V6ToEastH6.59,708.0,468_1,0.0,0.0,0.0,819.0,522_1,56.88,14.94,111.0,1512.23,0.0,0,0.0,17.79,0,tripinfo_V6ToEastH6.59 emissions_V6ToEastH6.59,electric,1.17,0.0,0.0,0.0,0.0,0.0,0.0,0.0
WestH6ToSaxonSt.37,444.0,524_0,0.0,0.0,0.0,846.0,771_1,56.88,13.52,402.0,2574.93,158.0,5,0.0,212.6,0,tripinfo_WestH6ToSaxonSt.37 emissions_WestH6ToSaxonSt.37,gasoline_euro4,1.0,37465.817489,1147594.975869,196.73223,22.504164,481.358093,366040.192643,0.0
EastAveburyToWestA509.37,514.0,483_1,0.0,0.0,0.0,847.0,774_0,29.75,15.66,333.0,2241.68,103.0,8,0.0,189.25,0,tripinfo_EastAveburyToWestA509.37 emissions_EastAveburyToWestA509.37,electric,1.15,0.0,0.0,0.0,0.0,0.0,0.0,0.0
WestH6ToSaxonSt.36,432.0,524_0,0.0,0.0,0.0,848.0,771_1,56.88,12.35,416.0,2767.88,136.0,4,0.0,202.43,0,tripinfo_WestH6ToSaxonSt.36 emissions_WestH6ToSaxonSt.36,gasoline_euro4,0.97,35734.93484,1170268.524695,189.462695,22.543678,489.819206,373271.018191,0.0
V6ToEastH6.60,720.0,468_1,0.0,0.0,0.0,850.0,522_1,56.88,14.46,130.0,1512.23,6.0,2,0.0,33.55,0,tripinfo_V6ToEastH6.60 emissions_V6ToEastH6.60,electric,1.13,0.0,0.0,0.0,0.0,0.0,0.0,0.0
EastAveburyToWestA509.33,480.0,483_0,0.0,0.0,0.0,851.0,774_0,29.75,14.13,371.0,2260.78,153.0,5,0.0,220.52,0,tripinfo_EastAveburyToWestA509.33 emissions_EastAveburyToWestA509.33,gasoline_euro4,1.1,37185.978925,1107835.157572,194.409701,22.442281,469.242546,353358.041448,0.0
WestH6ToSaxonSt.44,528.0,524_0,0.0,0.0,0.0,851.0,771_1,56.88,13.31,323.0,2767.88,52.0,4,0.0,109.53,0,tripinfo_WestH6ToSaxonSt.44 emissions_WestH6ToSaxonSt.44,gasoline_euro4,0.97,20923.946071,932304.592486,116.271671,16.58146,380.03406,297366.43095,0.0
EastAveburyToWestA509.44,574.0,483_1,0.0,0.0,0.0,857.0,774_0,29.75,12.02,283.0,2308.45,51.0,4,0.0,103.93,0,tripinfo_EastAveburyToWestA509.44 emissions_EastAveburyToWestA509.44,electric,0.96,0.0,0.0,0.0,0.0,0.0,0.0,0.0
EastAveburyToWestA509.48,608.0,483_1,0.0,0.0,0.0,859.0,774_0,29.75,13.01,251.0,2311.97,14.0,3,0.0,67.92,0,tripinfo_EastAveburyToWestA509.48 emissions_EastAveburyToWestA509.48,electric,0.95,0.0,0.0,0.0,0.0,0.0,0.0,0.0
V6ToEastH6.62,744.0,468_1,0.0,0.0,0.0,859.0,522_1,56.88,14.48,115.0,1512.23,0.0,0,0.0,14.16,0,tripinfo_V6ToEastH6.62 emissions_V6ToEastH6.62,gasoline_euro4,1.08,4306.012897,373877.35662,27.660691,6.123767,146.356365,119249.43086,0.0
EastAveburyToWestA509.40,540.0,483_0,0.0,0.0,0.0,860.0,774_1,29.75,14.98,320.0,2257.78,124.0,3,0.0,171.35,0,tripinfo_EastAveburyToWestA509.40 emissions_EastAveburyToWestA509.40,electric,1.11,0.0,0.0,0.0,0.0,0.0,0.0,0.0
WestA509ToAvebury.10,180.0,773_0,0.0,0.0,0.0,861.0,213_0,19.13,12.11,681.0,2288.83,449.0,7,0.0,497.72,0,tripinfo_WestA509ToAvebury.10 emissions_WestA509ToAvebury.10,electric,0.91,0.0,0.0,0.0,0.0,0.0,0.0,0.0
EastAveburyToWestA509.30,455.0,483_0,0.0,0.0,0.0,865.0,774_0,29.75,11.02,410.0,2257.77,161.0,6,0.0,221.33,0,tripinfo_EastAveburyToWestA509.30 emissions_EastAveburyToWestA509.30,electric,0.87,0.0,0.0,0.0,0.0,0.0,0.0,0.0
EastAveburyToWestA509.35,497.0,483_1,0.0,0.0,0.0,865.0,774_1,29.75,13.06,368.0,2219.98,161.0,6,0.0,209.46,0,tripinfo_EastAveburyToWestA509.35 emissions_EastAveburyToWestA509.35,electric,1.02,0.0,0.0,0.0,0.0,0.0,0.0,0.0
WestA509ToEastH6.14,504.0,773_0,0.0,0.0,0.0,867.0,522_0,56.88,12.92,363.0,2754.89,110.0,4,0.0,156.6,0,tripinfo_WestA509ToEastH6.14 emissions_WestA509ToEastH6.14,gasoline_euro4,0.97,27673.221976,980972.579861,147.734922,17.846105,401.063217,312892.701087,0.0
EastAveburyToWestA509.41,548.0,483_0,0.0,0.0,0.0,867.0,774_0,29.75,13.67,319.0,2257.79,107.0,4,0.0,151.84,0,tripinfo_EastAveburyToWestA509.41 emissions_EastAveburyToWestA509.41,gasoline_euro4,0.99,26967.945561,909120.981145,143.352073,17.275254,377.61164,289974.748572,0.0
WestA509ToEastH6.15,540.0,773_0,0.0,0.0,0.0,868.0,522_1,56.88,13.19,328.0,2754.97,81.0,4,0.0,132.16,0,tripinfo_WestA509ToEastH6.15 emissions_WestA509ToEastH6.15,gasoline_euro4,1.02,23682.332576,948539.293563,128.460935,16.971104,384.481112,302546.085141,0.0
EastAveburyToWestA509.32,472.0,483_0,0.0,0.0,0.0,869.0,774_0,29.75,13.19,397.0,2254.73,167.0,6,0.0,232.39,0,tripinfo_EastAveburyToWestA509.32 emissions_EastAveburyToWestA509.32,gasoline_euro4,1.0,39726.470959,1117077.681617,206.76425,22.960496,477.010977,356307.111838,0.0
WestH6ToSaxonSt.47,564.0,524_0,0.0,0.0,0.0,874.0,771_0,56.88,15.12,310.0,2612.31,96.0,2,0.0,141.12,0,tripinfo_WestH6ToSaxonSt.47 emissions_WestH6ToSaxonSt.47,electric,1.13,0.0,0.0,0.0,0.0,0.0,0.0,0.0
SouthEvansGateToSilbury.38,684.0,526_0,0.0,0.0,0.0,874.0,215_1,19.43,13.2,190.0,1477.59,53.0,2,0.0,77.47,0,tripinfo_SouthEvansGateToSilbury.38 emissions_SouthEvansGateToSilbury.38,electric,0.95,0.0,0.0,0.0,0.0,0.0,0.0,0.0
SouthEvansGateToSilbury.36,648.0,526_0,0.0,0.0,0.0,876.0,215_1,19.43,12.16,228.0,1477.62,87.0,2,0.0,116.05,0,tripinfo_SouthEvansGateToSilbury.36 emissions_SouthEvansGateToSilbury.36,electric,0.96,0.0,0.0,0.0,0.0,0.0,0.0,0.0
V6ToEastH6.63,756.0,468_1,0.0,0.0,0.0,879.0,522_1,56.88,13.29,123.0,1512.23,0.0,0,0.0,12.56,0,tripinfo_V6ToEastH6.63 emissions_V6ToEastH6.63,gasoline_euro4,0.99,3774.741785,358358.732516,25.214881,5.386454,138.005039,114300.078946,0.0
SouthEvansGateToSilbury.42,756.0,526_0,0.0,0.0,0.0,880.0,215_1,19.43,14.52,124.0,1477.52,11.0,1,0.0,27.99,0,tripinfo_SouthEvansGateToSilbury.42 emissions_SouthEvansGateToSilbury.42,electric,1.11,0.0,0.0,0.0,0.0,0.0,0.0,0.0
WestH6ToSaxonSt.45,540.0,524_0,0.0,0.0,0.0,881.0,771_0,56.88,12.34,341.0,2613.57,106.0,2,0.0,135.76,0,tripinfo_WestH6ToSaxonSt.45 emissions_WestH6ToSaxonSt.45,electric,0.93,0.0,0.0,0.0,0.0,0.0,0.0,0.0
WestH6ToSaxonSt.49,588.0,524_0,0.0,0.0,0.0,882.0,771_0,56.88,13.8,294.0,2614.23,68.0,2,0.0,112.15,0,tripinfo_WestH6ToSaxonSt.49 emissions_WestH6ToSaxonSt.49,electric,1.05,0.0,0.0,0.0,0.0,0.0,0.0,0.0
EastA509ToH6.32,576.0,770_0,0.0,0.0,0.0,886.0,522_0,56.88,13.2,310.0,1483.69,166.0,4,0.0,198.51,0,tripinfo_EastA509ToH6.32 emissions_EastA509ToH6.32,electric,0.96,0.0,0.0,0.0,0.0,0.0,0.0,0.0
V6ToEastH6.61,732.0,468_1,0.0,0.0,0.0,886.0,522_1,56.88,10.94,154.0,1512.23,3.0,1,0.0,20.4,0,tripinfo_V6ToEastH6.61 emissions_V6ToEastH6.61,electric,0.82,0.0,0.0,0.0,0.0,0.0,0.0,0.0
EastA509ToH6.34,612.0,770_0,0.0,0.0,0.0,887.0,522_0,56.88,14.5,275.0,1483.8,132.0,4,0.0,185.5,0,tripinfo_EastA509ToH6.34 emissions_EastA509ToH6.34,gasoline_euro4,1.19,29911.372717,830530.471319,155.393937,17.387546,356.211887,264908.855906,0.0
EastA509ToH6.33,594.0,770_0,0.0,0.0,0.0,888.0,522_1,56.88,12.91,294.0,1483.69,148.0,4,0.0,185.82,0,tripinfo_EastA509ToH6.33 emissions_EastA509ToH6.33,electric,0.99,0.0,0.0,0.0,0.0,0.0,0.0,0.0
EastA509ToH6.35,630.0,770_0,0.0,0.0,0.0,892.0,522_0,56.88,12.31,262.0,1483.77,114.0,4,0.0,150.75,0,tripinfo_EastA509ToH6.35 emissions_EastA509ToH6.35,electric,0.96,0.0,0.0,0.0,0.0,0.0,0.0,0.0
WestA509ToAvebury.33,594.0,773_0,0.0,0.0,0.0,893.0,213_0,19.13,16.58,299.0,2336.45,109.0,3,0.0,157.87,0,tripinfo_WestA509ToAvebury.33 emissions_WestA509ToAvebury.33,gasoline_euro4,1.21,26558.257923,916272.346355,141.433894,17.902887,380.639504,292254.876625,0.0
WestH6ToSaxonSt.43,516.0,524_0,0.0,0.0,0.0,894.0,771_0,56.88,11.79,378.0,2608.48,128.0,3,0.0,168.26,0,tripinfo_WestH6ToSaxonSt.43 emissions_WestH6ToSaxonSt.43,electric,0.91,0.0,0.0,0.0,0.0,0.0,0.0,0.0
SouthEvansGateToSilbury.35,630.0,526_0,0.0,0.0,0.0,894.0,215_1,19.43,14.68,264.0,1471.7,139.0,3,0.0,167.23,0,tripinfo_SouthEvansGateToSilbury.35 emissions_SouthEvansGateToSilbury.35,gasoline_euro4,1.1,29059.108633,779949.420207,150.111332,16.442093,334.170148,248775.864022,0.0
WestH6ToSaxonSt.42,504.0,524_0,0.0,0.0,0.0,896.0,771_0,56.88,13.16,392.0,2599.3,156.0,4,0.0,210.82,0,tripinfo_WestH6ToSaxonSt.42 emissions_WestH6ToSaxonSt.42,electric,1.04,0.0,0.0,0.0,0.0,0.0,0.0,0.0
SouthEvansGateToSilbury.39,702.0,526_0,0.0,0.0,0.0,896.0,215_1,19.43,15.98,194.0,1471.7,72.0,3,0.0,101.76,0,tripinfo_SouthEvansGateToSilbury.39 emissions_SouthEvansGateToSilbury.39,gasoline_euro4,1.16,18401.643475,626753.417024,97.960696,12.536705,262.801302,199909.517925,0.0
WestA509ToAvebury.32,579.0,773_0,0.0,0.0,3.0,897.0,213_0,19.13,11.95,318.0,2337.25,99.0,3,0.0,132.01,0,tripinfo_WestA509ToAvebury.32 emissions_WestA509ToAvebury.32,gasoline_euro4,0.92,23877.799975,834188.89709,127.73442,15.142524,342.06304,266074.583481,0.0
WestH6ToSaxonSt.48,576.0,524_0,0.0,0.0,0.0,897.0,771_0,56.88,15.04,321.0,2600.56,95.0,4,0.0,172.06,0,tripinfo_WestH6ToSaxonSt.48 emissions_WestH6ToSaxonSt.48,electric,1.26,0.0,0.0,0.0,0.0,0.0,0.0,0.0
V6ToEastH6.64,768.0,468_1,0.0,0.0,0.0,898.0,522_1,56.88,12.94,130.0,1512.23,0.0,0,0.0,12.78,0,tripinfo_V6ToEastH6.64 emissions_V6ToEastH6.64,gasoline_euro4,0.94,3931.505499,365623.809109,25.811265,5.183677,138.979695,116617.685889,0.0
EastSilburyToEastAvebury.13,608.0,317_0,0.0,0.0,0.0,899.0,213_0,19.13,13.32,291.0,2473.2,50.0,3,0.0,112.47,0,tripinfo_EastSilburyToEastAvebury.13 emissions_EastSilburyToEastAvebury.13,gasoline_euro4,1.02,18816.898059,789005.617433,103.572056,14.31914,323.519476,251660.383747,0.0
WestH6ToSaxonSt.53,636.0,524_0,0.0,0.0,0.0,899.0,771_0,56.88,15.24,263.0,2614.23,45.0,2,0.0,97.43,0,tripinfo_WestH6ToSaxonSt.53 emissions_WestH6ToSaxonSt.53,electric,1.16,0.0,0.0,0.0,0.0,0.0,0.0,0.0
EastA509ToH6.37,666.0,770_0,0.0,0.0,0.0,900.0,522_1,56.88,15.67,234.0,1483.69,107.0,3,0.0,140.52,0,tripinfo_EastA509ToH6.37 emissions_EastA509ToH6.37,electric,1.15,0.0,0.0,0.0,0.0,0.0,0.0,0.0
EastA509ToH6.31,558.0,770_0,0.0,0.0,0.0,901.0,522_0,56.88,12.53,343.0,1483.77,188.0,5,0.0,231.72,0,tripinfo_EastA509ToH6.31 emissions_EastA509ToH6.31,gasoline_euro4,0.96,39203.067693,952008.400797,200.474733,20.231131,411.337452,303658.627858,0.0
WestH6ToSaxonSt.46,552.0,524_0,0.0,0.0,0.0,903.0,771_0,56.88,11.65,351.0,2602.7,85.0,2,0.0,137.2,0,tripinfo_WestH6ToSaxonSt.46 emissions_WestH6ToSaxonSt.46,electric,0.88,0.0,0.0,0.0,0.0,0.0,0.0,0.0
EastSilburyToEastAvebury.9,544.0,317_0,0.0,0.0,0.0,904.0,213_0,19.13,11.48,360.0,2473.18,115.0,3,0.0,153.53,0,tripinfo_EastSilburyToEastAvebury.9 emissions_EastSilburyToEastAvebury.9,gasoline_euro4,0.88,27849.785581,911315.497947,147.636291,16.608503,375.103806,290676.047791,0.0
V6ToEastH6.66,792.0,468_1,0.0,0.0,0.0,905.0,522_1,56.88,14.97,113.0,1512.23,0.0,0,0.0,14.2,0,tripinfo_V6ToEastH6.66 emissions_V6ToEastH6.66,gasoline_euro4,1.1,4249.833342,379918.154111,27.576895,6.149284,148.165119,121176.180182,0.0
WestA509ToAvebury.35,630.0,773_0,0.0,0.0,0.0,908.0,213_0,19.13,12.39,278.0,2337.3,55.0,2,0.0,105.02,0,tripinfo_WestA509ToAvebury.35 emissions_WestA509ToAvebury.35,gasoline_euro4,0.98,17523.088131,729592.994929,96.032675,12.476619,293.343665,232711.196347,0.0
V6ToEastH6.65,780.0,468_1,0.0,0.0,0.0,912.0,522_1,56.88,12.66,132.0,1512.23,0.0,0,0.0,13.78,0,tripinfo_V6ToEastH6.65 emissions_V6ToEastH6.65,gasoline_euro4,0.92,4381.780082,369959.050479,28.322363,5.670171,144.273902,118000.182508,0.0
WestA509ToEastH6.18,648.0,773_1,0.0,0.0,0.0,914.0,522_1,56.88,14.02,266.0,3082.3,10.0,1,0.0,49.72,0,tripinfo_WestA509ToEastH6.18 emissions_WestA509ToEastH6.18,electric,1.04,0.0,0.0,0.0,0.0,0.0,0.0,0.0
V6ToEastH6.67,804.0,468_1,0.0,0.0,0.0,925.0,522_1,56.88,14.02,121.0,1512.23,0.0,0,0.0,18.8,0,tripinfo_V6ToEastH6.67 emissions_V6ToEastH6.67,gasoline_euro4,1.07,4744.087465,394342.425584,30.346313,6.51621,155.69594,125776.896446,0.0
V6ToEastH6.68,816.0,468_1,0.0,0.0,0.0,930.0,522_1,56.88,14.51,114.0,1512.23,0.0,0,0.0,16.4,0,tripinfo_V6ToEastH6.68 emissions_V6ToEastH6.68,electric,1.12,0.0,0.0,0.0,0.0,0.0,0.0,0.0
WestH6ToSaxonSt.41,492.0,524_0,0.0,0.0,0.0,939.0,771_1,56.88,11.42,447.0,2574.94,171.0,7,0.0,221.79,0,tripinfo_WestH6ToSaxonSt.41 emissions_WestH6ToSaxonSt.41,gasoline_euro4,0.84,39268.107184,1114643.219657,204.588605,21.209558,466.199369,355532.274914,0.0
EastAveburyToWestA509.43,565.0,483_0,0.0,0.0,0.0,939.0,774_0,29.75,14.2,374.0,2254.73,160.0,6,0.0,216.3,0,tripinfo_EastAveburyToWestA509.43 emissions_EastAveburyToWestA509.43,gasoline_euro4,1.04,36611.887942,1060939.613689,190.794744,21.452929,449.432918,338400.802202,0.0
WestH6ToSaxonSt.40,480.0,524_0,0.0,0.0,0.0,941.0,771_1,56.88,12.62,461.0,2767.87,177.0,9,0.0,248.05,0,tripinfo_WestH6ToSaxonSt.40 emissions_WestH6ToSaxonSt.40,gasoline_euro4,0.97,43612.085685,1313050.982373,228.693301,26.094817,555.376193,418814.452752,0.0
EastAveburyToWestA509.55,667.0,483_1,0.0,0.0,0.0,943.0,774_0,29.75,12.41,276.0,2307.67,42.0,5,0.0,98.46,0,tripinfo_EastAveburyToWestA509.55 emissions_EastAveburyToWestA509.55,electric,0.98,0.0,0.0,0.0,0.0,0.0,0.0,0.0
WestA509ToAvebury.12,219.0,773_0,0.0,0.0,3.0,946.0,213_0,19.13,14.97,727.0,2287.02,514.0,9,0.0,581.87,0,tripinfo_WestA509ToAvebury.12 emissions_WestA509ToAvebury.12,electric,1.15,0.0,0.0,0.0,0.0,0.0,0.0,0.0
EastSilburyToEastAvebury.0,400.0,317_0,0.0,0.0,0.0,947.0,213_0,19.13,15.63,547.0,680.87,443.0,9,0.0,503.11,0,tripinfo_EastSilburyToEastAvebury.0 emissions_EastSilburyToEastAvebury.0,electric,1.14,0.0,0.0,0.0,0.0,0.0,0.0,0.0
EastAveburyToWestA509.59,701.0,483_1,0.0,0.0,0.0,949.0,774_0,29.75,11.75,248.0,2308.45,7.0,2,0.0,65.24,0,tripinfo_EastAveburyToWestA509.59 emissions_EastAveburyToWestA509.59,electric,0.93,0.0,0.0,0.0,0.0,0.0,0.0,0.0
V6ToEastH6.69,828.0,468_1,0.0,0.0,0.0,949.0,522_1,56.88,14.06,121.0,1512.23,0.0,0,0.0,14.61,0,tripinfo_V6ToEastH6.69 emissions_V6ToEastH6.69,gasoline_euro4,1.03,3929.499377,362865.654382,25.740624,5.514314,139.802694,115737.550523,0.0
WestA509ToEastH6.16,576.0,773_0,0.0,0.0,0.0,951.0,522_0,56.88,14.87,375.0,2755.0,151.0,4,0.0,197.98,0,tripinfo_WestA509ToEastH6.16 emissions_WestA509ToEastH6.16,gasoline_euro4,1.13,35366.2362,1140590.896573,186.429082,22.52743,475.832452,363804.852774,0.0
WestH6ToSaxonSt.55,660.0,524_0,0.0,0.0,0.0,957.0,771_0,56.88,14.79,297.0,2613.57,86.0,2,0.0,118.28,0,tripinfo_WestH6ToSaxonSt.55 emissions_WestH6ToSaxonSt.55,electric,1.07,0.0,0.0,0.0,0.0,0.0,0.0,0.0
WestH6ToSaxonSt.52,624.0,524_0,0.0,0.0,0.0,960.0,771_0,56.88,14.99,336.0,2602.68,122.0,3,0.0,163.95,0,tripinfo_WestH6ToSaxonSt.52 emissions_WestH6ToSaxonSt.52,electric,1.09,0.0,0.0,0.0,0.0,0.0,0.0,0.0
SouthEvansGateToSilbury.43,774.0,526_0,0.0,0.0,0.0,961.0,215_1,19.43,12.44,187.0,1477.59,52.0,1,0.0,68.49,0,tripinfo_SouthEvansGateToSilbury.43 emissions_SouthEvansGateToSilbury.43,electric,0.91,0.0,0.0,0.0,0.0,0.0,0.0,0.0
SouthEvansGateToSilbury.41,738.0,526_0,0.0,0.0,0.0,962.0,215_1,19.43,13.21,224.0,1477.62,88.0,2,0.0,114.64,0,tripinfo_SouthEvansGateToSilbury.41 emissions_SouthEvansGateToSilbury.41,electric,0.98,0.0,0.0,0.0,0.0,0.0,0.0,0.0
V6ToEastH6.70,840.0,468_1,0.0,0.0,0.0,963.0,522_1,56.88,13.38,123.0,1512.23,0.0,0,0.0,12.56,0,tripinfo_V6ToEastH6.70 emissions_V6ToEastH6.70,electric,0.99,0.0,0.0,0.0,0.0,0.0,0.0,0.0
WestA509ToEastH6.17,612.0,773_0,0.0,0.0,0.0,964.0,522_0,56.88,10.4,352.0,2754.98,50.0,4,0.0,88.25,0,tripinfo_WestA509ToEastH6.17 emissions_WestA509ToEastH6.17,gasoline_euro4,0.76,18579.128174,797140.792254,102.762734,12.165545,314.409337,254257.425464,0.0
V6ToEastH6.71,852.0,468_1,0.0,0.0,0.0,964.0,522_1,56.88,15.21,112.0,1512.23,0.0,0,0.0,13.5,0,tripinfo_V6ToEastH6.71 emissions_V6ToEastH6.71,electric,1.11,0.0,0.0,0.0,0.0,0.0,0.0,0.0
EastAveburyToWestA509.42,557.0,483_0,0.0,0.0,0.0,966.0,774_0,29.75,9.12,409.0,2257.77,135.0,4,0.0,176.73,0,tripinfo_EastAveburyToWestA509.42 emissions_EastAveburyToWestA509.42,electric,0.71,0.0,0.0,0.0,0.0,0.0,0.0,0.0
SouthEvansGateToSilbury.44,792.0,526_0,0.0,0.0,0.0,967.0,215_1,19.43,15.47,175.0,1477.59,63.0,1,0.0,81.26,0,tripinfo_SouthEvansGateToSilbury.44 emissions_SouthEvansGateToSilbury.44,electric,1.14,0.0,0.0,0.0,0.0,0.0,0.0,0.0
WestH6ToSaxonSt.56,672.0,524_0,0.0,0.0,0.0,968.0,771_0,56.88,14.97,296.0,2601.42,88.0,3,0.0,130.26,0,tripinfo_WestH6ToSaxonSt.56 emissions_WestH6ToSaxonSt.56,electric,1.13,0.0,0.0,0.0,0.0,0.0,0.0,0.0
EastAveburyToWestA509.27,429.0,483_1,0.0,0.0,0.0,969.0,774_0,29.75,12.25,540.0,2325.7,280.0,8,0.0,352.09,0,tripinfo_EastAveburyToWestA509.27 emissions_EastAveburyToWestA509.27,gasoline_euro4,0.92,60204.947135,1492135.735903,308.690274,31.225894,642.863603,475940.755116,0.0
EastAveburyToWestA509.23,395.0,483_1,0.0,0.0,0.0,970.0,774_0,29.75,13.95,575.0,2328.56,311.0,9,0.0,402.31,0,tripinfo_EastAveburyToWestA509.23 emissions_EastAveburyToWestA509.23,gasoline_euro4,1.0,67443.919322,1621710.566158,345.01102,35.385245,709.174669,517270.299539,0.0
EastA509ToH6.36,648.0,770_0,0.0,0.0,0.0,971.0,522_0,56.88,12.75,323.0,1483.8,176.0,4,0.0,214.03,0,tripinfo_EastA509ToH6.36 emissions_EastA509ToH6.36,gasoline_euro4,0.98,36592.335371,915590.162938,187.689279,19.252767,393.881839,292041.970687,0.0
EastA509ToH6.39,702.0,770_0,0.0,0.0,0.0,973.0,522_1,56.88,16.34,271.0,1483.8,122.0,4,0.0,180.66,0,tripinfo_EastA509ToH6.39 emissions_EastA509ToH6.39,electric,1.18,0.0,0.0,0.0,0.0,0.0,0.0,0.0
EastAveburyToWestA509.39,531.0,483_1,0.0,0.0,0.0,974.0,774_0,29.75,13.68,443.0,2328.54,198.0,7,0.0,266.73,0,tripinfo_EastAveburyToWestA509.39 emissions_EastAveburyToWestA509.39,gasoline_euro4,0.99,45096.224804,1236731.895159,233.688699,25.181626,526.882861,394473.372411,0.0
EastA509ToH6.38,684.0,770_0,0.0,0.0,0.0,976.0,522_0,56.88,12.68,292.0,1483.75,137.0,4,0.0,177.21,0,tripinfo_EastA509ToH6.38 emissions_EastA509ToH6.38,electric,0.94,0.0,0.0,0.0,0.0,0.0,0.0,0.0
V6ToEastH6.73,876.0,468_1,0.0,0.0,0.0,980.0,522_1,56.88,16.89,104.0,1512.23,0.0,0,0.0,14.51,0,tripinfo_V6ToEastH6.73 emissions_V6ToEastH6.73,electric,1.23,0.0,0.0,0.0,0.0,0.0,0.0,0.0
WestA509ToAvebury.37,666.0,773_0,0.0,0.0,0.0,981.0,213_1,19.13,15.56,315.0,2337.28,126.0,3,0.0,164.48,0,tripinfo_WestA509ToAvebury.37 emissions_WestA509ToAvebury.37,gasoline_euro4,1.13,29014.688384,948289.239278,153.457873,18.601041,394.939279,302467.922256,0.0
EastSilburyToEastAvebury.19,704.0,317_0,0.0,0.0,0.0,982.0,213_0,19.13,13.96,278.0,2473.17,67.0,2,0.0,100.21,0,tripinfo_EastSilburyToEastAvebury.19 emissions_EastSilburyToEastAvebury.19,gasoline_euro4,1.02,18698.573473,786533.25578,102.506833,13.763644,316.170282,250872.48441,0.0
SouthEvansGateToSilbury.40,720.0,526_0,0.0,0.0,0.0,983.0,215_1,19.43,12.54,263.0,1471.73,126.0,3,0.0,154.37,0,tripinfo_SouthEvansGateToSilbury.40 emissions_SouthEvansGateToSilbury.40,gasoline_euro4,0.98,26993.597092,737259.435323,139.732267,14.909777,312.48122,235159.719916,0.0
WestA509ToAvebury.38,684.0,773_0,0.0,0.0,0.0,984.0,213_0,19.13,13.6,300.0,2336.4,96.0,4,0.0,131.38,0,tripinfo_WestA509ToAvebury.38 emissions_WestA509ToAvebury.38,gasoline_euro4,1.01,23538.464744,843015.93568,125.926256,15.692908,346.960118,268889.22811,0.0
WestA509ToAvebury.39,702.0,773_0,0.0,0.0,0.0,986.0,213_1,19.13,12.1,284.0,2336.41,62.0,2,0.0,92.42,0,tripinfo_WestA509ToAvebury.39 emissions_WestA509ToAvebury.39,gasoline_euro4,0.89,17744.725551,737600.476701,97.481988,12.322841,295.283425,235265.661041,0.0
WestA509ToAvebury.40,723.0,773_0,0.0,0.0,3.0,987.0,213_0,19.13,12.57,264.0,2336.4,47.0,3,0.0,83.01,0,tripinfo_WestA509ToAvebury.40 emissions_WestA509ToAvebury.40,gasoline_euro4,0.94,15360.870494,690111.57303,85.331569,11.361309,274.406416,220117.963185,0.0
EastSilburyToEastAvebury.15,640.0,317_0,0.0,0.0,0.0,989.0,213_0,19.13,11.82,349.0,1590.83,184.0,7,0.0,225.08,0,tripinfo_EastSilburyToEastAvebury.15 emissions_EastSilburyToEastAvebury.15,electric,0.94,0.0,0.0,0.0,0.0,0.0,0.0,0.0
V6ToEastH6.72,864.0,468_1,0.0,0.0,0.0,1007.0,522_0,56.88,11.6,143.0,1512.23,2.0,1,0.0,19.1,0,tripinfo_V6ToEastH6.72 emissions_V6ToEastH6.72,electric,0.88,0.0,0.0,0.0,0.0,0.0,0.0,0.0
EastAveburyToWestA509.65,752.0,483_1,0.0,0.0,0.0,1009.0,774_0,29.75,15.25,257.0,2308.45,43.0,4,0.0,113.34,0,tripinfo_EastAveburyToWestA509.65 emissions_EastAveburyToWestA509.65,electric,1.19,0.0,0.0,0.0,0.0,0.0,0.0,0.0
V6ToEastH6.75,900.0,468_1,0.0,0.0,0.0,1010.0,522_1,56.88,16.45,110.0,1512.23,0.0,0,0.0,22.01,0,tripinfo_V6ToEastH6.75 emissions_V6ToEastH6.75,electric,1.24,0.0,0.0,0.0,0.0,0.0,0.0,0.0
EastAveburyToWestA509.66,761.0,483_1,0.0,0.0,0.0,1016.0,774_0,29.75,15.04,255.0,2308.45,39.0,5,0.0,105.44,0,tripinfo_EastAveburyToWestA509.66 emissions_EastAveburyToWestA509.66,electric,1.14,0.0,0.0,0.0,0.0,0.0,0.0,0.0
WestH6ToSaxonSt.51,612.0,524_0,0.0,0.0,0.0,1017.0,771_1,56.88,13.19,405.0,2574.94,163.0,7,0.0,212.28,0,tripinfo_WestH6ToSaxonSt.51 emissions_WestH6ToSaxonSt.51,gasoline_euro4,0.98,37317.406321,1115700.775883,195.209856,21.60768,465.984846,355868.023178,0.0
WestH6ToSaxonSt.54,648.0,524_0,0.0,0.0,0.0,1019.0,771_1,56.88,13.95,371.0,2767.88,105.0,6,0.0,175.32,0,tripinfo_WestH6ToSaxonSt.54 emissions_WestH6ToSaxonSt.54,gasoline_euro4,1.06,31259.100034,1120391.907574,167.701977,21.665114,467.949417,357360.318412,0.0
WestH6ToSaxonSt.50,600.0,524_0,0.0,0.0,0.0,1020.0,771_1,56.88,14.81,420.0,2767.85,156.0,7,0.0,228.91,0,tripinfo_WestH6ToSaxonSt.50 emissions_WestH6ToSaxonSt.50,gasoline_euro4,1.08,40529.24965,1291762.535968,214.253105,26.046721,547.339085,412022.370935,0.0
WestH6ToSaxonSt.58,696.0,524_0,0.0,0.0,0.0,1022.0,771_1,56.88,13.86,326.0,2574.94,99.0,4,0.0,139.75,0,tripinfo_WestH6ToSaxonSt.58 emissions_WestH6ToSaxonSt.58,gasoline_euro4,1.01,25465.233793,925420.885918,136.707634,17.113696,380.186052,295173.103683,0.0
WestH6ToSaxonSt.60,720.0,524_0,0.0,0.0,0.0,1024.0,771_1,56.88,14.7,304.0,2767.88,52.0,4,0.0,116.86,0,tripinfo_WestH6ToSaxonSt.60 emissions_WestH6ToSaxonSt.60,gasoline_euro4,1.11,21547.38015,982123.975224,120.496669,18.494652,406.256635,313255.272497,0.0
V6ToEastH6.74,888.0,468_1,0.0,0.0,0.0,1024.0,522_0,56.88,11.92,136.0,1512.23,0.0,0,0.0,12.09,0,tripinfo_V6ToEastH6.74 emissions_V6ToEastH6.74,gasoline_euro4,0.88,3757.765582,338417.375346,24.679529,4.627591,128.281762,107940.30701,0.0
EastAveburyToWestA509.50,625.0,483_0,0.0,0.0,0.0,1028.0,774_0,29.75,13.55,403.0,2258.65,191.0,4,0.0,245.77,0,tripinfo_EastAveburyToWestA509.50 emissions_EastAveburyToWestA509.50,gasoline_euro4,1.05,42529.003101,1200408.09771,221.237455,24.87308,513.571802,382886.128573,0.0
EastAveburyToWestA509.51,633.0,483_0,0.0,0.0,0.0,1032.0,774_0,29.75,12.41,399.0,2257.79,183.0,5,0.0,230.99,0,tripinfo_EastAveburyToWestA509.51 emissions_EastAveburyToWestA509.51,electric,0.98,0.0,0.0,0.0,0.0,0.0,0.0,0.0
EastAveburyToWestA509.54,659.0,483_0,0.0,0.0,0.0,1033.0,774_1,29.75,13.93,374.0,2254.74,148.0,6,0.0,223.62,0,tripinfo_EastAveburyToWestA509.54 emissions_EastAveburyToWestA509.54,gasoline_euro4,1.09,36914.588644,1095012.763783,193.422107,22.486283,467.209873,349267.937337,0.0
EastAveburyToWestA509.52,642.0,483_1,0.0,0.0,0.0,1035.0,774_0,29.75,12.58,393.0,2241.68,164.0,8,0.0,224.54,0,tripinfo_EastAveburyToWestA509.52 emissions_EastAveburyToWestA509.52,electric,0.98,0.0,0.0,0.0,0.0,0.0,0.0,0.0
EastSilburyToEastAvebury.2,432.0,317_0,0.0,0.0,0.0,1038.0,213_0,19.13,14.01,606.0,1576.66,433.0,10,0.0,500.39,0,tripinfo_EastSilburyToEastAvebury.2 emissions_EastSilburyToEastAvebury.2,electric,1.1,0.0,0.0,0.0,0.0,0.0,0.0,0.0
WestA509ToEastH6.19,684.0,773_1,0.0,0.0,0.0,1038.0,522_0,56.88,11.25,354.0,3082.3,52.0,3,0.0,94.08,0,tripinfo_WestA509ToEastH6.19 emissions_WestA509ToEastH6.19,electric,0.87,0.0,0.0,0.0,0.0,0.0,0.0,0.0
V6ToEastH6.76,912.0,468_1,0.0,0.0,0.0,1038.0,522_1,56.88,15.57,126.0,1512.23,1.0,1,0.0,34.32,0,tripinfo_V6ToEastH6.76 emissions_V6ToEastH6.76,electric,1.2,0.0,0.0,0.0,0.0,0.0,0.0,0.0
EastAveburyToWestA509.60,710.0,483_0,0.0,0.0,0.0,1040.0,774_1,29.75,15.08,330.0,2260.94,98.0,6,0.0,180.43,0,tripinfo_EastAveburyToWestA509.60 emissions_EastAveburyToWestA509.60,electric,1.11,0.0,0.0,0.0,0.0,0.0,0.0,0.0
WestA509ToEastH6.20,720.0,773_0,0.0,0.0,0.0,1042.0,522_0,56.88,12.95,322.0,2754.12,69.0,4,0.0,122.23,0,tripinfo_WestA509ToEastH6.20 emissions_WestA509ToEastH6.20,gasoline_euro4,1.0,21417.757173,899370.432861,117.859515,15.831585,364.373395,286862.868654,0.0
WestA509ToEastH6.21,756.0,773_0,0.0,0.0,0.0,1042.0,522_1,56.88,15.84,286.0,2754.15,83.0,2,0.0,119.22,0,tripinfo_WestA509ToEastH6.21 emissions_WestA509ToEastH6.21,gasoline_euro4,1.2,21809.487067,910039.091092,119.416236,17.025088,370.104835,290264.802303,0.0
EastAveburyToWestA509.53,650.0,483_0,0.0,0.0,0.0,1043.0,774_1,29.75,14.02,393.0,2264.22,153.0,7,0.0,235.02,0,tripinfo_EastAveburyToWestA509.53 emissions_EastAveburyToWestA509.53,gasoline_euro4,1.05,39859.29103,1186326.844359,209.030291,24.719721,509.515869,378393.130243,0.0
EastAveburyToWestA509.56,676.0,483_0,0.0,0.0,0.0,1046.0,774_0,29.75,11.49,370.0,2254.71,125.0,5,0.0,181.0,0,tripinfo_EastAveburyToWestA509.56 emissions_EastAveburyToWestA509.56,gasoline_euro4,0.87,31512.378312,968868.251478,165.762613,18.427493,404.88095,309033.502377,0.0
EastAveburyToWestA509.49,616.0,483_1,0.0,0.0,0.0,1047.0,774_1,29.75,12.45,431.0,2219.98,210.0,7,0.0,265.0,0,tripinfo_EastAveburyToWestA509.49 emissions_EastAveburyToWestA509.49,electric,0.97,0.0,0.0,0.0,0.0,0.0,0.0,0.0
SouthEvansGateToSilbury.47,846.0,526_0,0.0,0.0,0.0,1049.0,215_1,19.43,13.5,203.0,1477.52,67.0,3,0.0,96.16,0,tripinfo_SouthEvansGateToSilbury.47 emissions_SouthEvansGateToSilbury.47,electric,1.0,0.0,0.0,0.0,0.0,0.0,0.0,0.0
WestH6ToSaxonSt.61,732.0,524_0,0.0,0.0,0.0,1050.0,771_0,56.88,12.96,318.0,2613.57,92.0,2,0.0,129.51,0,tripinfo_WestH6ToSaxonSt.61 emissions_WestH6ToSaxonSt.61,electric,1.02,0.0,0.0,0.0,0.0,0.0,0.0,0.0
SouthEvansGateToSilbury.48,864.0,526_0,0.0,0.0,0.0,1051.0,215_1,19.43,14.1,187.0,1477.59,63.0,1,0.0,85.13,0,tripinfo_SouthEvansGateToSilbury.48 emissions_SouthEvansGateToSilbury.48,electric,1.05,0.0,0.0,0.0,0.0,0.0,0.0,0.0
V6ToEastH6.78,936.0,468_1,0.0,0.0,0.0,1052.0,522_1,56.88,15.28,116.0,1512.23,0.0,0,0.0,21.09,0,tripinfo_V6ToEastH6.78 emissions_V6ToEastH6.78,electric,1.16,0.0,0.0,0.0,0.0,0.0,0.0,0.0
EastA509ToH6.41,738.0,770_0,0.0,0.0,0.0,1060.0,522_0,56.88,13.54,322.0,1483.69,185.0,4,0.0,218.52,0,tripinfo_EastA509ToH6.41 emissions_EastA509ToH6.41,gasoline_euro4,1.03,37402.553252,919214.877561,191.362502,19.558466,396.1852,293198.315447,0.0
V6ToEastH6.77,924.0,468_1,0.0,0.0,0.0,1060.0,522_1,56.88,12.17,136.0,1512.23,0.0,0,0.0,12.74,0,tripinfo_V6ToEastH6.77 emissions_V6ToEastH6.77,electric,0.89,0.0,0.0,0.0,0.0,0.0,0.0,0.0
WestH6ToSaxonSt.63,756.0,524_0,0.0,0.0,0.0,1061.0,771_0,56.88,12.09,305.0,2613.57,64.0,2,0.0,93.2,0,tripinfo_WestH6ToSaxonSt.63 emissions_WestH6ToSaxonSt.63,electric,0.9,0.0,0.0,0.0,0.0,0.0,0.0,0.0
WestH6ToSaxonSt.59,708.0,524_0,0.0,0.0,0.0,1063.0,771_0,56.88,12.52,355.0,2603.34,119.0,3,0.0,159.65,0,tripinfo_WestH6ToSaxonSt.59 emissions_WestH6ToSaxonSt.59,electric,0.96,0.0,0.0,0.0,0.0,0.0,0.0,0.0
EastAveburyToWestA509.57,684.0,483_1,0.0,0.0,0.0,1064.0,774_0,29.75,11.0,380.0,2219.91,137.0,5,0.0,184.57,0,tripinfo_EastAveburyToWestA509.57 emissions_EastAveburyToWestA509.57,electric,0.82,0.0,0.0,0.0,0.0,0.0,0.0,0.0
EastA509ToH6.42,756.0,770_0,0.0,0.0,0.0,1065.0,522_1,56.88,14.4,309.0,1483.8,156.0,4,0.0,212.98,0,tripinfo_EastA509ToH6.42 emissions_EastA509ToH6.42,gasoline_euro4,1.12,34247.859318,888375.795575,176.371515,18.69456,381.945004,283360.687027,0.0
EastA509ToH6.43,774.0,770_0,0.0,0.0,0.0,1065.0,522_0,56.88,11.97,291.0,1483.69,142.0,4,0.0,176.01,0,tripinfo_EastA509ToH6.43 emissions_EastA509ToH6.43,gasoline_euro4,0.93,30141.48072,795609.654923,155.538404,16.212753,338.988387,253771.840131,0.0
SouthEvansGateToSilbury.45,810.0,526_0,0.0,0.0,0.0,1069.0,215_1,19.43,16.21,259.0,1471.73,137.0,3,0.0,168.98,0,tripinfo_SouthEvansGateToSilbury.45 emissions_SouthEvansGateToSilbury.45,gasoline_euro4,1.19,29128.306743,790350.760371,150.552896,16.702908,338.272208,252093.282915,0.0
WestA509ToAvebury.44,792.0,773_0,0.0,0.0,0.0,1070.0,213_0,19.13,13.61,278.0,2336.45,66.0,2,0.0,116.3,0,tripinfo_WestA509ToAvebury.44 emissions_WestA509ToAvebury.44,gasoline_euro4,1.06,19115.727887,775441.125782,104.306025,13.814616,314.860414,247334.604173,0.0
EastSilburyToEastAvebury.22,752.0,317_0,0.0,0.0,0.0,1071.0,213_1,19.13,12.58,319.0,2473.17,81.0,7,0.0,127.89,0,tripinfo_EastSilburyToEastAvebury.22 emissions_EastSilburyToEastAvebury.22,gasoline_euro4,0.95,23143.692674,862775.603752,124.590543,15.412836,351.532878,275191.930729,0.0
EastA509ToH6.45,810.0,770_0,0.0,0.0,0.0,1071.0,522_1,56.88,14.75,261.0,1483.8,111.0,3,0.0,165.36,0,tripinfo_EastA509ToH6.45 emissions_EastA509ToH6.45,gasoline_euro4,1.12,26834.156929,762359.745645,139.558535,15.713604,325.010633,243164.742787,0.0
SouthEvansGateToSilbury.46,828.0,526_0,0.0,0.0,0.0,1072.0,215_1,19.43,13.09,244.0,1471.73,116.0,3,0.0,139.8,0,tripinfo_SouthEvansGateToSilbury.46 emissions_SouthEvansGateToSilbury.46,gasoline_euro4,1.02,24239.75723,688047.569479,125.934353,13.743855,289.578747,219462.493881,0.0
EastA509ToH6.40,720.0,770_0,0.0,0.0,0.0,1073.0,522_0,56.88,10.95,353.0,1483.75,190.0,4,0.0,222.37,0,tripinfo_EastA509ToH6.40 emissions_EastA509ToH6.40,gasoline_euro4,0.82,38315.288758,915050.762552,195.723176,18.824479,392.313544,291871.469536,0.0
WestA509ToAvebury.45,810.0,773_0,0.0,0.0,0.0,1073.0,213_1,19.13,13.71,263.0,2336.43,49.0,3,0.0,92.33,0,tripinfo_WestA509ToAvebury.45 emissions_WestA509ToAvebury.45,gasoline_euro4,1.0,16603.505006,732280.692057,91.666704,12.846969,295.907991,233567.45571,0.0
WestA509ToAvebury.43,774.0,773_0,0.0,0.0,0.0,1074.0,213_0,19.13,10.94,300.0,2337.25,60.0,2,0.0,90.64,0,tripinfo_WestA509ToAvebury.43 emissions_WestA509ToAvebury.43,gasoline_euro4,0.81,17748.093019,705376.51111,97.013487,11.625178,283.019511,224988.047914,0.0
EastSilburyToEastAvebury.20,720.0,317_0,0.0,0.0,0.0,1075.0,213_1,19.13,12.83,355.0,2473.19,118.0,5,0.0,163.81,0,tripinfo_EastSilburyToEastAvebury.20 emissions_EastSilburyToEastAvebury.20,gasoline_euro4,0.95,28761.410398,936502.797332,152.293481,17.47233,387.1864,298709.510733,0.0
EastA509ToH6.44,792.0,770_0,0.0,0.0,0.0,1075.0,522_0,56.88,11.58,283.0,1483.8,116.0,4,0.0,157.0,0,tripinfo_EastA509ToH6.44 emissions_EastA509ToH6.44,electric,0.85,0.0,0.0,0.0,0.0,0.0,0.0,0.0
V6ToEastH6.80,960.0,468_1,0.0,0.0,0.0,1079.0,522_1,56.88,14.4,119.0,1512.23,0.0,0,0.0,13.51,0,tripinfo_V6ToEastH6.80 emissions_V6ToEastH6.80,gasoline_euro4,1.04,4039.627907,372484.472739,26.440549,5.752756,143.405586,118805.439191,0.0
V6ToEastH6.79,948.0,468_1,0.0,0.0,0.0,1085.0,522_0,56.88,10.85,137.0,1512.23,0.0,0,0.0,12.16,0,tripinfo_V6ToEastH6.79 emissions_V6ToEastH6.79,electric,0.87,0.0,0.0,0.0,0.0,0.0,0.0,0.0
V6ToEastH6.81,972.0,468_1,0.0,0.0,0.0,1095.0,522_1,56.88,13.38,123.0,1512.23,0.0,0,0.0,12.46,0,tripinfo_V6ToEastH6.81 emissions_V6ToEastH6.81,gasoline_euro4,0.99,3915.575366,358239.703995,25.685083,5.484293,138.666944,114262.055258,0.0
WestA509ToEastH6.22,792.0,773_1,0.0,0.0,0.0,1102.0,522_1,56.88,12.57,310.0,3082.3,37.0,1,0.0,75.44,0,tripinfo_WestA509ToEastH6.22 emissions_WestA509ToEastH6.22,electric,0.96,0.0,0.0,0.0,0.0,0.0,0.0,0.0
WestA509ToEastH6.23,828.0,773_1,0.0,0.0,0.0,1107.0,522_1,56.88,12.53,279.0,3082.3,5.0,2,0.0,47.79,0,tripinfo_WestA509ToEastH6.23 emissions_WestA509ToEastH6.23,electric,0.98,0.0,0.0,0.0,0.0,0.0,0.0,0.0
V6ToEastH6.83,996.0,468_1,0.0,0.0,0.0,1108.0,522_1,56.88,15.89,112.0,1512.23,0.0,0,0.0,19.29,0,tripinfo_V6ToEastH6.83 emissions_V6ToEastH6.83,electric,1.18,0.0,0.0,0.0,0.0,0.0,0.0,0.0
V6ToEastH6.82,984.0,468_1,0.0,0.0,0.0,1110.0,522_1,56.88,14.61,126.0,1512.23,0.0,0,0.0,22.91,0,tripinfo_V6ToEastH6.82 emissions_V6ToEastH6.82,gasoline_euro4,1.06,5052.824301,409291.96653,31.987076,6.57666,160.518391,130545.367053,0.0
WestH6ToSaxonSt.57,684.0,524_0,0.0,0.0,0.0,1113.0,771_1,56.88,13.85,429.0,2767.87,163.0,6,0.0,222.54,0,tripinfo_WestH6ToSaxonSt.57 emissions_WestH6ToSaxonSt.57,gasoline_euro4,1.0,39724.568996,1234882.191061,209.139614,24.403676,520.207885,393880.913453,0.0
WestH6ToSaxonSt.65,780.0,524_0,0.0,0.0,0.0,1115.0,771_1,56.88,14.33,335.0,2767.88,82.0,4,0.0,143.08,0,tripinfo_WestH6ToSaxonSt.65 emissions_WestH6ToSaxonSt.65,gasoline_euro4,1.08,26385.538873,1057705.041449,144.443868,20.397951,441.609236,337363.815853,0.0
V6ToEastH6.84,1008.0,468_1,0.0,0.0,0.0,1116.0,522_1,56.88,16.09,108.0,1512.23,0.0,0,0.0,19.02,0,tripinfo_V6ToEastH6.84 emissions_V6ToEastH6.84,gasoline_euro4,1.24,5310.272164,427988.887049,33.696346,7.644599,171.429265,136508.048752,0.0
EastAveburyToWestA509.75,837.0,483_1,0.0,0.0,0.0,1117.0,774_0,29.75,13.67,280.0,2308.5,55.0,3,0.0,111.47,0,tripinfo_EastAveburyToWestA509.75 emissions_EastAveburyToWestA509.75,electric,1.01,0.0,0.0,0.0,0.0,0.0,0.0,0.0
EastAveburyToWestA509.58,693.0,483_0,0.0,0.0,0.0,1121.0,774_0,29.75,12.61,428.0,2260.81,195.0,7,0.0,255.2,0,tripinfo_EastAveburyToWestA509.58 emissions_EastAveburyToWestA509.58,gasoline_euro4,0.96,43750.078705,1190126.560802,226.306887,23.99283,504.87086,379608.480776,0.0
WestA509ToAvebury.15,270.0,773_0,0.0,0.0,0.0,1125.0,213_0,19.13,12.6,855.0,2288.83,616.0,9,0.0,675.61,0,tripinfo_WestA509ToAvebury.15 emissions_WestA509ToAvebury.15,electric,0.93,0.0,0.0,0.0,0.0,0.0,0.0,0.0
EastAveburyToWestA509.63,735.0,483_0,0.0,0.0,0.0,1125.0,774_1,29.75,12.83,390.0,2254.72,158.0,5,0.0,220.65,0,tripinfo_EastAveburyToWestA509.63 emissions_EastAveburyToWestA509.63,gasoline_euro4,0.97,37099.203311,1062526.675068,193.271185,21.21506,449.701581,338907.591615,0.0
EastAveburyToWestA509.62,727.0,483_0,0.0,0.0,0.0,1126.0,774_0,29.75,11.56,399.0,2257.79,164.0,4,0.0,215.11,0,tripinfo_EastAveburyToWestA509.62 emissions_EastAveburyToWestA509.62,gasoline_euro4,0.9,37108.436786,1052073.806289,193.110545,20.758103,444.289737,335574.002426,0.0
EastAveburyToWestA509.61,718.0,483_0,0.0,0.0,0.0,1133.0,774_0,29.75,10.85,415.0,2260.92,168.0,5,0.0,223.71,0,tripinfo_EastAveburyToWestA509.61 emissions_EastAveburyToWestA509.61,electric,0.86,0.0,0.0,0.0,0.0,0.0,0.0,0.0
EastAveburyToWestA509.74,829.0,483_1,0.0,0.0,0.0,1134.0,774_0,29.75,12.21,305.0,2311.97,67.0,5,0.0,124.59,0,tripinfo_EastAveburyToWestA509.74 emissions_EastAveburyToWestA509.74,electric,0.96,0.0,0.0,0.0,0.0,0.0,0.0,0.0
WestH6ToSaxonSt.67,804.0,524_0,0.0,0.0,0.0,1137.0,771_0,56.88,15.09,333.0,2603.36,113.0,4,0.0,162.88,0,tripinfo_WestH6ToSaxonSt.67 emissions_WestH6ToSaxonSt.67,electric,1.11,0.0,0.0,0.0,0.0,0.0,0.0,0.0
SouthEvansGateToSilbury.51,918.0,526_0,0.0,0.0,0.0,1137.0,215_1,19.43,12.66,219.0,1477.55,81.0,3,0.0,110.51,0,tripinfo_SouthEvansGateToSilbury.51 emissions_SouthEvansGateToSilbury.51,gasoline_euro4,0.99,19977.688102,640514.775382,105.480588,12.468583,268.41279,204299.906799,0.0
SouthEvansGateToSilbury.49,882.0,526_0,0.0,0.0,0.0,1139.0,215_1,19.43,13.67,257.0,1477.59,126.0,2,0.0,154.65,0,tripinfo_SouthEvansGateToSilbury.49 emissions_SouthEvansGateToSilbury.49,gasoline_euro4,1.05,26746.981849,757616.395932,138.956711,15.336259,321.054287,241652.187081,0.0
WestH6ToSaxonSt.72,864.0,524_0,0.0,0.0,0.0,1140.0,771_0,56.88,13.8,276.0,2608.48,56.0,2,0.0,85.93,0,tripinfo_WestH6ToSaxonSt.72 emissions_WestH6ToSaxonSt.72,electric,1.01,0.0,0.0,0.0,0.0,0.0,0.0,0.0
SouthEvansGateToSilbury.53,954.0,526_0,0.0,0.0,0.0,1140.0,215_1,19.43,14.21,186.0,1477.62,51.0,2,0.0,83.47,0,tripinfo_SouthEvansGateToSilbury.53 emissions_SouthEvansGateToSilbury.53,electric,1.04,0.0,0.0,0.0,0.0,0.0,0.0,0.0
EastAveburyToWestA509.70,795.0,483_1,0.0,0.0,0.0,1141.0,774_0,29.75,11.67,346.0,2219.9,126.0,5,0.0,166.47,0,tripinfo_EastAveburyToWestA509.70 emissions_EastAveburyToWestA509.70,gasoline_euro4,0.9,29523.367217,903847.382443,155.168341,17.03684,375.805487,288294.532213,0.0
SouthEvansGateToSilbury.52,936.0,526_0,0.0,0.0,0.0,1142.0,215_1,19.43,14.35,206.0,1477.52,71.0,3,0.0,110.76,0,tripinfo_SouthEvansGateToSilbury.52 emissions_SouthEvansGateToSilbury.52,electric,1.12,0.0,0.0,0.0,0.0,0.0,0.0,0.0
EastAveburyToWestA509.47,599.0,483_1,0.0,0.0,0.0,1146.0,774_0,29.75,13.39,547.0,2325.48,291.0,8,0.0,368.05,0,tripinfo_EastAveburyToWestA509.47 emissions_EastAveburyToWestA509.47,gasoline_euro4,0.97,61822.449191,1498364.798141,316.333821,31.983953,649.614281,477927.773923,0.0
EastA509ToH6.47,846.0,770_0,0.0,0.0,0.0,1148.0,522_0,56.88,13.08,302.0,1483.64,158.0,4,0.0,191.23,0,tripinfo_EastA509ToH6.47 emissions_EastA509ToH6.47,electric,0.97,0.0,0.0,0.0,0.0,0.0,0.0,0.0
WestH6ToSaxonSt.64,768.0,524_0,0.0,0.0,0.0,1149.0,771_0,56.88,14.05,381.0,2600.53,146.0,6,0.0,196.21,0,tripinfo_WestH6ToSaxonSt.64 emissions_WestH6ToSaxonSt.64,electric,1.02,0.0,0.0,0.0,0.0,0.0,0.0,0.0
V6ToEastH6.86,1032.0,468_1,0.0,0.0,0.0,1150.0,522_1,56.88,14.46,118.0,1511.92,0.0,0,0.0,16.36,0,tripinfo_V6ToEastH6.86 emissions_V6ToEastH6.86,gasoline_euro4,1.07,4305.940452,377042.21445,27.686998,6.002107,146.5883,120259.041338,0.0
WestH6ToSaxonSt.70,840.0,524_0,0.0,0.0,0.0,1151.0,771_0,56.88,14.24,311.0,2603.34,85.0,4,0.0,140.37,0,tripinfo_WestH6ToSaxonSt.70 emissions_WestH6ToSaxonSt.70,electric,1.1,0.0,0.0,0.0,0.0,0.0,0.0,0.0
EastA509ToH6.48,864.0,770_0,0.0,0.0,0.0,1155.0,522_0,56.88,14.21,291.0,1483.69,143.0,5,0.0,188.63,0,tripinfo_EastA509ToH6.48 emissions_EastA509ToH6.48,electric,1.05,0.0,0.0,0.0,0.0,0.0,0.0,0.0
V6ToEastH6.87,1044.0,468_1,0.0,0.0,0.0,1156.0,522_1,56.88,14.78,112.0,1512.23,0.0,0,0.0,13.81,0,tripinfo_V6ToEastH6.87 emissions_V6ToEastH6.87,electric,1.11,0.0,0.0,0.0,0.0,0.0,0.0,0.0
EastSilburyToEastAvebury.26,816.0,317_0,0.0,0.0,0.0,1158.0,213_1,19.13,13.02,342.0,2473.19,112.0,5,0.0,156.87,0,tripinfo_EastSilburyToEastAvebury.26 emissions_EastSilburyToEastAvebury.26,gasoline_euro4,0.98,27634.893873,932336.936545,146.792936,17.450032,385.264158,297380.039877,0.0
EastSilburyToEastAvebury.24,784.0,317_0,0.0,0.0,0.0,1159.0,213_0,19.13,11.38,375.0,2473.15,122.0,3,0.0,160.19,0,tripinfo_EastSilburyToEastAvebury.24 emissions_EastSilburyToEastAvebury.24,gasoline_euro4,0.84,28924.429867,919781.843482,152.941467,16.734546,379.328059,293376.997828,0.0
SouthEvansGateToSilbury.50,900.0,526_0,0.0,0.0,0.0,1159.0,215_1,19.43,11.97,259.0,1471.73,120.0,3,0.0,144.54,0,tripinfo_SouthEvansGateToSilbury.50 emissions_SouthEvansGateToSilbury.50,gasoline_euro4,0.93,25339.393993,701725.987789,131.36252,13.807625,295.094428,223826.022442,0.0
WestA509ToAvebury.47,846.0,773_0,0.0,0.0,0.0,1162.0,213_0,19.13,10.97,316.0,2337.25,78.0,2,0.0,104.62,0,tripinfo_WestA509ToAvebury.47 emissions_WestA509ToAvebury.47,gasoline_euro4,0.8,20801.736613,765505.110263,112.338255,13.021994,309.952423,244167.266491,0.0
EastSilburyToEastAvebury.30,880.0,317_0,0.0,0.0,0.0,1162.0,213_1,19.13,10.29,282.0,2473.18,40.0,1,0.0,63.46,0,tripinfo_EastSilburyToEastAvebury.30 emissions_EastSilburyToEastAvebury.30,gasoline_euro4,0.83,13404.309917,638629.679801,75.506702,9.507054,248.465285,203697.931605,0.0
EastA509ToH6.49,882.0,770_0,0.0,0.0,0.0,1162.0,522_0,56.88,14.52,280.0,1483.69,132.0,4,0.0,177.95,0,tripinfo_EastA509ToH6.49 emissions_EastA509ToH6.49,electric,1.05,0.0,0.0,0.0,0.0,0.0,0.0,0.0
EastA509ToH6.46,828.0,770_0,0.0,0.0,0.0,1164.0,522_0,56.88,15.08,336.0,1483.8,179.0,4,0.0,237.04,0,tripinfo_EastA509ToH6.46 emissions_EastA509ToH6.46,electric,1.09,0.0,0.0,0.0,0.0,0.0,0.0,0.0
WestA509ToAvebury.48,864.0,773_0,0.0,0.0,0.0,1164.0,213_1,19.13,13.14,300.0,2337.28,75.0,3,0.0,124.4,0,tripinfo_WestA509ToAvebury.48 emissions_WestA509ToAvebury.48,gasoline_euro4,0.97,20907.040423,793321.066218,113.266852,14.082333,323.643172,253038.474441,0.0
WestA509ToAvebury.50,903.0,773_0,0.0,0.0,3.0,1164.0,213_0,19.13,13.7,261.0,2336.45,39.0,2,0.0,107.95,0,tripinfo_WestA509ToAvebury.50 emissions_WestA509ToAvebury.50,gasoline_euro4,1.11,15391.549688,717731.397023,86.256254,12.604955,291.182837,228926.205587,0.0
V6ToEastH6.88,1056.0,468_1,0.0,0.0,0.0,1175.0,522_1,56.88,13.75,119.0,1512.23,0.0,0,0.0,12.27,0,tripinfo_V6ToEastH6.88 emissions_V6ToEastH6.88,electric,1.02,0.0,0.0,0.0,0.0,0.0,0.0,0.0
V6ToEastH6.89,1068.0,468_1,0.0,0.0,0.0,1189.0,522_1,56.88,13.65,121.0,1512.23,0.0,0,0.0,15.06,0,tripinfo_V6ToEastH6.89 emissions_V6ToEastH6.89,electric,1.04,0.0,0.0,0.0,0.0,0.0,0.0,0.0
V6ToEastH6.85,1020.0,468_1,0.0,0.0,0.0,1194.0,522_0,56.88,9.38,174.0,1512.23,0.0,0,0.0,16.03,0,tripinfo_V6ToEastH6.85 emissions_V6ToEastH6.85,gasoline_euro4,0.69,5658.155137,341398.974107,33.4604,4.457604,130.492498,108892.549142,0.0
V6ToEastH6.90,1080.0,468_1,0.0,0.0,0.0,1197.0,522_1,56.88,14.57,117.0,1512.23,0.0,0,0.0,19.42,0,tripinfo_V6ToEastH6.90 emissions_V6ToEastH6.90,gasoline_euro4,1.12,4680.751101,390245.880797,30.071018,6.562779,154.594372,124470.172836,0.0
WestH6ToSaxonSt.62,744.0,524_0,0.0,0.0,0.0,1198.0,771_1,56.88,11.22,454.0,2767.85,159.0,6,0.0,212.33,0,tripinfo_WestH6ToSaxonSt.62 emissions_WestH6ToSaxonSt.62,gasoline_euro4,0.86,38956.063315,1196108.757357,204.972505,22.640706,499.412008,381515.057762,0.0
WestH6ToSaxonSt.69,828.0,524_0,0.0,0.0,0.0,1200.0,771_1,56.88,14.22,372.0,2574.97,137.0,8,0.0,200.28,0,tripinfo_WestH6ToSaxonSt.69 emissions_WestH6ToSaxonSt.69,gasoline_euro4,1.1,33684.580455,1078288.220191,177.504925,20.990337,449.788763,343933.097737,0.0
WestH6ToSaxonSt.66,792.0,524_0,0.0,0.0,0.0,1201.0,771_1,56.88,13.71,409.0,2574.94,157.0,8,0.0,219.75,0,tripinfo_WestH6ToSaxonSt.66 emissions_WestH6ToSaxonSt.66,gasoline_euro4,0.99,37598.14439,1136185.535036,197.137135,22.375059,477.857252,362401.183512,0.0
WestH6ToSaxonSt.68,816.0,524_0,0.0,0.0,0.0,1203.0,771_1,56.88,16.42,387.0,2765.42,127.0,9,0.0,223.58,0,tripinfo_WestH6ToSaxonSt.68 emissions_WestH6ToSaxonSt.68,gasoline_euro4,1.26,37630.540115,1291948.791553,201.174816,26.46379,549.424793,412079.465408,0.0
WestA509ToEastH6.24,864.0,773_1,0.0,0.0,0.0,1204.0,522_1,56.88,12.7,340.0,3082.3,58.0,3,0.0,100.65,0,tripinfo_WestA509ToEastH6.24 emissions_WestA509ToEastH6.24,electric,0.94,0.0,0.0,0.0,0.0,0.0,0.0,0.0
EastAveburyToWestA509.88,948.0,483_1,0.0,0.0,0.0,1204.0,774_0,29.75,13.78,256.0,2308.5,24.0,4,0.0,85.38,0,tripinfo_EastAveburyToWestA509.88 emissions_EastAveburyToWestA509.88,electric,1.0,0.0,0.0,0.0,0.0,0.0,0.0,0.0
EastAveburyToWestA509.84,914.0,483_1,0.0,0.0,0.0,1206.0,774_0,29.75,14.31,292.0,2309.99,68.0,4,0.0,129.9,0,tripinfo_EastAveburyToWestA509.84 emissions_EastAveburyToWestA509.84,electric,1.07,0.0,0.0,0.0,0.0,0.0,0.0,0.0
EastAveburyToWestA509.80,880.0,483_1,0.0,0.0,0.0,1209.0,774_2,29.75,17.15,329.0,2215.02,152.0,5,0.0,206.93,0,tripinfo_EastAveburyToWestA509.80 emissions_EastAveburyToWestA509.80,electric,1.32,0.0,0.0,0.0,0.0,0.0,0.0,0.0
WestA509ToAvebury.16,291.0,773_0,0.0,0.0,3.0,1214.0,213_0,19.13,12.83,923.0,2288.83,680.0,10,0.0,746.76,0,tripinfo_WestA509ToAvebury.16 emissions_WestA509ToAvebury.16,electric,0.94,0.0,0.0,0.0,0.0,0.0,0.0,0.0
WestA509ToAvebury.18,324.0,773_0,0.0,0.0,0.0,1217.0,213_0,19.13,13.4,893.0,2288.57,642.0,11,0.0,729.34,0,tripinfo_WestA509ToAvebury.18 emissions_WestA509ToAvebury.18,electric,1.02,0.0,0.0,0.0,0.0,0.0,0.0,0.0
V6ToEastH6.91,1092.0,468_1,0.0,0.0,0.0,1218.0,522_1,56.88,13.35,126.0,1512.23,0.0,0,0.0,14.08,0,tripinfo_V6ToEastH6.91 emissions_V6ToEastH6.91,electric,0.98,0.0,0.0,0.0,0.0,0.0,0.0,0.0
WestA509ToEastH6.25,900.0,773_0,0.0,0.0,0.0,1224.0,522_0,56.88,11.53,324.0,2754.92,49.0,4,0.0,99.89,0,tripinfo_WestA509ToEastH6.25 emissions_WestA509ToEastH6.25,gasoline_euro4,0.89,17638.216986,798274.931253,98.306009,12.945964,317.487915,254617.834483,0.0
SouthEvansGateToSilbury.54,972.0,526_0,0.0,0.0,0.0,1224.0,215_1,19.43,11.97,252.0,1477.59,114.0,2,0.0,138.01,0,tripinfo_SouthEvansGateToSilbury.54 emissions_SouthEvansGateToSilbury.54,electric,0.94,0.0,0.0,0.0,0.0,0.0,0.0,0.0
V6ToEastH6.92,1104.0,468_1,0.0,0.0,0.0,1224.0,522_1,56.88,12.99,120.0,1512.23,0.0,0,0.0,13.01,0,tripinfo_V6ToEastH6.92 emissions_V6ToEastH6.92,gasoline_euro4,1.02,3949.904079,358201.592752,25.842086,5.61519,139.207266,114249.779386,0.0
SouthEvansGateToSilbury.56,1008.0,526_0,0.0,0.0,0.0,1226.0,215_1,19.43,12.0,218.0,1477.52,75.0,2,0.0,102.32,0,tripinfo_SouthEvansGateToSilbury.56 emissions_SouthEvansGateToSilbury.56,electric,0.93,0.0,0.0,0.0,0.0,0.0,0.0,0.0
WestH6ToSaxonSt.77,924.0,524_0,0.0,0.0,0.0,1227.0,771_0,56.88,14.29,303.0,2614.23,87.0,2,0.0,125.5,0,tripinfo_WestH6ToSaxonSt.77 emissions_WestH6ToSaxonSt.77,electric,1.08,0.0,0.0,0.0,0.0,0.0,0.0,0.0
SouthEvansGateToSilbury.58,1044.0,526_0,0.0,0.0,0.0,1227.0,215_1,19.43,13.04,183.0,1477.59,53.0,1,0.0,73.84,0,tripinfo_SouthEvansGateToSilbury.58 emissions_SouthEvansGateToSilbury.58,electric,0.98,0.0,0.0,0.0,0.0,0.0,0.0,0.0
V6ToEastH6.93,1116.0,468_1,0.0,0.0,0.0,1228.0,522_1,56.88,14.66,112.0,1512.23,0.0,0,0.0,15.08,0,tripinfo_V6ToEastH6.93 emissions_V6ToEastH6.93,gasoline_euro4,1.13,4241.979703,387312.70765,27.545281,6.242605,150.15592,123534.685226,0.0
WestH6ToSaxonSt.75,900.0,524_0,0.0,0.0,0.0,1233.0,771_0,56.88,12.76,333.0,2613.57,96.0,2,0.0,132.92,0,tripinfo_WestH6ToSaxonSt.75 emissions_WestH6ToSaxonSt.75,electric,0.96,0.0,0.0,0.0,0.0,0.0,0.0,0.0
EastAveburyToWestA509.45,582.0,483_1,0.0,0.0,0.0,1235.0,774_0,29.75,11.26,653.0,2328.54,382.0,10,0.0,452.39,0,tripinfo_EastAveburyToWestA509.45 emissions_EastAveburyToWestA509.45,gasoline_euro4,0.87,76711.204122,1705058.754094,388.988139,36.934957,743.62338,543859.566861,0.0
WestH6ToSaxonSt.73,876.0,524_0,0.0,0.0,0.0,1235.0,771_0,56.88,12.48,359.0,2600.56,126.0,4,0.0,164.72,0,tripinfo_WestH6ToSaxonSt.73 emissions_WestH6ToSaxonSt.73,electric,0.97,0.0,0.0,0.0,0.0,0.0,0.0,0.0
EastA509ToH6.51,918.0,770_0,0.0,0.0,0.0,1237.0,522_0,56.88,12.67,319.0,1483.64,179.0,4,0.0,209.22,0,tripinfo_EastA509ToH6.51 emissions_EastA509ToH6.51,gasoline_euro4,0.98,35635.464183,883679.510405,182.467534,18.501916,379.113684,281863.887119,0.0
WestH6ToSaxonSt.86,1032.0,524_0,0.0,0.0,0.0,1237.0,771_0,56.88,13.91,205.0,2613.57,1.0,1,0.0,27.75,0,tripinfo_WestH6ToSaxonSt.86 emissions_WestH6ToSaxonSt.86,electric,1.08,0.0,0.0,0.0,0.0,0.0,0.0,0.0
EastA509ToH6.52,936.0,770_0,0.0,0.0,0.0,1239.0,522_1,56.88,13.49,303.0,1483.69,160.0,4,0.0,196.14,0,tripinfo_EastA509ToH6.52 emissions_EastA509ToH6.52,electric,1.01,0.0,0.0,0.0,0.0,0.0,0.0,0.0
EastA509ToH6.50,900.0,770_0,0.0,0.0,0.0,1242.0,522_0,56.88,13.02,342.0,1483.75,193.0,4,0.0,231.41,0,tripinfo_EastA509ToH6.50 emissions_EastA509ToH6.50,gasoline_euro4,0.97,39447.449603,962812.017039,201.760967,20.522006,416.330564,307104.408147,0.0
EastA509ToH6.54,972.0,770_0,0.0,0.0,0.0,1242.0,522_1,56.88,14.1,270.0,1483.8,123.0,4,0.0,170.82,0,tripinfo_EastA509ToH6.54 emissions_EastA509ToH6.54,gasoline_euro4,1.08,28626.575461,812369.020895,149.065393,16.881456,348.123365,259115.729262,0.0
EastAveburyToWestA509.46,591.0,483_1,0.0,0.0,0.0,1245.0,774_0,29.75,11.75,654.0,2328.54,367.0,8,0.0,450.53,0,tripinfo_EastAveburyToWestA509.46 emissions_EastAveburyToWestA509.46,gasoline_euro4,0.85,75403.711117,1693079.210862,382.755435,36.266721,735.755784,540038.455187,0.0
SouthEvansGateToSilbury.55,990.0,526_0,0.0,0.0,0.0,1245.0,215_1,19.43,14.88,255.0,1471.73,137.0,3,0.0,163.72,0,tripinfo_SouthEvansGateToSilbury.55 emissions_SouthEvansGateToSilbury.55,gasoline_euro4,1.16,28932.552742,789647.88413,149.663891,16.763002,338.670068,251868.87059,0.0
EastA509ToH6.53,954.0,770_0,0.0,0.0,0.0,1246.0,522_0,56.88,13.75,292.0,1483.8,136.0,5,0.0,188.87,0,tripinfo_EastA509ToH6.53 emissions_EastA509ToH6.53,gasoline_euro4,1.04,31104.913044,855591.18254,161.239787,17.672447,365.835653,272902.736438,0.0
WestA509ToAvebury.51,918.0,773_0,0.0,0.0,0.0,1247.0,213_0,19.13,11.47,329.0,2337.22,107.0,3,0.0,137.31,0,tripinfo_WestA509ToAvebury.51 emissions_WestA509ToAvebury.51,gasoline_euro4,0.89,25236.614354,849654.872353,134.042828,15.204088,346.84336,271008.495336,0.0
WestA509ToAvebury.52,939.0,773_0,0.0,0.0,3.0,1247.0,213_1,19.13,11.61,308.0,2337.28,85.0,3,0.0,123.01,0,tripinfo_WestA509ToAvebury.52 emissions_WestA509ToAvebury.52,gasoline_euro4,0.92,22418.35709,827210.866988,120.676144,14.778593,337.71301,263848.299968,0.0
SouthEvansGateToSilbury.59,1062.0,526_0,0.0,0.0,0.0,1247.0,215_1,19.43,16.63,185.0,1471.7,67.0,3,0.0,96.84,0,tripinfo_SouthEvansGateToSilbury.59 emissions_SouthEvansGateToSilbury.59,gasoline_euro4,1.21,17668.788429,629786.612867,94.678134,12.625481,263.575379,200876.465271,0.0
WestA509ToAvebury.53,954.0,773_0,0.0,0.0,0.0,1249.0,213_1,19.13,12.98,295.0,2336.43,74.0,3,0.0,114.26,0,tripinfo_WestA509ToAvebury.53 emissions_WestA509ToAvebury.53,gasoline_euro4,0.94,20173.984825,777690.400225,109.649407,13.744404,316.526486,248052.800898,0.0
WestA509ToAvebury.49,882.0,773_0,0.0,0.0,0.0,1251.0,213_0,19.13,9.34,369.0,2337.25,111.0,3,0.0,146.61,0,tripinfo_WestA509ToAvebury.49 emissions_WestA509ToAvebury.49,gasoline_euro4,0.76,27715.898341,877254.250808,146.373889,15.484099,359.839123,279812.763354,0.0
EastSilburyToEastAvebury.32,912.0,317_0,0.0,0.0,0.0,1253.0,213_0,19.13,12.11,341.0,2473.18,94.0,5,0.0,133.21,0,tripinfo_EastSilburyToEastAvebury.32 emissions_EastSilburyToEastAvebury.32,gasoline_euro4,0.88,24427.628976,852684.859524,130.65548,15.015479,347.446218,271974.604365,0.0
V6ToEastH6.94,1128.0,468_1,0.0,0.0,0.0,1253.0,522_1,56.88,13.57,125.0,1512.23,0.0,0,0.0,13.44,0,tripinfo_V6ToEastH6.94 emissions_V6ToEastH6.94,gasoline_euro4,0.98,3969.480212,363469.226924,25.936865,5.427694,139.829564,115930.182827,0.0
EastSilburyToEastAvebury.33,928.0,317_0,0.0,0.0,0.0,1254.0,213_0,19.13,13.29,326.0,1590.82,174.0,6,0.0,221.46,0,tripinfo_EastSilburyToEastAvebury.33 emissions_EastSilburyToEastAvebury.33,electric,1.11,0.0,0.0,0.0,0.0,0.0,0.0,0.0
EastA509ToH6.55,990.0,770_0,0.0,0.0,0.0,1256.0,522_0,56.88,13.43,266.0,1483.8,111.0,5,0.0,163.22,0,tripinfo_EastA509ToH6.55 emissions_EastA509ToH6.55,electric,1.04,0.0,0.0,0.0,0.0,0.0,0.0,0.0
V6ToEastH6.95,1140.0,468_1,0.0,0.0,0.0,1272.0,522_1,56.88,12.17,132.0,1512.23,0.0,0,0.0,14.59,0,tripinfo_V6ToEastH6.95 emissions_V6ToEastH6.95,gasoline_euro4,0.93,4239.064284,367229.773731,27.249622,5.394051,141.227007,117129.854296,0.0
WestH6ToSaxonSt.71,852.0,524_0,0.0,0.0,0.0,1279.0,771_1,56.88,15.16,427.0,2765.43,174.0,6,0.0,242.2,0,tripinfo_WestH6ToSaxonSt.71 emissions_WestH6ToSaxonSt.71,gasoline_euro4,1.13,42622.921918,1325906.895773,224.40563,27.028385,561.992111,422913.442691,0.0
V6ToEastH6.98,1176.0,468_1,0.0,0.0,0.0,1283.0,522_0,56.88,16.33,107.0,1512.23,0.0,0,0.0,19.63,0,tripinfo_V6ToEastH6.98 emissions_V6ToEastH6.98,electric,1.25,0.0,0.0,0.0,0.0,0.0,0.0,0.0
V6ToEastH6.96,1152.0,468_1,0.0,0.0,0.0,1284.0,522_1,56.88,12.34,132.0,1512.23,0.0,0,0.0,12.86,0,tripinfo_V6ToEastH6.96 emissions_V6ToEastH6.96,gasoline_euro4,0.92,3874.033348,351426.966581,25.375524,4.941829,133.59213,112089.633825,0.0
WestH6ToSaxonSt.76,912.0,524_0,0.0,0.0,0.0,1286.0,771_1,56.88,15.43,374.0,2767.88,115.0,7,0.0,189.77,0,tripinfo_WestH6ToSaxonSt.76 emissions_WestH6ToSaxonSt.76,gasoline_euro4,1.12,33927.530476,1189331.152109,181.201555,23.402139,497.944396,379349.1984,0.0
V6ToEastH6.97,1164.0,468_1,0.0,0.0,0.0,1288.0,522_1,56.88,13.26,124.0,1512.23,0.0,0,0.0,14.11,0,tripinfo_V6ToEastH6.97 emissions_V6ToEastH6.97,gasoline_euro4,1.0,4006.541628,367695.92618,26.342072,5.568102,141.939397,117278.230221,0.0
EastSilburyToEastAvebury.5,480.0,317_0,0.0,0.0,0.0,1289.0,213_0,19.13,14.63,809.0,680.89,680.0,13,0.0,762.59,0,tripinfo_EastSilburyToEastAvebury.5 emissions_EastSilburyToEastAvebury.5,electric,1.09,0.0,0.0,0.0,0.0,0.0,0.0,0.0
WestH6ToSaxonSt.74,888.0,524_0,0.0,0.0,0.0,1290.0,771_1,56.88,13.57,402.0,2767.87,129.0,7,0.0,202.62,0,tripinfo_WestH6ToSaxonSt.74 emissions_WestH6ToSaxonSt.74,gasoline_euro4,1.04,36407.958934,1195993.083746,192.76401,23.28978,501.183383,381475.788764,0.0
EastSilburyToEastAvebury.17,672.0,317_0,0.0,0.0,0.0,1291.0,213_0,19.13,15.66,619.0,642.19,521.0,9,0.0,578.79,0,tripinfo_EastSilburyToEastAvebury.17 emissions_EastSilburyToEastAvebury.17,electric,1.18,0.0,0.0,0.0,0.0,0.0,0.0,0.0
EastAveburyToWestA509.95,1007.0,483_1,0.0,0.0,0.0,1295.0,774_0,29.75,12.37,288.0,2311.97,56.0,4,0.0,101.14,0,tripinfo_EastAveburyToWestA509.95 emissions_EastAveburyToWestA509.95,electric,0.93,0.0,0.0,0.0,0.0,0.0,0.0,0.0
WestA509ToEastH6.28,1008.0,773_0,0.0,0.0,0.0,1296.0,522_0,56.88,16.0,288.0,2754.12,55.0,3,0.0,116.85,0,tripinfo_WestA509ToEastH6.28 emissions_WestA509ToEastH6.28,gasoline_euro4,1.17,18579.14502,846212.531729,103.359557,15.400629,344.184148,269906.056301,0.0
EastAveburyToWestA509.98,1033.0,483_1,0.0,0.0,0.0,1301.0,774_0,29.75,12.68,268.0,2307.67,28.0,3,0.0,79.09,0,tripinfo_EastAveburyToWestA509.98 emissions_EastAveburyToWestA509.98,electric,0.91,0.0,0.0,0.0,0.0,0.0,0.0,0.0
V6ToEastH6.99,1188.0,468_1,0.0,0.0,0.0,1309.0,522_1,56.88,13.37,121.0,1512.23,0.0,0,0.0,10.65,0,tripinfo_V6ToEastH6.99 emissions_V6ToEastH6.99,gasoline_euro4,0.99,3647.28709,352418.15305,24.408711,5.295481,135.550235,112405.259773,0.0
SouthEvansGateToSilbury.60,1080.0,526_0,0.0,0.0,0.0,1313.0,215_1,19.43,12.38,233.0,1477.59,93.0,2,0.0,118.14,0,tripinfo_SouthEvansGateToSilbury.60 emissions_SouthEvansGateToSilbury.60,electric,0.93,0.0,0.0,0.0,0.0,0.0,0.0,0.0
SouthEvansGateToSilbury.62,1116.0,526_0,0.0,0.0,0.0,1315.0,215_1,19.43,11.69,199.0,1477.55,59.0,2,0.0,83.78,0,tripinfo_SouthEvansGateToSilbury.62 emissions_SouthEvansGateToSilbury.62,electric,0.93,0.0,0.0,0.0,0.0,0.0,0.0,0.0
WestH6ToSaxonSt.84,1008.0,524_0,0.0,0.0,0.0,1317.0,771_0,56.88,14.65,309.0,2603.34,92.0,3,0.0,139.32,0,tripinfo_WestH6ToSaxonSt.84 emissions_WestH6ToSaxonSt.84,electric,1.11,0.0,0.0,0.0,0.0,0.0,0.0,0.0
WestA509ToEastH6.27,972.0,773_0,0.0,0.0,0.0,1319.0,522_1,56.88,11.14,347.0,2754.13,61.0,4,0.0,118.87,0,tripinfo_WestA509ToEastH6.27 emissions_WestA509ToEastH6.27,gasoline_euro4,0.88,20991.068111,870417.798901,115.397967,14.774987,351.402054,277628.847458,0.0
EastAveburyToWestA509.64,744.0,483_1,0.0,0.0,0.0,1320.0,774_0,29.75,12.53,576.0,2328.56,316.0,10,0.0,394.0,0,tripinfo_EastAveburyToWestA509.64 emissions_EastAveburyToWestA509.64,gasoline_euro4,0.95,66183.238303,1583633.299926,338.028004,33.84326,686.221588,505126.070828,0.0
WestA509ToEastH6.26,936.0,773_0,0.0,0.0,0.0,1320.0,522_0,56.88,9.62,384.0,2754.89,79.0,3,0.0,124.13,0,tripinfo_WestA509ToEastH6.26 emissions_WestA509ToEastH6.26,gasoline_euro4,0.77,23491.783965,872512.374206,126.942951,14.282067,350.371286,278298.979778,0.0
SouthEvansGateToSilbury.65,1170.0,526_0,0.0,0.0,0.0,1322.0,215_1,19.43,14.53,152.0,1477.52,35.0,1,0.0,51.08,0,tripinfo_SouthEvansGateToSilbury.65 emissions_SouthEvansGateToSilbury.65,electric,1.06,0.0,0.0,0.0,0.0,0.0,0.0,0.0
EastAveburyToWestA509.68,778.0,483_1,0.0,0.0,0.0,1325.0,774_0,29.75,13.99,547.0,2325.49,276.0,10,0.0,388.18,0,tripinfo_EastAveburyToWestA509.68 emissions_EastAveburyToWestA509.68,gasoline_euro4,1.1,62952.42131,1554871.709785,322.73349,33.562377,676.293169,495950.345854,0.0
V6ToEastH6.101,1212.0,468_1,0.0,0.0,0.0,1325.0,522_1,56.88,15.24,113.0,1512.23,0.0,0,0.0,16.23,0,tripinfo_V6ToEastH6.101 emissions_V6ToEastH6.101,gasoline_euro4,1.13,4496.261096,386748.407333,28.96673,6.513457,152.144351,123354.54553,0.0
EastAveburyToWestA509.89,956.0,483_1,0.0,0.0,0.0,1327.0,774_0,29.75,13.93,371.0,2325.48,142.0,4,0.0,201.48,0,tripinfo_EastAveburyToWestA509.89 emissions_EastAveburyToWestA509.89,gasoline_euro4,1.02,34919.50637,1091062.506933,183.970657,21.725237,461.177963,348007.499555,0.0
WestH6ToSaxonSt.83,996.0,524_0,0.0,0.0,0.0,1329.0,771_0,56.88,10.79,333.0,2608.48,72.0,3,0.0,109.64,0,tripinfo_WestH6ToSaxonSt.83 emissions_WestH6ToSaxonSt.83,electric,0.85,0.0,0.0,0.0,0.0,0.0,0.0,0.0
EastSilburyToEastAvebury.37,992.0,317_0,0.0,0.0,0.0,1333.0,213_0,19.13,14.9,341.0,2473.18,130.0,5,0.0,180.66,0,tripinfo_EastSilburyToEastAvebury.37 emissions_EastSilburyToEastAvebury.37,gasoline_euro4,1.13,31897.283764,1047438.647094,168.958483,20.840464,439.107427,334092.281057,0.0
WestA509ToAvebury.56,1011.0,773_0,0.0,0.0,3.0,1333.0,213_1,19.13,14.71,322.0,2336.43,128.0,3,0.0,162.56,0,tripinfo_WestA509ToAvebury.56 emissions_WestA509ToAvebury.56,gasoline_euro4,1.07,28512.487808,928770.463823,150.33864,17.68389,383.399087,296242.784293,0.0
SouthEvansGateToSilbury.57,1026.0,526_0,0.0,0.0,0.0,1334.0,215_1,19.43,12.93,308.0,1471.73,169.0,4,0.0,202.28,0,tripinfo_SouthEvansGateToSilbury.57 emissions_SouthEvansGateToSilbury.57,gasoline_euro4,1.01,34590.623344,875615.686444,177.474649,18.348321,375.515155,279291.319304,0.0
V6ToEastH6.100,1200.0,468_1,0.0,0.0,0.0,1334.0,522_1,56.88,11.72,134.0,1512.23,0.0,0,0.0,11.9,0,tripinfo_V6ToEastH6.100 emissions_V6ToEastH6.100,electric,0.9,0.0,0.0,0.0,0.0,0.0,0.0,0.0
EastA509ToH6.57,1026.0,770_0,0.0,0.0,0.0,1335.0,522_0,56.88,13.91,309.0,1483.69,156.0,6,0.0,202.94,0,tripinfo_EastA509ToH6.57 emissions_EastA509ToH6.57,gasoline_euro4,1.01,34253.018457,887008.985575,176.224549,18.45566,379.853604,282925.016491,0.0
WestA509ToAvebury.60,1083.0,773_0,0.0,0.0,3.0,1335.0,213_1,19.13,14.96,252.0,2336.43,58.0,3,0.0,106.21,0,tripinfo_WestA509ToAvebury.60 emissions_WestA509ToAvebury.60,gasoline_euro4,1.17,18745.659895,799193.949669,103.235732,14.928428,327.430109,254909.432312,0.0
WestA509ToAvebury.59,1062.0,773_0,0.0,0.0,0.0,1336.0,213_0,19.13,12.76,274.0,2336.4,66.0,3,0.0,102.24,0,tripinfo_WestA509ToAvebury.59 emissions_WestA509ToAvebury.59,gasoline_euro4,0.99,18897.547377,772380.280704,103.192084,13.74376,313.324325,246358.277385,0.0
V6ToEastH6.102,1224.0,468_1,0.0,0.0,0.0,1337.0,522_1,56.88,14.8,113.0,1512.23,0.0,0,0.0,14.48,0,tripinfo_V6ToEastH6.102 emissions_V6ToEastH6.102,electric,1.11,0.0,0.0,0.0,0.0,0.0,0.0,0.0
EastSilburyToEastAvebury.40,1040.0,317_0,0.0,0.0,0.0,1339.0,213_0,19.13,11.97,299.0,2473.18,58.0,4,0.0,100.52,0,tripinfo_EastSilburyToEastAvebury.40 emissions_EastSilburyToEastAvebury.40,gasoline_euro4,0.91,18603.003316,770164.440557,102.082198,13.07306,309.796954,245652.068486,0.0
EastA509ToH6.56,1008.0,770_0,0.0,0.0,0.0,1345.0,522_0,56.88,12.25,337.0,1483.8,174.0,6,0.0,220.23,0,tripinfo_EastA509ToH6.56 emissions_EastA509ToH6.56,gasoline_euro4,0.92,37469.787571,912680.712659,191.771068,19.36483,394.727964,291114.359689,0.0
EastA509ToH6.58,1044.0,770_0,0.0,0.0,0.0,1345.0,522_1,56.88,14.1,301.0,1483.8,136.0,6,0.0,196.87,0,tripinfo_EastA509ToH6.58 emissions_EastA509ToH6.58,electric,1.03,0.0,0.0,0.0,0.0,0.0,0.0,0.0
EastA509ToH6.59,1062.0,770_0,0.0,0.0,0.0,1347.0,522_0,56.88,13.86,285.0,1483.8,118.0,5,0.0,179.38,0,tripinfo_EastA509ToH6.59 emissions_EastA509ToH6.59,electric,1.02,0.0,0.0,0.0,0.0,0.0,0.0,0.0
EastA509ToH6.61,1098.0,770_0,0.0,0.0,0.0,1349.0,522_0,56.88,15.2,251.0,1483.64,107.0,4,0.0,158.62,0,tripinfo_EastA509ToH6.61 emissions_EastA509ToH6.61,electric,1.17,0.0,0.0,0.0,0.0,0.0,0.0,0.0
EastA509ToH6.60,1080.0,770_0,0.0,0.0,0.0,1350.0,522_0,56.88,14.54,270.0,1483.8,106.0,4,0.0,172.89,0,tripinfo_EastA509ToH6.60 emissions_EastA509ToH6.60,electric,1.1,0.0,0.0,0.0,0.0,0.0,0.0,0.0
V6ToEastH6.103,1236.0,468_1,0.0,0.0,0.0,1358.0,522_1,56.88,14.75,122.0,1512.23,2.0,1,0.0,24.93,0,tripinfo_V6ToEastH6.103 emissions_V6ToEastH6.103,electric,1.13,0.0,0.0,0.0,0.0,0.0,0.0,0.0
V6ToEastH6.104,1248.0,468_1,0.0,0.0,0.0,1361.0,522_1,56.88,15.95,113.0,1512.23,0.0,0,0.0,23.09,0,tripinfo_V6ToEastH6.104 emissions_V6ToEastH6.104,gasoline_euro4,1.22,5138.280661,421872.055804,32.486679,7.179689,166.164201,134557.380609,0.0
WestA509ToEastH6.29,1044.0,773_1,0.0,0.0,0.0,1365.0,522_1,56.88,13.37,321.0,3082.3,58.0,2,0.0,102.61,0,tripinfo_WestA509ToEastH6.29 emissions_WestA509ToEastH6.29,electric,1.03,0.0,0.0,0.0,0.0,0.0,0.0,0.0
WestH6ToSaxonSt.79,948.0,524_0,0.0,0.0,0.0,1370.0,771_1,56.88,13.82,422.0,2574.97,175.0,7,0.0,243.75,0,tripinfo_WestH6ToSaxonSt.79 emissions_WestH6ToSaxonSt.79,gasoline_euro4,1.06,41217.831638,1195526.730147,214.588426,23.901283,503.042308,381329.507131,0.0
WestH6ToSaxonSt.78,936.0,524_0,0.0,0.0,0.0,1372.0,771_1,56.88,16.8,436.0,2765.43,195.0,8,0.0,265.43,0,tripinfo_WestH6ToSaxonSt.78 emissions_WestH6ToSaxonSt.78,gasoline_euro4,1.21,46803.633081,1421217.000031,245.542688,29.602222,604.614604,453313.734979,0.0
EastAveburyToWestA509.73,820.0,483_1,0.0,0.0,0.0,1378.0,774_0,29.75,13.94,558.0,2241.68,329.0,11,0.0,402.77,0,tripinfo_EastAveburyToWestA509.73 emissions_EastAveburyToWestA509.73,electric,1.07,0.0,0.0,0.0,0.0,0.0,0.0,0.0
EastSilburyToEastAvebury.41,1056.0,317_0,0.0,0.0,0.0,1378.0,213_0,19.13,12.83,322.0,1581.8,166.0,7,0.0,207.71,0,tripinfo_EastSilburyToEastAvebury.41 emissions_EastSilburyToEastAvebury.41,electric,1.01,0.0,0.0,0.0,0.0,0.0,0.0,0.0
EastSilburyToEastAvebury.6,496.0,317_0,0.0,0.0,0.0,1380.0,213_0,19.13,13.54,884.0,680.92,736.0,15,0.0,836.17,0,tripinfo_EastSilburyToEastAvebury.6 emissions_EastSilburyToEastAvebury.6,electric,1.06,0.0,0.0,0.0,0.0,0.0,0.0,0.0
WestH6ToSaxonSt.80,960.0,524_0,0.0,0.0,0.0,1380.0,771_1,56.88,12.51,420.0,2767.87,136.0,7,0.0,210.56,0,tripinfo_WestH6ToSaxonSt.80 emissions_WestH6ToSaxonSt.80,gasoline_euro4,0.98,36519.420567,1190126.617092,193.249176,23.001674,497.624674,379605.047208,0.0
EastAveburyToWestA509.72,812.0,483_0,0.0,0.0,0.0,1383.0,774_1,29.75,15.23,571.0,2257.78,342.0,8,0.0,426.41,0,tripinfo_EastAveburyToWestA509.72 emissions_EastAveburyToWestA509.72,gasoline_euro4,1.14,70033.642445,1619186.265626,356.006197,35.552541,705.285073,516466.731976,0.0
V6ToEastH6.105,1260.0,468_1,0.0,0.0,0.0,1385.0,522_1,56.88,12.93,125.0,1512.23,0.0,0,0.0,13.9,0,tripinfo_V6ToEastH6.105 emissions_V6ToEastH6.105,gasoline_euro4,0.99,4021.32962,364206.284349,26.181932,5.489135,140.065633,116165.258845,0.0
EastAveburyToWestA509.93,990.0,483_0,0.0,0.0,0.0,1386.0,774_0,29.75,13.08,396.0,2258.01,177.0,9,0.0,221.19,0,tripinfo_EastAveburyToWestA509.93 emissions_EastAveburyToWestA509.93,electric,0.94,0.0,0.0,0.0,0.0,0.0,0.0,0.0
EastAveburyToWestA509.71,803.0,483_0,0.0,0.0,0.0,1392.0,774_0,29.75,12.47,589.0,2257.77,338.0,7,0.0,410.36,0,tripinfo_EastAveburyToWestA509.71 emissions_EastAveburyToWestA509.71,gasoline_euro4,0.93,68287.814045,1563192.515387,346.833556,33.416034,677.12253,498608.020386,0.0
EastAveburyToWestA509.77,854.0,483_0,0.0,0.0,0.0,1396.0,774_0,29.75,12.09,542.0,2254.71,294.0,9,0.0,363.83,0,tripinfo_EastAveburyToWestA509.77 emissions_EastAveburyToWestA509.77,gasoline_euro4,0.92,60007.783012,1411801.419791,305.752122,29.801131,609.004885,450318.528009,0.0
WestA509ToEastH6.30,1080.0,773_0,0.0,0.0,0.0,1396.0,522_0,56.88,11.55,316.0,2754.93,47.0,2,0.0,80.47,0,tripinfo_WestA509ToEastH6.30 emissions_WestA509ToEastH6.30,gasoline_euro4,0.85,15927.913508,752235.260997,89.605384,11.660427,295.611172,239933.228024,0.0
EastAveburyToWestA509.105,1092.0,483_1,0.0,0.0,0.0,1398.0,774_0,29.75,14.01,306.0,2308.5,83.0,6,0.0,141.79,0,tripinfo_EastAveburyToWestA509.105 emissions_EastAveburyToWestA509.105,electric,1.04,0.0,0.0,0.0,0.0,0.0,0.0,0.0
SouthEvansGateToSilbury.64,1152.0,526_0,0.0,0.0,0.0,1400.0,215_1,19.43,13.38,248.0,1477.62,109.0,2,0.0,136.9,0,tripinfo_SouthEvansGateToSilbury.64 emissions_SouthEvansGateToSilbury.64,electric,0.97,0.0,0.0,0.0,0.0,0.0,0.0,0.0
WestH6ToSaxonSt.89,1068.0,524_0,0.0,0.0,0.0,1404.0,771_0,56.88,12.85,336.0,2608.48,109.0,2,0.0,142.78,0,tripinfo_WestH6ToSaxonSt.89 emissions_WestH6ToSaxonSt.89,electric,0.99,0.0,0.0,0.0,0.0,0.0,0.0,0.0
EastAveburyToWestA509.106,1101.0,483_0,0.0,0.0,0.0,1404.0,774_0,29.75,11.75,303.0,2254.71,77.0,6,0.0,116.66,0,tripinfo_EastAveburyToWestA509.106 emissions_EastAveburyToWestA509.106,gasoline_euro4,0.89,22022.199544,801701.103334,118.563437,14.435712,329.109234,255711.687819,0.0
V6ToEastH6.106,1272.0,468_1,0.0,0.0,0.0,1404.0,522_1,56.88,12.47,132.0,1512.23,0.0,0,0.0,11.93,0,tripinfo_V6ToEastH6.106 emissions_V6ToEastH6.106,electric,0.91,0.0,0.0,0.0,0.0,0.0,0.0,0.0
V6ToEastH6.107,1284.0,468_1,0.0,0.0,0.0,1406.0,522_1,56.88,13.51,122.0,1512.23,0.0,0,0.0,14.28,0,tripinfo_V6ToEastH6.107 emissions_V6ToEastH6.107,electric,1.01,0.0,0.0,0.0,0.0,0.0,0.0,0.0
EastAveburyToWestA509.111,1143.0,483_1,0.0,0.0,0.0,1408.0,774_0,29.75,11.44,265.0,2307.67,11.0,4,0.0,72.71,0,tripinfo_EastAveburyToWestA509.111 emissions_EastAveburyToWestA509.111,electric,0.9,0.0,0.0,0.0,0.0,0.0,0.0,0.0
WestH6ToSaxonSt.90,1080.0,524_0,0.0,0.0,0.0,1410.0,771_0,56.88,12.84,330.0,2601.22,94.0,4,0.0,144.92,0,tripinfo_WestH6ToSaxonSt.90 emissions_WestH6ToSaxonSt.90,electric,1.02,0.0,0.0,0.0,0.0,0.0,0.0,0.0
SouthEvansGateToSilbury.69,1242.0,526_0,0.0,0.0,0.0,1410.0,215_1,19.43,13.76,168.0,1477.52,50.0,1,0.0,66.38,0,tripinfo_SouthEvansGateToSilbury.69 emissions_SouthEvansGateToSilbury.69,electric,1.05,0.0,0.0,0.0,0.0,0.0,0.0,0.0
WestA509ToEastH6.31,1116.0,773_0,0.0,0.0,0.0,1411.0,522_0,56.88,13.26,295.0,2754.97,58.0,3,0.0,95.38,0,tripinfo_WestA509ToEastH6.31 emissions_WestA509ToEastH6.31,gasoline_euro4,1.0,17618.165929,819153.606045,98.180086,13.731637,325.50228,261276.573381,0.0
WestH6ToSaxonSt.87,1044.0,524_0,0.0,0.0,0.0,1419.0,771_0,56.88,11.42,375.0,2602.65,114.0,4,0.0,157.36,0,tripinfo_WestH6ToSaxonSt.87 emissions_WestH6ToSaxonSt.87,electric,0.86,0.0,0.0,0.0,0.0,0.0,0.0,0.0
V6ToEastH6.108,1296.0,468_1,0.0,0.0,0.0,1421.0,522_1,56.88,13.02,125.0,1512.23,0.0,0,0.0,13.54,0,tripinfo_V6ToEastH6.108 emissions_V6ToEastH6.108,gasoline_euro4,0.98,3926.314376,365402.314046,25.717592,5.386167,139.889823,116546.790031,0.0
WestA509ToAvebury.64,1152.0,773_0,0.0,0.0,0.0,1422.0,213_1,19.13,12.37,270.0,2336.43,63.0,3,0.0,95.91,0,tripinfo_WestA509ToAvebury.64 emissions_WestA509ToAvebury.64,gasoline_euro4,0.98,17370.915775,725476.778665,95.079304,12.501968,291.553003,231398.169001,0.0
SouthEvansGateToSilbury.61,1098.0,526_0,0.0,0.0,0.0,1423.0,215_1,19.43,12.89,325.0,1471.73,182.0,4,0.0,213.97,0,tripinfo_SouthEvansGateToSilbury.61 emissions_SouthEvansGateToSilbury.61,gasoline_euro4,0.96,36423.738602,894367.632317,186.273221,18.71036,383.963289,285273.259667,0.0
WestA509ToAvebury.61,1098.0,773_0,0.0,0.0,0.0,1423.0,213_0,19.13,13.29,325.0,2337.25,114.0,3,0.0,149.01,0,tripinfo_WestA509ToAvebury.61 emissions_WestA509ToAvebury.61,gasoline_euro4,0.97,26798.555738,889491.258734,141.913523,16.694371,367.406282,283714.153817,0.0
WestA509ToAvebury.62,1119.0,773_0,0.0,0.0,3.0,1424.0,213_0,19.13,12.98,305.0,2337.25,89.0,3,0.0,128.17,0,tripinfo_WestA509ToAvebury.62 emissions_WestA509ToAvebury.62,gasoline_euro4,0.96,22826.019413,826196.316173,122.476281,14.932342,337.5808,263524.81233,0.0
EastA509ToH6.62,1116.0,770_0,0.0,0.0,0.0,1425.0,522_0,56.88,13.4,309.0,1483.69,154.0,6,0.0,200.43,0,tripinfo_EastA509ToH6.62 emissions_EastA509ToH6.62,gasoline_euro4,0.99,34047.193088,878653.584648,175.035231,18.224371,375.909258,280260.082876,0.0
EastA509ToH6.63,1134.0,770_0,0.0,0.0,0.0,1426.0,522_1,56.88,13.6,292.0,1483.8,139.0,6,0.0,191.03,0,tripinfo_EastA509ToH6.63 emissions_EastA509ToH6.63,gasoline_euro4,1.07,32395.809028,874290.557563,167.654619,18.403225,376.111647,278867.152116,0.0
WestA509ToAvebury.63,1134.0,773_0,0.0,0.0,0.0,1426.0,213_1,19.13,11.05,292.0,2337.23,61.0,2,0.0,92.72,0,tripinfo_WestA509ToAvebury.63 emissions_WestA509ToAvebury.63,gasoline_euro4,0.86,17928.133773,714370.020447,97.913625,11.872977,286.317602,227856.557769,0.0
SouthEvansGateToSilbury.63,1134.0,526_0,0.0,0.0,0.0,1426.0,215_1,19.43,11.1,292.0,1471.7,140.0,4,0.0,169.06,0,tripinfo_SouthEvansGateToSilbury.63 emissions_SouthEvansGateToSilbury.63,gasoline_euro4,0.86,29341.007541,767379.942072,151.393506,15.41733,326.217548,244767.944583,0.0
EastA509ToH6.64,1152.0,770_0,0.0,0.0,0.0,1428.0,522_0,56.88,13.31,276.0,1483.8,116.0,5,0.0,170.89,0,tripinfo_EastA509ToH6.64 emissions_EastA509ToH6.64,gasoline_euro4,1.02,28458.867898,799490.118408,147.818589,16.533902,342.212316,255008.070593,0.0
V6ToEastH6.110,1320.0,468_1,0.0,0.0,0.0,1436.0,522_1,56.88,14.65,116.0,1512.23,0.0,0,0.0,14.19,0,tripinfo_V6ToEastH6.110 emissions_V6ToEastH6.110,gasoline_euro4,1.07,4046.937087,377216.529292,26.441816,5.84077,145.406957,120314.65807,0.0
V6ToEastH6.109,1308.0,468_1,0.0,0.0,0.0,1444.0,522_0,56.88,11.98,136.0,1512.23,0.0,0,0.0,11.85,0,tripinfo_V6ToEastH6.109 emissions_V6ToEastH6.109,electric,0.88,0.0,0.0,0.0,0.0,0.0,0.0,0.0
EastAveburyToWestA509.116,1186.0,483_1,0.0,0.0,0.0,1453.0,774_0,29.75,15.14,267.0,2311.97,57.0,5,0.0,111.8,0,tripinfo_EastAveburyToWestA509.116 emissions_EastAveburyToWestA509.116,electric,1.12,0.0,0.0,0.0,0.0,0.0,0.0,0.0
WestA509ToEastH6.32,1152.0,773_1,0.0,0.0,0.0,1454.0,522_1,56.88,13.11,302.0,3082.3,31.0,2,0.0,69.81,0,tripinfo_WestA509ToEastH6.32 emissions_WestA509ToEastH6.32,electric,0.97,0.0,0.0,0.0,0.0,0.0,0.0,0.0
WestH6ToSaxonSt.82,984.0,524_0,0.0,0.0,0.0,1455.0,771_1,56.88,14.96,471.0,2767.85,182.0,8,0.0,281.75,0,tripinfo_WestH6ToSaxonSt.82 emissions_WestH6ToSaxonSt.82,gasoline_euro4,1.09,46781.275806,1389520.065898,244.611801,28.226783,589.926302,443204.948637,0.0
V6ToEastH6.111,1332.0,468_1,0.0,0.0,0.0,1457.0,522_1,56.88,12.63,125.0,1512.23,0.0,0,0.0,14.78,0,tripinfo_V6ToEastH6.111 emissions_V6ToEastH6.111,electric,0.99,0.0,0.0,0.0,0.0,0.0,0.0,0.0
V6ToEastH6.112,1344.0,468_1,0.0,0.0,0.0,1458.0,522_1,56.88,15.45,114.0,1512.23,0.0,0,0.0,17.58,0,tripinfo_V6ToEastH6.112 emissions_V6ToEastH6.112,electric,1.13,0.0,0.0,0.0,0.0,0.0,0.0,0.0
WestH6ToSaxonSt.81,972.0,524_0,0.0,0.0,0.0,1459.0,771_1,56.88,13.17,487.0,2574.97,230.0,9,0.0,303.4,0,tripinfo_WestH6ToSaxonSt.81 emissions_WestH6ToSaxonSt.81,gasoline_euro4,1.03,50644.943089,1345095.373304,261.049552,27.404583,570.629327,429038.557015,0.0
EastAveburyToWestA509.121,1228.0,483_1,0.0,0.0,0.0,1459.0,774_0,29.75,13.4,231.0,2309.99,11.0,1,0.0,59.64,0,tripinfo_EastAveburyToWestA509.121 emissions_EastAveburyToWestA509.121,electric,1.02,0.0,0.0,0.0,0.0,0.0,0.0,0.0
WestH6ToSaxonSt.85,1020.0,524_0,0.0,0.0,0.0,1463.0,771_1,56.88,13.86,443.0,2767.87,171.0,7,0.0,238.19,0,tripinfo_WestH6ToSaxonSt.85 emissions_WestH6ToSaxonSt.85,gasoline_euro4,1.01,42198.526482,1292077.919417,221.604813,25.771222,546.101219,412124.293235,0.0
WestH6ToSaxonSt.88,1056.0,524_0,0.0,0.0,0.0,1465.0,771_1,56.88,12.82,409.0,2767.88,124.0,6,0.0,201.07,0,tripinfo_WestH6ToSaxonSt.88 emissions_WestH6ToSaxonSt.88,gasoline_euro4,0.99,35136.730316,1177776.686604,186.848576,22.754293,492.711735,375665.249349,0.0
WestH6ToSaxonSt.91,1092.0,524_0,0.0,0.0,0.0,1467.0,771_1,56.88,13.78,375.0,2767.88,100.0,5,0.0,167.53,0,tripinfo_WestH6ToSaxonSt.91 emissions_WestH6ToSaxonSt.91,gasoline_euro4,1.0,30308.124891,1076391.713966,162.42811,20.268507,446.135337,343326.857248,0.0
EastAveburyToWestA509.110,1135.0,483_1,0.0,0.0,0.0,1468.0,774_2,29.75,16.7,333.0,2214.99,136.0,6,0.0,202.96,0,tripinfo_EastAveburyToWestA509.110 emissions_EastAveburyToWestA509.110,electric,1.24,0.0,0.0,0.0,0.0,0.0,0.0,0.0
EastSilburyToEastAvebury.46,1136.0,317_0,0.0,0.0,0.0,1472.0,213_0,19.13,14.23,336.0,1581.8,176.0,5,0.0,223.25,0,tripinfo_EastSilburyToEastAvebury.46 emissions_EastSilburyToEastAvebury.46,electric,1.03,0.0,0.0,0.0,0.0,0.0,0.0,0.0
EastSilburyToEastAvebury.7,512.0,317_0,0.0,0.0,0.0,1475.0,213_0,19.13,13.09,963.0,1581.86,737.0,14,0.0,843.08,0,tripinfo_EastSilburyToEastAvebury.7 emissions_EastSilburyToEastAvebury.7,electric,0.97,0.0,0.0,0.0,0.0,0.0,0.0,0.0
EastAveburyToWestA509.104,1084.0,483_0,0.0,0.0,0.0,1475.0,774_0,29.75,12.11,391.0,2254.7,159.0,5,0.0,208.0,0,tripinfo_EastAveburyToWestA509.104 emissions_EastAveburyToWestA509.104,electric,0.9,0.0,0.0,0.0,0.0,0.0,0.0,0.0
EastAveburyToWestA509.76,846.0,483_0,0.0,0.0,0.0,1476.0,774_0,29.75,13.45,630.0,2260.81,381.0,9,0.0,461.14,0,tripinfo_EastAveburyToWestA509.76 emissions_EastAveburyToWestA509.76,gasoline_euro4,0.98,76321.445402,1716183.017295,387.225356,37.472224,748.670134,547407.006393,0.0
EastAveburyToWestA509.101,1058.0,483_1,0.0,0.0,0.0,1476.0,774_1,29.75,13.25,418.0,2238.63,178.0,11,0.0,255.57,0,tripinfo_EastAveburyToWestA509.101 emissions_EastAveburyToWestA509.101,electric,1.02,0.0,0.0,0.0,0.0,0.0,0.0,0.0
EastSilburyToEastAvebury.8,528.0,317_0,0.0,0.0,0.0,1477.0,213_0,19.13,13.07,949.0,1581.8,728.0,13,0.0,834.02,0,tripinfo_EastSilburyToEastAvebury.8 emissions_EastSilburyToEastAvebury.8,electric,1.01,0.0,0.0,0.0,0.0,0.0,0.0,0.0
WestA509ToAvebury.36,648.0,773_0,0.0,0.0,0.0,1479.0,213_0,19.13,12.54,831.0,2288.55,618.0,7,0.0,663.07,0,tripinfo_WestA509ToAvebury.36 emissions_WestA509ToAvebury.36,electric,0.99,0.0,0.0,0.0,0.0,0.0,0.0,0.0
EastAveburyToWestA509.81,888.0,483_0,0.0,0.0,0.0,1480.0,774_1,29.75,13.65,592.0,2260.82,345.0,10,0.0,436.92,0,tripinfo_EastAveburyToWestA509.81 emissions_EastAveburyToWestA509.81,gasoline_euro4,1.06,70860.647539,1636124.068415,360.416214,35.751368,713.121968,521869.563947,0.0
WestA509ToAvebury.41,738.0,773_0,0.0,0.0,0.0,1481.0,213_0,19.13,13.31,743.0,2288.81,517.0,9,0.0,569.87,0,tripinfo_WestA509ToAvebury.41 emissions_WestA509ToAvebury.41,electric,0.96,0.0,0.0,0.0,0.0,0.0,0.0,0.0
V6ToEastH6.114,1368.0,468_1,0.0,0.0,0.0,1481.0,522_1,56.88,14.12,113.0,1511.92,0.0,0,0.0,14.2,0,tripinfo_V6ToEastH6.114 emissions_V6ToEastH6.114,electric,1.1,0.0,0.0,0.0,0.0,0.0,0.0,0.0
EastAveburyToWestA509.117,1194.0,483_1,0.0,0.0,0.0,1483.0,774_1,29.75,13.92,289.0,2238.66,72.0,11,0.0,130.77,0,tripinfo_EastAveburyToWestA509.117 emissions_EastAveburyToWestA509.117,electric,1.05,0.0,0.0,0.0,0.0,0.0,0.0,0.0
EastAveburyToWestA509.85,922.0,483_1,0.0,0.0,0.0,1485.0,774_0,29.75,11.68,563.0,2241.68,287.0,9,0.0,370.92,0,tripinfo_EastAveburyToWestA509.85 emissions_EastAveburyToWestA509.85,electric,0.86,0.0,0.0,0.0,0.0,0.0,0.0,0.0
SouthEvansGateToSilbury.68,1224.0,526_0,0.0,0.0,0.0,1488.0,215_1,19.43,11.53,264.0,1477.6,123.0,2,0.0,145.35,0,tripinfo_SouthEvansGateToSilbury.68 emissions_SouthEvansGateToSilbury.68,electric,0.9,0.0,0.0,0.0,0.0,0.0,0.0,0.0
EastAveburyToWestA509.82,897.0,483_0,0.0,0.0,0.0,1490.0,774_0,29.75,11.72,593.0,2254.73,329.0,12,0.0,415.33,0,tripinfo_EastAveburyToWestA509.82 emissions_EastAveburyToWestA509.82,gasoline_euro4,0.93,67534.013012,1533250.374005,342.918837,32.937569,665.458665,489057.605642,0.0
SouthEvansGateToSilbury.70,1260.0,526_0,0.0,0.0,0.0,1490.0,215_1,19.43,15.47,230.0,1477.55,94.0,3,0.0,135.19,0,tripinfo_SouthEvansGateToSilbury.70 emissions_SouthEvansGateToSilbury.70,electric,1.13,0.0,0.0,0.0,0.0,0.0,0.0,0.0
EastAveburyToWestA509.67,769.0,483_1,0.0,0.0,0.0,1492.0,774_0,29.75,12.89,723.0,2328.54,447.0,11,0.0,551.82,0,tripinfo_EastAveburyToWestA509.67 emissions_EastAveburyToWestA509.67,gasoline_euro4,1.01,90528.214958,1991161.218588,458.296457,44.15694,873.638939,635116.599719,0.0
SouthEvansGateToSilbury.71,1278.0,526_0,0.0,0.0,0.0,1492.0,215_1,19.43,12.21,214.0,1477.59,66.0,3,0.0,103.3,0,tripinfo_SouthEvansGateToSilbury.71 emissions_SouthEvansGateToSilbury.71,gasoline_euro4,0.97,18024.76364,605577.746844,95.990678,11.797833,254.330362,193155.761121,0.0
SouthEvansGateToSilbury.76,1368.0,526_0,0.0,0.0,0.0,1494.0,215_1,19.43,16.09,126.0,1477.52,14.0,1,0.0,35.67,0,tripinfo_SouthEvansGateToSilbury.76 emissions_SouthEvansGateToSilbury.76,electric,1.19,0.0,0.0,0.0,0.0,0.0,0.0,0.0
WestH6ToSaxonSt.98,1176.0,524_0,0.0,0.0,0.0,1495.0,771_0,56.88,13.71,319.0,2601.19,96.0,4,0.0,141.22,0,tripinfo_WestH6ToSaxonSt.98 emissions_WestH6ToSaxonSt.98,electric,1.06,0.0,0.0,0.0,0.0,0.0,0.0,0.0
EastAveburyToWestA509.99,1041.0,483_1,0.0,0.0,0.0,1502.0,774_1,29.75,12.06,461.0,2218.32,221.0,8,0.0,285.25,0,tripinfo_EastAveburyToWestA509.99 emissions_EastAveburyToWestA509.99,electric,0.92,0.0,0.0,0.0,0.0,0.0,0.0,0.0
WestH6ToSaxonSt.92,1104.0,524_0,0.0,0.0,0.0,1506.0,771_0,56.88,10.88,402.0,2613.57,135.0,4,0.0,175.35,0,tripinfo_WestH6ToSaxonSt.92 emissions_WestH6ToSaxonSt.92,electric,0.84,0.0,0.0,0.0,0.0,0.0,0.0,0.0
V6ToEastH6.113,1356.0,468_1,0.0,0.0,0.0,1507.0,522_0,56.88,10.91,151.0,1512.23,0.0,0,0.0,12.25,0,tripinfo_V6ToEastH6.113 emissions_V6ToEastH6.113,electric,0.79,0.0,0.0,0.0,0.0,0.0,0.0,0.0
V6ToEastH6.116,1392.0,468_1,0.0,0.0,0.0,1507.0,522_1,56.88,14.78,115.0,1512.23,0.0,0,0.0,14.4,0,tripinfo_V6ToEastH6.116 emissions_V6ToEastH6.116,gasoline_euro4,1.09,4239.572481,368694.038234,27.464419,6.107541,145.024824,117596.139879,0.0
WestH6ToSaxonSt.93,1116.0,524_0,0.0,0.0,0.0,1508.0,771_0,56.88,13.09,392.0,2602.68,143.0,3,0.0,193.3,0,tripinfo_WestH6ToSaxonSt.93 emissions_WestH6ToSaxonSt.93,electric,0.95,0.0,0.0,0.0,0.0,0.0,0.0,0.0
EastA509ToH6.66,1188.0,770_0,0.0,0.0,0.0,1509.0,522_0,56.88,11.62,321.0,1483.64,170.0,5,0.0,204.94,0,tripinfo_EastA509ToH6.66 emissions_EastA509ToH6.66,gasoline_euro4,0.93,35332.841267,874354.158159,181.134599,18.464626,377.447349,278889.226494,0.0
WestH6ToSaxonSt.104,1248.0,524_0,0.0,0.0,0.0,1509.0,771_0,56.88,14.08,261.0,2613.57,31.0,3,0.0,75.35,0,tripinfo_WestH6ToSaxonSt.104 emissions_WestH6ToSaxonSt.104,electric,1.03,0.0,0.0,0.0,0.0,0.0,0.0,0.0
SouthEvansGateToSilbury.66,1188.0,526_0,0.0,0.0,0.0,1510.0,215_1,19.43,13.6,322.0,1471.7,179.0,5,0.0,215.82,0,tripinfo_SouthEvansGateToSilbury.66 emissions_SouthEvansGateToSilbury.66,gasoline_euro4,1.0,36615.189742,902006.97233,187.341943,19.082771,388.339204,287709.64119,0.0
EastSilburyToEastAvebury.50,1200.0,317_0,0.0,0.0,0.0,1511.0,213_0,19.13,11.59,311.0,2473.18,66.0,5,0.0,113.29,0,tripinfo_EastSilburyToEastAvebury.50 emissions_EastSilburyToEastAvebury.50,gasoline_euro4,0.92,21243.813266,810793.820695,115.286024,14.57996,332.262316,258611.303875,0.0
WestA509ToAvebury.67,1206.0,773_0,0.0,0.0,0.0,1512.0,213_0,19.13,14.21,306.0,2336.42,104.0,3,0.0,145.87,0,tripinfo_WestA509ToAvebury.67 emissions_WestA509ToAvebury.67,gasoline_euro4,1.06,25311.177122,880323.327178,134.814725,16.587159,362.810865,280789.086017,0.0
SouthEvansGateToSilbury.67,1206.0,526_0,0.0,0.0,0.0,1513.0,215_1,19.43,11.97,307.0,1471.73,156.0,4,0.0,192.39,0,tripinfo_SouthEvansGateToSilbury.67 emissions_SouthEvansGateToSilbury.67,gasoline_euro4,0.93,32974.678095,838537.099893,169.307365,17.239139,358.291723,267464.786415,0.0
SouthEvansGateToSilbury.73,1314.0,526_0,0.0,0.0,0.0,1514.0,215_1,19.43,14.9,200.0,1471.7,67.0,3,0.0,101.28,0,tripinfo_SouthEvansGateToSilbury.73 emissions_SouthEvansGateToSilbury.73,gasoline_euro4,1.07,17223.982274,596010.128064,91.918527,11.355916,247.180705,190104.084495,0.0
V6ToEastH6.115,1380.0,468_1,0.0,0.0,0.0,1514.0,522_1,56.88,12.0,134.0,1512.23,0.0,0,0.0,16.02,0,tripinfo_V6ToEastH6.115 emissions_V6ToEastH6.115,electric,0.93,0.0,0.0,0.0,0.0,0.0,0.0,0.0
WestA509ToEastH6.33,1188.0,773_0,0.0,0.0,0.0,1516.0,522_1,56.88,12.32,328.0,2762.5,87.0,2,0.0,120.94,0,tripinfo_WestA509ToEastH6.33 emissions_WestA509ToEastH6.33,electric,0.97,0.0,0.0,0.0,0.0,0.0,0.0,0.0
EastA509ToH6.68,1224.0,770_0,0.0,0.0,0.0,1519.0,522_0,56.88,12.93,295.0,1483.69,143.0,4,0.0,188.63,0,tripinfo_EastA509ToH6.68 emissions_EastA509ToH6.68,gasoline_euro4,1.01,31485.417291,827966.806938,162.321292,17.212814,354.930855,264092.298452,0.0
V6ToEastH6.117,1404.0,468_1,0.0,0.0,0.0,1520.0,522_1,56.88,15.45,116.0,1512.23,0.0,0,0.0,20.64,0,tripinfo_V6ToEastH6.117 emissions_V6ToEastH6.117,gasoline_euro4,1.14,4802.232171,406673.47422,30.598191,6.68492,159.173019,129709.903248,0.0
EastA509ToH6.67,1206.0,770_0,0.0,0.0,0.0,1529.0,522_0,56.88,12.24,323.0,1483.69,161.0,4,0.0,208.35,0,tripinfo_EastA509ToH6.67 emissions_EastA509ToH6.67,gasoline_euro4,0.94,35338.413177,870297.556653,180.936925,18.300671,374.663782,277595.53234,0.0
V6ToEastH6.119,1428.0,468_1,0.0,0.0,0.0,1542.0,522_1,56.88,14.14,114.0,1512.23,0.0,0,0.0,13.77,0,tripinfo_V6ToEastH6.119 emissions_V6ToEastH6.119,electric,1.09,0.0,0.0,0.0,0.0,0.0,0.0,0.0
WestH6ToSaxonSt.95,1140.0,524_0,0.0,0.0,0.0,1545.0,771_1,56.88,14.71,405.0,2574.97,170.0,7,0.0,228.13,0,tripinfo_WestH6ToSaxonSt.95 emissions_WestH6ToSaxonSt.95,gasoline_euro4,1.06,40077.95792,1174837.803519,209.169841,23.669648,496.067178,374730.022105,0.0
WestH6ToSaxonSt.97,1164.0,524_0,0.0,0.0,0.0,1547.0,771_1,56.88,14.29,383.0,2574.97,162.0,6,0.0,214.19,0,tripinfo_WestH6ToSaxonSt.97 emissions_WestH6ToSaxonSt.97,gasoline_euro4,1.12,36797.969592,1124001.610104,192.508363,22.262735,470.003708,358514.604546,0.0
V6ToEastH6.118,1416.0,468_1,0.0,0.0,0.0,1548.0,522_1,56.88,12.1,132.0,1512.23,0.0,0,0.0,13.78,0,tripinfo_V6ToEastH6.118 emissions_V6ToEastH6.118,gasoline_euro4,0.93,3852.740764,346244.3173,25.34429,5.027929,133.019387,110436.428272,0.0
V6ToEastH6.120,1440.0,468_1,0.0,0.0,0.0,1552.0,522_1,56.88,14.63,112.0,1512.23,0.0,0,0.0,14.07,0,tripinfo_V6ToEastH6.120 emissions_V6ToEastH6.120,gasoline_euro4,1.12,4455.253579,393062.909516,28.971493,6.601541,154.842362,125368.524097,0.0
WestH6ToSaxonSt.94,1128.0,524_0,0.0,0.0,0.0,1554.0,771_1,56.88,12.11,426.0,2767.87,136.0,7,0.0,202.88,0,tripinfo_WestH6ToSaxonSt.94 emissions_WestH6ToSaxonSt.94,gasoline_euro4,0.93,36356.067871,1175805.935333,192.725385,22.674354,493.2651,375037.481765,0.0
EastSilburyToEastAvebury.3,448.0,317_0,0.0,0.0,0.0,1555.0,213_0,19.13,12.02,1107.0,1576.66,858.0,16,0.0,974.51,0,tripinfo_EastSilburyToEastAvebury.3 emissions_EastSilburyToEastAvebury.3,electric,0.87,0.0,0.0,0.0,0.0,0.0,0.0,0.0
EastAveburyToWestA509.119,1211.0,483_0,0.0,0.0,0.0,1555.0,774_0,29.75,13.41,344.0,2254.71,136.0,5,0.0,188.24,0,tripinfo_EastAveburyToWestA509.119 emissions_EastAveburyToWestA509.119,gasoline_euro4,1.05,32492.857305,992764.891403,170.347202,19.804728,418.557944,316654.759715,0.0
WestH6ToSaxonSt.100,1200.0,524_0,0.0,0.0,0.0,1556.0,771_1,56.88,12.89,356.0,2574.96,102.0,6,0.0,167.31,0,tripinfo_WestH6ToSaxonSt.100 emissions_WestH6ToSaxonSt.100,gasoline_euro4,1.0,29331.35761,994544.062461,155.876491,18.874554,412.507425,317221.348938,0.0
WestA509ToAvebury.21,378.0,773_0,0.0,0.0,0.0,1557.0,213_0,19.13,12.08,1179.0,2288.57,874.0,14,0.0,989.74,0,tripinfo_WestA509ToAvebury.21 emissions_WestA509ToAvebury.21,electric,0.88,0.0,0.0,0.0,0.0,0.0,0.0,0.0
EastSilburyToEastAvebury.44,1104.0,317_0,0.0,0.0,0.0,1559.0,213_0,19.13,12.06,455.0,680.87,354.0,10,0.0,398.44,0,tripinfo_EastSilburyToEastAvebury.44 emissions_EastSilburyToEastAvebury.44,electric,0.9,0.0,0.0,0.0,0.0,0.0,0.0,0.0
EastAveburyToWestA509.83,905.0,483_0,0.0,0.0,0.0,1560.0,774_0,29.75,13.57,655.0,2257.77,386.0,14,0.0,491.9,0,tripinfo_EastAveburyToWestA509.83 emissions_EastAveburyToWestA509.83,gasoline_euro4,1.02,79580.999881,1766873.95133,402.976541,38.750722,771.461301,563576.186277,0.0
EastSilburyToEastAvebury.34,944.0,317_0,0.0,0.0,0.0,1561.0,213_0,19.13,12.92,617.0,680.87,518.0,11,0.0,565.32,0,tripinfo_EastSilburyToEastAvebury.34 emissions_EastSilburyToEastAvebury.34,gasoline_euro4,0.99,93475.482346,1674680.304535,464.883697,40.202706,756.309734,534176.80462,0.0
EastAveburyToWestA509.90,965.0,483_0,0.0,0.0,0.0,1563.0,774_0,29.75,13.17,598.0,2260.91,331.0,10,0.0,431.62,0,tripinfo_EastAveburyToWestA509.90 emissions_EastAveburyToWestA509.90,gasoline_euro4,0.99,69795.113304,1574342.705322,354.165358,34.427516,687.154709,502164.305489,0.0
WestA509ToAvebury.55,990.0,773_0,0.0,0.0,0.0,1563.0,213_0,19.13,14.44,573.0,2288.81,352.0,15,0.0,419.4,0,tripinfo_WestA509ToAvebury.55 emissions_WestA509ToAvebury.55,electric,1.08,0.0,0.0,0.0,0.0,0.0,0.0,0.0
WestA509ToEastH6.34,1224.0,773_0,0.0,0.0,0.0,1565.0,522_0,56.88,12.96,341.0,2755.0,95.0,3,0.0,140.95,0,tripinfo_WestA509ToEastH6.34 emissions_WestA509ToEastH6.34,gasoline_euro4,1.0,24779.17417,933812.370178,133.711373,16.821645,380.374088,297849.627287,0.0
EastAveburyToWestA509.91,973.0,483_0,0.0,0.0,0.0,1566.0,774_0,29.75,13.03,593.0,2260.81,330.0,9,0.0,424.28,0,tripinfo_EastAveburyToWestA509.91 emissions_EastAveburyToWestA509.91,gasoline_euro4,0.98,68269.422855,1552640.401493,346.31392,33.311839,672.545273,495242.372145,0.0
WestA509ToAvebury.22,399.0,773_0,0.0,0.0,3.0,1567.0,213_0,19.13,12.3,1168.0,2288.83,869.0,16,0.0,990.77,0,tripinfo_WestA509ToAvebury.22 emissions_WestA509ToAvebury.22,electric,0.94,0.0,0.0,0.0,0.0,0.0,0.0,0.0
EastSilburyToEastAvebury.53,1248.0,317_0,0.0,0.0,0.0,1568.0,213_0,19.13,13.52,320.0,1581.81,149.0,12,0.0,210.26,0,tripinfo_EastSilburyToEastAvebury.53 emissions_EastSilburyToEastAvebury.53,electric,1.05,0.0,0.0,0.0,0.0,0.0,0.0,0.0
EastAveburyToWestA509.126,1271.0,483_1,0.0,0.0,0.0,1568.0,774_0,29.75,14.71,297.0,2311.97,72.0,4,0.0,139.39,0,tripinfo_EastAveburyToWestA509.126 emissions_EastAveburyToWestA509.126,electric,1.1,0.0,0.0,0.0,0.0,0.0,0.0,0.0
WestH6ToSaxonSt.102,1224.0,524_0,0.0,0.0,0.0,1569.0,771_0,56.88,15.22,345.0,2608.48,144.0,3,0.0,183.17,0,tripinfo_WestH6ToSaxonSt.102 emissions_WestH6ToSaxonSt.102,electric,1.18,0.0,0.0,0.0,0.0,0.0,0.0,0.0
EastAveburyToWestA509.112,1152.0,483_0,0.0,0.0,0.0,1574.0,774_0,29.75,12.74,422.0,2258.11,191.0,9,0.0,245.27,0,tripinfo_EastAveburyToWestA509.112 emissions_EastAveburyToWestA509.112,gasoline_euro4,0.93,42867.788751,1174499.779526,222.085678,23.89503,500.153349,374623.621579,0.0
EastAveburyToWestA509.114,1169.0,483_0,0.0,0.0,0.0,1574.0,774_1,29.75,13.94,405.0,2258.8,184.0,10,0.0,241.85,0,tripinfo_EastAveburyToWestA509.114 emissions_EastAveburyToWestA509.114,gasoline_euro4,1.01,41412.644456,1164529.970149,215.212954,23.817269,495.930951,371442.787363,0.0
V6ToEastH6.121,1452.0,468_1,0.0,0.0,0.0,1574.0,522_1,56.88,13.32,122.0,1512.23,0.0,0,0.0,11.3,0,tripinfo_V6ToEastH6.121 emissions_V6ToEastH6.121,gasoline_euro4,0.99,3577.076317,343109.374103,23.696301,5.061036,131.137127,109436.299491,0.0
WestH6ToSaxonSt.109,1308.0,524_0,0.0,0.0,0.0,1575.0,771_0,56.88,15.74,267.0,2603.31,68.0,3,0.0,108.2,0,tripinfo_WestH6ToSaxonSt.109 emissions_WestH6ToSaxonSt.109,electric,1.19,0.0,0.0,0.0,0.0,0.0,0.0,0.0
SouthEvansGateToSilbury.74,1332.0,526_0,0.0,0.0,0.0,1577.0,215_1,19.43,13.72,245.0,1477.62,112.0,2,0.0,139.98,0,tripinfo_SouthEvansGateToSilbury.74 emissions_SouthEvansGateToSilbury.74,electric,1.02,0.0,0.0,0.0,0.0,0.0,0.0,0.0
V6ToEastH6.122,1464.0,468_1,0.0,0.0,0.0,1577.0,522_1,56.88,14.72,113.0,1512.23,0.0,0,0.0,15.1,0,tripinfo_V6ToEastH6.122 emissions_V6ToEastH6.122,gasoline_euro4,1.12,4536.863766,393830.553093,29.084276,6.505064,154.386738,125613.477624,0.0
EastAveburyToWestA509.129,1296.0,483_1,0.0,0.0,0.0,1578.0,774_0,29.75,13.74,282.0,2308.5,47.0,5,0.0,110.39,0,tripinfo_EastAveburyToWestA509.129 emissions_EastAveburyToWestA509.129,electric,1.0,0.0,0.0,0.0,0.0,0.0,0.0,0.0
WestH6ToSaxonSt.108,1296.0,524_0,0.0,0.0,0.0,1580.0,771_0,56.88,13.48,284.0,2613.57,63.0,2,0.0,98.02,0,tripinfo_WestH6ToSaxonSt.108 emissions_WestH6ToSaxonSt.108,electric,1.03,0.0,0.0,0.0,0.0,0.0,0.0,0.0
EastAveburyToWestA509.134,1339.0,483_1,0.0,0.0,0.0,1580.0,774_0,29.75,13.75,241.0,2311.97,16.0,3,0.0,70.79,0,tripinfo_EastAveburyToWestA509.134 emissions_EastAveburyToWestA509.134,electric,1.02,0.0,0.0,0.0,0.0,0.0,0.0,0.0
EastAveburyToWestA509.87,939.0,483_1,0.0,0.0,0.0,1582.0,774_0,29.75,13.98,643.0,2325.48,400.0,9,0.0,478.36,0,tripinfo_EastAveburyToWestA509.87 emissions_EastAveburyToWestA509.87,gasoline_euro4,1.06,79993.991035,1816318.959117,406.228154,40.193601,795.425941,579346.005837,0.0
SouthEvansGateToSilbury.79,1422.0,526_0,0.0,0.0,0.0,1584.0,215_1,19.43,14.98,162.0,1477.59,49.0,1,0.0,65.52,0,tripinfo_SouthEvansGateToSilbury.79 emissions_SouthEvansGateToSilbury.79,electric,1.11,0.0,0.0,0.0,0.0,0.0,0.0,0.0
WestH6ToSaxonSt.111,1332.0,524_0,0.0,0.0,0.0,1585.0,771_0,56.88,16.12,253.0,2608.48,59.0,2,0.0,90.68,0,tripinfo_WestH6ToSaxonSt.111 emissions_WestH6ToSaxonSt.111,electric,1.18,0.0,0.0,0.0,0.0,0.0,0.0,0.0
EastSilburyToEastAvebury.54,1264.0,317_0,0.0,0.0,0.0,1598.0,213_0,19.13,14.33,334.0,2473.2,116.0,4,0.0,161.53,0,tripinfo_EastSilburyToEastAvebury.54 emissions_EastSilburyToEastAvebury.54,gasoline_euro4,1.06,28628.641271,967374.700272,152.163648,18.570089,401.514966,308555.246958,0.0
WestA509ToAvebury.73,1314.0,773_0,0.0,0.0,0.0,1599.0,213_1,19.13,12.72,285.0,2337.28,71.0,2,0.0,103.83,0,tripinfo_WestA509ToAvebury.73 emissions_WestA509ToAvebury.73,gasoline_euro4,0.94,18777.224383,755106.503679,102.546464,12.997202,304.521733,240849.32331,0.0
V6ToEastH6.123,1476.0,468_1,0.0,0.0,0.0,1599.0,522_1,56.88,14.0,123.0,1512.23,0.0,0,0.0,16.58,0,tripinfo_V6ToEastH6.123 emissions_V6ToEastH6.123,electric,1.03,0.0,0.0,0.0,0.0,0.0,0.0,0.0
SouthEvansGateToSilbury.72,1296.0,526_0,0.0,0.0,0.0,1601.0,215_1,19.43,10.7,305.0,1471.71,145.0,4,0.0,176.5,0,tripinfo_SouthEvansGateToSilbury.72 emissions_SouthEvansGateToSilbury.72,gasoline_euro4,0.83,30580.458585,772315.785203,157.155356,15.479018,328.360432,246343.003653,0.0
WestA509ToAvebury.74,1332.0,773_0,0.0,0.0,0.0,1601.0,213_1,19.13,14.88,269.0,2336.43,65.0,2,0.0,117.68,0,tripinfo_WestA509ToAvebury.74 emissions_WestA509ToAvebury.74,gasoline_euro4,1.13,18979.792167,772868.879376,103.85539,14.28365,317.373078,246513.552251,0.0
WestA509ToEastH6.35,1260.0,773_1,0.0,0.0,0.0,1602.0,522_1,56.88,14.11,342.0,3082.3,74.0,3,0.0,123.55,0,tripinfo_WestA509ToEastH6.35 emissions_WestA509ToEastH6.35,electric,1.03,0.0,0.0,0.0,0.0,0.0,0.0,0.0
WestA509ToAvebury.71,1278.0,773_0,0.0,0.0,0.0,1602.0,213_0,19.13,10.41,324.0,2337.25,91.0,2,0.0,121.86,0,tripinfo_WestA509ToAvebury.71 emissions_WestA509ToAvebury.71,gasoline_euro4,0.84,22569.861591,787096.652107,120.752068,13.571535,318.99945,251054.771362,0.0
WestA509ToAvebury.75,1350.0,773_0,0.0,0.0,0.0,1604.0,213_0,19.13,11.76,254.0,2337.25,40.0,1,0.0,62.7,0,tripinfo_WestA509ToAvebury.75 emissions_WestA509ToAvebury.75,gasoline_euro4,0.89,12886.933988,632126.0514,72.711964,9.876309,247.805271,201622.797923,0.0
V6ToEastH6.124,1488.0,468_1,0.0,0.0,0.0,1615.0,522_1,56.88,13.15,127.0,1512.23,0.0,0,0.0,12.34,0,tripinfo_V6ToEastH6.124 emissions_V6ToEastH6.124,electric,0.95,0.0,0.0,0.0,0.0,0.0,0.0,0.0
V6ToEastH6.125,1500.0,468_1,0.0,0.0,0.0,1627.0,522_1,56.88,13.18,127.0,1512.23,2.0,1,0.0,18.53,0,tripinfo_V6ToEastH6.125 emissions_V6ToEastH6.125,gasoline_euro4,1.01,4620.725672,380235.459403,29.409967,5.783623,146.916826,121278.038229,0.0
WestH6ToSaxonSt.96,1152.0,524_0,0.0,0.0,0.0,1634.0,771_1,56.88,12.61,482.0,2767.88,188.0,7,0.0,263.06,0,tripinfo_WestH6ToSaxonSt.96 emissions_WestH6ToSaxonSt.96,gasoline_euro4,0.95,45881.545031,1326848.947482,239.20736,26.275173,560.2983,423216.774019,0.0
WestH6ToSaxonSt.99,1188.0,524_0,0.0,0.0,0.0,1637.0,771_1,56.88,14.34,449.0,2767.88,183.0,8,0.0,263.02,0,tripinfo_WestH6ToSaxonSt.99 emissions_WestH6ToSaxonSt.99,gasoline_euro4,1.11,45783.539395,1375236.057071,239.686266,28.130778,584.094357,438648.374039,0.0
WestH6ToSaxonSt.101,1212.0,524_0,0.0,0.0,0.0,1641.0,771_1,56.88,13.86,429.0,2767.87,155.0,6,0.0,225.6,0,tripinfo_WestH6ToSaxonSt.101 emissions_WestH6ToSaxonSt.101,gasoline_euro4,1.02,40214.49656,1251791.473147,211.6954,24.837519,527.711429,399274.188955,0.0
EastAveburyToWestA509.132,1322.0,483_0,0.0,0.0,0.0,1646.0,774_1,29.75,14.68,324.0,2255.6,122.0,6,0.0,178.58,0,tripinfo_EastAveburyToWestA509.132 emissions_EastAveburyToWestA509.132,gasoline_euro4,1.14,30301.164942,986193.058193,160.410169,19.757305,415.505167,314557.279118,0.0
EastAveburyToWestA509.125,1262.0,483_1,0.0,0.0,0.0,1649.0,774_0,29.75,12.87,387.0,2238.62,159.0,9,0.0,209.45,0,tripinfo_EastAveburyToWestA509.125 emissions_EastAveburyToWestA509.125,electric,0.93,0.0,0.0,0.0,0.0,0.0,0.0,0.0
EastAveburyToWestA509.94,999.0,483_0,0.0,0.0,0.0,1651.0,774_0,29.75,14.18,652.0,2260.83,390.0,11,0.0,502.34,0,tripinfo_EastAveburyToWestA509.94 emissions_EastAveburyToWestA509.94,gasoline_euro4,1.11,81983.434173,1839466.186981,415.845863,41.001355,807.211745,586729.495378,0.0
V6ToEastH6.127,1524.0,468_1,0.0,0.0,0.0,1652.0,522_1,56.88,13.42,128.0,1512.23,0.0,0,0.0,16.08,0,tripinfo_V6ToEastH6.127 emissions_V6ToEastH6.127,electric,0.98,0.0,0.0,0.0,0.0,0.0,0.0,0.0
EastAveburyToWestA509.138,1373.0,483_1,0.0,0.0,0.0,1653.0,774_0,29.75,15.05,280.0,2309.99,64.0,4,0.0,122.62,0,tripinfo_EastAveburyToWestA509.138 emissions_EastAveburyToWestA509.138,electric,1.1,0.0,0.0,0.0,0.0,0.0,0.0,0.0
WestA509ToEastH6.40,1440.0,773_0,0.0,0.0,0.0,1655.0,522_0,56.88,18.02,215.0,2754.12,9.0,2,0.0,62.15,0,tripinfo_WestA509ToEastH6.40 emissions_WestA509ToEastH6.40,gasoline_euro4,1.31,11721.712842,778266.662616,70.434166,13.74487,309.104641,248231.444348,0.0
V6ToEastH6.126,1512.0,468_1,0.0,0.0,0.0,1658.0,522_1,56.88,11.67,146.0,1512.23,2.0,1,0.0,22.49,0,tripinfo_V6ToEastH6.126 emissions_V6ToEastH6.126,electric,0.89,0.0,0.0,0.0,0.0,0.0,0.0,0.0
EastAveburyToWestA509.128,1288.0,483_0,0.0,0.0,0.0,1659.0,774_1,29.75,12.65,371.0,2258.78,133.0,9,0.0,200.76,0,tripinfo_EastAveburyToWestA509.128 emissions_EastAveburyToWestA509.128,gasoline_euro4,0.97,33799.334223,1023857.713203,177.265463,20.293775,432.551067,326572.482892,0.0
EastAveburyToWestA509.86,931.0,483_0,0.0,0.0,0.0,1664.0,774_0,29.75,10.01,733.0,2257.78,415.0,16,0.0,525.44,0,tripinfo_EastAveburyToWestA509.86 emissions_EastAveburyToWestA509.86,gasoline_euro4,0.8,86380.856649,1837274.248426,436.093757,39.654616,801.15419,586034.571981,0.0
SouthEvansGateToSilbury.80,1440.0,526_0,0.0,0.0,0.0,1665.0,215_1,19.43,13.46,225.0,1477.55,90.0,3,0.0,118.82,0,tripinfo_SouthEvansGateToSilbury.80 emissions_SouthEvansGateToSilbury.80,gasoline_euro4,1.01,21278.058668,682971.434512,112.175562,13.271785,285.4395,217841.994714,0.0
V6ToEastH6.128,1536.0,468_1,0.0,0.0,0.0,1665.0,522_1,56.88,12.07,129.0,1512.23,0.0,0,0.0,15.16,0,tripinfo_V6ToEastH6.128 emissions_V6ToEastH6.128,gasoline_euro4,0.96,4106.237209,357606.339036,26.420465,5.290699,137.257706,114060.375632,0.0
EastAveburyToWestA509.139,1381.0,483_1,0.0,0.0,0.0,1666.0,774_0,29.75,13.14,285.0,2309.99,54.0,4,0.0,108.8,0,tripinfo_EastAveburyToWestA509.139 emissions_EastAveburyToWestA509.139,electric,0.98,0.0,0.0,0.0,0.0,0.0,0.0,0.0
V6ToEastH6.129,1548.0,468_1,0.0,0.0,0.0,1675.0,522_1,56.88,12.56,127.0,1512.23,0.0,0,0.0,14.48,0,tripinfo_V6ToEastH6.129 emissions_V6ToEastH6.129,electric,0.97,0.0,0.0,0.0,0.0,0.0,0.0,0.0
WestH6ToSaxonSt.113,1356.0,524_0,0.0,0.0,0.0,1677.0,771_0,56.88,12.41,321.0,2608.48,70.0,2,0.0,107.61,0,tripinfo_WestH6ToSaxonSt.113 emissions_WestH6ToSaxonSt.113,electric,0.9,0.0,0.0,0.0,0.0,0.0,0.0,0.0
WestH6ToSaxonSt.112,1344.0,524_0,0.0,0.0,0.0,1678.0,771_0,56.88,12.4,334.0,2603.34,93.0,4,0.0,139.39,0,tripinfo_WestH6ToSaxonSt.112 emissions_WestH6ToSaxonSt.112,electric,0.97,0.0,0.0,0.0,0.0,0.0,0.0,0.0
EastA509ToH6.71,1278.0,770_0,0.0,0.0,0.0,1679.0,522_1,56.88,14.07,401.0,1483.69,237.0,8,0.0,298.11,0,tripinfo_EastA509ToH6.71 emissions_EastA509ToH6.71,gasoline_euro4,1.04,48931.871366,1142155.350517,249.053726,24.971178,498.284432,364309.448047,0.0
EastA509ToH6.69,1242.0,770_0,0.0,0.0,0.0,1680.0,522_0,56.88,12.66,438.0,1483.64,271.0,8,0.0,321.83,0,tripinfo_EastA509ToH6.69 emissions_EastA509ToH6.69,gasoline_euro4,0.93,53590.803871,1188680.379341,271.63551,26.237679,521.146865,379150.794839,0.0
EastA509ToH6.72,1296.0,770_0,0.0,0.0,0.0,1681.0,522_0,56.88,14.07,385.0,1483.64,220.0,8,0.0,287.78,0,tripinfo_EastA509ToH6.72 emissions_EastA509ToH6.72,electric,1.1,0.0,0.0,0.0,0.0,0.0,0.0,0.0
V6ToEastH6.131,1572.0,468_1,0.0,0.0,0.0,1683.0,522_1,56.88,15.52,111.0,1512.23,0.0,0,0.0,16.95,0,tripinfo_V6ToEastH6.131 emissions_V6ToEastH6.131,gasoline_euro4,1.16,4548.476967,387993.618687,29.479635,6.635726,153.771603,123751.658205,0.0
EastAveburyToWestA509.69,786.0,483_1,0.0,0.0,0.0,1684.0,774_0,29.75,10.79,898.0,2325.7,600.0,12,0.0,696.52,0,tripinfo_EastAveburyToWestA509.69 emissions_EastAveburyToWestA509.69,gasoline_euro4,0.85,115261.512464,2320245.493115,579.054425,52.209469,1025.10964,740089.227741,0.0
SouthEvansGateToSilbury.75,1350.0,526_0,0.0,0.0,0.0,1686.0,215_1,19.43,15.18,336.0,1471.73,205.0,4,0.0,239.01,0,tripinfo_SouthEvansGateToSilbury.75 emissions_SouthEvansGateToSilbury.75,gasoline_euro4,1.1,40742.010015,988612.679353,208.525543,21.496238,429.23714,315333.701313,0.0
WestA509ToAvebury.76,1368.0,773_0,0.0,0.0,0.0,1687.0,213_0,19.13,12.17,319.0,2337.25,101.0,2,0.0,140.73,0,tripinfo_WestA509ToAvebury.76 emissions_WestA509ToAvebury.76,gasoline_euro4,0.95,25395.082007,870649.872106,135.367461,16.26057,359.866423,277704.005188,0.0
SouthEvansGateToSilbury.77,1386.0,526_0,0.0,0.0,0.0,1689.0,215_1,19.43,13.47,303.0,1471.71,159.0,5,0.0,196.17,0,tripinfo_SouthEvansGateToSilbury.77 emissions_SouthEvansGateToSilbury.77,electric,1.0,0.0,0.0,0.0,0.0,0.0,0.0,0.0
SouthEvansGateToSilbury.78,1404.0,526_0,0.0,0.0,0.0,1690.0,215_1,19.43,15.59,286.0,1471.7,145.0,4,0.0,196.11,0,tripinfo_SouthEvansGateToSilbury.78 emissions_SouthEvansGateToSilbury.78,gasoline_euro4,1.18,31983.771779,858185.096585,165.409036,18.093609,369.204668,273730.20837,0.0
V6ToEastH6.130,1560.0,468_1,0.0,0.0,0.0,1691.0,522_1,56.88,12.02,131.0,1512.23,0.0,0,0.0,15.13,0,tripinfo_V6ToEastH6.130 emissions_V6ToEastH6.130,gasoline_euro4,0.95,4151.694292,362401.403677,26.901214,5.352276,139.4856,115589.788592,0.0
SouthEvansGateToSilbury.81,1458.0,526_0,0.0,0.0,0.0,1692.0,215_1,19.43,14.23,234.0,1471.73,101.0,3,0.0,132.88,0,tripinfo_SouthEvansGateToSilbury.81 emissions_SouthEvansGateToSilbury.81,gasoline_euro4,1.05,22834.917967,678275.954992,118.917478,13.420405,284.255487,216345.095029,0.0
EastA509ToH6.73,1314.0,770_0,0.0,0.0,0.0,1693.0,522_0,56.88,13.52,379.0,1483.69,205.0,9,0.0,277.13,0,tripinfo_EastA509ToH6.73 emissions_EastA509ToH6.73,electric,1.06,0.0,0.0,0.0,0.0,0.0,0.0,0.0
EastA509ToH6.65,1170.0,770_0,0.0,0.0,0.0,1697.0,522_0,56.88,12.43,527.0,1483.8,339.0,8,0.0,411.32,0,tripinfo_EastA509ToH6.65 emissions_EastA509ToH6.65,gasoline_euro4,0.93,67433.986446,1414382.847275,339.868147,31.658894,623.272246,451144.423952,0.0
EastA509ToH6.74,1332.0,770_0,0.0,0.0,0.0,1698.0,522_1,56.88,12.47,366.0,1483.8,183.0,7,0.0,257.23,0,tripinfo_EastA509ToH6.74 emissions_EastA509ToH6.74,electric,0.99,0.0,0.0,0.0,0.0,0.0,0.0,0.0
EastA509ToH6.70,1260.0,770_0,0.0,0.0,0.0,1699.0,522_0,56.88,13.02,439.0,1483.8,252.0,8,0.0,333.88,0,tripinfo_EastA509ToH6.70 emissions_EastA509ToH6.70,electric,1.02,0.0,0.0,0.0,0.0,0.0,0.0,0.0
WestA509ToEastH6.36,1296.0,773_1,0.0,0.0,0.0,1710.0,522_0,56.88,10.97,414.0,3082.3,111.0,4,0.0,155.85,0,tripinfo_WestA509ToEastH6.36 emissions_WestA509ToEastH6.36,electric,0.87,0.0,0.0,0.0,0.0,0.0,0.0,0.0
WestA509ToEastH6.37,1332.0,773_1,0.0,0.0,0.0,1712.0,522_1,56.88,12.16,380.0,3082.3,81.0,3,0.0,126.17,0,tripinfo_WestA509ToEastH6.37 emissions_WestA509ToEastH6.37,electric,0.89,0.0,0.0,0.0,0.0,0.0,0.0,0.0
EastA509ToH6.75,1350.0,770_0,0.0,0.0,0.0,1712.0,522_0,56.88,14.76,362.0,1483.69,193.0,7,0.0,265.25,0,tripinfo_EastA509ToH6.75 emissions_EastA509ToH6.75,gasoline_euro4,1.11,42964.364044,1064755.333001,220.142435,22.993231,462.697266,339620.028762,0.0
EastA509ToH6.76,1368.0,770_0,0.0,0.0,0.0,1714.0,522_0,56.88,14.22,346.0,1483.69,178.0,7,0.0,245.24,0,tripinfo_EastA509ToH6.76 emissions_EastA509ToH6.76,gasoline_euro4,1.06,40225.303403,991442.254388,205.918564,21.295196,429.814872,316235.996947,0.0
V6ToEastH6.133,1596.0,468_1,0.0,0.0,0.0,1718.0,522_1,56.88,14.54,122.0,1512.23,1.0,1,0.0,21.85,0,tripinfo_V6ToEastH6.133 emissions_V6ToEastH6.133,electric,1.09,0.0,0.0,0.0,0.0,0.0,0.0,0.0
V6ToEastH6.134,1608.0,468_1,0.0,0.0,0.0,1720.0,522_1,56.88,14.43,112.0,1512.23,0.0,0,0.0,14.03,0,tripinfo_V6ToEastH6.134 emissions_V6ToEastH6.134,electric,1.11,0.0,0.0,0.0,0.0,0.0,0.0,0.0
WestH6ToSaxonSt.103,1236.0,524_0,0.0,0.0,0.0,1723.0,771_1,56.88,15.21,487.0,2767.88,215.0,8,0.0,298.47,0,tripinfo_WestH6ToSaxonSt.103 emissions_WestH6ToSaxonSt.103,gasoline_euro4,1.1,51721.052173,1468795.30734,268.88413,30.534002,627.844141,468491.429693,0.0
V6ToEastH6.132,1584.0,468_1,0.0,0.0,0.0,1728.0,522_0,56.88,11.42,144.0,1512.23,1.0,1,0.0,18.16,0,tripinfo_V6ToEastH6.132 emissions_V6ToEastH6.132,gasoline_euro4,0.87,4693.329535,356333.473814,29.437674,5.185358,137.596542,113654.839682,0.0
WestH6ToSaxonSt.106,1272.0,524_0,0.0,0.0,0.0,1730.0,771_1,56.88,12.67,458.0,2574.96,184.0,8,0.0,260.17,0,tripinfo_WestH6ToSaxonSt.106 emissions_WestH6ToSaxonSt.106,gasoline_euro4,0.95,43611.243752,1218221.798277,226.19941,23.909342,512.356831,388569.869617,0.0
WestH6ToSaxonSt.105,1260.0,524_0,0.0,0.0,0.0,1732.0,771_1,56.88,12.89,472.0,2767.88,186.0,6,0.0,260.92,0,tripinfo_WestH6ToSaxonSt.105 emissions_WestH6ToSaxonSt.105,gasoline_euro4,0.98,45208.020364,1356342.136649,236.595346,26.720665,571.314193,432623.103625,0.0
EastAveburyToWestA509.97,1024.0,483_0,0.0,0.0,0.0,1734.0,774_0,29.75,14.43,710.0,2260.94,440.0,15,0.0,551.58,0,tripinfo_EastAveburyToWestA509.97 emissions_EastAveburyToWestA509.97,gasoline_euro4,1.05,89731.355165,1922367.346348,453.144142,43.011738,844.379961,613174.696671,0.0
WestA509ToAvebury.58,1044.0,773_0,0.0,0.0,0.0,1734.0,213_0,19.13,13.34,690.0,2288.81,462.0,14,0.0,532.17,0,tripinfo_WestA509ToAvebury.58 emissions_WestA509ToAvebury.58,electric,1.05,0.0,0.0,0.0,0.0,0.0,0.0,0.0
EastAveburyToWestA509.96,1016.0,483_0,0.0,0.0,0.0,1738.0,774_0,29.75,13.54,722.0,2257.89,437.0,15,0.0,559.84,0,tripinfo_EastAveburyToWestA509.96 emissions_EastAveburyToWestA509.96,gasoline_euro4,1.02,89840.181038,1927921.95734,453.549461,42.870923,845.766934,614946.593815,0.0
EastAveburyToWestA509.120,1220.0,483_0,0.0,0.0,0.0,1740.0,774_0,29.75,15.38,520.0,2254.72,303.0,9,0.0,375.24,0,tripinfo_EastAveburyToWestA509.120 emissions_EastAveburyToWestA509.120,gasoline_euro4,1.14,61859.704938,1482799.268544,315.819368,32.385386,645.296731,472962.545795,0.0
V6ToEastH6.135,1620.0,468_1,0.0,0.0,0.0,1741.0,522_1,56.88,12.89,121.0,1512.23,0.0,0,0.0,11.94,0,tripinfo_V6ToEastH6.135 emissions_V6ToEastH6.135,electric,1.0,0.0,0.0,0.0,0.0,0.0,0.0,0.0
EastAveburyToWestA509.78,863.0,483_1,0.0,0.0,0.0,1746.0,774_0,29.75,13.15,883.0,2328.54,607.0,16,0.0,715.22,0,tripinfo_EastAveburyToWestA509.78 emissions_EastAveburyToWestA509.78,gasoline_euro4,1.03,117970.733116,2430092.772378,593.622672,55.426293,1076.495532,775124.688542,0.0
V6ToEastH6.136,1632.0,468_1,0.0,0.0,0.0,1748.0,522_1,56.88,14.81,116.0,1512.23,0.0,0,0.0,20.48,0,tripinfo_V6ToEastH6.136 emissions_V6ToEastH6.136,gasoline_euro4,1.15,4984.885617,403934.823655,31.481729,6.830201,159.305344,128836.325148,0.0
WestH6ToSaxonSt.121,1452.0,524_0,0.0,0.0,0.0,1753.0,771_0,56.88,14.87,301.0,2601.42,85.0,2,0.0,129.58,0,tripinfo_WestH6ToSaxonSt.121 emissions_WestH6ToSaxonSt.121,electric,1.1,0.0,0.0,0.0,0.0,0.0,0.0,0.0
SouthEvansGateToSilbury.84,1512.0,526_0,0.0,0.0,0.0,1753.0,215_1,19.43,11.3,241.0,1477.6,94.0,2,0.0,115.73,0,tripinfo_SouthEvansGateToSilbury.84 emissions_SouthEvansGateToSilbury.84,electric,0.85,0.0,0.0,0.0,0.0,0.0,0.0,0.0
WestA509ToEastH6.42,1512.0,773_0,0.0,0.0,0.0,1754.0,522_0,56.88,12.52,242.0,2754.97,3.0,1,0.0,35.34,0,tripinfo_WestA509ToEastH6.42 emissions_WestA509ToEastH6.42,gasoline_euro4,0.97,8136.828568,649901.054361,51.422279,9.815531,251.712374,207289.441426,0.0
SouthEvansGateToSilbury.85,1530.0,526_0,0.0,0.0,0.0,1757.0,215_1,19.43,10.15,227.0,1477.55,63.0,3,0.0,88.77,0,tripinfo_SouthEvansGateToSilbury.85 emissions_SouthEvansGateToSilbury.85,electric,0.77,0.0,0.0,0.0,0.0,0.0,0.0,0.0
EastA509ToH6.78,1404.0,770_0,0.0,0.0,0.0,1759.0,522_0,56.88,14.12,355.0,1483.69,202.0,5,0.0,255.97,0,tripinfo_EastA509ToH6.78 emissions_EastA509ToH6.78,gasoline_euro4,1.08,42703.630939,1035624.532272,218.052105,22.255879,448.240869,330329.074083,0.0
EastA509ToH6.77,1386.0,770_0,0.0,0.0,0.0,1767.0,522_0,56.88,12.36,381.0,1483.69,223.0,5,0.0,270.02,0,tripinfo_EastA509ToH6.77 emissions_EastA509ToH6.77,electric,0.96,0.0,0.0,0.0,0.0,0.0,0.0,0.0
WestA509ToAvebury.81,1458.0,773_0,0.0,0.0,0.0,1774.0,213_0,19.13,13.49,316.0,2337.25,108.0,3,0.0,145.56,0,tripinfo_WestA509ToAvebury.81 emissions_WestA509ToAvebury.81,gasoline_euro4,1.0,25819.495602,871716.761707,137.296265,16.392598,360.563668,278044.42594,0.0
SouthEvansGateToSilbury.83,1494.0,526_0,0.0,0.0,0.0,1774.0,215_1,19.43,13.89,280.0,1471.7,147.0,4,0.0,178.95,0,tripinfo_SouthEvansGateToSilbury.83 emissions_SouthEvansGateToSilbury.83,electric,1.06,0.0,0.0,0.0,0.0,0.0,0.0,0.0
WestA509ToAvebury.85,1530.0,773_0,0.0,0.0,0.0,1774.0,213_1,19.13,13.35,244.0,2337.28,49.0,1,0.0,80.05,0,tripinfo_WestA509ToAvebury.85 emissions_WestA509ToAvebury.85,gasoline_euro4,1.04,14437.457402,677642.98131,80.520452,11.64948,270.836484,216140.032688,0.0
V6ToEastH6.137,1644.0,468_1,0.0,0.0,0.0,1774.0,522_1,56.88,13.35,130.0,1512.23,1.0,1,0.0,16.98,0,tripinfo_V6ToEastH6.137 emissions_V6ToEastH6.137,gasoline_euro4,0.97,4702.435273,372419.060174,29.584189,5.803769,145.460854,118784.868662,0.0
V6ToEastH6.138,1656.0,468_1,0.0,0.0,0.0,1775.0,522_1,56.88,14.98,119.0,1512.23,0.0,0,0.0,19.41,0,tripinfo_V6ToEastH6.138 emissions_V6ToEastH6.138,electric,1.1,0.0,0.0,0.0,0.0,0.0,0.0,0.0
SouthEvansGateToSilbury.82,1476.0,526_0,0.0,0.0,0.0,1776.0,215_1,19.43,12.69,300.0,1471.73,153.0,5,0.0,190.73,0,tripinfo_SouthEvansGateToSilbury.82 emissions_SouthEvansGateToSilbury.82,gasoline_euro4,0.97,32218.248617,826917.162532,165.646989,17.010236,352.862898,263758.253288,0.0
EastA509ToH6.79,1422.0,770_0,0.0,0.0,0.0,1782.0,522_0,56.88,11.49,360.0,1483.64,191.0,4,0.0,235.68,0,tripinfo_EastA509ToH6.79 emissions_EastA509ToH6.79,electric,0.86,0.0,0.0,0.0,0.0,0.0,0.0,0.0
EastA509ToH6.80,1440.0,770_0,0.0,0.0,0.0,1782.0,522_1,56.88,12.97,342.0,1483.69,176.0,4,0.0,228.1,0,tripinfo_EastA509ToH6.80 emissions_EastA509ToH6.80,gasoline_euro4,0.94,38126.783211,945684.795517,195.415058,19.764788,406.943016,301641.446182,0.0
EastA509ToH6.83,1494.0,770_0,0.0,0.0,0.0,1784.0,522_1,56.88,14.25,290.0,1483.69,129.0,3,0.0,187.66,0,tripinfo_EastA509ToH6.83 emissions_EastA509ToH6.83,gasoline_euro4,1.05,30676.247864,833953.789458,158.969992,17.402241,358.572154,266001.175166,0.0
EastA509ToH6.82,1476.0,770_0,0.0,0.0,0.0,1785.0,522_0,56.88,12.39,309.0,1483.69,140.0,4,0.0,190.0,0,tripinfo_EastA509ToH6.82 emissions_EastA509ToH6.82,gasoline_euro4,0.9,31248.701836,815450.817886,161.126759,16.631354,348.367891,260100.652813,0.0
V6ToEastH6.140,1680.0,468_1,0.0,0.0,0.0,1789.0,522_1,56.88,16.14,109.0,1512.23,0.0,0,0.0,15.65,0,tripinfo_V6ToEastH6.140 emissions_V6ToEastH6.140,gasoline_euro4,1.17,4682.874369,408377.840709,30.001728,6.835427,159.809095,130253.29896,0.0
V6ToEastH6.139,1668.0,468_1,0.0,0.0,0.0,1810.0,522_0,56.88,10.75,142.0,1512.23,0.0,0,0.0,12.82,0,tripinfo_V6ToEastH6.139 emissions_V6ToEastH6.139,gasoline_euro4,0.84,4141.650276,343369.201045,26.579791,4.741562,130.803076,109519.874893,0.0
V6ToEastH6.141,1692.0,468_1,0.0,0.0,0.0,1810.0,522_1,56.88,13.32,118.0,1512.23,0.0,0,0.0,14.25,0,tripinfo_V6ToEastH6.141 emissions_V6ToEastH6.141,electric,1.05,0.0,0.0,0.0,0.0,0.0,0.0,0.0
WestH6ToSaxonSt.107,1284.0,524_0,0.0,0.0,0.0,1813.0,771_1,56.88,13.13,529.0,2767.88,256.0,8,0.0,330.1,0,tripinfo_WestH6ToSaxonSt.107 emissions_WestH6ToSaxonSt.107,gasoline_euro4,1.04,57094.431824,1532458.096777,294.921481,31.948664,656.508598,488799.414325,0.0
WestH6ToSaxonSt.110,1320.0,524_0,0.0,0.0,0.0,1816.0,771_1,56.88,12.68,496.0,2767.88,204.0,7,0.0,289.99,0,tripinfo_WestH6ToSaxonSt.110 emissions_WestH6ToSaxonSt.110,gasoline_euro4,1.0,49067.139825,1397098.453453,255.218788,28.086405,591.909841,445623.827355,0.0
WestA509ToAvebury.54,975.0,773_0,0.0,0.0,3.0,1819.0,213_0,19.13,13.78,844.0,2288.81,610.0,14,0.0,684.84,0,tripinfo_WestA509ToAvebury.54 emissions_WestA509ToAvebury.54,electric,1.04,0.0,0.0,0.0,0.0,0.0,0.0,0.0
WestH6ToSaxonSt.117,1404.0,524_0,0.0,0.0,0.0,1819.0,771_1,56.88,13.26,415.0,2555.04,150.0,6,0.0,225.97,0,tripinfo_WestH6ToSaxonSt.117 emissions_WestH6ToSaxonSt.117,electric,0.99,0.0,0.0,0.0,0.0,0.0,0.0,0.0
EastSilburyToEastAvebury.11,576.0,317_0,0.0,0.0,0.0,1822.0,213_0,19.13,12.91,1246.0,680.89,1068.0,19,0.0,1193.28,0,tripinfo_EastSilburyToEastAvebury.11 emissions_EastSilburyToEastAvebury.11,gasoline_euro4,0.96,193728.90173,3271175.34594,958.755292,80.178616,1488.488462,1043419.829751,0.0
EastAveburyToWestA509.100,1050.0,483_1,0.0,0.0,0.0,1823.0,774_0,29.75,13.06,773.0,2241.68,478.0,15,0.0,602.95,0,tripinfo_EastAveburyToWestA509.100 emissions_EastAveburyToWestA509.100,electric,0.97,0.0,0.0,0.0,0.0,0.0,0.0,0.0
EastAveburyToWestA509.150,1475.0,483_1,0.0,0.0,0.0,1824.0,774_2,29.75,14.02,349.0,2237.39,130.0,8,0.0,192.72,0,tripinfo_EastAveburyToWestA509.150 emissions_EastAveburyToWestA509.150,gasoline_euro4,1.06,33262.559328,1037317.838767,174.842863,20.481025,435.472101,330865.289424,0.0
WestA509ToAvebury.42,759.0,773_0,0.0,0.0,3.0,1825.0,213_0,19.13,12.88,1066.0,2288.66,821.0,12,0.0,899.25,0,tripinfo_WestA509ToAvebury.42 emissions_WestA509ToAvebury.42,electric,1.0,0.0,0.0,0.0,0.0,0.0,0.0,0.0
EastSilburyToEastAvebury.12,592.0,317_0,0.0,0.0,0.0,1827.0,213_0,19.13,13.35,1235.0,680.89,1045.0,21,0.0,1183.27,0,tripinfo_EastSilburyToEastAvebury.12 emissions_EastSilburyToEastAvebury.12,electric,0.97,0.0,0.0,0.0,0.0,0.0,0.0,0.0
V6ToEastH6.142,1704.0,468_1,0.0,0.0,0.0,1827.0,522_1,56.88,13.43,123.0,1512.23,0.0,0,0.0,13.78,0,tripinfo_V6ToEastH6.142 emissions_V6ToEastH6.142,electric,1.0,0.0,0.0,0.0,0.0,0.0,0.0,0.0
EastAveburyToWestA509.107,1109.0,483_0,0.0,0.0,0.0,1828.0,774_1,29.75,15.22,719.0,2264.86,431.0,14,0.0,572.71,0,tripinfo_EastAveburyToWestA509.107 emissions_EastAveburyToWestA509.107,gasoline_euro4,1.13,91191.943774,1996231.255256,461.705137,44.924609,879.984454,636733.323294,0.0
V6ToEastH6.143,1716.0,468_1,0.0,0.0,0.0,1829.0,522_1,56.88,15.3,113.0,1512.23,0.0,0,0.0,17.34,0,tripinfo_V6ToEastH6.143 emissions_V6ToEastH6.143,gasoline_euro4,1.14,4382.671923,401545.120952,28.486753,6.451425,155.813865,128074.150595,0.0
WestA509ToAvebury.46,828.0,773_0,0.0,0.0,0.0,1830.0,213_0,19.13,13.21,1002.0,2288.81,748.0,14,0.0,827.66,0,tripinfo_WestA509ToAvebury.46 emissions_WestA509ToAvebury.46,electric,0.95,0.0,0.0,0.0,0.0,0.0,0.0,0.0
EastAveburyToWestA509.103,1075.0,483_0,0.0,0.0,0.0,1831.0,774_0,29.75,12.86,756.0,2257.78,469.0,15,0.0,582.05,0,tripinfo_EastAveburyToWestA509.103 emissions_EastAveburyToWestA509.103,gasoline_euro4,0.95,94529.532876,1989249.419903,476.546496,44.291816,874.2455,634509.214188,0.0
EastSilburyToEastAvebury.48,1168.0,317_0,0.0,0.0,0.0,1832.0,213_0,19.13,14.63,664.0,680.87,543.0,16,0.0,617.04,0,tripinfo_EastSilburyToEastAvebury.48 emissions_EastSilburyToEastAvebury.48,gasoline_euro4,1.09,100867.198538,1816257.466075,501.769059,43.729342,821.23909,579335.499962,0.0
EastAveburyToWestA509.151,1483.0,483_1,0.0,0.0,0.0,1837.0,774_2,29.75,12.88,354.0,2237.39,123.0,10,0.0,189.06,0,tripinfo_EastAveburyToWestA509.151 emissions_EastAveburyToWestA509.151,gasoline_euro4,1.0,32136.908542,987542.679987,168.786598,19.358311,414.450122,314989.358416,0.0
EastAveburyToWestA509.133,1330.0,483_0,0.0,0.0,0.0,1840.0,774_0,29.75,14.04,510.0,2258.77,285.0,10,0.0,347.8,0,tripinfo_EastAveburyToWestA509.133 emissions_EastAveburyToWestA509.133,electric,1.02,0.0,0.0,0.0,0.0,0.0,0.0,0.0
SouthEvansGateToSilbury.90,1620.0,526_0,0.0,0.0,0.0,1840.0,215_1,19.43,12.88,220.0,1477.55,81.0,3,0.0,113.48,0,tripinfo_SouthEvansGateToSilbury.90 emissions_SouthEvansGateToSilbury.90,gasoline_euro4,1.0,20016.352897,640802.470696,105.822099,12.57929,269.051943,204391.602504,0.0
SouthEvansGateToSilbury.89,1602.0,526_0,0.0,0.0,0.0,1842.0,215_1,19.43,14.16,240.0,1477.59,107.0,2,0.0,135.9,0,tripinfo_SouthEvansGateToSilbury.89 emissions_SouthEvansGateToSilbury.89,gasoline_euro4,1.03,23854.464973,711646.602276,124.862505,14.210455,300.260678,226988.93748,0.0
WestH6ToSaxonSt.126,1512.0,524_0,0.0,0.0,0.0,1845.0,771_0,56.88,14.01,333.0,2602.68,103.0,5,0.0,150.83,0,tripinfo_WestH6ToSaxonSt.126 emissions_WestH6ToSaxonSt.126,electric,1.03,0.0,0.0,0.0,0.0,0.0,0.0,0.0
SouthEvansGateToSilbury.92,1656.0,526_0,0.0,0.0,0.0,1845.0,215_1,19.43,12.68,189.0,1477.59,55.0,1,0.0,76.85,0,tripinfo_SouthEvansGateToSilbury.92 emissions_SouthEvansGateToSilbury.92,electric,0.96,0.0,0.0,0.0,0.0,0.0,0.0,0.0
EastAveburyToWestA509.159,1551.0,483_1,0.0,0.0,0.0,1846.0,774_0,29.75,11.86,295.0,2311.97,47.0,4,0.0,99.65,0,tripinfo_EastAveburyToWestA509.159 emissions_EastAveburyToWestA509.159,electric,0.89,0.0,0.0,0.0,0.0,0.0,0.0,0.0
EastAveburyToWestA509.79,871.0,483_1,0.0,0.0,0.0,1848.0,774_0,29.75,14.05,977.0,2328.54,683.0,16,0.0,811.54,0,tripinfo_EastAveburyToWestA509.79 emissions_EastAveburyToWestA509.79,gasoline_euro4,1.05,132196.736563,2657462.028998,663.795092,60.974624,1179.859824,847650.085598,0.0
EastA509ToH6.81,1458.0,770_0,0.0,0.0,0.0,1854.0,522_0,56.88,12.58,396.0,1483.64,233.0,4,0.0,279.28,0,tripinfo_EastA509ToH6.81 emissions_EastA509ToH6.81,gasoline_euro4,0.92,46299.919398,1054358.224135,235.372091,22.648083,457.974843,336306.305023,0.0
EastSilburyToEastAvebury.74,1584.0,317_0,0.0,0.0,0.0,1861.0,213_0,19.13,15.61,277.0,2473.23,79.0,3,0.0,117.41,0,tripinfo_EastSilburyToEastAvebury.74 emissions_EastSilburyToEastAvebury.74,gasoline_euro4,1.14,21100.219264,841709.712064,114.30419,15.435014,340.785037,268471.419944,0.0
WestA509ToAvebury.86,1548.0,773_0,0.0,0.0,0.0,1862.0,213_1,19.13,13.23,314.0,2337.28,112.0,3,0.0,145.25,0,tripinfo_WestA509ToAvebury.86 emissions_WestA509ToAvebury.86,gasoline_euro4,1.01,25748.875298,864375.453396,136.114268,15.920858,353.936912,275703.304902,0.0
SouthEvansGateToSilbury.87,1566.0,526_0,0.0,0.0,0.0,1863.0,215_1,19.43,12.76,297.0,1471.7,158.0,4,0.0,185.38,0,tripinfo_SouthEvansGateToSilbury.87 emissions_SouthEvansGateToSilbury.87,gasoline_euro4,0.95,32019.871603,822254.105076,164.518404,16.929236,350.952657,262270.853535,0.0
SouthEvansGateToSilbury.86,1548.0,526_0,0.0,0.0,0.0,1865.0,215_1,19.43,14.35,317.0,1471.73,174.0,4,0.0,214.05,0,tripinfo_SouthEvansGateToSilbury.86 emissions_SouthEvansGateToSilbury.86,gasoline_euro4,1.04,36136.839365,917992.560864,185.701732,19.417725,395.724253,292807.765978,0.0
SouthEvansGateToSilbury.88,1584.0,526_0,0.0,0.0,0.0,1866.0,215_1,19.43,15.81,282.0,1471.68,136.0,5,0.0,192.79,0,tripinfo_SouthEvansGateToSilbury.88 emissions_SouthEvansGateToSilbury.88,gasoline_euro4,1.19,30808.642968,844594.655844,159.662667,17.832861,363.630264,269394.862876,0.0
SouthEvansGateToSilbury.93,1674.0,526_0,0.0,0.0,0.0,1868.0,215_1,19.43,14.18,194.0,1471.7,62.0,3,0.0,94.38,0,tripinfo_SouthEvansGateToSilbury.93 emissions_SouthEvansGateToSilbury.93,electric,1.07,0.0,0.0,0.0,0.0,0.0,0.0,0.0
WestA509ToEastH6.38,1368.0,773_1,0.0,0.0,0.0,1874.0,522_1,56.88,12.32,506.0,3086.5,204.0,5,0.0,264.02,0,tripinfo_WestA509ToEastH6.38 emissions_WestA509ToEastH6.38,electric,0.93,0.0,0.0,0.0,0.0,0.0,0.0,0.0
V6ToEastH6.145,1740.0,468_1,0.0,0.0,0.0,1879.0,522_0,56.88,11.49,139.0,1512.23,0.0,0,0.0,14.44,0,tripinfo_V6ToEastH6.145 emissions_V6ToEastH6.145,gasoline_euro4,0.88,4110.777578,346026.206697,26.394101,4.88474,132.348135,110367.16863,0.0
V6ToEastH6.147,1764.0,468_1,0.0,0.0,0.0,1885.0,522_1,56.88,13.15,121.0,1512.23,0.0,0,0.0,12.75,0,tripinfo_V6ToEastH6.147 emissions_V6ToEastH6.147,electric,1.01,0.0,0.0,0.0,0.0,0.0,0.0,0.0
V6ToEastH6.144,1728.0,468_1,0.0,0.0,0.0,1886.0,522_0,56.88,10.59,158.0,1512.23,0.0,0,0.0,15.84,0,tripinfo_V6ToEastH6.144 emissions_V6ToEastH6.144,gasoline_euro4,0.77,5065.990191,358216.485264,31.197916,4.769711,136.655729,114256.073929,0.0
EastA509ToH6.86,1548.0,770_0,0.0,0.0,0.0,1891.0,522_1,56.88,12.25,343.0,2408.85,123.0,3,0.0,160.36,0,tripinfo_EastA509ToH6.86 emissions_EastA509ToH6.86,electric,0.95,0.0,0.0,0.0,0.0,0.0,0.0,0.0
EastA509ToH6.87,1566.0,770_0,0.0,0.0,0.0,1898.0,522_0,56.88,11.8,332.0,2408.85,92.0,4,0.0,131.86,0,tripinfo_EastA509ToH6.87 emissions_EastA509ToH6.87,electric,0.87,0.0,0.0,0.0,0.0,0.0,0.0,0.0
WestH6ToSaxonSt.115,1380.0,524_0,0.0,0.0,0.0,1904.0,771_1,56.88,12.14,524.0,2574.97,264.0,9,0.0,322.64,0,tripinfo_WestH6ToSaxonSt.115 emissions_WestH6ToSaxonSt.115,gasoline_euro4,0.94,54832.155449,1376458.097068,281.271507,28.086382,586.247501,439044.018808,0.0
V6ToEastH6.146,1752.0,468_1,0.0,0.0,0.0,1905.0,522_0,56.88,9.61,153.0,1512.23,0.0,0,0.0,13.41,0,tripinfo_V6ToEastH6.146 emissions_V6ToEastH6.146,electric,0.78,0.0,0.0,0.0,0.0,0.0,0.0,0.0
WestA509ToAvebury.28,507.0,773_0,0.0,0.0,3.0,1907.0,213_0,19.13,16.27,1400.0,2288.57,1133.0,24,0.0,1266.36,0,tripinfo_WestA509ToAvebury.28 emissions_WestA509ToAvebury.28,electric,1.24,0.0,0.0,0.0,0.0,0.0,0.0,0.0
EastSilburyToEastAvebury.39,1024.0,317_0,0.0,0.0,0.0,1910.0,213_0,19.13,15.14,886.0,680.87,754.0,18,0.0,840.65,0,tripinfo_EastSilburyToEastAvebury.39 emissions_EastSilburyToEastAvebury.39,gasoline_euro4,1.12,136441.108279,2391068.586088,677.274729,58.048738,1084.4221,762685.996501,0.0
EastAveburyToWestA509.143,1415.0,483_1,0.0,0.0,0.0,1910.0,774_2,29.75,13.11,495.0,2237.44,244.0,10,0.0,331.14,0,tripinfo_EastAveburyToWestA509.143 emissions_EastAveburyToWestA509.143,gasoline_euro4,1.01,54312.682093,1334769.671624,277.661963,27.926406,573.013739,425746.653154,0.0
EastAveburyToWestA509.142,1407.0,483_1,0.0,0.0,0.0,1912.0,774_2,29.75,15.76,505.0,2237.44,272.0,11,0.0,359.59,0,tripinfo_EastAveburyToWestA509.142 emissions_EastAveburyToWestA509.142,electric,1.14,0.0,0.0,0.0,0.0,0.0,0.0,0.0
WestH6ToSaxonSt.116,1392.0,524_0,0.0,0.0,0.0,1914.0,771_1,56.88,10.78,522.0,2555.05,221.0,9,0.0,287.13,0,tripinfo_WestH6ToSaxonSt.116 emissions_WestH6ToSaxonSt.116,electric,0.79,0.0,0.0,0.0,0.0,0.0,0.0,0.0
WestH6ToSaxonSt.123,1476.0,524_0,0.0,0.0,0.0,1914.0,771_0,56.88,14.19,438.0,2555.04,170.0,10,0.0,259.92,0,tripinfo_WestH6ToSaxonSt.123 emissions_WestH6ToSaxonSt.123,gasoline_euro4,1.04,42276.58479,1189958.773952,219.31469,23.722434,501.719412,379554.318646,0.0
EastAveburyToWestA509.163,1585.0,483_1,0.0,0.0,0.0,1914.0,774_2,29.75,14.31,329.0,2237.39,106.0,7,0.0,170.09,0,tripinfo_EastAveburyToWestA509.163 emissions_EastAveburyToWestA509.163,electric,1.03,0.0,0.0,0.0,0.0,0.0,0.0,0.0
WestA509ToAvebury.66,1191.0,773_0,0.0,0.0,3.0,1915.0,213_0,19.13,11.45,724.0,2288.81,449.0,14,0.0,532.93,0,tripinfo_WestA509ToAvebury.66 emissions_WestA509ToAvebury.66,electric,0.87,0.0,0.0,0.0,0.0,0.0,0.0,0.0
EastAveburyToWestA509.141,1398.0,483_1,0.0,0.0,0.0,1916.0,774_2,29.75,15.75,518.0,2237.39,277.0,14,0.0,372.58,0,tripinfo_EastAveburyToWestA509.141 emissions_EastAveburyToWestA509.141,gasoline_euro4,1.14,60359.115126,1453455.952629,308.353907,31.537935,631.345033,463603.075745,0.0
EastSilburyToEastAvebury.10,560.0,317_0,0.0,0.0,0.0,1918.0,213_0,19.13,10.61,1358.0,1576.67,1091.0,27,0.0,1219.9,0,tripinfo_EastSilburyToEastAvebury.10 emissions_EastSilburyToEastAvebury.10,electric,0.84,0.0,0.0,0.0,0.0,0.0,0.0,0.0
EastAveburyToWestA509.137,1364.0,483_0,0.0,0.0,0.0,1918.0,774_0,29.75,13.89,554.0,2254.71,327.0,11,0.0,402.46,0,tripinfo_EastAveburyToWestA509.137 emissions_EastAveburyToWestA509.137,gasoline_euro4,1.09,66893.106567,1584347.448803,340.810686,34.412123,688.113585,505353.661161,0.0
EastAveburyToWestA509.161,1568.0,483_1,0.0,0.0,0.0,1919.0,774_0,29.75,14.56,351.0,2238.67,118.0,9,0.0,197.94,0,tripinfo_EastAveburyToWestA509.161 emissions_EastAveburyToWestA509.161,electric,1.08,0.0,0.0,0.0,0.0,0.0,0.0,0.0
V6ToEastH6.148,1776.0,468_1,0.0,0.0,0.0,1920.0,522_0,56.88,11.23,144.0,1512.23,0.0,0,0.0,11.73,0,tripinfo_V6ToEastH6.148 emissions_V6ToEastH6.148,electric,0.82,0.0,0.0,0.0,0.0,0.0,0.0,0.0
V6ToEastH6.149,1788.0,468_1,0.0,0.0,0.0,1925.0,522_1,56.88,12.22,137.0,1512.23,0.0,0,0.0,13.72,0,tripinfo_V6ToEastH6.149 emissions_V6ToEastH6.149,electric,0.89,0.0,0.0,0.0,0.0,0.0,0.0,0.0
WestH6ToSaxonSt.127,1524.0,524_0,0.0,0.0,0.0,1928.0,771_0,56.88,14.1,404.0,2608.48,179.0,4,0.0,224.95,0,tripinfo_WestH6ToSaxonSt.127 emissions_WestH6ToSaxonSt.127,electric,1.07,0.0,0.0,0.0,0.0,0.0,0.0,0.0
EastA509ToH6.89,1602.0,770_0,0.0,0.0,0.0,1928.0,522_0,56.88,12.29,326.0,2393.68,96.0,5,0.0,143.2,0,tripinfo_EastA509ToH6.89 emissions_EastA509ToH6.89,gasoline_euro4,0.95,24909.263839,875236.043949,132.924723,15.89021,358.330812,279166.946651,0.0
SouthEvansGateToSilbury.94,1692.0,526_0,0.0,0.0,0.0,1929.0,215_1,19.43,13.39,237.0,1477.62,105.0,2,0.0,130.89,0,tripinfo_SouthEvansGateToSilbury.94 emissions_SouthEvansGateToSilbury.94,electric,1.01,0.0,0.0,0.0,0.0,0.0,0.0,0.0
V6ToEastH6.150,1800.0,468_1,0.0,0.0,0.0,1932.0,522_1,56.88,12.52,132.0,1512.23,0.0,0,0.0,13.14,0,tripinfo_V6ToEastH6.150 emissions_V6ToEastH6.150,electric,0.92,0.0,0.0,0.0,0.0,0.0,0.0,0.0
WestH6ToSaxonSt.122,1464.0,524_0,0.0,0.0,0.0,1935.0,771_0,56.88,13.27,471.0,2613.57,224.0,5,0.0,274.67,0,tripinfo_WestH6ToSaxonSt.122 emissions_WestH6ToSaxonSt.122,electric,0.98,0.0,0.0,0.0,0.0,0.0,0.0,0.0
WestA509ToEastH6.45,1620.0,773_0,0.0,0.0,0.0,1935.0,522_0,56.88,13.54,315.0,2754.97,79.0,2,0.0,113.3,0,tripinfo_WestA509ToEastH6.45 emissions_WestA509ToEastH6.45,gasoline_euro4,0.99,19985.396145,829826.024611,108.942482,13.883338,328.668018,264682.078322,0.0
EastAveburyToWestA509.131,1313.0,483_1,0.0,0.0,0.0,1936.0,774_0,29.75,12.8,623.0,2325.53,363.0,15,0.0,450.43,0,tripinfo_EastAveburyToWestA509.131 emissions_EastAveburyToWestA509.131,gasoline_euro4,1.0,75526.093596,1743570.479259,384.236745,38.157279,761.278777,556141.306323,0.0
WestH6ToSaxonSt.134,1608.0,524_0,0.0,0.0,0.0,1936.0,771_0,56.88,14.39,328.0,2612.31,90.0,5,0.0,154.85,0,tripinfo_WestH6ToSaxonSt.134 emissions_WestH6ToSaxonSt.134,electric,1.1,0.0,0.0,0.0,0.0,0.0,0.0,0.0
EastAveburyToWestA509.92,982.0,483_1,0.0,0.0,0.0,1938.0,774_0,29.75,16.27,956.0,2328.54,661.0,14,0.0,815.97,0,tripinfo_EastAveburyToWestA509.92 emissions_EastAveburyToWestA509.92,gasoline_euro4,1.24,130514.798164,2655398.928982,656.292631,61.43051,1181.191302,846990.479232,0.0
WestH6ToSaxonSt.129,1548.0,524_0,0.0,0.0,0.0,1938.0,771_0,56.88,12.61,390.0,2608.48,147.0,6,0.0,197.24,0,tripinfo_WestH6ToSaxonSt.129 emissions_WestH6ToSaxonSt.129,electric,0.99,0.0,0.0,0.0,0.0,0.0,0.0,0.0
V6ToEastH6.152,1824.0,468_1,0.0,0.0,0.0,1938.0,522_1,56.88,15.01,114.0,1512.23,0.0,0,0.0,15.81,0,tripinfo_V6ToEastH6.152 emissions_V6ToEastH6.152,gasoline_euro4,1.11,4154.372596,384132.723523,27.195852,6.110598,148.944895,122520.48433,0.0
EastA509ToH6.84,1512.0,770_0,0.0,0.0,0.0,1948.0,522_0,56.88,15.82,436.0,1483.69,277.0,9,0.0,341.93,0,tripinfo_EastA509ToH6.84 emissions_EastA509ToH6.84,electric,1.14,0.0,0.0,0.0,0.0,0.0,0.0,0.0
V6ToEastH6.151,1812.0,468_1,0.0,0.0,0.0,1948.0,522_1,56.88,11.76,136.0,1512.23,0.0,0,0.0,14.35,0,tripinfo_V6ToEastH6.151 emissions_V6ToEastH6.151,gasoline_euro4,0.9,3992.28911,337670.200072,25.706841,4.940073,130.14967,107701.770434,0.0
WestA509ToAvebury.87,1566.0,773_0,0.0,0.0,0.0,1949.0,213_0,19.13,14.34,383.0,2336.42,171.0,4,0.0,220.37,0,tripinfo_WestA509ToAvebury.87 emissions_WestA509ToAvebury.87,gasoline_euro4,1.04,37364.0215,1080078.924797,194.479957,21.58644,454.904624,344505.943499,0.0
WestA509ToAvebury.91,1638.0,773_0,0.0,0.0,0.0,1949.0,213_1,19.13,14.59,311.0,2337.28,116.0,3,0.0,153.45,0,tripinfo_WestA509ToAvebury.91 emissions_WestA509ToAvebury.91,gasoline_euro4,1.08,26988.491222,906465.578707,143.311003,17.456334,376.27764,289127.642114,0.0
EastA509ToH6.88,1584.0,770_0,0.0,0.0,0.0,1950.0,522_0,56.88,14.96,366.0,1483.69,203.0,7,0.0,271.55,0,tripinfo_EastA509ToH6.88 emissions_EastA509ToH6.88,gasoline_euro4,1.14,44315.6711,1074797.32941,226.485556,23.330618,466.766421,342823.607962,0.0
EastSilburyToEastAvebury.75,1600.0,317_0,0.0,0.0,0.0,1952.0,213_0,19.13,12.99,352.0,2473.18,111.0,4,0.0,160.34,0,tripinfo_EastSilburyToEastAvebury.75 emissions_EastSilburyToEastAvebury.75,gasoline_euro4,0.95,28337.24343,941408.251384,150.218302,17.578904,389.438716,300273.747823,0.0
EastSilburyToEastAvebury.77,1632.0,317_0,0.0,0.0,0.0,1952.0,213_1,19.13,12.63,320.0,2473.21,84.0,6,0.0,138.82,0,tripinfo_EastSilburyToEastAvebury.77 emissions_EastSilburyToEastAvebury.77,gasoline_euro4,1.0,24689.441404,910545.076471,133.122208,16.937491,375.742849,290427.942361,0.0
SouthEvansGateToSilbury.91,1638.0,526_0,0.0,0.0,0.0,1953.0,215_1,19.43,10.79,315.0,1471.75,154.0,4,0.0,180.16,0,tripinfo_SouthEvansGateToSilbury.91 emissions_SouthEvansGateToSilbury.91,gasoline_euro4,0.79,31729.514128,793034.461051,162.867703,15.86571,337.326453,252951.78791,0.0
WestA509ToAvebury.92,1656.0,773_0,0.0,0.0,0.0,1955.0,213_0,19.13,11.52,299.0,2337.25,76.0,3,0.0,112.03,0,tripinfo_WestA509ToAvebury.92 emissions_WestA509ToAvebury.92,gasoline_euro4,0.91,20443.998688,777737.807529,110.728583,13.586611,315.38386,248068.282944,0.0
EastSilburyToEastAvebury.76,1616.0,317_0,0.0,0.0,0.0,1960.0,213_0,19.13,11.18,344.0,1590.85,165.0,5,0.0,199.91,0,tripinfo_EastSilburyToEastAvebury.76 emissions_EastSilburyToEastAvebury.76,electric,0.81,0.0,0.0,0.0,0.0,0.0,0.0,0.0
EastA509ToH6.91,1638.0,770_0,0.0,0.0,0.0,1974.0,522_1,56.88,13.67,336.0,2408.83,119.0,5,0.0,163.21,0,tripinfo_EastA509ToH6.91 emissions_EastA509ToH6.91,electric,1.01,0.0,0.0,0.0,0.0,0.0,0.0,0.0
EastA509ToH6.90,1620.0,770_0,0.0,0.0,0.0,1977.0,522_1,56.88,13.23,357.0,2408.87,132.0,4,0.0,185.99,0,tripinfo_EastA509ToH6.90 emissions_EastA509ToH6.90,electric,1.02,0.0,0.0,0.0,0.0,0.0,0.0,0.0
V6ToEastH6.154,1848.0,468_1,0.0,0.0,0.0,1980.0,522_1,56.88,12.55,132.0,1512.23,0.0,0,0.0,20.09,0,tripinfo_V6ToEastH6.154 emissions_V6ToEastH6.154,electric,0.98,0.0,0.0,0.0,0.0,0.0,0.0,0.0
V6ToEastH6.153,1836.0,468_1,0.0,0.0,0.0,1988.0,522_0,56.88,9.8,152.0,1512.23,0.0,0,0.0,14.48,0,tripinfo_V6ToEastH6.153 emissions_V6ToEastH6.153,electric,0.79,0.0,0.0,0.0,0.0,0.0,0.0,0.0
V6ToEastH6.156,1872.0,468_1,0.0,0.0,0.0,1988.0,522_1,56.88,14.53,116.0,1512.23,0.0,0,0.0,18.17,0,tripinfo_V6ToEastH6.156 emissions_V6ToEastH6.156,gasoline_euro4,1.11,4436.090154,384731.727692,28.60598,6.318462,150.690591,122711.464481,0.0
WestH6ToSaxonSt.124,1488.0,524_0,0.0,0.0,0.0,1990.0,771_1,56.88,15.64,502.0,2555.04,248.0,11,0.0,336.97,0,tripinfo_WestH6ToSaxonSt.124 emissions_WestH6ToSaxonSt.124,gasoline_euro4,1.13,55285.095531,1424655.872201,283.998515,29.873431,608.991952,454415.68279,0.0
EastAveburyToWestA509.113,1160.0,483_0,0.0,0.0,0.0,1999.0,774_1,29.75,13.95,839.0,2257.9,550.0,17,0.0,685.93,0,tripinfo_EastAveburyToWestA509.113 emissions_EastAveburyToWestA509.113,electric,1.07,0.0,0.0,0.0,0.0,0.0,0.0,0.0
EastAveburyToWestA509.118,1203.0,483_0,0.0,0.0,0.0,2001.0,774_0,29.75,13.01,798.0,2257.77,504.0,12,0.0,624.28,0,tripinfo_EastAveburyToWestA509.118 emissions_EastAveburyToWestA509.118,gasoline_euro4,0.95,100513.82373,2087731.7519,505.817255,46.473349,916.720702,665922.904273,0.0
EastSilburyToEastAvebury.55,1280.0,317_0,0.0,0.0,0.0,2001.0,213_0,19.13,10.65,721.0,680.87,598.0,16,0.0,659.27,0,tripinfo_EastSilburyToEastAvebury.55 emissions_EastSilburyToEastAvebury.55,electric,0.81,0.0,0.0,0.0,0.0,0.0,0.0,0.0
V6ToEastH6.155,1860.0,468_1,0.0,0.0,0.0,2001.0,522_0,56.88,10.71,141.0,1512.23,0.0,0,0.0,12.83,0,tripinfo_V6ToEastH6.155 emissions_V6ToEastH6.155,gasoline_euro4,0.85,3998.998181,345389.887073,26.019106,4.584143,130.363447,110164.486929,0.0
EastSilburyToEastAvebury.47,1152.0,317_0,0.0,0.0,0.0,2003.0,213_0,19.13,13.25,851.0,680.87,706.0,23,0.0,799.69,0,tripinfo_EastSilburyToEastAvebury.47 emissions_EastSilburyToEastAvebury.47,gasoline_euro4,0.98,129940.537924,2281367.717035,645.199546,55.302371,1034.631823,727694.330822,0.0
EastAveburyToWestA509.115,1177.0,483_0,0.0,0.0,0.0,2003.0,774_0,29.75,13.84,826.0,2261.17,509.0,15,0.0,669.64,0,tripinfo_EastAveburyToWestA509.115 emissions_EastAveburyToWestA509.115,gasoline_euro4,1.06,106275.446952,2239936.792681,535.867968,50.406577,988.028607,714469.975146,0.0
V6ToEastH6.158,1896.0,468_1,0.0,0.0,0.0,2005.0,522_1,56.88,15.24,109.0,1512.23,0.0,0,0.0,16.52,0,tripinfo_V6ToEastH6.158 emissions_V6ToEastH6.158,gasoline_euro4,1.19,4463.700734,403686.637598,28.922094,6.658736,156.978097,128757.068956,0.0
WestA509ToAvebury.88,1587.0,773_0,0.0,0.0,3.0,2012.0,213_0,19.13,11.28,425.0,2328.43,180.0,9,0.0,223.58,0,tripinfo_WestA509ToAvebury.88 emissions_WestA509ToAvebury.88,electric,0.84,0.0,0.0,0.0,0.0,0.0,0.0,0.0
EastAveburyToWestA509.127,1279.0,483_0,0.0,0.0,0.0,2013.0,774_0,29.75,12.03,734.0,2261.83,463.0,10,0.0,561.36,0,tripinfo_EastAveburyToWestA509.127 emissions_EastAveburyToWestA509.127,gasoline_euro4,0.96,92207.146585,1964100.385244,465.287019,43.584966,861.598459,626486.926413,0.0
V6ToEastH6.157,1884.0,468_1,0.0,0.0,0.0,2013.0,522_1,56.88,12.64,129.0,1512.23,0.0,0,0.0,14.91,0,tripinfo_V6ToEastH6.157 emissions_V6ToEastH6.157,gasoline_euro4,0.96,3831.617995,357523.457008,25.119083,5.006435,135.164499,114034.11124,0.0
SouthEvansGateToSilbury.99,1782.0,526_0,0.0,0.0,0.0,2016.0,215_1,19.43,11.45,234.0,1477.55,88.0,3,0.0,116.01,0,tripinfo_SouthEvansGateToSilbury.99 emissions_SouthEvansGateToSilbury.99,electric,0.91,0.0,0.0,0.0,0.0,0.0,0.0,0.0
EastA509ToH6.92,1656.0,770_0,0.0,0.0,0.0,2017.0,522_0,56.88,13.29,361.0,2393.61,113.0,8,0.0,180.16,0,tripinfo_EastA509ToH6.92 emissions_EastA509ToH6.92,gasoline_euro4,0.96,30907.42509,991933.722205,163.342389,18.95859,413.706821,316389.61457,0.0
SouthEvansGateToSilbury.100,1800.0,526_0,0.0,0.0,0.0,2018.0,215_1,19.43,13.36,218.0,1477.55,72.0,4,0.0,110.69,0,tripinfo_SouthEvansGateToSilbury.100 emissions_SouthEvansGateToSilbury.100,electric,1.0,0.0,0.0,0.0,0.0,0.0,0.0,0.0
EastAveburyToWestA509.130,1305.0,483_1,0.0,0.0,0.0,2019.0,774_0,29.75,13.51,714.0,2325.48,448.0,15,0.0,550.74,0,tripinfo_EastAveburyToWestA509.130 emissions_EastAveburyToWestA509.130,gasoline_euro4,1.06,90325.715074,1985782.079779,457.158767,44.165822,870.967835,633400.719683,0.0
EastA509ToH6.94,1692.0,770_0,0.0,0.0,0.0,2019.0,522_1,56.88,13.46,327.0,2393.68,87.0,7,0.0,153.77,0,tripinfo_EastA509ToH6.94 emissions_EastA509ToH6.94,gasoline_euro4,1.01,25735.653773,913934.855726,137.704599,17.241688,378.836991,291509.415197,0.0
SouthEvansGateToSilbury.98,1764.0,526_0,0.0,0.0,0.0,2020.0,215_1,19.43,12.53,256.0,1477.6,110.0,2,0.0,137.84,0,tripinfo_SouthEvansGateToSilbury.98 emissions_SouthEvansGateToSilbury.98,gasoline_euro4,0.91,24233.038236,695236.817101,126.322776,13.538184,292.104504,221755.781592,0.0
WestH6ToSaxonSt.138,1656.0,524_0,0.0,0.0,0.0,2021.0,771_0,56.88,13.21,365.0,2602.65,132.0,4,0.0,174.5,0,tripinfo_WestH6ToSaxonSt.138 emissions_WestH6ToSaxonSt.138,electric,0.99,0.0,0.0,0.0,0.0,0.0,0.0,0.0
V6ToEastH6.159,1908.0,468_1,0.0,0.0,0.0,2021.0,522_1,56.88,15.3,113.0,1512.23,0.0,0,0.0,15.13,0,tripinfo_V6ToEastH6.159 emissions_V6ToEastH6.159,gasoline_euro4,1.11,4136.136934,382941.264578,27.074074,6.086927,148.286464,122140.471999,0.0
SouthEvansGateToSilbury.104,1872.0,526_0,0.0,0.0,0.0,2025.0,215_1,19.43,13.83,153.0,1477.59,38.0,1,0.0,53.32,0,tripinfo_SouthEvansGateToSilbury.104 emissions_SouthEvansGateToSilbury.104,electric,1.08,0.0,0.0,0.0,0.0,0.0,0.0,0.0
WestA509ToEastH6.39,1404.0,773_0,0.0,0.0,0.0,2031.0,522_1,56.88,13.62,627.0,2756.02,360.0,8,0.0,429.29,0,tripinfo_WestA509ToEastH6.39 emissions_WestA509ToEastH6.39,gasoline_euro4,1.01,71662.048861,1722246.258969,365.581354,36.551223,742.081001,549339.127236,0.0
WestH6ToSaxonSt.143,1716.0,524_0,0.0,0.0,0.0,2031.0,771_0,56.88,13.18,315.0,2601.42,75.0,2,0.0,129.05,0,tripinfo_WestH6ToSaxonSt.143 emissions_WestH6ToSaxonSt.143,electric,1.01,0.0,0.0,0.0,0.0,0.0,0.0,0.0
WestA509ToEastH6.41,1476.0,773_0,0.0,0.0,0.0,2032.0,522_0,56.88,11.83,556.0,2755.97,266.0,9,0.0,329.19,0,tripinfo_WestA509ToEastH6.41 emissions_WestA509ToEastH6.41,electric,0.88,0.0,0.0,0.0,0.0,0.0,0.0,0.0
EastA509ToH6.93,1674.0,770_0,0.0,0.0,0.0,2036.0,522_0,56.88,12.33,362.0,1483.69,202.0,5,0.0,245.24,0,tripinfo_EastA509ToH6.93 emissions_EastA509ToH6.93,gasoline_euro4,0.92,41870.570827,995119.9081,213.887936,21.492796,433.402991,317409.865957,0.0
EastSilburyToEastAvebury.80,1680.0,317_0,0.0,0.0,0.0,2036.0,213_0,19.13,15.09,356.0,2473.2,150.0,5,0.0,200.75,0,tripinfo_EastSilburyToEastAvebury.80 emissions_EastSilburyToEastAvebury.80,gasoline_euro4,1.17,34910.108751,1097747.86498,183.672399,22.146164,461.61534,350139.548702,0.0
EastSilburyToEastAvebury.81,1696.0,317_0,0.0,0.0,0.0,2038.0,213_1,19.13,14.31,342.0,2473.19,120.0,5,0.0,171.56,0,tripinfo_EastSilburyToEastAvebury.81 emissions_EastSilburyToEastAvebury.81,gasoline_euro4,1.07,29813.66155,997156.087148,158.002649,19.146945,413.716237,318054.489511,0.0
SouthEvansGateToSilbury.96,1728.0,526_0,0.0,0.0,0.0,2038.0,215_1,19.43,13.44,310.0,1471.7,166.0,4,0.0,208.63,0,tripinfo_SouthEvansGateToSilbury.96 emissions_SouthEvansGateToSilbury.96,gasoline_euro4,1.05,35640.646611,903585.319776,183.177102,19.346941,390.953216,288212.122782,0.0
WestA509ToAvebury.95,1710.0,773_0,0.0,0.0,0.0,2040.0,213_0,19.13,12.77,330.0,2337.25,124.0,3,0.0,156.44,0,tripinfo_WestA509ToAvebury.95 emissions_WestA509ToAvebury.95,gasoline_euro4,0.98,28227.318542,907956.907492,149.096837,17.344082,377.137358,289604.218887,0.0
SouthEvansGateToSilbury.95,1710.0,526_0,0.0,0.0,0.0,2040.0,215_1,19.43,13.28,330.0,1471.73,178.0,4,0.0,219.91,0,tripinfo_SouthEvansGateToSilbury.95 emissions_SouthEvansGateToSilbury.95,gasoline_euro4,0.96,36808.147172,919719.103469,188.914555,19.238116,395.659201,293359.093912,0.0
WestA509ToAvebury.96,1731.0,773_0,0.0,0.0,3.0,2042.0,213_0,19.13,13.47,311.0,2337.25,99.0,3,0.0,136.11,0,tripinfo_WestA509ToAvebury.96 emissions_WestA509ToAvebury.96,gasoline_euro4,0.97,24105.034505,836853.328556,128.62822,15.318205,343.101277,266924.407602,0.0
SouthEvansGateToSilbury.97,1746.0,526_0,0.0,0.0,0.0,2042.0,215_1,19.43,13.85,296.0,1471.71,140.0,5,0.0,192.12,0,tripinfo_SouthEvansGateToSilbury.97 emissions_SouthEvansGateToSilbury.97,gasoline_euro4,1.02,31562.551962,851206.619988,163.340863,17.6001,364.563869,271504.580567,0.0
WestA509ToEastH6.44,1584.0,773_0,0.0,0.0,0.0,2043.0,522_0,56.88,11.35,459.0,2756.02,173.0,8,0.0,239.49,0,tripinfo_WestA509ToEastH6.44 emissions_WestA509ToEastH6.44,electric,0.91,0.0,0.0,0.0,0.0,0.0,0.0,0.0
WestA509ToAvebury.99,1782.0,773_0,0.0,0.0,0.0,2044.0,213_0,19.13,12.85,262.0,2337.25,46.0,1,0.0,89.33,0,tripinfo_WestA509ToAvebury.99 emissions_WestA509ToAvebury.99,gasoline_euro4,0.99,15610.933459,710090.325489,86.42878,11.828497,282.175752,226490.081029,0.0
WestH6ToSaxonSt.135,1620.0,524_0,0.0,0.0,0.0,2045.0,771_0,56.88,9.9,425.0,2602.7,143.0,3,0.0,177.91,0,tripinfo_WestH6ToSaxonSt.135 emissions_WestH6ToSaxonSt.135,electric,0.76,0.0,0.0,0.0,0.0,0.0,0.0,0.0
EastSilburyToEastAvebury.82,1712.0,317_0,0.0,0.0,0.0,2045.0,213_0,19.13,14.81,333.0,1590.85,186.0,8,0.0,242.05,0,tripinfo_EastSilburyToEastAvebury.82 emissions_EastSilburyToEastAvebury.82,electric,1.27,0.0,0.0,0.0,0.0,0.0,0.0,0.0
WestA509ToAvebury.97,1746.0,773_0,0.0,0.0,0.0,2050.0,213_0,19.13,13.34,304.0,2337.3,89.0,4,0.0,129.72,0,tripinfo_WestA509ToAvebury.97 emissions_WestA509ToAvebury.97,gasoline_euro4,0.97,23128.881945,812952.443849,123.713489,15.147552,335.380722,259300.422659,0.0
EastAveburyToWestA509.170,1645.0,483_1,0.0,0.0,0.0,2052.0,774_0,29.75,10.51,407.0,2219.86,152.0,6,0.0,194.58,0,tripinfo_EastAveburyToWestA509.170 emissions_EastAveburyToWestA509.170,electric,0.76,0.0,0.0,0.0,0.0,0.0,0.0,0.0
EastSilburyToEastAvebury.83,1728.0,317_0,0.0,0.0,0.0,2053.0,213_0,19.13,14.44,325.0,2473.23,90.0,6,0.0,153.31,0,tripinfo_EastSilburyToEastAvebury.83 emissions_EastSilburyToEastAvebury.83,gasoline_euro4,1.06,26125.989203,932749.801174,139.843582,17.501117,384.818663,297510.740203,0.0
V6ToEastH6.160,1920.0,468_1,0.0,0.0,0.0,2055.0,522_1,56.88,12.24,135.0,1512.23,0.0,0,0.0,12.72,0,tripinfo_V6ToEastH6.160 emissions_V6ToEastH6.160,electric,0.89,0.0,0.0,0.0,0.0,0.0,0.0,0.0
V6ToEastH6.161,1932.0,468_1,0.0,0.0,0.0,2061.0,522_1,56.88,11.79,129.0,1512.23,0.0,0,0.0,12.97,0,tripinfo_V6ToEastH6.161 emissions_V6ToEastH6.161,electric,0.94,0.0,0.0,0.0,0.0,0.0,0.0,0.0
V6ToEastH6.162,1944.0,468_1,0.0,0.0,0.0,2064.0,522_1,56.88,13.8,120.0,1512.23,0.0,0,0.0,14.2,0,tripinfo_V6ToEastH6.162 emissions_V6ToEastH6.162,electric,1.03,0.0,0.0,0.0,0.0,0.0,0.0,0.0
EastA509ToH6.98,1764.0,770_0,0.0,0.0,0.0,2069.0,522_1,56.88,12.37,305.0,2408.85,75.0,3,0.0,117.07,0,tripinfo_EastA509ToH6.98 emissions_EastA509ToH6.98,electric,0.93,0.0,0.0,0.0,0.0,0.0,0.0,0.0
V6ToEastH6.163,1956.0,468_1,0.0,0.0,0.0,2076.0,522_1,56.88,15.11,120.0,1512.23,0.0,0,0.0,19.23,0,tripinfo_V6ToEastH6.163 emissions_V6ToEastH6.163,electric,1.09,0.0,0.0,0.0,0.0,0.0,0.0,0.0
WestH6ToSaxonSt.114,1368.0,524_0,0.0,0.0,0.0,2079.0,771_1,56.88,12.47,711.0,2767.88,424.0,10,0.0,500.09,0,tripinfo_WestH6ToSaxonSt.114 emissions_WestH6ToSaxonSt.114,gasoline_euro4,0.98,84635.922992,1948782.156844,430.463619,42.284067,848.053508,621597.658293,0.0
WestH6ToSaxonSt.120,1440.0,524_0,0.0,0.0,0.0,2082.0,771_1,56.88,12.35,642.0,2574.96,366.0,12,0.0,442.08,0,tripinfo_WestH6ToSaxonSt.120 emissions_WestH6ToSaxonSt.120,gasoline_euro4,0.95,73860.937105,1686770.211489,375.023944,35.895518,728.700185,538025.667029,0.0
WestA509ToAvebury.25,450.0,773_0,0.0,0.0,0.0,2084.0,213_0,19.13,10.25,1634.0,2288.83,1286.0,30,0.0,1433.47,0,tripinfo_WestA509ToAvebury.25 emissions_WestA509ToAvebury.25,electric,0.83,0.0,0.0,0.0,0.0,0.0,0.0,0.0
EastAveburyToWestA509.124,1254.0,483_0,0.0,0.0,0.0,2085.0,774_0,29.75,13.79,831.0,2260.3,564.0,11,0.0,667.67,0,tripinfo_EastAveburyToWestA509.124 emissions_EastAveburyToWestA509.124,gasoline_euro4,1.01,109271.931345,2234658.907719,549.38023,50.789043,988.226075,712788.049659,0.0
WestA509ToAvebury.29,522.0,773_0,0.0,0.0,0.0,2086.0,213_0,19.13,11.23,1564.0,2288.83,1214.0,27,0.0,1376.04,0,tripinfo_WestA509ToAvebury.29 emissions_WestA509ToAvebury.29,electric,0.88,0.0,0.0,0.0,0.0,0.0,0.0,0.0
EastAveburyToWestA509.136,1356.0,483_0,0.0,0.0,0.0,2087.0,774_1,29.75,16.49,731.0,2260.32,470.0,10,0.0,594.8,0,tripinfo_EastAveburyToWestA509.136 emissions_EastAveburyToWestA509.136,gasoline_euro4,1.22,95215.643344,2047153.678121,480.834255,46.300499,901.132547,652976.802707,0.0
EastSilburyToEastAvebury.84,1744.0,317_0,0.0,0.0,0.0,2089.0,213_0,19.13,10.19,345.0,1581.83,154.0,9,0.0,201.89,0,tripinfo_EastSilburyToEastAvebury.84 emissions_EastSilburyToEastAvebury.84,electric,0.81,0.0,0.0,0.0,0.0,0.0,0.0,0.0
WestA509ToAvebury.84,1515.0,773_0,0.0,0.0,3.0,2091.0,213_0,19.13,15.15,576.0,2288.7,373.0,10,0.0,430.41,0,tripinfo_WestA509ToAvebury.84 emissions_WestA509ToAvebury.84,electric,1.14,0.0,0.0,0.0,0.0,0.0,0.0,0.0
WestA509ToEastH6.48,1728.0,773_0,0.0,0.0,0.0,2093.0,522_0,56.88,13.63,365.0,2754.92,121.0,4,0.0,166.66,0,tripinfo_WestA509ToEastH6.48 emissions_WestA509ToEastH6.48,gasoline_euro4,1.01,29179.344979,1006285.303788,154.92467,18.433195,411.509898,320966.827431,0.0
EastAveburyToWestA509.123,1245.0,483_0,0.0,0.0,0.0,2094.0,774_0,29.75,11.87,849.0,2261.83,546.0,12,0.0,665.21,0,tripinfo_EastAveburyToWestA509.123 emissions_EastAveburyToWestA509.123,gasoline_euro4,0.9,107673.512321,2183588.839026,540.978265,49.168334,964.295789,696499.298521,0.0
EastSilburyToEastAvebury.85,1760.0,317_0,0.0,0.0,0.0,2094.0,213_0,19.13,13.99,334.0,1581.83,159.0,12,0.0,223.25,0,tripinfo_EastSilburyToEastAvebury.85 emissions_EastSilburyToEastAvebury.85,electric,1.04,0.0,0.0,0.0,0.0,0.0,0.0,0.0
V6ToEastH6.165,1980.0,468_1,0.0,0.0,0.0,2095.0,522_1,56.88,14.37,115.0,1512.23,0.0,0,0.0,17.18,0,tripinfo_V6ToEastH6.165 emissions_V6ToEastH6.165,gasoline_euro4,1.11,4410.486524,384586.614263,28.486884,6.270224,150.243049,122665.215706,0.0
EastAveburyToWestA509.135,1347.0,483_1,0.0,0.0,0.0,2097.0,774_0,29.75,11.8,750.0,2241.68,459.0,9,0.0,569.66,0,tripinfo_EastAveburyToWestA509.135 emissions_EastAveburyToWestA509.135,electric,0.92,0.0,0.0,0.0,0.0,0.0,0.0,0.0
EastAveburyToWestA509.145,1432.0,483_0,0.0,0.0,0.0,2099.0,774_0,29.75,13.74,667.0,2264.89,397.0,11,0.0,502.83,0,tripinfo_EastAveburyToWestA509.145 emissions_EastAveburyToWestA509.145,gasoline_euro4,1.01,81525.694721,1799296.692776,412.71477,39.78011,788.36681,573917.914874,0.0
EastA509ToH6.95,1710.0,770_0,0.0,0.0,0.0,2100.0,522_0,56.88,13.98,390.0,2393.68,160.0,7,0.0,225.38,0,tripinfo_EastA509ToH6.95 emissions_EastA509ToH6.95,gasoline_euro4,1.06,38127.738908,1125426.311251,199.224695,22.672946,475.671974,358969.377942,0.0
EastAveburyToWestA509.168,1628.0,483_1,0.0,0.0,0.0,2101.0,774_0,29.75,13.66,473.0,2309.99,244.0,8,0.0,307.3,0,tripinfo_EastAveburyToWestA509.168 emissions_EastAveburyToWestA509.168,electric,1.04,0.0,0.0,0.0,0.0,0.0,0.0,0.0
SouthEvansGateToSilbury.106,1908.0,526_0,0.0,0.0,0.0,2103.0,215_1,19.43,16.51,195.0,1477.55,64.0,4,0.0,110.08,0,tripinfo_SouthEvansGateToSilbury.106 emissions_SouthEvansGateToSilbury.106,electric,1.26,0.0,0.0,0.0,0.0,0.0,0.0,0.0
EastA509ToH6.97,1746.0,770_0,0.0,0.0,0.0,2105.0,522_0,56.88,12.16,359.0,2393.66,104.0,5,0.0,174.34,0,tripinfo_EastA509ToH6.97 emissions_EastA509ToH6.97,gasoline_euro4,0.94,30250.856497,968575.770312,159.917723,18.71162,405.76614,308939.10851,0.0
SouthEvansGateToSilbury.105,1890.0,526_0,0.0,0.0,0.0,2107.0,215_1,19.43,12.72,217.0,1477.52,82.0,2,0.0,110.46,0,tripinfo_SouthEvansGateToSilbury.105 emissions_SouthEvansGateToSilbury.105,electric,1.0,0.0,0.0,0.0,0.0,0.0,0.0,0.0
V6ToEastH6.166,1992.0,468_1,0.0,0.0,0.0,2109.0,522_1,56.88,13.84,117.0,1512.23,0.0,0,0.0,13.32,0,tripinfo_V6ToEastH6.166 emissions_V6ToEastH6.166,gasoline_euro4,1.05,4203.592906,373215.734821,27.248092,6.002802,145.627815,119038.469402,0.0
EastAveburyToWestA509.102,1067.0,483_1,0.0,0.0,0.0,2112.0,774_0,29.75,12.15,1045.0,2328.54,729.0,16,0.0,864.99,0,tripinfo_EastAveburyToWestA509.102 emissions_EastAveburyToWestA509.102,gasoline_euro4,0.97,141033.132316,2780478.862163,706.817691,63.691041,1234.380483,886890.560243,0.0
EastAveburyToWestA509.157,1534.0,483_0,0.0,0.0,0.0,2120.0,774_0,29.75,9.55,586.0,2257.25,301.0,12,0.0,365.28,0,tripinfo_EastAveburyToWestA509.157 emissions_EastAveburyToWestA509.157,gasoline_euro4,0.75,63273.511917,1462359.638964,322.071691,30.331416,630.388898,466446.07965,0.0
WestH6ToSaxonSt.148,1776.0,524_0,0.0,0.0,0.0,2120.0,771_0,56.88,12.44,344.0,2600.56,93.0,4,0.0,137.68,0,tripinfo_WestH6ToSaxonSt.148 emissions_WestH6ToSaxonSt.148,electric,0.91,0.0,0.0,0.0,0.0,0.0,0.0,0.0
WestH6ToSaxonSt.150,1800.0,524_0,0.0,0.0,0.0,2122.0,771_0,56.88,12.66,322.0,2601.19,81.0,2,0.0,126.32,0,tripinfo_WestH6ToSaxonSt.150 emissions_WestH6ToSaxonSt.150,electric,0.96,0.0,0.0,0.0,0.0,0.0,0.0,0.0
WestA509ToAvebury.98,1764.0,773_0,0.0,0.0,0.0,2125.0,213_0,19.13,15.11,361.0,2336.45,142.0,6,0.0,204.54,0,tripinfo_WestA509ToAvebury.98 emissions_WestA509ToAvebury.98,gasoline_euro4,1.09,33570.13555,1021551.637683,176.001226,20.200837,429.000471,325836.978545,0.0
SouthEvansGateToSilbury.102,1836.0,526_0,0.0,0.0,0.0,2126.0,215_1,19.43,14.08,290.0,1471.7,154.0,4,0.0,186.98,0,tripinfo_SouthEvansGateToSilbury.102 emissions_SouthEvansGateToSilbury.102,gasoline_euro4,1.04,31809.700704,831946.602833,163.642501,17.273075,355.331217,265361.880255,0.0
SouthEvansGateToSilbury.101,1818.0,526_0,0.0,0.0,0.0,2128.0,215_1,19.43,13.31,310.0,1471.73,168.0,4,0.0,203.84,0,tripinfo_SouthEvansGateToSilbury.101 emissions_SouthEvansGateToSilbury.101,electric,1.0,0.0,0.0,0.0,0.0,0.0,0.0,0.0
EastSilburyToEastAvebury.86,1776.0,317_0,0.0,0.0,0.0,2129.0,213_0,19.13,12.29,353.0,1590.85,185.0,6,0.0,230.92,0,tripinfo_EastSilburyToEastAvebury.86 emissions_EastSilburyToEastAvebury.86,electric,0.95,0.0,0.0,0.0,0.0,0.0,0.0,0.0
SouthEvansGateToSilbury.103,1854.0,526_0,0.0,0.0,0.0,2130.0,215_1,19.43,15.27,276.0,1471.73,135.0,5,0.0,185.01,0,tripinfo_SouthEvansGateToSilbury.103 emissions_SouthEvansGateToSilbury.103,gasoline_euro4,1.17,30374.456191,834869.922154,157.671931,17.599786,358.818699,266293.059263,0.0
SouthEvansGateToSilbury.107,1926.0,526_0,0.0,0.0,0.0,2131.0,215_1,19.43,16.19,205.0,1471.73,80.0,3,0.0,114.09,0,tripinfo_SouthEvansGateToSilbury.107 emissions_SouthEvansGateToSilbury.107,electric,1.17,0.0,0.0,0.0,0.0,0.0,0.0,0.0
V6ToEastH6.164,1968.0,468_1,0.0,0.0,0.0,2134.0,522_1,56.88,14.65,166.0,2060.88,0.0,0,0.0,27.31,0,tripinfo_V6ToEastH6.164 emissions_V6ToEastH6.164,electric,1.09,0.0,0.0,0.0,0.0,0.0,0.0,0.0
V6ToEastH6.167,2004.0,468_1,0.0,0.0,0.0,2138.0,522_1,56.88,12.84,134.0,1512.23,0.0,0,0.0,19.4,0,tripinfo_V6ToEastH6.167 emissions_V6ToEastH6.167,electric,0.95,0.0,0.0,0.0,0.0,0.0,0.0,0.0
EastA509ToH6.100,1800.0,770_0,0.0,0.0,0.0,2156.0,522_1,56.88,12.18,356.0,2408.85,134.0,4,0.0,171.56,0,tripinfo_EastA509ToH6.100 emissions_EastA509ToH6.100,electric,0.95,0.0,0.0,0.0,0.0,0.0,0.0,0.0
EastA509ToH6.104,1872.0,770_0,0.0,0.0,0.0,2157.0,522_0,56.88,15.04,285.0,2408.87,72.0,3,0.0,124.52,0,tripinfo_EastA509ToH6.104 emissions_EastA509ToH6.104,electric,1.09,0.0,0.0,0.0,0.0,0.0,0.0,0.0
WestA509ToEastH6.43,1548.0,773_1,0.0,0.0,0.0,2160.0,522_1,56.88,12.57,612.0,3094.48,309.0,6,0.0,379.65,0,tripinfo_WestA509ToEastH6.43 emissions_WestA509ToEastH6.43,electric,0.97,0.0,0.0,0.0,0.0,0.0,0.0,0.0
V6ToEastH6.168,2016.0,468_1,0.0,0.0,0.0,2165.0,522_0,56.88,11.48,149.0,1512.23,1.0,1,0.0,21.49,0,tripinfo_V6ToEastH6.168 emissions_V6ToEastH6.168,gasoline_euro4,0.86,5226.296582,378568.409457,32.417898,5.45334,146.312452,120747.000873,0.0
V6ToEastH6.169,2028.0,468_1,0.0,0.0,0.0,2165.0,522_1,56.88,14.43,137.0,1512.23,0.0,0,0.0,33.57,0,tripinfo_V6ToEastH6.169 emissions_V6ToEastH6.169,electric,1.05,0.0,0.0,0.0,0.0,0.0,0.0,0.0
V6ToEastH6.170,2040.0,468_1,0.0,0.0,0.0,2169.0,522_1,56.88,12.1,129.0,1512.23,0.0,0,0.0,15.28,0,tripinfo_V6ToEastH6.170 emissions_V6ToEastH6.170,gasoline_euro4,0.96,3893.060328,354836.627053,25.40857,5.138405,135.368889,113176.987442,0.0
V6ToEastH6.171,2052.0,468_1,0.0,0.0,0.0,2170.0,522_1,56.88,14.14,118.0,1512.23,0.0,0,0.0,15.07,0,tripinfo_V6ToEastH6.171 emissions_V6ToEastH6.171,electric,1.06,0.0,0.0,0.0,0.0,0.0,0.0,0.0
EastSilburyToEastAvebury.14,624.0,317_0,0.0,0.0,0.0,2173.0,213_0,19.13,13.0,1549.0,1576.66,1281.0,27,0.0,1429.82,0,tripinfo_EastSilburyToEastAvebury.14 emissions_EastSilburyToEastAvebury.14,electric,0.97,0.0,0.0,0.0,0.0,0.0,0.0,0.0
EastAveburyToWestA509.144,1424.0,483_0,0.0,0.0,0.0,2173.0,774_0,29.75,13.36,749.0,2265.75,473.0,12,0.0,583.49,0,tripinfo_EastAveburyToWestA509.144 emissions_EastAveburyToWestA509.144,gasoline_euro4,1.0,95301.767802,2054633.793393,481.692556,46.148735,905.580572,655362.845998,0.0
EastAveburyToWestA509.146,1441.0,483_0,0.0,0.0,0.0,2174.0,774_0,29.75,14.3,733.0,2260.84,474.0,10,0.0,580.44,0,tripinfo_EastAveburyToWestA509.146 emissions_EastAveburyToWestA509.146,gasoline_euro4,1.08,94054.049298,2002298.963304,474.802112,45.240072,883.706394,638670.166418,0.0
WestH6ToSaxonSt.118,1416.0,524_0,0.0,0.0,0.0,2176.0,771_1,56.88,11.39,760.0,2555.07,443.0,16,0.0,546.39,0,tripinfo_WestH6ToSaxonSt.118 emissions_WestH6ToSaxonSt.118,electric,0.87,0.0,0.0,0.0,0.0,0.0,0.0,0.0
WestH6ToSaxonSt.119,1428.0,524_0,0.0,0.0,0.0,2177.0,771_1,56.88,13.18,749.0,2767.88,435.0,13,0.0,544.61,0,tripinfo_WestH6ToSaxonSt.119 emissions_WestH6ToSaxonSt.119,gasoline_euro4,1.01,91055.607753,2094728.869625,463.081281,45.824687,915.113992,668149.395602,0.0
WestA509ToAvebury.90,1623.0,773_0,0.0,0.0,3.0,2178.0,213_0,19.13,13.16,555.0,2288.7,338.0,11,0.0,387.9,0,tripinfo_WestA509ToAvebury.90 emissions_WestA509ToAvebury.90,electric,0.99,0.0,0.0,0.0,0.0,0.0,0.0,0.0
WestH6ToSaxonSt.131,1572.0,524_0,0.0,0.0,0.0,2179.0,771_1,56.88,13.83,607.0,2574.96,317.0,12,0.0,419.58,0,tripinfo_WestH6ToSaxonSt.131 emissions_WestH6ToSaxonSt.131,gasoline_euro4,1.01,69086.899396,1659084.952532,352.684725,35.513598,717.932115,529192.420784,0.0
EastAveburyToWestA509.169,1636.0,483_0,0.0,0.0,0.0,2180.0,774_0,29.75,13.45,544.0,2254.71,302.0,12,0.0,379.28,0,tripinfo_EastAveburyToWestA509.169 emissions_EastAveburyToWestA509.169,gasoline_euro4,1.0,63280.435895,1518816.627642,323.117049,32.575519,658.005187,484451.473443,0.0
EastA509ToH6.96,1728.0,770_0,0.0,0.0,0.0,2180.0,522_0,56.88,13.33,452.0,2393.68,225.0,8,0.0,285.49,0,tripinfo_EastA509ToH6.96 emissions_EastA509ToH6.96,gasoline_euro4,1.05,48472.761501,1294518.772818,250.099103,26.740094,552.262615,412905.750807,0.0
V6ToEastH6.172,2064.0,468_1,0.0,0.0,0.0,2185.0,522_1,56.88,14.2,121.0,1512.23,0.0,0,0.0,17.76,0,tripinfo_V6ToEastH6.172 emissions_V6ToEastH6.172,gasoline_euro4,1.06,4282.683399,381176.354722,27.731777,5.973044,147.645262,121577.724992,0.0
EastAveburyToWestA509.140,1390.0,483_1,0.0,0.0,0.0,2189.0,774_2,29.75,12.8,799.0,2237.61,496.0,16,0.0,633.89,0,tripinfo_EastAveburyToWestA509.140 emissions_EastAveburyToWestA509.140,gasoline_euro4,0.99,101181.060041,2073073.251964,508.92613,46.748196,915.518993,661247.410141,0.0
EastAveburyToWestA509.152,1492.0,483_1,0.0,0.0,0.0,2191.0,774_2,29.75,13.13,699.0,2240.5,386.0,13,0.0,532.17,0,tripinfo_EastAveburyToWestA509.152 emissions_EastAveburyToWestA509.152,gasoline_euro4,0.99,83970.779702,1829136.47527,424.580132,40.11965,799.987357,583436.896487,0.0
EastAveburyToWestA509.158,1543.0,483_0,0.0,0.0,0.0,2191.0,774_0,29.75,12.86,648.0,2261.86,362.0,9,0.0,482.37,0,tripinfo_EastAveburyToWestA509.158 emissions_EastAveburyToWestA509.158,gasoline_euro4,1.0,76783.204499,1727905.04891,389.494701,37.686364,753.647791,551145.921929,0.0
EastA509ToH6.99,1782.0,770_0,0.0,0.0,0.0,2191.0,522_0,56.88,12.84,409.0,2393.68,167.0,8,0.0,230.14,0,tripinfo_EastA509ToH6.99 emissions_EastA509ToH6.99,gasoline_euro4,0.97,39210.879975,1109241.086542,203.610109,21.883962,466.420482,353808.452378,0.0
SouthEvansGateToSilbury.109,1962.0,526_0,0.0,0.0,0.0,2192.0,215_1,19.43,15.15,230.0,1477.62,99.0,3,0.0,132.77,0,tripinfo_SouthEvansGateToSilbury.109 emissions_SouthEvansGateToSilbury.109,electric,1.1,0.0,0.0,0.0,0.0,0.0,0.0,0.0
EastAveburyToWestA509.162,1577.0,483_0,0.0,0.0,0.0,2193.0,774_0,29.75,13.05,616.0,2257.77,338.0,9,0.0,448.74,0,tripinfo_EastAveburyToWestA509.162 emissions_EastAveburyToWestA509.162,gasoline_euro4,0.98,71844.319401,1636423.662517,364.77855,35.428814,711.851812,521966.073104,0.0
EastAveburyToWestA509.198,1883.0,483_1,0.0,0.0,0.0,2193.0,774_2,29.75,14.77,310.0,2219.5,119.0,3,0.0,169.69,0,tripinfo_EastAveburyToWestA509.198 emissions_EastAveburyToWestA509.198,electric,1.15,0.0,0.0,0.0,0.0,0.0,0.0,0.0
WestH6ToSaxonSt.156,1872.0,524_0,0.0,0.0,0.0,2195.0,771_0,56.88,14.27,323.0,2603.31,107.0,5,0.0,150.22,0,tripinfo_WestH6ToSaxonSt.156 emissions_WestH6ToSaxonSt.156,electric,1.09,0.0,0.0,0.0,0.0,0.0,0.0,0.0
SouthEvansGateToSilbury.110,1980.0,526_0,0.0,0.0,0.0,2195.0,215_1,19.43,13.48,215.0,1477.52,80.0,2,0.0,109.56,0,tripinfo_SouthEvansGateToSilbury.110 emissions_SouthEvansGateToSilbury.110,electric,1.02,0.0,0.0,0.0,0.0,0.0,0.0,0.0
V6ToEastH6.173,2076.0,468_1,0.0,0.0,0.0,2195.0,522_1,56.88,13.53,119.0,1512.23,0.0,0,0.0,13.03,0,tripinfo_V6ToEastH6.173 emissions_V6ToEastH6.173,gasoline_euro4,1.03,4095.391753,370397.972584,26.736803,5.834375,144.018637,118139.8375,0.0
EastAveburyToWestA509.175,1687.0,483_1,0.0,0.0,0.0,2196.0,774_0,29.75,9.55,509.0,2237.39,225.0,9,0.0,289.25,0,tripinfo_EastAveburyToWestA509.175 emissions_EastAveburyToWestA509.175,electric,0.75,0.0,0.0,0.0,0.0,0.0,0.0,0.0
V6ToEastH6.174,2088.0,468_1,0.0,0.0,0.0,2205.0,522_1,56.88,14.88,117.0,1512.23,0.0,0,0.0,15.37,0,tripinfo_V6ToEastH6.174 emissions_V6ToEastH6.174,electric,1.08,0.0,0.0,0.0,0.0,0.0,0.0,0.0
EastA509ToH6.101,1818.0,770_0,0.0,0.0,0.0,2209.0,522_0,56.88,13.67,391.0,1483.69,233.0,9,0.0,291.25,0,tripinfo_EastA509ToH6.101 emissions_EastA509ToH6.101,gasoline_euro4,1.07,48483.400759,1110002.322942,246.235881,24.431409,484.789607,354054.1134,0.0
EastA509ToH6.102,1836.0,770_0,0.0,0.0,0.0,2212.0,522_0,56.88,14.44,376.0,1483.69,219.0,7,0.0,280.86,0,tripinfo_EastA509ToH6.102 emissions_EastA509ToH6.102,electric,1.13,0.0,0.0,0.0,0.0,0.0,0.0,0.0
EastSilburyToEastAvebury.87,1792.0,317_0,0.0,0.0,0.0,2214.0,213_0,19.13,13.23,422.0,2473.16,170.0,7,0.0,235.79,0,tripinfo_EastSilburyToEastAvebury.87 emissions_EastSilburyToEastAvebury.87,gasoline_euro4,0.97,40497.039274,1149346.387546,210.430377,22.836507,484.721417,366600.306913,0.0
EastSilburyToEastAvebury.88,1808.0,317_0,0.0,0.0,0.0,2214.0,213_1,19.13,13.68,406.0,2473.21,159.0,7,0.0,229.02,0,tripinfo_EastSilburyToEastAvebury.88 emissions_EastSilburyToEastAvebury.88,gasoline_euro4,1.02,38576.047417,1133874.294114,201.412832,22.582818,478.094572,361664.353219,0.0
SouthEvansGateToSilbury.113,2034.0,526_0,0.0,0.0,0.0,2214.0,215_1,19.43,13.95,180.0,1471.7,56.0,2,0.0,76.89,0,tripinfo_SouthEvansGateToSilbury.113 emissions_SouthEvansGateToSilbury.113,electric,1.03,0.0,0.0,0.0,0.0,0.0,0.0,0.0
EastA509ToH6.103,1854.0,770_0,0.0,0.0,0.0,2216.0,522_0,56.88,13.18,362.0,1483.69,193.0,7,0.0,258.23,0,tripinfo_EastA509ToH6.103 emissions_EastA509ToH6.103,electric,1.03,0.0,0.0,0.0,0.0,0.0,0.0,0.0
WestA509ToAvebury.104,1872.0,773_0,0.0,0.0,0.0,2216.0,213_1,19.13,13.56,344.0,2336.43,113.0,6,0.0,172.83,0,tripinfo_WestA509ToAvebury.104 emissions_WestA509ToAvebury.104,gasoline_euro4,0.99,29041.891505,935200.373726,153.320825,17.730682,388.276713,298293.92732,0.0
WestA509ToAvebury.100,1803.0,773_0,0.0,0.0,3.0,2217.0,213_0,19.13,11.68,414.0,2337.25,158.0,7,0.0,220.95,0,tripinfo_WestA509ToAvebury.100 emissions_WestA509ToAvebury.100,gasoline_euro4,0.88,37659.255191,1041363.576981,195.471688,20.28192,438.083793,332158.738497,0.0
EastSilburyToEastAvebury.94,1904.0,317_0,0.0,0.0,0.0,2219.0,213_0,19.13,16.47,315.0,1590.83,161.0,6,0.0,217.94,0,tripinfo_EastSilburyToEastAvebury.94 emissions_EastSilburyToEastAvebury.94,electric,1.2,0.0,0.0,0.0,0.0,0.0,0.0,0.0
SouthEvansGateToSilbury.108,1944.0,526_0,0.0,0.0,0.0,2219.0,215_1,19.43,9.76,275.0,1471.77,117.0,3,0.0,138.9,0,tripinfo_SouthEvansGateToSilbury.108 emissions_SouthEvansGateToSilbury.108,electric,0.78,0.0,0.0,0.0,0.0,0.0,0.0,0.0
EastSilburyToEastAvebury.92,1872.0,317_0,0.0,0.0,0.0,2222.0,213_0,19.13,10.81,350.0,1590.85,182.0,4,0.0,213.03,0,tripinfo_EastSilburyToEastAvebury.92 emissions_EastSilburyToEastAvebury.92,electric,0.85,0.0,0.0,0.0,0.0,0.0,0.0,0.0
EastSilburyToEastAvebury.96,1936.0,317_0,0.0,0.0,0.0,2223.0,213_0,19.13,12.81,287.0,1590.85,123.0,4,0.0,170.62,0,tripinfo_EastSilburyToEastAvebury.96 emissions_EastSilburyToEastAvebury.96,electric,0.99,0.0,0.0,0.0,0.0,0.0,0.0,0.0
V6ToEastH6.175,2100.0,468_1,0.0,0.0,0.0,2238.0,522_0,56.88,10.85,138.0,1512.23,0.0,0,0.0,12.84,0,tripinfo_V6ToEastH6.175 emissions_V6ToEastH6.175,electric,0.87,0.0,0.0,0.0,0.0,0.0,0.0,0.0
V6ToEastH6.176,2112.0,468_1,0.0,0.0,0.0,2239.0,522_1,56.88,13.67,127.0,1512.23,0.0,0,0.0,16.24,0,tripinfo_V6ToEastH6.176 emissions_V6ToEastH6.176,gasoline_euro4,0.98,4235.756015,361984.742712,27.39931,5.67727,141.31798,115456.593473,0.0
EastA509ToH6.109,1962.0,770_0,0.0,0.0,0.0,2241.0,522_1,56.88,15.06,279.0,2408.85,72.0,3,0.0,122.21,0,tripinfo_EastA509ToH6.109 emissions_EastA509ToH6.109,electric,1.11,0.0,0.0,0.0,0.0,0.0,0.0,0.0
WestH6ToSaxonSt.128,1536.0,524_0,0.0,0.0,0.0,2251.0,771_1,56.88,12.5,715.0,2767.88,411.0,11,0.0,504.41,0,tripinfo_WestH6ToSaxonSt.128 emissions_WestH6ToSaxonSt.128,gasoline_euro4,0.98,85000.213047,1963059.3845,432.402554,42.581146,854.08961,626151.471427,0.0
WestH6ToSaxonSt.125,1500.0,524_0,0.0,0.0,0.0,2253.0,771_1,56.88,15.62,753.0,2555.05,496.0,13,0.0,588.83,0,tripinfo_WestH6ToSaxonSt.125 emissions_WestH6ToSaxonSt.125,electric,1.14,0.0,0.0,0.0,0.0,0.0,0.0,0.0
EastAveburyToWestA509.199,1891.0,483_1,0.0,0.0,0.0,2253.0,774_0,29.75,11.65,362.0,2307.67,102.0,4,0.0,173.71,0,tripinfo_EastAveburyToWestA509.199 emissions_EastAveburyToWestA509.199,electric,0.92,0.0,0.0,0.0,0.0,0.0,0.0,0.0
WestH6ToSaxonSt.132,1584.0,524_0,0.0,0.0,0.0,2255.0,771_1,56.88,15.05,671.0,2555.05,384.0,17,0.0,504.28,0,tripinfo_WestH6ToSaxonSt.132 emissions_WestH6ToSaxonSt.132,gasoline_euro4,1.12,82399.381453,1864238.268612,417.872813,40.786626,810.797365,594631.5212,0.0
V6ToEastH6.177,2124.0,468_1,0.0,0.0,0.0,2255.0,522_1,56.88,11.88,131.0,1512.23,0.0,0,0.0,12.77,0,tripinfo_V6ToEastH6.177 emissions_V6ToEastH6.177,gasoline_euro4,0.92,4057.596942,358435.145304,26.385217,5.291969,138.299761,114324.677561,0.0
WestH6ToSaxonSt.137,1644.0,524_0,0.0,0.0,0.0,2256.0,771_1,56.88,14.57,612.0,2574.97,360.0,8,0.0,439.12,0,tripinfo_WestH6ToSaxonSt.137 emissions_WestH6ToSaxonSt.137,gasoline_euro4,1.09,73007.361278,1711553.225511,371.380634,36.891779,740.413368,545928.889149,0.0
EastAveburyToWestA509.192,1832.0,483_1,0.0,0.0,0.0,2256.0,774_2,29.75,14.36,424.0,2237.39,186.0,12,0.0,272.67,0,tripinfo_EastAveburyToWestA509.192 emissions_EastAveburyToWestA509.192,gasoline_euro4,1.09,45200.946014,1210058.373946,233.261258,24.995311,516.452761,385965.762475,0.0
V6ToEastH6.178,2136.0,468_1,0.0,0.0,0.0,2257.0,522_1,56.88,14.48,121.0,1512.23,0.0,0,0.0,21.37,0,tripinfo_V6ToEastH6.178 emissions_V6ToEastH6.178,gasoline_euro4,1.1,5128.579395,412313.453506,32.227263,6.837284,162.427754,131508.851517,0.0
WestH6ToSaxonSt.139,1668.0,524_0,0.0,0.0,0.0,2258.0,771_1,56.88,15.12,590.0,2555.05,358.0,9,0.0,431.37,0,tripinfo_WestH6ToSaxonSt.139 emissions_WestH6ToSaxonSt.139,electric,1.17,0.0,0.0,0.0,0.0,0.0,0.0,0.0
WestA509ToAvebury.82,1479.0,773_0,0.0,0.0,3.0,2264.0,213_0,19.13,12.06,785.0,2327.58,520.0,17,0.0,601.78,0,tripinfo_WestA509ToAvebury.82 emissions_WestA509ToAvebury.82,gasoline_euro4,0.93,99399.929181,2067775.999585,500.675257,45.999976,908.271223,659557.58155,0.0
EastAveburyToWestA509.193,1840.0,483_1,0.0,0.0,0.0,2265.0,774_2,29.75,15.63,425.0,2237.39,178.0,15,0.0,280.02,0,tripinfo_EastAveburyToWestA509.193 emissions_EastAveburyToWestA509.193,gasoline_euro4,1.14,45052.241021,1226468.305159,233.124184,25.721804,526.299721,391198.99191,0.0
WestA509ToAvebury.65,1170.0,773_0,0.0,0.0,0.0,2266.0,213_0,19.13,12.85,1096.0,2288.81,801.0,22,0.0,920.77,0,tripinfo_WestA509ToAvebury.65 emissions_WestA509ToAvebury.65,electric,0.95,0.0,0.0,0.0,0.0,0.0,0.0,0.0
EastAveburyToWestA509.195,1857.0,483_1,0.0,0.0,0.0,2270.0,774_2,29.75,14.49,413.0,2237.39,160.0,14,0.0,257.48,0,tripinfo_EastAveburyToWestA509.195 emissions_EastAveburyToWestA509.195,gasoline_euro4,1.07,41767.093835,1158719.751551,216.410726,23.738727,493.38001,369589.807174,0.0
EastA509ToH6.105,1890.0,770_0,0.0,0.0,0.0,2272.0,522_1,56.88,14.64,382.0,2393.66,153.0,7,0.0,220.2,0,tripinfo_EastA509ToH6.105 emissions_EastA509ToH6.105,gasoline_euro4,1.07,37260.506734,1109261.536851,194.647187,22.319546,468.747173,353813.185072,0.0
WestA509ToEastH6.50,1800.0,773_0,0.0,0.0,0.0,2274.0,522_0,56.88,11.91,474.0,2754.93,185.0,8,0.0,250.31,0,tripinfo_WestA509ToEastH6.50 emissions_WestA509ToEastH6.50,gasoline_euro4,0.9,43240.031296,1237406.727541,225.275485,24.197411,520.764348,394688.622139,0.0
EastAveburyToWestA509.197,1874.0,483_1,0.0,0.0,0.0,2274.0,774_0,29.75,13.47,400.0,2311.97,149.0,8,0.0,222.46,0,tripinfo_EastAveburyToWestA509.197 emissions_EastAveburyToWestA509.197,electric,0.98,0.0,0.0,0.0,0.0,0.0,0.0,0.0
EastAveburyToWestA509.148,1458.0,483_0,0.0,0.0,0.0,2279.0,774_1,29.75,11.96,821.0,2260.94,526.0,12,0.0,647.83,0,tripinfo_EastAveburyToWestA509.148 emissions_EastAveburyToWestA509.148,gasoline_euro4,0.95,104722.928782,2167101.333782,527.102713,48.496347,954.57395,691239.263897,0.0
EastAveburyToWestA509.147,1449.0,483_0,0.0,0.0,0.0,2280.0,774_0,29.75,11.04,831.0,2261.85,518.0,14,0.0,641.89,0,tripinfo_EastAveburyToWestA509.147 emissions_EastAveburyToWestA509.147,gasoline_euro4,0.87,102995.578722,2111437.5196,518.177809,47.055872,929.88348,673485.014522,0.0
SouthEvansGateToSilbury.114,2052.0,526_0,0.0,0.0,0.0,2280.0,215_1,19.43,12.88,228.0,1477.52,90.0,2,0.0,116.5,0,tripinfo_SouthEvansGateToSilbury.114 emissions_SouthEvansGateToSilbury.114,electric,0.96,0.0,0.0,0.0,0.0,0.0,0.0,0.0
V6ToEastH6.179,2148.0,468_1,0.0,0.0,0.0,2280.0,522_1,56.88,12.61,132.0,1512.23,0.0,0,0.0,12.06,0,tripinfo_V6ToEastH6.179 emissions_V6ToEastH6.179,gasoline_euro4,0.91,4081.741776,361523.902859,26.742129,5.302901,139.32843,115309.906364,0.0
EastAveburyToWestA509.171,1653.0,483_1,0.0,0.0,0.0,2282.0,774_0,29.75,12.68,629.0,2238.84,332.0,10,0.0,460.1,0,tripinfo_EastAveburyToWestA509.171 emissions_EastAveburyToWestA509.171,electric,0.97,0.0,0.0,0.0,0.0,0.0,0.0,0.0
SouthEvansGateToSilbury.115,2070.0,526_0,0.0,0.0,0.0,2282.0,215_1,19.43,12.0,212.0,1477.55,67.0,3,0.0,98.4,0,tripinfo_SouthEvansGateToSilbury.115 emissions_SouthEvansGateToSilbury.115,gasoline_euro4,0.94,17473.931367,593010.653688,93.07854,11.199661,246.527285,189147.649236,0.0
EastA509ToH6.106,1908.0,770_0,0.0,0.0,0.0,2283.0,522_0,56.88,12.57,375.0,2393.68,127.0,8,0.0,199.71,0,tripinfo_EastA509ToH6.106 emissions_EastA509ToH6.106,gasoline_euro4,1.0,34214.240626,1068609.949927,179.972277,20.849536,448.151043,340846.522649,0.0
SouthEvansGateToSilbury.112,2016.0,526_0,0.0,0.0,0.0,2287.0,215_1,19.43,9.79,271.0,1477.6,102.0,3,0.0,131.46,0,tripinfo_SouthEvansGateToSilbury.112 emissions_SouthEvansGateToSilbury.112,electric,0.77,0.0,0.0,0.0,0.0,0.0,0.0,0.0
V6ToEastH6.180,2160.0,468_1,0.0,0.0,0.0,2288.0,522_1,56.88,12.99,128.0,1512.23,0.0,0,0.0,13.61,0,tripinfo_V6ToEastH6.180 emissions_V6ToEastH6.180,gasoline_euro4,0.95,3907.350426,358690.480925,25.763759,5.220373,137.265408,114406.157988,0.0
EastAveburyToWestA509.109,1126.0,483_1,0.0,0.0,0.0,2289.0,774_0,29.75,11.35,1163.0,2328.57,809.0,18,0.0,955.44,0,tripinfo_EastAveburyToWestA509.109 emissions_EastAveburyToWestA509.109,gasoline_euro4,0.83,155781.505617,2981343.997128,779.045336,68.463712,1326.881078,950963.221196,0.0
WestH6ToSaxonSt.145,1740.0,524_0,0.0,0.0,0.0,2289.0,771_0,56.88,12.43,549.0,2608.48,285.0,7,0.0,346.01,0,tripinfo_WestH6ToSaxonSt.145 emissions_WestH6ToSaxonSt.145,electric,0.94,0.0,0.0,0.0,0.0,0.0,0.0,0.0
WestH6ToSaxonSt.166,1992.0,524_0,0.0,0.0,0.0,2291.0,771_0,56.88,15.59,299.0,2603.34,87.0,2,0.0,132.27,0,tripinfo_WestH6ToSaxonSt.166 emissions_WestH6ToSaxonSt.166,electric,1.13,0.0,0.0,0.0,0.0,0.0,0.0,0.0
WestH6ToSaxonSt.142,1704.0,524_0,0.0,0.0,0.0,2294.0,771_0,56.88,12.59,590.0,2613.57,313.0,10,0.0,379.17,0,tripinfo_WestH6ToSaxonSt.142 emissions_WestH6ToSaxonSt.142,electric,0.91,0.0,0.0,0.0,0.0,0.0,0.0,0.0
EastA509ToH6.85,1530.0,770_0,0.0,0.0,0.0,2296.0,522_0,56.88,11.14,766.0,1443.3,579.0,10,0.0,648.11,0,tripinfo_EastA509ToH6.85 emissions_EastA509ToH6.85,electric,0.88,0.0,0.0,0.0,0.0,0.0,0.0,0.0
V6ToEastH6.181,2172.0,468_1,0.0,0.0,0.0,2298.0,522_1,56.88,12.62,126.0,1512.23,0.0,0,0.0,11.22,0,tripinfo_V6ToEastH6.181 emissions_V6ToEastH6.181,gasoline_euro4,0.95,3746.47785,344028.991679,24.639428,5.112521,132.411136,109729.663052,0.0
WestH6ToSaxonSt.163,1956.0,524_0,0.0,0.0,0.0,2300.0,771_0,56.88,11.79,344.0,2602.65,92.0,3,0.0,128.34,0,tripinfo_WestH6ToSaxonSt.163 emissions_WestH6ToSaxonSt.163,electric,0.87,0.0,0.0,0.0,0.0,0.0,0.0,0.0
V6ToEastH6.182,2184.0,468_1,0.0,0.0,0.0,2300.0,522_1,56.88,15.16,116.0,1512.23,0.0,0,0.0,19.76,0,tripinfo_V6ToEastH6.182 emissions_V6ToEastH6.182,gasoline_euro4,1.14,4363.351506,376352.513762,27.883786,6.152614,147.099317,120038.908691,0.0
WestA509ToAvebury.106,1908.0,773_0,0.0,0.0,0.0,2302.0,213_1,19.13,13.56,394.0,2336.43,170.0,5,0.0,228.6,0,tripinfo_WestA509ToAvebury.106 emissions_WestA509ToAvebury.106,gasoline_euro4,1.03,38008.759534,1075358.593266,197.407228,21.332031,452.43737,343001.006842,0.0
WestA509ToAvebury.105,1890.0,773_0,0.0,0.0,0.0,2303.0,213_0,19.13,13.08,413.0,2336.4,183.0,5,0.0,236.75,0,tripinfo_WestA509ToAvebury.105 emissions_WestA509ToAvebury.105,gasoline_euro4,0.97,39909.850471,1107111.69041,206.938992,21.961754,466.662888,353129.609335,0.0
WestA509ToAvebury.109,1962.0,773_0,0.0,0.0,0.0,2304.0,213_1,19.13,12.96,342.0,2336.43,115.0,5,0.0,169.99,0,tripinfo_WestA509ToAvebury.109 emissions_WestA509ToAvebury.109,gasoline_euro4,0.99,28337.313369,928326.241773,149.747182,17.302639,382.97016,296101.386696,0.0
SouthEvansGateToSilbury.111,1998.0,526_0,0.0,0.0,0.0,2304.0,215_1,19.43,11.77,306.0,1471.73,153.0,4,0.0,184.49,0,tripinfo_SouthEvansGateToSilbury.111 emissions_SouthEvansGateToSilbury.111,gasoline_euro4,0.87,31935.135773,810304.997769,164.143267,16.569705,346.07957,258459.860277,0.0
WestA509ToEastH6.51,1836.0,773_0,0.0,0.0,0.0,2305.0,522_1,56.88,14.5,469.0,2750.83,197.0,11,0.0,284.61,0,tripinfo_WestA509ToEastH6.51 emissions_WestA509ToEastH6.51,gasoline_euro4,1.08,46471.734938,1335542.787008,242.097017,26.992572,566.05102,425989.41047,0.0
EastSilburyToEastAvebury.93,1888.0,317_0,0.0,0.0,0.0,2306.0,213_0,19.13,11.1,418.0,2473.18,160.0,6,0.0,204.67,0,tripinfo_EastSilburyToEastAvebury.93 emissions_EastSilburyToEastAvebury.93,gasoline_euro4,0.85,36318.475766,1051945.706458,189.648284,19.838725,438.277266,335533.723433,0.0
EastA509ToH6.107,1926.0,770_0,0.0,0.0,0.0,2306.0,522_0,56.88,11.94,380.0,1483.69,213.0,5,0.0,264.83,0,tripinfo_EastA509ToH6.107 emissions_EastA509ToH6.107,electric,0.93,0.0,0.0,0.0,0.0,0.0,0.0,0.0
EastSilburyToEastAvebury.97,1952.0,317_0,0.0,0.0,0.0,2306.0,213_1,19.13,14.46,354.0,2473.21,134.0,5,0.0,191.66,0,tripinfo_EastSilburyToEastAvebury.97 emissions_EastSilburyToEastAvebury.97,gasoline_euro4,1.12,32209.649526,1040755.598765,170.063611,20.334241,434.043028,331961.37959,0.0
WestA509ToAvebury.112,2016.0,773_0,0.0,0.0,0.0,2308.0,213_0,19.13,13.38,292.0,2337.3,65.0,2,0.0,120.13,0,tripinfo_WestA509ToAvebury.112 emissions_WestA509ToAvebury.112,gasoline_euro4,0.99,19667.787067,773520.527997,106.902237,13.746668,315.48419,246722.370304,0.0
V6ToEastH6.183,2196.0,468_1,0.0,0.0,0.0,2308.0,522_1,56.88,15.4,112.0,1512.23,0.0,0,0.0,15.06,0,tripinfo_V6ToEastH6.183 emissions_V6ToEastH6.183,electric,1.13,0.0,0.0,0.0,0.0,0.0,0.0,0.0
EastSilburyToEastAvebury.95,1920.0,317_0,0.0,0.0,0.0,2312.0,213_0,19.13,9.51,392.0,2473.18,101.0,5,0.0,155.89,0,tripinfo_EastSilburyToEastAvebury.95 emissions_EastSilburyToEastAvebury.95,gasoline_euro4,0.77,28791.388508,895871.924131,151.742096,16.139542,369.847169,285751.057638,0.0
WestA509ToAvebury.111,1998.0,773_0,0.0,0.0,0.0,2314.0,213_0,19.13,9.49,316.0,2337.25,58.0,2,0.0,87.64,0,tripinfo_WestA509ToAvebury.111 emissions_WestA509ToAvebury.111,gasoline_euro4,0.74,18511.466251,705559.682906,100.442022,11.493411,283.520506,225046.989738,0.0
EastSilburyToEastAvebury.99,1984.0,317_0,0.0,0.0,0.0,2316.0,213_0,19.13,13.38,332.0,1590.85,151.0,8,0.0,233.71,0,tripinfo_EastSilburyToEastAvebury.99 emissions_EastSilburyToEastAvebury.99,electric,1.18,0.0,0.0,0.0,0.0,0.0,0.0,0.0
EastA509ToH6.108,1944.0,770_0,0.0,0.0,0.0,2317.0,522_0,56.88,12.3,373.0,1483.69,204.0,6,0.0,253.41,0,tripinfo_EastA509ToH6.108 emissions_EastA509ToH6.108,electric,0.9,0.0,0.0,0.0,0.0,0.0,0.0,0.0
EastSilburyToEastAvebury.98,1968.0,317_0,0.0,0.0,0.0,2318.0,213_0,19.13,12.65,350.0,1590.85,188.0,8,0.0,232.55,0,tripinfo_EastSilburyToEastAvebury.98 emissions_EastSilburyToEastAvebury.98,electric,0.99,0.0,0.0,0.0,0.0,0.0,0.0,0.0
V6ToEastH6.184,2208.0,468_1,0.0,0.0,0.0,2326.0,522_1,56.88,15.1,118.0,1512.23,0.0,0,0.0,17.44,0,tripinfo_V6ToEastH6.184 emissions_V6ToEastH6.184,gasoline_euro4,1.09,4416.460335,388687.945487,28.705957,6.241774,151.225283,123973.484987,0.0
WestH6ToSaxonSt.140,1680.0,524_0,0.0,0.0,0.0,2336.0,771_1,56.88,12.96,656.0,2555.04,397.0,7,0.0,466.45,0,tripinfo_WestH6ToSaxonSt.140 emissions_WestH6ToSaxonSt.140,electric,0.98,0.0,0.0,0.0,0.0,0.0,0.0,0.0
V6ToEastH6.185,2220.0,468_1,0.0,0.0,0.0,2336.0,522_1,56.88,14.69,116.0,1512.23,0.0,0,0.0,12.68,0,tripinfo_V6ToEastH6.185 emissions_V6ToEastH6.185,gasoline_euro4,1.06,3912.775,375094.912531,25.721862,5.754575,143.950695,119637.979345,0.0
WestH6ToSaxonSt.153,1836.0,524_0,0.0,0.0,0.0,2338.0,771_1,56.88,13.81,502.0,2555.04,208.0,11,0.0,325.11,0,tripinfo_WestH6ToSaxonSt.153 emissions_WestH6ToSaxonSt.153,gasoline_euro4,1.06,50748.114934,1326929.219841,261.189756,27.067393,564.416081,423244.574603,0.0
EastAveburyToWestA509.208,1968.0,483_1,0.0,0.0,0.0,2338.0,774_0,29.75,12.45,370.0,2311.97,115.0,5,0.0,186.15,0,tripinfo_EastAveburyToWestA509.208 emissions_EastAveburyToWestA509.208,electric,0.94,0.0,0.0,0.0,0.0,0.0,0.0,0.0
EastAveburyToWestA509.180,1730.0,483_1,0.0,0.0,0.0,2340.0,774_0,29.75,14.91,610.0,2308.5,334.0,10,0.0,452.08,0,tripinfo_EastAveburyToWestA509.180 emissions_EastAveburyToWestA509.180,electric,1.08,0.0,0.0,0.0,0.0,0.0,0.0,0.0
WestH6ToSaxonSt.130,1560.0,524_0,0.0,0.0,0.0,2341.0,771_1,56.88,12.73,781.0,2767.88,496.0,9,0.0,568.42,0,tripinfo_WestH6ToSaxonSt.130 emissions_WestH6ToSaxonSt.130,gasoline_euro4,0.97,96124.537353,2146693.494629,487.089847,46.932063,936.345639,684726.29164,0.0
WestH6ToSaxonSt.133,1596.0,524_0,0.0,0.0,0.0,2343.0,771_1,56.88,15.04,747.0,2767.87,466.0,9,0.0,558.46,0,tripinfo_WestH6ToSaxonSt.133 emissions_WestH6ToSaxonSt.133,gasoline_euro4,1.1,92534.353713,2102783.750327,469.90645,46.25502,918.862573,670719.130159,0.0
WestH6ToSaxonSt.155,1860.0,524_0,0.0,0.0,0.0,2344.0,771_1,56.88,16.09,484.0,2555.04,210.0,10,0.0,332.59,0,tripinfo_WestH6ToSaxonSt.155 emissions_WestH6ToSaxonSt.155,gasoline_euro4,1.23,50888.189737,1352581.540652,262.753401,28.417555,579.198126,431425.380367,0.0
EastAveburyToWestA509.211,1993.0,483_1,0.0,0.0,0.0,2345.0,774_0,29.75,13.19,352.0,2307.67,91.0,6,0.0,171.88,0,tripinfo_EastAveburyToWestA509.211 emissions_EastAveburyToWestA509.211,electric,0.96,0.0,0.0,0.0,0.0,0.0,0.0,0.0
WestA509ToAvebury.101,1818.0,773_0,0.0,0.0,0.0,2347.0,213_0,19.13,11.43,529.0,2328.43,289.0,9,0.0,338.09,0,tripinfo_WestA509ToAvebury.101 emissions_WestA509ToAvebury.101,electric,0.89,0.0,0.0,0.0,0.0,0.0,0.0,0.0
EastSilburyToEastAvebury.16,656.0,317_0,0.0,0.0,0.0,2349.0,213_0,19.13,11.44,1693.0,680.89,1474.0,33,0.0,1636.99,0,tripinfo_EastSilburyToEastAvebury.16 emissions_EastSilburyToEastAvebury.16,electric,0.9,0.0,0.0,0.0,0.0,0.0,0.0,0.0
EastAveburyToWestA509.153,1500.0,483_1,0.0,0.0,0.0,2350.0,774_2,29.75,13.33,850.0,2240.45,549.0,16,0.0,687.97,0,tripinfo_EastAveburyToWestA509.153 emissions_EastAveburyToWestA509.153,gasoline_euro4,1.02,110216.758687,2223218.414841,553.294711,50.433343,982.542088,709139.940304,0.0
EastSilburyToEastAvebury.18,688.0,317_0,0.0,0.0,0.0,2351.0,213_0,19.13,11.84,1663.0,1576.69,1362.0,32,0.0,1534.17,0,tripinfo_EastSilburyToEastAvebury.18 emissions_EastSilburyToEastAvebury.18,electric,0.9,0.0,0.0,0.0,0.0,0.0,0.0,0.0
WestH6ToSaxonSt.154,1848.0,524_0,0.0,0.0,0.0,2351.0,771_1,56.88,12.18,503.0,2555.05,203.0,11,0.0,298.84,0,tripinfo_WestH6ToSaxonSt.154 emissions_WestH6ToSaxonSt.154,electric,0.91,0.0,0.0,0.0,0.0,0.0,0.0,0.0
EastSilburyToEastAvebury.28,848.0,317_0,0.0,0.0,0.0,2352.0,213_0,19.13,14.33,1504.0,680.87,1385.0,16,0.0,1456.85,0,tripinfo_EastSilburyToEastAvebury.28 emissions_EastSilburyToEastAvebury.28,gasoline_euro4,1.07,238207.885174,4001106.405928,1178.524122,98.635223,1823.933704,1276249.027463,0.0
EastSilburyToEastAvebury.35,960.0,317_0,0.0,0.0,0.0,2355.0,213_0,19.13,12.76,1395.0,680.87,1262.0,19,0.0,1342.13,0,tripinfo_EastSilburyToEastAvebury.35 emissions_EastSilburyToEastAvebury.35,electric,0.96,0.0,0.0,0.0,0.0,0.0,0.0,0.0
EastAveburyToWestA509.194,1849.0,483_1,0.0,0.0,0.0,2355.0,774_1,29.75,13.18,506.0,2237.44,253.0,12,0.0,336.86,0,tripinfo_EastAveburyToWestA509.194 emissions_EastAveburyToWestA509.194,gasoline_euro4,0.98,54895.111196,1335405.08715,280.152612,27.828077,572.542199,425949.801322,0.0
EastSilburyToEastAvebury.43,1088.0,317_0,0.0,0.0,0.0,2357.0,213_0,19.13,13.98,1269.0,680.87,1123.0,23,0.0,1218.71,0,tripinfo_EastSilburyToEastAvebury.43 emissions_EastSilburyToEastAvebury.43,electric,1.01,0.0,0.0,0.0,0.0,0.0,0.0,0.0
EastAveburyToWestA509.149,1466.0,483_0,0.0,0.0,0.0,2358.0,774_0,29.75,12.95,892.0,2264.87,579.0,13,0.0,718.73,0,tripinfo_EastAveburyToWestA509.149 emissions_EastAveburyToWestA509.149,gasoline_euro4,0.95,116113.314512,2352025.26662,583.570664,53.530189,1042.630747,750224.885736,0.0
EastAveburyToWestA509.155,1517.0,483_0,0.0,0.0,0.0,2358.0,774_1,29.75,13.83,841.0,2264.89,580.0,10,0.0,680.02,0,tripinfo_EastAveburyToWestA509.155 emissions_EastAveburyToWestA509.155,gasoline_euro4,1.03,110709.09284,2276540.049022,556.44459,51.395985,1003.471721,726146.852334,0.0
WestA509ToAvebury.70,1260.0,773_0,0.0,0.0,0.0,2359.0,213_0,19.13,13.85,1099.0,2288.7,798.0,23,0.0,941.26,0,tripinfo_WestA509ToAvebury.70 emissions_WestA509ToAvebury.70,electric,1.05,0.0,0.0,0.0,0.0,0.0,0.0,0.0
V6ToEastH6.186,2232.0,468_1,0.0,0.0,0.0,2359.0,522_1,56.88,12.28,127.0,1512.23,0.0,0,0.0,13.11,0,tripinfo_V6ToEastH6.186 emissions_V6ToEastH6.186,electric,0.96,0.0,0.0,0.0,0.0,0.0,0.0,0.0
WestA509ToEastH6.57,2052.0,773_0,0.0,0.0,0.0,2362.0,522_0,56.88,14.26,310.0,2754.97,57.0,3,0.0,117.2,0,tripinfo_WestA509ToEastH6.57 emissions_WestA509ToEastH6.57,gasoline_euro4,1.04,19305.343458,851842.304147,106.927322,14.906356,344.446472,271702.733663,0.0
EastAveburyToWestA509.156,1526.0,483_0,0.0,0.0,0.0,2367.0,774_0,29.75,13.82,841.0,2264.87,562.0,13,0.0,675.53,0,tripinfo_EastAveburyToWestA509.156 emissions_EastAveburyToWestA509.156,gasoline_euro4,1.0,109585.526621,2252745.26968,550.868845,50.708799,992.823532,718557.208957,0.0
EastAveburyToWestA509.164,1594.0,483_0,0.0,0.0,0.0,2367.0,774_1,29.75,13.3,773.0,2264.88,494.0,12,0.0,615.5,0,tripinfo_EastAveburyToWestA509.164 emissions_EastAveburyToWestA509.164,gasoline_euro4,1.05,99461.377296,2085646.266149,501.227953,47.075178,920.322263,665256.303227,0.0
EastA509ToH6.111,1998.0,770_0,0.0,0.0,0.0,2367.0,522_0,56.88,11.07,369.0,2393.61,108.0,9,0.0,168.16,0,tripinfo_EastA509ToH6.111 emissions_EastA509ToH6.111,gasoline_euro4,0.87,29223.913944,938115.95977,154.631528,17.415592,389.034508,299224.334008,0.0
EastAveburyToWestA509.214,2019.0,483_1,0.0,0.0,0.0,2368.0,774_1,29.75,12.02,349.0,2237.39,90.0,10,0.0,166.8,0,tripinfo_EastAveburyToWestA509.214 emissions_EastAveburyToWestA509.214,gasoline_euro4,0.91,28664.345782,923793.694139,151.61029,17.359124,384.286281,294655.731919,0.0
SouthEvansGateToSilbury.118,2124.0,526_0,0.0,0.0,0.0,2370.0,215_1,19.43,10.52,246.0,1477.63,88.0,3,0.0,114.3,0,tripinfo_SouthEvansGateToSilbury.118 emissions_SouthEvansGateToSilbury.118,electric,0.81,0.0,0.0,0.0,0.0,0.0,0.0,0.0
EastAveburyToWestA509.210,1985.0,483_1,0.0,0.0,0.0,2371.0,774_2,29.75,13.82,386.0,2218.4,178.0,6,0.0,224.33,0,tripinfo_EastAveburyToWestA509.210 emissions_EastAveburyToWestA509.210,electric,1.0,0.0,0.0,0.0,0.0,0.0,0.0,0.0
SouthEvansGateToSilbury.120,2160.0,526_0,0.0,0.0,0.0,2372.0,215_1,19.43,11.5,212.0,1477.62,52.0,2,0.0,85.08,0,tripinfo_SouthEvansGateToSilbury.120 emissions_SouthEvansGateToSilbury.120,electric,0.84,0.0,0.0,0.0,0.0,0.0,0.0,0.0
SouthEvansGateToSilbury.119,2142.0,526_0,0.0,0.0,0.0,2373.0,215_1,19.43,12.97,231.0,1477.52,90.0,2,0.0,121.38,0,tripinfo_SouthEvansGateToSilbury.119 emissions_SouthEvansGateToSilbury.119,gasoline_euro4,0.97,21140.727716,657155.915378,111.356472,12.755769,275.610416,209608.257764,0.0
EastAveburyToWestA509.220,2070.0,483_1,0.0,0.0,0.0,2374.0,774_0,29.75,15.9,304.0,2312.02,85.0,9,0.0,155.82,0,tripinfo_EastAveburyToWestA509.220 emissions_EastAveburyToWestA509.220,electric,1.17,0.0,0.0,0.0,0.0,0.0,0.0,0.0
SouthEvansGateToSilbury.121,2178.0,526_0,0.0,0.0,0.0,2375.0,215_1,19.43,13.96,197.0,1477.52,56.0,2,0.0,95.88,0,tripinfo_SouthEvansGateToSilbury.121 emissions_SouthEvansGateToSilbury.121,electric,1.06,0.0,0.0,0.0,0.0,0.0,0.0,0.0
EastAveburyToWestA509.173,1670.0,483_1,0.0,0.0,0.0,2376.0,774_0,29.75,10.73,706.0,2240.77,394.0,8,0.0,496.86,0,tripinfo_EastAveburyToWestA509.173 emissions_EastAveburyToWestA509.173,electric,0.79,0.0,0.0,0.0,0.0,0.0,0.0,0.0
WestH6ToSaxonSt.168,2016.0,524_0,0.0,0.0,0.0,2376.0,771_0,56.88,12.63,360.0,2602.68,121.0,3,0.0,160.82,0,tripinfo_WestH6ToSaxonSt.168 emissions_WestH6ToSaxonSt.168,electric,0.95,0.0,0.0,0.0,0.0,0.0,0.0,0.0
SouthEvansGateToSilbury.124,2232.0,526_0,0.0,0.0,0.0,2377.0,215_1,19.43,15.68,145.0,1477.52,32.0,1,0.0,51.78,0,tripinfo_SouthEvansGateToSilbury.124 emissions_SouthEvansGateToSilbury.124,electric,1.15,0.0,0.0,0.0,0.0,0.0,0.0,0.0
V6ToEastH6.187,2244.0,468_1,0.0,0.0,0.0,2387.0,522_0,56.88,11.32,143.0,1512.23,0.0,0,0.0,11.95,0,tripinfo_V6ToEastH6.187 emissions_V6ToEastH6.187,gasoline_euro4,0.83,3936.596867,337469.865581,25.557323,4.409432,126.95321,107638.444936,0.0
EastSilburyToEastAvebury.100,2000.0,317_0,0.0,0.0,0.0,2389.0,213_0,19.13,14.84,389.0,1590.87,211.0,8,0.0,283.37,0,tripinfo_EastSilburyToEastAvebury.100 emissions_EastSilburyToEastAvebury.100,electric,1.1,0.0,0.0,0.0,0.0,0.0,0.0,0.0
V6ToEastH6.188,2256.0,468_1,0.0,0.0,0.0,2389.0,522_1,56.88,12.02,133.0,1512.23,0.0,0,0.0,13.36,0,tripinfo_V6ToEastH6.188 emissions_V6ToEastH6.188,electric,0.91,0.0,0.0,0.0,0.0,0.0,0.0,0.0
EastSilburyToEastAvebury.102,2032.0,317_0,0.0,0.0,0.0,2390.0,213_1,19.13,15.73,358.0,2473.21,152.0,4,0.0,197.5,0,tripinfo_EastSilburyToEastAvebury.102 emissions_EastSilburyToEastAvebury.102,gasoline_euro4,1.14,34494.746994,1058505.070675,180.869482,21.10032,443.093362,337623.470793,0.0
EastSilburyToEastAvebury.103,2048.0,317_0,0.0,0.0,0.0,2391.0,213_1,19.13,15.87,343.0,2473.21,130.0,5,0.0,193.54,0,tripinfo_EastSilburyToEastAvebury.103 emissions_EastSilburyToEastAvebury.103,gasoline_euro4,1.21,32245.2557,1046463.278811,170.19408,20.749903,436.938819,333781.483452,0.0
EastSilburyToEastAvebury.104,2064.0,317_0,0.0,0.0,0.0,2391.0,213_0,19.13,15.87,327.0,2473.23,112.0,5,0.0,174.71,0,tripinfo_EastSilburyToEastAvebury.104 emissions_EastSilburyToEastAvebury.104,gasoline_euro4,1.19,29435.955626,993739.884548,156.033251,19.401399,413.029364,316964.324485,0.0
SouthEvansGateToSilbury.117,2106.0,526_0,0.0,0.0,0.0,2391.0,215_1,19.43,12.26,285.0,1471.7,139.0,4,0.0,167.45,0,tripinfo_SouthEvansGateToSilbury.117 emissions_SouthEvansGateToSilbury.117,gasoline_euro4,0.9,29285.23299,778121.437291,151.284783,15.75251,331.08856,248193.708174,0.0
WestA509ToAvebury.115,2070.0,773_0,0.0,0.0,0.0,2395.0,213_0,19.13,12.12,325.0,2337.25,97.0,3,0.0,131.62,0,tripinfo_WestA509ToAvebury.115 emissions_WestA509ToAvebury.115,gasoline_euro4,0.88,23782.597425,816307.752223,126.868657,14.456488,332.706138,260371.851775,0.0
SouthEvansGateToSilbury.116,2088.0,526_0,0.0,0.0,0.0,2398.0,215_1,19.43,9.36,310.0,1471.77,123.0,5,0.0,152.86,0,tripinfo_SouthEvansGateToSilbury.116 emissions_SouthEvansGateToSilbury.116,electric,0.68,0.0,0.0,0.0,0.0,0.0,0.0,0.0
V6ToEastH6.189,2268.0,468_1,0.0,0.0,0.0,2400.0,522_1,56.88,12.3,132.0,1512.23,0.0,0,0.0,12.34,0,tripinfo_V6ToEastH6.189 emissions_V6ToEastH6.189,electric,0.91,0.0,0.0,0.0,0.0,0.0,0.0,0.0
V6ToEastH6.190,2280.0,468_1,0.0,0.0,0.0,2402.0,522_1,56.88,12.9,122.0,1512.23,0.0,0,0.0,14.05,0,tripinfo_V6ToEastH6.190 emissions_V6ToEastH6.190,gasoline_euro4,1.01,3917.796064,358998.112038,25.774706,5.511352,138.870849,114503.948787,0.0
WestA509ToEastH6.47,1692.0,773_1,0.0,0.0,0.0,2417.0,522_0,56.88,12.14,725.0,3088.43,396.0,6,0.0,468.47,0,tripinfo_WestA509ToEastH6.47 emissions_WestA509ToEastH6.47,electric,0.88,0.0,0.0,0.0,0.0,0.0,0.0,0.0
EastA509ToH6.118,2124.0,770_0,0.0,0.0,0.0,2418.0,522_1,56.88,14.1,294.0,2408.85,78.0,3,0.0,124.47,0,tripinfo_EastA509ToH6.118 emissions_EastA509ToH6.118,electric,1.03,0.0,0.0,0.0,0.0,0.0,0.0,0.0
EastA509ToH6.119,2142.0,770_0,0.0,0.0,0.0,2419.0,522_1,56.88,13.72,277.0,2408.85,70.0,3,0.0,114.77,0,tripinfo_EastA509ToH6.119 emissions_EastA509ToH6.119,electric,1.07,0.0,0.0,0.0,0.0,0.0,0.0,0.0
V6ToEastH6.191,2292.0,468_1,0.0,0.0,0.0,2423.0,522_1,56.88,12.9,131.0,1512.23,0.0,0,0.0,15.48,0,tripinfo_V6ToEastH6.191 emissions_V6ToEastH6.191,electric,0.94,0.0,0.0,0.0,0.0,0.0,0.0,0.0
EastA509ToH6.122,2196.0,770_0,0.0,0.0,0.0,2425.0,522_1,56.88,14.58,229.0,2408.85,36.0,3,0.0,73.21,0,tripinfo_EastA509ToH6.122 emissions_EastA509ToH6.122,electric,1.12,0.0,0.0,0.0,0.0,0.0,0.0,0.0
WestA509ToAvebury.78,1407.0,773_0,0.0,0.0,3.0,2433.0,213_0,19.13,13.76,1026.0,2328.43,737.0,22,0.0,855.38,0,tripinfo_WestA509ToAvebury.78 emissions_WestA509ToAvebury.78,gasoline_euro4,0.99,140614.986869,2723183.215211,703.091817,62.441985,1206.692027,868616.576758,0.0
WestH6ToSaxonSt.152,1824.0,524_0,0.0,0.0,0.0,2433.0,771_1,56.88,10.83,609.0,2555.03,287.0,12,0.0,384.87,0,tripinfo_WestH6ToSaxonSt.152 emissions_WestH6ToSaxonSt.152,electric,0.83,0.0,0.0,0.0,0.0,0.0,0.0,0.0
WestH6ToSaxonSt.158,1896.0,524_0,0.0,0.0,0.0,2435.0,771_1,56.88,11.74,539.0,2574.94,239.0,12,0.0,335.79,0,tripinfo_WestH6ToSaxonSt.158 emissions_WestH6ToSaxonSt.158,gasoline_euro4,0.93,55074.532238,1389794.785223,282.649984,28.302584,592.389344,443297.797679,0.0
WestA509ToAvebury.83,1494.0,773_0,0.0,0.0,0.0,2436.0,213_0,19.13,12.61,942.0,2328.43,617.0,24,0.0,762.32,0,tripinfo_WestA509ToAvebury.83 emissions_WestA509ToAvebury.83,electric,0.94,0.0,0.0,0.0,0.0,0.0,0.0,0.0
WestH6ToSaxonSt.160,1920.0,524_0,0.0,0.0,0.0,2436.0,771_1,56.88,14.6,516.0,2555.05,237.0,11,0.0,343.78,0,tripinfo_WestH6ToSaxonSt.160 emissions_WestH6ToSaxonSt.160,gasoline_euro4,1.08,55687.954184,1425093.828041,286.02736,29.900806,611.1552,454555.48753,0.0
WestH6ToSaxonSt.161,1932.0,524_0,0.0,0.0,0.0,2437.0,771_0,56.88,13.41,505.0,2555.04,221.0,8,0.0,325.0,0,tripinfo_WestH6ToSaxonSt.161 emissions_WestH6ToSaxonSt.161,electric,1.03,0.0,0.0,0.0,0.0,0.0,0.0,0.0
WestA509ToAvebury.72,1296.0,773_0,0.0,0.0,0.0,2439.0,213_0,19.13,11.42,1143.0,2288.81,858.0,22,0.0,953.5,0,tripinfo_WestA509ToAvebury.72 emissions_WestA509ToAvebury.72,electric,0.88,0.0,0.0,0.0,0.0,0.0,0.0,0.0
EastAveburyToWestA509.215,2027.0,483_1,0.0,0.0,0.0,2440.0,774_2,29.75,15.73,413.0,2237.39,172.0,11,0.0,268.86,0,tripinfo_EastAveburyToWestA509.215 emissions_EastAveburyToWestA509.215,gasoline_euro4,1.14,43285.036474,1198904.526087,224.548027,24.853909,512.635371,382407.014477,0.0
EastSilburyToEastAvebury.61,1376.0,317_0,0.0,0.0,0.0,2441.0,213_0,19.13,13.05,1065.0,680.87,935.0,18,0.0,1014.48,0,tripinfo_EastSilburyToEastAvebury.61 emissions_EastSilburyToEastAvebury.61,electric,1.0,0.0,0.0,0.0,0.0,0.0,0.0,0.0
EastAveburyToWestA509.160,1560.0,483_0,0.0,0.0,0.0,2441.0,774_0,29.75,12.61,881.0,2261.83,586.0,13,0.0,703.38,0,tripinfo_EastAveburyToWestA509.160 emissions_EastAveburyToWestA509.160,gasoline_euro4,0.93,113206.52064,2299235.284277,568.801648,51.983713,1016.236831,733386.708582,0.0
V6ToEastH6.193,2316.0,468_1,0.0,0.0,0.0,2444.0,522_1,56.88,12.61,128.0,1512.23,0.0,0,0.0,13.95,0,tripinfo_V6ToEastH6.193 emissions_V6ToEastH6.193,gasoline_euro4,0.96,3910.039725,362507.995222,25.847824,5.282153,138.881943,115623.726067,0.0
EastAveburyToWestA509.154,1509.0,483_0,0.0,0.0,0.0,2449.0,774_0,29.75,11.87,940.0,2261.17,628.0,17,0.0,764.73,0,tripinfo_EastAveburyToWestA509.154 emissions_EastAveburyToWestA509.154,gasoline_euro4,0.94,123335.283571,2468302.136973,619.113493,56.341521,1095.332552,787314.419948,0.0
EastAveburyToWestA509.226,2121.0,483_1,0.0,0.0,0.0,2451.0,774_2,29.75,13.74,330.0,2237.39,97.0,8,0.0,166.3,0,tripinfo_EastAveburyToWestA509.226 emissions_EastAveburyToWestA509.226,electric,1.01,0.0,0.0,0.0,0.0,0.0,0.0,0.0
WestH6ToSaxonSt.149,1788.0,524_0,0.0,0.0,0.0,2452.0,771_0,56.88,15.04,664.0,2608.48,401.0,11,0.0,492.71,0,tripinfo_WestH6ToSaxonSt.149 emissions_WestH6ToSaxonSt.149,electric,1.12,0.0,0.0,0.0,0.0,0.0,0.0,0.0
EastA509ToH6.112,2016.0,770_0,0.0,0.0,0.0,2452.0,522_0,56.88,12.53,436.0,2393.61,174.0,8,0.0,254.53,0,tripinfo_EastA509ToH6.112 emissions_EastA509ToH6.112,gasoline_euro4,0.96,42966.133682,1210555.407637,223.496323,24.326317,513.864287,386123.632212,0.0
EastAveburyToWestA509.224,2104.0,483_1,0.0,0.0,0.0,2452.0,774_2,29.75,13.65,348.0,2237.44,119.0,8,0.0,187.42,0,tripinfo_EastAveburyToWestA509.224 emissions_EastAveburyToWestA509.224,electric,1.03,0.0,0.0,0.0,0.0,0.0,0.0,0.0
V6ToEastH6.192,2304.0,468_1,0.0,0.0,0.0,2452.0,522_1,56.88,11.14,148.0,1512.23,0.0,0,0.0,16.13,0,tripinfo_V6ToEastH6.192 emissions_V6ToEastH6.192,electric,0.83,0.0,0.0,0.0,0.0,0.0,0.0,0.0
EastA509ToH6.110,1980.0,770_0,0.0,0.0,0.0,2454.0,522_0,56.88,12.91,474.0,2393.68,213.0,7,0.0,295.18,0,tripinfo_EastA509ToH6.110 emissions_EastA509ToH6.110,gasoline_euro4,0.97,49278.468382,1303992.540464,254.26325,26.768049,557.166841,415927.955743,0.0
EastAveburyToWestA509.167,1619.0,483_0,0.0,0.0,0.0,2456.0,774_0,29.75,13.61,837.0,2264.87,526.0,17,0.0,669.45,0,tripinfo_EastAveburyToWestA509.167 emissions_EastAveburyToWestA509.167,gasoline_euro4,0.99,106612.087634,2192889.905486,536.107499,49.181086,965.752424,699465.343897,0.0
EastA509ToH6.115,2070.0,770_0,0.0,0.0,0.0,2456.0,522_0,56.88,13.69,386.0,2393.68,149.0,5,0.0,211.25,0,tripinfo_EastA509ToH6.115 emissions_EastA509ToH6.115,gasoline_euro4,1.0,35511.309715,1064678.852541,185.803063,20.900331,446.559238,339593.464946,0.0
SouthEvansGateToSilbury.122,2196.0,526_0,0.0,0.0,0.0,2456.0,215_1,19.43,12.54,260.0,1477.62,125.0,2,0.0,150.92,0,tripinfo_SouthEvansGateToSilbury.122 emissions_SouthEvansGateToSilbury.122,electric,0.98,0.0,0.0,0.0,0.0,0.0,0.0,0.0
EastAveburyToWestA509.108,1118.0,483_1,0.0,0.0,0.0,2460.0,774_0,29.75,12.67,1342.0,2328.59,991.0,24,0.0,1167.88,0,tripinfo_EastAveburyToWestA509.108 emissions_EastAveburyToWestA509.108,gasoline_euro4,0.99,189189.51299,3575717.804776,944.988301,83.752361,1600.737187,1140551.093906,0.0
V6ToEastH6.194,2328.0,468_1,0.0,0.0,0.0,2463.0,522_1,56.88,11.09,135.0,1512.23,0.0,0,0.0,12.25,0,tripinfo_V6ToEastH6.194 emissions_V6ToEastH6.194,gasoline_euro4,0.89,3762.573073,334297.265654,24.52022,4.639741,126.849202,106626.14521,0.0
V6ToEastH6.195,2340.0,468_1,0.0,0.0,0.0,2465.0,522_1,56.88,13.56,125.0,1512.23,0.0,0,0.0,16.38,0,tripinfo_V6ToEastH6.195 emissions_V6ToEastH6.195,gasoline_euro4,1.01,4388.95551,381711.365137,28.360804,5.914632,147.999827,121748.507664,0.0
V6ToEastH6.196,2352.0,468_1,0.0,0.0,0.0,2470.0,522_1,56.88,14.65,118.0,1512.23,0.0,0,0.0,14.3,0,tripinfo_V6ToEastH6.196 emissions_V6ToEastH6.196,gasoline_euro4,1.06,4249.848323,375738.918211,27.355203,5.999677,146.648566,119843.281515,0.0
WestH6ToSaxonSt.147,1764.0,524_0,0.0,0.0,0.0,2471.0,771_0,56.88,12.08,707.0,2613.57,421.0,11,0.0,493.45,0,tripinfo_WestH6ToSaxonSt.147 emissions_WestH6ToSaxonSt.147,electric,0.9,0.0,0.0,0.0,0.0,0.0,0.0,0.0
EastA509ToH6.114,2052.0,770_0,0.0,0.0,0.0,2474.0,522_0,56.88,10.68,422.0,2393.68,153.0,5,0.0,204.16,0,tripinfo_EastA509ToH6.114 emissions_EastA509ToH6.114,gasoline_euro4,0.8,36328.321088,1039772.382388,189.50026,19.835262,436.039948,331650.781153,0.0
WestA509ToAvebury.121,2178.0,773_0,0.0,0.0,0.0,2477.0,213_0,19.13,14.18,299.0,2336.42,102.0,3,0.0,137.31,0,tripinfo_WestA509ToAvebury.121 emissions_WestA509ToAvebury.121,gasoline_euro4,1.05,24417.752063,858876.947432,130.047938,16.092661,352.562505,273948.466572,0.0
SouthEvansGateToSilbury.123,2214.0,526_0,0.0,0.0,0.0,2479.0,215_1,19.43,13.95,265.0,1471.71,138.0,3,0.0,164.85,0,tripinfo_SouthEvansGateToSilbury.123 emissions_SouthEvansGateToSilbury.123,gasoline_euro4,1.07,28315.509871,758164.51343,146.184628,15.610986,322.201946,241827.760882,0.0
WestA509ToEastH6.60,2163.0,773_0,0.0,0.0,3.0,2481.0,522_1,56.88,13.15,318.0,2762.5,86.0,2,0.0,121.83,0,tripinfo_WestA509ToEastH6.60 emissions_WestA509ToEastH6.60,electric,1.02,0.0,0.0,0.0,0.0,0.0,0.0,0.0
WestA509ToAvebury.122,2199.0,773_0,0.0,0.0,3.0,2481.0,213_0,19.13,11.51,282.0,2337.25,55.0,2,0.0,86.59,0,tripinfo_WestA509ToAvebury.122 emissions_WestA509ToAvebury.122,gasoline_euro4,0.87,16728.04734,696407.324812,92.033187,11.618344,279.334353,222126.621514,0.0
WestA509ToAvebury.123,2214.0,773_0,0.0,0.0,0.0,2483.0,213_0,19.13,15.84,269.0,2336.48,70.0,3,0.0,129.81,0,tripinfo_WestA509ToAvebury.123 emissions_WestA509ToAvebury.123,gasoline_euro4,1.22,20166.057576,812831.761374,109.745219,14.940399,331.49361,259260.268029,0.0
EastA509ToH6.116,2088.0,770_0,0.0,0.0,0.0,2486.0,522_1,56.88,14.6,398.0,1483.69,228.0,9,0.0,298.95,0,tripinfo_EastA509ToH6.116 emissions_EastA509ToH6.116,electric,1.09,0.0,0.0,0.0,0.0,0.0,0.0,0.0
EastA509ToH6.113,2034.0,770_0,0.0,0.0,0.0,2487.0,522_0,56.88,11.74,453.0,1483.69,278.0,9,0.0,338.46,0,tripinfo_EastA509ToH6.113 emissions_EastA509ToH6.113,electric,0.94,0.0,0.0,0.0,0.0,0.0,0.0,0.0
V6ToEastH6.197,2364.0,468_1,0.0,0.0,0.0,2493.0,522_1,56.88,13.23,129.0,1512.23,0.0,0,0.0,17.02,0,tripinfo_V6ToEastH6.197 emissions_V6ToEastH6.197,electric,0.97,0.0,0.0,0.0,0.0,0.0,0.0,0.0
EastA509ToH6.117,2106.0,770_0,0.0,0.0,0.0,2496.0,522_0,56.88,13.31,390.0,1483.69,209.0,9,0.0,283.76,0,tripinfo_EastA509ToH6.117 emissions_EastA509ToH6.117,gasoline_euro4,1.01,46048.573709,1081779.836006,234.517907,23.257079,469.166201,345051.954135,0.0
EastA509ToH6.120,2160.0,770_0,0.0,0.0,0.0,2502.0,522_1,56.88,13.42,342.0,2408.85,131.0,3,0.0,176.56,0,tripinfo_EastA509ToH6.120 emissions_EastA509ToH6.120,electric,1.06,0.0,0.0,0.0,0.0,0.0,0.0,0.0
WestH6ToSaxonSt.136,1632.0,524_0,0.0,0.0,0.0,2507.0,771_1,56.88,15.41,875.0,2767.88,611.0,12,0.0,698.73,0,tripinfo_WestH6ToSaxonSt.136 emissions_WestH6ToSaxonSt.136,gasoline_euro4,1.18,116469.261512,2509134.967531,588.340112,56.930015,1106.080795,800333.764833,0.0
WestH6ToSaxonSt.162,1944.0,524_0,0.0,0.0,0.0,2511.0,771_1,56.88,14.58,567.0,2555.03,314.0,8,0.0,402.14,0,tripinfo_WestH6ToSaxonSt.162 emissions_WestH6ToSaxonSt.162,electric,1.13,0.0,0.0,0.0,0.0,0.0,0.0,0.0
V6ToEastH6.199,2388.0,468_1,0.0,0.0,0.0,2512.0,522_1,56.88,14.22,124.0,1512.23,0.0,0,0.0,17.75,0,tripinfo_V6ToEastH6.199 emissions_V6ToEastH6.199,gasoline_euro4,1.03,4203.682725,368734.630971,27.142461,5.732222,143.352133,117609.438911,0.0
V6ToEastH6.200,2400.0,468_1,0.0,0.0,0.0,2513.0,522_1,56.88,14.88,113.0,1512.23,0.0,0,0.0,16.54,0,tripinfo_V6ToEastH6.200 emissions_V6ToEastH6.200,gasoline_euro4,1.13,4518.674142,387268.848181,29.166629,6.493885,152.756394,123520.581479,0.0
EastAveburyToWestA509.223,2095.0,483_1,0.0,0.0,0.0,2522.0,774_2,29.75,13.99,427.0,2237.44,195.0,11,0.0,268.08,0,tripinfo_EastAveburyToWestA509.223 emissions_EastAveburyToWestA509.223,gasoline_euro4,1.04,44532.989818,1171658.729352,229.399005,24.200346,499.847549,373718.142328,0.0
V6ToEastH6.198,2376.0,468_1,0.0,0.0,0.0,2523.0,522_0,56.88,10.87,147.0,1512.23,0.0,0,0.0,13.03,0,tripinfo_V6ToEastH6.198 emissions_V6ToEastH6.198,electric,0.81,0.0,0.0,0.0,0.0,0.0,0.0,0.0
V6ToEastH6.201,2412.0,468_1,0.0,0.0,0.0,2523.0,522_1,56.88,14.72,111.0,1512.23,0.0,0,0.0,14.09,0,tripinfo_V6ToEastH6.201 emissions_V6ToEastH6.201,gasoline_euro4,1.13,4310.314089,382390.229894,28.024951,6.381197,150.245095,121964.490575,0.0
V6ToEastH6.202,2424.0,468_1,0.0,0.0,0.0,2525.0,522_1,56.88,17.64,101.0,1512.23,0.0,0,0.0,16.9,0,tripinfo_V6ToEastH6.202 emissions_V6ToEastH6.202,electric,1.3,0.0,0.0,0.0,0.0,0.0,0.0,0.0
EastAveburyToWestA509.225,2112.0,483_1,0.0,0.0,0.0,2529.0,774_2,29.75,12.86,417.0,2237.39,171.0,7,0.0,250.21,0,tripinfo_EastAveburyToWestA509.225 emissions_EastAveburyToWestA509.225,gasoline_euro4,0.99,41480.279663,1115015.440287,214.124557,22.489343,472.231728,355650.992786,0.0
EastAveburyToWestA509.216,2036.0,483_1,0.0,0.0,0.0,2531.0,774_2,29.75,12.95,495.0,2237.44,260.0,8,0.0,330.95,0,tripinfo_EastAveburyToWestA509.216 emissions_EastAveburyToWestA509.216,gasoline_euro4,1.01,55137.485179,1363471.544588,282.342753,28.718912,586.822827,434901.167113,0.0
WestA509ToEastH6.61,2196.0,773_0,0.0,0.0,0.0,2536.0,522_0,56.88,12.13,340.0,2754.93,85.0,2,0.0,122.56,0,tripinfo_WestA509ToEastH6.61 emissions_WestA509ToEastH6.61,gasoline_euro4,0.92,22655.281187,886213.666609,123.368422,15.420762,358.776432,282667.581123,0.0
WestA509ToEastH6.62,2232.0,773_0,0.0,0.0,0.0,2536.0,522_1,56.88,15.54,304.0,2754.15,64.0,4,0.0,128.53,0,tripinfo_WestA509ToEastH6.62 emissions_WestA509ToEastH6.62,gasoline_euro4,1.15,21923.013907,921936.29158,120.352208,17.15498,378.197693,294059.344646,0.0
EastAveburyToWestA509.172,1662.0,483_0,0.0,0.0,0.0,2537.0,774_0,29.75,13.66,875.0,2266.15,569.0,18,0.0,714.62,0,tripinfo_EastAveburyToWestA509.172 emissions_EastAveburyToWestA509.172,gasoline_euro4,1.03,114444.330591,2339956.301322,575.553606,53.395044,1037.423538,746374.409674,0.0
EastAveburyToWestA509.205,1942.0,483_1,0.0,0.0,0.0,2537.0,774_1,29.75,13.0,595.0,2237.44,343.0,8,0.0,421.87,0,tripinfo_EastAveburyToWestA509.205 emissions_EastAveburyToWestA509.205,gasoline_euro4,0.96,69312.142379,1574945.625341,351.790914,33.878387,683.554048,502356.950602,0.0
EastAveburyToWestA509.177,1704.0,483_0,0.0,0.0,0.0,2539.0,774_1,29.75,14.79,835.0,2264.9,539.0,14,0.0,688.15,0,tripinfo_EastAveburyToWestA509.177 emissions_EastAveburyToWestA509.177,gasoline_euro4,1.13,111102.856808,2300314.495611,558.85496,52.265735,1015.881359,733729.290065,0.0
WestA509ToAvebury.107,1926.0,773_0,0.0,0.0,0.0,2540.0,213_0,19.13,9.22,614.0,2328.43,321.0,13,0.0,381.35,0,tripinfo_WestA509ToAvebury.107 emissions_WestA509ToAvebury.107,gasoline_euro4,0.73,66597.123225,1513406.026248,338.315293,31.161329,650.755659,482729.228398,0.0
EastAveburyToWestA509.209,1976.0,483_1,0.0,0.0,0.0,2543.0,774_0,29.75,11.79,567.0,2238.62,318.0,11,0.0,388.04,0,tripinfo_EastAveburyToWestA509.209 emissions_EastAveburyToWestA509.209,electric,0.92,0.0,0.0,0.0,0.0,0.0,0.0,0.0
EastAveburyToWestA509.176,1696.0,483_0,0.0,0.0,0.0,2545.0,774_0,29.75,14.32,849.0,2264.87,546.0,15,0.0,700.7,0,tripinfo_EastAveburyToWestA509.176 emissions_EastAveburyToWestA509.176,electric,1.12,0.0,0.0,0.0,0.0,0.0,0.0,0.0
EastAveburyToWestA509.234,2189.0,483_1,0.0,0.0,0.0,2545.0,774_1,29.75,12.84,356.0,2218.4,138.0,5,0.0,189.41,0,tripinfo_EastAveburyToWestA509.234 emissions_EastAveburyToWestA509.234,electric,0.96,0.0,0.0,0.0,0.0,0.0,0.0,0.0
EastAveburyToWestA509.231,2163.0,483_1,0.0,0.0,0.0,2550.0,774_0,29.75,11.76,387.0,2307.67,136.0,6,0.0,201.69,0,tripinfo_EastAveburyToWestA509.231 emissions_EastAveburyToWestA509.231,electric,0.93,0.0,0.0,0.0,0.0,0.0,0.0,0.0
EastAveburyToWestA509.240,2240.0,483_1,0.0,0.0,0.0,2551.0,774_0,29.75,14.99,311.0,2311.97,80.0,7,0.0,175.43,0,tripinfo_EastAveburyToWestA509.240 emissions_EastAveburyToWestA509.240,electric,1.27,0.0,0.0,0.0,0.0,0.0,0.0,0.0
EastAveburyToWestA509.237,2214.0,483_1,0.0,0.0,0.0,2557.0,774_0,29.75,10.72,343.0,2307.67,82.0,2,0.0,139.54,0,tripinfo_EastAveburyToWestA509.237 emissions_EastAveburyToWestA509.237,electric,0.85,0.0,0.0,0.0,0.0,0.0,0.0,0.0
EastAveburyToWestA509.241,2248.0,483_1,0.0,0.0,0.0,2558.0,774_0,29.75,12.65,310.0,2311.97,60.0,6,0.0,125.14,0,tripinfo_EastAveburyToWestA509.241 emissions_EastAveburyToWestA509.241,electric,0.93,0.0,0.0,0.0,0.0,0.0,0.0,0.0
WestA509ToEastH6.54,1944.0,773_0,0.0,0.0,0.0,2559.0,522_0,56.88,11.24,615.0,2756.02,319.0,6,0.0,393.45,0,tripinfo_WestA509ToEastH6.54 emissions_WestA509ToEastH6.54,electric,0.9,0.0,0.0,0.0,0.0,0.0,0.0,0.0
EastAveburyToWestA509.179,1721.0,483_1,0.0,0.0,0.0,2560.0,774_0,29.75,12.1,839.0,2308.45,544.0,16,0.0,653.5,0,tripinfo_EastAveburyToWestA509.179 emissions_EastAveburyToWestA509.179,electric,0.92,0.0,0.0,0.0,0.0,0.0,0.0,0.0
EastA509ToH6.121,2178.0,770_0,0.0,0.0,0.0,2560.0,522_1,56.88,12.7,382.0,1483.69,211.0,7,0.0,267.41,0,tripinfo_EastA509ToH6.121 emissions_EastA509ToH6.121,gasoline_euro4,0.93,44505.817872,1032068.937915,226.486546,22.173594,448.160635,329196.20548,0.0
WestA509ToEastH6.56,2019.0,773_0,0.0,0.0,3.0,2563.0,522_0,56.88,13.21,544.0,2756.02,275.0,9,0.0,340.37,0,tripinfo_WestA509ToEastH6.56 emissions_WestA509ToEastH6.56,gasoline_euro4,0.98,57222.292927,1468491.708611,294.062907,30.017532,625.198732,468398.773647,0.0
WestA509ToEastH6.58,2088.0,773_0,0.0,0.0,0.0,2564.0,522_1,56.88,13.14,476.0,2756.02,217.0,6,0.0,280.99,0,tripinfo_WestA509ToEastH6.58 emissions_WestA509ToEastH6.58,gasoline_euro4,1.03,47220.699072,1329530.741447,245.12161,26.640974,561.6852,424072.65643,0.0
EastA509ToH6.125,2250.0,770_0,0.0,0.0,0.0,2565.0,522_0,56.88,15.41,315.0,1483.64,168.0,5,0.0,221.01,0,tripinfo_EastA509ToH6.125 emissions_EastA509ToH6.125,electric,1.14,0.0,0.0,0.0,0.0,0.0,0.0,0.0
SouthEvansGateToSilbury.125,2250.0,526_0,0.0,0.0,0.0,2566.0,215_0,19.43,13.49,316.0,1471.74,177.0,5,0.0,215.37,0,tripinfo_SouthEvansGateToSilbury.125 emissions_SouthEvansGateToSilbury.125,gasoline_euro4,1.06,36895.642638,931752.17234,189.284785,19.812923,401.296293,297196.63454,0.0
SouthEvansGateToSilbury.128,2304.0,526_0,0.0,0.0,0.0,2567.0,215_1,19.43,13.24,263.0,1471.71,118.0,4,0.0,154.26,0,tripinfo_SouthEvansGateToSilbury.128 emissions_SouthEvansGateToSilbury.128,electric,0.98,0.0,0.0,0.0,0.0,0.0,0.0,0.0
EastA509ToH6.123,2214.0,770_0,0.0,0.0,0.0,2568.0,522_0,56.88,13.47,354.0,1483.69,200.0,5,0.0,252.81,0,tripinfo_EastA509ToH6.123 emissions_EastA509ToH6.123,electric,1.06,0.0,0.0,0.0,0.0,0.0,0.0,0.0
SouthEvansGateToSilbury.126,2268.0,526_0,0.0,0.0,0.0,2569.0,215_1,19.43,12.97,301.0,1471.7,153.0,4,0.0,192.49,0,tripinfo_SouthEvansGateToSilbury.126 emissions_SouthEvansGateToSilbury.126,gasoline_euro4,0.98,32718.216603,841214.224821,168.403949,17.667378,362.135162,268318.025201,0.0
SouthEvansGateToSilbury.127,2286.0,526_0,0.0,0.0,0.0,2569.0,215_0,19.43,13.39,283.0,1471.73,132.0,5,0.0,180.62,0,tripinfo_SouthEvansGateToSilbury.127 emissions_SouthEvansGateToSilbury.127,electric,1.04,0.0,0.0,0.0,0.0,0.0,0.0,0.0
EastA509ToH6.127,2286.0,770_0,0.0,0.0,0.0,2572.0,522_0,56.88,12.11,286.0,1483.69,129.0,4,0.0,172.93,0,tripinfo_EastA509ToH6.127 emissions_EastA509ToH6.127,gasoline_euro4,0.95,29228.801475,775888.90174,151.018908,16.052182,332.796016,247481.177558,0.0
V6ToEastH6.203,2436.0,468_1,0.0,0.0,0.0,2583.0,522_0,56.88,10.85,147.0,1512.23,0.0,0,0.0,12.51,0,tripinfo_V6ToEastH6.203 emissions_V6ToEastH6.203,gasoline_euro4,0.81,4288.447828,342869.009734,27.302757,4.641155,130.454218,109360.505672,0.0
V6ToEastH6.204,2448.0,468_1,0.0,0.0,0.0,2583.0,522_1,56.88,12.99,135.0,1512.23,0.0,0,0.0,18.39,0,tripinfo_V6ToEastH6.204 emissions_V6ToEastH6.204,electric,0.94,0.0,0.0,0.0,0.0,0.0,0.0,0.0
V6ToEastH6.205,2460.0,468_1,0.0,0.0,0.0,2585.0,522_0,56.88,15.15,125.0,1512.23,0.0,0,0.0,29.0,0,tripinfo_V6ToEastH6.205 emissions_V6ToEastH6.205,gasoline_euro4,1.14,5605.222045,422641.688465,34.780646,7.20112,168.51562,134803.080817,0.0
EastA509ToH6.126,2268.0,770_0,0.0,0.0,0.0,2588.0,522_1,56.88,14.04,320.0,2408.83,103.0,5,0.0,151.97,0,tripinfo_EastA509ToH6.126 emissions_EastA509ToH6.126,electric,1.04,0.0,0.0,0.0,0.0,0.0,0.0,0.0
V6ToEastH6.206,2472.0,468_1,0.0,0.0,0.0,2604.0,522_1,56.88,12.8,132.0,1512.23,0.0,0,0.0,16.66,0,tripinfo_V6ToEastH6.206 emissions_V6ToEastH6.206,gasoline_euro4,0.95,4440.816912,384765.404182,28.655971,5.645262,147.71931,122722.963706,0.0
WestH6ToSaxonSt.165,1980.0,524_0,0.0,0.0,0.0,2606.0,771_1,56.88,11.44,626.0,2574.97,324.0,9,0.0,416.46,0,tripinfo_WestH6ToSaxonSt.165 emissions_WestH6ToSaxonSt.165,gasoline_euro4,0.9,68884.142019,1594885.604621,350.356655,33.45407,686.577131,508717.3614,0.0
WestH6ToSaxonSt.169,2028.0,524_0,0.0,0.0,0.0,2608.0,771_1,56.88,14.33,580.0,2555.04,328.0,5,0.0,401.89,0,tripinfo_WestH6ToSaxonSt.169 emissions_WestH6ToSaxonSt.169,electric,1.05,0.0,0.0,0.0,0.0,0.0,0.0,0.0
WestH6ToSaxonSt.174,2088.0,524_0,0.0,0.0,0.0,2609.0,771_1,56.88,14.17,521.0,2555.04,271.0,4,0.0,342.5,0,tripinfo_WestH6ToSaxonSt.174 emissions_WestH6ToSaxonSt.174,electric,1.04,0.0,0.0,0.0,0.0,0.0,0.0,0.0
EastSilburyToEastAvebury.27,832.0,317_0,0.0,0.0,0.0,2611.0,213_0,19.13,10.74,1779.0,1576.69,1481.0,33,0.0,1644.94,0,tripinfo_EastSilburyToEastAvebury.27 emissions_EastSilburyToEastAvebury.27,electric,0.86,0.0,0.0,0.0,0.0,0.0,0.0,0.0
EastSilburyToEastAvebury.25,800.0,317_0,0.0,0.0,0.0,2613.0,213_0,19.13,16.3,1813.0,642.19,1712.0,11,0.0,1773.05,0,tripinfo_EastSilburyToEastAvebury.25 emissions_EastSilburyToEastAvebury.25,electric,1.19,0.0,0.0,0.0,0.0,0.0,0.0,0.0
V6ToEastH6.208,2496.0,468_1,0.0,0.0,0.0,2614.0,522_1,56.88,15.29,118.0,1512.23,0.0,0,0.0,19.41,0,tripinfo_V6ToEastH6.208 emissions_V6ToEastH6.208,gasoline_euro4,1.11,4785.581723,402651.688629,30.568256,6.605625,157.783079,128427.176679,0.0
EastAveburyToWestA509.122,1237.0,483_1,0.0,0.0,0.0,2625.0,774_0,29.75,14.49,1388.0,2328.54,1083.0,17,0.0,1227.81,0,tripinfo_EastAveburyToWestA509.122 emissions_EastAveburyToWestA509.122,gasoline_euro4,1.08,199725.049748,3739679.733246,996.279067,88.07684,1674.471634,1192850.918633,0.0
WestH6ToSaxonSt.164,1968.0,524_0,0.0,0.0,0.0,2628.0,771_0,56.88,15.58,660.0,2613.57,403.0,9,0.0,489.47,0,tripinfo_WestH6ToSaxonSt.164 emissions_WestH6ToSaxonSt.164,electric,1.12,0.0,0.0,0.0,0.0,0.0,0.0,0.0
V6ToEastH6.207,2484.0,468_1,0.0,0.0,0.0,2631.0,522_0,56.88,10.16,147.0,1512.23,0.0,0,0.0,12.11,0,tripinfo_V6ToEastH6.207 emissions_V6ToEastH6.207,gasoline_euro4,0.81,4101.722064,344598.64882,26.459574,4.344031,128.814627,109912.441876,0.0
WestA509ToEastH6.46,1656.0,773_1,0.0,0.0,0.0,2633.0,522_1,56.88,11.0,977.0,3088.43,624.0,10,0.0,715.55,0,tripinfo_WestA509ToEastH6.46 emissions_WestA509ToEastH6.46,electric,0.86,0.0,0.0,0.0,0.0,0.0,0.0,0.0
WestA509ToEastH6.49,1764.0,773_1,0.0,0.0,0.0,2634.0,522_0,56.88,15.76,870.0,3089.62,569.0,10,0.0,684.47,0,tripinfo_WestA509ToEastH6.49 emissions_WestA509ToEastH6.49,electric,1.21,0.0,0.0,0.0,0.0,0.0,0.0,0.0
V6ToEastH6.209,2508.0,468_1,0.0,0.0,0.0,2634.0,522_1,56.88,12.7,126.0,1512.23,0.0,0,0.0,17.04,0,tripinfo_V6ToEastH6.209 emissions_V6ToEastH6.209,gasoline_euro4,1.0,4082.637148,361195.13511,26.332162,5.412404,139.044359,115204.898842,0.0
SouthEvansGateToSilbury.138,2484.0,526_0,0.0,0.0,0.0,2636.0,215_1,19.43,16.14,152.0,1477.59,46.0,1,0.0,65.14,0,tripinfo_SouthEvansGateToSilbury.138 emissions_SouthEvansGateToSilbury.138,gasoline_euro4,1.24,12370.603608,520991.46447,67.59336,9.769972,211.127185,166174.604786,0.0
V6ToEastH6.210,2520.0,468_1,0.0,0.0,0.0,2639.0,522_1,56.88,14.17,119.0,1512.23,0.0,0,0.0,16.75,0,tripinfo_V6ToEastH6.210 emissions_V6ToEastH6.210,electric,1.07,0.0,0.0,0.0,0.0,0.0,0.0,0.0
EastAveburyToWestA509.184,1764.0,483_1,0.0,0.0,0.0,2640.0,774_0,29.75,14.27,876.0,2325.53,580.0,17,0.0,712.27,0,tripinfo_EastAveburyToWestA509.184 emissions_EastAveburyToWestA509.184,gasoline_euro4,1.06,115477.172385,2385655.557861,580.989628,54.281338,1055.769251,760950.484175,0.0
WestH6ToSaxonSt.167,2004.0,524_0,0.0,0.0,0.0,2642.0,771_0,56.88,12.04,638.0,2613.57,355.0,7,0.0,437.51,0,tripinfo_WestH6ToSaxonSt.167 emissions_WestH6ToSaxonSt.167,electric,0.96,0.0,0.0,0.0,0.0,0.0,0.0,0.0
EastA509ToH6.124,2232.0,770_0,0.0,0.0,0.0,2647.0,522_0,56.88,11.5,415.0,2393.63,174.0,5,0.0,219.94,0,tripinfo_EastA509ToH6.124 emissions_EastA509ToH6.124,gasoline_euro4,0.89,38474.446352,1094249.344507,200.336804,21.251713,459.408957,349026.856412,0.0
V6ToEastH6.211,2532.0,468_1,0.0,0.0,0.0,2652.0,522_1,56.88,14.68,120.0,1512.23,2.0,1,0.0,22.41,0,tripinfo_V6ToEastH6.211 emissions_V6ToEastH6.211,gasoline_euro4,1.12,5363.953718,403622.986328,33.41363,6.887306,160.341318,128737.048234,0.0
WestA509ToAvebury.125,2250.0,773_0,0.0,0.0,0.0,2653.0,213_0,19.13,15.61,403.0,2336.42,215.0,4,0.0,256.37,0,tripinfo_WestA509ToAvebury.125 emissions_WestA509ToAvebury.125,gasoline_euro4,1.16,44215.71508,1208015.02459,228.457971,25.070687,513.40746,385313.407923,0.0
WestA509ToAvebury.126,2268.0,773_0,0.0,0.0,0.0,2654.0,213_1,19.13,12.74,386.0,2337.26,170.0,4,0.0,211.5,0,tripinfo_WestA509ToAvebury.126 emissions_WestA509ToAvebury.126,gasoline_euro4,0.97,36494.10145,1048233.101305,189.899349,20.782932,441.364864,334348.616923,0.0
SouthEvansGateToSilbury.129,2322.0,526_0,0.0,0.0,0.0,2654.0,215_1,19.43,13.97,332.0,1471.71,192.0,5,0.0,229.01,0,tripinfo_SouthEvansGateToSilbury.129 emissions_SouthEvansGateToSilbury.129,electric,1.03,0.0,0.0,0.0,0.0,0.0,0.0,0.0
SouthEvansGateToSilbury.130,2340.0,526_0,0.0,0.0,0.0,2657.0,215_1,19.43,12.21,317.0,1471.7,174.0,4,0.0,204.12,0,tripinfo_SouthEvansGateToSilbury.130 emissions_SouthEvansGateToSilbury.130,electric,0.94,0.0,0.0,0.0,0.0,0.0,0.0,0.0
EastA509ToH6.128,2304.0,770_0,0.0,0.0,0.0,2658.0,522_0,56.88,13.76,354.0,1483.69,208.0,5,0.0,248.97,0,tripinfo_EastA509ToH6.128 emissions_EastA509ToH6.128,electric,1.02,0.0,0.0,0.0,0.0,0.0,0.0,0.0
SouthEvansGateToSilbury.131,2358.0,526_0,0.0,0.0,0.0,2659.0,215_1,19.43,11.83,301.0,1471.7,146.0,5,0.0,187.11,0,tripinfo_SouthEvansGateToSilbury.131 emissions_SouthEvansGateToSilbury.131,gasoline_euro4,0.93,31474.112224,828489.478766,162.274832,16.865593,353.164585,264259.412765,0.0
SouthEvansGateToSilbury.133,2394.0,526_0,0.0,0.0,0.0,2661.0,215_1,19.43,13.67,267.0,1471.73,113.0,4,0.0,160.63,0,tripinfo_SouthEvansGateToSilbury.133 emissions_SouthEvansGateToSilbury.133,gasoline_euro4,1.0,26736.201745,746009.156051,138.920993,15.314069,318.593292,237949.891221,0.0
SouthEvansGateToSilbury.132,2376.0,526_0,0.0,0.0,0.0,2663.0,215_1,19.43,15.53,287.0,1471.71,129.0,7,0.0,192.98,0,tripinfo_SouthEvansGateToSilbury.132 emissions_SouthEvansGateToSilbury.132,gasoline_euro4,1.13,30953.176412,835786.64991,160.267036,17.674703,360.651685,266585.669615,0.0
V6ToEastH6.212,2544.0,468_1,0.0,0.0,0.0,2663.0,522_1,56.88,13.05,119.0,1511.92,0.0,0,0.0,11.69,0,tripinfo_V6ToEastH6.212 emissions_V6ToEastH6.212,gasoline_euro4,1.02,3326.048607,331624.775338,22.203307,4.836352,125.74475,105773.227459,0.0
EastA509ToH6.129,2322.0,770_0,0.0,0.0,0.0,2668.0,522_0,56.88,13.63,346.0,1483.64,189.0,6,0.0,237.89,0,tripinfo_EastA509ToH6.129 emissions_EastA509ToH6.129,electric,0.99,0.0,0.0,0.0,0.0,0.0,0.0,0.0
EastA509ToH6.130,2340.0,770_0,0.0,0.0,0.0,2669.0,522_1,56.88,14.22,329.0,1483.69,173.0,6,0.0,228.25,0,tripinfo_EastA509ToH6.130 emissions_EastA509ToH6.130,electric,1.07,0.0,0.0,0.0,0.0,0.0,0.0,0.0
EastA509ToH6.131,2358.0,770_0,0.0,0.0,0.0,2671.0,522_0,56.88,13.13,313.0,1483.69,154.0,6,0.0,206.03,0,tripinfo_EastA509ToH6.131 emissions_EastA509ToH6.131,gasoline_euro4,1.0,34939.800986,885674.983322,179.134915,18.429686,379.166025,282499.971635,0.0
V6ToEastH6.213,2556.0,468_1,0.0,0.0,0.0,2675.0,522_1,56.88,13.48,119.0,1512.23,0.0,0,0.0,14.01,0,tripinfo_V6ToEastH6.213 emissions_V6ToEastH6.213,gasoline_euro4,1.04,4060.751729,364849.222564,26.087854,5.648868,140.589534,116370.135437,0.0
WestH6ToSaxonSt.171,2052.0,524_0,0.0,0.0,0.0,2695.0,771_1,56.88,14.69,643.0,2574.97,385.0,10,0.0,472.16,0,tripinfo_WestH6ToSaxonSt.171 emissions_WestH6ToSaxonSt.171,gasoline_euro4,1.11,77523.479522,1785890.577201,393.489715,38.862029,773.992827,569640.458204,0.0
V6ToEastH6.214,2568.0,468_1,0.0,0.0,0.0,2697.0,522_1,56.88,12.12,129.0,1512.23,0.0,0,0.0,14.23,0,tripinfo_V6ToEastH6.214 emissions_V6ToEastH6.214,gasoline_euro4,0.96,3964.056851,356343.447196,25.841397,5.224107,136.588913,113657.553418,0.0
V6ToEastH6.215,2580.0,468_1,0.0,0.0,0.0,2698.0,522_1,56.88,14.09,118.0,1512.23,0.0,0,0.0,15.31,0,tripinfo_V6ToEastH6.215 emissions_V6ToEastH6.215,electric,1.06,0.0,0.0,0.0,0.0,0.0,0.0,0.0
EastSilburyToEastAvebury.63,1408.0,317_0,0.0,0.0,0.0,2701.0,213_0,19.13,11.8,1293.0,680.87,1137.0,20,0.0,1237.05,0,tripinfo_EastSilburyToEastAvebury.63 emissions_EastSilburyToEastAvebury.63,gasoline_euro4,0.91,201623.570849,3408695.51455,998.094304,83.665446,1552.363878,1087284.875359,0.0
WestH6ToSaxonSt.141,1692.0,524_0,0.0,0.0,0.0,2702.0,771_1,56.88,12.04,1010.0,2767.88,704.0,13,0.0,789.84,0,tripinfo_WestH6ToSaxonSt.141 emissions_WestH6ToSaxonSt.141,gasoline_euro4,0.94,131987.233033,2708612.933515,663.846879,61.012499,1194.770679,863965.287942,0.0
WestA509ToAvebury.117,2106.0,773_0,0.0,0.0,0.0,2703.0,213_0,19.13,11.77,597.0,2328.43,340.0,12,0.0,400.99,0,tripinfo_WestA509ToAvebury.117 emissions_WestA509ToAvebury.117,gasoline_euro4,0.87,68197.794762,1556202.33903,346.682028,33.100724,674.040263,496378.679276,0.0
WestA509ToAvebury.114,2055.0,773_0,0.0,0.0,3.0,2705.0,213_0,19.13,12.4,650.0,2248.31,444.0,5,0.0,473.46,0,tripinfo_WestA509ToAvebury.114 emissions_WestA509ToAvebury.114,electric,0.92,0.0,0.0,0.0,0.0,0.0,0.0,0.0
EastSilburyToEastAvebury.31,896.0,317_0,0.0,0.0,0.0,2706.0,213_0,19.13,13.47,1810.0,1576.66,1562.0,28,0.0,1711.35,0,tripinfo_EastSilburyToEastAvebury.31 emissions_EastSilburyToEastAvebury.31,electric,1.17,0.0,0.0,0.0,0.0,0.0,0.0,0.0
EastAveburyToWestA509.174,1679.0,483_1,0.0,0.0,0.0,2709.0,774_2,29.75,13.02,1030.0,2237.66,679.0,19,0.0,865.09,0,tripinfo_EastAveburyToWestA509.174 emissions_EastAveburyToWestA509.174,gasoline_euro4,0.99,136167.009503,2659906.718385,682.238449,61.072601,1183.833262,848432.150415,0.0
EastAveburyToWestA509.245,2282.0,483_1,0.0,0.0,0.0,2710.0,774_1,29.75,11.13,428.0,2237.39,168.0,9,0.0,237.67,0,tripinfo_EastAveburyToWestA509.245 emissions_EastAveburyToWestA509.245,gasoline_euro4,0.87,39530.994914,1079741.863453,204.926883,21.189281,455.808247,344400.154749,0.0
EastAveburyToWestA509.191,1823.0,483_1,0.0,0.0,0.0,2712.0,774_2,29.75,12.68,889.0,2240.5,565.0,25,0.0,723.68,0,tripinfo_EastAveburyToWestA509.191 emissions_EastAveburyToWestA509.191,electric,1.0,0.0,0.0,0.0,0.0,0.0,0.0,0.0
EastAveburyToWestA509.242,2257.0,483_1,0.0,0.0,0.0,2714.0,774_0,29.75,13.95,457.0,2238.67,212.0,10,0.0,296.6,0,tripinfo_EastAveburyToWestA509.242 emissions_EastAveburyToWestA509.242,electric,1.03,0.0,0.0,0.0,0.0,0.0,0.0,0.0
V6ToEastH6.216,2592.0,468_1,0.0,0.0,0.0,2714.0,522_1,56.88,13.41,122.0,1512.23,0.0,0,0.0,12.79,0,tripinfo_V6ToEastH6.216 emissions_V6ToEastH6.216,electric,1.0,0.0,0.0,0.0,0.0,0.0,0.0,0.0
EastAveburyToWestA509.181,1738.0,483_0,0.0,0.0,0.0,2717.0,774_0,29.75,12.81,979.0,2264.87,621.0,23,0.0,815.76,0,tripinfo_EastAveburyToWestA509.181 emissions_EastAveburyToWestA509.181,gasoline_euro4,1.02,130871.175824,2601275.141868,656.080358,59.372856,1152.588278,829729.433908,0.0
WestA509ToEastH6.69,2484.0,773_0,0.0,0.0,0.0,2719.0,522_0,56.88,13.68,235.0,2754.97,1.0,1,0.0,35.47,0,tripinfo_WestA509ToEastH6.69 emissions_WestA509ToEastH6.69,gasoline_euro4,1.0,7098.138135,622452.138432,45.852363,9.025385,237.240488,198534.520803,0.0
SouthEvansGateToSilbury.141,2538.0,526_0,0.0,0.0,0.0,2720.0,215_1,19.43,13.74,182.0,1477.62,59.0,1,0.0,80.25,0,tripinfo_SouthEvansGateToSilbury.141 emissions_SouthEvansGateToSilbury.141,gasoline_euro4,1.05,14934.275702,543011.330467,80.101659,10.351084,224.348164,173199.042218,0.0
EastAveburyToWestA509.202,1917.0,483_0,0.0,0.0,0.0,2722.0,774_0,29.75,11.51,805.0,2258.78,540.0,14,0.0,622.94,0,tripinfo_EastAveburyToWestA509.202 emissions_EastAveburyToWestA509.202,gasoline_euro4,0.9,103897.839015,2126759.822754,522.406193,47.564588,935.942287,678372.383493,0.0
EastAveburyToWestA509.217,2044.0,483_0,0.0,0.0,0.0,2724.0,774_0,29.75,13.3,680.0,2257.99,408.0,17,0.0,517.05,0,tripinfo_EastAveburyToWestA509.217 emissions_EastAveburyToWestA509.217,gasoline_euro4,1.01,83548.602492,1834229.717158,422.59868,40.359323,801.722143,585060.960188,0.0
SouthEvansGateToSilbury.145,2610.0,526_0,0.0,0.0,0.0,2733.0,215_1,19.43,13.02,123.0,1477.59,0.0,0,0.0,11.56,0,tripinfo_SouthEvansGateToSilbury.145 emissions_SouthEvansGateToSilbury.145,electric,0.96,0.0,0.0,0.0,0.0,0.0,0.0,0.0
V6ToEastH6.218,2616.0,468_1,0.0,0.0,0.0,2735.0,522_1,56.88,13.94,119.0,1511.92,0.0,0,0.0,12.48,0,tripinfo_V6ToEastH6.218 emissions_V6ToEastH6.218,electric,1.03,0.0,0.0,0.0,0.0,0.0,0.0,0.0
V6ToEastH6.219,2628.0,468_1,0.0,0.0,0.0,2740.0,522_1,56.88,15.04,112.0,1512.23,0.0,0,0.0,15.18,0,tripinfo_V6ToEastH6.219 emissions_V6ToEastH6.219,electric,1.13,0.0,0.0,0.0,0.0,0.0,0.0,0.0
SouthEvansGateToSilbury.134,2412.0,526_0,0.0,0.0,0.0,2742.0,215_1,19.43,12.88,330.0,1471.73,193.0,4,0.0,221.35,0,tripinfo_SouthEvansGateToSilbury.134 emissions_SouthEvansGateToSilbury.134,electric,0.98,0.0,0.0,0.0,0.0,0.0,0.0,0.0
EastA509ToH6.132,2376.0,770_0,0.0,0.0,0.0,2743.0,522_0,56.88,11.37,367.0,1483.64,203.0,4,0.0,241.55,0,tripinfo_EastA509ToH6.132 emissions_EastA509ToH6.132,gasoline_euro4,0.85,41387.496742,970470.070595,211.003506,20.469125,419.294464,309548.33143,0.0
SouthEvansGateToSilbury.135,2430.0,526_0,0.0,0.0,0.0,2746.0,215_1,19.43,10.99,316.0,1471.68,159.0,5,0.0,194.83,0,tripinfo_SouthEvansGateToSilbury.135 emissions_SouthEvansGateToSilbury.135,gasoline_euro4,0.88,33816.958083,850281.855325,173.592195,17.605731,364.823425,271211.044947,0.0
WestA509ToEastH6.64,2307.0,773_0,0.0,0.0,3.0,2747.0,522_0,56.88,12.97,440.0,2756.02,186.0,6,0.0,239.72,0,tripinfo_WestA509ToEastH6.64 emissions_WestA509ToEastH6.64,gasoline_euro4,1.0,40666.591298,1203444.24724,212.564869,23.595024,504.4508,383854.939633,0.0
SouthEvansGateToSilbury.136,2448.0,526_0,0.0,0.0,0.0,2747.0,215_1,19.43,12.74,299.0,1471.71,138.0,6,0.0,188.15,0,tripinfo_SouthEvansGateToSilbury.136 emissions_SouthEvansGateToSilbury.136,gasoline_euro4,0.96,32196.218541,854896.356891,166.543668,18.065783,369.639754,272681.318244,0.0
EastA509ToH6.133,2394.0,770_0,0.0,0.0,0.0,2749.0,522_0,56.88,12.27,355.0,1483.69,198.0,6,0.0,244.6,0,tripinfo_EastA509ToH6.133 emissions_EastA509ToH6.133,electric,0.97,0.0,0.0,0.0,0.0,0.0,0.0,0.0
SouthEvansGateToSilbury.137,2466.0,526_0,0.0,0.0,0.0,2749.0,215_1,19.43,12.76,283.0,1471.7,124.0,5,0.0,177.05,0,tripinfo_SouthEvansGateToSilbury.137 emissions_SouthEvansGateToSilbury.137,gasoline_euro4,1.0,29896.191159,831902.547637,155.286729,17.304316,357.494518,265346.494343,0.0
V6ToEastH6.220,2640.0,468_1,0.0,0.0,0.0,2759.0,522_1,56.88,14.7,119.0,1512.23,0.0,0,0.0,16.75,0,tripinfo_V6ToEastH6.220 emissions_V6ToEastH6.220,electric,1.07,0.0,0.0,0.0,0.0,0.0,0.0,0.0
V6ToEastH6.217,2604.0,468_1,0.0,0.0,0.0,2761.0,522_0,56.88,9.78,157.0,1512.23,0.0,0,0.0,12.35,0,tripinfo_V6ToEastH6.217 emissions_V6ToEastH6.217,electric,0.75,0.0,0.0,0.0,0.0,0.0,0.0,0.0
EastAveburyToWestA509.207,1959.0,483_0,0.0,0.0,0.0,2779.0,774_0,29.75,16.29,820.0,2258.11,589.0,15,0.0,685.44,0,tripinfo_EastAveburyToWestA509.207 emissions_EastAveburyToWestA509.207,gasoline_euro4,1.23,113053.527461,2356398.608734,569.288565,53.996032,1041.783797,751617.494511,0.0
WestH6ToSaxonSt.175,2100.0,524_0,0.0,0.0,0.0,2782.0,771_1,56.88,13.16,682.0,2555.04,404.0,11,0.0,492.11,0,tripinfo_WestH6ToSaxonSt.175 emissions_WestH6ToSaxonSt.175,gasoline_euro4,0.98,81900.950093,1833144.202155,414.900512,39.711847,796.616801,584714.457733,0.0
V6ToEastH6.221,2652.0,468_1,0.0,0.0,0.0,2783.0,522_1,56.88,13.05,131.0,1512.23,0.0,0,0.0,18.0,0,tripinfo_V6ToEastH6.221 emissions_V6ToEastH6.221,electric,0.97,0.0,0.0,0.0,0.0,0.0,0.0,0.0
WestH6ToSaxonSt.176,2112.0,524_0,0.0,0.0,0.0,2787.0,771_1,56.88,11.68,675.0,2555.0,374.0,12,0.0,472.25,0,tripinfo_WestH6ToSaxonSt.176 emissions_WestH6ToSaxonSt.176,gasoline_euro4,0.92,77795.791186,1762194.516176,394.770328,37.603572,763.078784,562083.843278,0.0
V6ToEastH6.222,2664.0,468_1,0.0,0.0,0.0,2788.0,522_1,56.88,13.56,124.0,1512.23,0.0,0,0.0,14.55,0,tripinfo_V6ToEastH6.222 emissions_V6ToEastH6.222,electric,1.0,0.0,0.0,0.0,0.0,0.0,0.0,0.0
WestH6ToSaxonSt.173,2076.0,524_0,0.0,0.0,0.0,2789.0,771_1,56.88,15.08,713.0,2574.94,442.0,11,0.0,543.98,0,tripinfo_WestH6ToSaxonSt.173 emissions_WestH6ToSaxonSt.173,gasoline_euro4,1.12,88905.979708,1994771.419789,450.954192,44.162754,872.355257,636267.201571,0.0
EastSilburyToEastAvebury.73,1568.0,317_0,0.0,0.0,0.0,2791.0,213_0,19.13,13.61,1223.0,658.22,1107.0,12,0.0,1175.59,0,tripinfo_EastSilburyToEastAvebury.73 emissions_EastSilburyToEastAvebury.73,gasoline_euro4,1.0,191409.567367,3195471.611204,946.220452,78.471487,1453.72168,1019273.56729,0.0
EastAveburyToWestA509.218,2053.0,483_0,0.0,0.0,0.0,2795.0,774_0,29.75,12.48,742.0,2258.1,457.0,17,0.0,564.7,0,tripinfo_EastAveburyToWestA509.218 emissions_EastAveburyToWestA509.218,electric,0.94,0.0,0.0,0.0,0.0,0.0,0.0,0.0
EastAveburyToWestA509.248,2308.0,483_1,0.0,0.0,0.0,2800.0,774_2,29.75,14.96,492.0,2237.39,266.0,11,0.0,345.52,0,tripinfo_EastAveburyToWestA509.248 emissions_EastAveburyToWestA509.248,gasoline_euro4,1.13,56338.427585,1423249.535728,289.203626,30.284966,614.114651,453967.15134,0.0
EastAveburyToWestA509.253,2350.0,483_1,0.0,0.0,0.0,2805.0,774_1,29.75,10.42,455.0,2237.39,211.0,3,0.0,257.51,0,tripinfo_EastAveburyToWestA509.253 emissions_EastAveburyToWestA509.253,electric,0.84,0.0,0.0,0.0,0.0,0.0,0.0,0.0
EastAveburyToWestA509.247,2299.0,483_1,0.0,0.0,0.0,2806.0,774_2,29.75,12.53,507.0,2240.55,256.0,9,0.0,324.32,0,tripinfo_EastAveburyToWestA509.247 emissions_EastAveburyToWestA509.247,gasoline_euro4,0.91,55263.748757,1366813.448058,283.402462,28.885916,591.013131,435966.939538,0.0
EastAveburyToWestA509.190,1815.0,483_1,0.0,0.0,0.0,2808.0,774_1,29.75,12.7,993.0,2240.5,656.0,28,0.0,827.55,0,tripinfo_EastAveburyToWestA509.190 emissions_EastAveburyToWestA509.190,electric,1.0,0.0,0.0,0.0,0.0,0.0,0.0,0.0
EastAveburyToWestA509.222,2087.0,483_0,0.0,0.0,0.0,2808.0,774_0,29.75,12.2,721.0,2254.71,437.0,18,0.0,541.1,0,tripinfo_EastAveburyToWestA509.222 emissions_EastAveburyToWestA509.222,gasoline_euro4,0.92,88570.077453,1892131.656892,446.973899,41.642528,828.313864,603531.346999,0.0
V6ToEastH6.224,2688.0,468_1,0.0,0.0,0.0,2818.0,522_0,56.88,13.79,130.0,1512.23,1.0,1,0.0,28.66,0,tripinfo_V6ToEastH6.224 emissions_V6ToEastH6.224,gasoline_euro4,1.07,5271.392955,388789.106486,32.63273,6.395748,154.264313,124005.993982,0.0
V6ToEastH6.223,2676.0,468_1,0.0,0.0,0.0,2819.0,522_0,56.88,11.14,143.0,1512.23,0.0,0,0.0,13.89,0,tripinfo_V6ToEastH6.223 emissions_V6ToEastH6.223,electric,0.84,0.0,0.0,0.0,0.0,0.0,0.0,0.0
WestH6ToSaxonSt.208,2496.0,524_0,0.0,0.0,0.0,2821.0,771_0,56.88,11.5,325.0,2602.68,80.0,2,0.0,113.09,0,tripinfo_WestH6ToSaxonSt.208 emissions_WestH6ToSaxonSt.208,electric,0.89,0.0,0.0,0.0,0.0,0.0,0.0,0.0
EastA509ToH6.134,2412.0,770_0,0.0,0.0,0.0,2822.0,522_0,56.88,13.8,410.0,1483.64,244.0,6,0.0,301.97,0,tripinfo_EastA509ToH6.134 emissions_EastA509ToH6.134,electric,1.0,0.0,0.0,0.0,0.0,0.0,0.0,0.0
EastA509ToH6.135,2430.0,770_0,0.0,0.0,0.0,2822.0,522_1,56.88,15.17,392.0,1483.69,231.0,6,0.0,298.2,0,tripinfo_EastA509ToH6.135 emissions_EastA509ToH6.135,electric,1.14,0.0,0.0,0.0,0.0,0.0,0.0,0.0
EastA509ToH6.137,2466.0,770_0,0.0,0.0,0.0,2830.0,522_1,56.88,14.02,364.0,1483.69,190.0,5,0.0,261.48,0,tripinfo_EastA509ToH6.137 emissions_EastA509ToH6.137,gasoline_euro4,1.05,41971.363393,1020454.576711,214.720179,21.900773,442.676112,325490.330129,0.0
SouthEvansGateToSilbury.139,2502.0,526_0,0.0,0.0,0.0,2830.0,215_1,19.43,13.42,328.0,1471.73,188.0,4,0.0,222.0,0,tripinfo_SouthEvansGateToSilbury.139 emissions_SouthEvansGateToSilbury.139,electric,1.0,0.0,0.0,0.0,0.0,0.0,0.0,0.0
WestA509ToAvebury.141,2538.0,773_0,0.0,0.0,0.0,2831.0,213_0,19.13,11.65,293.0,2337.27,69.0,2,0.0,103.12,0,tripinfo_WestA509ToAvebury.141 emissions_WestA509ToAvebury.141,electric,0.89,0.0,0.0,0.0,0.0,0.0,0.0,0.0
EastA509ToH6.136,2448.0,770_0,0.0,0.0,0.0,2833.0,522_0,56.88,9.76,385.0,1483.69,200.0,6,0.0,247.95,0,tripinfo_EastA509ToH6.136 emissions_EastA509ToH6.136,gasoline_euro4,0.78,42544.19114,977137.965848,216.453573,20.499554,422.426168,311675.774522,0.0
WestA509ToAvebury.138,2487.0,773_0,0.0,0.0,3.0,2833.0,213_1,19.13,10.01,346.0,2337.23,95.0,2,0.0,124.84,0,tripinfo_WestA509ToAvebury.138 emissions_WestA509ToAvebury.138,electric,0.77,0.0,0.0,0.0,0.0,0.0,0.0,0.0
WestA509ToEastH6.52,1872.0,773_1,0.0,0.0,0.0,2834.0,522_1,56.88,14.43,962.0,3086.9,637.0,10,0.0,746.79,0,tripinfo_WestA509ToEastH6.52 emissions_WestA509ToEastH6.52,electric,1.05,0.0,0.0,0.0,0.0,0.0,0.0,0.0
SouthEvansGateToSilbury.142,2556.0,526_0,0.0,0.0,0.0,2834.0,215_1,19.43,12.23,278.0,1471.71,124.0,4,0.0,159.38,0,tripinfo_SouthEvansGateToSilbury.142 emissions_SouthEvansGateToSilbury.142,gasoline_euro4,0.9,27661.117737,753985.984114,143.212299,14.956317,318.689167,240495.228024,0.0
SouthEvansGateToSilbury.140,2520.0,526_0,0.0,0.0,0.0,2836.0,215_1,19.43,12.26,316.0,1471.7,164.0,4,0.0,197.69,0,tripinfo_SouthEvansGateToSilbury.140 emissions_SouthEvansGateToSilbury.140,gasoline_euro4,0.9,34175.392736,866987.110554,175.641047,17.828348,371.012929,276539.40728,0.0
SouthEvansGateToSilbury.143,2574.0,526_0,0.0,0.0,0.0,2837.0,215_1,19.43,14.24,263.0,1471.73,120.0,4,0.0,169.64,0,tripinfo_SouthEvansGateToSilbury.143 emissions_SouthEvansGateToSilbury.143,electric,1.14,0.0,0.0,0.0,0.0,0.0,0.0,0.0
V6ToEastH6.226,2712.0,468_1,0.0,0.0,0.0,2838.0,522_1,56.88,13.51,126.0,1512.23,0.0,0,0.0,19.61,0,tripinfo_V6ToEastH6.226 emissions_V6ToEastH6.226,electric,1.03,0.0,0.0,0.0,0.0,0.0,0.0,0.0
EastA509ToH6.138,2484.0,770_0,0.0,0.0,0.0,2845.0,522_0,56.88,14.13,361.0,1483.69,199.0,5,0.0,259.13,0,tripinfo_EastA509ToH6.138 emissions_EastA509ToH6.138,electric,1.05,0.0,0.0,0.0,0.0,0.0,0.0,0.0
V6ToEastH6.225,2700.0,468_1,0.0,0.0,0.0,2845.0,522_1,56.88,11.34,145.0,1512.23,0.0,0,0.0,18.14,0,tripinfo_V6ToEastH6.225 emissions_V6ToEastH6.225,gasoline_euro4,0.86,4910.64478,365187.27575,30.651755,5.381549,141.695188,116478.784247,0.0
V6ToEastH6.227,2724.0,468_1,0.0,0.0,0.0,2850.0,522_1,56.88,12.93,126.0,1512.23,0.0,0,0.0,12.21,0,tripinfo_V6ToEastH6.227 emissions_V6ToEastH6.227,electric,0.96,0.0,0.0,0.0,0.0,0.0,0.0,0.0
EastA509ToH6.139,2502.0,770_0,0.0,0.0,0.0,2854.0,522_0,56.88,13.29,352.0,1483.69,185.0,5,0.0,246.23,0,tripinfo_EastA509ToH6.139 emissions_EastA509ToH6.139,electric,1.02,0.0,0.0,0.0,0.0,0.0,0.0,0.0
EastA509ToH6.140,2520.0,770_0,0.0,0.0,0.0,2854.0,522_1,56.88,15.79,334.0,1483.69,167.0,5,0.0,240.28,0,tripinfo_EastA509ToH6.140 emissions_EastA509ToH6.140,electric,1.15,0.0,0.0,0.0,0.0,0.0,0.0,0.0
V6ToEastH6.228,2736.0,468_1,0.0,0.0,0.0,2866.0,522_1,56.88,11.89,130.0,1512.23,0.0,0,0.0,13.51,0,tripinfo_V6ToEastH6.228 emissions_V6ToEastH6.228,electric,0.94,0.0,0.0,0.0,0.0,0.0,0.0,0.0
WestH6ToSaxonSt.144,1728.0,524_0,0.0,0.0,0.0,2868.0,771_1,56.88,13.41,1140.0,2767.85,832.0,16,0.0,938.45,0,tripinfo_WestH6ToSaxonSt.144 emissions_WestH6ToSaxonSt.144,gasoline_euro4,1.02,155217.716257,3095680.940733,778.686283,71.046657,1373.871021,987429.46826,0.0
WestH6ToSaxonSt.146,1752.0,524_0,0.0,0.0,0.0,2870.0,771_1,56.88,13.73,1118.0,2767.88,795.0,17,0.0,918.21,0,tripinfo_WestH6ToSaxonSt.146 emissions_WestH6ToSaxonSt.146,gasoline_euro4,1.04,152000.152991,3079904.748343,763.517519,70.430219,1364.89404,982396.069105,0.0
WestH6ToSaxonSt.151,1812.0,524_0,0.0,0.0,0.0,2871.0,771_1,56.88,14.15,1059.0,2767.88,759.0,14,0.0,873.17,0,tripinfo_WestH6ToSaxonSt.151 emissions_WestH6ToSaxonSt.151,gasoline_euro4,1.11,144703.826869,2955419.933724,727.528336,67.816601,1310.656792,942688.207321,0.0
EastSilburyToEastAvebury.36,976.0,317_0,0.0,0.0,0.0,2875.0,213_0,19.13,14.18,1899.0,1576.66,1630.0,31,0.0,1792.47,0,tripinfo_EastSilburyToEastAvebury.36 emissions_EastSilburyToEastAvebury.36,electric,1.08,0.0,0.0,0.0,0.0,0.0,0.0,0.0
WestA509ToEastH6.53,1908.0,773_1,0.0,0.0,0.0,2877.0,522_1,56.88,13.94,969.0,3086.9,637.0,14,0.0,751.48,0,tripinfo_WestA509ToEastH6.53 emissions_WestA509ToEastH6.53,electric,1.03,0.0,0.0,0.0,0.0,0.0,0.0,0.0
EastSilburyToEastAvebury.42,1072.0,317_0,0.0,0.0,0.0,2879.0,213_0,19.13,11.44,1807.0,1576.66,1510.0,26,0.0,1672.73,0,tripinfo_EastSilburyToEastAvebury.42 emissions_EastSilburyToEastAvebury.42,electric,0.86,0.0,0.0,0.0,0.0,0.0,0.0,0.0
EastAveburyToWestA509.244,2274.0,483_1,0.0,0.0,0.0,2881.0,774_1,29.75,12.4,607.0,2237.44,313.0,16,0.0,428.84,0,tripinfo_EastAveburyToWestA509.244 emissions_EastAveburyToWestA509.244,gasoline_euro4,0.93,69720.280107,1576335.799269,353.63223,33.620849,682.663481,502800.906818,0.0
V6ToEastH6.229,2748.0,468_1,0.0,0.0,0.0,2884.0,522_0,56.88,12.18,136.0,1512.23,0.0,0,0.0,13.06,0,tripinfo_V6ToEastH6.229 emissions_V6ToEastH6.229,gasoline_euro4,0.89,3853.996536,344851.959886,25.316949,4.726287,130.703203,109992.676078,0.0
V6ToEastH6.230,2760.0,468_1,0.0,0.0,0.0,2886.0,522_1,56.88,13.35,126.0,1512.23,0.0,0,0.0,18.36,0,tripinfo_V6ToEastH6.230 emissions_V6ToEastH6.230,gasoline_euro4,1.02,4865.474734,389382.131042,30.932361,6.428917,154.427524,124194.888713,0.0
WestA509ToEastH6.55,1980.0,773_1,0.0,0.0,0.0,2888.0,522_1,56.88,14.41,908.0,3091.61,560.0,11,0.0,690.46,0,tripinfo_WestA509ToEastH6.55 emissions_WestA509ToEastH6.55,electric,1.04,0.0,0.0,0.0,0.0,0.0,0.0,0.0
EastAveburyToWestA509.259,2401.0,483_1,0.0,0.0,0.0,2888.0,774_1,29.75,12.12,487.0,2237.39,242.0,9,0.0,314.75,0,tripinfo_EastAveburyToWestA509.259 emissions_EastAveburyToWestA509.259,gasoline_euro4,0.96,52284.677015,1298267.785166,267.911182,27.036203,557.712014,414103.560326,0.0
EastAveburyToWestA509.203,1925.0,483_1,0.0,0.0,0.0,2889.0,774_2,29.75,13.43,964.0,2240.5,620.0,23,0.0,806.03,0,tripinfo_EastAveburyToWestA509.203 emissions_EastAveburyToWestA509.203,gasoline_euro4,1.05,128775.51994,2551562.009255,645.957778,58.743198,1135.464411,813872.074463,0.0
WestA509ToEastH6.59,2124.0,773_1,0.0,0.0,0.0,2891.0,522_1,56.88,13.76,767.0,3089.62,431.0,9,0.0,546.5,0,tripinfo_WestA509ToEastH6.59 emissions_WestA509ToEastH6.59,electric,1.03,0.0,0.0,0.0,0.0,0.0,0.0,0.0
EastA509ToH6.141,2538.0,770_0,0.0,0.0,0.0,2892.0,522_0,56.88,15.34,354.0,2393.68,154.0,7,0.0,205.9,0,tripinfo_EastA509ToH6.141 emissions_EastA509ToH6.141,gasoline_euro4,1.17,35737.310319,1110468.630079,187.267694,22.286777,465.637645,354197.35509,0.0
WestH6ToSaxonSt.182,2184.0,524_0,0.0,0.0,0.0,2894.0,771_0,56.88,14.78,710.0,2608.48,416.0,10,0.0,534.31,0,tripinfo_WestH6ToSaxonSt.182 emissions_WestH6ToSaxonSt.182,electric,1.09,0.0,0.0,0.0,0.0,0.0,0.0,0.0
EastAveburyToWestA509.264,2444.0,483_1,0.0,0.0,0.0,2894.0,774_0,29.75,12.32,450.0,2241.03,200.0,16,0.0,276.58,0,tripinfo_EastAveburyToWestA509.264 emissions_EastAveburyToWestA509.264,electric,0.95,0.0,0.0,0.0,0.0,0.0,0.0,0.0
EastAveburyToWestA509.236,2206.0,483_0,0.0,0.0,0.0,2896.0,774_0,29.75,13.23,690.0,2254.71,439.0,17,0.0,525.59,0,tripinfo_EastAveburyToWestA509.236 emissions_EastAveburyToWestA509.236,gasoline_euro4,1.0,86674.878179,1883281.897377,438.34751,41.825037,826.545979,600707.181929,0.0
EastAveburyToWestA509.252,2342.0,483_1,0.0,0.0,0.0,2896.0,774_2,29.75,12.76,554.0,2237.39,288.0,13,0.0,380.08,0,tripinfo_EastAveburyToWestA509.252 emissions_EastAveburyToWestA509.252,electric,0.96,0.0,0.0,0.0,0.0,0.0,0.0,0.0
SouthEvansGateToSilbury.150,2700.0,526_0,0.0,0.0,0.0,2896.0,215_1,19.43,12.33,196.0,1477.52,65.0,1,0.0,84.94,0,tripinfo_SouthEvansGateToSilbury.150 emissions_SouthEvansGateToSilbury.150,electric,0.96,0.0,0.0,0.0,0.0,0.0,0.0,0.0
SouthEvansGateToSilbury.148,2664.0,526_0,0.0,0.0,0.0,2898.0,215_1,19.43,14.21,234.0,1477.59,101.0,2,0.0,134.33,0,tripinfo_SouthEvansGateToSilbury.148 emissions_SouthEvansGateToSilbury.148,electric,1.08,0.0,0.0,0.0,0.0,0.0,0.0,0.0
V6ToEastH6.231,2772.0,468_1,0.0,0.0,0.0,2900.0,522_1,56.88,12.69,128.0,1512.23,0.0,0,0.0,13.33,0,tripinfo_V6ToEastH6.231 emissions_V6ToEastH6.231,electric,0.95,0.0,0.0,0.0,0.0,0.0,0.0,0.0
EastAveburyToWestA509.166,1611.0,483_1,0.0,0.0,0.0,2901.0,774_0,29.75,11.03,1290.0,2325.5,989.0,18,0.0,1092.28,0,tripinfo_EastAveburyToWestA509.166 emissions_EastAveburyToWestA509.166,gasoline_euro4,0.88,180187.992253,3381155.060294,899.304874,78.825371,1511.039163,1078492.465691,0.0
EastA509ToH6.142,2556.0,770_0,0.0,0.0,0.0,2905.0,522_0,56.88,12.96,349.0,1483.69,193.0,4,0.0,244.61,0,tripinfo_EastA509ToH6.142 emissions_EastA509ToH6.142,gasoline_euro4,1.02,40585.47363,975065.701856,207.046596,20.878759,421.794068,311013.19171,0.0
WestH6ToSaxonSt.210,2520.0,524_0,0.0,0.0,0.0,2908.0,771_0,56.88,12.14,388.0,2602.68,144.0,3,0.0,181.87,0,tripinfo_WestH6ToSaxonSt.210 emissions_WestH6ToSaxonSt.210,electric,0.91,0.0,0.0,0.0,0.0,0.0,0.0,0.0
V6ToEastH6.232,2784.0,468_1,0.0,0.0,0.0,2916.0,522_1,56.88,12.14,132.0,1512.23,0.0,0,0.0,13.1,0,tripinfo_V6ToEastH6.232 emissions_V6ToEastH6.232,gasoline_euro4,0.92,3986.899515,351750.527231,25.891602,5.123663,135.024192,112192.689332,0.0
WestA509ToAvebury.148,2664.0,773_0,0.0,0.0,0.0,2917.0,213_1,19.13,14.12,253.0,2336.43,62.0,2,0.0,99.49,0,tripinfo_WestA509ToAvebury.148 emissions_WestA509ToAvebury.148,gasoline_euro4,1.11,17662.43955,753170.401702,96.930038,13.572415,304.864728,240230.429484,0.0
V6ToEastH6.233,2796.0,468_1,0.0,0.0,0.0,2917.0,522_1,56.88,14.71,121.0,1512.23,0.0,0,0.0,19.88,0,tripinfo_V6ToEastH6.233 emissions_V6ToEastH6.233,gasoline_euro4,1.08,4584.935909,385973.518384,29.265249,6.246681,151.404644,123107.68851,0.0
WestA509ToAvebury.145,2610.0,773_0,0.0,0.0,0.0,2918.0,213_0,19.13,13.85,308.0,2337.27,108.0,3,0.0,145.2,0,tripinfo_WestA509ToAvebury.145 emissions_WestA509ToAvebury.145,gasoline_euro4,1.05,25646.377125,885387.028254,136.424946,16.782608,365.627223,282404.209438,0.0
SouthEvansGateToSilbury.144,2592.0,526_0,0.0,0.0,0.0,2920.0,215_1,19.43,11.12,328.0,1471.7,174.0,5,0.0,208.36,0,tripinfo_SouthEvansGateToSilbury.144 emissions_SouthEvansGateToSilbury.144,electric,0.89,0.0,0.0,0.0,0.0,0.0,0.0,0.0
SouthEvansGateToSilbury.147,2646.0,526_0,0.0,0.0,0.0,2921.0,215_1,19.43,13.2,275.0,1471.71,121.0,5,0.0,173.0,0,tripinfo_SouthEvansGateToSilbury.147 emissions_SouthEvansGateToSilbury.147,electric,1.04,0.0,0.0,0.0,0.0,0.0,0.0,0.0
EastA509ToH6.143,2574.0,770_0,0.0,0.0,0.0,2922.0,522_0,56.88,13.79,348.0,1483.69,200.0,7,0.0,245.72,0,tripinfo_EastA509ToH6.143 emissions_EastA509ToH6.143,gasoline_euro4,1.05,41571.884189,1004814.760585,212.369527,21.71413,435.878799,320501.777057,0.0
SouthEvansGateToSilbury.146,2628.0,526_0,0.0,0.0,0.0,2924.0,215_1,19.43,11.92,296.0,1471.77,140.0,5,0.0,175.88,0,tripinfo_SouthEvansGateToSilbury.146 emissions_SouthEvansGateToSilbury.146,electric,0.89,0.0,0.0,0.0,0.0,0.0,0.0,0.0
EastA509ToH6.144,2592.0,770_0,0.0,0.0,0.0,2928.0,522_0,56.88,10.62,336.0,1483.64,163.0,5,0.0,209.31,0,tripinfo_EastA509ToH6.144 emissions_EastA509ToH6.144,electric,0.84,0.0,0.0,0.0,0.0,0.0,0.0,0.0
V6ToEastH6.234,2808.0,468_1,0.0,0.0,0.0,2928.0,522_1,56.88,14.0,120.0,1512.23,0.0,0,0.0,11.91,0,tripinfo_V6ToEastH6.234 emissions_V6ToEastH6.234,electric,1.01,0.0,0.0,0.0,0.0,0.0,0.0,0.0
EastA509ToH6.145,2610.0,770_0,0.0,0.0,0.0,2932.0,522_0,56.88,13.58,322.0,1483.69,155.0,6,0.0,219.3,0,tripinfo_EastA509ToH6.145 emissions_EastA509ToH6.145,gasoline_euro4,1.05,35175.956715,905676.0464,181.037346,19.180239,391.234473,288878.826801,0.0
EastA509ToH6.146,2628.0,770_0,0.0,0.0,0.0,2935.0,522_0,56.88,12.66,307.0,1483.69,134.0,5,0.0,194.62,0,tripinfo_EastA509ToH6.146 emissions_EastA509ToH6.146,electric,0.95,0.0,0.0,0.0,0.0,0.0,0.0,0.0
EastA509ToH6.148,2664.0,770_0,0.0,0.0,0.0,2935.0,522_1,56.88,15.56,271.0,1483.69,117.0,4,0.0,176.32,0,tripinfo_EastA509ToH6.148 emissions_EastA509ToH6.148,electric,1.14,0.0,0.0,0.0,0.0,0.0,0.0,0.0
V6ToEastH6.235,2820.0,468_1,0.0,0.0,0.0,2939.0,522_1,56.88,14.16,119.0,1512.23,0.0,0,0.0,19.93,0,tripinfo_V6ToEastH6.235 emissions_V6ToEastH6.235,gasoline_euro4,1.1,4842.986965,399821.409394,30.843794,6.540906,156.46406,127524.571469,0.0
WestH6ToSaxonSt.190,2280.0,524_0,0.0,0.0,0.0,2956.0,771_1,56.88,13.05,676.0,2555.03,396.0,14,0.0,484.93,0,tripinfo_WestH6ToSaxonSt.190 emissions_WestH6ToSaxonSt.190,gasoline_euro4,0.97,79612.929781,1786710.599273,403.57176,38.599755,775.968794,569903.616201,0.0
V6ToEastH6.237,2844.0,468_1,0.0,0.0,0.0,2956.0,522_1,56.88,15.94,112.0,1512.23,0.0,0,0.0,16.44,0,tripinfo_V6ToEastH6.237 emissions_V6ToEastH6.237,gasoline_euro4,1.15,4878.594541,399741.391439,31.07142,6.988882,159.662688,127498.515835,0.0
WestH6ToSaxonSt.191,2292.0,524_0,0.0,0.0,0.0,2958.0,771_1,56.88,13.38,666.0,2555.04,372.0,12,0.0,478.06,0,tripinfo_WestH6ToSaxonSt.191 emissions_WestH6ToSaxonSt.191,gasoline_euro4,0.99,78232.422074,1780022.133099,397.137745,38.539091,773.470687,567769.431457,0.0
WestH6ToSaxonSt.193,2316.0,524_0,0.0,0.0,0.0,2960.0,771_1,56.88,15.48,644.0,2555.04,356.0,13,0.0,476.01,0,tripinfo_WestH6ToSaxonSt.193 emissions_WestH6ToSaxonSt.193,gasoline_euro4,1.11,76511.646423,1776144.609611,388.911365,38.397268,769.662665,566531.720355,0.0
EastSilburyToEastAvebury.29,864.0,317_0,0.0,0.0,0.0,2961.0,213_0,19.13,13.63,2097.0,642.19,1972.0,17,0.0,2049.67,0,tripinfo_EastSilburyToEastAvebury.29 emissions_EastSilburyToEastAvebury.29,electric,1.01,0.0,0.0,0.0,0.0,0.0,0.0,0.0
WestA509ToAvebury.79,1422.0,773_0,0.0,0.0,0.0,2963.0,213_0,19.13,14.71,1541.0,2288.7,1220.0,28,0.0,1384.45,0,tripinfo_WestA509ToAvebury.79 emissions_WestA509ToAvebury.79,electric,1.07,0.0,0.0,0.0,0.0,0.0,0.0,0.0
WestH6ToSaxonSt.192,2304.0,524_0,0.0,0.0,0.0,2963.0,771_1,56.88,13.57,659.0,2555.03,361.0,12,0.0,469.22,0,tripinfo_WestH6ToSaxonSt.192 emissions_WestH6ToSaxonSt.192,electric,0.98,0.0,0.0,0.0,0.0,0.0,0.0,0.0
V6ToEastH6.236,2832.0,468_1,0.0,0.0,0.0,2967.0,522_1,56.88,12.14,135.0,1512.23,0.0,0,0.0,16.32,0,tripinfo_V6ToEastH6.236 emissions_V6ToEastH6.236,electric,0.92,0.0,0.0,0.0,0.0,0.0,0.0,0.0
WestA509ToAvebury.128,2304.0,773_0,0.0,0.0,0.0,2969.0,213_0,19.13,15.57,665.0,2276.61,468.0,11,0.0,520.31,0,tripinfo_WestA509ToAvebury.128 emissions_WestA509ToAvebury.128,gasoline_euro4,1.14,86658.896536,1854642.337771,437.338926,41.759427,814.376429,591572.377733,0.0
WestA509ToEastH6.74,2667.0,773_0,0.0,0.0,3.0,2971.0,522_0,56.88,14.87,304.0,2754.12,75.0,3,0.0,121.51,0,tripinfo_WestA509ToEastH6.74 emissions_WestA509ToEastH6.74,gasoline_euro4,1.1,20982.333713,868240.285457,114.529725,15.588027,350.905449,276933.490629,0.0
EastAveburyToWestA509.272,2512.0,483_1,0.0,0.0,0.0,2972.0,774_1,29.75,15.07,460.0,2219.98,260.0,6,0.0,312.84,0,tripinfo_EastAveburyToWestA509.272 emissions_EastAveburyToWestA509.272,electric,1.1,0.0,0.0,0.0,0.0,0.0,0.0,0.0
EastSilburyToEastAvebury.58,1328.0,317_0,0.0,0.0,0.0,2973.0,213_0,19.13,11.97,1645.0,680.87,1447.0,22,0.0,1587.5,0,tripinfo_EastSilburyToEastAvebury.58 emissions_EastSilburyToEastAvebury.58,gasoline_euro4,0.88,258324.305647,4308465.871162,1277.375654,106.112718,1964.23972,1374289.940695,0.0
WestA509ToAvebury.31,558.0,773_0,0.0,0.0,0.0,2974.0,213_0,19.13,13.93,2416.0,2288.57,2077.0,22,0.0,2252.53,0,tripinfo_WestA509ToAvebury.31 emissions_WestA509ToAvebury.31,electric,1.01,0.0,0.0,0.0,0.0,0.0,0.0,0.0
V6ToEastH6.238,2856.0,468_1,0.0,0.0,0.0,2976.0,522_1,56.88,13.79,120.0,1512.23,0.0,0,0.0,16.02,0,tripinfo_V6ToEastH6.238 emissions_V6ToEastH6.238,electric,1.05,0.0,0.0,0.0,0.0,0.0,0.0,0.0
EastAveburyToWestA509.235,2197.0,483_1,0.0,0.0,0.0,2983.0,774_0,29.75,12.61,786.0,2325.53,511.0,13,0.0,601.61,0,tripinfo_EastAveburyToWestA509.235 emissions_EastAveburyToWestA509.235,gasoline_euro4,0.94,100477.080086,2138832.033987,507.393728,48.038863,943.671868,682220.192701,0.0
V6ToEastH6.239,2868.0,468_1,0.0,0.0,0.0,2985.0,522_1,56.88,13.91,117.0,1512.23,0.0,0,0.0,12.39,0,tripinfo_V6ToEastH6.239 emissions_V6ToEastH6.239,electric,1.04,0.0,0.0,0.0,0.0,0.0,0.0,0.0
WestH6ToSaxonSt.184,2208.0,524_0,0.0,0.0,0.0,2990.0,771_0,56.88,12.76,782.0,2608.48,470.0,11,0.0,583.47,0,tripinfo_WestH6ToSaxonSt.184 emissions_WestH6ToSaxonSt.184,electric,0.96,0.0,0.0,0.0,0.0,0.0,0.0,0.0
WestH6ToSaxonSt.178,2136.0,524_0,0.0,0.0,0.0,2993.0,771_0,56.88,12.53,857.0,2613.57,556.0,11,0.0,658.88,0,tripinfo_WestH6ToSaxonSt.178 emissions_WestH6ToSaxonSt.178,electric,0.96,0.0,0.0,0.0,0.0,0.0,0.0,0.0
WestH6ToSaxonSt.222,2664.0,524_0,0.0,0.0,0.0,2995.0,771_0,56.88,13.59,331.0,2602.68,94.0,4,0.0,139.88,0,tripinfo_WestH6ToSaxonSt.222 emissions_WestH6ToSaxonSt.222,electric,0.98,0.0,0.0,0.0,0.0,0.0,0.0,0.0
EastA509ToH6.147,2646.0,770_0,0.0,0.0,0.0,3000.0,522_0,56.88,13.47,354.0,1483.69,189.0,9,0.0,248.44,0,tripinfo_EastA509ToH6.147 emissions_EastA509ToH6.147,gasoline_euro4,1.01,41208.366988,987267.190678,210.221044,21.04069,426.436904,314905.270533,0.0
SouthEvansGateToSilbury.149,2682.0,526_0,0.0,0.0,0.0,3006.0,215_1,19.43,14.33,324.0,1471.73,189.0,4,0.0,221.94,0,tripinfo_SouthEvansGateToSilbury.149 emissions_SouthEvansGateToSilbury.149,electric,1.04,0.0,0.0,0.0,0.0,0.0,0.0,0.0
SouthEvansGateToSilbury.152,2736.0,526_0,0.0,0.0,0.0,3008.0,215_1,19.43,13.92,272.0,1471.68,125.0,5,0.0,173.57,0,tripinfo_SouthEvansGateToSilbury.152 emissions_SouthEvansGateToSilbury.152,gasoline_euro4,1.08,29386.498343,821118.386717,152.740824,17.240313,353.125857,261906.524078,0.0
SouthEvansGateToSilbury.153,2754.0,526_0,0.0,0.0,0.0,3010.0,215_1,19.43,13.84,256.0,1471.73,112.0,4,0.0,151.55,0,tripinfo_SouthEvansGateToSilbury.153 emissions_SouthEvansGateToSilbury.153,gasoline_euro4,1.02,25443.809352,715657.014748,132.007123,14.467701,303.245176,228268.777614,0.0
V6ToEastH6.240,2880.0,468_1,0.0,0.0,0.0,3011.0,522_1,56.88,11.46,131.0,1512.23,0.0,0,0.0,12.26,0,tripinfo_V6ToEastH6.240 emissions_V6ToEastH6.240,electric,0.92,0.0,0.0,0.0,0.0,0.0,0.0,0.0
V6ToEastH6.241,2892.0,468_1,0.0,0.0,0.0,3012.0,522_0,56.88,15.5,120.0,1512.23,0.0,0,0.0,29.05,0,tripinfo_V6ToEastH6.241 emissions_V6ToEastH6.241,electric,1.21,0.0,0.0,0.0,0.0,0.0,0.0,0.0
SouthEvansGateToSilbury.151,2718.0,526_0,0.0,0.0,0.0,3016.0,215_1,19.43,9.44,298.0,1471.74,119.0,5,0.0,149.27,0,tripinfo_SouthEvansGateToSilbury.151 emissions_SouthEvansGateToSilbury.151,electric,0.71,0.0,0.0,0.0,0.0,0.0,0.0,0.0
V6ToEastH6.243,2916.0,468_1,0.0,0.0,0.0,3032.0,522_1,56.88,13.77,116.0,1512.23,0.0,0,0.0,13.7,0,tripinfo_V6ToEastH6.243 emissions_V6ToEastH6.243,electric,1.07,0.0,0.0,0.0,0.0,0.0,0.0,0.0
V6ToEastH6.242,2904.0,468_1,0.0,0.0,0.0,3036.0,522_1,56.88,12.85,132.0,1512.23,2.0,1,0.0,19.17,0,tripinfo_V6ToEastH6.242 emissions_V6ToEastH6.242,gasoline_euro4,0.97,4852.493591,378610.725756,30.405329,5.836553,147.016201,120759.888048,0.0
WestH6ToSaxonSt.194,2328.0,524_0,0.0,0.0,0.0,3045.0,771_1,56.88,14.08,717.0,2555.04,425.0,12,0.0,537.56,0,tripinfo_WestH6ToSaxonSt.194 emissions_WestH6ToSaxonSt.194,gasoline_euro4,1.04,87400.564744,1948541.799008,442.617106,42.540648,848.464079,621522.4341,0.0
WestH6ToSaxonSt.157,1884.0,524_0,0.0,0.0,0.0,3047.0,771_1,56.88,15.36,1163.0,2765.46,845.0,16,0.0,987.95,0,tripinfo_WestH6ToSaxonSt.157 emissions_WestH6ToSaxonSt.157,gasoline_euro4,1.18,162024.051647,3261355.618293,813.587665,75.45813,1450.625836,1040273.046437,0.0
V6ToEastH6.244,2928.0,468_1,0.0,0.0,0.0,3049.0,522_1,56.88,14.17,121.0,1512.23,0.0,0,0.0,14.98,0,tripinfo_V6ToEastH6.244 emissions_V6ToEastH6.244,electric,1.03,0.0,0.0,0.0,0.0,0.0,0.0,0.0
WestH6ToSaxonSt.159,1908.0,524_0,0.0,0.0,0.0,3051.0,771_1,56.88,12.7,1143.0,2767.85,789.0,16,0.0,932.06,0,tripinfo_WestH6ToSaxonSt.159 emissions_WestH6ToSaxonSt.159,gasoline_euro4,0.98,153395.979237,3072286.156774,769.809641,70.002252,1360.841111,979967.384331,0.0
EastSilburyToEastAvebury.52,1232.0,317_0,0.0,0.0,0.0,3055.0,213_0,19.13,12.9,1823.0,1576.69,1545.0,24,0.0,1709.66,0,tripinfo_EastSilburyToEastAvebury.52 emissions_EastSilburyToEastAvebury.52,electric,1.02,0.0,0.0,0.0,0.0,0.0,0.0,0.0
EastAveburyToWestA509.201,1908.0,483_1,0.0,0.0,0.0,3062.0,774_0,29.75,13.88,1154.0,2241.73,833.0,24,0.0,989.94,0,tripinfo_EastAveburyToWestA509.201 emissions_EastAveburyToWestA509.201,electric,1.01,0.0,0.0,0.0,0.0,0.0,0.0,0.0
EastAveburyToWestA509.263,2435.0,483_1,0.0,0.0,0.0,3062.0,774_1,29.75,11.77,627.0,2237.44,372.0,20,0.0,450.99,0,tripinfo_EastAveburyToWestA509.263 emissions_EastAveburyToWestA509.263,gasoline_euro4,0.94,76272.867761,1702632.579995,386.665225,37.049878,742.147217,543085.34267,0.0
V6ToEastH6.246,2952.0,468_1,0.0,0.0,0.0,3064.0,522_1,56.88,15.07,112.0,1512.23,0.0,0,0.0,14.73,0,tripinfo_V6ToEastH6.246 emissions_V6ToEastH6.246,electric,1.12,0.0,0.0,0.0,0.0,0.0,0.0,0.0
V6ToEastH6.245,2940.0,468_1,0.0,0.0,0.0,3070.0,522_1,56.88,13.71,130.0,1512.23,0.0,0,0.0,19.33,0,tripinfo_V6ToEastH6.245 emissions_V6ToEastH6.245,electric,0.99,0.0,0.0,0.0,0.0,0.0,0.0,0.0
EastAveburyToWestA509.165,1602.0,483_1,0.0,0.0,0.0,3072.0,774_0,29.75,11.78,1470.0,2328.61,1127.0,26,0.0,1281.51,0,tripinfo_EastAveburyToWestA509.165 emissions_EastAveburyToWestA509.165,gasoline_euro4,0.92,210216.535276,3874793.543505,1047.713607,91.243941,1737.883246,1235950.41401,0.0
WestH6ToSaxonSt.180,2160.0,524_0,0.0,0.0,0.0,3072.0,771_0,56.88,14.45,912.0,2613.57,612.0,12,0.0,732.26,0,tripinfo_WestH6ToSaxonSt.180 emissions_WestH6ToSaxonSt.180,electric,1.07,0.0,0.0,0.0,0.0,0.0,0.0,0.0
WestH6ToSaxonSt.186,2232.0,524_0,0.0,0.0,0.0,3073.0,771_0,56.88,15.74,841.0,2608.48,551.0,13,0.0,674.24,0,tripinfo_WestH6ToSaxonSt.186 emissions_WestH6ToSaxonSt.186,electric,1.15,0.0,0.0,0.0,0.0,0.0,0.0,0.0
WestA509ToEastH6.65,2340.0,773_0,0.0,0.0,0.0,3088.0,522_0,56.88,11.68,748.0,2755.97,458.0,12,0.0,525.14,0,tripinfo_WestA509ToEastH6.65 emissions_WestA509ToEastH6.65,electric,0.89,0.0,0.0,0.0,0.0,0.0,0.0,0.0
EastAveburyToWestA509.189,1806.0,483_1,0.0,0.0,0.0,3090.0,774_0,29.75,11.59,1284.0,2328.61,909.0,32,0.0,1091.54,0,tripinfo_EastAveburyToWestA509.189 emissions_EastAveburyToWestA509.189,gasoline_euro4,0.9,177630.05812,3343635.042802,886.831839,77.666234,1493.02838,1066524.568058,0.0
V6ToEastH6.247,2964.0,468_1,0.0,0.0,0.0,3094.0,522_1,56.88,11.62,130.0,1512.23,0.0,0,0.0,12.05,0,tripinfo_V6ToEastH6.247 emissions_V6ToEastH6.247,electric,0.93,0.0,0.0,0.0,0.0,0.0,0.0,0.0
SouthEvansGateToSilbury.156,2808.0,526_0,0.0,0.0,0.0,3095.0,215_1,19.43,12.95,287.0,1471.68,144.0,5,0.0,181.44,0,tripinfo_SouthEvansGateToSilbury.156 emissions_SouthEvansGateToSilbury.156,gasoline_euro4,1.01,30689.553441,814843.959508,158.391646,16.825458,347.752522,259906.577241,0.0
SouthEvansGateToSilbury.155,2790.0,526_0,0.0,0.0,0.0,3097.0,215_1,19.43,12.99,307.0,1471.7,161.0,5,0.0,201.68,0,tripinfo_SouthEvansGateToSilbury.155 emissions_SouthEvansGateToSilbury.155,electric,1.01,0.0,0.0,0.0,0.0,0.0,0.0,0.0
EastA509ToH6.150,2700.0,770_0,0.0,0.0,0.0,3099.0,522_1,56.88,13.01,399.0,1483.69,230.0,8,0.0,291.55,0,tripinfo_EastA509ToH6.150 emissions_EastA509ToH6.150,electric,1.0,0.0,0.0,0.0,0.0,0.0,0.0,0.0
EastA509ToH6.149,2682.0,770_0,0.0,0.0,0.0,3100.0,522_0,56.88,11.14,418.0,1483.64,240.0,8,0.0,292.25,0,tripinfo_EastA509ToH6.149 emissions_EastA509ToH6.149,gasoline_euro4,0.85,49076.577825,1100333.248587,249.095401,23.658654,478.930772,350971.25936,0.0
EastA509ToH6.152,2736.0,770_0,0.0,0.0,0.0,3100.0,522_1,56.88,14.87,364.0,1483.69,193.0,8,0.0,268.5,0,tripinfo_EastA509ToH6.152 emissions_EastA509ToH6.152,electric,1.12,0.0,0.0,0.0,0.0,0.0,0.0,0.0
SouthEvansGateToSilbury.154,2772.0,526_0,0.0,0.0,0.0,3100.0,215_1,19.43,12.04,328.0,1471.73,162.0,6,0.0,205.76,0,tripinfo_SouthEvansGateToSilbury.154 emissions_SouthEvansGateToSilbury.154,gasoline_euro4,0.87,35217.853887,873975.165396,180.606769,18.09318,375.368241,278768.684135,0.0
SouthEvansGateToSilbury.158,2844.0,526_0,0.0,0.0,0.0,3102.0,215_1,19.43,14.33,258.0,1471.73,108.0,4,0.0,157.39,0,tripinfo_SouthEvansGateToSilbury.158 emissions_SouthEvansGateToSilbury.158,electric,1.06,0.0,0.0,0.0,0.0,0.0,0.0,0.0
V6ToEastH6.249,2988.0,468_1,0.0,0.0,0.0,3104.0,522_1,56.88,14.77,116.0,1512.23,0.0,0,0.0,15.38,0,tripinfo_V6ToEastH6.249 emissions_V6ToEastH6.249,gasoline_euro4,1.09,3978.769633,363771.809508,25.803697,5.686997,140.17413,116026.416007,0.0
SouthEvansGateToSilbury.157,2826.0,526_0,0.0,0.0,0.0,3105.0,215_1,19.43,12.79,279.0,1471.71,122.0,5,0.0,169.8,0,tripinfo_SouthEvansGateToSilbury.157 emissions_SouthEvansGateToSilbury.157,electric,0.97,0.0,0.0,0.0,0.0,0.0,0.0,0.0
V6ToEastH6.248,2976.0,468_1,0.0,0.0,0.0,3109.0,522_1,56.88,13.6,133.0,1512.23,0.0,0,0.0,21.95,0,tripinfo_V6ToEastH6.248 emissions_V6ToEastH6.248,electric,0.99,0.0,0.0,0.0,0.0,0.0,0.0,0.0
EastA509ToH6.151,2718.0,770_0,0.0,0.0,0.0,3115.0,522_0,56.88,11.26,397.0,1483.64,206.0,7,0.0,273.56,0,tripinfo_EastA509ToH6.151 emissions_EastA509ToH6.151,gasoline_euro4,0.87,45090.873181,1047014.314251,229.683014,22.293689,454.293417,333963.440067,0.0
V6ToEastH6.250,3000.0,468_1,0.0,0.0,0.0,3118.0,522_1,56.88,14.71,118.0,1512.23,2.0,1,0.0,19.32,0,tripinfo_V6ToEastH6.250 emissions_V6ToEastH6.250,electric,1.1,0.0,0.0,0.0,0.0,0.0,0.0,0.0
WestA509ToEastH6.66,2376.0,773_0,0.0,0.0,0.0,3120.0,522_0,56.88,10.33,744.0,2756.02,413.0,11,0.0,491.86,0,tripinfo_WestA509ToEastH6.66 emissions_WestA509ToEastH6.66,gasoline_euro4,0.79,82609.419637,1840074.039093,418.96254,38.971196,797.210259,586926.022592,0.0
EastA509ToH6.153,2754.0,770_0,0.0,0.0,0.0,3124.0,522_0,56.88,13.64,370.0,1483.69,195.0,7,0.0,263.99,0,tripinfo_EastA509ToH6.153 emissions_EastA509ToH6.153,electric,1.01,0.0,0.0,0.0,0.0,0.0,0.0,0.0
V6ToEastH6.251,3012.0,468_1,0.0,0.0,0.0,3139.0,522_1,56.88,13.29,127.0,1512.23,2.0,1,0.0,20.37,0,tripinfo_V6ToEastH6.251 emissions_V6ToEastH6.251,gasoline_euro4,1.03,5104.697552,387551.28605,31.788956,6.22199,151.876874,123611.316419,0.0
WestH6ToSaxonSt.188,2256.0,524_0,0.0,0.0,0.0,3142.0,771_1,56.88,11.47,886.0,2574.97,559.0,13,0.0,677.32,0,tripinfo_WestH6ToSaxonSt.188 emissions_WestH6ToSaxonSt.188,gasoline_euro4,0.9,109885.849024,2263952.44021,552.98659,50.321082,995.383327,722132.547262,0.0
WestA509ToAvebury.130,2343.0,773_0,0.0,0.0,3.0,3144.0,213_0,19.13,12.46,801.0,2327.58,556.0,13,0.0,626.54,0,tripinfo_WestA509ToAvebury.130 emissions_WestA509ToAvebury.130,electric,0.97,0.0,0.0,0.0,0.0,0.0,0.0,0.0
EastAveburyToWestA509.285,2622.0,483_1,0.0,0.0,0.0,3150.0,774_0,29.75,13.95,528.0,2311.97,290.0,5,0.0,359.17,0,tripinfo_EastAveburyToWestA509.285 emissions_EastAveburyToWestA509.285,electric,1.03,0.0,0.0,0.0,0.0,0.0,0.0,0.0
WestA509ToAvebury.116,2091.0,773_0,0.0,0.0,3.0,3152.0,213_0,19.13,11.66,1061.0,2328.43,751.0,22,0.0,860.74,0,tripinfo_WestA509ToAvebury.116 emissions_WestA509ToAvebury.116,electric,0.84,0.0,0.0,0.0,0.0,0.0,0.0,0.0
V6ToEastH6.252,3024.0,468_1,0.0,0.0,0.0,3153.0,522_1,56.88,13.14,129.0,1512.23,0.0,0,0.0,14.92,0,tripinfo_V6ToEastH6.252 emissions_V6ToEastH6.252,gasoline_euro4,0.96,4048.173444,365098.205122,26.328648,5.266175,139.433686,116450.00009,0.0
V6ToEastH6.253,3036.0,468_1,0.0,0.0,0.0,3155.0,522_1,56.88,13.69,119.0,1512.23,0.0,0,0.0,17.42,0,tripinfo_V6ToEastH6.253 emissions_V6ToEastH6.253,gasoline_euro4,1.08,4699.781933,385146.749693,29.838065,6.457355,152.383038,122843.819463,0.0
EastAveburyToWestA509.291,2673.0,483_1,0.0,0.0,0.0,3160.0,774_0,29.75,12.44,487.0,2219.9,261.0,6,0.0,316.5,0,tripinfo_EastAveburyToWestA509.291 emissions_EastAveburyToWestA509.291,electric,0.94,0.0,0.0,0.0,0.0,0.0,0.0,0.0
V6ToEastH6.254,3048.0,468_1,0.0,0.0,0.0,3171.0,522_1,56.88,13.41,123.0,1512.23,0.0,0,0.0,11.85,0,tripinfo_V6ToEastH6.254 emissions_V6ToEastH6.254,electric,0.98,0.0,0.0,0.0,0.0,0.0,0.0,0.0
V6ToEastH6.255,3060.0,468_1,0.0,0.0,0.0,3172.0,522_1,56.88,15.17,112.0,1512.23,0.0,0,0.0,17.11,0,tripinfo_V6ToEastH6.255 emissions_V6ToEastH6.255,gasoline_euro4,1.15,4582.469178,394987.412724,29.301439,6.583196,155.040605,125982.420602,0.0
EastA509ToH6.154,2772.0,770_0,0.0,0.0,0.0,3175.0,522_0,56.88,14.98,403.0,1483.69,242.0,7,0.0,310.95,0,tripinfo_EastA509ToH6.154 emissions_EastA509ToH6.154,gasoline_euro4,1.17,50974.013535,1175212.757242,259.172722,26.013664,513.17548,374853.745381,0.0
EastA509ToH6.155,2790.0,770_0,0.0,0.0,0.0,3179.0,522_0,56.88,13.67,389.0,1483.69,221.0,6,0.0,282.37,0,tripinfo_EastA509ToH6.155 emissions_EastA509ToH6.155,gasoline_euro4,1.0,46683.386047,1082152.166112,237.473986,23.560645,471.356401,345170.762697,0.0
EastA509ToH6.156,2808.0,770_0,0.0,0.0,0.0,3181.0,522_0,56.88,13.4,373.0,1483.69,205.0,5,0.0,265.67,0,tripinfo_EastA509ToH6.156 emissions_EastA509ToH6.156,electric,1.0,0.0,0.0,0.0,0.0,0.0,0.0,0.0
EastA509ToH6.157,2826.0,770_0,0.0,0.0,0.0,3181.0,522_1,56.88,14.79,355.0,1483.69,195.0,6,0.0,261.95,0,tripinfo_EastA509ToH6.157 emissions_EastA509ToH6.157,gasoline_euro4,1.15,42708.797936,1045410.475726,218.537118,22.784932,454.815244,333449.836332,0.0
SouthEvansGateToSilbury.159,2862.0,526_0,0.0,0.0,0.0,3183.0,215_1,19.43,12.4,321.0,1471.73,171.0,4,0.0,207.2,0,tripinfo_SouthEvansGateToSilbury.159 emissions_SouthEvansGateToSilbury.159,gasoline_euro4,0.93,35482.953376,883095.099205,181.844093,18.491427,379.610478,281677.361667,0.0
SouthEvansGateToSilbury.161,2898.0,526_0,0.0,0.0,0.0,3183.0,215_0,19.43,12.49,285.0,1471.71,137.0,5,0.0,173.94,0,tripinfo_SouthEvansGateToSilbury.161 emissions_SouthEvansGateToSilbury.161,gasoline_euro4,0.96,30049.29786,802657.188687,155.182964,16.489475,342.913046,256019.34869,0.0
SouthEvansGateToSilbury.162,2916.0,526_0,0.0,0.0,0.0,3185.0,215_1,19.43,13.55,269.0,1471.71,115.0,4,0.0,167.93,0,tripinfo_SouthEvansGateToSilbury.162 emissions_SouthEvansGateToSilbury.162,electric,1.06,0.0,0.0,0.0,0.0,0.0,0.0,0.0
SouthEvansGateToSilbury.160,2880.0,526_0,0.0,0.0,0.0,3187.0,215_1,19.43,12.48,307.0,1471.73,145.0,6,0.0,190.55,0,tripinfo_SouthEvansGateToSilbury.160 emissions_SouthEvansGateToSilbury.160,electric,0.91,0.0,0.0,0.0,0.0,0.0,0.0,0.0
V6ToEastH6.257,3084.0,468_1,0.0,0.0,0.0,3195.0,522_1,56.88,16.47,111.0,1512.23,0.0,0,0.0,21.2,0,tripinfo_V6ToEastH6.257 emissions_V6ToEastH6.257,gasoline_euro4,1.23,4866.386245,416098.556491,31.456593,7.159145,164.795545,132715.733174,0.0
V6ToEastH6.256,3072.0,468_1,0.0,0.0,0.0,3208.0,522_0,56.88,11.49,136.0,1512.23,0.0,0,0.0,12.62,0,tripinfo_V6ToEastH6.256 emissions_V6ToEastH6.256,gasoline_euro4,0.89,3974.376406,348868.860744,25.905207,4.872455,132.861813,111273.817193,0.0
V6ToEastH6.258,3096.0,468_1,0.0,0.0,0.0,3220.0,522_1,56.88,12.45,124.0,1512.23,0.0,0,0.0,12.11,0,tripinfo_V6ToEastH6.258 emissions_V6ToEastH6.258,electric,0.98,0.0,0.0,0.0,0.0,0.0,0.0,0.0
WestH6ToSaxonSt.170,2040.0,524_0,0.0,0.0,0.0,3222.0,771_1,56.88,12.25,1182.0,2767.88,846.0,13,0.0,961.66,0,tripinfo_WestH6ToSaxonSt.170 emissions_WestH6ToSaxonSt.170,gasoline_euro4,0.94,158980.598928,3155949.761606,797.181771,72.013979,1398.912494,1006654.345254,0.0
WestA509ToEastH6.63,2268.0,773_1,0.0,0.0,0.0,3222.0,522_1,56.88,13.93,954.0,3089.62,624.0,10,0.0,733.62,0,tripinfo_WestA509ToEastH6.63 emissions_WestA509ToEastH6.63,electric,1.03,0.0,0.0,0.0,0.0,0.0,0.0,0.0
WestA509ToAvebury.108,1947.0,773_0,0.0,0.0,3.0,3224.0,213_0,19.13,13.9,1277.0,2328.43,954.0,23,0.0,1121.7,0,tripinfo_WestA509ToAvebury.108 emissions_WestA509ToAvebury.108,electric,1.09,0.0,0.0,0.0,0.0,0.0,0.0,0.0
WestH6ToSaxonSt.195,2340.0,524_0,0.0,0.0,0.0,3224.0,771_1,56.88,13.2,884.0,2555.04,610.0,9,0.0,699.55,0,tripinfo_WestH6ToSaxonSt.195 emissions_WestH6ToSaxonSt.195,electric,1.01,0.0,0.0,0.0,0.0,0.0,0.0,0.0
WestA509ToEastH6.70,2520.0,773_1,0.0,0.0,0.0,3228.0,522_1,56.88,13.82,708.0,3089.62,409.0,6,0.0,486.82,0,tripinfo_WestA509ToEastH6.70 emissions_WestA509ToEastH6.70,electric,1.02,0.0,0.0,0.0,0.0,0.0,0.0,0.0
WestA509ToAvebury.133,2394.0,773_0,0.0,0.0,0.0,3229.0,213_0,19.13,12.19,835.0,2327.58,559.0,15,0.0,645.6,0,tripinfo_WestA509ToAvebury.133 emissions_WestA509ToAvebury.133,gasoline_euro4,0.9,107128.161662,2195030.686044,538.844453,49.087053,966.575479,700148.639601,0.0
EastAveburyToWestA509.268,2478.0,483_1,0.0,0.0,0.0,3233.0,774_2,29.75,13.09,755.0,2237.39,508.0,8,0.0,590.44,0,tripinfo_EastAveburyToWestA509.268 emissions_EastAveburyToWestA509.268,gasoline_euro4,1.01,96880.029575,1997739.888006,487.258052,44.967995,880.188666,637218.106085,0.0
EastAveburyToWestA509.271,2503.0,483_1,0.0,0.0,0.0,3235.0,774_2,29.75,15.21,732.0,2237.39,490.0,14,0.0,581.26,0,tripinfo_EastAveburyToWestA509.271 emissions_EastAveburyToWestA509.271,electric,1.1,0.0,0.0,0.0,0.0,0.0,0.0,0.0
EastSilburyToEastAvebury.56,1296.0,317_0,0.0,0.0,0.0,3240.0,213_0,19.13,12.89,1944.0,1576.69,1663.0,27,0.0,1827.92,0,tripinfo_EastSilburyToEastAvebury.56 emissions_EastSilburyToEastAvebury.56,electric,1.0,0.0,0.0,0.0,0.0,0.0,0.0,0.0
EastAveburyToWestA509.277,2554.0,483_1,0.0,0.0,0.0,3244.0,774_2,29.75,13.56,690.0,2237.44,439.0,9,0.0,523.06,0,tripinfo_EastAveburyToWestA509.277 emissions_EastAveburyToWestA509.277,gasoline_euro4,0.99,86070.684103,1855830.466522,434.800441,41.139724,813.684936,591951.550716,0.0
EastAveburyToWestA509.250,2325.0,483_1,0.0,0.0,0.0,3246.0,774_0,29.75,11.72,921.0,2237.93,641.0,15,0.0,731.98,0,tripinfo_EastAveburyToWestA509.250 emissions_EastAveburyToWestA509.250,electric,0.88,0.0,0.0,0.0,0.0,0.0,0.0,0.0
EastAveburyToWestA509.257,2384.0,483_1,0.0,0.0,0.0,3247.0,774_1,29.75,11.74,863.0,2241.03,582.0,13,0.0,681.15,0,tripinfo_EastAveburyToWestA509.257 emissions_EastAveburyToWestA509.257,electric,0.91,0.0,0.0,0.0,0.0,0.0,0.0,0.0
EastAveburyToWestA509.278,2563.0,483_1,0.0,0.0,0.0,3247.0,774_2,29.75,12.16,684.0,2237.39,424.0,7,0.0,512.35,0,tripinfo_EastAveburyToWestA509.278 emissions_EastAveburyToWestA509.278,electric,0.96,0.0,0.0,0.0,0.0,0.0,0.0,0.0
EastAveburyToWestA509.273,2520.0,483_1,0.0,0.0,0.0,3252.0,774_0,29.75,12.67,732.0,2325.48,462.0,15,0.0,543.87,0,tripinfo_EastAveburyToWestA509.273 emissions_EastAveburyToWestA509.273,gasoline_euro4,0.92,91925.023767,1991280.779864,464.933297,44.04522,874.357671,635155.707938,0.0
V6ToEastH6.261,3132.0,468_1,0.0,0.0,0.0,3257.0,522_0,56.88,16.31,125.0,1512.23,0.0,0,0.0,32.82,0,tripinfo_V6ToEastH6.261 emissions_V6ToEastH6.261,electric,1.19,0.0,0.0,0.0,0.0,0.0,0.0,0.0
V6ToEastH6.260,3120.0,468_1,0.0,0.0,0.0,3258.0,522_1,56.88,12.09,138.0,1512.23,0.0,0,0.0,14.21,0,tripinfo_V6ToEastH6.260 emissions_V6ToEastH6.260,electric,0.88,0.0,0.0,0.0,0.0,0.0,0.0,0.0
V6ToEastH6.262,3144.0,468_1,0.0,0.0,0.0,3266.0,522_1,56.88,13.76,122.0,1512.23,0.0,0,0.0,19.5,0,tripinfo_V6ToEastH6.262 emissions_V6ToEastH6.262,electric,1.07,0.0,0.0,0.0,0.0,0.0,0.0,0.0
V6ToEastH6.259,3108.0,468_1,0.0,0.0,0.0,3268.0,522_0,56.88,10.38,160.0,1512.23,0.0,0,0.0,16.7,0,tripinfo_V6ToEastH6.259 emissions_V6ToEastH6.259,electric,0.76,0.0,0.0,0.0,0.0,0.0,0.0,0.0
WestA509ToAvebury.150,2700.0,773_0,0.0,0.0,0.0,3269.0,213_0,19.13,14.79,569.0,2336.42,379.0,5,0.0,419.89,0,tripinfo_WestA509ToAvebury.150 emissions_WestA509ToAvebury.150,gasoline_euro4,1.14,71120.475416,1618743.184026,360.481901,35.439625,701.912062,516326.281573,0.0
EastA509ToH6.158,2844.0,770_0,0.0,0.0,0.0,3269.0,522_1,56.88,12.82,425.0,1483.69,256.0,7,0.0,318.78,0,tripinfo_EastA509ToH6.158 emissions_EastA509ToH6.158,electric,1.01,0.0,0.0,0.0,0.0,0.0,0.0,0.0
SouthEvansGateToSilbury.166,2988.0,526_0,0.0,0.0,0.0,3269.0,215_0,19.43,16.4,281.0,1471.74,127.0,6,0.0,192.94,0,tripinfo_SouthEvansGateToSilbury.166 emissions_SouthEvansGateToSilbury.166,gasoline_euro4,1.2,31222.222368,854281.872582,161.964725,18.185904,368.739171,272484.598485,0.0
EastA509ToH6.160,2880.0,770_0,0.0,0.0,0.0,3270.0,522_0,56.88,13.31,390.0,1483.69,211.0,6,0.0,284.29,0,tripinfo_EastA509ToH6.160 emissions_EastA509ToH6.160,gasoline_euro4,1.01,45067.811367,1049128.669115,229.085816,22.461694,454.566982,334637.638388,0.0
SouthEvansGateToSilbury.163,2934.0,526_0,0.0,0.0,0.0,3271.0,215_1,19.43,12.94,337.0,1471.73,197.0,4,0.0,227.64,0,tripinfo_SouthEvansGateToSilbury.163 emissions_SouthEvansGateToSilbury.163,gasoline_euro4,0.97,38661.551279,929301.645426,197.147678,19.595141,399.574482,296416.384574,0.0
SouthEvansGateToSilbury.165,2970.0,526_0,0.0,0.0,0.0,3273.0,215_1,19.43,12.17,303.0,1471.7,141.0,6,0.0,187.51,0,tripinfo_SouthEvansGateToSilbury.165 emissions_SouthEvansGateToSilbury.165,gasoline_euro4,0.92,31548.25764,820872.220958,162.695315,16.97354,352.182173,261829.687575,0.0
V6ToEastH6.263,3156.0,468_1,0.0,0.0,0.0,3273.0,522_1,56.88,14.2,117.0,1512.23,0.0,0,0.0,15.91,0,tripinfo_V6ToEastH6.263 emissions_V6ToEastH6.263,electric,1.09,0.0,0.0,0.0,0.0,0.0,0.0,0.0
SouthEvansGateToSilbury.164,2952.0,526_0,0.0,0.0,0.0,3275.0,215_0,19.43,11.36,323.0,1471.75,160.0,6,0.0,197.59,0,tripinfo_SouthEvansGateToSilbury.164 emissions_SouthEvansGateToSilbury.164,electric,0.85,0.0,0.0,0.0,0.0,0.0,0.0,0.0
SouthEvansGateToSilbury.167,3006.0,526_0,0.0,0.0,0.0,3275.0,215_1,19.43,14.36,269.0,1471.73,109.0,5,0.0,168.19,0,tripinfo_SouthEvansGateToSilbury.167 emissions_SouthEvansGateToSilbury.167,electric,1.06,0.0,0.0,0.0,0.0,0.0,0.0,0.0
EastA509ToH6.161,2898.0,770_0,0.0,0.0,0.0,3280.0,522_1,56.88,14.18,382.0,1483.69,196.0,5,0.0,277.95,0,tripinfo_EastA509ToH6.161 emissions_EastA509ToH6.161,gasoline_euro4,1.03,44427.742099,1065426.129154,226.864425,22.897846,462.480534,339835.054662,0.0
EastA509ToH6.159,2862.0,770_0,0.0,0.0,0.0,3283.0,522_0,56.88,10.26,421.0,1483.64,225.0,7,0.0,289.73,0,tripinfo_EastA509ToH6.159 emissions_EastA509ToH6.159,electric,0.82,0.0,0.0,0.0,0.0,0.0,0.0,0.0
V6ToEastH6.264,3168.0,468_1,0.0,0.0,0.0,3285.0,522_1,56.88,14.19,117.0,1512.23,0.0,0,0.0,13.4,0,tripinfo_V6ToEastH6.264 emissions_V6ToEastH6.264,gasoline_euro4,1.06,4006.423572,378335.211866,26.433621,5.844722,145.64703,120671.485223,0.0
WestA509ToEastH6.67,2412.0,773_0,0.0,0.0,0.0,3290.0,522_0,56.88,13.82,878.0,2749.98,539.0,16,0.0,689.75,0,tripinfo_WestA509ToEastH6.67 emissions_WestA509ToEastH6.67,gasoline_euro4,1.06,110425.67379,2369631.121757,557.277665,52.527545,1038.642105,755838.102762,0.0
V6ToEastH6.265,3180.0,468_1,0.0,0.0,0.0,3297.0,522_1,56.88,14.0,117.0,1512.23,0.0,0,0.0,16.52,0,tripinfo_V6ToEastH6.265 emissions_V6ToEastH6.265,gasoline_euro4,1.09,4504.748608,387911.471408,29.004144,6.377993,151.942075,123725.678442,0.0
WestH6ToSaxonSt.172,2064.0,524_0,0.0,0.0,0.0,3307.0,771_1,56.88,13.5,1243.0,2767.88,911.0,13,0.0,1035.33,0,tripinfo_WestH6ToSaxonSt.172 emissions_WestH6ToSaxonSt.172,gasoline_euro4,1.0,171056.743879,3371313.799333,857.07551,77.783622,1499.506022,1075348.834662,0.0
EastSilburyToEastAvebury.57,1312.0,317_0,0.0,0.0,0.0,3313.0,213_0,19.13,14.41,2001.0,1576.69,1738.0,22,0.0,1891.0,0,tripinfo_EastSilburyToEastAvebury.57 emissions_EastSilburyToEastAvebury.57,electric,1.05,0.0,0.0,0.0,0.0,0.0,0.0,0.0
WestA509ToAvebury.34,615.0,773_0,0.0,0.0,3.0,3315.0,213_0,19.13,13.77,2700.0,2288.57,2373.0,23,0.0,2539.85,0,tripinfo_WestA509ToAvebury.34 emissions_WestA509ToAvebury.34,electric,1.04,0.0,0.0,0.0,0.0,0.0,0.0,0.0
EastSilburyToEastAvebury.60,1360.0,317_0,0.0,0.0,0.0,3318.0,213_0,19.13,14.94,1958.0,680.87,1757.0,24,0.0,1912.19,0,tripinfo_EastSilburyToEastAvebury.60 emissions_EastSilburyToEastAvebury.60,gasoline_euro4,1.1,310283.291057,5165396.565553,1534.113913,127.68417,2358.056856,1647628.644832,0.0
WestA509ToAvebury.77,1386.0,773_0,0.0,0.0,0.0,3321.0,213_0,19.13,13.51,1935.0,2323.29,1629.0,23,0.0,1766.45,0,tripinfo_WestA509ToAvebury.77 emissions_WestA509ToAvebury.77,electric,1.0,0.0,0.0,0.0,0.0,0.0,0.0,0.0
EastAveburyToWestA509.286,2631.0,483_1,0.0,0.0,0.0,3322.0,774_1,29.75,14.78,691.0,2237.87,448.0,15,0.0,537.69,0,tripinfo_EastAveburyToWestA509.286 emissions_EastAveburyToWestA509.286,gasoline_euro4,1.08,88936.066876,1935410.429162,450.146969,43.544316,853.50843,617333.803421,0.0
EastSilburyToEastAvebury.21,736.0,317_0,0.0,0.0,0.0,3323.0,213_0,19.13,14.13,2587.0,680.89,2399.0,21,0.0,2538.18,0,tripinfo_EastSilburyToEastAvebury.21 emissions_EastSilburyToEastAvebury.21,electric,1.03,0.0,0.0,0.0,0.0,0.0,0.0,0.0
EastAveburyToWestA509.204,1934.0,483_1,0.0,0.0,0.0,3325.0,774_2,29.75,13.38,1391.0,2240.45,1031.0,21,0.0,1231.59,0,tripinfo_EastAveburyToWestA509.204 emissions_EastAveburyToWestA509.204,electric,1.04,0.0,0.0,0.0,0.0,0.0,0.0,0.0
EastAveburyToWestA509.260,2410.0,483_1,0.0,0.0,0.0,3325.0,774_1,29.75,10.97,915.0,2237.39,610.0,15,0.0,726.91,0,tripinfo_EastAveburyToWestA509.260 emissions_EastAveburyToWestA509.260,gasoline_euro4,0.88,118864.916883,2373543.233967,596.509037,53.356018,1047.55225,757090.341115,0.0
V6ToEastH6.266,3192.0,468_1,0.0,0.0,0.0,3325.0,522_1,56.88,12.5,133.0,1512.23,0.0,0,0.0,12.83,0,tripinfo_V6ToEastH6.266 emissions_V6ToEastH6.266,gasoline_euro4,0.91,4118.413721,360081.073008,26.81681,5.251176,138.514304,114849.776574,0.0
EastAveburyToWestA509.262,2427.0,483_1,0.0,0.0,0.0,3326.0,774_2,29.75,14.23,899.0,2240.55,584.0,15,0.0,744.52,0,tripinfo_EastAveburyToWestA509.262 emissions_EastAveburyToWestA509.262,gasoline_euro4,1.07,119199.358276,2428182.868305,599.266812,55.508513,1077.647421,774516.120715,0.0
EastSilburyToEastAvebury.64,1424.0,317_0,0.0,0.0,0.0,3329.0,213_0,19.13,10.36,1905.0,680.87,1710.0,31,0.0,1843.72,0,tripinfo_EastSilburyToEastAvebury.64 emissions_EastSilburyToEastAvebury.64,electric,0.82,0.0,0.0,0.0,0.0,0.0,0.0,0.0
EastAveburyToWestA509.282,2597.0,483_1,0.0,0.0,0.0,3330.0,774_1,29.75,12.84,733.0,2237.39,495.0,8,0.0,558.73,0,tripinfo_EastAveburyToWestA509.282 emissions_EastAveburyToWestA509.282,gasoline_euro4,0.95,93499.354692,1952527.66806,470.903429,43.280891,855.701626,622796.856015,0.0
EastSilburyToEastAvebury.69,1504.0,317_0,0.0,0.0,0.0,3331.0,213_0,19.13,12.46,1827.0,680.87,1658.0,26,0.0,1774.11,0,tripinfo_EastSilburyToEastAvebury.69 emissions_EastSilburyToEastAvebury.69,gasoline_euro4,0.96,288805.216335,4819039.149626,1428.207342,118.985158,2199.260034,1537149.255141,0.0
EastAveburyToWestA509.296,2716.0,483_1,0.0,0.0,0.0,3337.0,774_1,29.75,11.99,621.0,2237.39,338.0,10,0.0,440.5,0,tripinfo_EastAveburyToWestA509.296 emissions_EastAveburyToWestA509.296,electric,0.92,0.0,0.0,0.0,0.0,0.0,0.0,0.0
EastAveburyToWestA509.178,1713.0,483_0,0.0,0.0,0.0,3339.0,774_0,29.75,13.01,1626.0,2235.89,1277.0,21,0.0,1452.79,0,tripinfo_EastAveburyToWestA509.178 emissions_EastAveburyToWestA509.178,gasoline_euro4,0.95,236851.607221,4261947.164572,1177.94118,101.232094,1916.138917,1359444.20439,0.0
V6ToEastH6.268,3216.0,468_1,0.0,0.0,0.0,3342.0,522_1,56.88,14.03,126.0,1512.23,0.0,0,0.0,18.05,0,tripinfo_V6ToEastH6.268 emissions_V6ToEastH6.268,gasoline_euro4,1.01,4155.875454,361602.566679,26.639672,5.449458,139.019557,115334.867602,0.0
V6ToEastH6.267,3204.0,468_1,0.0,0.0,0.0,3348.0,522_1,56.88,11.79,144.0,1512.23,1.0,1,0.0,21.32,0,tripinfo_V6ToEastH6.267 emissions_V6ToEastH6.267,gasoline_euro4,0.89,5144.29463,367312.585894,31.78457,5.537239,143.159573,117156.663911,0.0
WestA509ToEastH6.75,2700.0,773_1,0.0,0.0,0.0,3350.0,522_1,56.88,13.76,650.0,3089.62,375.0,3,0.0,429.39,0,tripinfo_WestA509ToEastH6.75 emissions_WestA509ToEastH6.75,electric,1.02,0.0,0.0,0.0,0.0,0.0,0.0,0.0
SouthEvansGateToSilbury.171,3078.0,526_0,0.0,0.0,0.0,3358.0,215_0,19.43,12.64,280.0,1471.71,133.0,5,0.0,174.15,0,tripinfo_SouthEvansGateToSilbury.171 emissions_SouthEvansGateToSilbury.171,electric,1.0,0.0,0.0,0.0,0.0,0.0,0.0,0.0
V6ToEastH6.269,3228.0,468_1,0.0,0.0,0.0,3358.0,522_1,56.88,13.58,130.0,1512.23,1.0,1,0.0,20.01,0,tripinfo_V6ToEastH6.269 emissions_V6ToEastH6.269,gasoline_euro4,1.0,5063.367916,399841.567883,31.774341,6.290946,156.334919,127531.34139,0.0
SouthEvansGateToSilbury.169,3042.0,526_0,0.0,0.0,0.0,3359.0,215_1,19.43,12.38,317.0,1471.7,168.0,5,0.0,201.18,0,tripinfo_SouthEvansGateToSilbury.169 emissions_SouthEvansGateToSilbury.169,gasoline_euro4,0.92,34483.178391,858403.491209,176.812445,17.745204,367.49166,273801.871417,0.0
SouthEvansGateToSilbury.168,3024.0,526_0,0.0,0.0,0.0,3360.0,215_0,19.43,12.75,336.0,1471.76,177.0,5,0.0,225.69,0,tripinfo_SouthEvansGateToSilbury.168 emissions_SouthEvansGateToSilbury.168,electric,0.96,0.0,0.0,0.0,0.0,0.0,0.0,0.0
SouthEvansGateToSilbury.170,3060.0,526_0,0.0,0.0,0.0,3361.0,215_1,19.43,13.51,301.0,1471.71,139.0,7,0.0,196.96,0,tripinfo_SouthEvansGateToSilbury.170 emissions_SouthEvansGateToSilbury.170,electric,1.02,0.0,0.0,0.0,0.0,0.0,0.0,0.0
SouthEvansGateToSilbury.172,3096.0,526_0,0.0,0.0,0.0,3363.0,215_1,19.43,13.11,267.0,1471.73,107.0,5,0.0,154.42,0,tripinfo_SouthEvansGateToSilbury.172 emissions_SouthEvansGateToSilbury.172,gasoline_euro4,0.95,26104.167309,727957.80193,135.652221,14.776767,310.223142,232192.349543,0.0
V6ToEastH6.271,3252.0,468_1,0.0,0.0,0.0,3377.0,522_1,56.88,13.27,125.0,1511.92,0.0,0,0.0,13.07,0,tripinfo_V6ToEastH6.271 emissions_V6ToEastH6.271,gasoline_euro4,0.98,3470.70594,341708.299041,23.248372,4.805045,128.877972,108989.666092,0.0
V6ToEastH6.272,3264.0,468_1,0.0,0.0,0.0,3400.0,522_1,56.88,11.86,136.0,1512.23,0.0,0,0.0,18.22,0,tripinfo_V6ToEastH6.272 emissions_V6ToEastH6.272,gasoline_euro4,0.93,4661.930034,374875.646596,29.61584,5.744423,146.280316,119568.483238,0.0
WestH6ToSaxonSt.177,2124.0,524_0,0.0,0.0,0.0,3401.0,771_1,56.88,11.15,1277.0,2767.88,910.0,13,0.0,1038.97,0,tripinfo_WestH6ToSaxonSt.177 emissions_WestH6ToSaxonSt.177,gasoline_euro4,0.87,171012.918884,3328829.044962,856.342923,76.091938,1478.287866,1061799.595078,0.0
V6ToEastH6.273,3276.0,468_1,0.0,0.0,0.0,3402.0,522_1,56.88,13.42,126.0,1512.23,0.0,0,0.0,15.44,0,tripinfo_V6ToEastH6.273 emissions_V6ToEastH6.273,gasoline_euro4,0.99,4234.417187,379121.330789,27.508647,5.723192,146.216363,120922.480604,0.0
V6ToEastH6.270,3240.0,468_1,0.0,0.0,0.0,3403.0,522_0,56.88,10.04,163.0,1512.23,0.0,0,0.0,13.81,0,tripinfo_V6ToEastH6.270 emissions_V6ToEastH6.270,gasoline_euro4,0.73,5091.302311,343410.562543,30.979614,4.639825,131.799792,109533.644508,0.0
V6ToEastH6.274,3288.0,468_1,0.0,0.0,0.0,3403.0,522_1,56.88,15.33,115.0,1512.23,1.0,1,0.0,24.93,0,tripinfo_V6ToEastH6.274 emissions_V6ToEastH6.274,gasoline_euro4,1.21,5908.761606,440745.223679,36.64161,7.832435,176.313341,140576.991888,0.0
EastAveburyToWestA509.255,2367.0,483_1,0.0,0.0,0.0,3405.0,774_1,29.75,13.47,1038.0,2237.39,733.0,15,0.0,869.81,0,tripinfo_EastAveburyToWestA509.255 emissions_EastAveburyToWestA509.255,gasoline_euro4,0.98,141444.71566,2742680.676813,707.707122,63.297578,1220.707007,874834.990349,0.0
EastAveburyToWestA509.295,2707.0,483_1,0.0,0.0,0.0,3414.0,774_2,29.75,13.25,707.0,2237.44,424.0,13,0.0,546.86,0,tripinfo_EastAveburyToWestA509.295 emissions_EastAveburyToWestA509.295,gasoline_euro4,1.03,85985.692108,1879954.182696,435.148784,41.446502,824.681594,599645.625486,0.0
V6ToEastH6.275,3300.0,468_1,0.0,0.0,0.0,3414.0,522_1,56.88,14.94,114.0,1512.23,0.0,0,0.0,14.12,0,tripinfo_V6ToEastH6.275 emissions_V6ToEastH6.275,gasoline_euro4,1.09,4122.241877,377276.651346,26.925041,6.018961,146.22587,120333.72638,0.0
EastAveburyToWestA509.297,2724.0,483_1,0.0,0.0,0.0,3420.0,774_1,29.75,14.31,696.0,2240.55,406.0,16,0.0,546.78,0,tripinfo_EastAveburyToWestA509.297 emissions_EastAveburyToWestA509.297,gasoline_euro4,1.11,84594.12219,1860615.028971,428.577016,41.264395,817.996929,593476.458508,0.0
EastAveburyToWestA509.287,2639.0,483_1,0.0,0.0,0.0,3422.0,774_1,29.75,11.91,783.0,2237.44,505.0,13,0.0,604.87,0,tripinfo_EastAveburyToWestA509.287 emissions_EastAveburyToWestA509.287,gasoline_euro4,0.93,99235.513489,2047460.62478,499.442838,45.909896,902.279665,653077.643231,0.0
V6ToEastH6.276,3312.0,468_1,0.0,0.0,0.0,3424.0,522_1,56.88,14.96,112.0,1512.23,0.0,0,0.0,14.1,0,tripinfo_V6ToEastH6.276 emissions_V6ToEastH6.276,gasoline_euro4,1.11,4366.591192,394427.995528,28.481509,6.4604,154.166423,125804.048168,0.0
EastAveburyToWestA509.185,1772.0,483_0,0.0,0.0,0.0,3427.0,774_0,29.75,12.58,1655.0,2262.25,1300.0,28,0.0,1475.22,0,tripinfo_EastAveburyToWestA509.185 emissions_EastAveburyToWestA509.185,gasoline_euro4,0.92,239602.596637,4307417.872263,1191.745688,102.631834,1939.76498,1373947.828597,0.0
EastAveburyToWestA509.183,1755.0,483_1,0.0,0.0,0.0,3430.0,774_0,29.75,12.49,1675.0,2328.59,1276.0,30,0.0,1491.15,0,tripinfo_EastAveburyToWestA509.183 emissions_EastAveburyToWestA509.183,gasoline_euro4,0.94,241340.391155,4389116.306852,1201.458892,104.1863,1974.614291,1400005.976992,0.0
WestA509ToEastH6.68,2448.0,773_0,0.0,0.0,0.0,3439.0,522_0,56.88,11.69,991.0,2755.12,664.0,18,0.0,773.74,0,tripinfo_WestA509ToEastH6.68 emissions_WestA509ToEastH6.68,gasoline_euro4,0.92,127872.129631,2619263.177936,643.018266,58.526452,1152.591291,835466.105604,0.0
WestA509ToEastH6.71,2556.0,773_0,0.0,0.0,0.0,3440.0,522_0,56.88,13.07,884.0,2755.17,555.0,14,0.0,686.77,0,tripinfo_WestA509ToEastH6.71 emissions_WestA509ToEastH6.71,gasoline_euro4,1.01,111085.926685,2357865.918772,560.414985,52.653494,1037.241024,752085.695686,0.0
EastA509ToH6.162,2916.0,770_0,0.0,0.0,0.0,3441.0,522_1,56.88,14.23,525.0,1483.69,351.0,10,0.0,422.93,0,tripinfo_EastA509ToH6.162 emissions_EastA509ToH6.162,gasoline_euro4,1.05,70177.337078,1493687.329182,354.235391,33.968969,661.132432,476438.819494,0.0
EastA509ToH6.166,2988.0,770_0,0.0,0.0,0.0,3444.0,522_1,56.88,14.99,456.0,1483.69,279.0,9,0.0,361.87,0,tripinfo_EastA509ToH6.166 emissions_EastA509ToH6.166,electric,1.14,0.0,0.0,0.0,0.0,0.0,0.0,0.0
EastA509ToH6.164,2952.0,770_0,0.0,0.0,0.0,3446.0,522_0,56.88,11.79,494.0,1483.64,308.0,11,0.0,377.56,0,tripinfo_EastA509ToH6.164 emissions_EastA509ToH6.164,electric,0.92,0.0,0.0,0.0,0.0,0.0,0.0,0.0
SouthEvansGateToSilbury.173,3114.0,526_0,0.0,0.0,0.0,3446.0,215_0,19.43,14.29,332.0,1471.76,200.0,4,0.0,231.2,0,tripinfo_SouthEvansGateToSilbury.173 emissions_SouthEvansGateToSilbury.173,electric,1.05,0.0,0.0,0.0,0.0,0.0,0.0,0.0
SouthEvansGateToSilbury.174,3132.0,526_0,0.0,0.0,0.0,3446.0,215_1,19.43,13.74,314.0,1471.68,162.0,6,0.0,206.63,0,tripinfo_SouthEvansGateToSilbury.174 emissions_SouthEvansGateToSilbury.174,electric,0.99,0.0,0.0,0.0,0.0,0.0,0.0,0.0
SouthEvansGateToSilbury.175,3150.0,526_0,0.0,0.0,0.0,3448.0,215_1,19.43,13.25,298.0,1471.71,140.0,6,0.0,193.17,0,tripinfo_SouthEvansGateToSilbury.175 emissions_SouthEvansGateToSilbury.175,electric,1.01,0.0,0.0,0.0,0.0,0.0,0.0,0.0
SouthEvansGateToSilbury.177,3186.0,526_0,0.0,0.0,0.0,3449.0,215_0,19.43,13.28,263.0,1471.76,108.0,4,0.0,159.08,0,tripinfo_SouthEvansGateToSilbury.177 emissions_SouthEvansGateToSilbury.177,gasoline_euro4,1.03,25743.091451,727096.30813,134.004431,14.829823,310.092957,231917.274627,0.0
EastA509ToH6.165,2970.0,770_0,0.0,0.0,0.0,3450.0,522_0,56.88,12.32,480.0,1483.69,291.0,8,0.0,363.99,0,tripinfo_EastA509ToH6.165 emissions_EastA509ToH6.165,gasoline_euro4,0.93,59722.500326,1286193.522963,301.780995,28.536063,565.010924,410255.263066,0.0
SouthEvansGateToSilbury.176,3168.0,526_0,0.0,0.0,0.0,3451.0,215_1,19.43,12.13,283.0,1471.7,126.0,5,0.0,167.07,0,tripinfo_SouthEvansGateToSilbury.176 emissions_SouthEvansGateToSilbury.176,electric,0.92,0.0,0.0,0.0,0.0,0.0,0.0,0.0
V6ToEastH6.277,3324.0,468_1,0.0,0.0,0.0,3457.0,522_1,56.88,12.45,133.0,1512.23,0.0,0,0.0,13.62,0,tripinfo_V6ToEastH6.277 emissions_V6ToEastH6.277,gasoline_euro4,0.92,3957.796496,356714.485128,25.955586,5.011638,135.686716,113776.152683,0.0
EastA509ToH6.163,2934.0,770_0,0.0,0.0,0.0,3460.0,522_0,56.88,12.93,526.0,1483.69,335.0,10,0.0,418.9,0,tripinfo_EastA509ToH6.163 emissions_EastA509ToH6.163,electric,1.01,0.0,0.0,0.0,0.0,0.0,0.0,0.0
V6ToEastH6.279,3348.0,468_1,0.0,0.0,0.0,3463.0,522_1,56.88,14.94,115.0,1512.23,0.0,0,0.0,16.21,0,tripinfo_V6ToEastH6.279 emissions_V6ToEastH6.279,gasoline_euro4,1.11,4519.887569,387939.172696,29.203644,6.513591,153.092359,123734.373729,0.0
V6ToEastH6.278,3336.0,468_1,0.0,0.0,0.0,3468.0,522_1,56.88,12.86,132.0,1512.23,2.0,1,0.0,20.82,0,tripinfo_V6ToEastH6.278 emissions_V6ToEastH6.278,gasoline_euro4,0.99,4741.11624,376847.932189,29.719628,5.783352,145.789901,120197.609441,0.0
EastA509ToH6.167,3006.0,770_0,0.0,0.0,0.0,3470.0,522_0,56.88,14.2,464.0,1483.69,266.0,11,0.0,365.65,0,tripinfo_EastA509ToH6.167 emissions_EastA509ToH6.167,electric,1.09,0.0,0.0,0.0,0.0,0.0,0.0,0.0
WestA509ToEastH6.72,2592.0,773_0,0.0,0.0,0.0,3473.0,522_0,56.88,13.18,881.0,2755.17,583.0,12,0.0,687.07,0,tripinfo_WestA509ToEastH6.72 emissions_WestA509ToEastH6.72,gasoline_euro4,1.03,112119.768116,2370849.524676,565.151279,52.959159,1041.343442,756227.361005,0.0
WestH6ToSaxonSt.196,2352.0,524_0,0.0,0.0,0.0,3485.0,771_1,56.88,12.84,1133.0,2555.04,818.0,13,0.0,934.24,0,tripinfo_WestH6ToSaxonSt.196 emissions_WestH6ToSaxonSt.196,gasoline_euro4,0.94,152982.492961,2969200.355225,765.519566,68.092256,1318.369596,947088.606289,0.0
EastAveburyToWestA509.299,2741.0,483_1,0.0,0.0,0.0,3488.0,774_2,29.75,14.11,747.0,2237.44,461.0,15,0.0,594.57,0,tripinfo_EastAveburyToWestA509.299 emissions_EastAveburyToWestA509.299,electric,1.08,0.0,0.0,0.0,0.0,0.0,0.0,0.0
EastAveburyToWestA509.196,1866.0,483_0,0.0,0.0,0.0,3493.0,774_1,29.75,15.02,1627.0,2263.12,1339.0,34,0.0,1483.73,0,tripinfo_EastAveburyToWestA509.196 emissions_EastAveburyToWestA509.196,electric,1.15,0.0,0.0,0.0,0.0,0.0,0.0,0.0
EastAveburyToWestA509.232,2172.0,483_1,0.0,0.0,0.0,3494.0,774_0,29.75,13.8,1322.0,2238.89,981.0,24,0.0,1160.38,0,tripinfo_EastAveburyToWestA509.232 emissions_EastAveburyToWestA509.232,electric,1.01,0.0,0.0,0.0,0.0,0.0,0.0,0.0
EastSilburyToEastAvebury.78,1648.0,317_0,0.0,0.0,0.0,3495.0,213_0,19.13,12.13,1847.0,658.22,1675.0,24,0.0,1793.14,0,tripinfo_EastSilburyToEastAvebury.78 emissions_EastSilburyToEastAvebury.78,electric,0.9,0.0,0.0,0.0,0.0,0.0,0.0,0.0
WestA509ToAvebury.93,1674.0,773_0,0.0,0.0,0.0,3502.0,213_0,19.13,13.34,1828.0,2322.44,1525.0,23,0.0,1651.96,0,tripinfo_WestA509ToAvebury.93 emissions_WestA509ToAvebury.93,gasoline_euro4,0.96,270706.49846,4793041.532364,1344.535397,114.714601,2160.135387,1528850.520439,0.0
EastSilburyToEastAvebury.38,1008.0,317_0,0.0,0.0,0.0,3504.0,213_0,19.13,13.08,2496.0,642.19,2321.0,31,0.0,2446.35,0,tripinfo_EastSilburyToEastAvebury.38 emissions_EastSilburyToEastAvebury.38,electric,0.96,0.0,0.0,0.0,0.0,0.0,0.0,0.0
EastAveburyToWestA509.301,2758.0,483_1,0.0,0.0,0.0,3504.0,774_1,29.75,12.31,746.0,2237.39,493.0,9,0.0,570.14,0,tripinfo_EastAveburyToWestA509.301 emissions_EastAveburyToWestA509.301,gasoline_euro4,0.94,94209.467264,1963086.493566,474.325829,43.591369,861.288243,626164.810675,0.0
V6ToEastH6.280,3360.0,468_1,0.0,0.0,0.0,3504.0,522_0,56.88,10.46,144.0,1512.23,0.0,0,0.0,11.91,0,tripinfo_V6ToEastH6.280 emissions_V6ToEastH6.280,electric,0.83,0.0,0.0,0.0,0.0,0.0,0.0,0.0
V6ToEastH6.281,3372.0,468_1,0.0,0.0,0.0,3505.0,522_1,56.88,12.54,133.0,1512.23,0.0,0,0.0,14.19,0,tripinfo_V6ToEastH6.281 emissions_V6ToEastH6.281,gasoline_euro4,0.92,3834.779518,351558.610448,24.993034,4.844502,132.64616,112131.718352,0.0
V6ToEastH6.282,3384.0,468_1,0.0,0.0,0.0,3506.0,522_1,56.88,13.39,122.0,1512.23,0.0,0,0.0,15.36,0,tripinfo_V6ToEastH6.282 emissions_V6ToEastH6.282,electric,1.02,0.0,0.0,0.0,0.0,0.0,0.0,0.0
EastAveburyToWestA509.302,2767.0,483_1,0.0,0.0,0.0,3507.0,774_1,29.75,12.3,740.0,2237.87,485.0,10,0.0,570.44,0,tripinfo_EastAveburyToWestA509.302 emissions_EastAveburyToWestA509.302,electric,0.98,0.0,0.0,0.0,0.0,0.0,0.0,0.0
EastAveburyToWestA509.300,2750.0,483_1,0.0,0.0,0.0,3508.0,774_1,29.75,11.55,758.0,2237.44,438.0,14,0.0,575.03,0,tripinfo_EastAveburyToWestA509.300 emissions_EastAveburyToWestA509.300,electric,0.9,0.0,0.0,0.0,0.0,0.0,0.0,0.0
EastAveburyToWestA509.298,2733.0,483_1,0.0,0.0,0.0,3509.0,774_2,29.75,14.88,776.0,2240.6,451.0,16,0.0,626.66,0,tripinfo_EastAveburyToWestA509.298 emissions_EastAveburyToWestA509.298,gasoline_euro4,1.11,96599.074056,2056026.120751,487.745504,45.842637,906.141541,655808.002512,0.0
EastAveburyToWestA509.303,2775.0,483_1,0.0,0.0,0.0,3511.0,774_1,29.75,11.96,736.0,2237.39,482.0,11,0.0,562.47,0,tripinfo_EastAveburyToWestA509.303 emissions_EastAveburyToWestA509.303,gasoline_euro4,0.95,92647.350485,1944141.101497,466.713256,43.224472,853.540699,620121.297554,0.0
V6ToEastH6.283,3396.0,468_1,0.0,0.0,0.0,3512.0,522_1,56.88,15.2,116.0,1512.23,0.0,0,0.0,17.47,0,tripinfo_V6ToEastH6.283 emissions_V6ToEastH6.283,electric,1.11,0.0,0.0,0.0,0.0,0.0,0.0,0.0
EastAveburyToWestA509.270,2495.0,483_1,0.0,0.0,0.0,3517.0,774_0,29.75,11.29,1022.0,2312.75,751.0,7,0.0,827.12,0,tripinfo_EastAveburyToWestA509.270 emissions_EastAveburyToWestA509.270,electric,0.88,0.0,0.0,0.0,0.0,0.0,0.0,0.0
EastA509ToH6.169,3042.0,770_0,0.0,0.0,0.0,3519.0,522_0,56.88,15.23,477.0,1483.69,309.0,8,0.0,379.76,0,tripinfo_EastA509ToH6.169 emissions_EastA509ToH6.169,electric,1.1,0.0,0.0,0.0,0.0,0.0,0.0,0.0
EastA509ToH6.170,3060.0,770_0,0.0,0.0,0.0,3523.0,522_0,56.88,13.05,463.0,1483.69,291.0,7,0.0,359.48,0,tripinfo_EastA509ToH6.170 emissions_EastA509ToH6.170,gasoline_euro4,1.03,59055.44345,1293745.797967,298.600915,28.772928,567.371374,412663.476653,0.0
V6ToEastH6.284,3408.0,468_1,0.0,0.0,0.0,3531.0,522_1,56.88,12.51,123.0,1512.23,0.0,0,0.0,12.03,0,tripinfo_V6ToEastH6.284 emissions_V6ToEastH6.284,electric,0.99,0.0,0.0,0.0,0.0,0.0,0.0,0.0
SouthEvansGateToSilbury.179,3222.0,526_0,0.0,0.0,0.0,3533.0,215_1,19.43,15.36,311.0,1471.68,162.0,6,0.0,218.49,0,tripinfo_SouthEvansGateToSilbury.179 emissions_SouthEvansGateToSilbury.179,electric,1.15,0.0,0.0,0.0,0.0,0.0,0.0,0.0
EastA509ToH6.171,3078.0,770_0,0.0,0.0,0.0,3535.0,522_0,56.88,13.91,457.0,1483.69,271.0,7,0.0,356.15,0,tripinfo_EastA509ToH6.171 emissions_EastA509ToH6.171,gasoline_euro4,1.07,57547.8525,1273370.105668,291.575719,28.507632,560.426895,406163.701445,0.0
SouthEvansGateToSilbury.178,3204.0,526_0,0.0,0.0,0.0,3536.0,215_0,19.43,10.63,332.0,1471.8,174.0,4,0.0,203.38,0,tripinfo_SouthEvansGateToSilbury.178 emissions_SouthEvansGateToSilbury.178,electric,0.82,0.0,0.0,0.0,0.0,0.0,0.0,0.0
SouthEvansGateToSilbury.180,3240.0,526_0,0.0,0.0,0.0,3537.0,215_1,19.43,11.94,297.0,1471.71,134.0,6,0.0,184.06,0,tripinfo_SouthEvansGateToSilbury.180 emissions_SouthEvansGateToSilbury.180,electric,0.94,0.0,0.0,0.0,0.0,0.0,0.0,0.0
SouthEvansGateToSilbury.182,3276.0,526_0,0.0,0.0,0.0,3538.0,215_0,19.43,14.52,262.0,1471.76,107.0,6,0.0,163.58,0,tripinfo_SouthEvansGateToSilbury.182 emissions_SouthEvansGateToSilbury.182,electric,1.08,0.0,0.0,0.0,0.0,0.0,0.0,0.0
EastA509ToH6.168,3024.0,770_0,0.0,0.0,0.0,3540.0,522_0,56.88,11.3,516.0,1483.69,328.0,7,0.0,396.67,0,tripinfo_EastA509ToH6.168 emissions_EastA509ToH6.168,electric,0.9,0.0,0.0,0.0,0.0,0.0,0.0,0.0
SouthEvansGateToSilbury.181,3258.0,526_0,0.0,0.0,0.0,3540.0,215_0,19.43,13.12,282.0,1471.73,121.0,6,0.0,170.34,0,tripinfo_SouthEvansGateToSilbury.181 emissions_SouthEvansGateToSilbury.181,gasoline_euro4,0.95,29127.231939,811281.988315,151.527226,16.691891,347.763489,258769.506839,0.0
V6ToEastH6.286,3432.0,468_1,0.0,0.0,0.0,3562.0,522_1,56.88,12.8,130.0,1512.23,0.0,0,0.0,11.29,0,tripinfo_V6ToEastH6.286 emissions_V6ToEastH6.286,electric,0.92,0.0,0.0,0.0,0.0,0.0,0.0,0.0
WestH6ToSaxonSt.197,2364.0,524_0,0.0,0.0,0.0,3568.0,771_1,56.88,14.69,1204.0,2555.04,936.0,10,0.0,1029.87,0,tripinfo_WestH6ToSaxonSt.197 emissions_WestH6ToSaxonSt.197,gasoline_euro4,1.07,168943.715874,3209806.059856,843.381476,74.772491,1429.191436,1023835.84862,0.0
V6ToEastH6.287,3444.0,468_1,0.0,0.0,0.0,3568.0,522_1,56.88,13.77,124.0,1512.23,0.0,0,0.0,16.85,0,tripinfo_V6ToEastH6.287 emissions_V6ToEastH6.287,electric,1.02,0.0,0.0,0.0,0.0,0.0,0.0,0.0
V6ToEastH6.285,3420.0,468_1,0.0,0.0,0.0,3569.0,522_0,56.88,10.74,149.0,1512.23,0.0,0,0.0,16.53,0,tripinfo_V6ToEastH6.285 emissions_V6ToEastH6.285,electric,0.82,0.0,0.0,0.0,0.0,0.0,0.0,0.0
WestA509ToAvebury.103,1854.0,773_0,0.0,0.0,0.0,3576.0,213_0,19.13,15.3,1722.0,2323.29,1409.0,27,0.0,1569.37,0,tripinfo_WestA509ToAvebury.103 emissions_WestA509ToAvebury.103,electric,1.11,0.0,0.0,0.0,0.0,0.0,0.0,0.0
WestA509ToAvebury.144,2595.0,773_0,0.0,0.0,3.0,3580.0,213_0,19.13,11.89,985.0,2327.58,708.0,13,0.0,789.45,0,tripinfo_WestA509ToAvebury.144 emissions_WestA509ToAvebury.144,gasoline_euro4,0.86,130464.490194,2551886.680533,653.484063,57.828156,1129.016718,813977.83883,0.0
WestA509ToAvebury.146,2628.0,773_0,0.0,0.0,0.0,3584.0,213_0,19.13,14.02,956.0,2327.58,686.0,13,0.0,792.7,0,tripinfo_WestA509ToAvebury.146 emissions_WestA509ToAvebury.146,gasoline_euro4,1.04,128761.299383,2573533.563115,646.104074,59.105788,1143.197971,820879.826979,0.0
V6ToEastH6.288,3456.0,468_1,0.0,0.0,0.0,3584.0,522_1,56.88,12.1,128.0,1512.23,0.0,0,0.0,12.77,0,tripinfo_V6ToEastH6.288 emissions_V6ToEastH6.288,gasoline_euro4,0.95,3978.215931,357673.874831,25.835831,5.269483,137.062816,114081.877078,0.0
EastSilburyToEastAvebury.23,768.0,317_0,0.0,0.0,0.0,3586.0,213_0,19.13,14.58,2818.0,680.89,2628.0,30,0.0,2772.68,0,tripinfo_EastSilburyToEastAvebury.23 emissions_EastSilburyToEastAvebury.23,gasoline_euro4,1.11,452191.230627,7411785.147381,2233.058617,184.325916,3389.449482,2364172.086196,0.0
EastAveburyToWestA509.246,2291.0,483_1,0.0,0.0,0.0,3586.0,774_1,29.75,12.55,1295.0,2240.45,935.0,27,0.0,1114.75,0,tripinfo_EastAveburyToWestA509.246 emissions_EastAveburyToWestA509.246,gasoline_euro4,0.92,181609.349497,3383428.929516,905.992452,79.110628,1514.072441,1079218.284379,0.0
EastAveburyToWestA509.304,2784.0,483_1,0.0,0.0,0.0,3586.0,774_2,29.75,14.73,802.0,2237.39,535.0,14,0.0,651.32,0,tripinfo_EastAveburyToWestA509.304 emissions_EastAveburyToWestA509.304,gasoline_euro4,1.09,105138.312772,2160921.753498,528.842095,49.114034,955.788295,689267.787694,0.0
V6ToEastH6.289,3468.0,468_1,0.0,0.0,0.0,3587.0,522_1,56.88,13.72,119.0,1512.23,0.0,0,0.0,17.64,0,tripinfo_V6ToEastH6.289 emissions_V6ToEastH6.289,gasoline_euro4,1.08,4515.823135,380947.358806,28.809657,6.210777,149.332201,121504.547648,0.0
EastSilburyToEastAvebury.67,1472.0,317_0,0.0,0.0,0.0,3588.0,213_0,19.13,14.84,2116.0,680.87,1908.0,35,0.0,2071.15,0,tripinfo_EastSilburyToEastAvebury.67 emissions_EastSilburyToEastAvebury.67,electric,1.14,0.0,0.0,0.0,0.0,0.0,0.0,0.0
WestA509ToAvebury.152,2736.0,773_0,0.0,0.0,0.0,3591.0,213_0,19.13,12.6,855.0,2327.58,585.0,13,0.0,682.91,0,tripinfo_WestA509ToAvebury.152 emissions_WestA509ToAvebury.152,electric,0.98,0.0,0.0,0.0,0.0,0.0,0.0,0.0
EastAveburyToWestA509.292,2682.0,483_1,0.0,0.0,0.0,3595.0,774_2,29.75,13.92,913.0,2237.44,624.0,17,0.0,749.61,0,tripinfo_EastAveburyToWestA509.292 emissions_EastAveburyToWestA509.292,gasoline_euro4,1.01,122236.902205,2445609.816846,613.380668,55.879028,1083.732727,780076.293683,0.0
EastAveburyToWestA509.311,2860.0,483_1,0.0,0.0,17.0,3596.0,774_2,29.75,14.07,736.0,2237.39,472.0,17,0.0,575.23,0,tripinfo_EastAveburyToWestA509.311 emissions_EastAveburyToWestA509.311,gasoline_euro4,1.03,92867.189019,1961386.923779,468.123176,43.693364,861.528557,625621.678572,0.0
EastAveburyToWestA509.186,1781.0,483_0,0.0,0.0,0.0,3597.0,774_0,29.75,14.76,1816.0,2264.63,1485.0,24,0.0,1664.47,0,tripinfo_EastAveburyToWestA509.186 emissions_EastAveburyToWestA509.186,gasoline_euro4,1.09,271139.99805,4853524.850089,1347.683795,116.248424,2186.795522,1548141.034058,0.0
V6ToEastH6.290,3480.0,468_1,0.0,0.0,0.0,3598.0,522_1,56.88,13.16,118.0,1512.23,0.0,0,0.0,12.35,0,tripinfo_V6ToEastH6.290 emissions_V6ToEastH6.290,electric,1.03,0.0,0.0,0.0,0.0,0.0,0.0,0.0
EastAveburyToWestA509.265,2452.0,483_1,0.0,0.0,0.0,3599.0,774_0,29.75,11.71,1147.0,2241.03,838.0,17,0.0,962.22,0,tripinfo_EastAveburyToWestA509.265 emissions_EastAveburyToWestA509.265,electric,0.89,0.0,0.0,0.0,0.0,0.0,0.0,0.0
EastAveburyToWestA509.283,2605.0,483_1,0.0,0.0,0.0,3601.0,774_0,29.75,15.35,996.0,2325.48,755.0,15,0.0,843.09,0,tripinfo_EastAveburyToWestA509.283 emissions_EastAveburyToWestA509.283,gasoline_euro4,1.13,140030.269576,2795155.186864,702.58039,64.804704,1244.177386,891569.92918,0.0
V6ToEastH6.291,3492.0,468_1,0.0,0.0,0.0,3614.0,522_1,56.88,13.2,122.0,1512.23,0.0,0,0.0,14.51,0,tripinfo_V6ToEastH6.291 emissions_V6ToEastH6.291,gasoline_euro4,1.02,4063.677613,369256.407308,26.512193,5.636792,142.169379,117775.930224,0.0
WestA509ToEastH6.73,2631.0,773_0,0.0,0.0,3.0,3616.0,522_0,56.88,15.03,985.0,2755.17,687.0,14,0.0,815.0,0,tripinfo_WestA509ToEastH6.73 emissions_WestA509ToEastH6.73,gasoline_euro4,1.18,130979.907538,2736114.206103,660.144243,62.442255,1211.545849,872734.933256,0.0
SouthEvansGateToSilbury.187,3366.0,526_0,0.0,0.0,0.0,3622.0,215_1,19.43,14.7,256.0,1471.73,114.0,4,0.0,157.03,0,tripinfo_SouthEvansGateToSilbury.187 emissions_SouthEvansGateToSilbury.187,electric,1.08,0.0,0.0,0.0,0.0,0.0,0.0,0.0
SouthEvansGateToSilbury.183,3294.0,526_0,0.0,0.0,0.0,3624.0,215_0,19.43,11.18,330.0,1471.8,181.0,4,0.0,209.05,0,tripinfo_SouthEvansGateToSilbury.183 emissions_SouthEvansGateToSilbury.183,gasoline_euro4,0.88,35658.012484,864850.249953,182.305106,17.84856,370.317784,275858.768532,0.0
SouthEvansGateToSilbury.186,3348.0,526_0,0.0,0.0,0.0,3624.0,215_1,19.43,12.98,276.0,1471.7,119.0,6,0.0,166.6,0,tripinfo_SouthEvansGateToSilbury.186 emissions_SouthEvansGateToSilbury.186,gasoline_euro4,0.97,27948.296237,769131.408424,145.161305,15.817865,329.437454,245325.234027,0.0
SouthEvansGateToSilbury.184,3312.0,526_0,0.0,0.0,0.0,3626.0,215_0,19.43,11.63,314.0,1471.75,150.0,5,0.0,189.99,0,tripinfo_SouthEvansGateToSilbury.184 emissions_SouthEvansGateToSilbury.184,gasoline_euro4,0.86,32686.304474,835773.474026,168.244199,16.989493,357.005996,266583.351285,0.0
SouthEvansGateToSilbury.185,3330.0,526_0,0.0,0.0,0.0,3626.0,215_1,19.43,14.32,296.0,1471.73,134.0,6,0.0,201.1,0,tripinfo_SouthEvansGateToSilbury.185 emissions_SouthEvansGateToSilbury.185,gasoline_euro4,1.12,32012.283918,858943.16529,165.788234,18.047804,370.286445,273972.023717,0.0
V6ToEastH6.292,3504.0,468_1,0.0,0.0,0.0,3629.0,522_1,56.88,13.12,125.0,1512.23,0.0,0,0.0,12.88,0,tripinfo_V6ToEastH6.292 emissions_V6ToEastH6.292,electric,0.98,0.0,0.0,0.0,0.0,0.0,0.0,0.0
V6ToEastH6.293,3516.0,468_1,0.0,0.0,0.0,3638.0,522_1,56.88,12.96,122.0,1512.23,0.0,0,0.0,13.22,0,tripinfo_V6ToEastH6.293 emissions_V6ToEastH6.293,electric,1.0,0.0,0.0,0.0,0.0,0.0,0.0,0.0
WestA509ToAvebury.143,2574.0,773_0,0.0,0.0,0.0,3671.0,213_0,19.13,13.79,1097.0,2327.58,791.0,27,0.0,934.02,0,tripinfo_WestA509ToAvebury.143 emissions_WestA509ToAvebury.143,electric,1.04,0.0,0.0,0.0,0.0,0.0,0.0,0.0
V6ToEastH6.295,3540.0,468_1,0.0,0.0,0.0,3671.0,522_1,56.88,12.53,131.0,1512.23,0.0,0,0.0,12.55,0,tripinfo_V6ToEastH6.295 emissions_V6ToEastH6.295,gasoline_euro4,0.92,3685.480967,336525.931405,24.274172,4.794382,128.425756,107336.780684,0.0
EastSilburyToEastAvebury.72,1552.0,317_0,0.0,0.0,0.0,3673.0,213_0,19.13,14.68,2121.0,680.87,1912.0,30,0.0,2074.5,0,tripinfo_EastSilburyToEastAvebury.72 emissions_EastSilburyToEastAvebury.72,gasoline_euro4,1.1,337267.390721,5605787.528517,1667.345113,138.764837,2560.228753,1788102.160414,0.0
WestA509ToAvebury.149,2682.0,773_0,0.0,0.0,0.0,3676.0,213_0,19.13,13.11,994.0,2327.58,730.0,18,0.0,822.37,0,tripinfo_WestA509ToAvebury.149 emissions_WestA509ToAvebury.149,gasoline_euro4,0.99,135933.187955,2663050.601876,680.630506,61.173933,1181.589744,849434.851873,0.0
V6ToEastH6.296,3552.0,468_1,0.0,0.0,0.0,3677.0,522_1,56.88,13.42,125.0,1512.23,0.0,0,0.0,20.18,0,tripinfo_V6ToEastH6.296 emissions_V6ToEastH6.296,electric,1.05,0.0,0.0,0.0,0.0,0.0,0.0,0.0
V6ToEastH6.294,3528.0,468_1,0.0,0.0,0.0,3678.0,522_0,56.88,9.98,150.0,1512.23,0.0,0,0.0,13.06,0,tripinfo_V6ToEastH6.294 emissions_V6ToEastH6.294,gasoline_euro4,0.8,4610.778156,359544.202816,29.177213,4.80297,136.647223,114679.296742,0.0
V6ToEastH6.297,3564.0,468_1,0.0,0.0,0.0,3678.0,522_1,56.88,15.76,114.0,1512.23,0.0,0,0.0,18.31,0,tripinfo_V6ToEastH6.297 emissions_V6ToEastH6.297,gasoline_euro4,1.14,4809.130334,390114.806003,30.530128,6.780226,155.536165,124428.178494,0.0
WestA509ToAvebury.102,1839.0,773_0,0.0,0.0,3.0,3679.0,213_0,19.13,11.56,1840.0,2323.29,1493.0,32,0.0,1653.33,0,tripinfo_WestA509ToAvebury.102 emissions_WestA509ToAvebury.102,gasoline_euro4,0.91,270017.739227,4777849.683397,1340.904556,113.79318,2150.335705,1524005.454025,0.0
EastAveburyToWestA509.307,2809.0,483_1,0.0,0.0,0.0,3679.0,774_1,29.75,11.49,870.0,2237.39,569.0,15,0.0,676.44,0,tripinfo_EastAveburyToWestA509.307 emissions_EastAveburyToWestA509.307,electric,0.85,0.0,0.0,0.0,0.0,0.0,0.0,0.0
EastAveburyToWestA509.249,2316.0,483_1,0.0,0.0,0.0,3683.0,774_1,29.75,14.14,1367.0,2244.09,1043.0,25,0.0,1208.53,0,tripinfo_EastAveburyToWestA509.249 emissions_EastAveburyToWestA509.249,electric,1.05,0.0,0.0,0.0,0.0,0.0,0.0,0.0
EastAveburyToWestA509.310,2857.0,483_1,0.0,0.0,22.0,3689.0,774_2,29.75,12.18,832.0,2237.39,539.0,17,0.0,645.6,0,tripinfo_EastAveburyToWestA509.310 emissions_EastAveburyToWestA509.310,gasoline_euro4,0.89,105309.10035,2143610.786475,529.397363,47.940817,944.81553,683747.618655,0.0
EastAveburyToWestA509.321,2958.0,483_1,0.0,0.0,30.0,3690.0,774_0,29.75,9.8,732.0,2237.39,441.0,11,0.0,523.46,0,tripinfo_EastAveburyToWestA509.321 emissions_EastAveburyToWestA509.321,gasoline_euro4,0.79,87755.538031,1850760.627659,442.755738,40.538421,811.214095,590336.083239,0.0
EastAveburyToWestA509.330,3052.0,483_1,0.0,0.0,47.0,3690.0,774_1,29.75,13.41,638.0,2237.39,368.0,15,0.0,480.01,0,tripinfo_EastAveburyToWestA509.330 emissions_EastAveburyToWestA509.330,gasoline_euro4,1.05,77573.03276,1757583.929328,393.982179,38.715392,769.898825,560611.711136,0.0
EastAveburyToWestA509.318,2949.0,483_1,0.0,0.0,46.0,3691.0,774_1,29.75,11.93,742.0,2237.44,456.0,21,0.0,562.93,0,tripinfo_EastAveburyToWestA509.318 emissions_EastAveburyToWestA509.318,gasoline_euro4,0.93,92973.649293,1969153.275615,469.163555,43.90865,867.143418,628098.627863,0.0
V6ToEastH6.299,3588.0,468_1,0.0,0.0,0.0,3700.0,522_1,56.88,15.49,112.0,1512.23,0.0,0,0.0,14.1,0,tripinfo_V6ToEastH6.299 emissions_V6ToEastH6.299,gasoline_euro4,1.12,4227.128229,383915.666906,27.380956,6.171356,148.743168,122451.20513,0.0
EastAveburyToWestA509.182,1747.0,483_1,0.0,0.0,0.0,3702.0,774_1,29.75,14.09,1955.0,2328.59,1559.0,29,0.0,1788.24,0,tripinfo_EastAveburyToWestA509.182 emissions_EastAveburyToWestA509.182,gasoline_euro4,1.05,290160.710937,5196280.81421,1442.32237,124.342307,2342.714052,1657470.700137,0.0
EastAveburyToWestA509.293,2690.0,483_1,0.0,0.0,0.0,3704.0,774_0,29.75,9.78,1014.0,2238.67,649.0,19,0.0,782.1,0,tripinfo_EastAveburyToWestA509.293 emissions_EastAveburyToWestA509.293,electric,0.71,0.0,0.0,0.0,0.0,0.0,0.0,0.0
V6ToEastH6.298,3576.0,468_1,0.0,0.0,0.0,3706.0,522_1,56.88,13.07,130.0,1512.23,0.0,0,0.0,15.55,0,tripinfo_V6ToEastH6.298 emissions_V6ToEastH6.298,gasoline_euro4,0.96,4452.515303,375516.726167,28.588848,5.747322,145.881803,119772.846035,0.0
EastA509ToH6.175,3150.0,770_0,0.0,0.0,0.0,3708.0,522_0,56.88,14.65,558.0,1483.69,388.0,9,0.0,459.38,0,tripinfo_EastA509ToH6.175 emissions_EastA509ToH6.175,electric,1.09,0.0,0.0,0.0,0.0,0.0,0.0,0.0
SouthEvansGateToSilbury.191,3438.0,526_0,0.0,0.0,0.0,3709.0,215_0,19.43,15.23,271.0,1471.74,116.0,5,0.0,178.24,0,tripinfo_SouthEvansGateToSilbury.191 emissions_SouthEvansGateToSilbury.191,electric,1.15,0.0,0.0,0.0,0.0,0.0,0.0,0.0
SouthEvansGateToSilbury.189,3402.0,526_0,0.0,0.0,0.0,3711.0,215_1,19.43,12.12,309.0,1471.7,165.0,4,0.0,193.71,0,tripinfo_SouthEvansGateToSilbury.189 emissions_SouthEvansGateToSilbury.189,gasoline_euro4,0.92,33528.611585,837578.198581,171.763524,17.329754,358.366932,267159.196112,0.0
WestA509ToEastH6.76,2739.0,773_0,0.0,0.0,3.0,3713.0,522_1,56.88,14.44,974.0,2755.17,656.0,15,0.0,783.99,0,tripinfo_WestA509ToEastH6.76 emissions_WestA509ToEastH6.76,electric,1.05,0.0,0.0,0.0,0.0,0.0,0.0,0.0
SouthEvansGateToSilbury.188,3384.0,526_0,0.0,0.0,0.0,3713.0,215_1,19.43,13.3,329.0,1471.71,175.0,5,0.0,218.89,0,tripinfo_SouthEvansGateToSilbury.188 emissions_SouthEvansGateToSilbury.188,gasoline_euro4,0.96,37150.638862,921245.505211,190.493476,19.498351,397.780699,293845.887511,0.0
EastA509ToH6.174,3132.0,770_0,0.0,0.0,0.0,3714.0,522_0,56.88,11.16,582.0,1483.64,392.0,10,0.0,457.6,0,tripinfo_EastA509ToH6.174 emissions_EastA509ToH6.174,gasoline_euro4,0.86,76145.833712,1555533.454066,382.991109,34.891929,686.293219,496168.286048,0.0
SouthEvansGateToSilbury.190,3420.0,526_0,0.0,0.0,0.0,3715.0,215_1,19.43,14.65,295.0,1471.73,136.0,6,0.0,197.09,0,tripinfo_SouthEvansGateToSilbury.190 emissions_SouthEvansGateToSilbury.190,gasoline_euro4,1.09,31898.446733,871887.76959,165.160264,17.944517,372.631057,278100.957131,0.0
WestH6ToSaxonSt.179,2148.0,524_0,0.0,0.0,0.0,3751.0,771_1,56.88,11.68,1603.0,2767.88,1211.0,20,0.0,1381.06,0,tripinfo_WestH6ToSaxonSt.179 emissions_WestH6ToSaxonSt.179,gasoline_euro4,0.93,224698.88006,4202308.689532,1121.274266,98.380396,1880.894421,1340417.126164,0.0
EastAveburyToWestA509.325,3037.0,483_1,0.0,0.0,75.0,3755.0,774_2,29.75,13.82,718.0,2237.39,451.0,17,0.0,558.65,0,tripinfo_EastAveburyToWestA509.325 emissions_EastAveburyToWestA509.325,electric,1.04,0.0,0.0,0.0,0.0,0.0,0.0,0.0
WestA509ToAvebury.153,2754.0,773_0,0.0,0.0,0.0,3756.0,213_0,19.13,12.7,1002.0,2327.58,708.0,15,0.0,817.15,0,tripinfo_WestA509ToAvebury.153 emissions_WestA509ToAvebury.153,gasoline_euro4,0.92,133643.269105,2601862.131883,669.018189,59.456417,1153.98429,829918.37694,0.0
EastAveburyToWestA509.314,2869.0,483_1,0.0,0.0,0.0,3757.0,774_2,29.75,14.41,888.0,2237.39,575.0,17,0.0,734.41,0,tripinfo_EastAveburyToWestA509.314 emissions_EastAveburyToWestA509.314,gasoline_euro4,1.08,116593.865121,2360989.255223,585.72953,53.983825,1047.291735,753083.878511,0.0
WestA509ToAvebury.155,2790.0,773_0,0.0,0.0,0.0,3758.0,213_0,19.13,14.65,968.0,2327.58,693.0,17,0.0,808.32,0,tripinfo_WestA509ToAvebury.155 emissions_WestA509ToAvebury.155,gasoline_euro4,1.06,131013.377566,2604187.911556,656.960639,59.896724,1156.276762,830658.038982,0.0
WestA509ToAvebury.156,2811.0,773_0,0.0,0.0,3.0,3762.0,213_0,19.13,12.43,951.0,2327.58,662.0,16,0.0,766.52,0,tripinfo_WestA509ToAvebury.156 emissions_WestA509ToAvebury.156,gasoline_euro4,0.92,126412.027899,2514147.44872,634.101848,57.309,1114.790903,801938.32293,0.0
WestA509ToAvebury.137,2466.0,773_0,0.0,0.0,0.0,3765.0,213_0,19.13,11.21,1299.0,2327.58,964.0,28,0.0,1106.76,0,tripinfo_WestA509ToAvebury.137 emissions_WestA509ToAvebury.137,electric,0.88,0.0,0.0,0.0,0.0,0.0,0.0,0.0
WestA509ToAvebury.157,2826.0,773_0,0.0,0.0,0.0,3767.0,213_0,19.13,13.58,941.0,2327.58,660.0,20,0.0,774.06,0,tripinfo_WestA509ToAvebury.157 emissions_WestA509ToAvebury.157,gasoline_euro4,1.02,125586.016062,2509105.228755,630.065076,57.344603,1112.677196,800329.483222,0.0
EastAveburyToWestA509.313,2866.0,483_1,0.0,0.0,6.0,3767.0,774_1,29.75,12.37,901.0,2237.39,600.0,18,0.0,724.92,0,tripinfo_EastAveburyToWestA509.313 emissions_EastAveburyToWestA509.313,electric,0.94,0.0,0.0,0.0,0.0,0.0,0.0,0.0
EastAveburyToWestA509.317,2945.0,483_1,0.0,0.0,51.0,3767.0,774_2,29.75,14.05,822.0,2237.39,535.0,14,0.0,671.63,0,tripinfo_EastAveburyToWestA509.317 emissions_EastAveburyToWestA509.317,electric,1.1,0.0,0.0,0.0,0.0,0.0,0.0,0.0
WestA509ToAvebury.154,2772.0,773_0,0.0,0.0,0.0,3768.0,213_0,19.13,14.84,996.0,2327.58,720.0,14,0.0,838.33,0,tripinfo_WestA509ToAvebury.154 emissions_WestA509ToAvebury.154,gasoline_euro4,1.07,136602.109147,2684475.050162,683.823572,61.7958,1190.783729,856268.157683,0.0
EastAveburyToWestA509.327,3043.0,483_1,0.0,0.0,64.0,3769.0,774_1,29.75,13.33,726.0,2237.44,429.0,13,0.0,562.8,0,tripinfo_EastAveburyToWestA509.327 emissions_EastAveburyToWestA509.327,gasoline_euro4,1.01,90402.090988,1952506.067115,456.8462,43.299439,857.202888,622787.847989,0.0
EastAveburyToWestA509.328,3046.0,483_1,0.0,0.0,58.0,3771.0,774_2,29.75,14.13,725.0,2237.39,434.0,21,0.0,568.74,0,tripinfo_EastAveburyToWestA509.328 emissions_EastAveburyToWestA509.328,gasoline_euro4,1.06,90162.438271,1942130.418901,455.642634,43.584438,856.015822,619477.896799,0.0
EastAveburyToWestA509.320,2955.0,483_1,0.0,0.0,35.0,3774.0,774_1,29.75,12.62,819.0,2240.6,512.0,19,0.0,647.59,0,tripinfo_EastAveburyToWestA509.320 emissions_EastAveburyToWestA509.320,electric,0.97,0.0,0.0,0.0,0.0,0.0,0.0,0.0
EastAveburyToWestA509.187,1789.0,483_0,0.0,0.0,0.0,3777.0,774_0,29.75,12.46,1988.0,2243.98,1653.0,25,0.0,1819.54,0,tripinfo_EastAveburyToWestA509.187 emissions_EastAveburyToWestA509.187,gasoline_euro4,0.97,296137.802368,5207225.120543,1470.211269,125.212142,2351.654553,1660964.45284,0.0
WestA509ToEastH6.78,2808.0,773_0,0.0,0.0,0.0,3784.0,522_0,56.88,13.79,976.0,2755.17,660.0,13,0.0,785.92,0,tripinfo_WestA509ToEastH6.78 emissions_WestA509ToEastH6.78,gasoline_euro4,1.05,128706.702604,2670805.074111,647.754708,60.398655,1178.189453,851904.536114,0.0
SouthEvansGateToSilbury.194,3492.0,526_0,0.0,0.0,0.0,3798.0,215_0,19.43,14.2,306.0,1471.74,151.0,5,0.0,206.46,0,tripinfo_SouthEvansGateToSilbury.194 emissions_SouthEvansGateToSilbury.194,gasoline_euro4,1.07,33869.680775,883463.860381,174.598648,18.553176,380.592047,281793.838038,0.0
SouthEvansGateToSilbury.195,3510.0,526_0,0.0,0.0,0.0,3800.0,215_1,19.43,11.96,290.0,1471.68,142.0,5,0.0,172.03,0,tripinfo_SouthEvansGateToSilbury.195 emissions_SouthEvansGateToSilbury.195,electric,0.9,0.0,0.0,0.0,0.0,0.0,0.0,0.0
SouthEvansGateToSilbury.193,3474.0,526_0,0.0,0.0,0.0,3802.0,215_1,19.43,12.15,328.0,1471.7,172.0,5,0.0,215.52,0,tripinfo_SouthEvansGateToSilbury.193 emissions_SouthEvansGateToSilbury.193,gasoline_euro4,0.95,36330.765267,904742.209308,186.304528,18.955752,389.316541,288582.020523,0.0
SouthEvansGateToSilbury.192,3456.0,526_0,0.0,0.0,0.0,3803.0,215_0,19.43,10.4,347.0,1471.8,174.0,5,0.0,216.99,0,tripinfo_SouthEvansGateToSilbury.192 emissions_SouthEvansGateToSilbury.192,gasoline_euro4,0.82,37723.645039,910465.412278,192.940252,18.744036,390.923679,290408.577038,0.0
SouthEvansGateToSilbury.197,3546.0,526_0,0.0,0.0,0.0,3803.0,215_1,19.43,13.84,257.0,1471.71,100.0,4,0.0,152.03,0,tripinfo_SouthEvansGateToSilbury.197 emissions_SouthEvansGateToSilbury.197,electric,1.01,0.0,0.0,0.0,0.0,0.0,0.0,0.0
SouthEvansGateToSilbury.196,3528.0,526_0,0.0,0.0,0.0,3805.0,215_1,19.43,12.93,277.0,1471.73,106.0,4,0.0,163.46,0,tripinfo_SouthEvansGateToSilbury.196 emissions_SouthEvansGateToSilbury.196,electric,0.94,0.0,0.0,0.0,0.0,0.0,0.0,0.0
WestH6ToSaxonSt.183,2196.0,524_0,0.0,0.0,0.0,3841.0,771_1,56.88,11.73,1645.0,2767.88,1230.0,21,0.0,1417.76,0,tripinfo_WestH6ToSaxonSt.183 emissions_WestH6ToSaxonSt.183,gasoline_euro4,0.91,230871.456465,4302285.599368,1151.753133,100.682329,1925.764135,1372307.482842,0.0
EastAveburyToWestA509.254,2359.0,483_1,0.0,0.0,0.0,3842.0,774_2,29.75,14.28,1483.0,2240.45,1173.0,17,0.0,1327.96,0,tripinfo_EastAveburyToWestA509.254 emissions_EastAveburyToWestA509.254,gasoline_euro4,1.07,214632.064134,3918711.070451,1068.693171,92.787308,1759.350705,1249959.611662,0.0
EastAveburyToWestA509.256,2376.0,483_1,0.0,0.0,0.0,3844.0,774_2,29.75,14.81,1468.0,2240.45,1169.0,19,0.0,1314.28,0,tripinfo_EastAveburyToWestA509.256 emissions_EastAveburyToWestA509.256,electric,1.08,0.0,0.0,0.0,0.0,0.0,0.0,0.0
EastAveburyToWestA509.315,2877.0,483_1,0.0,0.0,0.0,3851.0,774_2,29.75,14.96,974.0,2237.44,719.0,13,0.0,820.47,0,tripinfo_EastAveburyToWestA509.315 emissions_EastAveburyToWestA509.315,gasoline_euro4,1.08,133904.212207,2634300.133444,670.490115,60.675713,1168.74742,840263.736143,0.0
EastAveburyToWestA509.322,2961.0,483_1,0.0,0.0,24.0,3852.0,774_2,29.75,15.73,891.0,2237.44,613.0,13,0.0,745.5,0,tripinfo_EastAveburyToWestA509.322 emissions_EastAveburyToWestA509.322,electric,1.14,0.0,0.0,0.0,0.0,0.0,0.0,0.0
EastAveburyToWestA509.331,3121.0,483_1,0.0,0.0,108.0,3855.0,774_2,29.75,14.03,734.0,2237.39,470.0,20,0.0,581.26,0,tripinfo_EastAveburyToWestA509.331 emissions_EastAveburyToWestA509.331,electric,1.09,0.0,0.0,0.0,0.0,0.0,0.0,0.0
EastAveburyToWestA509.333,3127.0,483_1,0.0,0.0,97.0,3861.0,774_2,29.75,12.49,734.0,2237.39,459.0,18,0.0,565.9,0,tripinfo_EastAveburyToWestA509.333 emissions_EastAveburyToWestA509.333,electric,0.99,0.0,0.0,0.0,0.0,0.0,0.0,0.0
EastAveburyToWestA509.258,2393.0,483_1,0.0,0.0,0.0,3867.0,774_0,29.75,10.29,1474.0,2221.11,1144.0,17,0.0,1271.2,0,tripinfo_EastAveburyToWestA509.258 emissions_EastAveburyToWestA509.258,electric,0.8,0.0,0.0,0.0,0.0,0.0,0.0,0.0
EastA509ToH6.173,3114.0,770_0,0.0,0.0,0.0,3873.0,522_0,56.88,14.03,759.0,1483.69,573.0,12,0.0,659.65,0,tripinfo_EastA509ToH6.173 emissions_EastA509ToH6.173,electric,1.08,0.0,0.0,0.0,0.0,0.0,0.0,0.0
EastA509ToH6.172,3096.0,770_0,0.0,0.0,0.0,3879.0,522_0,56.88,12.86,783.0,1444.96,615.0,9,0.0,672.92,0,tripinfo_EastA509ToH6.172 emissions_EastA509ToH6.172,electric,0.94,0.0,0.0,0.0,0.0,0.0,0.0,0.0
WestA509ToEastH6.79,2847.0,773_0,0.0,0.0,3.0,3880.0,522_1,56.88,12.82,1033.0,2755.17,702.0,15,0.0,833.82,0,tripinfo_WestA509ToEastH6.79 emissions_WestA509ToEastH6.79,electric,1.0,0.0,0.0,0.0,0.0,0.0,0.0,0.0
WestA509ToEastH6.80,2880.0,773_0,0.0,0.0,0.0,3884.0,522_0,56.88,12.9,1004.0,2755.17,673.0,15,0.0,800.05,0,tripinfo_WestA509ToEastH6.80 emissions_WestA509ToEastH6.80,gasoline_euro4,0.98,130011.920485,2665569.283617,653.744866,60.138273,1175.764558,850235.638667,0.0
WestA509ToEastH6.77,2775.0,773_0,0.0,0.0,3.0,3885.0,522_1,56.88,13.35,1110.0,2755.17,774.0,16,0.0,913.72,0,tripinfo_WestA509ToEastH6.77 emissions_WestA509ToEastH6.77,gasoline_euro4,1.02,148279.903145,2958856.472507,743.680859,67.622489,1310.866652,943786.828254,0.0
SouthEvansGateToSilbury.198,3564.0,526_0,0.0,0.0,0.0,3887.0,215_1,19.43,12.19,323.0,1471.73,182.0,4,0.0,212.18,0,tripinfo_SouthEvansGateToSilbury.198 emissions_SouthEvansGateToSilbury.198,gasoline_euro4,0.96,36428.371852,892691.014602,186.306087,18.92448,385.072046,284738.218114,0.0
EastA509ToH6.177,3186.0,770_0,0.0,0.0,0.0,3889.0,522_1,56.88,14.47,703.0,1483.69,516.0,9,0.0,608.68,0,tripinfo_EastA509ToH6.177 emissions_EastA509ToH6.177,electric,1.13,0.0,0.0,0.0,0.0,0.0,0.0,0.0
SouthEvansGateToSilbury.199,3582.0,526_0,0.0,0.0,0.0,3889.0,215_1,19.43,13.23,307.0,1471.68,158.0,6,0.0,204.14,0,tripinfo_SouthEvansGateToSilbury.199 emissions_SouthEvansGateToSilbury.199,electric,1.04,0.0,0.0,0.0,0.0,0.0,0.0,0.0
EastA509ToH6.176,3168.0,770_0,0.0,0.0,0.0,3891.0,522_0,56.88,12.41,723.0,1483.69,519.0,10,0.0,605.06,0,tripinfo_EastA509ToH6.176 emissions_EastA509ToH6.176,gasoline_euro4,0.91,98560.169487,1929983.579148,493.806314,44.42553,859.002647,615607.862811,0.0
WestA509ToEastH6.81,2919.0,773_0,0.0,0.0,3.0,3897.0,522_0,56.88,10.95,978.0,2755.17,627.0,13,0.0,742.9,0,tripinfo_WestA509ToEastH6.81 emissions_WestA509ToEastH6.81,electric,0.85,0.0,0.0,0.0,0.0,0.0,0.0,0.0
EastA509ToH6.179,3222.0,770_0,0.0,0.0,0.0,3898.0,522_1,56.88,12.14,676.0,1483.69,478.0,9,0.0,557.6,0,tripinfo_EastA509ToH6.179 emissions_EastA509ToH6.179,electric,0.91,0.0,0.0,0.0,0.0,0.0,0.0,0.0
WestH6ToSaxonSt.181,2172.0,524_0,0.0,0.0,0.0,3928.0,771_1,56.88,11.17,1756.0,2767.88,1335.0,24,0.0,1515.48,0,tripinfo_WestH6ToSaxonSt.181 emissions_WestH6ToSaxonSt.181,gasoline_euro4,0.86,247611.322626,4553667.064351,1233.948673,106.895216,2041.166592,1452492.723059,0.0
WestH6ToSaxonSt.198,2376.0,524_0,0.0,0.0,0.0,3930.0,771_1,56.88,13.45,1554.0,2555.04,1259.0,11,0.0,1361.84,0,tripinfo_WestH6ToSaxonSt.198 emissions_WestH6ToSaxonSt.198,gasoline_euro4,0.97,222512.991944,4061874.041838,1107.792157,95.697186,1819.793004,1295625.29098,0.0
WestA509ToAvebury.158,2844.0,773_0,0.0,0.0,0.0,3933.0,213_0,19.13,13.79,1089.0,2327.58,786.0,20,0.0,921.27,0,tripinfo_WestA509ToAvebury.158 emissions_WestA509ToAvebury.158,gasoline_euro4,1.0,149009.325258,2883871.478305,745.600767,66.583323,1283.478275,919870.909278,0.0
EastAveburyToWestA509.266,2461.0,483_1,0.0,0.0,0.0,3939.0,774_2,29.75,14.29,1478.0,2240.45,1139.0,22,0.0,1317.57,0,tripinfo_EastAveburyToWestA509.266 emissions_EastAveburyToWestA509.266,electric,1.03,0.0,0.0,0.0,0.0,0.0,0.0,0.0
EastAveburyToWestA509.267,2469.0,483_1,0.0,0.0,0.0,3939.0,774_1,29.75,11.76,1470.0,2240.45,1138.0,21,0.0,1286.34,0,tripinfo_EastAveburyToWestA509.267 emissions_EastAveburyToWestA509.267,electric,0.9,0.0,0.0,0.0,0.0,0.0,0.0,0.0
EastAveburyToWestA509.188,1798.0,483_0,0.0,0.0,0.0,3940.0,774_0,29.75,14.15,2142.0,2247.27,1818.0,21,0.0,1985.69,0,tripinfo_EastAveburyToWestA509.188 emissions_EastAveburyToWestA509.188,gasoline_euro4,1.05,324155.715554,5698204.758102,1608.969221,137.486719,2575.358143,1817573.219208,0.0
EastSilburyToEastAvebury.101,2016.0,317_0,0.0,0.0,0.0,3941.0,213_0,19.13,15.71,1925.0,1576.69,1648.0,31,0.0,1830.69,0,tripinfo_EastSilburyToEastAvebury.101 emissions_EastSilburyToEastAvebury.101,electric,1.22,0.0,0.0,0.0,0.0,0.0,0.0,0.0
WestA509ToAvebury.113,2034.0,773_0,0.0,0.0,0.0,3943.0,213_0,19.13,16.29,1909.0,2322.44,1579.0,31,0.0,1766.35,0,tripinfo_WestA509ToAvebury.113 emissions_WestA509ToAvebury.113,electric,1.19,0.0,0.0,0.0,0.0,0.0,0.0,0.0
EastAveburyToWestA509.251,2333.0,483_1,0.0,0.0,0.0,3950.0,774_1,29.75,12.78,1617.0,2240.45,1274.0,26,0.0,1436.91,0,tripinfo_EastAveburyToWestA509.251 emissions_EastAveburyToWestA509.251,electric,0.92,0.0,0.0,0.0,0.0,0.0,0.0,0.0
EastAveburyToWestA509.332,3124.0,483_1,0.0,0.0,102.0,3950.0,774_2,29.75,13.46,826.0,2237.39,540.0,19,0.0,663.16,0,tripinfo_EastAveburyToWestA509.332 emissions_EastAveburyToWestA509.332,gasoline_euro4,1.02,106724.81912,2183970.88825,536.296329,49.20768,962.716776,696620.54663,0.0
EastAveburyToWestA509.294,2699.0,483_1,0.0,0.0,0.0,3961.0,774_0,29.75,10.7,1262.0,2325.54,907.0,22,0.0,1060.52,0,tripinfo_EastAveburyToWestA509.294 emissions_EastAveburyToWestA509.294,gasoline_euro4,0.86,173910.222121,3310594.856641,869.243495,76.738395,1477.893282,1055984.58529,0.0
EastA509ToH6.180,3240.0,770_0,0.0,0.0,0.0,3961.0,522_0,56.88,14.12,721.0,1483.69,531.0,9,0.0,619.88,0,tripinfo_EastA509ToH6.180 emissions_EastA509ToH6.180,gasoline_euro4,1.06,101111.61688,1980053.702368,506.575425,46.088914,883.902486,631578.170079,0.0
EastA509ToH6.178,3204.0,770_0,0.0,0.0,0.0,3966.0,522_0,56.88,13.07,762.0,1483.69,567.0,9,0.0,651.66,0,tripinfo_EastA509ToH6.178 emissions_EastA509ToH6.178,electric,0.97,0.0,0.0,0.0,0.0,0.0,0.0,0.0
EastA509ToH6.182,3276.0,770_0,0.0,0.0,0.0,3976.0,522_1,56.88,12.36,700.0,1483.69,514.0,9,0.0,589.88,0,tripinfo_EastA509ToH6.182 emissions_EastA509ToH6.182,gasoline_euro4,0.97,96611.724302,1893408.445834,484.135594,43.789213,844.007104,603941.183824,0.0
EastA509ToH6.181,3258.0,770_0,0.0,0.0,0.0,3977.0,522_0,56.88,10.97,719.0,1483.64,513.0,10,0.0,593.08,0,tripinfo_EastA509ToH6.181 emissions_EastA509ToH6.181,electric,0.85,0.0,0.0,0.0,0.0,0.0,0.0,0.0
EastA509ToH6.185,3330.0,770_0,0.0,0.0,0.0,3979.0,522_0,56.88,13.2,649.0,1483.64,453.0,10,0.0,543.68,0,tripinfo_EastA509ToH6.185 emissions_EastA509ToH6.185,gasoline_euro4,1.02,88149.809104,1778726.284929,442.90013,41.042738,792.230098,567359.404198,0.0
WestA509ToAvebury.110,1980.0,773_0,0.0,0.0,0.0,4017.0,213_0,19.13,13.6,2037.0,2249.98,1724.0,22,0.0,1872.14,0,tripinfo_WestA509ToAvebury.110 emissions_WestA509ToAvebury.110,electric,0.99,0.0,0.0,0.0,0.0,0.0,0.0,0.0
WestA509ToAvebury.164,2952.0,773_0,0.0,0.0,0.0,4020.0,213_0,19.13,11.94,1068.0,2327.58,745.0,20,0.0,876.01,0,tripinfo_WestA509ToAvebury.164 emissions_WestA509ToAvebury.164,gasoline_euro4,0.88,142206.379708,2749686.560248,711.545305,62.927979,1220.92906,877070.55666,0.0
WestA509ToAvebury.163,2934.0,773_0,0.0,0.0,0.0,4022.0,213_0,19.13,12.02,1088.0,2327.58,752.0,22,0.0,901.68,0,tripinfo_WestA509ToAvebury.163 emissions_WestA509ToAvebury.163,gasoline_euro4,0.91,145936.368978,2813694.648757,730.0399,64.387992,1248.874539,897487.572818,0.0
EastSilburyToEastAvebury.71,1536.0,317_0,0.0,0.0,0.0,4024.0,213_0,19.13,13.9,2488.0,680.87,2275.0,30,0.0,2438.56,0,tripinfo_EastSilburyToEastAvebury.71 emissions_EastSilburyToEastAvebury.71,gasoline_euro4,1.03,396032.581985,6523383.79661,1956.442467,161.829636,2981.409414,2080793.661135,0.0
EastAveburyToWestA509.261,2418.0,483_1,0.0,0.0,0.0,4025.0,774_1,29.75,12.95,1607.0,2217.55,1279.0,23,0.0,1434.24,0,tripinfo_EastAveburyToWestA509.261 emissions_EastAveburyToWestA509.261,electric,0.94,0.0,0.0,0.0,0.0,0.0,0.0,0.0
WestA509ToAvebury.136,2451.0,773_0,0.0,0.0,3.0,4026.0,213_0,19.13,13.95,1575.0,2312.08,1284.0,21,0.0,1409.11,0,tripinfo_WestA509ToAvebury.136 emissions_WestA509ToAvebury.136,gasoline_euro4,1.01,230367.728703,4191556.74484,1146.94831,99.730724,1885.708684,1336989.74936,0.0
EastAveburyToWestA509.337,3139.0,483_1,0.0,0.0,75.0,4026.0,774_2,29.75,12.94,887.0,2237.44,605.0,22,0.0,724.65,0,tripinfo_EastAveburyToWestA509.337 emissions_EastAveburyToWestA509.337,electric,1.02,0.0,0.0,0.0,0.0,0.0,0.0,0.0
EastAveburyToWestA509.340,3216.0,483_1,0.0,0.0,126.0,4027.0,774_2,29.75,14.1,811.0,2237.39,532.0,19,0.0,660.87,0,tripinfo_EastAveburyToWestA509.340 emissions_EastAveburyToWestA509.340,gasoline_euro4,1.1,105636.143787,2190781.637277,531.900953,49.692674,969.146028,698791.660255,0.0
WestA509ToAvebury.165,2970.0,773_0,0.0,0.0,0.0,4028.0,213_0,19.13,14.42,1058.0,2327.58,746.0,20,0.0,899.51,0,tripinfo_WestA509ToAvebury.165 emissions_WestA509ToAvebury.165,gasoline_euro4,1.07,144509.718219,2840545.203182,724.154239,65.458874,1263.044095,906049.807971,0.0
EastAveburyToWestA509.350,3312.0,483_1,0.0,0.0,137.0,4030.0,774_2,29.75,13.98,718.0,2237.39,423.0,12,0.0,554.57,0,tripinfo_EastAveburyToWestA509.350 emissions_EastAveburyToWestA509.350,gasoline_euro4,1.01,87865.722675,1904584.576077,444.361801,42.148456,836.240471,607502.282508,0.0
EastAveburyToWestA509.335,3132.0,483_1,0.0,0.0,85.0,4034.0,774_1,29.75,12.6,902.0,2237.39,598.0,21,0.0,732.04,0,tripinfo_EastAveburyToWestA509.335 emissions_EastAveburyToWestA509.335,gasoline_euro4,0.98,118364.746659,2377927.235881,594.276705,53.879602,1051.381089,758487.779862,0.0
EastAveburyToWestA509.347,3303.0,483_1,0.0,0.0,154.0,4035.0,774_2,29.75,14.2,732.0,2237.39,439.0,20,0.0,581.42,0,tripinfo_EastAveburyToWestA509.347 emissions_EastAveburyToWestA509.347,gasoline_euro4,1.1,92104.262745,1986676.940607,465.530712,44.225983,873.634785,633687.148926,0.0
EastAveburyToWestA509.200,1900.0,483_0,0.0,0.0,0.0,4041.0,774_0,29.75,12.15,2141.0,2235.89,1771.0,27,0.0,1953.85,0,tripinfo_EastAveburyToWestA509.200 emissions_EastAveburyToWestA509.200,gasoline_euro4,0.9,318281.078121,5541103.962106,1578.788351,133.328017,2503.57962,1767464.684127,0.0
EastAveburyToWestA509.233,2180.0,483_1,0.0,0.0,0.0,4062.0,774_0,29.75,10.98,1882.0,2328.6,1489.0,27,0.0,1678.33,0,tripinfo_EastAveburyToWestA509.233 emissions_EastAveburyToWestA509.233,gasoline_euro4,0.85,274407.382257,4895354.886246,1364.141326,116.519892,2204.95669,1561484.978897,0.0
WestA509ToEastH6.82,2955.0,773_0,0.0,0.0,3.0,4064.0,522_0,56.88,13.61,1109.0,2755.17,739.0,20,0.0,921.84,0,tripinfo_WestA509ToEastH6.82 emissions_WestA509ToEastH6.82,electric,1.06,0.0,0.0,0.0,0.0,0.0,0.0,0.0
WestH6ToSaxonSt.187,2244.0,524_0,0.0,0.0,0.0,4091.0,771_1,56.88,14.23,1847.0,2765.44,1434.0,23,0.0,1650.26,0,tripinfo_WestH6ToSaxonSt.187 emissions_WestH6ToSaxonSt.187,gasoline_euro4,1.05,266596.529701,4920518.44708,1328.450228,116.570777,2210.340068,1569506.223442,0.0
WestH6ToSaxonSt.199,2388.0,524_0,0.0,0.0,0.0,4093.0,771_1,56.88,13.64,1705.0,2555.04,1396.0,17,0.0,1523.83,0,tripinfo_WestH6ToSaxonSt.199 emissions_WestH6ToSaxonSt.199,gasoline_euro4,1.03,247519.124617,4464719.519316,1230.964001,106.192622,2006.08519,1424122.536678,0.0
EastAveburyToWestA509.359,3404.0,483_1,0.0,0.0,153.0,4116.0,774_1,29.75,13.15,712.0,2237.92,414.0,18,0.0,549.35,0,tripinfo_EastAveburyToWestA509.359 emissions_EastAveburyToWestA509.359,electric,1.02,0.0,0.0,0.0,0.0,0.0,0.0,0.0
EastAveburyToWestA509.288,2648.0,483_1,0.0,0.0,0.0,4119.0,774_2,29.75,13.44,1471.0,2240.5,1134.0,21,0.0,1310.45,0,tripinfo_EastAveburyToWestA509.288 emissions_EastAveburyToWestA509.288,gasoline_euro4,1.03,210613.973419,3855004.320047,1048.936595,91.314012,1732.27413,1229638.492739,0.0
EastAveburyToWestA509.345,3297.0,483_1,0.0,0.0,165.0,4119.0,774_1,29.75,11.23,822.0,2237.44,512.0,21,0.0,626.55,0,tripinfo_EastAveburyToWestA509.345 emissions_EastAveburyToWestA509.345,gasoline_euro4,0.85,102563.101259,2107186.017824,516.116208,46.607139,926.010771,672129.153683,0.0
EastAveburyToWestA509.351,3315.0,483_1,0.0,0.0,132.0,4123.0,774_2,29.75,14.29,808.0,2237.44,505.0,23,0.0,647.87,0,tripinfo_EastAveburyToWestA509.351 emissions_EastAveburyToWestA509.351,gasoline_euro4,1.03,103887.674472,2170234.197899,523.138625,48.697277,956.658054,692237.731479,0.0
EastAveburyToWestA509.356,3395.0,483_1,0.0,0.0,169.0,4123.0,774_1,29.75,11.83,728.0,2237.44,416.0,21,0.0,551.26,0,tripinfo_EastAveburyToWestA509.356 emissions_EastAveburyToWestA509.356,gasoline_euro4,0.94,88906.656661,1909732.445668,449.11102,42.258705,838.281423,609144.831957,0.0
EastAveburyToWestA509.280,2580.0,483_1,0.0,0.0,0.0,4125.0,774_1,29.75,16.06,1545.0,2240.45,1201.0,18,0.0,1404.31,0,tripinfo_EastAveburyToWestA509.280 emissions_EastAveburyToWestA509.280,electric,1.18,0.0,0.0,0.0,0.0,0.0,0.0,0.0
EastAveburyToWestA509.349,3309.0,483_1,0.0,0.0,143.0,4127.0,774_0,29.75,11.02,818.0,2241.07,480.0,20,0.0,619.04,0,tripinfo_EastAveburyToWestA509.349 emissions_EastAveburyToWestA509.349,gasoline_euro4,0.83,99905.723236,2056998.974552,502.869964,45.625177,905.317923,656120.679452,0.0
EastAveburyToWestA509.276,2546.0,483_1,0.0,0.0,0.0,4128.0,774_1,29.75,11.47,1582.0,2195.56,1299.0,14,0.0,1408.04,0,tripinfo_EastAveburyToWestA509.276 emissions_EastAveburyToWestA509.276,electric,0.92,0.0,0.0,0.0,0.0,0.0,0.0,0.0
WestA509ToEastH6.83,2991.0,773_0,0.0,0.0,3.0,4138.0,522_0,56.88,13.7,1147.0,2755.17,779.0,17,0.0,951.89,0,tripinfo_WestA509ToEastH6.83 emissions_WestA509ToEastH6.83,electric,1.02,0.0,0.0,0.0,0.0,0.0,0.0,0.0
EastA509ToH6.184,3312.0,770_0,0.0,0.0,0.0,4144.0,522_0,56.88,11.65,832.0,1483.69,638.0,9,0.0,714.4,0,tripinfo_EastA509ToH6.184 emissions_EastA509ToH6.184,gasoline_euro4,0.91,117050.784601,2206752.105961,584.466791,51.438966,986.22474,703890.904044,0.0
EastA509ToH6.186,3348.0,770_0,0.0,0.0,0.0,4147.0,522_0,56.88,11.9,799.0,1483.64,597.0,9,0.0,682.29,0,tripinfo_EastA509ToH6.186 emissions_EastA509ToH6.186,gasoline_euro4,0.92,111363.663105,2118136.312585,556.482919,49.330592,946.518861,675624.40959,0.0
EastA509ToH6.187,3366.0,770_0,0.0,0.0,0.0,4147.0,522_1,56.88,13.46,781.0,1483.69,586.0,11,0.0,674.65,0,tripinfo_EastA509ToH6.187 emissions_EastA509ToH6.187,gasoline_euro4,1.01,109762.580081,2108411.365925,548.873758,49.195634,942.238521,672521.626204,0.0
EastA509ToH6.189,3402.0,770_0,0.0,0.0,0.0,4151.0,522_0,56.88,13.19,749.0,1483.64,552.0,10,0.0,637.0,0,tripinfo_EastA509ToH6.189 emissions_EastA509ToH6.189,gasoline_euro4,0.96,104014.481991,2001378.499657,520.511539,46.7261,895.260615,638381.131228,0.0
EastA509ToH6.190,3420.0,770_0,0.0,0.0,0.0,4151.0,522_1,56.88,14.01,731.0,1483.69,539.0,9,0.0,629.74,0,tripinfo_EastA509ToH6.190 emissions_EastA509ToH6.190,gasoline_euro4,1.06,101990.27688,1990516.099669,510.655334,46.243126,887.844579,634915.662161,0.0
EastA509ToH6.188,3384.0,770_0,0.0,0.0,0.0,4159.0,522_0,56.88,10.84,775.0,1483.69,568.0,9,0.0,650.41,0,tripinfo_EastA509ToH6.188 emissions_EastA509ToH6.188,gasoline_euro4,0.86,106732.60895,2025612.477551,533.404578,47.062826,905.144258,646112.214876,0.0
WestA509ToEastH6.84,3024.0,773_0,0.0,0.0,0.0,4163.0,522_1,56.88,12.05,1139.0,2755.17,760.0,14,0.0,923.66,0,tripinfo_WestA509ToEastH6.84 emissions_WestA509ToEastH6.84,electric,0.93,0.0,0.0,0.0,0.0,0.0,0.0,0.0
EastA509ToH6.191,3438.0,770_0,0.0,0.0,0.0,4163.0,522_0,56.88,11.73,725.0,1483.69,519.0,9,0.0,600.06,0,tripinfo_EastA509ToH6.191 emissions_EastA509ToH6.191,gasoline_euro4,0.86,97937.40095,1890619.356707,490.145871,43.534929,842.088167,603052.678645,0.0
WestH6ToSaxonSt.185,2220.0,524_0,0.0,0.0,0.0,4181.0,771_1,56.88,12.32,1961.0,2767.88,1536.0,21,0.0,1749.38,0,tripinfo_WestH6ToSaxonSt.185 emissions_WestH6ToSaxonSt.185,gasoline_euro4,0.97,282125.511663,5149432.002617,1404.912083,122.206031,2315.924993,1642524.941396,0.0
WestH6ToSaxonSt.200,2400.0,524_0,0.0,0.0,0.0,4183.0,771_1,56.88,14.64,1783.0,2555.07,1457.0,23,0.0,1619.2,0,tripinfo_WestH6ToSaxonSt.200 emissions_WestH6ToSaxonSt.200,electric,1.14,0.0,0.0,0.0,0.0,0.0,0.0,0.0
WestH6ToSaxonSt.201,2412.0,524_0,0.0,0.0,0.0,4185.0,771_1,56.88,12.6,1773.0,2555.0,1434.0,19,0.0,1585.06,0,tripinfo_WestH6ToSaxonSt.201 emissions_WestH6ToSaxonSt.201,electric,0.99,0.0,0.0,0.0,0.0,0.0,0.0,0.0
WestA509ToAvebury.94,1692.0,773_0,0.0,0.0,0.0,4197.0,213_0,19.13,11.0,2505.0,2277.75,2187.0,18,0.0,2290.52,0,tripinfo_WestA509ToAvebury.94 emissions_WestA509ToAvebury.94,electric,0.86,0.0,0.0,0.0,0.0,0.0,0.0,0.0
EastAveburyToWestA509.342,3222.0,483_1,0.0,0.0,115.0,4198.0,774_2,29.75,15.81,976.0,2237.39,658.0,25,0.0,833.16,0,tripinfo_EastAveburyToWestA509.342 emissions_EastAveburyToWestA509.342,gasoline_euro4,1.16,132622.91528,2637712.963071,665.177098,60.851628,1173.188143,841351.225823,0.0
EastAveburyToWestA509.360,3473.0,483_1,0.0,0.0,213.0,4198.0,774_1,29.75,13.25,725.0,2237.44,413.0,18,0.0,557.21,0,tripinfo_EastAveburyToWestA509.360 emissions_EastAveburyToWestA509.360,electric,0.99,0.0,0.0,0.0,0.0,0.0,0.0,0.0
WestA509ToAvebury.166,2988.0,773_0,0.0,0.0,0.0,4199.0,213_0,19.13,14.85,1211.0,2327.58,881.0,23,0.0,1057.56,0,tripinfo_WestA509ToAvebury.166 emissions_WestA509ToAvebury.166,electric,1.11,0.0,0.0,0.0,0.0,0.0,0.0,0.0
EastSilburyToEastAvebury.49,1184.0,317_0,0.0,0.0,0.0,4200.0,213_0,19.13,13.26,3016.0,680.87,2756.0,35,0.0,2967.96,0,tripinfo_EastSilburyToEastAvebury.49 emissions_EastSilburyToEastAvebury.49,gasoline_euro4,1.05,482605.367903,7895611.092041,2382.896996,196.331891,3611.22537,2518500.883575,0.0
EastAveburyToWestA509.334,3129.0,483_1,0.0,0.0,90.0,4201.0,774_2,29.75,13.83,1072.0,2237.39,748.0,29,0.0,911.06,0,tripinfo_EastAveburyToWestA509.334 emissions_EastAveburyToWestA509.334,electric,1.03,0.0,0.0,0.0,0.0,0.0,0.0,0.0
EastAveburyToWestA509.352,3318.0,483_1,0.0,0.0,126.0,4202.0,774_2,29.75,15.11,884.0,2237.39,564.0,21,0.0,742.18,0,tripinfo_EastAveburyToWestA509.352 emissions_EastAveburyToWestA509.352,electric,1.16,0.0,0.0,0.0,0.0,0.0,0.0,0.0
WestA509ToAvebury.171,3078.0,773_0,0.0,0.0,0.0,4208.0,213_0,19.13,11.49,1130.0,2327.58,790.0,20,0.0,943.67,0,tripinfo_WestA509ToAvebury.171 emissions_WestA509ToAvebury.171,gasoline_euro4,0.91,152465.05383,2941969.596595,762.798357,67.967214,1311.256605,938402.668258,0.0
EastAveburyToWestA509.338,3209.0,483_1,0.0,0.0,136.0,4210.0,774_2,29.75,13.65,1001.0,2237.39,698.0,21,0.0,842.02,0,tripinfo_EastAveburyToWestA509.338 emissions_EastAveburyToWestA509.338,gasoline_euro4,1.04,135999.210141,2667141.344879,680.903565,61.384062,1184.471271,850739.391756,0.0
EastAveburyToWestA509.346,3300.0,483_1,0.0,0.0,159.0,4212.0,774_2,29.75,14.67,912.0,2237.44,632.0,13,0.0,757.67,0,tripinfo_EastAveburyToWestA509.346 emissions_EastAveburyToWestA509.346,electric,1.07,0.0,0.0,0.0,0.0,0.0,0.0,0.0
EastAveburyToWestA509.281,2588.0,483_1,0.0,0.0,0.0,4219.0,774_1,29.75,11.64,1631.0,2240.49,1283.0,19,0.0,1452.95,0,tripinfo_EastAveburyToWestA509.281 emissions_EastAveburyToWestA509.281,gasoline_euro4,0.93,235137.015584,4225072.433446,1169.269963,100.32107,1900.357965,1347682.356838,0.0
EastAveburyToWestA509.274,2529.0,483_1,0.0,0.0,0.0,4224.0,774_0,29.75,13.23,1695.0,2328.59,1359.0,19,0.0,1513.1,0,tripinfo_EastAveburyToWestA509.274 emissions_EastAveburyToWestA509.274,gasoline_euro4,0.96,246730.236843,4481301.985829,1228.148695,106.489618,2016.108559,1429410.770236,0.0
WestA509ToEastH6.85,3060.0,773_0,0.0,0.0,0.0,4230.0,522_0,56.88,12.51,1170.0,2755.17,795.0,14,0.0,958.55,0,tripinfo_WestA509ToEastH6.85 emissions_WestA509ToEastH6.85,gasoline_euro4,0.94,154810.083006,3064014.175698,776.190643,69.845396,1358.019394,977329.979137,0.0
WestA509ToAvebury.170,3063.0,773_0,0.0,0.0,3.0,4287.0,213_0,19.13,13.75,1224.0,2327.58,889.0,18,0.0,1057.19,0,tripinfo_WestA509ToAvebury.170 emissions_WestA509ToAvebury.170,gasoline_euro4,1.01,171155.466528,3279324.608209,855.868818,76.665312,1467.123093,1046008.850071,0.0
EastAveburyToWestA509.355,3392.0,483_1,0.0,0.0,175.0,4289.0,774_1,29.75,12.7,897.0,2237.39,561.0,27,0.0,720.07,0,tripinfo_EastAveburyToWestA509.355 emissions_EastAveburyToWestA509.355,electric,0.94,0.0,0.0,0.0,0.0,0.0,0.0,0.0
EastAveburyToWestA509.329,3049.0,483_1,0.0,0.0,53.0,4290.0,774_2,29.75,12.53,1241.0,2240.49,900.0,25,0.0,1070.88,0,tripinfo_EastAveburyToWestA509.329 emissions_EastAveburyToWestA509.329,electric,0.97,0.0,0.0,0.0,0.0,0.0,0.0,0.0
WestA509ToAvebury.119,2142.0,773_0,0.0,0.0,0.0,4296.0,213_0,19.13,13.33,2154.0,2288.81,1834.0,30,0.0,1986.45,0,tripinfo_WestA509ToAvebury.119 emissions_WestA509ToAvebury.119,electric,0.99,0.0,0.0,0.0,0.0,0.0,0.0,0.0
EastAveburyToWestA509.361,3476.0,483_1,0.0,0.0,208.0,4298.0,774_2,29.75,12.53,822.0,2237.39,544.0,11,0.0,651.29,0,tripinfo_EastAveburyToWestA509.361 emissions_EastAveburyToWestA509.361,electric,0.97,0.0,0.0,0.0,0.0,0.0,0.0,0.0
EastAveburyToWestA509.354,3389.0,483_1,0.0,0.0,180.0,4299.0,774_2,29.75,14.77,910.0,2237.39,588.0,20,0.0,760.57,0,tripinfo_EastAveburyToWestA509.354 emissions_EastAveburyToWestA509.354,electric,1.1,0.0,0.0,0.0,0.0,0.0,0.0,0.0
EastAveburyToWestA509.357,3398.0,483_1,0.0,0.0,164.0,4299.0,774_1,29.75,10.25,901.0,2237.44,545.0,19,0.0,700.16,0,tripinfo_EastAveburyToWestA509.357 emissions_EastAveburyToWestA509.357,gasoline_euro4,0.82,113528.402148,2269207.33635,569.876949,50.741473,1001.37314,723810.387303,0.0
EastAveburyToWestA509.367,3559.0,483_1,0.0,0.0,240.0,4299.0,774_0,29.75,11.32,740.0,2237.87,454.0,12,0.0,550.93,0,tripinfo_EastAveburyToWestA509.367 emissions_EastAveburyToWestA509.367,gasoline_euro4,0.88,90420.423541,1913572.907269,456.143555,41.890074,836.916578,610371.234691,0.0
EastAveburyToWestA509.227,2129.0,483_0,0.0,0.0,0.0,4301.0,774_0,29.75,15.25,2172.0,2257.24,1842.0,29,0.0,2023.26,0,tripinfo_EastAveburyToWestA509.227 emissions_EastAveburyToWestA509.227,electric,1.11,0.0,0.0,0.0,0.0,0.0,0.0,0.0
EastAveburyToWestA509.326,3040.0,483_1,0.0,0.0,69.0,4301.0,774_1,29.75,14.5,1261.0,2244.13,932.0,17,0.0,1104.81,0,tripinfo_EastAveburyToWestA509.326 emissions_EastAveburyToWestA509.326,gasoline_euro4,1.06,176620.750565,3352601.750176,882.559749,78.739959,1502.185742,1069382.745007,0.0
EastAveburyToWestA509.370,3570.0,483_1,0.0,0.0,225.0,4301.0,774_2,29.75,13.22,731.0,2237.39,463.0,12,0.0,566.97,0,tripinfo_EastAveburyToWestA509.370 emissions_EastAveburyToWestA509.370,gasoline_euro4,1.01,92644.799979,1976814.102171,467.63407,44.189281,869.848296,630541.671642,0.0
EastAveburyToWestA509.324,3034.0,483_1,0.0,0.0,80.0,4303.0,774_2,29.75,14.15,1269.0,2243.65,948.0,18,0.0,1108.34,0,tripinfo_EastAveburyToWestA509.324 emissions_EastAveburyToWestA509.324,gasoline_euro4,1.04,177633.52443,3347764.184891,886.678214,78.21555,1496.099448,1067841.019734,0.0
WestA509ToEastH6.86,3096.0,773_0,0.0,0.0,0.0,4316.0,522_0,56.88,13.44,1220.0,2755.17,846.0,18,0.0,1014.48,0,tripinfo_WestA509ToEastH6.86 emissions_WestA509ToEastH6.86,electric,0.97,0.0,0.0,0.0,0.0,0.0,0.0,0.0
EastA509ToH6.193,3474.0,770_0,0.0,0.0,0.0,4320.0,522_0,56.88,12.59,846.0,1483.69,650.0,11,0.0,729.08,0,tripinfo_EastA509ToH6.193 emissions_EastA509ToH6.193,electric,0.92,0.0,0.0,0.0,0.0,0.0,0.0,0.0
EastA509ToH6.195,3510.0,770_0,0.0,0.0,0.0,4328.0,522_1,56.88,12.07,818.0,1483.69,611.0,10,0.0,704.8,0,tripinfo_EastA509ToH6.195 emissions_EastA509ToH6.195,electric,0.95,0.0,0.0,0.0,0.0,0.0,0.0,0.0
EastA509ToH6.194,3492.0,770_0,0.0,0.0,0.0,4329.0,522_0,56.88,10.56,837.0,1483.64,622.0,10,0.0,704.2,0,tripinfo_EastA509ToH6.194 emissions_EastA509ToH6.194,electric,0.81,0.0,0.0,0.0,0.0,0.0,0.0,0.0
WestA509ToEastH6.87,3132.0,773_0,0.0,0.0,0.0,4335.0,522_0,56.88,11.36,1203.0,2755.17,818.0,19,0.0,965.39,0,tripinfo_WestA509ToEastH6.87 emissions_WestA509ToEastH6.87,gasoline_euro4,0.84,157116.564751,3068756.685743,786.955576,69.563802,1359.03869,978844.419073,0.0
WestH6ToSaxonSt.207,2484.0,524_0,0.0,0.0,0.0,4354.0,771_1,56.88,13.35,1870.0,2765.44,1458.0,22,0.0,1667.75,0,tripinfo_WestH6ToSaxonSt.207 emissions_WestH6ToSaxonSt.207,gasoline_euro4,1.02,269122.998095,4922571.636615,1340.226973,116.681053,2212.131563,1570162.638483,0.0
WestH6ToSaxonSt.217,2604.0,524_0,0.0,0.0,0.0,4360.0,771_1,56.88,12.43,1756.0,2765.47,1343.0,20,0.0,1539.04,0,tripinfo_WestH6ToSaxonSt.217 emissions_WestH6ToSaxonSt.217,gasoline_euro4,0.96,249952.190721,4613586.192536,1245.715085,108.689786,2069.3376,1471604.238849,0.0
WestH6ToSaxonSt.189,2268.0,524_0,0.0,0.0,0.0,4361.0,771_1,56.88,12.7,2093.0,2765.44,1649.0,26,0.0,1882.16,0,tripinfo_WestH6ToSaxonSt.189 emissions_WestH6ToSaxonSt.189,gasoline_euro4,0.98,303936.510108,5469215.997958,1511.38894,130.013565,2460.453778,1744529.591973,0.0
EastAveburyToWestA509.372,3576.0,483_1,0.0,0.0,214.0,4364.0,774_2,29.75,15.25,788.0,2237.39,521.0,17,0.0,645.92,0,tripinfo_EastAveburyToWestA509.372 emissions_EastAveburyToWestA509.372,electric,1.17,0.0,0.0,0.0,0.0,0.0,0.0,0.0
WestA509ToAvebury.127,2286.0,773_0,0.0,0.0,0.0,4368.0,213_0,19.13,16.32,2082.0,2323.29,1762.0,30,0.0,1938.42,0,tripinfo_WestA509ToAvebury.127 emissions_WestA509ToAvebury.127,gasoline_euro4,1.18,316183.251112,5547556.856475,1568.891663,133.935551,2503.748326,1769521.056799,0.0
WestH6ToSaxonSt.203,2436.0,524_0,0.0,0.0,0.0,4368.0,771_1,56.88,11.59,1932.0,2555.04,1577.0,19,0.0,1724.02,0,tripinfo_WestH6ToSaxonSt.203 emissions_WestH6ToSaxonSt.203,gasoline_euro4,0.89,280976.268492,4998185.411569,1396.142756,118.813918,2248.037791,1594285.956172,0.0
WestA509ToAvebury.131,2358.0,773_0,0.0,0.0,0.0,4371.0,213_0,19.13,13.2,2013.0,2323.29,1663.0,33,0.0,1846.15,0,tripinfo_WestA509ToAvebury.131 emissions_WestA509ToAvebury.131,electric,1.01,0.0,0.0,0.0,0.0,0.0,0.0,0.0
WestA509ToAvebury.175,3150.0,773_0,0.0,0.0,0.0,4373.0,213_0,19.13,14.4,1223.0,2327.79,882.0,20,0.0,1063.15,0,tripinfo_WestA509ToAvebury.175 emissions_WestA509ToAvebury.175,gasoline_euro4,1.06,168482.616537,3196598.329359,841.725466,74.712323,1429.745096,1019622.631753,0.0
EastAveburyToWestA509.323,2964.0,483_1,0.0,0.0,19.0,4374.0,774_2,29.75,13.88,1410.0,2240.49,1070.0,20,0.0,1244.69,0,tripinfo_EastAveburyToWestA509.323 emissions_EastAveburyToWestA509.323,electric,1.0,0.0,0.0,0.0,0.0,0.0,0.0,0.0
WestH6ToSaxonSt.202,2424.0,524_0,0.0,0.0,0.0,4375.0,771_1,56.88,10.38,1951.0,2555.03,1580.0,21,0.0,1723.12,0,tripinfo_WestH6ToSaxonSt.202 emissions_WestH6ToSaxonSt.202,gasoline_euro4,0.82,282146.093689,5008776.406669,1401.966801,118.89102,2253.410297,1597664.647854,0.0
WestH6ToSaxonSt.204,2448.0,524_0,0.0,0.0,0.0,4376.0,771_1,56.88,11.93,1928.0,2555.05,1587.0,17,0.0,1755.05,0,tripinfo_WestH6ToSaxonSt.204 emissions_WestH6ToSaxonSt.204,gasoline_euro4,1.08,282914.631728,5046003.809108,1406.216939,120.504837,2273.28749,1609537.580124,0.0
WestA509ToAvebury.134,2415.0,773_0,0.0,0.0,3.0,4377.0,213_0,19.13,12.65,1962.0,2311.38,1657.0,14,0.0,1758.8,0,tripinfo_WestA509ToAvebury.134 emissions_WestA509ToAvebury.134,electric,0.93,0.0,0.0,0.0,0.0,0.0,0.0,0.0
EastAveburyToWestA509.374,3647.0,483_1,0.0,0.0,268.0,4379.0,774_1,29.75,12.12,732.0,2237.44,470.0,16,0.0,556.55,0,tripinfo_EastAveburyToWestA509.374 emissions_EastAveburyToWestA509.374,electric,0.94,0.0,0.0,0.0,0.0,0.0,0.0,0.0
EastAveburyToWestA509.378,3661.0,483_1,0.0,0.0,248.0,4380.0,774_2,29.75,13.72,719.0,2237.39,453.0,15,0.0,559.78,0,tripinfo_EastAveburyToWestA509.378 emissions_EastAveburyToWestA509.378,gasoline_euro4,1.05,90297.018832,1941710.65005,456.305185,43.394236,854.512845,619344.340964,0.0
EastAveburyToWestA509.366,3491.0,483_1,0.0,0.0,180.0,4381.0,774_1,29.75,14.3,890.0,2241.07,602.0,14,0.0,738.09,0,tripinfo_EastAveburyToWestA509.366 emissions_EastAveburyToWestA509.366,electric,1.09,0.0,0.0,0.0,0.0,0.0,0.0,0.0
EastAveburyToWestA509.362,3479.0,483_1,0.0,0.0,202.0,4382.0,774_2,29.75,13.63,903.0,2237.39,619.0,15,0.0,734.67,0,tripinfo_EastAveburyToWestA509.362 emissions_EastAveburyToWestA509.362,electric,0.98,0.0,0.0,0.0,0.0,0.0,0.0,0.0
WestA509ToAvebury.174,3135.0,773_0,0.0,0.0,3.0,4383.0,213_0,19.13,12.46,1248.0,2327.58,889.0,27,0.0,1070.86,0,tripinfo_WestA509ToAvebury.174 emissions_WestA509ToAvebury.174,gasoline_euro4,0.96,170330.092904,3244043.825737,851.440899,75.521525,1450.60666,1034756.250625,0.0
EastAveburyToWestA509.364,3485.0,483_1,0.0,0.0,191.0,4384.0,774_1,29.75,12.51,899.0,2237.39,604.0,16,0.0,729.76,0,tripinfo_EastAveburyToWestA509.364 emissions_EastAveburyToWestA509.364,electric,0.98,0.0,0.0,0.0,0.0,0.0,0.0,0.0
EastSilburyToEastAvebury.68,1488.0,317_0,0.0,0.0,0.0,4385.0,213_0,19.13,14.19,2897.0,680.87,2631.0,40,0.0,2848.48,0,tripinfo_EastSilburyToEastAvebury.68 emissions_EastSilburyToEastAvebury.68,electric,1.05,0.0,0.0,0.0,0.0,0.0,0.0,0.0
EastAveburyToWestA509.365,3488.0,483_1,0.0,0.0,186.0,4385.0,774_2,29.75,14.91,897.0,2237.39,599.0,14,0.0,751.01,0,tripinfo_EastAveburyToWestA509.365 emissions_EastAveburyToWestA509.365,electric,1.13,0.0,0.0,0.0,0.0,0.0,0.0,0.0
EastAveburyToWestA509.319,2952.0,483_1,0.0,0.0,41.0,4388.0,774_1,29.75,12.95,1436.0,2244.13,1082.0,19,0.0,1272.39,0,tripinfo_EastAveburyToWestA509.319 emissions_EastAveburyToWestA509.319,electric,1.02,0.0,0.0,0.0,0.0,0.0,0.0,0.0
EastAveburyToWestA509.376,3655.0,483_1,0.0,0.0,259.0,4388.0,774_2,29.75,13.41,733.0,2237.39,469.0,14,0.0,564.92,0,tripinfo_EastAveburyToWestA509.376 emissions_EastAveburyToWestA509.376,electric,0.99,0.0,0.0,0.0,0.0,0.0,0.0,0.0
EastAveburyToWestA509.383,3740.0,483_1,0.0,0.0,285.0,4396.0,774_1,29.75,11.53,656.0,2237.39,381.0,13,0.0,467.93,0,tripinfo_EastAveburyToWestA509.383 emissions_EastAveburyToWestA509.383,electric,0.88,0.0,0.0,0.0,0.0,0.0,0.0,0.0
WestA509ToEastH6.88,3171.0,773_0,0.0,0.0,3.0,4411.0,522_0,56.88,13.71,1240.0,2755.17,836.0,21,0.0,1055.16,0,tripinfo_WestA509ToEastH6.88 emissions_WestA509ToEastH6.88,gasoline_euro4,1.08,166989.65531,3307041.292721,837.123499,75.988092,1469.560667,1054847.603884,0.0
WestH6ToSaxonSt.205,2460.0,524_0,0.0,0.0,0.0,4449.0,771_1,56.88,13.4,1989.0,2555.04,1668.0,18,0.0,1802.22,0,tripinfo_WestH6ToSaxonSt.205 emissions_WestH6ToSaxonSt.205,electric,1.0,0.0,0.0,0.0,0.0,0.0,0.0,0.0
WestA509ToAvebury.129,2322.0,773_0,0.0,0.0,0.0,4457.0,213_0,19.13,14.15,2135.0,2323.29,1810.0,25,0.0,1970.69,0,tripinfo_WestA509ToAvebury.129 emissions_WestA509ToAvebury.129,electric,1.03,0.0,0.0,0.0,0.0,0.0,0.0,0.0
WestA509ToAvebury.178,3204.0,773_0,0.0,0.0,0.0,4462.0,213_0,19.13,13.47,1258.0,2327.58,893.0,24,0.0,1093.2,0,tripinfo_WestA509ToAvebury.178 emissions_WestA509ToAvebury.178,gasoline_euro4,1.03,173132.926798,3257394.834626,864.235332,75.958762,1454.92357,1039016.160525,0.0
EastAveburyToWestA509.380,3667.0,483_1,0.0,0.0,237.0,4465.0,774_2,29.75,14.38,798.0,2237.38,524.0,13,0.0,641.59,0,tripinfo_EastAveburyToWestA509.380 emissions_EastAveburyToWestA509.380,electric,1.06,0.0,0.0,0.0,0.0,0.0,0.0,0.0
EastAveburyToWestA509.382,3737.0,483_1,0.0,0.0,290.0,4465.0,774_1,29.75,11.86,728.0,2237.39,460.0,12,0.0,549.51,0,tripinfo_EastAveburyToWestA509.382 emissions_EastAveburyToWestA509.382,electric,0.92,0.0,0.0,0.0,0.0,0.0,0.0,0.0
WestA509ToAvebury.177,3186.0,773_0,0.0,0.0,0.0,4468.0,213_0,19.13,13.34,1282.0,2327.58,918.0,29,0.0,1114.0,0,tripinfo_WestA509ToAvebury.177 emissions_WestA509ToAvebury.177,gasoline_euro4,1.01,178035.308068,3357694.584272,888.795169,78.445281,1501.12511,1071008.422644,0.0
WestA509ToAvebury.162,2916.0,773_0,0.0,0.0,0.0,4470.0,213_0,19.13,14.31,1554.0,2327.58,1173.0,29,0.0,1396.21,0,tripinfo_WestA509ToAvebury.162 emissions_WestA509ToAvebury.162,electric,1.07,0.0,0.0,0.0,0.0,0.0,0.0,0.0
EastAveburyToWestA509.384,3743.0,483_1,0.0,0.0,279.0,4472.0,774_2,29.75,12.55,729.0,2237.44,451.0,15,0.0,560.08,0,tripinfo_EastAveburyToWestA509.384 emissions_EastAveburyToWestA509.384,gasoline_euro4,0.98,90660.367426,1925205.801989,457.618126,43.007148,847.836632,614080.541865,0.0
EastAveburyToWestA509.388,3756.0,483_1,0.0,0.0,258.0,4473.0,774_1,29.75,11.28,717.0,2237.39,419.0,14,0.0,522.51,0,tripinfo_EastAveburyToWestA509.388 emissions_EastAveburyToWestA509.388,electric,0.85,0.0,0.0,0.0,0.0,0.0,0.0,0.0
EastAveburyToWestA509.353,3386.0,483_1,0.0,0.0,186.0,4474.0,774_2,29.75,13.8,1088.0,2237.44,737.0,31,0.0,928.91,0,tripinfo_EastAveburyToWestA509.353 emissions_EastAveburyToWestA509.353,electric,1.04,0.0,0.0,0.0,0.0,0.0,0.0,0.0
EastAveburyToWestA509.213,2010.0,483_0,0.0,0.0,0.0,4475.0,774_0,29.75,15.82,2465.0,2244.0,2129.0,30,0.0,2330.93,0,tripinfo_EastAveburyToWestA509.213 emissions_EastAveburyToWestA509.213,gasoline_euro4,1.22,379809.913363,6603715.903599,1884.014668,160.696724,2992.315509,2106407.9777,0.0
EastAveburyToWestA509.373,3578.0,483_1,0.0,0.0,208.0,4475.0,774_1,29.75,14.83,897.0,2241.02,608.0,20,0.0,753.87,0,tripinfo_EastAveburyToWestA509.373 emissions_EastAveburyToWestA509.373,gasoline_euro4,1.16,121720.000802,2465589.239764,611.502064,56.998574,1096.766472,786447.35867,0.0
EastAveburyToWestA509.393,3837.0,483_1,0.0,0.0,297.0,4475.0,774_2,29.75,13.1,638.0,2240.55,343.0,16,0.0,477.26,0,tripinfo_EastAveburyToWestA509.393 emissions_EastAveburyToWestA509.393,gasoline_euro4,1.02,75690.032678,1706976.539344,384.365059,37.4048,747.215432,544470.050365,0.0
EastAveburyToWestA509.385,3747.0,483_1,0.0,0.0,275.0,4477.0,774_2,29.75,13.38,730.0,2237.45,436.0,14,0.0,569.76,0,tripinfo_EastAveburyToWestA509.385 emissions_EastAveburyToWestA509.385,gasoline_euro4,1.03,90952.952102,1969429.571353,459.777846,43.789542,866.08547,628185.600375,0.0
EastAveburyToWestA509.316,2886.0,483_1,0.0,0.0,0.0,4480.0,774_1,29.75,11.94,1594.0,2240.5,1236.0,24,0.0,1412.42,0,tripinfo_EastAveburyToWestA509.316 emissions_EastAveburyToWestA509.316,gasoline_euro4,0.91,229000.02665,4134275.442824,1139.280873,97.776534,1857.102731,1318720.365888,0.0
EastAveburyToWestA509.381,3670.0,483_1,0.0,0.0,232.0,4480.0,774_2,29.75,14.04,810.0,2237.44,511.0,15,0.0,655.66,0,tripinfo_EastAveburyToWestA509.381 emissions_EastAveburyToWestA509.381,gasoline_euro4,1.07,105171.569536,2188472.568902,529.715342,49.48508,966.690907,698055.102021,0.0
EastAveburyToWestA509.243,2265.0,483_0,0.0,0.0,0.0,4490.0,774_0,29.75,11.31,2225.0,2258.68,1872.0,25,0.0,2030.93,0,tripinfo_EastAveburyToWestA509.243 emissions_EastAveburyToWestA509.243,gasoline_euro4,0.85,332310.580188,5784328.080971,1648.609497,139.162685,2614.079378,1845046.752066,0.0
WestA509ToEastH6.89,3207.0,773_0,0.0,0.0,3.0,4499.0,522_0,56.88,13.62,1292.0,2755.17,892.0,27,0.0,1098.68,0,tripinfo_WestA509ToEastH6.89 emissions_WestA509ToEastH6.89,gasoline_euro4,1.03,175055.650937,3378472.268179,875.514887,78.079368,1503.591534,1077634.358172,0.0
WestH6ToSaxonSt.225,2700.0,524_0,0.0,0.0,0.0,4525.0,771_1,56.88,17.06,1825.0,2765.46,1460.0,19,0.0,1656.17,0,tripinfo_WestH6ToSaxonSt.225 emissions_WestH6ToSaxonSt.225,gasoline_euro4,1.24,268541.566251,4972883.119654,1338.899998,118.380284,2234.549655,1586208.014177,0.0
WestH6ToSaxonSt.206,2472.0,524_0,0.0,0.0,0.0,4535.0,771_1,56.88,12.75,2063.0,2555.04,1728.0,20,0.0,1872.74,0,tripinfo_WestH6ToSaxonSt.206 emissions_WestH6ToSaxonSt.206,gasoline_euro4,0.98,305382.270379,5413540.383636,1516.438038,129.277442,2437.029787,1726772.941468,0.0
WestA509ToAvebury.173,3114.0,773_0,0.0,0.0,0.0,4550.0,213_0,19.13,12.52,1436.0,2327.58,1075.0,29,0.0,1261.19,0,tripinfo_WestA509ToAvebury.173 emissions_WestA509ToAvebury.173,gasoline_euro4,0.97,202214.174061,3721470.699083,1007.421124,87.5268,1667.426211,1187045.075786,0.0
EastAveburyToWestA509.395,3843.0,483_1,0.0,0.0,286.0,4550.0,774_2,29.75,13.27,707.0,2237.39,427.0,18,0.0,539.82,0,tripinfo_EastAveburyToWestA509.395 emissions_EastAveburyToWestA509.395,gasoline_euro4,0.99,88245.270025,1899478.788399,445.611423,42.0146,832.431164,605874.172323,0.0
WestA509ToAvebury.180,3243.0,773_0,0.0,0.0,3.0,4551.0,213_0,19.13,14.3,1308.0,2327.58,961.0,29,0.0,1146.85,0,tripinfo_WestA509ToAvebury.180 emissions_WestA509ToAvebury.180,gasoline_euro4,1.05,182496.630781,3440366.124174,910.94784,80.356812,1537.483096,1097378.3647,0.0
EastAveburyToWestA509.389,3824.0,483_1,0.0,0.0,318.0,4552.0,774_2,29.75,12.92,728.0,2237.39,440.0,11,0.0,564.4,0,tripinfo_EastAveburyToWestA509.389 emissions_EastAveburyToWestA509.389,gasoline_euro4,1.02,89625.036836,1895239.118103,452.026076,42.208192,833.196788,604522.495774,0.0
EastAveburyToWestA509.369,3567.0,483_1,0.0,0.0,231.0,4554.0,774_2,29.75,13.22,987.0,2237.44,712.0,12,0.0,822.66,0,tripinfo_EastAveburyToWestA509.369 emissions_EastAveburyToWestA509.369,electric,1.01,0.0,0.0,0.0,0.0,0.0,0.0,0.0
EastAveburyToWestA509.387,3753.0,483_1,0.0,0.0,264.0,4556.0,774_1,29.75,14.99,803.0,2241.02,469.0,16,0.0,649.95,0,tripinfo_EastAveburyToWestA509.387 emissions_EastAveburyToWestA509.387,electric,1.08,0.0,0.0,0.0,0.0,0.0,0.0,0.0
EastAveburyToWestA509.386,3750.0,483_1,0.0,0.0,269.0,4558.0,774_0,29.75,11.46,808.0,2241.02,486.0,15,0.0,620.87,0,tripinfo_EastAveburyToWestA509.386 emissions_EastAveburyToWestA509.386,gasoline_euro4,0.88,100380.134493,2078012.803924,505.577984,46.640747,917.691731,662822.508196,0.0
EastAveburyToWestA509.377,3658.0,483_1,0.0,0.0,254.0,4560.0,774_2,29.75,12.77,902.0,2237.44,570.0,13,0.0,724.13,0,tripinfo_EastAveburyToWestA509.377 emissions_EastAveburyToWestA509.377,electric,0.93,0.0,0.0,0.0,0.0,0.0,0.0,0.0
EastSilburyToEastAvebury.59,1344.0,317_0,0.0,0.0,0.0,4561.0,213_0,19.13,12.5,3217.0,642.19,3019.0,32,0.0,3168.4,0,tripinfo_EastSilburyToEastAvebury.59 emissions_EastSilburyToEastAvebury.59,electric,0.97,0.0,0.0,0.0,0.0,0.0,0.0,0.0
EastAveburyToWestA509.399,3922.0,483_1,0.0,0.0,331.0,4561.0,774_2,29.75,12.73,639.0,2237.39,364.0,16,0.0,473.06,0,tripinfo_EastAveburyToWestA509.399 emissions_EastAveburyToWestA509.399,electric,1.0,0.0,0.0,0.0,0.0,0.0,0.0,0.0
EastAveburyToWestA509.391,3831.0,483_1,0.0,0.0,308.0,4563.0,774_2,29.75,13.8,732.0,2237.39,416.0,13,0.0,579.48,0,tripinfo_EastAveburyToWestA509.391 emissions_EastAveburyToWestA509.391,gasoline_euro4,1.09,89921.873391,1927274.29762,454.326964,43.157724,849.694408,614739.626123,0.0
EastAveburyToWestA509.368,3564.0,483_1,0.0,0.0,236.0,4566.0,774_1,29.75,12.19,1002.0,2237.39,717.0,12,0.0,830.69,0,tripinfo_EastAveburyToWestA509.368 emissions_EastAveburyToWestA509.368,electric,0.97,0.0,0.0,0.0,0.0,0.0,0.0,0.0
WestA509ToEastH6.90,3240.0,773_0,0.0,0.0,0.0,4577.0,522_0,56.88,14.28,1337.0,2755.17,955.0,27,0.0,1145.98,0,tripinfo_WestA509ToEastH6.90 emissions_WestA509ToEastH6.90,gasoline_euro4,1.04,182854.717605,3523453.162057,914.241285,81.564782,1568.51618,1123879.055408,0.0
WestA509ToEastH6.91,3279.0,773_0,0.0,0.0,3.0,4582.0,522_0,56.88,13.33,1303.0,2755.17,905.0,22,0.0,1101.85,0,tripinfo_WestA509ToEastH6.91 emissions_WestA509ToEastH6.91,electric,0.99,0.0,0.0,0.0,0.0,0.0,0.0,0.0
EastA509ToH6.183,3294.0,770_0,0.0,0.0,0.0,4590.0,522_0,56.88,13.63,1296.0,1443.3,1095.0,17,0.0,1191.6,0,tripinfo_EastA509ToH6.183 emissions_EastA509ToH6.183,gasoline_euro4,0.99,196042.148213,3483265.917808,973.883918,83.642068,1572.157489,1111066.717328,0.0
EastA509ToH6.197,3546.0,770_0,0.0,0.0,0.0,4594.0,522_0,56.88,13.26,1048.0,1483.69,827.0,17,0.0,940.78,0,tripinfo_EastA509ToH6.197 emissions_EastA509ToH6.197,gasoline_euro4,1.0,153064.920134,2805974.362339,762.464439,66.572149,1261.511394,895027.035188,0.0
WestH6ToSaxonSt.212,2544.0,524_0,0.0,0.0,0.0,4617.0,771_1,56.88,14.05,2073.0,2555.03,1767.0,18,0.0,1903.66,0,tripinfo_WestH6ToSaxonSt.212 emissions_WestH6ToSaxonSt.212,gasoline_euro4,1.1,312229.28406,5497992.291342,1549.564196,132.133882,2478.244768,1753711.253088,0.0
EastSilburyToEastAvebury.110,2160.0,317_0,0.0,0.0,0.0,4632.0,213_0,19.13,16.44,2472.0,680.87,2261.0,34,0.0,2430.75,0,tripinfo_EastSilburyToEastAvebury.110 emissions_EastSilburyToEastAvebury.110,electric,1.24,0.0,0.0,0.0,0.0,0.0,0.0,0.0
WestA509ToAvebury.140,2520.0,773_0,0.0,0.0,0.0,4636.0,213_0,19.13,12.07,2116.0,2248.31,1787.0,26,0.0,1936.69,0,tripinfo_WestA509ToAvebury.140 emissions_WestA509ToAvebury.140,electric,0.91,0.0,0.0,0.0,0.0,0.0,0.0,0.0
EastAveburyToWestA509.397,3916.0,483_1,0.0,0.0,342.0,4637.0,774_2,29.75,13.16,721.0,2237.44,446.0,18,0.0,556.37,0,tripinfo_EastAveburyToWestA509.397 emissions_EastAveburyToWestA509.397,gasoline_euro4,1.01,89830.654666,1935638.941773,453.170025,42.721824,847.251396,617408.102837,0.0
EastAveburyToWestA509.363,3482.0,483_1,0.0,0.0,197.0,4638.0,774_2,29.75,15.33,1156.0,2237.44,867.0,14,0.0,1006.8,0,tripinfo_EastAveburyToWestA509.363 emissions_EastAveburyToWestA509.363,electric,1.11,0.0,0.0,0.0,0.0,0.0,0.0,0.0
WestA509ToAvebury.183,3294.0,773_0,0.0,0.0,0.0,4640.0,213_0,19.13,14.77,1346.0,2327.58,1005.0,25,0.0,1196.51,0,tripinfo_WestA509ToAvebury.183 emissions_WestA509ToAvebury.183,electric,1.13,0.0,0.0,0.0,0.0,0.0,0.0,0.0
EastAveburyToWestA509.396,3913.0,483_1,0.0,0.0,347.0,4640.0,774_2,29.75,14.21,727.0,2237.44,453.0,18,0.0,569.48,0,tripinfo_EastAveburyToWestA509.396 emissions_EastAveburyToWestA509.396,electric,1.05,0.0,0.0,0.0,0.0,0.0,0.0,0.0
EastAveburyToWestA509.398,3919.0,483_1,0.0,0.0,336.0,4642.0,774_2,29.75,17.21,723.0,2237.39,408.0,12,0.0,589.57,0,tripinfo_EastAveburyToWestA509.398 emissions_EastAveburyToWestA509.398,electric,1.24,0.0,0.0,0.0,0.0,0.0,0.0,0.0
WestA509ToAvebury.132,2379.0,773_0,0.0,0.0,3.0,4644.0,213_0,19.13,11.57,2265.0,2322.44,1884.0,33,0.0,2082.93,0,tripinfo_WestA509ToAvebury.132 emissions_WestA509ToAvebury.132,gasoline_euro4,0.93,339172.436902,5932887.561137,1683.402258,142.788717,2682.013142,1892432.091505,0.0
EastAveburyToWestA509.312,2863.0,483_1,0.0,0.0,11.0,4644.0,774_2,29.75,14.15,1781.0,2237.44,1489.0,16,0.0,1626.16,0,tripinfo_EastAveburyToWestA509.312 emissions_EastAveburyToWestA509.312,gasoline_euro4,1.07,264260.339483,4706347.167962,1313.215045,113.014354,2123.65302,1501195.91913,0.0
EastSilburyToEastAvebury.108,2128.0,317_0,0.0,0.0,0.0,4646.0,213_0,19.13,12.18,2518.0,680.87,2292.0,29,0.0,2463.88,0,tripinfo_EastSilburyToEastAvebury.108 emissions_EastSilburyToEastAvebury.108,gasoline_euro4,0.93,401393.216238,6603455.279854,1982.713767,163.80961,3018.107879,2106334.746865,0.0
EastAveburyToWestA509.371,3573.0,483_1,0.0,0.0,220.0,4647.0,774_1,29.75,12.42,1074.0,2241.02,757.0,15,0.0,901.56,0,tripinfo_EastAveburyToWestA509.371 emissions_EastAveburyToWestA509.371,gasoline_euro4,0.96,145289.236081,2821244.184072,727.342495,65.185491,1256.91987,899894.216724,0.0
EastAveburyToWestA509.392,3834.0,483_1,0.0,0.0,302.0,4647.0,774_0,29.75,11.01,813.0,2241.02,471.0,15,0.0,625.42,0,tripinfo_EastAveburyToWestA509.392 emissions_EastAveburyToWestA509.392,electric,0.88,0.0,0.0,0.0,0.0,0.0,0.0,0.0
EastAveburyToWestA509.279,2571.0,483_1,0.0,0.0,0.0,4649.0,774_1,29.75,15.23,2078.0,2241.29,1715.0,24,0.0,1931.74,0,tripinfo_EastAveburyToWestA509.279 emissions_EastAveburyToWestA509.279,gasoline_euro4,1.12,311316.680438,5483119.726818,1546.098791,132.688471,2482.829222,1748966.036606,0.0
EastAveburyToWestA509.358,3401.0,483_1,0.0,0.0,158.0,4649.0,774_2,29.75,13.42,1248.0,2237.39,960.0,20,0.0,1077.73,0,tripinfo_EastAveburyToWestA509.358 emissions_EastAveburyToWestA509.358,gasoline_euro4,0.97,176505.699516,3275654.445568,879.49164,76.424324,1462.10394,1044841.971222,0.0
EastAveburyToWestA509.343,3225.0,483_1,0.0,0.0,110.0,4651.0,774_1,29.75,14.05,1426.0,2241.07,1119.0,12,0.0,1273.87,0,tripinfo_EastAveburyToWestA509.343 emissions_EastAveburyToWestA509.343,gasoline_euro4,1.09,207627.260832,3822943.062799,1034.652696,90.999415,1719.725383,1219410.609979,0.0
EastAveburyToWestA509.339,3213.0,483_1,0.0,0.0,132.0,4652.0,774_2,29.75,13.33,1439.0,2237.44,1152.0,13,0.0,1267.19,0,tripinfo_EastAveburyToWestA509.339 emissions_EastAveburyToWestA509.339,electric,0.97,0.0,0.0,0.0,0.0,0.0,0.0,0.0
EastAveburyToWestA509.305,2792.0,483_1,0.0,0.0,0.0,4653.0,774_2,29.75,14.36,1861.0,2237.66,1487.0,27,0.0,1708.2,0,tripinfo_EastAveburyToWestA509.305 emissions_EastAveburyToWestA509.305,gasoline_euro4,1.07,274641.749097,4878918.186648,1364.562208,117.057825,2201.842167,1556241.870586,0.0
WestH6ToSaxonSt.209,2508.0,524_0,0.0,0.0,0.0,4671.0,771_0,56.88,11.73,2163.0,2608.48,1812.0,19,0.0,1943.21,0,tripinfo_WestH6ToSaxonSt.209 emissions_WestH6ToSaxonSt.209,electric,0.87,0.0,0.0,0.0,0.0,0.0,0.0,0.0
EastA509ToH6.199,3582.0,770_0,0.0,0.0,0.0,4683.0,522_0,56.88,11.08,1101.0,1483.64,872.0,13,0.0,966.64,0,tripinfo_EastA509ToH6.199 emissions_EastA509ToH6.199,electric,0.8,0.0,0.0,0.0,0.0,0.0,0.0,0.0
WestH6ToSaxonSt.214,2568.0,524_0,0.0,0.0,0.0,4706.0,771_1,56.88,14.74,2138.0,2555.04,1801.0,25,0.0,1971.75,0,tripinfo_WestH6ToSaxonSt.214 emissions_WestH6ToSaxonSt.214,electric,1.12,0.0,0.0,0.0,0.0,0.0,0.0,0.0
EastAveburyToWestA509.341,3219.0,483_1,0.0,0.0,121.0,4720.0,774_2,29.75,14.97,1501.0,2237.44,1206.0,15,0.0,1351.81,0,tripinfo_EastAveburyToWestA509.341 emissions_EastAveburyToWestA509.341,electric,1.11,0.0,0.0,0.0,0.0,0.0,0.0,0.0
EastAveburyToWestA509.306,2801.0,483_1,0.0,0.0,0.0,4725.0,774_2,29.75,13.69,1924.0,2237.61,1568.0,28,0.0,1764.64,0,tripinfo_EastAveburyToWestA509.306 emissions_EastAveburyToWestA509.306,gasoline_euro4,1.03,284762.721668,5041002.222109,1414.450282,120.808047,2273.717626,1607943.065303,0.0
EastAveburyToWestA509.336,3136.0,483_1,0.0,0.0,80.0,4727.0,774_2,29.75,14.7,1591.0,2240.5,1241.0,30,0.0,1444.56,0,tripinfo_EastAveburyToWestA509.336 emissions_EastAveburyToWestA509.336,gasoline_euro4,1.14,231403.829497,4193962.745152,1151.312892,99.671029,1885.170886,1337757.869822,0.0
EastAveburyToWestA509.348,3306.0,483_1,0.0,0.0,148.0,4728.0,774_1,29.75,12.82,1422.0,2241.07,1047.0,26,0.0,1252.73,0,tripinfo_EastAveburyToWestA509.348 emissions_EastAveburyToWestA509.348,gasoline_euro4,0.98,199873.38949,3681420.637378,996.052383,86.84684,1652.078294,1174269.774011,0.0
WestA509ToAvebury.181,3258.0,773_0,0.0,0.0,0.0,4730.0,213_0,19.13,12.79,1472.0,2327.58,1095.0,31,0.0,1294.2,0,tripinfo_WestA509ToAvebury.181 emissions_WestA509ToAvebury.181,gasoline_euro4,0.95,207746.658278,3835025.755583,1035.207619,90.095455,1718.433397,1223265.615271,0.0
EastAveburyToWestA509.375,3652.0,483_1,0.0,0.0,265.0,4731.0,774_2,29.75,13.26,1079.0,2237.38,768.0,18,0.0,912.69,0,tripinfo_EastAveburyToWestA509.375 emissions_EastAveburyToWestA509.375,electric,1.0,0.0,0.0,0.0,0.0,0.0,0.0,0.0
EastAveburyToWestA509.344,3228.0,483_1,0.0,0.0,104.0,4735.0,774_1,29.75,12.82,1507.0,2240.5,1158.0,24,0.0,1333.69,0,tripinfo_EastAveburyToWestA509.344 emissions_EastAveburyToWestA509.344,gasoline_euro4,0.96,216444.532188,3926814.423343,1077.01533,92.725773,1761.94185,1252545.51481,0.0
EastAveburyToWestA509.308,2818.0,483_1,0.0,0.0,0.0,4736.0,774_1,29.75,13.72,1918.0,2221.13,1584.0,25,0.0,1766.41,0,tripinfo_EastAveburyToWestA509.308 emissions_EastAveburyToWestA509.308,gasoline_euro4,1.07,287629.016998,5075967.772328,1428.393411,122.225179,2292.873844,1619096.054815,0.0
EastAveburyToWestA509.379,3664.0,483_1,0.0,0.0,243.0,4738.0,774_2,29.75,12.51,1074.0,2240.5,733.0,19,0.0,902.81,0,tripinfo_EastAveburyToWestA509.379 emissions_EastAveburyToWestA509.379,electric,0.97,0.0,0.0,0.0,0.0,0.0,0.0,0.0
EastAveburyToWestA509.309,2826.0,483_1,0.0,0.0,0.0,4739.0,774_2,29.75,14.33,1913.0,2217.55,1588.0,21,0.0,1769.58,0,tripinfo_EastAveburyToWestA509.309 emissions_EastAveburyToWestA509.309,gasoline_euro4,1.13,286024.296891,5044803.685867,1420.374256,121.633943,2279.643427,1609155.470613,0.0
EastAveburyToWestA509.290,2665.0,483_0,0.0,0.0,0.0,4741.0,774_0,29.75,14.27,2076.0,2257.24,1740.0,20,0.0,1919.29,0,tripinfo_EastAveburyToWestA509.290 emissions_EastAveburyToWestA509.290,electric,1.05,0.0,0.0,0.0,0.0,0.0,0.0,0.0
EastAveburyToWestA509.394,3840.0,483_1,0.0,0.0,291.0,4741.0,774_1,29.75,12.54,901.0,2240.5,592.0,13,0.0,733.25,0,tripinfo_EastAveburyToWestA509.394 emissions_EastAveburyToWestA509.394,gasoline_euro4,0.99,117850.442384,2366088.052121,591.670825,53.899578,1048.731423,754711.093499,0.0
EastAveburyToWestA509.206,1951.0,483_0,0.0,0.0,0.0,4744.0,774_0,29.75,13.45,2793.0,2246.39,2433.0,33,0.0,2633.62,0,tripinfo_EastAveburyToWestA509.206 emissions_EastAveburyToWestA509.206,electric,1.03,0.0,0.0,0.0,0.0,0.0,0.0,0.0
EastAveburyToWestA509.212,2002.0,483_0,0.0,0.0,0.0,4749.0,774_0,29.75,12.55,2747.0,2264.89,2348.0,33,0.0,2569.45,0,tripinfo_EastAveburyToWestA509.212 emissions_EastAveburyToWestA509.212,gasoline_euro4,0.93,419417.131494,7185326.138545,2077.933139,174.484697,3256.940293,2291930.22447,0.0
EastAveburyToWestA509.219,2061.0,483_0,0.0,0.0,0.0,4751.0,774_0,29.75,13.54,2690.0,2244.02,2329.0,30,0.0,2529.42,0,tripinfo_EastAveburyToWestA509.219 emissions_EastAveburyToWestA509.219,gasoline_euro4,1.02,412548.280664,7069934.051556,2043.859137,172.187183,3207.422121,2255122.497617,0.0
WestH6ToSaxonSt.211,2532.0,524_0,0.0,0.0,0.0,4755.0,771_0,56.88,12.88,2223.0,2613.57,1872.0,21,0.0,2016.27,0,tripinfo_WestH6ToSaxonSt.211 emissions_WestH6ToSaxonSt.211,electric,0.93,0.0,0.0,0.0,0.0,0.0,0.0,0.0
WestA509ToEastH6.92,3312.0,773_0,0.0,0.0,0.0,4760.0,522_0,56.88,11.42,1448.0,2755.12,1054.0,20,0.0,1221.94,0,tripinfo_WestA509ToEastH6.92 emissions_WestA509ToEastH6.92,gasoline_euro4,0.88,198169.598837,3746743.644314,989.570209,86.61517,1669.708568,1195104.714591,0.0
WestA509ToEastH6.93,3351.0,773_0,0.0,0.0,3.0,4762.0,522_1,56.88,12.32,1411.0,2755.17,998.0,23,0.0,1206.41,0,tripinfo_WestA509ToEastH6.93 emissions_WestA509ToEastH6.93,electric,0.97,0.0,0.0,0.0,0.0,0.0,0.0,0.0
EastA509ToH6.198,3564.0,770_0,0.0,0.0,0.0,4763.0,522_0,56.88,13.34,1199.0,1483.64,985.0,13,0.0,1090.68,0,tripinfo_EastA509ToH6.198 emissions_EastA509ToH6.198,electric,0.99,0.0,0.0,0.0,0.0,0.0,0.0,0.0
EastA509ToH6.196,3528.0,770_0,0.0,0.0,0.0,4767.0,522_0,56.88,12.38,1239.0,1483.69,1015.0,12,0.0,1123.07,0,tripinfo_EastA509ToH6.196 emissions_EastA509ToH6.196,gasoline_euro4,0.92,183157.3515,3272246.037183,910.488704,78.121501,1474.804834,1043757.017417,0.0
EastA509ToH6.192,3456.0,770_0,0.0,0.0,0.0,4769.0,522_1,56.88,12.52,1313.0,1443.3,1094.0,11,0.0,1205.95,0,tripinfo_EastA509ToH6.192 emissions_EastA509ToH6.192,gasoline_euro4,0.97,196189.505053,3471282.033546,974.680275,83.52579,1568.826245,1107244.514887,0.0
WestA509ToEastH6.94,3384.0,773_0,0.0,0.0,0.0,4773.0,522_0,56.88,11.96,1389.0,2755.17,978.0,20,0.0,1172.11,0,tripinfo_WestA509ToEastH6.94 emissions_WestA509ToEastH6.94,electric,0.92,0.0,0.0,0.0,0.0,0.0,0.0,0.0
WestH6ToSaxonSt.218,2616.0,524_0,0.0,0.0,0.0,4800.0,771_1,56.88,12.71,2184.0,2567.54,1844.0,19,0.0,1979.32,0,tripinfo_WestH6ToSaxonSt.218 emissions_WestH6ToSaxonSt.218,gasoline_euro4,0.92,324748.721945,5684288.368722,1611.412218,136.314913,2564.045967,1813136.185159,0.0
WestH6ToSaxonSt.216,2592.0,524_0,0.0,0.0,0.0,4802.0,771_1,56.88,13.8,2210.0,2555.06,1866.0,22,0.0,2037.55,0,tripinfo_WestH6ToSaxonSt.216 emissions_WestH6ToSaxonSt.216,electric,1.08,0.0,0.0,0.0,0.0,0.0,0.0,0.0
WestH6ToSaxonSt.215,2580.0,524_0,0.0,0.0,0.0,4804.0,771_1,56.88,12.65,2224.0,2555.03,1869.0,27,0.0,2030.9,0,tripinfo_WestH6ToSaxonSt.215 emissions_WestH6ToSaxonSt.215,gasoline_euro4,0.96,330567.367911,5790950.721055,1640.392525,139.352462,2615.299834,1847157.86138,0.0
WestH6ToSaxonSt.219,2628.0,524_0,0.0,0.0,0.0,4805.0,771_1,56.88,15.26,2177.0,2555.03,1879.0,18,0.0,2015.31,0,tripinfo_WestH6ToSaxonSt.219 emissions_WestH6ToSaxonSt.219,electric,1.15,0.0,0.0,0.0,0.0,0.0,0.0,0.0
EastAveburyToWestA509.390,3828.0,483_1,0.0,0.0,313.0,4808.0,774_2,29.75,14.41,980.0,2240.5,669.0,19,0.0,830.4,0,tripinfo_EastAveburyToWestA509.390 emissions_EastAveburyToWestA509.390,gasoline_euro4,1.1,132667.93396,2621494.301286,665.110921,60.431826,1166.229821,836178.543296,0.0
WestA509ToAvebury.172,3099.0,773_0,0.0,0.0,3.0,4811.0,213_0,19.13,14.61,1712.0,2275.76,1330.0,24,0.0,1536.02,0,tripinfo_WestA509ToAvebury.172 emissions_WestA509ToAvebury.172,gasoline_euro4,1.12,246291.329474,4488385.235018,1226.477277,107.174258,2023.145302,1431668.96587,0.0
WestA509ToAvebury.179,3222.0,773_0,0.0,0.0,0.0,4814.0,213_0,19.13,13.44,1592.0,2327.58,1208.0,30,0.0,1420.38,0,tripinfo_WestA509ToAvebury.179 emissions_WestA509ToAvebury.179,gasoline_euro4,0.99,227950.707997,4140808.913693,1134.332913,97.995592,1859.469565,1320803.383358,0.0
WestA509ToAvebury.190,3423.0,773_0,0.0,0.0,3.0,4815.0,213_0,19.13,14.3,1392.0,2327.58,1012.0,24,0.0,1228.27,0,tripinfo_WestA509ToAvebury.190 emissions_WestA509ToAvebury.190,gasoline_euro4,1.04,196759.282153,3699376.591371,982.500116,87.15635,1660.196347,1179994.704165,0.0
WestH6ToSaxonSt.220,2640.0,524_0,0.0,0.0,0.0,4817.0,771_0,56.88,14.56,2177.0,2555.05,1856.0,17,0.0,2004.51,0,tripinfo_WestH6ToSaxonSt.220 emissions_WestH6ToSaxonSt.220,electric,1.08,0.0,0.0,0.0,0.0,0.0,0.0,0.0
WestH6ToSaxonSt.213,2556.0,524_0,0.0,0.0,0.0,4818.0,771_1,56.88,10.41,2262.0,2555.04,1861.0,25,0.0,2020.77,0,tripinfo_WestH6ToSaxonSt.213 emissions_WestH6ToSaxonSt.213,electric,0.77,0.0,0.0,0.0,0.0,0.0,0.0,0.0
EastAveburyToWestA509.284,2614.0,483_0,0.0,0.0,0.0,4818.0,774_0,29.75,12.2,2204.0,2245.55,1860.0,25,0.0,2027.24,0,tripinfo_EastAveburyToWestA509.284 emissions_EastAveburyToWestA509.284,electric,0.92,0.0,0.0,0.0,0.0,0.0,0.0,0.0
WestA509ToAvebury.186,3348.0,773_0,0.0,0.0,0.0,4818.0,213_0,19.13,13.96,1470.0,2327.58,1104.0,25,0.0,1313.17,0,tripinfo_WestA509ToAvebury.186 emissions_WestA509ToAvebury.186,gasoline_euro4,1.08,208969.454869,3860477.930525,1041.468629,91.013213,1731.140757,1231383.690105,0.0
EastAveburyToWestA509.230,2155.0,483_0,0.0,0.0,0.0,4820.0,774_1,29.75,13.23,2665.0,2260.96,2325.0,23,0.0,2503.31,0,tripinfo_EastAveburyToWestA509.230 emissions_EastAveburyToWestA509.230,gasoline_euro4,1.02,410189.014003,7054713.240422,2032.824785,171.72183,3199.910488,2250266.641739,0.0
EastAveburyToWestA509.221,2078.0,483_0,0.0,0.0,0.0,4821.0,774_0,29.75,12.28,2743.0,2263.36,2402.0,24,0.0,2566.08,0,tripinfo_EastAveburyToWestA509.221 emissions_EastAveburyToWestA509.221,gasoline_euro4,0.94,420990.212531,7216606.17337,2085.782272,175.373597,3271.659171,2301907.437072,0.0
WestA509ToAvebury.191,3438.0,773_0,0.0,0.0,0.0,4824.0,213_0,19.13,12.86,1386.0,2327.58,1011.0,24,0.0,1210.56,0,tripinfo_WestA509ToAvebury.191 emissions_WestA509ToAvebury.191,electric,0.97,0.0,0.0,0.0,0.0,0.0,0.0,0.0
EastAveburyToWestA509.229,2146.0,483_0,0.0,0.0,0.0,4825.0,774_0,29.75,12.57,2679.0,2247.92,2311.0,24,0.0,2506.82,0,tripinfo_EastAveburyToWestA509.229 emissions_EastAveburyToWestA509.229,gasoline_euro4,0.96,410675.558686,7047587.82787,2034.882913,171.410979,3196.076541,2247994.55638,0.0
WestH6ToSaxonSt.223,2676.0,524_0,0.0,0.0,0.0,4828.0,771_0,56.88,14.36,2152.0,2608.48,1850.0,17,0.0,1979.78,0,tripinfo_WestH6ToSaxonSt.223 emissions_WestH6ToSaxonSt.223,electric,1.11,0.0,0.0,0.0,0.0,0.0,0.0,0.0
EastAveburyToWestA509.275,2537.0,483_0,0.0,0.0,0.0,4829.0,774_1,29.75,13.55,2292.0,2260.96,1925.0,19,0.0,2127.29,0,tripinfo_EastAveburyToWestA509.275 emissions_EastAveburyToWestA509.275,gasoline_euro4,1.01,345927.393756,6024801.932659,1716.292964,145.749026,2727.682073,1921750.453598,0.0
EastAveburyToWestA509.269,2486.0,483_0,0.0,0.0,0.0,4831.0,774_0,29.75,11.11,2345.0,2263.35,1979.0,16,0.0,2151.5,0,tripinfo_EastAveburyToWestA509.269 emissions_EastAveburyToWestA509.269,electric,0.86,0.0,0.0,0.0,0.0,0.0,0.0,0.0
EastAveburyToWestA509.228,2138.0,483_0,0.0,0.0,0.0,4833.0,774_0,29.75,13.05,2695.0,2264.9,2335.0,26,0.0,2529.43,0,tripinfo_EastAveburyToWestA509.228 emissions_EastAveburyToWestA509.228,gasoline_euro4,1.0,413277.919467,7129586.629784,2048.606991,173.010884,3230.641892,2274149.071053,0.0
EastAveburyToWestA509.239,2231.0,483_0,0.0,0.0,0.0,4835.0,774_0,29.75,13.73,2604.0,2263.36,2249.0,22,0.0,2440.09,0,tripinfo_EastAveburyToWestA509.239 emissions_EastAveburyToWestA509.239,electric,1.01,0.0,0.0,0.0,0.0,0.0,0.0,0.0
EastAveburyToWestA509.238,2223.0,483_0,0.0,0.0,0.0,4836.0,774_0,29.75,13.02,2613.0,2264.88,2247.0,18,0.0,2446.24,0,tripinfo_EastAveburyToWestA509.238 emissions_EastAveburyToWestA509.238,gasoline_euro4,0.99,400150.32994,6907350.163093,1983.62162,167.847451,3131.722024,2203261.087383,0.0
EastAveburyToWestA509.289,2656.0,483_0,0.0,0.0,0.0,4836.0,774_1,29.75,13.3,2180.0,2260.95,1848.0,15,0.0,2020.6,0,tripinfo_EastAveburyToWestA509.289 emissions_EastAveburyToWestA509.289,gasoline_euro4,1.04,328979.409616,5766356.649821,1632.718853,139.259576,2608.6434,1839312.225506,0.0
WestA509ToEastH6.95,3420.0,773_0,0.0,0.0,0.0,4844.0,522_0,56.88,13.11,1424.0,2755.17,1011.0,21,0.0,1217.22,0,tripinfo_WestA509ToEastH6.95 emissions_WestA509ToEastH6.95,gasoline_euro4,0.97,194970.139835,3707247.960391,974.094083,86.213505,1655.085122,1182505.388012,0.0
WestA509ToEastH6.96,3459.0,773_0,0.0,0.0,3.0,4855.0,522_0,56.88,13.21,1396.0,2755.17,996.0,21,0.0,1193.56,0,tripinfo_WestA509ToEastH6.96 emissions_WestA509ToEastH6.96,gasoline_euro4,0.99,191811.556148,3674206.111839,958.687877,85.227816,1637.94706,1171965.355178,0.0
WestH6ToSaxonSt.224,2688.0,524_0,0.0,0.0,0.0,4881.0,771_1,56.88,14.4,2193.0,2555.04,1880.0,18,0.0,2022.52,0,tripinfo_WestH6ToSaxonSt.224 emissions_WestH6ToSaxonSt.224,electric,1.09,0.0,0.0,0.0,0.0,0.0,0.0,0.0
WestH6ToSaxonSt.226,2712.0,524_0,0.0,0.0,0.0,4884.0,771_1,56.88,13.76,2172.0,2555.04,1846.0,18,0.0,1994.52,0,tripinfo_WestH6ToSaxonSt.226 emissions_WestH6ToSaxonSt.226,gasoline_euro4,1.05,325024.061319,5712903.83706,1612.701656,137.299889,2576.324669,1822262.536029,0.0
WestH6ToSaxonSt.221,2652.0,524_0,0.0,0.0,0.0,4892.0,771_1,56.88,11.61,2240.0,2555.03,1899.0,19,0.0,2038.15,0,tripinfo_WestH6ToSaxonSt.221 emissions_WestH6ToSaxonSt.221,gasoline_euro4,0.93,334010.918492,5861255.3889,1657.765034,140.337979,2642.428352,1869583.656133,0.0
WestH6ToSaxonSt.227,2724.0,524_0,0.0,0.0,0.0,4894.0,771_1,56.88,13.99,2170.0,2555.04,1826.0,19,0.0,1990.52,0,tripinfo_WestH6ToSaxonSt.227 emissions_WestH6ToSaxonSt.227,electric,1.04,0.0,0.0,0.0,0.0,0.0,0.0,0.0
WestH6ToSaxonSt.228,2736.0,524_0,0.0,0.0,0.0,4895.0,771_1,56.88,13.28,2159.0,2555.03,1810.0,19,0.0,1964.91,0,tripinfo_WestH6ToSaxonSt.228 emissions_WestH6ToSaxonSt.228,gasoline_euro4,0.96,320054.484648,5635602.20939,1588.959519,135.171993,2542.553462,1797605.308138,0.0
WestH6ToSaxonSt.229,2748.0,524_0,0.0,0.0,0.0,4897.0,771_1,56.88,13.25,2149.0,2555.02,1796.0,21,0.0,1969.85,0,tripinfo_WestH6ToSaxonSt.229 emissions_WestH6ToSaxonSt.229,electric,1.04,0.0,0.0,0.0,0.0,0.0,0.0,0.0
WestH6ToSaxonSt.230,2760.0,524_0,0.0,0.0,0.0,4899.0,771_1,56.88,13.62,2139.0,2555.04,1795.0,19,0.0,1949.0,0,tripinfo_WestH6ToSaxonSt.230 emissions_WestH6ToSaxonSt.230,gasoline_euro4,0.98,317717.950192,5606749.096815,1577.577995,134.238681,2527.065756,1788401.817221,0.0
WestA509ToAvebury.135,2430.0,773_0,0.0,0.0,0.0,4900.0,213_0,19.13,14.27,2470.0,2322.44,2116.0,42,0.0,2309.22,0,tripinfo_WestA509ToAvebury.135 emissions_WestA509ToAvebury.135,gasoline_euro4,1.05,377915.335238,6527492.764751,1872.709901,157.925419,2951.666893,2082097.393622,0.0
WestA509ToAvebury.160,2883.0,773_0,0.0,0.0,3.0,4903.0,213_0,19.13,13.87,2020.0,2275.76,1640.0,39,0.0,1857.55,0,tripinfo_WestA509ToAvebury.160 emissions_WestA509ToAvebury.160,gasoline_euro4,1.02,299912.499632,5249302.530701,1488.014835,126.41016,2371.221281,1674386.641427,0.0
WestA509ToAvebury.176,3168.0,773_0,0.0,0.0,0.0,4905.0,213_0,19.13,12.58,1737.0,2327.58,1295.0,40,0.0,1559.97,0,tripinfo_WestA509ToAvebury.176 emissions_WestA509ToAvebury.176,electric,0.95,0.0,0.0,0.0,0.0,0.0,0.0,0.0
WestA509ToAvebury.194,3495.0,773_0,0.0,0.0,3.0,4907.0,213_0,19.13,13.5,1412.0,2327.58,1052.0,24,0.0,1240.5,0,tripinfo_WestA509ToAvebury.194 emissions_WestA509ToAvebury.194,gasoline_euro4,0.99,198931.543877,3730036.122596,992.855179,87.512184,1671.554307,1189774.957188,0.0
WestA509ToAvebury.57,1026.0,773_0,0.0,0.0,0.0,4909.0,213_0,19.13,14.81,3883.0,2277.62,3553.0,31,0.0,3705.23,0,tripinfo_WestA509ToAvebury.57 emissions_WestA509ToAvebury.57,electric,1.09,0.0,0.0,0.0,0.0,0.0,0.0,0.0
WestA509ToAvebury.192,3456.0,773_0,0.0,0.0,0.0,4913.0,213_0,19.13,13.45,1457.0,2327.58,1071.0,25,0.0,1290.19,0,tripinfo_WestA509ToAvebury.192 emissions_WestA509ToAvebury.192,gasoline_euro4,1.02,206157.929259,3827760.126082,1028.254267,90.460862,1719.379672,1220946.681936,0.0
WestA509ToEastH6.97,3492.0,773_0,0.0,0.0,0.0,4933.0,522_0,56.88,12.19,1441.0,2755.12,1030.0,21,0.0,1233.34,0,tripinfo_WestA509ToEastH6.97 emissions_WestA509ToEastH6.97,electric,0.96,0.0,0.0,0.0,0.0,0.0,0.0,0.0
WestH6ToSaxonSt.232,2784.0,524_0,0.0,0.0,0.0,4969.0,771_1,56.88,13.71,2185.0,2555.04,1845.0,21,0.0,2009.48,0,tripinfo_WestH6ToSaxonSt.232 emissions_WestH6ToSaxonSt.232,gasoline_euro4,1.06,326869.52501,5749311.04003,1622.358285,138.23232,2593.841679,1833875.242936,0.0
WestH6ToSaxonSt.234,2808.0,524_0,0.0,0.0,0.0,4971.0,771_1,56.88,14.89,2163.0,2555.04,1843.0,19,0.0,1999.67,0,tripinfo_WestH6ToSaxonSt.234 emissions_WestH6ToSaxonSt.234,electric,1.14,0.0,0.0,0.0,0.0,0.0,0.0,0.0
WestH6ToSaxonSt.233,2796.0,524_0,0.0,0.0,0.0,4977.0,771_1,56.88,13.3,2181.0,2555.06,1833.0,21,0.0,1989.18,0,tripinfo_WestH6ToSaxonSt.233 emissions_WestH6ToSaxonSt.233,gasoline_euro4,0.97,323953.809991,5698422.213486,1608.179836,136.947003,2572.762358,1817643.085356,0.0
WestA509ToAvebury.195,3510.0,773_0,0.0,0.0,0.0,4987.0,213_0,19.13,13.18,1477.0,2327.58,1131.0,22,0.0,1308.06,0,tripinfo_WestA509ToAvebury.195 emissions_WestA509ToAvebury.195,gasoline_euro4,1.0,210341.381134,3903668.913263,1048.824926,92.245791,1753.001166,1245159.507559,0.0
WestA509ToAvebury.139,2502.0,773_0,0.0,0.0,0.0,4989.0,213_0,19.13,14.52,2487.0,2311.38,2124.0,33,0.0,2336.67,0,tripinfo_WestA509ToAvebury.139 emissions_WestA509ToAvebury.139,electric,1.12,0.0,0.0,0.0,0.0,0.0,0.0,0.0
WestH6ToSaxonSt.231,2772.0,524_0,0.0,0.0,0.0,4989.0,771_1,56.88,9.98,2217.0,2555.03,1838.0,21,0.0,1984.05,0,tripinfo_WestH6ToSaxonSt.231 emissions_WestH6ToSaxonSt.231,electric,0.8,0.0,0.0,0.0,0.0,0.0,0.0,0.0
WestH6ToSaxonSt.235,2820.0,524_0,0.0,0.0,0.0,4989.0,771_0,56.88,14.07,2169.0,2555.0,1806.0,22,0.0,1996.3,0,tripinfo_WestH6ToSaxonSt.235 emissions_WestH6ToSaxonSt.235,gasoline_euro4,1.08,321463.531988,5670160.320063,1596.216198,136.289987,2560.236519,1808627.67623,0.0
WestH6ToSaxonSt.236,2832.0,524_0,0.0,0.0,0.0,4991.0,771_1,56.88,13.36,2159.0,2555.03,1783.0,20,0.0,1965.65,0,tripinfo_WestH6ToSaxonSt.236 emissions_WestH6ToSaxonSt.236,gasoline_euro4,0.96,318117.876506,5618445.593476,1580.113999,134.864524,2536.653926,1792132.037533,0.0
WestH6ToSaxonSt.237,2844.0,524_0,0.0,0.0,0.0,4993.0,771_1,56.88,14.21,2149.0,2555.04,1800.0,17,0.0,1967.8,0,tripinfo_WestH6ToSaxonSt.237 emissions_WestH6ToSaxonSt.237,electric,1.03,0.0,0.0,0.0,0.0,0.0,0.0,0.0
WestA509ToAvebury.197,3546.0,773_0,0.0,0.0,0.0,4997.0,213_0,19.13,12.77,1451.0,2327.58,1098.0,17,0.0,1268.3,0,tripinfo_WestA509ToAvebury.197 emissions_WestA509ToAvebury.197,gasoline_euro4,0.93,204502.34221,3786621.234581,1019.398449,88.899713,1696.820963,1207825.593844,0.0
WestA509ToAvebury.193,3474.0,773_0,0.0,0.0,0.0,5001.0,213_0,19.13,10.51,1527.0,2327.58,1124.0,29,0.0,1320.32,0,tripinfo_WestA509ToAvebury.193 emissions_WestA509ToAvebury.193,gasoline_euro4,0.82,214391.175185,3935095.974396,1068.33228,92.411034,1765.291233,1255185.950439,0.0
WestA509ToAvebury.196,3528.0,773_0,0.0,0.0,0.0,5002.0,213_0,19.13,13.09,1474.0,2327.58,1123.0,21,0.0,1313.35,0,tripinfo_WestA509ToAvebury.196 emissions_WestA509ToAvebury.196,gasoline_euro4,1.05,210465.743184,3909172.583695,1049.55011,92.500661,1756.153423,1246914.751322,0.0
WestA509ToEastH6.98,3531.0,773_0,0.0,0.0,3.0,5017.0,522_0,56.88,14.11,1486.0,2755.17,1102.0,22,0.0,1301.97,0,tripinfo_WestA509ToEastH6.98 emissions_WestA509ToEastH6.98,electric,1.08,0.0,0.0,0.0,0.0,0.0,0.0,0.0
WestA509ToEastH6.99,3564.0,773_0,0.0,0.0,0.0,5025.0,522_0,56.88,13.31,1461.0,2755.17,1094.0,16,0.0,1270.18,0,tripinfo_WestA509ToEastH6.99 emissions_WestA509ToEastH6.99,gasoline_euro4,1.04,205029.667635,3892993.167281,1024.098889,90.740701,1738.024458,1241752.748552,0.0
WestH6ToSaxonSt.239,2868.0,524_0,0.0,0.0,0.0,5057.0,771_1,56.88,13.74,2189.0,2555.04,1843.0,19,0.0,2014.71,0,tripinfo_WestH6ToSaxonSt.239 emissions_WestH6ToSaxonSt.239,electric,1.07,0.0,0.0,0.0,0.0,0.0,0.0,0.0
WestH6ToSaxonSt.240,2880.0,524_0,0.0,0.0,0.0,5059.0,771_1,56.88,14.5,2179.0,2555.04,1844.0,20,0.0,2004.85,0,tripinfo_WestH6ToSaxonSt.240 emissions_WestH6ToSaxonSt.240,gasoline_euro4,1.07,325957.145708,5763979.823991,1618.843524,138.602029,2600.982511,1838553.089592,0.0
WestH6ToSaxonSt.238,2856.0,524_0,0.0,0.0,0.0,5067.0,771_1,56.88,12.6,2211.0,2555.03,1849.0,21,0.0,2008.29,0,tripinfo_WestH6ToSaxonSt.238 emissions_WestH6ToSaxonSt.238,electric,0.92,0.0,0.0,0.0,0.0,0.0,0.0,0.0
WestH6ToSaxonSt.241,2892.0,524_0,0.0,0.0,0.0,5069.0,771_1,56.88,13.54,2177.0,2555.06,1819.0,19,0.0,2000.07,0,tripinfo_WestH6ToSaxonSt.241 emissions_WestH6ToSaxonSt.241,electric,1.05,0.0,0.0,0.0,0.0,0.0,0.0,0.0
WestH6ToSaxonSt.242,2904.0,524_0,0.0,0.0,0.0,5071.0,771_1,56.88,13.56,2167.0,2555.03,1798.0,19,0.0,1989.36,0,tripinfo_WestH6ToSaxonSt.242 emissions_WestH6ToSaxonSt.242,gasoline_euro4,1.05,322925.054287,5704980.650044,1603.654123,137.18557,2576.295033,1819734.032681,0.0
WestH6ToSaxonSt.243,2916.0,524_0,0.0,0.0,0.0,5072.0,771_1,56.88,15.58,2156.0,2555.04,1803.0,19,0.0,1992.45,0,tripinfo_WestH6ToSaxonSt.243 emissions_WestH6ToSaxonSt.243,gasoline_euro4,1.14,322746.253175,5741992.16975,1603.8369,138.210908,2592.764953,1831538.147177,0.0
WestA509ToAvebury.182,3276.0,773_0,0.0,0.0,0.0,5073.0,213_0,19.13,13.05,1797.0,2327.58,1361.0,34,0.0,1632.18,0,tripinfo_WestA509ToAvebury.182 emissions_WestA509ToAvebury.182,electric,1.03,0.0,0.0,0.0,0.0,0.0,0.0,0.0
EastSilburyToEastAvebury.66,1456.0,317_0,0.0,0.0,0.0,5075.0,213_0,19.13,13.5,3619.0,680.87,3428.0,25,0.0,3570.2,0,tripinfo_EastSilburyToEastAvebury.66 emissions_EastSilburyToEastAvebury.66,electric,1.04,0.0,0.0,0.0,0.0,0.0,0.0,0.0
WestH6ToSaxonSt.244,2928.0,524_0,0.0,0.0,0.0,5076.0,771_1,56.88,12.97,2148.0,2555.04,1788.0,20,0.0,1955.97,0,tripinfo_WestH6ToSaxonSt.244 emissions_WestH6ToSaxonSt.244,gasoline_euro4,0.97,318046.011755,5612910.606185,1579.001352,134.248037,2529.070084,1790367.29065,0.0
EastSilburyToEastAvebury.79,1664.0,317_0,0.0,0.0,0.0,5077.0,213_0,19.13,14.6,3413.0,680.87,3238.0,28,0.0,3365.61,0,tripinfo_EastSilburyToEastAvebury.79 emissions_EastSilburyToEastAvebury.79,electric,1.07,0.0,0.0,0.0,0.0,0.0,0.0,0.0
WestH6ToSaxonSt.245,2940.0,524_0,0.0,0.0,0.0,5077.0,771_1,56.88,13.52,2137.0,2555.03,1773.0,19,0.0,1954.73,0,tripinfo_WestH6ToSaxonSt.245 emissions_WestH6ToSaxonSt.245,gasoline_euro4,1.02,317643.686402,5617130.995308,1577.332555,134.785187,2533.882239,1791712.536215,0.0
WestA509ToAvebury.168,3027.0,773_0,0.0,0.0,3.0,5081.0,213_0,19.13,12.85,2054.0,2316.42,1635.0,32,0.0,1871.72,0,tripinfo_WestA509ToAvebury.168 emissions_WestA509ToAvebury.168,electric,0.93,0.0,0.0,0.0,0.0,0.0,0.0,0.0
EastSilburyToEastAvebury.90,1840.0,317_0,0.0,0.0,0.0,5083.0,213_0,19.13,14.09,3243.0,680.87,3047.0,33,0.0,3193.28,0,tripinfo_EastSilburyToEastAvebury.90 emissions_EastSilburyToEastAvebury.90,gasoline_euro4,1.03,523132.362915,8546581.359227,2582.451877,212.559129,3907.860765,2726144.459678,0.0
WestA509ToAvebury.188,3386.0,773_0,0.0,0.0,2.0,5085.0,213_0,19.13,14.54,1699.0,2327.58,1291.0,31,0.0,1543.68,0,tripinfo_WestA509ToAvebury.188 emissions_WestA509ToAvebury.188,electric,1.09,0.0,0.0,0.0,0.0,0.0,0.0,0.0
WestA509ToAvebury.187,3366.0,773_0,0.0,0.0,0.0,5087.0,213_0,19.13,13.76,1721.0,2327.58,1273.0,32,0.0,1563.21,0,tripinfo_WestA509ToAvebury.187 emissions_WestA509ToAvebury.187,gasoline_euro4,1.07,247436.670294,4479104.080878,1231.281733,106.79426,2017.919996,1428709.738703,0.0
WestH6ToSaxonSt.246,2952.0,524_0,0.0,0.0,0.0,5142.0,771_1,56.88,15.44,2190.0,2555.04,1834.0,21,0.0,2033.56,0,tripinfo_WestH6ToSaxonSt.246 emissions_WestH6ToSaxonSt.246,gasoline_euro4,1.19,329135.813841,5816596.996441,1634.318231,140.045906,2624.535802,1855336.46844,0.0
WestH6ToSaxonSt.248,2976.0,524_0,0.0,0.0,0.0,5144.0,771_1,56.88,16.57,2168.0,2555.0,1813.0,21,0.0,2015.82,0,tripinfo_WestH6ToSaxonSt.248 emissions_WestH6ToSaxonSt.248,electric,1.23,0.0,0.0,0.0,0.0,0.0,0.0,0.0
WestH6ToSaxonSt.250,3000.0,524_0,0.0,0.0,0.0,5148.0,771_1,56.88,15.03,2148.0,2555.0,1780.0,20,0.0,1986.88,0,tripinfo_WestH6ToSaxonSt.250 emissions_WestH6ToSaxonSt.250,electric,1.16,0.0,0.0,0.0,0.0,0.0,0.0,0.0
WestH6ToSaxonSt.247,2964.0,524_0,0.0,0.0,0.0,5158.0,771_1,56.88,12.57,2194.0,2555.05,1809.0,20,0.0,1994.96,0,tripinfo_WestH6ToSaxonSt.247 emissions_WestH6ToSaxonSt.247,electric,0.94,0.0,0.0,0.0,0.0,0.0,0.0,0.0
WestH6ToSaxonSt.251,3012.0,524_0,0.0,0.0,0.0,5160.0,771_1,56.88,12.65,2148.0,2555.0,1755.0,20,0.0,1947.73,0,tripinfo_WestH6ToSaxonSt.251 emissions_WestH6ToSaxonSt.251,gasoline_euro4,0.93,316094.648912,5571722.127571,1569.379741,133.442675,2512.65844,1777229.296908,0.0
EastSilburyToEastAvebury.107,2112.0,317_0,0.0,0.0,0.0,5164.0,213_0,19.13,9.73,3052.0,680.87,2841.0,30,0.0,2985.29,0,tripinfo_EastSilburyToEastAvebury.107 emissions_EastSilburyToEastAvebury.107,electric,0.75,0.0,0.0,0.0,0.0,0.0,0.0,0.0
WestH6ToSaxonSt.249,2988.0,524_0,0.0,0.0,0.0,5165.0,771_1,56.88,11.48,2177.0,2555.05,1779.0,22,0.0,1969.84,0,tripinfo_WestH6ToSaxonSt.249 emissions_WestH6ToSaxonSt.249,electric,0.9,0.0,0.0,0.0,0.0,0.0,0.0,0.0
WestA509ToAvebury.159,2862.0,773_0,0.0,0.0,0.0,5166.0,213_0,19.13,12.72,2304.0,2275.76,1930.0,30,0.0,2153.97,0,tripinfo_WestA509ToAvebury.159 emissions_WestA509ToAvebury.159,gasoline_euro4,1.12,348307.874308,6058256.129843,1727.491252,146.796838,2742.454985,1932421.471624,0.0
WestH6ToSaxonSt.252,3024.0,524_0,0.0,0.0,0.0,5167.0,771_1,56.88,13.74,2143.0,2555.04,1759.0,20,0.0,1957.45,0,tripinfo_WestH6ToSaxonSt.252 emissions_WestH6ToSaxonSt.252,electric,1.01,0.0,0.0,0.0,0.0,0.0,0.0,0.0
EastSilburyToEastAvebury.62,1392.0,317_0,0.0,0.0,0.0,5168.0,213_0,19.13,14.11,3776.0,680.87,3560.0,29,0.0,3727.35,0,tripinfo_EastSilburyToEastAvebury.62 emissions_EastSilburyToEastAvebury.62,gasoline_euro4,1.05,609278.03367,9932631.421557,3007.558779,247.579597,4546.111123,3168259.758687,0.0
EastSilburyToEastAvebury.111,2176.0,317_0,0.0,0.0,0.0,5169.0,213_0,19.13,13.9,2993.0,680.87,2789.0,33,0.0,2947.07,0,tripinfo_EastSilburyToEastAvebury.111 emissions_EastSilburyToEastAvebury.111,gasoline_euro4,1.09,481097.666554,7861064.181433,2375.191073,195.589462,3596.004315,2507481.551133,0.0
WestA509ToAvebury.69,1242.0,773_0,0.0,0.0,0.0,5173.0,213_0,19.13,11.8,3931.0,2288.81,3589.0,29,0.0,3746.09,0,tripinfo_WestA509ToAvebury.69 emissions_WestA509ToAvebury.69,electric,0.9,0.0,0.0,0.0,0.0,0.0,0.0,0.0
WestA509ToAvebury.80,1443.0,773_0,0.0,0.0,3.0,5174.0,213_0,19.13,13.14,3731.0,2250.02,3372.0,26,0.0,3572.63,0,tripinfo_WestA509ToAvebury.80 emissions_WestA509ToAvebury.80,electric,1.03,0.0,0.0,0.0,0.0,0.0,0.0,0.0
WestA509ToAvebury.89,1602.0,773_0,0.0,0.0,0.0,5176.0,213_0,19.13,13.94,3574.0,2288.81,3258.0,34,0.0,3417.44,0,tripinfo_WestA509ToAvebury.89 emissions_WestA509ToAvebury.89,electric,1.06,0.0,0.0,0.0,0.0,0.0,0.0,0.0
WestH6ToSaxonSt.254,3048.0,524_0,0.0,0.0,0.0,5233.0,771_1,56.88,13.95,2185.0,2555.04,1800.0,20,0.0,2014.57,0,tripinfo_WestH6ToSaxonSt.254 emissions_WestH6ToSaxonSt.254,gasoline_euro4,1.1,325145.918767,5753459.251778,1614.939547,138.309721,2597.160586,1835197.152527,0.0
WestH6ToSaxonSt.255,3060.0,524_0,0.0,0.0,0.0,5236.0,771_1,56.88,14.67,2176.0,2555.05,1797.0,22,0.0,2000.75,0,tripinfo_WestH6ToSaxonSt.255 emissions_WestH6ToSaxonSt.255,electric,1.06,0.0,0.0,0.0,0.0,0.0,0.0,0.0
WestH6ToSaxonSt.253,3036.0,524_0,0.0,0.0,0.0,5243.0,771_1,56.88,11.84,2207.0,2555.03,1808.0,22,0.0,2006.73,0,tripinfo_WestH6ToSaxonSt.253 emissions_WestH6ToSaxonSt.253,electric,0.93,0.0,0.0,0.0,0.0,0.0,0.0,0.0
WestH6ToSaxonSt.256,3072.0,524_0,0.0,0.0,0.0,5249.0,771_1,56.88,11.56,2177.0,2555.04,1763.0,21,0.0,1964.32,0,tripinfo_WestH6ToSaxonSt.256 emissions_WestH6ToSaxonSt.256,gasoline_euro4,0.88,320105.199996,5636562.811458,1589.539907,134.96455,2543.515645,1797911.886848,0.0
WestA509ToAvebury.199,3582.0,773_0,0.0,0.0,0.0,5250.0,213_0,19.13,12.33,1668.0,2275.76,1305.0,23,0.0,1486.89,0,tripinfo_WestA509ToAvebury.199 emissions_WestA509ToAvebury.199,electric,0.92,0.0,0.0,0.0,0.0,0.0,0.0,0.0
EastSilburyToEastAvebury.89,1824.0,317_0,0.0,0.0,0.0,5252.0,213_0,19.13,11.58,3428.0,680.87,3210.0,34,0.0,3372.86,0,tripinfo_EastSilburyToEastAvebury.89 emissions_EastSilburyToEastAvebury.89,gasoline_euro4,0.92,550882.65495,8978059.844927,2719.14262,223.592895,4107.983149,2863775.73589,0.0
EastSilburyToEastAvebury.118,3019.0,317_0,0.0,0.0,731.0,5254.0,213_0,19.13,12.74,2235.0,680.87,2050.0,21,0.0,2181.02,0,tripinfo_EastSilburyToEastAvebury.118 emissions_EastSilburyToEastAvebury.118,electric,0.93,0.0,0.0,0.0,0.0,0.0,0.0,0.0
WestH6ToSaxonSt.257,3084.0,524_0,0.0,0.0,0.0,5254.0,771_1,56.88,10.69,2170.0,2555.03,1749.0,21,0.0,1947.06,0,tripinfo_WestH6ToSaxonSt.257 emissions_WestH6ToSaxonSt.257,gasoline_euro4,0.84,316816.158901,5586066.537423,1573.417377,133.419403,2519.052083,1781805.024077,0.0
WestH6ToSaxonSt.258,3096.0,524_0,0.0,0.0,0.0,5255.0,771_1,56.88,14.03,2159.0,2555.04,1756.0,23,0.0,1977.32,0,tripinfo_WestH6ToSaxonSt.258 emissions_WestH6ToSaxonSt.258,gasoline_euro4,1.02,319252.686889,5679288.219278,1586.516917,136.034391,2562.912992,1811537.967916,0.0
EastSilburyToEastAvebury.115,2530.0,317_0,0.0,0.0,290.0,5257.0,213_0,19.13,11.66,2727.0,619.54,2495.0,28,0.0,2679.79,0,tripinfo_EastSilburyToEastAvebury.115 emissions_EastSilburyToEastAvebury.115,gasoline_euro4,0.91,434868.493758,7067682.729434,2146.00551,175.897223,3233.016536,2254414.295146,0.0
EastSilburyToEastAvebury.113,2223.0,317_0,0.0,0.0,15.0,5259.0,213_0,19.13,12.91,3036.0,658.22,2831.0,27,0.0,2985.26,0,tripinfo_EastSilburyToEastAvebury.113 emissions_EastSilburyToEastAvebury.113,gasoline_euro4,0.95,487001.896363,7944546.232921,2403.982859,197.671493,3633.911808,2534110.740315,0.0
EastSilburyToEastAvebury.51,1216.0,317_0,0.0,0.0,0.0,5261.0,213_0,19.13,12.4,4045.0,642.19,3847.0,25,0.0,3995.73,0,tripinfo_EastSilburyToEastAvebury.51 emissions_EastSilburyToEastAvebury.51,gasoline_euro4,0.96,654464.183476,10592284.131891,3228.613843,264.311393,4849.083057,3378675.109971,0.0
EastSilburyToEastAvebury.123,3282.0,317_0,0.0,0.0,914.0,5265.0,213_0,19.13,10.27,1983.0,680.87,1805.0,21,0.0,1921.72,0,tripinfo_EastSilburyToEastAvebury.123 emissions_EastSilburyToEastAvebury.123,gasoline_euro4,0.82,314144.593244,5173108.730779,1551.842265,128.112146,2362.605403,1650090.561274,0.0
WestH6ToSaxonSt.260,3120.0,524_0,0.0,0.0,0.0,5326.0,771_1,56.88,12.86,2206.0,2555.02,1813.0,23,0.0,2008.23,0,tripinfo_WestH6ToSaxonSt.260 emissions_WestH6ToSaxonSt.260,electric,0.94,0.0,0.0,0.0,0.0,0.0,0.0,0.0
WestH6ToSaxonSt.259,3108.0,524_0,0.0,0.0,0.0,5328.0,771_1,56.88,12.82,2220.0,2555.04,1824.0,24,0.0,2019.55,0,tripinfo_WestH6ToSaxonSt.259 emissions_WestH6ToSaxonSt.259,electric,0.93,0.0,0.0,0.0,0.0,0.0,0.0,0.0
WestH6ToSaxonSt.262,3144.0,524_0,0.0,0.0,0.0,5330.0,771_1,56.88,14.86,2186.0,2555.04,1795.0,22,0.0,2012.24,0,tripinfo_WestH6ToSaxonSt.262 emissions_WestH6ToSaxonSt.262,gasoline_euro4,1.07,324571.299965,5756113.168593,1612.287659,138.255307,2598.683121,1836043.253129,0.0
WestH6ToSaxonSt.263,3156.0,524_0,0.0,0.0,0.0,5331.0,771_1,56.88,14.62,2175.0,2555.04,1785.0,21,0.0,2010.1,0,tripinfo_WestH6ToSaxonSt.263 emissions_WestH6ToSaxonSt.263,gasoline_euro4,1.13,323715.817629,5759391.351251,1608.746912,138.482068,2601.403145,1837088.127055,0.0
WestA509ToAvebury.142,2559.0,773_0,0.0,0.0,3.0,5337.0,213_0,19.13,12.99,2778.0,2322.44,2401.0,29,0.0,2610.63,0,tripinfo_WestA509ToAvebury.142 emissions_WestA509ToAvebury.142,gasoline_euro4,1.01,424016.289393,7252767.972267,2100.25515,176.249137,3288.043479,2313442.631517,0.0
WestA509ToAvebury.147,2646.0,773_0,0.0,0.0,0.0,5341.0,213_0,19.13,11.45,2695.0,2322.44,2327.0,32,0.0,2501.22,0,tripinfo_WestA509ToAvebury.147 emissions_WestA509ToAvebury.147,electric,0.87,0.0,0.0,0.0,0.0,0.0,0.0,0.0
WestH6ToSaxonSt.261,3132.0,524_0,0.0,0.0,0.0,5341.0,771_1,56.88,10.76,2209.0,2555.03,1788.0,21,0.0,1989.98,0,tripinfo_WestH6ToSaxonSt.261 emissions_WestH6ToSaxonSt.261,gasoline_euro4,0.85,323452.889257,5706848.117686,1606.503385,136.519237,2575.110354,1820330.696856,0.0
WestH6ToSaxonSt.265,3180.0,524_0,0.0,0.0,0.0,5341.0,771_0,56.88,14.55,2161.0,2555.0,1751.0,22,0.0,1990.23,0,tripinfo_WestH6ToSaxonSt.265 emissions_WestH6ToSaxonSt.265,electric,1.09,0.0,0.0,0.0,0.0,0.0,0.0,0.0
WestH6ToSaxonSt.264,3168.0,524_0,0.0,0.0,0.0,5342.0,771_1,56.88,13.91,2174.0,2555.07,1766.0,24,0.0,1993.56,0,tripinfo_WestH6ToSaxonSt.264 emissions_WestH6ToSaxonSt.264,gasoline_euro4,1.03,321360.721952,5728862.559605,1597.31865,137.34638,2585.849958,1827350.272947,0.0
EastSilburyToEastAvebury.112,2192.0,317_0,0.0,0.0,0.0,5343.0,213_0,19.13,11.89,3151.0,680.87,2887.0,40,0.0,3095.88,0,tripinfo_EastSilburyToEastAvebury.112 emissions_EastSilburyToEastAvebury.112,electric,0.92,0.0,0.0,0.0,0.0,0.0,0.0,0.0
WestA509ToAvebury.151,2718.0,773_0,0.0,0.0,0.0,5344.0,213_0,19.13,13.88,2626.0,2322.44,2266.0,28,0.0,2461.14,0,tripinfo_WestA509ToAvebury.151 emissions_WestA509ToAvebury.151,electric,1.03,0.0,0.0,0.0,0.0,0.0,0.0,0.0
EastSilburyToEastAvebury.45,1120.0,317_0,0.0,0.0,0.0,5346.0,213_0,19.13,13.35,4226.0,680.89,3985.0,36,0.0,4175.51,0,tripinfo_EastSilburyToEastAvebury.45 emissions_EastSilburyToEastAvebury.45,electric,1.0,0.0,0.0,0.0,0.0,0.0,0.0,0.0
EastSilburyToEastAvebury.121,3028.0,317_0,0.0,0.0,692.0,5348.0,213_0,19.13,13.46,2320.0,680.87,2125.0,23,0.0,2271.99,0,tripinfo_EastSilburyToEastAvebury.121 emissions_EastSilburyToEastAvebury.121,electric,1.05,0.0,0.0,0.0,0.0,0.0,0.0,0.0
WestA509ToAvebury.167,3006.0,773_0,0.0,0.0,0.0,5351.0,213_0,19.13,12.41,2345.0,2322.44,1959.0,24,0.0,2167.94,0,tripinfo_WestA509ToAvebury.167 emissions_WestA509ToAvebury.167,gasoline_euro4,0.96,351479.913997,6110550.709833,1743.361862,147.490879,2763.770033,1949102.8098,0.0
WestA509ToAvebury.120,2160.0,773_0,0.0,0.0,0.0,5354.0,213_0,19.13,11.92,3194.0,2288.83,2862.0,21,0.0,3006.7,0,tripinfo_WestA509ToAvebury.120 emissions_WestA509ToAvebury.120,electric,0.89,0.0,0.0,0.0,0.0,0.0,0.0,0.0
WestH6ToSaxonSt.266,3192.0,524_0,0.0,0.0,0.0,5409.0,771_1,56.88,14.67,2217.0,2555.05,1813.0,21,0.0,2051.08,0,tripinfo_WestH6ToSaxonSt.266 emissions_WestH6ToSaxonSt.266,gasoline_euro4,1.12,330403.237278,5845925.302641,1640.595147,140.40847,2637.283962,1864691.399743,0.0
WestH6ToSaxonSt.267,3204.0,524_0,0.0,0.0,0.0,5411.0,771_1,56.88,14.86,2207.0,2555.04,1791.0,21,0.0,2036.85,0,tripinfo_WestH6ToSaxonSt.267 emissions_WestH6ToSaxonSt.267,gasoline_euro4,1.1,328014.686839,5808247.626548,1629.156906,139.582785,2621.662908,1852673.009835,0.0
WestH6ToSaxonSt.269,3228.0,524_0,0.0,0.0,0.0,5419.0,771_1,56.88,12.65,2191.0,2555.04,1763.0,23,0.0,1991.5,0,tripinfo_WestH6ToSaxonSt.269 emissions_WestH6ToSaxonSt.269,electric,0.93,0.0,0.0,0.0,0.0,0.0,0.0,0.0
WestH6ToSaxonSt.268,3216.0,524_0,0.0,0.0,0.0,5424.0,771_1,56.88,11.49,2208.0,2555.03,1769.0,23,0.0,1994.89,0,tripinfo_WestH6ToSaxonSt.268 emissions_WestH6ToSaxonSt.268,electric,0.88,0.0,0.0,0.0,0.0,0.0,0.0,0.0
WestA509ToAvebury.161,2898.0,773_0,0.0,0.0,0.0,5425.0,213_0,19.13,14.51,2527.0,2322.44,2179.0,22,0.0,2368.49,0,tripinfo_WestA509ToAvebury.161 emissions_WestA509ToAvebury.161,electric,1.07,0.0,0.0,0.0,0.0,0.0,0.0,0.0
WestH6ToSaxonSt.271,3252.0,524_0,0.0,0.0,0.0,5427.0,771_1,56.88,11.49,2175.0,2554.99,1735.0,23,0.0,1960.55,0,tripinfo_WestH6ToSaxonSt.271 emissions_WestH6ToSaxonSt.271,gasoline_euro4,0.87,317984.183617,5643075.565405,1580.039017,134.815169,2544.955537,1799988.015141,0.0
WestA509ToAvebury.198,3567.0,773_0,0.0,0.0,3.0,5427.0,213_0,19.13,13.03,1860.0,2327.63,1463.0,22,0.0,1691.53,0,tripinfo_WestA509ToAvebury.198 emissions_WestA509ToAvebury.198,gasoline_euro4,1.0,269980.954822,4823322.983048,1342.031465,115.344912,2174.718994,1538507.918444,0.0
WestH6ToSaxonSt.270,3240.0,524_0,0.0,0.0,0.0,5428.0,771_1,56.88,13.41,2188.0,2555.06,1758.0,24,0.0,2022.4,0,tripinfo_WestH6ToSaxonSt.270 emissions_WestH6ToSaxonSt.270,gasoline_euro4,1.12,323887.669548,5753834.674639,1609.661968,138.359168,2600.802096,1835315.896739,0.0
EastSilburyToEastAvebury.120,3025.0,317_0,0.0,0.0,705.0,5429.0,213_0,19.13,14.38,2404.0,680.87,2200.0,24,0.0,2357.43,0,tripinfo_EastSilburyToEastAvebury.120 emissions_EastSilburyToEastAvebury.120,gasoline_euro4,1.09,383389.198007,6312890.692448,1893.967328,156.725913,2885.460683,2013651.706228,0.0
WestA509ToAvebury.185,3330.0,773_0,0.0,0.0,0.0,5431.0,213_0,19.13,13.2,2101.0,2275.81,1733.0,23,0.0,1940.55,0,tripinfo_WestA509ToAvebury.185 emissions_WestA509ToAvebury.185,electric,1.03,0.0,0.0,0.0,0.0,0.0,0.0,0.0
EastSilburyToEastAvebury.127,3629.0,317_0,0.0,0.0,1197.0,5435.0,213_0,19.13,13.37,1806.0,680.87,1626.0,21,0.0,1756.16,0,tripinfo_EastSilburyToEastAvebury.127 emissions_EastSilburyToEastAvebury.127,gasoline_euro4,1.03,286360.796267,4755989.60569,1415.532346,117.695523,2171.476144,1517038.664969,0.0
WestA509ToAvebury.118,2124.0,773_0,0.0,0.0,0.0,5436.0,213_0,19.13,14.1,3312.0,2288.81,2976.0,30,0.0,3153.92,0,tripinfo_WestA509ToAvebury.118 emissions_WestA509ToAvebury.118,electric,1.05,0.0,0.0,0.0,0.0,0.0,0.0,0.0
WestH6ToSaxonSt.272,3264.0,524_0,0.0,0.0,0.0,5437.0,771_1,56.88,10.58,2173.0,2555.04,1720.0,22,0.0,1937.24,0,tripinfo_WestH6ToSaxonSt.272 emissions_WestH6ToSaxonSt.272,electric,0.79,0.0,0.0,0.0,0.0,0.0,0.0,0.0
EastSilburyToEastAvebury.91,1856.0,317_0,0.0,0.0,0.0,5439.0,213_0,19.13,14.49,3583.0,680.87,3339.0,34,0.0,3536.83,0,tripinfo_EastSilburyToEastAvebury.91 emissions_EastSilburyToEastAvebury.91,electric,1.09,0.0,0.0,0.0,0.0,0.0,0.0,0.0
WestH6ToSaxonSt.273,3276.0,524_0,0.0,0.0,0.0,5498.0,771_1,56.88,14.27,2222.0,2555.04,1795.0,24,0.0,2042.09,0,tripinfo_WestH6ToSaxonSt.273 emissions_WestH6ToSaxonSt.273,electric,1.04,0.0,0.0,0.0,0.0,0.0,0.0,0.0
WestH6ToSaxonSt.275,3300.0,524_0,0.0,0.0,0.0,5500.0,771_1,56.88,13.62,2200.0,2555.04,1798.0,22,0.0,2021.18,0,tripinfo_WestH6ToSaxonSt.275 emissions_WestH6ToSaxonSt.275,electric,1.04,0.0,0.0,0.0,0.0,0.0,0.0,0.0
WestH6ToSaxonSt.276,3312.0,524_0,0.0,0.0,0.0,5506.0,771_1,56.88,13.09,2194.0,2555.03,1789.0,23,0.0,1999.24,0,tripinfo_WestH6ToSaxonSt.276 emissions_WestH6ToSaxonSt.276,gasoline_euro4,0.96,322638.301852,5707100.972827,1602.317036,136.497756,2573.074672,1820410.927087,0.0
WestH6ToSaxonSt.278,3336.0,524_0,0.0,0.0,0.0,5507.0,771_1,56.88,14.84,2171.0,2555.05,1776.0,22,0.0,2012.67,0,tripinfo_WestH6ToSaxonSt.278 emissions_WestH6ToSaxonSt.278,gasoline_euro4,1.18,321720.933457,5725759.941462,1599.113093,137.822996,2588.381201,1826360.334344,0.0
WestH6ToSaxonSt.279,3348.0,524_0,0.0,0.0,0.0,5509.0,771_1,56.88,14.54,2161.0,2555.0,1769.0,23,0.0,1990.81,0,tripinfo_WestH6ToSaxonSt.279 emissions_WestH6ToSaxonSt.279,gasoline_euro4,1.1,320463.283333,5716797.864636,1592.860969,137.415773,2582.338292,1823501.400454,0.0
EastSilburyToEastAvebury.131,4285.0,317_0,0.0,0.0,1789.0,5513.0,213_0,19.13,12.87,1228.0,680.87,1067.0,19,0.0,1178.13,0,tripinfo_EastSilburyToEastAvebury.131 emissions_EastSilburyToEastAvebury.131,gasoline_euro4,1.01,191542.38745,3244163.085427,948.252343,79.548386,1476.606396,1034803.203838,0.0
EastSilburyToEastAvebury.122,3276.0,317_0,0.0,0.0,924.0,5515.0,213_0,19.13,12.28,2239.0,680.87,2014.0,25,0.0,2186.75,0,tripinfo_EastSilburyToEastAvebury.122 emissions_EastSilburyToEastAvebury.122,gasoline_euro4,0.96,354899.339261,5837457.504991,1752.958877,144.63029,2666.416758,1862001.157106,0.0
WestH6ToSaxonSt.274,3288.0,524_0,0.0,0.0,0.0,5516.0,771_1,56.88,11.37,2228.0,2555.06,1785.0,22,0.0,2020.43,0,tripinfo_WestH6ToSaxonSt.274 emissions_WestH6ToSaxonSt.274,gasoline_euro4,0.9,326286.788188,5758145.797827,1620.474967,138.029316,2599.864652,1836692.919808,0.0
EastSilburyToEastAvebury.126,3292.0,317_0,0.0,0.0,876.0,5518.0,213_0,19.13,12.4,2226.0,680.87,2025.0,23,0.0,2172.79,0,tripinfo_EastSilburyToEastAvebury.126 emissions_EastSilburyToEastAvebury.126,electric,0.95,0.0,0.0,0.0,0.0,0.0,0.0,0.0
WestH6ToSaxonSt.277,3324.0,524_0,0.0,0.0,0.0,5518.0,771_1,56.88,13.6,2194.0,2555.04,1776.0,22,0.0,2010.21,0,tripinfo_WestH6ToSaxonSt.277 emissions_WestH6ToSaxonSt.277,gasoline_euro4,1.02,323873.439582,5759709.935353,1609.623485,138.374394,2602.476733,1837189.864842,0.0
WestA509ToAvebury.68,1227.0,773_0,0.0,0.0,3.0,5520.0,213_0,19.13,13.71,4293.0,2288.83,3925.0,31,0.0,4126.15,0,tripinfo_WestA509ToAvebury.68 emissions_WestA509ToAvebury.68,electric,1.0,0.0,0.0,0.0,0.0,0.0,0.0,0.0
EastSilburyToEastAvebury.132,4332.0,317_0,0.0,0.0,1820.0,5522.0,213_0,19.13,13.59,1190.0,680.87,1034.0,17,0.0,1139.76,0,tripinfo_EastSilburyToEastAvebury.132 emissions_EastSilburyToEastAvebury.132,gasoline_euro4,1.0,185075.859585,3150143.599175,916.521356,77.057139,1432.596581,1004813.060965,0.0
EastSilburyToEastAvebury.125,3289.0,317_0,0.0,0.0,889.0,5526.0,213_0,19.13,11.96,2237.0,680.87,2022.0,22,0.0,2181.67,0,tripinfo_EastSilburyToEastAvebury.125 emissions_EastSilburyToEastAvebury.125,electric,0.91,0.0,0.0,0.0,0.0,0.0,0.0,0.0
WestA509ToAvebury.169,3042.0,773_0,0.0,0.0,0.0,5528.0,213_0,19.13,15.18,2486.0,2322.44,2112.0,25,0.0,2334.19,0,tripinfo_WestA509ToAvebury.169 emissions_WestA509ToAvebury.169,electric,1.12,0.0,0.0,0.0,0.0,0.0,0.0,0.0
WestH6ToSaxonSt.280,3360.0,524_0,0.0,0.0,0.0,5587.0,771_1,56.88,14.29,2227.0,2555.04,1827.0,24,0.0,2047.21,0,tripinfo_WestH6ToSaxonSt.280 emissions_WestH6ToSaxonSt.280,gasoline_euro4,1.04,330038.209077,5862081.838206,1639.706373,140.589008,2645.08053,1869844.325378,0.0
WestH6ToSaxonSt.281,3372.0,524_0,0.0,0.0,0.0,5589.0,771_1,56.88,14.37,2217.0,2555.04,1816.0,23,0.0,2041.86,0,tripinfo_WestH6ToSaxonSt.281 emissions_WestH6ToSaxonSt.281,gasoline_euro4,1.07,329013.239077,5848520.291045,1634.749346,140.69015,2642.143889,1865517.858624,0.0
WestH6ToSaxonSt.283,3396.0,524_0,0.0,0.0,0.0,5592.0,771_1,56.88,13.37,2196.0,2555.04,1808.0,24,0.0,2011.94,0,tripinfo_WestH6ToSaxonSt.283 emissions_WestH6ToSaxonSt.283,electric,1.01,0.0,0.0,0.0,0.0,0.0,0.0,0.0
WestH6ToSaxonSt.282,3384.0,524_0,0.0,0.0,0.0,5597.0,771_1,56.88,11.91,2213.0,2555.03,1813.0,23,0.0,2014.14,0,tripinfo_WestH6ToSaxonSt.282 emissions_WestH6ToSaxonSt.282,electric,0.94,0.0,0.0,0.0,0.0,0.0,0.0,0.0
WestH6ToSaxonSt.284,3408.0,524_0,0.0,0.0,0.0,5599.0,771_1,56.88,12.14,2191.0,2555.02,1779.0,23,0.0,1996.39,0,tripinfo_WestH6ToSaxonSt.284 emissions_WestH6ToSaxonSt.284,electric,0.96,0.0,0.0,0.0,0.0,0.0,0.0,0.0
WestH6ToSaxonSt.285,3420.0,524_0,0.0,0.0,0.0,5600.0,771_1,56.88,13.23,2180.0,2555.04,1770.0,25,0.0,1997.07,0,tripinfo_WestH6ToSaxonSt.285 emissions_WestH6ToSaxonSt.285,gasoline_euro4,1.02,321054.913202,5726224.901301,1595.55702,137.257816,2584.105311,1826508.817721,0.0
EastSilburyToEastAvebury.130,3980.0,317_0,0.0,0.0,1500.0,5601.0,213_0,19.13,14.06,1621.0,680.87,1414.0,22,0.0,1571.47,0,tripinfo_EastSilburyToEastAvebury.130 emissions_EastSilburyToEastAvebury.130,electric,1.02,0.0,0.0,0.0,0.0,0.0,0.0,0.0
WestH6ToSaxonSt.286,3432.0,524_0,0.0,0.0,0.0,5602.0,771_1,56.88,13.95,2170.0,2555.07,1751.0,23,0.0,1986.15,0,tripinfo_WestH6ToSaxonSt.286 emissions_WestH6ToSaxonSt.286,electric,1.01,0.0,0.0,0.0,0.0,0.0,0.0,0.0
WestA509ToAvebury.184,3315.0,773_0,0.0,0.0,3.0,5603.0,213_0,19.13,14.17,2288.0,2322.44,1887.0,28,0.0,2126.59,0,tripinfo_WestA509ToAvebury.184 emissions_WestA509ToAvebury.184,electric,1.05,0.0,0.0,0.0,0.0,0.0,0.0,0.0
EastSilburyToEastAvebury.129,3941.0,317_0,0.0,0.0,1477.0,5605.0,213_0,19.13,13.84,1664.0,680.87,1454.0,21,0.0,1616.52,0,tripinfo_EastSilburyToEastAvebury.129 emissions_EastSilburyToEastAvebury.129,gasoline_euro4,1.06,262108.843393,4366662.037282,1295.928794,107.768161,1991.971521,1392852.95993,0.0
WestA509ToAvebury.189,3402.0,773_0,0.0,0.0,0.0,5607.0,213_0,19.13,13.21,2205.0,2322.44,1780.0,27,0.0,2040.36,0,tripinfo_WestA509ToAvebury.189 emissions_WestA509ToAvebury.189,gasoline_euro4,1.02,326724.140511,5726715.547379,1621.393257,137.805608,2587.405448,1826668.346616,0.0
EastSilburyToEastAvebury.65,1440.0,317_0,0.0,0.0,0.0,5611.0,213_0,19.13,12.77,4171.0,680.89,3890.0,36,0.0,4119.69,0,tripinfo_EastSilburyToEastAvebury.65 emissions_EastSilburyToEastAvebury.65,electric,0.99,0.0,0.0,0.0,0.0,0.0,0.0,0.0
EastSilburyToEastAvebury.70,1520.0,317_0,0.0,0.0,0.0,5616.0,213_0,19.13,10.57,4096.0,680.89,3813.0,33,0.0,4029.57,0,tripinfo_EastSilburyToEastAvebury.70 emissions_EastSilburyToEastAvebury.70,electric,0.76,0.0,0.0,0.0,0.0,0.0,0.0,0.0
EastSilburyToEastAvebury.114,2227.0,317_0,0.0,0.0,3.0,5618.0,213_0,19.13,12.19,3391.0,680.89,3117.0,31,0.0,3336.82,0,tripinfo_EastSilburyToEastAvebury.114 emissions_EastSilburyToEastAvebury.114,electric,0.94,0.0,0.0,0.0,0.0,0.0,0.0,0.0
WestH6ToSaxonSt.287,3444.0,524_0,0.0,0.0,0.0,5671.0,771_1,56.88,14.38,2227.0,2555.05,1807.0,25,0.0,2059.86,0,tripinfo_WestH6ToSaxonSt.287 emissions_WestH6ToSaxonSt.287,gasoline_euro4,1.11,329708.998183,5857903.690021,1637.887626,140.736481,2644.154295,1868511.216567,0.0
WestH6ToSaxonSt.288,3456.0,524_0,0.0,0.0,0.0,5678.0,771_1,56.88,13.65,2222.0,2555.04,1789.0,24,0.0,2038.38,0,tripinfo_WestH6ToSaxonSt.288 emissions_WestH6ToSaxonSt.288,electric,1.01,0.0,0.0,0.0,0.0,0.0,0.0,0.0
WestH6ToSaxonSt.289,3468.0,524_0,0.0,0.0,0.0,5681.0,771_1,56.88,13.11,2213.0,2555.04,1779.0,24,0.0,2020.22,0,tripinfo_WestH6ToSaxonSt.289 emissions_WestH6ToSaxonSt.289,electric,0.97,0.0,0.0,0.0,0.0,0.0,0.0,0.0
WestH6ToSaxonSt.290,3480.0,524_0,0.0,0.0,0.0,5685.0,771_1,56.88,12.06,2205.0,2555.03,1752.0,24,0.0,2005.61,0,tripinfo_WestH6ToSaxonSt.290 emissions_WestH6ToSaxonSt.290,electric,0.93,0.0,0.0,0.0,0.0,0.0,0.0,0.0
WestH6ToSaxonSt.293,3516.0,524_0,0.0,0.0,0.0,5687.0,771_1,56.88,12.97,2171.0,2555.03,1715.0,25,0.0,1986.77,0,tripinfo_WestH6ToSaxonSt.293 emissions_WestH6ToSaxonSt.293,gasoline_euro4,1.01,318817.47477,5693155.864525,1584.900392,136.443032,2570.250686,1815960.46162,0.0
WestH6ToSaxonSt.291,3492.0,524_0,0.0,0.0,0.0,5688.0,771_1,56.88,13.95,2196.0,2555.04,1750.0,24,0.0,2012.52,0,tripinfo_WestH6ToSaxonSt.291 emissions_WestH6ToSaxonSt.291,gasoline_euro4,1.02,322660.039184,5756795.399768,1603.865317,137.889227,2598.529798,1836259.984974,0.0
WestA509ToAvebury.124,2235.0,773_0,0.0,0.0,3.0,5690.0,213_0,19.13,12.0,3455.0,2288.83,3052.0,30,0.0,3277.82,0,tripinfo_WestA509ToAvebury.124 emissions_WestA509ToAvebury.124,electric,0.94,0.0,0.0,0.0,0.0,0.0,0.0,0.0
WestH6ToSaxonSt.292,3504.0,524_0,0.0,0.0,0.0,5690.0,771_1,56.88,15.83,2186.0,2555.06,1730.0,26,0.0,2026.71,0,tripinfo_WestH6ToSaxonSt.292 emissions_WestH6ToSaxonSt.292,gasoline_euro4,1.17,321564.653806,5768084.42155,1599.339183,138.430116,2605.319806,1839859.481608,0.0
EastSilburyToEastAvebury.117,3011.0,317_0,0.0,0.0,739.0,5693.0,213_0,19.13,11.24,2682.0,680.89,2425.0,26,0.0,2625.29,0,tripinfo_EastSilburyToEastAvebury.117 emissions_EastSilburyToEastAvebury.117,electric,0.89,0.0,0.0,0.0,0.0,0.0,0.0,0.0
EastSilburyToEastAvebury.105,2080.0,317_0,0.0,0.0,0.0,5695.0,213_0,19.13,13.13,3615.0,680.89,3312.0,39,0.0,3565.49,0,tripinfo_EastSilburyToEastAvebury.105 emissions_EastSilburyToEastAvebury.105,electric,1.03,0.0,0.0,0.0,0.0,0.0,0.0,0.0
EastSilburyToEastAvebury.128,3634.0,317_0,0.0,0.0,1186.0,5697.0,213_0,19.13,13.88,2063.0,680.92,1832.0,21,0.0,2014.54,0,tripinfo_EastSilburyToEastAvebury.128 emissions_EastSilburyToEastAvebury.128,electric,1.06,0.0,0.0,0.0,0.0,0.0,0.0,0.0
EastSilburyToEastAvebury.106,2096.0,317_0,0.0,0.0,0.0,5701.0,213_0,19.13,11.58,3605.0,680.89,3325.0,36,0.0,3548.88,0,tripinfo_EastSilburyToEastAvebury.106 emissions_EastSilburyToEastAvebury.106,electric,0.9,0.0,0.0,0.0,0.0,0.0,0.0,0.0
EastSilburyToEastAvebury.109,2144.0,317_0,0.0,0.0,0.0,5703.0,213_0,19.13,12.41,3559.0,680.89,3261.0,39,0.0,3502.77,0,tripinfo_EastSilburyToEastAvebury.109 emissions_EastSilburyToEastAvebury.109,electric,0.9,0.0,0.0,0.0,0.0,0.0,0.0,0.0
EastSilburyToEastAvebury.116,2874.0,317_0,0.0,0.0,618.0,5705.0,213_0,19.13,15.13,2831.0,680.89,2536.0,34,0.0,2784.55,0,tripinfo_EastSilburyToEastAvebury.116 emissions_EastSilburyToEastAvebury.116,electric,1.1,0.0,0.0,0.0,0.0,0.0,0.0,0.0
WestH6ToSaxonSt.294,3528.0,524_0,0.0,0.0,0.0,5758.0,771_1,56.88,15.45,2230.0,2555.05,1771.0,27,0.0,2072.22,0,tripinfo_WestH6ToSaxonSt.294 emissions_WestH6ToSaxonSt.294,electric,1.18,0.0,0.0,0.0,0.0,0.0,0.0,0.0
WestH6ToSaxonSt.295,3540.0,524_0,0.0,0.0,0.0,5769.0,771_1,56.88,12.42,2229.0,2555.04,1761.0,26,0.0,2026.96,0,tripinfo_WestH6ToSaxonSt.295 emissions_WestH6ToSaxonSt.295,electric,0.92,0.0,0.0,0.0,0.0,0.0,0.0,0.0
WestH6ToSaxonSt.296,3552.0,524_0,0.0,0.0,0.0,5773.0,771_1,56.88,11.57,2221.0,2555.03,1746.0,25,0.0,2013.49,0,tripinfo_WestH6ToSaxonSt.296 emissions_WestH6ToSaxonSt.296,electric,0.9,0.0,0.0,0.0,0.0,0.0,0.0,0.0
WestH6ToSaxonSt.298,3576.0,524_0,0.0,0.0,0.0,5775.0,771_1,56.88,13.13,2199.0,2555.03,1719.0,25,0.0,2015.08,0,tripinfo_WestH6ToSaxonSt.298 emissions_WestH6ToSaxonSt.298,electric,1.01,0.0,0.0,0.0,0.0,0.0,0.0,0.0
WestH6ToSaxonSt.297,3564.0,524_0,0.0,0.0,0.0,5776.0,771_1,56.88,14.79,2212.0,2555.04,1735.0,24,0.0,2041.66,0,tripinfo_WestH6ToSaxonSt.297 emissions_WestH6ToSaxonSt.297,electric,1.09,0.0,0.0,0.0,0.0,0.0,0.0,0.0
EastSilburyToEastAvebury.119,3022.0,317_0,0.0,0.0,718.0,5777.0,213_0,19.13,16.15,2755.0,680.89,2479.0,26,0.0,2712.92,0,tripinfo_EastSilburyToEastAvebury.119 emissions_EastSilburyToEastAvebury.119,gasoline_euro4,1.21,438184.393024,7196193.316136,2164.123113,178.494604,3288.799824,2295403.650394,0.0
WestH6ToSaxonSt.299,3588.0,524_0,0.0,0.0,0.0,5778.0,771_1,56.88,14.87,2190.0,2555.04,1705.0,25,0.0,2021.07,0,tripinfo_WestH6ToSaxonSt.299 emissions_WestH6ToSaxonSt.299,gasoline_euro4,1.1,320307.310258,5719967.528881,1592.420272,137.544722,2586.125253,1824512.059708,0.0
EastSilburyToEastAvebury.124,3286.0,317_0,0.0,0.0,902.0,5779.0,213_0,19.13,15.0,2493.0,680.89,2232.0,26,0.0,2446.81,0,tripinfo_EastSilburyToEastAvebury.124 emissions_EastSilburyToEastAvebury.124,electric,1.1,0.0,0.0,0.0,0.0,0.0,0.0,0.0
