id,depart,departLane,departPos,departSpeed,departDelay,arrival,arrivalLane,arrivalPos,arrivalSpeed,duration,routeLength,waitingTime,waitingCount,stopTime,timeLoss,rerouteNo,devices,vType,speedFactor,CO_abs,CO2_abs,HC_abs,PMx_abs,NOx_abs,fuel_abs,electricity_abs
V6ToEastH6.0,0.0,468_1,0.0,0.0,0.0,114.0,522_1,56.88,13.8,114.0,1512.23,0.0,0,0.0,12.7,0,tripinfo_V6ToEastH6.0 emissions_V6ToEastH6.0,gasoline_euro4,1.08,3815.465995,366977.535201,25.261246,5.753517,141.916142,117048.767447,0.0
V6ToEastH6.2,24.0,468_1,0.0,0.0,0.0,152.0,522_1,56.88,13.15,128.0,1512.23,1.0,1,0.0,21.37,0,tripinfo_V6ToEastH6.2 emissions_V6ToEastH6.2,electric,1.03,0.0,0.0,0.0,0.0,0.0,0.0,0.0
V6ToEastH6.4,48.0,468_1,0.0,0.0,0.0,166.0,522_1,56.88,15.43,118.0,1512.23,2.0,1,0.0,23.76,0,tripinfo_V6ToEastH6.4 emissions_V6ToEastH6.4,gasoline_euro4,1.16,5758.969903,421030.858141,35.527165,7.360328,168.204905,134289.230828,0.0
SouthEvansGateToSilbury.0,0.0,526_0,0.0,0.0,0.0,178.0,215_1,19.43,13.89,178.0,1477.59,60.0,1,0.0,76.97,0,tripinfo_SouthEvansGateToSilbury.0 emissions_SouthEvansGateToSilbury.0,electric,1.06,0.0,0.0,0.0,0.0,0.0,0.0,0.0
V6ToEastH6.1,12.0,468_1,0.0,0.0,0.0,191.0,522_1,56.88,13.59,179.0,2031.44,16.0,1,0.0,37.79,0,tripinfo_V6ToEastH6.1 emissions_V6ToEastH6.1,electric,1.05,0.0,0.0,0.0,0.0,0.0,0.0,0.0
V6ToEastH6.5,60.0,468_1,0.0,0.0,0.0,204.0,522_0,56.88,10.43,144.0,1512.23,0.0,0,0.0,12.08,0,tripinfo_V6ToEastH6.5 emissions_V6ToEastH6.5,gasoline_euro4,0.83,3899.438467,320854.236571,25.046257,4.253448,121.350727,102338.771812,0.0
V6ToEastH6.6,72.0,468_1,0.0,0.0,0.0,205.0,522_1,56.88,12.05,133.0,1512.23,0.0,0,0.0,17.88,0,tripinfo_V6ToEastH6.6 emissions_V6ToEastH6.6,electric,0.95,0.0,0.0,0.0,0.0,0.0,0.0,0.0
V6ToEastH6.7,84.0,468_1,0.0,0.0,0.0,206.0,522_0,56.88,15.88,122.0,1512.23,3.0,1,0.0,28.66,0,tripinfo_V6ToEastH6.7 emissions_V6ToEastH6.7,gasoline_euro4,1.17,5420.302308,407822.435698,33.357472,6.724497,160.013235,130076.691391,0.0
V6ToEastH6.9,108.0,468_1,0.0,0.0,0.0,222.0,522_1,56.88,15.04,114.0,1512.23,0.0,0,0.0,14.2,0,tripinfo_V6ToEastH6.9 emissions_V6ToEastH6.9,gasoline_euro4,1.09,4214.003483,374988.366599,27.064122,5.987313,145.196547,119603.900353,0.0
V6ToEastH6.11,132.0,468_1,0.0,0.0,0.0,242.0,522_1,56.88,15.79,110.0,1512.23,0.0,0,0.0,15.97,0,tripinfo_V6ToEastH6.11 emissions_V6ToEastH6.11,gasoline_euro4,1.17,4443.162781,398544.879582,28.468023,6.498501,154.384844,127117.154481,0.0
V6ToEastH6.3,36.0,468_1,0.0,0.0,0.0,249.0,522_0,56.88,12.04,213.0,2010.28,27.0,3,0.0,57.76,0,tripinfo_V6ToEastH6.3 emissions_V6ToEastH6.3,electric,0.94,0.0,0.0,0.0,0.0,0.0,0.0,0.0
V6ToEastH6.8,96.0,468_1,0.0,0.0,0.0,251.0,522_0,56.88,14.68,155.0,2023.91,1.0,1,0.0,20.93,0,tripinfo_V6ToEastH6.8 emissions_V6ToEastH6.8,electric,1.1,0.0,0.0,0.0,0.0,0.0,0.0,0.0
SouthEvansGateToSilbury.2,36.0,526_0,0.0,0.0,0.0,256.0,215_1,19.43,11.7,220.0,1477.55,69.0,3,0.0,98.31,0,tripinfo_SouthEvansGateToSilbury.2 emissions_SouthEvansGateToSilbury.2,electric,0.88,0.0,0.0,0.0,0.0,0.0,0.0,0.0
SouthEvansGateToSilbury.1,18.0,526_0,0.0,0.0,0.0,258.0,215_1,19.43,11.66,240.0,1477.52,93.0,2,0.0,115.37,0,tripinfo_SouthEvansGateToSilbury.1 emissions_SouthEvansGateToSilbury.1,electric,0.86,0.0,0.0,0.0,0.0,0.0,0.0,0.0
EastA509ToH6.5,90.0,770_0,0.0,0.0,0.0,268.0,522_0,56.88,12.5,178.0,1483.77,47.0,2,0.0,67.96,0,tripinfo_EastA509ToH6.5 emissions_EastA509ToH6.5,gasoline_euro4,0.97,12475.078567,485523.923387,67.57598,8.578488,196.675164,154863.07174,0.0
EastA509ToH6.1,18.0,770_0,0.0,0.0,0.0,270.0,522_0,56.88,12.79,252.0,1483.75,116.0,2,0.0,138.09,0,tripinfo_EastA509ToH6.1 emissions_EastA509ToH6.1,gasoline_euro4,0.94,24407.919703,691109.967831,126.863748,13.61435,291.002428,220439.489189,0.0
WestA509ToAvebury.2,36.0,773_0,0.0,0.0,0.0,277.0,213_0,19.13,14.46,241.0,2337.27,61.0,2,0.0,89.23,0,tripinfo_WestA509ToAvebury.2 emissions_WestA509ToAvebury.2,gasoline_euro4,1.12,16924.716564,733932.482666,93.108303,13.306402,296.230056,234094.099857,0.0
V6ToEastH6.13,156.0,468_1,0.0,0.0,0.0,282.0,522_1,56.88,12.47,126.0,1512.23,0.0,0,0.0,13.4,0,tripinfo_V6ToEastH6.13 emissions_V6ToEastH6.13,gasoline_euro4,0.97,3935.568473,364681.609317,25.755634,5.317515,139.256852,116317.010466,0.0
V6ToEastH6.14,168.0,468_1,0.0,0.0,0.0,302.0,522_1,56.88,12.25,134.0,1512.23,0.0,0,0.0,17.8,0,tripinfo_V6ToEastH6.14 emissions_V6ToEastH6.14,gasoline_euro4,0.94,4271.775102,369364.078018,27.385224,5.272827,140.92955,117810.7892,0.0
EastA509ToH6.0,0.0,770_0,0.0,0.0,0.0,304.0,522_1,56.88,13.67,304.0,2408.85,97.0,3,0.0,134.66,0,tripinfo_EastA509ToH6.0 emissions_EastA509ToH6.0,electric,1.03,0.0,0.0,0.0,0.0,0.0,0.0,0.0
WestA509ToEastH6.0,3.0,773_0,0.0,0.0,3.0,306.0,522_1,56.88,13.87,303.0,2720.9,69.0,3,0.0,108.28,0,tripinfo_WestA509ToEastH6.0 emissions_WestA509ToEastH6.0,electric,1.01,0.0,0.0,0.0,0.0,0.0,0.0,0.0
WestH6ToSaxonSt.3,36.0,524_0,0.0,0.0,0.0,308.0,771_1,56.88,13.54,272.0,2767.85,25.0,1,0.0,63.13,0,tripinfo_WestH6ToSaxonSt.3 emissions_WestH6ToSaxonSt.3,gasoline_euro4,0.99,13439.530899,802262.821948,78.899903,13.15374,318.028869,255886.947536,0.0
V6ToEastH6.15,180.0,468_1,0.0,0.0,0.0,313.0,522_1,56.88,11.56,133.0,1512.23,0.0,0,0.0,12.79,0,tripinfo_V6ToEastH6.15 emissions_V6ToEastH6.15,gasoline_euro4,0.91,3830.281649,342257.568727,24.891021,4.803589,129.947468,109165.068025,0.0
V6ToEastH6.12,144.0,468_1,0.0,0.0,0.0,316.0,522_1,56.88,12.77,172.0,2060.88,0.0,0,0.0,21.28,0,tripinfo_V6ToEastH6.12 emissions_V6ToEastH6.12,electric,1.0,0.0,0.0,0.0,0.0,0.0,0.0,0.0
V6ToEastH6.16,192.0,468_1,0.0,0.0,0.0,321.0,522_1,56.88,11.88,129.0,1512.23,0.0,0,0.0,12.3,0,tripinfo_V6ToEastH6.16 emissions_V6ToEastH6.16,gasoline_euro4,0.94,3936.639752,352647.448618,25.891905,5.254541,136.231653,112478.597188,0.0
WestA509ToAvebury.1,18.0,773_0,0.0,0.0,0.0,323.0,213_0,19.13,13.99,305.0,2287.02,126.0,2,0.0,152.35,0,tripinfo_WestA509ToAvebury.1 emissions_WestA509ToAvebury.1,electric,1.09,0.0,0.0,0.0,0.0,0.0,0.0,0.0
V6ToEastH6.17,204.0,468_1,0.0,0.0,0.0,324.0,522_1,56.88,13.49,120.0,1512.23,0.0,0,0.0,11.69,0,tripinfo_V6ToEastH6.17 emissions_V6ToEastH6.17,electric,1.01,0.0,0.0,0.0,0.0,0.0,0.0,0.0
WestA509ToAvebury.0,0.0,773_0,0.0,0.0,0.0,326.0,213_0,19.13,12.49,326.0,2288.71,117.0,3,0.0,148.77,0,tripinfo_WestA509ToAvebury.0 emissions_WestA509ToAvebury.0,electric,0.94,0.0,0.0,0.0,0.0,0.0,0.0,0.0
V6ToEastH6.10,120.0,468_1,0.0,0.0,0.0,329.0,522_0,56.88,14.07,209.0,2010.33,46.0,3,0.0,75.66,0,tripinfo_V6ToEastH6.10 emissions_V6ToEastH6.10,electric,1.09,0.0,0.0,0.0,0.0,0.0,0.0,0.0
V6ToEastH6.18,216.0,468_1,0.0,0.0,0.0,337.0,522_1,56.88,13.33,121.0,1512.23,0.0,0,0.0,13.32,0,tripinfo_V6ToEastH6.18 emissions_V6ToEastH6.18,gasoline_euro4,1.02,3912.188694,359166.766493,25.801533,5.550479,139.19928,114557.703798,0.0
WestA509ToEastH6.2,74.0,773_0,0.0,0.0,2.0,339.0,522_0,56.88,16.0,265.0,2754.97,45.0,2,0.0,91.23,0,tripinfo_WestA509ToEastH6.2 emissions_WestA509ToEastH6.2,gasoline_euro4,1.15,16294.119074,814817.954353,91.993833,14.380802,326.425392,259892.075217,0.0
SouthEvansGateToSilbury.5,90.0,526_0,0.0,0.0,0.0,345.0,215_1,19.43,13.16,255.0,1477.59,121.0,2,0.0,149.89,0,tripinfo_SouthEvansGateToSilbury.5 emissions_SouthEvansGateToSilbury.5,electric,1.02,0.0,0.0,0.0,0.0,0.0,0.0,0.0
SouthEvansGateToSilbury.6,108.0,526_0,0.0,0.0,0.0,348.0,215_1,19.43,12.34,240.0,1477.55,96.0,3,0.0,127.92,0,tripinfo_SouthEvansGateToSilbury.6 emissions_SouthEvansGateToSilbury.6,gasoline_euro4,0.96,22748.403289,683271.37615,119.374247,13.68394,289.544853,217938.113298,0.0
SouthEvansGateToSilbury.9,162.0,526_0,0.0,0.0,0.0,349.0,215_1,19.43,14.45,187.0,1477.62,52.0,2,0.0,88.5,0,tripinfo_SouthEvansGateToSilbury.9 emissions_SouthEvansGateToSilbury.9,electric,1.08,0.0,0.0,0.0,0.0,0.0,0.0,0.0
V6ToEastH6.19,228.0,468_1,0.0,0.0,0.0,350.0,522_1,56.88,12.92,122.0,1512.23,0.0,0,0.0,13.46,0,tripinfo_V6ToEastH6.19 emissions_V6ToEastH6.19,gasoline_euro4,1.01,3873.773162,353134.982139,25.455202,5.416675,136.627937,112633.902152,0.0
EastA509ToH6.8,144.0,770_0,0.0,0.0,0.0,351.0,522_0,56.88,15.85,207.0,1483.82,84.0,3,0.0,112.75,0,tripinfo_EastA509ToH6.8 emissions_EastA509ToH6.8,gasoline_euro4,1.14,20059.074298,652231.518851,106.107096,13.164348,274.907686,208036.4482,0.0
SouthEvansGateToSilbury.7,126.0,526_0,0.0,0.0,0.0,352.0,215_1,19.43,11.62,226.0,1477.59,71.0,3,0.0,104.17,0,tripinfo_SouthEvansGateToSilbury.7 emissions_SouthEvansGateToSilbury.7,electric,0.88,0.0,0.0,0.0,0.0,0.0,0.0,0.0
WestH6ToSaxonSt.4,48.0,524_0,0.0,0.0,0.0,354.0,771_0,56.88,13.45,306.0,2603.34,77.0,2,0.0,121.27,0,tripinfo_WestH6ToSaxonSt.4 emissions_WestH6ToSaxonSt.4,electric,1.02,0.0,0.0,0.0,0.0,0.0,0.0,0.0
WestH6ToSaxonSt.0,0.0,524_0,0.0,0.0,0.0,363.0,771_0,56.88,10.95,363.0,2602.68,99.0,4,0.0,136.42,0,tripinfo_WestH6ToSaxonSt.0 emissions_WestH6ToSaxonSt.0,electric,0.83,0.0,0.0,0.0,0.0,0.0,0.0,0.0
WestH6ToSaxonSt.2,24.0,524_0,0.0,0.0,0.0,363.0,771_1,56.88,14.38,339.0,2603.34,86.0,5,0.0,159.13,0,tripinfo_WestH6ToSaxonSt.2 emissions_WestH6ToSaxonSt.2,electric,1.05,0.0,0.0,0.0,0.0,0.0,0.0,0.0
EastA509ToH6.4,72.0,770_0,0.0,0.0,0.0,364.0,522_0,56.88,12.0,292.0,2369.93,64.0,3,0.0,104.29,0,tripinfo_EastA509ToH6.4 emissions_EastA509ToH6.4,electric,0.92,0.0,0.0,0.0,0.0,0.0,0.0,0.0
WestH6ToSaxonSt.1,12.0,524_0,0.0,0.0,0.0,366.0,771_0,56.88,11.15,354.0,2602.7,95.0,3,0.0,141.67,0,tripinfo_WestH6ToSaxonSt.1 emissions_WestH6ToSaxonSt.1,electric,0.89,0.0,0.0,0.0,0.0,0.0,0.0,0.0
WestA509ToAvebury.5,90.0,773_0,0.0,0.0,0.0,366.0,213_0,19.13,13.57,276.0,2337.3,66.0,3,0.0,105.19,0,tripinfo_WestA509ToAvebury.5 emissions_WestA509ToAvebury.5,gasoline_euro4,0.99,19196.842938,772561.105595,104.750098,13.937619,314.94142,246415.914782,0.0
SouthEvansGateToSilbury.3,54.0,526_0,0.0,0.0,0.0,367.0,215_1,19.43,12.7,313.0,1471.73,172.0,4,0.0,204.26,0,tripinfo_SouthEvansGateToSilbury.3 emissions_SouthEvansGateToSilbury.3,gasoline_euro4,0.97,34679.725185,862342.516483,177.79963,18.102077,370.919386,275057.968256,0.0
WestA509ToAvebury.3,54.0,773_0,0.0,0.0,0.0,368.0,213_1,19.13,12.03,314.0,2337.26,86.0,4,0.0,122.89,0,tripinfo_WestA509ToAvebury.3 emissions_WestA509ToAvebury.3,gasoline_euro4,0.89,22491.235589,817226.340222,120.952642,14.480972,333.239586,260663.978325,0.0
SouthEvansGateToSilbury.4,72.0,526_0,0.0,0.0,0.0,369.0,215_1,19.43,15.1,297.0,1471.7,155.0,4,0.0,202.8,0,tripinfo_SouthEvansGateToSilbury.4 emissions_SouthEvansGateToSilbury.4,gasoline_euro4,1.13,33014.59009,872167.748911,170.49279,18.390962,375.0276,278190.511784,0.0
V6ToEastH6.21,252.0,468_1,0.0,0.0,0.0,369.0,522_1,56.88,15.08,117.0,1512.23,0.0,0,0.0,17.37,0,tripinfo_V6ToEastH6.21 emissions_V6ToEastH6.21,gasoline_euro4,1.1,4513.820707,374982.689251,29.026713,6.335292,149.020797,119601.902617,0.0
V6ToEastH6.22,264.0,468_1,0.0,0.0,0.0,386.0,522_1,56.88,13.26,122.0,1512.23,0.0,0,0.0,14.08,0,tripinfo_V6ToEastH6.22 emissions_V6ToEastH6.22,gasoline_euro4,1.01,3920.047019,356592.37897,25.44833,5.428245,137.329783,113736.674335,0.0
WestA509ToEastH6.1,39.0,773_0,0.0,0.0,3.0,396.0,522_1,56.88,12.55,357.0,2720.9,112.0,3,0.0,144.66,0,tripinfo_WestA509ToEastH6.1 emissions_WestA509ToEastH6.1,electric,0.93,0.0,0.0,0.0,0.0,0.0,0.0,0.0
WestH6ToSaxonSt.8,96.0,524_0,0.0,0.0,0.0,397.0,771_1,56.88,16.0,301.0,2574.97,98.0,4,0.0,140.54,0,tripinfo_WestH6ToSaxonSt.8 emissions_WestH6ToSaxonSt.8,gasoline_euro4,1.18,26034.933225,985004.924629,140.377626,18.894001,405.677798,314176.710194,0.0
EastA509ToH6.2,36.0,770_0,0.0,0.0,0.0,399.0,522_1,56.88,12.1,363.0,2408.85,133.0,3,0.0,177.29,0,tripinfo_EastA509ToH6.2 emissions_EastA509ToH6.2,electric,0.94,0.0,0.0,0.0,0.0,0.0,0.0,0.0
EastA509ToH6.6,108.0,770_0,0.0,0.0,0.0,400.0,522_1,56.88,14.17,292.0,2408.85,80.0,2,0.0,125.22,0,tripinfo_EastA509ToH6.6 emissions_EastA509ToH6.6,electric,1.04,0.0,0.0,0.0,0.0,0.0,0.0,0.0
V6ToEastH6.23,276.0,468_1,0.0,0.0,0.0,403.0,522_1,56.88,13.13,127.0,1512.23,0.0,0,0.0,18.46,0,tripinfo_V6ToEastH6.23 emissions_V6ToEastH6.23,gasoline_euro4,1.01,4396.535999,375780.788767,28.108132,5.66908,144.519997,119857.133646,0.0
V6ToEastH6.20,240.0,468_1,0.0,0.0,0.0,406.0,522_1,56.88,14.48,166.0,2060.88,0.0,0,0.0,23.03,0,tripinfo_V6ToEastH6.20 emissions_V6ToEastH6.20,electric,1.06,0.0,0.0,0.0,0.0,0.0,0.0,0.0
WestH6ToSaxonSt.7,84.0,524_0,0.0,0.0,0.0,409.0,771_1,56.88,12.8,325.0,2767.88,62.0,5,0.0,118.45,0,tripinfo_WestH6ToSaxonSt.7 emissions_WestH6ToSaxonSt.7,gasoline_euro4,1.01,22575.721169,966825.282485,124.675078,17.754947,397.797923,308377.013231,0.0
WestA509ToAvebury.4,72.0,773_0,0.0,0.0,0.0,410.0,213_0,19.13,15.91,338.0,2288.71,156.0,4,0.0,196.77,0,tripinfo_WestA509ToAvebury.4 emissions_WestA509ToAvebury.4,electric,1.18,0.0,0.0,0.0,0.0,0.0,0.0,0.0
WestH6ToSaxonSt.11,132.0,524_0,0.0,0.0,0.0,414.0,771_1,56.88,11.41,282.0,2574.94,20.0,3,0.0,61.84,0,tripinfo_WestH6ToSaxonSt.11 emissions_WestH6ToSaxonSt.11,gasoline_euro4,0.85,13104.441047,695298.01405,75.542352,10.930405,274.92624,221771.24448,0.0
WestH6ToSaxonSt.10,120.0,524_0,0.0,0.0,0.0,416.0,771_1,56.88,13.24,296.0,2767.87,19.0,3,0.0,87.97,0,tripinfo_WestH6ToSaxonSt.10 emissions_WestH6ToSaxonSt.10,gasoline_euro4,1.0,16716.931954,886075.960828,96.513212,15.651649,361.444508,282619.495562,0.0
V6ToEastH6.25,300.0,468_1,0.0,0.0,0.0,420.0,522_1,56.88,13.62,120.0,1512.23,0.0,0,0.0,12.92,0,tripinfo_V6ToEastH6.25 emissions_V6ToEastH6.25,gasoline_euro4,1.02,4214.312521,368323.946912,27.317342,5.924948,144.367575,117478.254455,0.0
SouthEvansGateToSilbury.11,198.0,526_0,0.0,0.0,0.0,433.0,215_1,19.43,12.97,235.0,1477.52,102.0,2,0.0,122.81,0,tripinfo_SouthEvansGateToSilbury.11 emissions_SouthEvansGateToSilbury.11,electric,0.96,0.0,0.0,0.0,0.0,0.0,0.0,0.0
SouthEvansGateToSilbury.10,180.0,526_0,0.0,0.0,0.0,434.0,215_1,19.43,13.74,254.0,1477.62,115.0,3,0.0,151.39,0,tripinfo_SouthEvansGateToSilbury.10 emissions_SouthEvansGateToSilbury.10,electric,1.04,0.0,0.0,0.0,0.0,0.0,0.0,0.0
V6ToEastH6.24,288.0,468_1,0.0,0.0,0.0,434.0,522_1,56.88,15.46,146.0,2060.88,0.0,0,0.0,18.13,0,tripinfo_V6ToEastH6.24 emissions_V6ToEastH6.24,electric,1.18,0.0,0.0,0.0,0.0,0.0,0.0,0.0
WestH6ToSaxonSt.9,108.0,524_0,0.0,0.0,0.0,439.0,771_0,56.88,13.54,331.0,2603.36,99.0,3,0.0,149.15,0,tripinfo_WestH6ToSaxonSt.9 emissions_WestH6ToSaxonSt.9,electric,1.04,0.0,0.0,0.0,0.0,0.0,0.0,0.0
WestH6ToSaxonSt.12,144.0,524_0,0.0,0.0,0.0,442.0,771_1,56.88,13.18,298.0,2568.27,72.0,4,0.0,110.86,0,tripinfo_WestH6ToSaxonSt.12 emissions_WestH6ToSaxonSt.12,electric,1.0,0.0,0.0,0.0,0.0,0.0,0.0,0.0
EastA509ToH6.7,126.0,770_0,0.0,0.0,0.0,444.0,522_0,56.88,11.21,318.0,2375.09,93.0,3,0.0,126.71,0,tripinfo_EastA509ToH6.7 emissions_EastA509ToH6.7,electric,0.9,0.0,0.0,0.0,0.0,0.0,0.0,0.0
WestH6ToSaxonSt.5,60.0,524_0,0.0,0.0,0.0,446.0,771_0,56.88,10.93,386.0,2602.68,129.0,3,0.0,170.85,0,tripinfo_WestH6ToSaxonSt.5 emissions_WestH6ToSaxonSt.5,electric,0.87,0.0,0.0,0.0,0.0,0.0,0.0,0.0
EastA509ToH6.3,54.0,770_0,0.0,0.0,0.0,448.0,522_1,56.88,13.95,394.0,3295.66,111.0,4,0.0,157.55,0,tripinfo_EastA509ToH6.3 emissions_EastA509ToH6.3,electric,1.01,0.0,0.0,0.0,0.0,0.0,0.0,0.0
WestH6ToSaxonSt.6,72.0,524_0,0.0,0.0,0.0,448.0,771_0,56.88,12.35,376.0,2602.68,125.0,3,0.0,174.04,0,tripinfo_WestH6ToSaxonSt.6 emissions_WestH6ToSaxonSt.6,electric,0.93,0.0,0.0,0.0,0.0,0.0,0.0,0.0
EastA509ToH6.10,180.0,770_0,0.0,0.0,0.0,452.0,522_0,56.88,13.86,272.0,1483.75,135.0,3,0.0,167.23,0,tripinfo_EastA509ToH6.10 emissions_EastA509ToH6.10,gasoline_euro4,1.02,28843.815243,799556.722407,149.37687,16.1588,338.737845,255030.039785,0.0
SouthEvansGateToSilbury.8,144.0,526_0,0.0,0.0,0.0,454.0,215_1,19.43,14.17,310.0,1471.7,176.0,4,0.0,212.39,0,tripinfo_SouthEvansGateToSilbury.8 emissions_SouthEvansGateToSilbury.8,gasoline_euro4,1.1,35746.72145,908277.495086,183.237657,19.15183,389.248313,289709.078692,0.0
WestA509ToAvebury.8,147.0,773_0,0.0,0.0,3.0,455.0,213_0,19.13,12.44,308.0,2337.28,88.0,2,0.0,119.05,0,tripinfo_WestA509ToAvebury.8 emissions_WestA509ToAvebury.8,gasoline_euro4,0.9,21811.936764,792704.153003,117.273928,13.903765,321.93505,252842.528089,0.0
V6ToEastH6.28,336.0,468_1,0.0,0.0,0.0,463.0,522_1,56.88,13.1,127.0,1512.23,0.0,0,0.0,12.49,0,tripinfo_V6ToEastH6.28 emissions_V6ToEastH6.28,gasoline_euro4,0.95,3954.080712,355992.178651,25.871296,5.330585,137.494742,113545.362592,0.0
EastA509ToH6.9,162.0,770_0,0.0,0.0,0.0,479.0,522_1,56.88,13.83,317.0,2408.85,106.0,4,0.0,145.57,0,tripinfo_EastA509ToH6.9 emissions_EastA509ToH6.9,electric,1.02,0.0,0.0,0.0,0.0,0.0,0.0,0.0
V6ToEastH6.29,348.0,468_1,0.0,0.0,0.0,485.0,522_0,56.88,11.04,137.0,1512.23,0.0,0,0.0,13.91,0,tripinfo_V6ToEastH6.29 emissions_V6ToEastH6.29,gasoline_euro4,0.89,4042.208751,355763.033795,26.337385,4.965175,135.492392,113472.756033,0.0
WestA509ToEastH6.3,108.0,773_0,0.0,0.0,0.0,488.0,522_1,56.88,11.87,380.0,2720.9,122.0,4,0.0,161.32,0,tripinfo_WestA509ToEastH6.3 emissions_WestA509ToEastH6.3,electric,0.9,0.0,0.0,0.0,0.0,0.0,0.0,0.0
WestH6ToSaxonSt.14,168.0,524_0,0.0,0.0,0.0,491.0,771_1,56.88,12.44,323.0,2767.88,66.0,4,0.0,112.91,0,tripinfo_WestH6ToSaxonSt.14 emissions_WestH6ToSaxonSt.14,gasoline_euro4,0.99,21610.056609,926594.906145,119.094974,16.516373,377.310874,295545.754218,0.0
WestH6ToSaxonSt.17,204.0,524_0,0.0,0.0,0.0,493.0,771_1,56.88,13.28,289.0,2574.97,57.0,4,0.0,96.75,0,tripinfo_WestH6ToSaxonSt.17 emissions_WestH6ToSaxonSt.17,gasoline_euro4,0.98,18158.319451,799269.379462,100.567345,13.843003,321.981831,254934.379683,0.0
WestH6ToSaxonSt.16,192.0,524_0,0.0,0.0,0.0,496.0,771_1,56.88,13.34,304.0,2767.87,41.0,4,0.0,92.05,0,tripinfo_WestH6ToSaxonSt.16 emissions_WestH6ToSaxonSt.16,gasoline_euro4,0.97,18215.308659,885509.62601,102.919487,15.462739,358.941822,282440.063704,0.0
EastAveburyToWestA509.1,208.0,483_0,0.0,0.0,0.0,498.0,774_0,29.75,13.95,290.0,2257.76,100.0,3,0.0,138.13,0,tripinfo_EastAveburyToWestA509.1 emissions_EastAveburyToWestA509.1,gasoline_euro4,1.09,25198.822179,900230.912307,135.129549,17.434587,374.618832,287137.865665,0.0
WestH6ToSaxonSt.18,216.0,524_0,0.0,0.0,0.0,499.0,771_1,56.88,13.26,283.0,2767.87,24.0,2,0.0,71.63,0,tripinfo_WestH6ToSaxonSt.18 emissions_WestH6ToSaxonSt.18,gasoline_euro4,0.98,15320.473348,856045.425157,88.938657,14.43581,343.293037,273041.36788,0.0
EastAveburyToWestA509.10,285.0,483_1,0.0,0.0,0.0,500.0,774_0,29.75,14.78,215.0,2241.69,27.0,1,0.0,63.65,0,tripinfo_EastAveburyToWestA509.10 emissions_EastAveburyToWestA509.10,electric,1.1,0.0,0.0,0.0,0.0,0.0,0.0,0.0
WestA509ToAvebury.6,111.0,773_0,0.0,0.0,3.0,503.0,213_0,19.13,13.9,392.0,2288.6,185.0,3,0.0,230.78,0,tripinfo_WestA509ToAvebury.6 emissions_WestA509ToAvebury.6,electric,1.03,0.0,0.0,0.0,0.0,0.0,0.0,0.0
EastAveburyToWestA509.3,225.0,483_0,0.0,0.0,0.0,504.0,774_0,29.75,14.39,279.0,2254.74,79.0,3,0.0,120.84,0,tripinfo_EastAveburyToWestA509.3 emissions_EastAveburyToWestA509.3,gasoline_euro4,1.04,21818.438905,829005.976559,118.02549,15.765833,343.994405,264419.324518,0.0
WestA509ToAvebury.7,126.0,773_0,0.0,0.0,0.0,507.0,213_0,19.13,11.72,381.0,2288.83,147.0,3,0.0,185.71,0,tripinfo_WestA509ToAvebury.7 emissions_WestA509ToAvebury.7,electric,0.85,0.0,0.0,0.0,0.0,0.0,0.0,0.0
EastAveburyToWestA509.2,217.0,483_0,0.0,0.0,0.0,507.0,774_0,29.75,13.06,290.0,2254.74,84.0,3,0.0,125.54,0,tripinfo_EastAveburyToWestA509.2 emissions_EastAveburyToWestA509.2,gasoline_euro4,1.0,22296.27329,823521.955374,120.053239,15.293039,339.211195,262671.002584,0.0
EastAveburyToWestA509.0,200.0,483_0,0.0,0.0,0.0,508.0,774_1,29.75,13.55,308.0,2264.23,101.0,3,0.0,147.5,0,tripinfo_EastAveburyToWestA509.0 emissions_EastAveburyToWestA509.0,gasoline_euro4,1.03,26207.041738,909329.820214,139.903206,17.492818,378.8289,290040.610694,0.0
WestA509ToEastH6.4,144.0,773_0,0.0,0.0,0.0,509.0,522_0,56.88,12.95,365.0,2755.0,121.0,3,0.0,168.31,0,tripinfo_WestA509ToEastH6.4 emissions_WestA509ToEastH6.4,gasoline_euro4,1.02,29905.500688,1029531.236775,159.332193,19.469004,426.081145,328380.728611,0.0
WestA509ToAvebury.9,162.0,773_0,0.0,0.0,0.0,509.0,213_0,19.13,14.33,347.0,2288.55,150.0,3,0.0,198.18,0,tripinfo_WestA509ToAvebury.9 emissions_WestA509ToAvebury.9,electric,1.12,0.0,0.0,0.0,0.0,0.0,0.0,0.0
WestA509ToAvebury.10,183.0,773_0,0.0,0.0,3.0,511.0,213_0,19.13,14.12,328.0,2288.55,119.0,2,0.0,165.43,0,tripinfo_WestA509ToAvebury.10 emissions_WestA509ToAvebury.10,electric,1.02,0.0,0.0,0.0,0.0,0.0,0.0,0.0
V6ToEastH6.26,312.0,468_1,0.0,0.0,0.0,511.0,522_0,56.88,13.43,199.0,2010.33,26.0,3,0.0,58.12,0,tripinfo_V6ToEastH6.26 emissions_V6ToEastH6.26,electric,1.03,0.0,0.0,0.0,0.0,0.0,0.0,0.0
V6ToEastH6.27,324.0,468_1,0.0,0.0,0.0,511.0,522_1,56.88,14.47,187.0,2010.33,10.0,2,0.0,57.34,0,tripinfo_V6ToEastH6.27 emissions_V6ToEastH6.27,electric,1.12,0.0,0.0,0.0,0.0,0.0,0.0,0.0
WestA509ToEastH6.7,252.0,773_0,0.0,0.0,0.0,514.0,522_0,56.88,15.17,262.0,2754.97,51.0,2,0.0,83.58,0,tripinfo_WestA509ToEastH6.7 emissions_WestA509ToEastH6.7,gasoline_euro4,1.12,15908.508532,804479.937576,89.582462,13.790344,318.097903,256595.078578,0.0
SouthEvansGateToSilbury.12,216.0,526_0,0.0,0.0,0.0,521.0,215_1,19.43,12.31,305.0,1457.4,168.0,4,0.0,195.88,0,tripinfo_SouthEvansGateToSilbury.12 emissions_SouthEvansGateToSilbury.12,electric,0.97,0.0,0.0,0.0,0.0,0.0,0.0,0.0
WestH6ToSaxonSt.13,156.0,524_0,0.0,0.0,0.0,522.0,771_0,56.88,14.02,366.0,2602.68,139.0,4,0.0,182.22,0,tripinfo_WestH6ToSaxonSt.13 emissions_WestH6ToSaxonSt.13,electric,1.02,0.0,0.0,0.0,0.0,0.0,0.0,0.0
SouthEvansGateToSilbury.13,234.0,526_0,0.0,0.0,0.0,523.0,215_1,19.43,13.67,289.0,1457.4,146.0,3,0.0,184.84,0,tripinfo_SouthEvansGateToSilbury.13 emissions_SouthEvansGateToSilbury.13,electric,1.02,0.0,0.0,0.0,0.0,0.0,0.0,0.0
SouthEvansGateToSilbury.16,288.0,526_0,0.0,0.0,0.0,525.0,215_1,19.43,12.31,237.0,1477.62,91.0,4,0.0,123.81,0,tripinfo_SouthEvansGateToSilbury.16 emissions_SouthEvansGateToSilbury.16,gasoline_euro4,0.94,21470.696667,653413.993159,112.661171,12.681693,273.807034,208415.021714,0.0
V6ToEastH6.33,396.0,468_1,0.0,0.0,0.0,526.0,522_1,56.88,12.16,130.0,1512.23,0.0,0,0.0,13.59,0,tripinfo_V6ToEastH6.33 emissions_V6ToEastH6.33,gasoline_euro4,0.94,4128.143168,366030.031845,26.809063,5.404381,140.661474,116747.134461,0.0
SouthEvansGateToSilbury.17,306.0,526_0,0.0,0.0,0.0,527.0,215_1,19.43,13.3,221.0,1477.52,88.0,3,0.0,117.43,0,tripinfo_SouthEvansGateToSilbury.17 emissions_SouthEvansGateToSilbury.17,gasoline_euro4,1.03,20542.248547,657426.527696,108.416995,12.813169,275.149467,209694.143904,0.0
WestH6ToSaxonSt.19,228.0,524_0,0.0,0.0,0.0,528.0,771_0,56.88,13.97,300.0,2603.34,77.0,2,0.0,115.85,0,tripinfo_WestH6ToSaxonSt.19 emissions_WestH6ToSaxonSt.19,electric,1.02,0.0,0.0,0.0,0.0,0.0,0.0,0.0
EastA509ToH6.12,216.0,770_0,0.0,0.0,0.0,531.0,522_1,56.88,14.84,315.0,1483.69,181.0,4,0.0,221.49,0,tripinfo_EastA509ToH6.12 emissions_EastA509ToH6.12,gasoline_euro4,1.15,37530.122513,951100.516657,192.714477,20.481637,411.001329,303367.730506,0.0
EastA509ToH6.11,198.0,770_0,0.0,0.0,0.0,532.0,522_0,56.88,13.34,334.0,1483.75,197.0,3,0.0,225.02,0,tripinfo_EastA509ToH6.11 emissions_EastA509ToH6.11,gasoline_euro4,0.98,38712.949035,938250.591053,197.7069,19.852456,404.025998,299270.518475,0.0
WestH6ToSaxonSt.15,180.0,524_0,0.0,0.0,0.0,533.0,771_0,56.88,12.2,353.0,2602.68,109.0,3,0.0,147.5,0,tripinfo_WestH6ToSaxonSt.15 emissions_WestH6ToSaxonSt.15,electric,0.91,0.0,0.0,0.0,0.0,0.0,0.0,0.0
EastA509ToH6.14,252.0,770_0,0.0,0.0,0.0,536.0,522_0,56.88,14.29,284.0,1483.82,129.0,4,0.0,183.16,0,tripinfo_EastA509ToH6.14 emissions_EastA509ToH6.14,electric,1.06,0.0,0.0,0.0,0.0,0.0,0.0,0.0
EastA509ToH6.15,270.0,770_0,0.0,0.0,0.0,539.0,522_0,56.88,12.93,269.0,1483.82,108.0,3,0.0,157.52,0,tripinfo_EastA509ToH6.15 emissions_EastA509ToH6.15,gasoline_euro4,0.96,26315.828477,755752.025752,137.251211,15.249316,321.669584,241057.287002,0.0
WestA509ToAvebury.17,306.0,773_0,0.0,0.0,0.0,541.0,213_0,19.13,15.73,235.0,2337.3,50.0,1,0.0,87.31,0,tripinfo_WestA509ToAvebury.17 emissions_WestA509ToAvebury.17,gasoline_euro4,1.15,15920.332171,731389.958819,88.639791,13.30568,296.505607,233282.46866,0.0
SouthEvansGateToSilbury.15,270.0,526_0,0.0,0.0,0.0,543.0,215_1,19.43,12.63,273.0,1471.7,128.0,4,0.0,158.46,0,tripinfo_SouthEvansGateToSilbury.15 emissions_SouthEvansGateToSilbury.15,gasoline_euro4,0.93,27624.367843,746805.977099,142.852809,14.964416,316.248632,238205.052022,0.0
SouthEvansGateToSilbury.14,252.0,526_0,0.0,0.0,0.0,545.0,215_1,19.43,12.86,293.0,1471.73,144.0,4,0.0,182.99,0,tripinfo_SouthEvansGateToSilbury.14 emissions_SouthEvansGateToSilbury.14,gasoline_euro4,0.97,30870.896474,809717.175266,159.294655,16.731989,346.819166,258271.489194,0.0
WestA509ToAvebury.14,255.0,773_0,0.0,0.0,3.0,546.0,213_0,19.13,12.5,291.0,2337.28,76.0,4,0.0,113.42,0,tripinfo_WestA509ToAvebury.14 emissions_WestA509ToAvebury.14,gasoline_euro4,0.96,20718.532665,781584.612369,111.871809,14.071821,318.856065,249294.916685,0.0
WestA509ToEastH6.6,216.0,773_0,0.0,0.0,0.0,568.0,522_1,56.88,13.66,352.0,2720.9,118.0,4,0.0,162.01,0,tripinfo_WestA509ToEastH6.6 emissions_WestA509ToEastH6.6,electric,1.03,0.0,0.0,0.0,0.0,0.0,0.0,0.0
WestH6ToSaxonSt.22,264.0,524_0,0.0,0.0,0.0,576.0,771_1,56.88,14.57,312.0,2767.88,72.0,4,0.0,119.82,0,tripinfo_WestH6ToSaxonSt.22 emissions_WestH6ToSaxonSt.22,gasoline_euro4,1.07,23158.414039,994340.371681,127.610512,18.332277,407.677604,317153.08589,0.0
WestA509ToEastH6.5,180.0,773_0,0.0,0.0,0.0,578.0,522_0,56.88,11.93,398.0,2720.9,133.0,4,0.0,175.05,0,tripinfo_WestA509ToEastH6.5 emissions_WestA509ToEastH6.5,electric,0.88,0.0,0.0,0.0,0.0,0.0,0.0,0.0
WestH6ToSaxonSt.25,300.0,524_0,0.0,0.0,0.0,583.0,771_1,56.88,13.87,283.0,2767.87,33.0,4,0.0,82.27,0,tripinfo_WestH6ToSaxonSt.25 emissions_WestH6ToSaxonSt.25,gasoline_euro4,1.03,16756.034368,884096.437753,95.893396,15.227892,355.571372,281988.658724,0.0
EastAveburyToWestA509.17,344.0,483_0,0.0,0.0,0.0,587.0,774_1,29.75,14.64,243.0,2257.78,50.0,3,0.0,98.27,0,tripinfo_EastAveburyToWestA509.17 emissions_EastAveburyToWestA509.17,gasoline_euro4,1.14,17378.404698,781599.894393,96.645541,14.558189,320.465392,249297.107896,0.0
V6ToEastH6.37,444.0,468_1,0.0,0.0,0.0,588.0,522_0,56.88,11.3,144.0,1512.23,0.0,0,0.0,13.76,0,tripinfo_V6ToEastH6.37 emissions_V6ToEastH6.37,gasoline_euro4,0.84,4207.46415,347307.781887,27.0785,4.703968,131.986024,110776.200978,0.0
EastAveburyToWestA509.15,327.0,483_1,0.0,0.0,0.0,589.0,774_0,29.75,13.01,262.0,2241.68,57.0,3,0.0,96.46,0,tripinfo_EastAveburyToWestA509.15 emissions_EastAveburyToWestA509.15,electric,1.0,0.0,0.0,0.0,0.0,0.0,0.0,0.0
EastAveburyToWestA509.16,336.0,483_0,0.0,0.0,0.0,590.0,774_0,29.75,15.95,254.0,2264.19,54.0,4,0.0,111.73,0,tripinfo_EastAveburyToWestA509.16 emissions_EastAveburyToWestA509.16,gasoline_euro4,1.16,20204.23705,867889.692229,111.951609,16.843031,361.63181,276819.675046,0.0
WestA509ToAvebury.11,198.0,773_0,0.0,0.0,0.0,595.0,213_0,19.13,14.41,397.0,2286.76,208.0,4,0.0,240.19,0,tripinfo_WestA509ToAvebury.11 emissions_WestA509ToAvebury.11,electric,1.06,0.0,0.0,0.0,0.0,0.0,0.0,0.0
EastAveburyToWestA509.5,242.0,483_1,0.0,0.0,0.0,601.0,774_2,29.75,13.82,359.0,2218.4,160.0,6,0.0,199.93,0,tripinfo_EastAveburyToWestA509.5 emissions_EastAveburyToWestA509.5,electric,1.01,0.0,0.0,0.0,0.0,0.0,0.0,0.0
WestA509ToEastH6.8,288.0,773_0,0.0,0.0,0.0,601.0,522_0,56.88,12.35,313.0,2754.9,64.0,1,0.0,95.28,0,tripinfo_WestA509ToEastH6.8 emissions_WestA509ToEastH6.8,gasoline_euro4,0.92,17942.905884,808123.183528,99.630511,13.259827,320.400274,257759.023249,0.0
EastA509ToH6.13,234.0,770_0,0.0,0.0,0.0,603.0,522_0,56.88,11.7,369.0,3296.98,59.0,4,0.0,108.76,0,tripinfo_EastA509ToH6.13 emissions_EastA509ToH6.13,electric,0.92,0.0,0.0,0.0,0.0,0.0,0.0,0.0
EastAveburyToWestA509.8,268.0,483_1,0.0,0.0,0.0,603.0,774_2,29.75,13.79,335.0,2215.02,127.0,4,0.0,179.94,0,tripinfo_EastAveburyToWestA509.8 emissions_EastAveburyToWestA509.8,electric,1.03,0.0,0.0,0.0,0.0,0.0,0.0,0.0
WestH6ToSaxonSt.28,336.0,524_0,0.0,0.0,0.0,604.0,771_0,56.88,14.77,268.0,2613.57,65.0,1,0.0,95.96,0,tripinfo_WestH6ToSaxonSt.28 emissions_WestH6ToSaxonSt.28,electric,1.11,0.0,0.0,0.0,0.0,0.0,0.0,0.0
V6ToEastH6.40,480.0,468_1,0.0,0.0,0.0,606.0,522_1,56.88,12.81,126.0,1512.23,0.0,0,0.0,13.16,0,tripinfo_V6ToEastH6.40 emissions_V6ToEastH6.40,gasoline_euro4,0.97,4066.184558,357199.700388,26.353512,5.467239,138.649706,113930.434588,0.0
WestH6ToSaxonSt.20,240.0,524_0,0.0,0.0,0.0,607.0,771_0,56.88,14.0,367.0,2602.68,149.0,3,0.0,194.18,0,tripinfo_WestH6ToSaxonSt.20 emissions_WestH6ToSaxonSt.20,electric,1.09,0.0,0.0,0.0,0.0,0.0,0.0,0.0
SouthEvansGateToSilbury.20,360.0,526_0,0.0,0.0,0.0,609.0,215_1,19.43,13.2,249.0,1457.43,105.0,5,0.0,139.06,0,tripinfo_SouthEvansGateToSilbury.20 emissions_SouthEvansGateToSilbury.20,electric,0.96,0.0,0.0,0.0,0.0,0.0,0.0,0.0
V6ToEastH6.30,360.0,468_1,0.0,0.0,0.0,609.0,522_0,56.88,14.49,249.0,2010.33,72.0,4,0.0,112.89,0,tripinfo_V6ToEastH6.30 emissions_V6ToEastH6.30,electric,1.07,0.0,0.0,0.0,0.0,0.0,0.0,0.0
V6ToEastH6.32,384.0,468_1,0.0,0.0,0.0,613.0,522_1,56.88,14.45,229.0,2010.33,42.0,3,0.0,90.68,0,tripinfo_V6ToEastH6.32 emissions_V6ToEastH6.32,electric,1.05,0.0,0.0,0.0,0.0,0.0,0.0,0.0
WestH6ToSaxonSt.23,276.0,524_0,0.0,0.0,0.0,614.0,771_1,56.88,15.16,338.0,2567.45,115.0,5,0.0,168.35,0,tripinfo_WestH6ToSaxonSt.23 emissions_WestH6ToSaxonSt.23,electric,1.1,0.0,0.0,0.0,0.0,0.0,0.0,0.0
V6ToEastH6.31,372.0,468_1,0.0,0.0,0.0,614.0,522_0,56.88,11.8,242.0,2010.28,42.0,3,0.0,81.81,0,tripinfo_V6ToEastH6.31 emissions_V6ToEastH6.31,electric,0.91,0.0,0.0,0.0,0.0,0.0,0.0,0.0
EastAveburyToWestA509.7,259.0,483_1,0.0,0.0,0.0,615.0,774_1,29.75,12.17,356.0,2218.32,136.0,4,0.0,175.73,0,tripinfo_EastAveburyToWestA509.7 emissions_EastAveburyToWestA509.7,electric,0.89,0.0,0.0,0.0,0.0,0.0,0.0,0.0
V6ToEastH6.35,420.0,468_1,0.0,0.0,0.0,615.0,522_0,56.88,14.37,195.0,2010.33,11.0,2,0.0,60.92,0,tripinfo_V6ToEastH6.35 emissions_V6ToEastH6.35,electric,1.08,0.0,0.0,0.0,0.0,0.0,0.0,0.0
WestH6ToSaxonSt.21,252.0,524_0,0.0,0.0,0.0,618.0,771_0,56.88,11.94,366.0,2602.68,131.0,3,0.0,168.42,0,tripinfo_WestH6ToSaxonSt.21 emissions_WestH6ToSaxonSt.21,electric,0.95,0.0,0.0,0.0,0.0,0.0,0.0,0.0
WestH6ToSaxonSt.24,288.0,524_0,0.0,0.0,0.0,620.0,771_0,56.88,13.19,332.0,2603.34,99.0,3,0.0,144.09,0,tripinfo_WestH6ToSaxonSt.24 emissions_WestH6ToSaxonSt.24,electric,1.0,0.0,0.0,0.0,0.0,0.0,0.0,0.0
V6ToEastH6.36,432.0,468_1,0.0,0.0,0.0,621.0,522_0,56.88,11.67,189.0,2010.33,0.0,0,0.0,25.49,0,tripinfo_V6ToEastH6.36 emissions_V6ToEastH6.36,electric,0.89,0.0,0.0,0.0,0.0,0.0,0.0,0.0
EastA509ToH6.17,306.0,770_0,0.0,0.0,0.0,628.0,522_0,56.88,10.59,322.0,1483.8,158.0,4,0.0,191.91,0,tripinfo_EastA509ToH6.17 emissions_EastA509ToH6.17,electric,0.82,0.0,0.0,0.0,0.0,0.0,0.0,0.0
SouthEvansGateToSilbury.18,324.0,526_0,0.0,0.0,0.0,630.0,215_1,19.43,13.19,306.0,1471.7,172.0,4,0.0,203.74,0,tripinfo_SouthEvansGateToSilbury.18 emissions_SouthEvansGateToSilbury.18,gasoline_euro4,1.04,35059.048877,886374.357168,179.874413,18.703811,380.778058,282722.844825,0.0
EastA509ToH6.16,288.0,770_0,0.0,0.0,0.0,631.0,522_1,56.88,12.51,343.0,1483.82,190.0,4,0.0,234.64,0,tripinfo_EastA509ToH6.16 emissions_EastA509ToH6.16,electric,0.99,0.0,0.0,0.0,0.0,0.0,0.0,0.0
WestA509ToAvebury.20,362.0,773_0,0.0,0.0,2.0,631.0,213_1,19.13,11.73,269.0,2337.26,47.0,2,0.0,86.17,0,tripinfo_WestA509ToAvebury.20 emissions_WestA509ToAvebury.20,gasoline_euro4,0.93,16104.41774,708187.22624,89.253185,11.911453,283.782881,225883.285241,0.0
EastA509ToH6.18,324.0,770_0,0.0,0.0,0.0,632.0,522_1,56.88,14.85,308.0,1483.82,149.0,4,0.0,220.78,0,tripinfo_EastA509ToH6.18 emissions_EastA509ToH6.18,electric,1.23,0.0,0.0,0.0,0.0,0.0,0.0,0.0
SouthEvansGateToSilbury.19,342.0,526_0,0.0,0.0,0.0,632.0,215_1,19.43,15.4,290.0,1471.73,151.0,4,0.0,195.6,0,tripinfo_SouthEvansGateToSilbury.19 emissions_SouthEvansGateToSilbury.19,gasoline_euro4,1.13,32694.208295,876485.779712,169.013424,18.501235,376.869608,279567.449462,0.0
WestA509ToAvebury.19,342.0,773_0,0.0,0.0,0.0,633.0,213_1,19.13,11.8,291.0,2337.23,75.0,3,0.0,109.75,0,tripinfo_WestA509ToAvebury.19 emissions_WestA509ToAvebury.19,gasoline_euro4,0.94,19919.070075,766567.584713,107.846582,13.348455,309.750219,244505.341483,0.0
EastSilburyToEastAvebury.0,400.0,317_0,0.0,0.0,0.0,635.0,213_1,19.13,14.8,235.0,1590.8,95.0,4,0.0,133.13,0,tripinfo_EastSilburyToEastAvebury.0 emissions_EastSilburyToEastAvebury.0,electric,1.14,0.0,0.0,0.0,0.0,0.0,0.0,0.0
EastA509ToH6.23,414.0,770_0,0.0,0.0,0.0,635.0,522_1,56.88,14.56,221.0,1483.69,89.0,3,0.0,121.53,0,tripinfo_EastA509ToH6.23 emissions_EastA509ToH6.23,gasoline_euro4,1.08,21218.677267,665973.608787,111.34891,13.049608,277.766585,212420.537212,0.0
EastA509ToH6.19,342.0,770_0,0.0,0.0,0.0,636.0,522_0,56.88,9.17,294.0,1483.8,113.0,4,0.0,148.24,0,tripinfo_EastA509ToH6.19 emissions_EastA509ToH6.19,electric,0.73,0.0,0.0,0.0,0.0,0.0,0.0,0.0
WestA509ToEastH6.10,360.0,773_0,0.0,0.0,0.0,652.0,522_1,56.88,13.98,292.0,2720.9,68.0,3,0.0,102.95,0,tripinfo_WestA509ToEastH6.10 emissions_WestA509ToEastH6.10,electric,1.04,0.0,0.0,0.0,0.0,0.0,0.0,0.0
EastA509ToH6.20,360.0,770_0,0.0,0.0,0.0,656.0,522_1,56.88,13.52,296.0,2408.85,86.0,2,0.0,122.71,0,tripinfo_EastA509ToH6.20 emissions_EastA509ToH6.20,electric,1.0,0.0,0.0,0.0,0.0,0.0,0.0,0.0
WestH6ToSaxonSt.27,324.0,524_0,0.0,0.0,0.0,665.0,771_1,56.88,14.0,341.0,2767.85,86.0,4,0.0,136.66,0,tripinfo_WestH6ToSaxonSt.27 emissions_WestH6ToSaxonSt.27,gasoline_euro4,1.01,25622.988064,1017700.209256,139.602683,18.697863,417.744542,324605.205001,0.0
WestH6ToSaxonSt.29,348.0,524_0,0.0,0.0,0.0,668.0,771_1,56.88,12.83,320.0,2767.88,63.0,4,0.0,113.25,0,tripinfo_WestH6ToSaxonSt.29 emissions_WestH6ToSaxonSt.29,gasoline_euro4,1.0,21825.898357,945354.552919,120.609731,17.021182,386.316234,301528.971065,0.0
WestH6ToSaxonSt.33,396.0,524_0,0.0,0.0,0.0,669.0,771_1,56.88,14.11,273.0,2767.88,23.0,3,0.0,83.23,0,tripinfo_WestH6ToSaxonSt.33 emissions_WestH6ToSaxonSt.33,gasoline_euro4,1.09,16275.237685,891569.507956,94.051558,15.866873,361.676974,284371.273407,0.0
WestA509ToAvebury.13,234.0,773_0,0.0,0.0,0.0,678.0,213_0,19.13,12.1,444.0,2288.75,215.0,6,0.0,258.26,0,tripinfo_WestA509ToAvebury.13 emissions_WestA509ToAvebury.13,electric,0.89,0.0,0.0,0.0,0.0,0.0,0.0,0.0
WestH6ToSaxonSt.34,408.0,524_0,0.0,0.0,0.0,681.0,771_1,56.88,11.65,273.0,2574.94,23.0,3,0.0,67.18,0,tripinfo_WestH6ToSaxonSt.34 emissions_WestH6ToSaxonSt.34,gasoline_euro4,0.92,13521.766119,731377.480538,77.991517,11.567066,288.368478,233278.902812,0.0
EastAveburyToWestA509.11,293.0,483_1,0.0,0.0,0.0,682.0,774_2,29.75,14.92,389.0,2218.4,206.0,5,0.0,242.95,0,tripinfo_EastAveburyToWestA509.11 emissions_EastAveburyToWestA509.11,electric,1.1,0.0,0.0,0.0,0.0,0.0,0.0,0.0
EastAveburyToWestA509.29,446.0,483_1,0.0,0.0,0.0,682.0,774_1,29.75,14.17,236.0,2241.69,26.0,4,0.0,76.11,0,tripinfo_EastAveburyToWestA509.29 emissions_EastAveburyToWestA509.29,electric,1.03,0.0,0.0,0.0,0.0,0.0,0.0,0.0
V6ToEastH6.38,456.0,468_1,0.0,0.0,0.0,682.0,522_0,56.88,15.36,226.0,2010.33,61.0,3,0.0,94.38,0,tripinfo_V6ToEastH6.38 emissions_V6ToEastH6.38,electric,1.11,0.0,0.0,0.0,0.0,0.0,0.0,0.0
EastAveburyToWestA509.23,395.0,483_0,0.0,0.0,0.0,685.0,774_1,29.75,13.39,290.0,2254.72,88.0,3,0.0,125.7,0,tripinfo_EastAveburyToWestA509.23 emissions_EastAveburyToWestA509.23,gasoline_euro4,1.0,23319.501572,853702.018297,125.570345,16.095969,353.538331,272297.102708,0.0
EastAveburyToWestA509.9,276.0,483_0,0.0,0.0,0.0,686.0,774_0,29.75,10.83,410.0,2257.77,179.0,4,0.0,219.73,0,tripinfo_EastAveburyToWestA509.9 emissions_EastAveburyToWestA509.9,gasoline_euro4,0.87,38849.494119,1084828.728521,201.893801,21.040385,455.84067,346022.461316,0.0
EastAveburyToWestA509.12,302.0,483_1,0.0,0.0,0.0,687.0,774_2,29.75,14.49,385.0,2215.02,194.0,5,0.0,233.07,0,tripinfo_EastAveburyToWestA509.12 emissions_EastAveburyToWestA509.12,electric,1.06,0.0,0.0,0.0,0.0,0.0,0.0,0.0
EastAveburyToWestA509.13,310.0,483_1,0.0,0.0,0.0,687.0,774_1,29.75,14.71,377.0,2215.5,185.0,4,0.0,232.91,0,tripinfo_EastAveburyToWestA509.13 emissions_EastAveburyToWestA509.13,electric,1.12,0.0,0.0,0.0,0.0,0.0,0.0,0.0
EastAveburyToWestA509.21,378.0,483_0,0.0,0.0,0.0,688.0,774_1,29.75,15.56,310.0,2260.96,105.0,4,0.0,165.34,0,tripinfo_EastAveburyToWestA509.21 emissions_EastAveburyToWestA509.21,gasoline_euro4,1.14,27908.946063,947352.406597,148.487763,18.497453,395.424982,302168.430599,0.0
EastAveburyToWestA509.14,319.0,483_1,0.0,0.0,0.0,690.0,774_2,29.75,14.5,371.0,2218.4,174.0,4,0.0,220.18,0,tripinfo_EastAveburyToWestA509.14 emissions_EastAveburyToWestA509.14,electric,1.07,0.0,0.0,0.0,0.0,0.0,0.0,0.0
V6ToEastH6.39,468.0,468_1,0.0,0.0,0.0,690.0,522_0,56.88,14.31,222.0,2010.33,50.0,3,0.0,89.96,0,tripinfo_V6ToEastH6.39 emissions_V6ToEastH6.39,electric,1.1,0.0,0.0,0.0,0.0,0.0,0.0,0.0
V6ToEastH6.46,552.0,468_1,0.0,0.0,0.0,690.0,522_1,56.88,11.35,138.0,1512.23,0.0,0,0.0,13.94,0,tripinfo_V6ToEastH6.46 emissions_V6ToEastH6.46,gasoline_euro4,0.88,4308.489593,348973.703691,27.468452,5.186153,135.320802,111307.095661,0.0
V6ToEastH6.41,492.0,468_1,0.0,0.0,0.0,691.0,522_0,56.88,15.01,199.0,2010.33,25.0,3,0.0,72.53,0,tripinfo_V6ToEastH6.41 emissions_V6ToEastH6.41,electric,1.15,0.0,0.0,0.0,0.0,0.0,0.0,0.0
V6ToEastH6.42,504.0,468_1,0.0,0.0,0.0,693.0,522_0,56.88,16.04,189.0,2010.33,19.0,2,0.0,71.7,0,tripinfo_V6ToEastH6.42 emissions_V6ToEastH6.42,electric,1.24,0.0,0.0,0.0,0.0,0.0,0.0,0.0
EastAveburyToWestA509.30,455.0,483_1,0.0,0.0,0.0,694.0,774_0,29.75,11.1,239.0,2241.68,8.0,2,0.0,49.47,0,tripinfo_EastAveburyToWestA509.30 emissions_EastAveburyToWestA509.30,electric,0.87,0.0,0.0,0.0,0.0,0.0,0.0,0.0
WestH6ToSaxonSt.30,360.0,524_0,0.0,0.0,0.0,696.0,771_0,56.88,13.92,336.0,2602.68,119.0,4,0.0,158.94,0,tripinfo_WestH6ToSaxonSt.30 emissions_WestH6ToSaxonSt.30,electric,1.06,0.0,0.0,0.0,0.0,0.0,0.0,0.0
SouthEvansGateToSilbury.27,486.0,526_0,0.0,0.0,0.0,696.0,215_1,19.43,13.86,210.0,1477.59,85.0,3,0.0,110.28,0,tripinfo_SouthEvansGateToSilbury.27 emissions_SouthEvansGateToSilbury.27,gasoline_euro4,1.07,19221.319178,616743.570021,101.325154,12.06935,257.127633,196717.772842,0.0
WestH6ToSaxonSt.31,372.0,524_0,0.0,0.0,0.0,697.0,771_0,56.88,13.92,325.0,2602.68,103.0,4,0.0,150.84,0,tripinfo_WestH6ToSaxonSt.31 emissions_WestH6ToSaxonSt.31,electric,1.08,0.0,0.0,0.0,0.0,0.0,0.0,0.0
SouthEvansGateToSilbury.21,378.0,526_0,0.0,0.0,0.0,698.0,215_1,19.43,14.12,320.0,1457.43,177.0,6,0.0,221.8,0,tripinfo_SouthEvansGateToSilbury.21 emissions_SouthEvansGateToSilbury.21,electric,1.08,0.0,0.0,0.0,0.0,0.0,0.0,0.0
WestH6ToSaxonSt.32,384.0,524_0,0.0,0.0,0.0,699.0,771_0,56.88,15.59,315.0,2601.44,92.0,4,0.0,148.03,0,tripinfo_WestH6ToSaxonSt.32 emissions_WestH6ToSaxonSt.32,electric,1.13,0.0,0.0,0.0,0.0,0.0,0.0,0.0
V6ToEastH6.43,516.0,468_1,0.0,0.0,0.0,699.0,522_0,56.88,12.45,183.0,2010.33,0.0,0,0.0,31.02,0,tripinfo_V6ToEastH6.43 emissions_V6ToEastH6.43,electric,0.96,0.0,0.0,0.0,0.0,0.0,0.0,0.0
WestA509ToEastH6.11,396.0,773_0,0.0,0.0,0.0,700.0,522_0,56.88,13.96,304.0,2755.0,74.0,2,0.0,110.06,0,tripinfo_WestA509ToEastH6.11 emissions_WestA509ToEastH6.11,gasoline_euro4,1.03,20255.999751,861283.692426,111.222608,15.142615,346.941422,274714.623601,0.0
SouthEvansGateToSilbury.22,396.0,526_0,0.0,0.0,0.0,702.0,215_1,19.43,11.13,306.0,1457.4,151.0,4,0.0,187.01,0,tripinfo_SouthEvansGateToSilbury.22 emissions_SouthEvansGateToSilbury.22,electric,0.89,0.0,0.0,0.0,0.0,0.0,0.0,0.0
SouthEvansGateToSilbury.24,432.0,526_0,0.0,0.0,0.0,703.0,215_1,19.43,13.03,271.0,1460.74,131.0,6,0.0,174.19,0,tripinfo_SouthEvansGateToSilbury.24 emissions_SouthEvansGateToSilbury.24,electric,1.1,0.0,0.0,0.0,0.0,0.0,0.0,0.0
WestH6ToSaxonSt.26,312.0,524_0,0.0,0.0,0.0,705.0,771_1,56.88,12.98,393.0,2568.27,162.0,6,0.0,206.55,0,tripinfo_WestH6ToSaxonSt.26 emissions_WestH6ToSaxonSt.26,electric,1.01,0.0,0.0,0.0,0.0,0.0,0.0,0.0
EastA509ToH6.25,450.0,770_0,0.0,0.0,0.0,705.0,522_0,56.88,14.77,255.0,1483.8,120.0,3,0.0,154.48,0,tripinfo_EastA509ToH6.25 emissions_EastA509ToH6.25,gasoline_euro4,1.06,26617.152314,769322.732779,138.905628,15.814018,327.556334,245385.497302,0.0
SouthEvansGateToSilbury.32,576.0,526_0,0.0,0.0,0.0,705.0,215_1,19.43,15.43,129.0,1477.52,22.0,1,0.0,44.02,0,tripinfo_SouthEvansGateToSilbury.32 emissions_SouthEvansGateToSilbury.32,gasoline_euro4,1.26,8800.08793,456617.787519,50.079987,8.48442,184.700115,145640.833842,0.0
EastAveburyToWestA509.6,251.0,483_1,0.0,0.0,0.0,708.0,774_0,29.75,11.4,457.0,2328.54,209.0,5,0.0,264.53,0,tripinfo_EastAveburyToWestA509.6 emissions_EastAveburyToWestA509.6,gasoline_euro4,0.91,46033.218618,1219912.611703,237.725839,24.554239,518.676178,389109.924353,0.0
EastA509ToH6.21,378.0,770_0,0.0,0.0,0.0,714.0,522_0,56.88,11.23,336.0,1483.82,178.0,4,0.0,214.4,0,tripinfo_EastA509ToH6.21 emissions_EastA509ToH6.21,electric,0.88,0.0,0.0,0.0,0.0,0.0,0.0,0.0
EastA509ToH6.22,396.0,770_0,0.0,0.0,0.0,716.0,522_0,56.88,12.48,320.0,1483.82,163.0,5,0.0,211.01,0,tripinfo_EastA509ToH6.22 emissions_EastA509ToH6.22,electric,0.98,0.0,0.0,0.0,0.0,0.0,0.0,0.0
EastA509ToH6.26,468.0,770_0,0.0,0.0,0.0,716.0,522_1,56.88,14.1,248.0,1483.82,102.0,4,0.0,144.85,0,tripinfo_EastA509ToH6.26 emissions_EastA509ToH6.26,gasoline_euro4,1.04,24736.603307,716922.372406,128.776813,14.458654,303.050939,228671.984426,0.0
SouthEvansGateToSilbury.23,414.0,526_0,0.0,0.0,0.0,717.0,215_1,19.43,14.27,303.0,1471.73,172.0,4,0.0,203.46,0,tripinfo_SouthEvansGateToSilbury.23 emissions_SouthEvansGateToSilbury.23,gasoline_euro4,1.06,35005.260757,884913.046422,179.571594,18.752507,380.597702,282256.630783,0.0
WestA509ToAvebury.23,414.0,773_0,0.0,0.0,0.0,717.0,213_1,19.13,14.21,303.0,2336.43,106.0,4,0.0,148.52,0,tripinfo_WestA509ToAvebury.23 emissions_WestA509ToAvebury.23,gasoline_euro4,1.1,26523.21726,929578.372554,141.505805,17.970692,386.387436,296498.841315,0.0
WestA509ToAvebury.26,471.0,773_0,0.0,0.0,3.0,720.0,213_1,19.13,13.14,249.0,2337.26,47.0,1,0.0,73.84,0,tripinfo_WestA509ToAvebury.26 emissions_WestA509ToAvebury.26,gasoline_euro4,0.97,13972.723269,668476.841343,78.344298,11.060509,265.089326,213216.751204,0.0
WestA509ToAvebury.24,435.0,773_0,0.0,0.0,3.0,723.0,213_1,19.13,13.22,288.0,2337.23,76.0,3,0.0,112.66,0,tripinfo_WestA509ToAvebury.24 emissions_WestA509ToAvebury.24,gasoline_euro4,0.97,20888.341276,804845.986454,113.330574,14.561648,329.12807,256714.001737,0.0
V6ToEastH6.34,408.0,468_1,0.0,0.0,0.0,726.0,522_0,56.88,14.81,318.0,2458.52,85.0,6,0.0,154.98,0,tripinfo_V6ToEastH6.34 emissions_V6ToEastH6.34,electric,1.09,0.0,0.0,0.0,0.0,0.0,0.0,0.0
EastA509ToH6.27,486.0,770_0,0.0,0.0,0.0,728.0,522_0,56.88,14.01,242.0,1483.69,109.0,3,0.0,141.53,0,tripinfo_EastA509ToH6.27 emissions_EastA509ToH6.27,gasoline_euro4,1.07,24403.143115,710329.336751,127.407718,14.307269,299.926327,226569.069933,0.0
V6ToEastH6.47,564.0,468_1,0.0,0.0,0.0,730.0,522_0,56.88,10.02,166.0,1512.23,2.0,1,0.0,20.41,0,tripinfo_V6ToEastH6.47 emissions_V6ToEastH6.47,gasoline_euro4,0.75,5776.471945,358324.949687,34.489805,5.185399,139.732828,114290.619125,0.0
V6ToEastH6.52,624.0,468_1,0.0,0.0,0.0,743.0,522_1,56.88,15.02,119.0,1512.23,1.0,1,0.0,18.86,0,tripinfo_V6ToEastH6.52 emissions_V6ToEastH6.52,gasoline_euro4,1.09,4780.576858,396852.540995,30.479458,6.509394,155.657849,126577.579683,0.0
EastA509ToH6.24,432.0,770_0,0.0,0.0,0.0,749.0,522_1,56.88,11.84,317.0,2408.85,91.0,4,0.0,128.74,0,tripinfo_EastA509ToH6.24 emissions_EastA509ToH6.24,electric,0.93,0.0,0.0,0.0,0.0,0.0,0.0,0.0
WestA509ToEastH6.12,432.0,773_0,0.0,0.0,0.0,750.0,522_1,56.88,13.93,318.0,2720.92,80.0,5,0.0,135.98,0,tripinfo_WestA509ToEastH6.12 emissions_WestA509ToEastH6.12,electric,1.08,0.0,0.0,0.0,0.0,0.0,0.0,0.0
WestH6ToSaxonSt.37,444.0,524_0,0.0,0.0,0.0,753.0,771_1,56.88,13.82,309.0,2574.94,84.0,4,0.0,119.87,0,tripinfo_WestH6ToSaxonSt.37 emissions_WestH6ToSaxonSt.37,gasoline_euro4,1.0,22180.141325,863583.334913,120.325997,15.679852,352.36453,275448.709543,0.0
WestA509ToEastH6.9,324.0,773_0,0.0,0.0,0.0,755.0,522_1,56.88,12.28,431.0,2765.37,177.0,6,0.0,222.79,0,tripinfo_WestA509ToEastH6.9 emissions_WestA509ToEastH6.9,electric,0.96,0.0,0.0,0.0,0.0,0.0,0.0,0.0
WestH6ToSaxonSt.40,480.0,524_0,0.0,0.0,0.0,758.0,771_1,56.88,13.82,278.0,2765.43,35.0,5,0.0,87.95,0,tripinfo_WestH6ToSaxonSt.40 emissions_WestH6ToSaxonSt.40,gasoline_euro4,1.09,17567.219502,906629.346232,100.627641,16.382654,369.525393,289175.125405,0.0
EastAveburyToWestA509.37,514.0,483_1,0.0,0.0,0.0,765.0,774_1,29.75,14.88,251.0,2241.69,46.0,5,0.0,107.63,0,tripinfo_EastAveburyToWestA509.37 emissions_EastAveburyToWestA509.37,electric,1.15,0.0,0.0,0.0,0.0,0.0,0.0,0.0
V6ToEastH6.54,648.0,468_1,0.0,0.0,0.0,765.0,522_1,56.88,13.39,117.0,1512.23,0.0,0,0.0,13.65,0,tripinfo_V6ToEastH6.54 emissions_V6ToEastH6.54,gasoline_euro4,1.06,3920.439116,369204.781639,25.76622,5.704736,142.195207,117759.303794,0.0
WestA509ToAvebury.15,270.0,773_0,0.0,0.0,0.0,766.0,213_0,19.13,13.89,496.0,2288.6,290.0,5,0.0,339.51,0,tripinfo_WestA509ToAvebury.15 emissions_WestA509ToAvebury.15,electric,1.06,0.0,0.0,0.0,0.0,0.0,0.0,0.0
WestA509ToAvebury.12,219.0,773_0,0.0,0.0,3.0,768.0,213_0,19.13,13.59,549.0,2288.57,325.0,7,0.0,382.44,0,tripinfo_WestA509ToAvebury.12 emissions_WestA509ToAvebury.12,electric,1.0,0.0,0.0,0.0,0.0,0.0,0.0,0.0
WestH6ToSaxonSt.36,432.0,524_0,0.0,0.0,0.0,768.0,771_1,56.88,12.23,336.0,2767.88,51.0,5,0.0,106.14,0,tripinfo_WestH6ToSaxonSt.36 emissions_WestH6ToSaxonSt.36,gasoline_euro4,0.9,20719.415034,910859.146282,115.07186,15.652709,368.967365,290527.011232,0.0
WestA509ToAvebury.16,291.0,773_0,0.0,0.0,3.0,770.0,213_0,19.13,13.91,479.0,2288.57,274.0,6,0.0,323.85,0,tripinfo_WestA509ToAvebury.16 emissions_WestA509ToAvebury.16,electric,1.07,0.0,0.0,0.0,0.0,0.0,0.0,0.0
EastAveburyToWestA509.22,387.0,483_0,0.0,0.0,0.0,770.0,774_0,29.75,11.72,383.0,2257.77,151.0,5,0.0,202.94,0,tripinfo_EastAveburyToWestA509.22 emissions_EastAveburyToWestA509.22,gasoline_euro4,0.91,34853.651113,1019936.102898,182.067783,19.893472,428.721133,325322.804999,0.0
EastAveburyToWestA509.32,472.0,483_0,0.0,0.0,0.0,772.0,774_0,29.75,12.99,300.0,2257.79,98.0,3,0.0,135.59,0,tripinfo_EastAveburyToWestA509.32 emissions_EastAveburyToWestA509.32,gasoline_euro4,1.0,25062.26066,899692.795396,134.337044,17.105441,373.447838,286966.458836,0.0
EastSilburyToEastAvebury.2,432.0,317_0,0.0,0.0,0.0,774.0,213_0,19.13,13.11,342.0,1581.85,178.0,6,0.0,223.01,0,tripinfo_EastSilburyToEastAvebury.2 emissions_EastSilburyToEastAvebury.2,electric,0.97,0.0,0.0,0.0,0.0,0.0,0.0,0.0
V6ToEastH6.44,528.0,468_1,0.0,0.0,0.0,774.0,522_0,56.88,13.11,246.0,2010.28,70.0,3,0.0,95.9,0,tripinfo_V6ToEastH6.44 emissions_V6ToEastH6.44,electric,0.97,0.0,0.0,0.0,0.0,0.0,0.0,0.0
EastAveburyToWestA509.19,361.0,483_1,0.0,0.0,0.0,778.0,774_2,29.75,14.56,417.0,2215.02,203.0,8,0.0,273.81,0,tripinfo_EastAveburyToWestA509.19 emissions_EastAveburyToWestA509.19,electric,1.12,0.0,0.0,0.0,0.0,0.0,0.0,0.0
V6ToEastH6.45,540.0,468_1,0.0,0.0,0.0,778.0,522_0,56.88,13.49,238.0,2010.33,56.0,3,0.0,88.19,0,tripinfo_V6ToEastH6.45 emissions_V6ToEastH6.45,electric,0.97,0.0,0.0,0.0,0.0,0.0,0.0,0.0
V6ToEastH6.48,576.0,468_1,0.0,0.0,0.0,779.0,522_0,56.88,12.78,203.0,2009.97,19.0,2,0.0,52.71,0,tripinfo_V6ToEastH6.48 emissions_V6ToEastH6.48,electric,0.96,0.0,0.0,0.0,0.0,0.0,0.0,0.0
SouthEvansGateToSilbury.31,558.0,526_0,0.0,0.0,0.0,782.0,215_1,19.43,17.04,224.0,1457.4,101.0,5,0.0,142.63,0,tripinfo_SouthEvansGateToSilbury.31 emissions_SouthEvansGateToSilbury.31,electric,1.3,0.0,0.0,0.0,0.0,0.0,0.0,0.0
V6ToEastH6.49,588.0,468_1,0.0,0.0,0.0,783.0,522_0,56.88,12.98,195.0,2010.33,9.0,1,0.0,46.3,0,tripinfo_V6ToEastH6.49 emissions_V6ToEastH6.49,electric,0.98,0.0,0.0,0.0,0.0,0.0,0.0,0.0
V6ToEastH6.50,600.0,468_1,0.0,0.0,0.0,783.0,522_1,56.88,14.69,183.0,2010.33,8.0,1,0.0,48.82,0,tripinfo_V6ToEastH6.50 emissions_V6ToEastH6.50,electric,1.08,0.0,0.0,0.0,0.0,0.0,0.0,0.0
WestH6ToSaxonSt.35,420.0,524_0,0.0,0.0,0.0,785.0,771_0,56.88,13.41,365.0,2602.68,143.0,4,0.0,181.87,0,tripinfo_WestH6ToSaxonSt.35 emissions_WestH6ToSaxonSt.35,electric,1.03,0.0,0.0,0.0,0.0,0.0,0.0,0.0
V6ToEastH6.51,612.0,468_1,0.0,0.0,0.0,786.0,522_0,56.88,13.95,174.0,2010.33,0.0,0,0.0,33.85,0,tripinfo_V6ToEastH6.51 emissions_V6ToEastH6.51,electric,1.04,0.0,0.0,0.0,0.0,0.0,0.0,0.0
SouthEvansGateToSilbury.25,450.0,526_0,0.0,0.0,0.0,787.0,215_1,19.43,12.0,337.0,1460.71,184.0,6,0.0,224.94,0,tripinfo_SouthEvansGateToSilbury.25 emissions_SouthEvansGateToSilbury.25,electric,0.95,0.0,0.0,0.0,0.0,0.0,0.0,0.0
WestH6ToSaxonSt.38,456.0,524_0,0.0,0.0,0.0,788.0,771_0,56.88,13.21,332.0,2602.68,108.0,3,0.0,150.31,0,tripinfo_WestH6ToSaxonSt.38 emissions_WestH6ToSaxonSt.38,electric,1.03,0.0,0.0,0.0,0.0,0.0,0.0,0.0
EastAveburyToWestA509.18,353.0,483_1,0.0,0.0,0.0,789.0,774_1,29.75,12.13,436.0,2218.4,215.0,6,0.0,269.55,0,tripinfo_EastAveburyToWestA509.18 emissions_EastAveburyToWestA509.18,electric,0.97,0.0,0.0,0.0,0.0,0.0,0.0,0.0
WestA509ToEastH6.14,504.0,773_0,0.0,0.0,0.0,789.0,522_0,56.88,13.19,285.0,2754.12,44.0,2,0.0,78.24,0,tripinfo_WestA509ToEastH6.14 emissions_WestA509ToEastH6.14,gasoline_euro4,0.97,14772.38796,763792.470542,84.18639,12.283711,300.746482,243618.183833,0.0
SouthEvansGateToSilbury.30,540.0,526_0,0.0,0.0,0.0,789.0,215_1,19.43,11.73,249.0,1477.62,104.0,2,0.0,134.24,0,tripinfo_SouthEvansGateToSilbury.30 emissions_SouthEvansGateToSilbury.30,gasoline_euro4,0.93,23273.586437,677635.527337,121.622494,13.541974,287.176154,216140.965968,0.0
EastAveburyToWestA509.28,438.0,483_1,0.0,0.0,0.0,790.0,774_2,29.75,14.71,352.0,2215.02,132.0,6,0.0,201.19,0,tripinfo_EastAveburyToWestA509.28 emissions_EastAveburyToWestA509.28,electric,1.07,0.0,0.0,0.0,0.0,0.0,0.0,0.0
SouthEvansGateToSilbury.37,666.0,526_0,0.0,0.0,0.0,792.0,215_1,19.43,14.88,126.0,1477.59,15.0,1,0.0,31.38,0,tripinfo_SouthEvansGateToSilbury.37 emissions_SouthEvansGateToSilbury.37,gasoline_euro4,1.13,6469.839028,406190.313579,37.98779,6.684706,158.344914,129556.874601,0.0
WestH6ToSaxonSt.39,468.0,524_0,0.0,0.0,0.0,793.0,771_0,56.88,12.62,325.0,2602.68,90.0,3,0.0,133.87,0,tripinfo_WestH6ToSaxonSt.39 emissions_WestH6ToSaxonSt.39,electric,0.98,0.0,0.0,0.0,0.0,0.0,0.0,0.0
EastA509ToH6.29,522.0,770_0,0.0,0.0,0.0,793.0,522_0,56.88,14.25,271.0,1483.8,136.0,4,0.0,172.6,0,tripinfo_EastA509ToH6.29 emissions_EastA509ToH6.29,electric,1.1,0.0,0.0,0.0,0.0,0.0,0.0,0.0
EastAveburyToWestA509.24,404.0,483_1,0.0,0.0,0.0,794.0,774_1,29.75,12.84,390.0,2218.32,166.0,7,0.0,221.05,0,tripinfo_EastAveburyToWestA509.24 emissions_EastAveburyToWestA509.24,electric,0.96,0.0,0.0,0.0,0.0,0.0,0.0,0.0
EastA509ToH6.30,540.0,770_0,0.0,0.0,0.0,794.0,522_0,56.88,15.21,254.0,1483.82,114.0,4,0.0,160.04,0,tripinfo_EastA509ToH6.30 emissions_EastA509ToH6.30,gasoline_euro4,1.14,26746.129712,777973.745398,139.808401,16.196426,333.019341,248144.503318,0.0
EastAveburyToWestA509.4,234.0,483_1,0.0,0.0,0.0,799.0,774_0,29.75,10.77,565.0,2328.56,297.0,6,0.0,357.32,0,tripinfo_EastAveburyToWestA509.4 emissions_EastAveburyToWestA509.4,gasoline_euro4,0.83,62233.098798,1487165.612065,318.000031,31.084042,641.56477,474356.870571,0.0
EastAveburyToWestA509.20,370.0,483_0,0.0,0.0,0.0,801.0,774_0,29.75,14.56,431.0,2336.11,210.0,5,0.0,284.39,0,tripinfo_EastAveburyToWestA509.20 emissions_EastAveburyToWestA509.20,electric,1.18,0.0,0.0,0.0,0.0,0.0,0.0,0.0
EastAveburyToWestA509.25,412.0,483_1,0.0,0.0,0.0,803.0,774_0,29.75,14.26,391.0,2328.54,150.0,6,0.0,222.08,0,tripinfo_EastAveburyToWestA509.25 emissions_EastAveburyToWestA509.25,gasoline_euro4,1.03,37806.886084,1141984.383188,198.373714,22.832218,483.401117,364250.349952,0.0
SouthEvansGateToSilbury.28,504.0,526_0,0.0,0.0,0.0,806.0,215_0,19.43,14.35,302.0,1471.76,162.0,4,0.0,204.61,0,tripinfo_SouthEvansGateToSilbury.28 emissions_SouthEvansGateToSilbury.28,gasoline_euro4,1.09,34463.493173,887901.198009,177.210302,18.789466,382.347311,283209.344852,0.0
SouthEvansGateToSilbury.26,468.0,526_0,0.0,0.0,0.0,807.0,215_1,19.43,13.07,339.0,1471.7,193.0,5,0.0,228.45,0,tripinfo_SouthEvansGateToSilbury.26 emissions_SouthEvansGateToSilbury.26,gasoline_euro4,0.96,38732.435989,932276.983518,197.900991,19.69845,401.782807,297365.343264,0.0
EastAveburyToWestA509.27,429.0,483_1,0.0,0.0,0.0,808.0,774_0,29.75,12.0,379.0,2328.54,125.0,4,0.0,189.21,0,tripinfo_EastAveburyToWestA509.27 emissions_EastAveburyToWestA509.27,gasoline_euro4,0.92,32952.046887,1019371.674414,173.399345,19.466241,426.665883,325141.993149,0.0
SouthEvansGateToSilbury.29,522.0,526_0,0.0,0.0,0.0,810.0,215_1,19.43,11.29,288.0,1471.73,133.0,4,0.0,167.82,0,tripinfo_SouthEvansGateToSilbury.29 emissions_SouthEvansGateToSilbury.29,gasoline_euro4,0.88,29206.035729,770192.604416,150.786897,15.658737,328.469475,245664.724929,0.0
EastSilburyToEastAvebury.4,464.0,317_0,0.0,0.0,0.0,814.0,213_0,19.13,13.38,350.0,2473.18,125.0,7,0.0,172.46,0,tripinfo_EastSilburyToEastAvebury.4 emissions_EastSilburyToEastAvebury.4,gasoline_euro4,1.02,30880.240211,993682.286016,162.875087,19.221975,414.375202,316947.041891,0.0
WestA509ToAvebury.27,486.0,773_0,0.0,0.0,0.0,817.0,213_0,19.13,12.16,331.0,2337.25,110.0,4,0.0,144.15,0,tripinfo_WestA509ToAvebury.27 emissions_WestA509ToAvebury.27,gasoline_euro4,0.91,25941.373496,864441.839743,137.681089,15.874712,355.704896,275724.668744,0.0
WestA509ToAvebury.30,543.0,773_0,0.0,0.0,3.0,821.0,213_0,19.13,15.1,278.0,2337.3,67.0,2,0.0,124.92,0,tripinfo_WestA509ToAvebury.30 emissions_WestA509ToAvebury.30,gasoline_euro4,1.11,20690.360014,818188.076978,112.465325,15.20438,336.250981,260968.780167,0.0
V6ToEastH6.57,684.0,468_1,0.0,0.0,0.0,823.0,522_1,56.88,11.9,139.0,1512.23,4.0,1,0.0,20.74,0,tripinfo_V6ToEastH6.57 emissions_V6ToEastH6.57,gasoline_euro4,0.93,5252.864033,382131.421433,32.275205,5.793083,148.267547,121883.143997,0.0
WestA509ToEastH6.13,468.0,773_0,0.0,0.0,0.0,830.0,522_1,56.88,12.89,362.0,2720.9,128.0,4,0.0,166.27,0,tripinfo_WestA509ToEastH6.13 emissions_WestA509ToEastH6.13,electric,1.0,0.0,0.0,0.0,0.0,0.0,0.0,0.0
EastA509ToH6.28,504.0,770_0,0.0,0.0,0.0,832.0,522_1,56.88,14.5,328.0,2408.87,124.0,4,0.0,170.8,0,tripinfo_EastA509ToH6.28 emissions_EastA509ToH6.28,electric,1.11,0.0,0.0,0.0,0.0,0.0,0.0,0.0
WestH6ToSaxonSt.44,528.0,524_0,0.0,0.0,0.0,846.0,771_1,56.88,14.06,318.0,2767.88,60.0,4,0.0,112.82,0,tripinfo_WestH6ToSaxonSt.44 emissions_WestH6ToSaxonSt.44,gasoline_euro4,1.01,21682.426535,955471.27225,120.340081,17.165934,390.147838,304755.615099,0.0
WestH6ToSaxonSt.41,492.0,524_0,0.0,0.0,0.0,855.0,771_1,56.88,10.58,363.0,2574.94,93.0,5,0.0,137.87,0,tripinfo_WestH6ToSaxonSt.41 emissions_WestH6ToSaxonSt.41,gasoline_euro4,0.84,25425.276599,887495.448551,136.221307,15.695382,363.055461,283077.752638,0.0
EastAveburyToWestA509.39,531.0,483_0,0.0,0.0,0.0,855.0,774_0,29.75,12.83,324.0,2254.71,114.0,5,0.0,157.67,0,tripinfo_EastAveburyToWestA509.39 emissions_EastAveburyToWestA509.39,gasoline_euro4,0.99,27304.123666,888201.546423,144.393751,16.752744,367.350948,283303.056453,0.0
EastAveburyToWestA509.43,565.0,483_0,0.0,0.0,0.0,858.0,774_1,29.75,13.5,293.0,2254.72,88.0,4,0.0,134.95,0,tripinfo_EastAveburyToWestA509.43 emissions_EastAveburyToWestA509.43,gasoline_euro4,1.04,24285.515535,874460.941862,130.120602,16.447931,360.601578,278918.701604,0.0
EastAveburyToWestA509.49,616.0,483_1,0.0,0.0,0.0,858.0,774_0,29.75,13.04,242.0,2241.68,21.0,3,0.0,71.49,0,tripinfo_EastAveburyToWestA509.49 emissions_EastAveburyToWestA509.49,electric,0.97,0.0,0.0,0.0,0.0,0.0,0.0,0.0
V6ToEastH6.62,744.0,468_1,0.0,0.0,0.0,858.0,522_1,56.88,14.98,114.0,1512.23,0.0,0,0.0,13.57,0,tripinfo_V6ToEastH6.62 emissions_V6ToEastH6.62,gasoline_euro4,1.08,4186.840165,377929.969658,27.29544,6.105585,147.311532,120542.047354,0.0
EastAveburyToWestA509.33,480.0,483_0,0.0,0.0,0.0,860.0,774_0,29.75,14.08,380.0,2257.77,161.0,7,0.0,230.35,0,tripinfo_EastAveburyToWestA509.33 emissions_EastAveburyToWestA509.33,gasoline_euro4,1.1,38998.001545,1139875.881511,204.01131,23.686495,488.408391,363577.621529,0.0
WestA509ToEastH6.15,540.0,773_0,0.0,0.0,0.0,864.0,522_0,56.88,14.11,324.0,2754.12,80.0,3,0.0,128.43,0,tripinfo_WestA509ToEastH6.15 emissions_WestA509ToEastH6.15,gasoline_euro4,1.02,22936.335854,921287.532661,125.35978,16.912284,377.804908,293853.361617,0.0
EastAveburyToWestA509.36,506.0,483_1,0.0,0.0,0.0,866.0,774_1,29.75,15.45,360.0,2215.5,157.0,5,0.0,219.27,0,tripinfo_EastAveburyToWestA509.36 emissions_EastAveburyToWestA509.36,electric,1.14,0.0,0.0,0.0,0.0,0.0,0.0,0.0
V6ToEastH6.53,636.0,468_1,0.0,0.0,0.0,866.0,522_1,56.88,14.09,230.0,2010.33,51.0,3,0.0,94.12,0,tripinfo_V6ToEastH6.53 emissions_V6ToEastH6.53,electric,1.07,0.0,0.0,0.0,0.0,0.0,0.0,0.0
EastAveburyToWestA509.34,489.0,483_1,0.0,0.0,0.0,868.0,774_2,29.75,13.68,379.0,2218.4,179.0,5,0.0,217.02,0,tripinfo_EastAveburyToWestA509.34 emissions_EastAveburyToWestA509.34,electric,1.0,0.0,0.0,0.0,0.0,0.0,0.0,0.0
V6ToEastH6.55,660.0,468_1,0.0,0.0,0.0,868.0,522_0,56.88,14.57,208.0,2010.33,22.0,2,0.0,72.12,0,tripinfo_V6ToEastH6.55 emissions_V6ToEastH6.55,electric,1.07,0.0,0.0,0.0,0.0,0.0,0.0,0.0
V6ToEastH6.56,672.0,468_1,0.0,0.0,0.0,869.0,522_0,56.88,15.24,197.0,2010.33,20.0,2,0.0,73.95,0,tripinfo_V6ToEastH6.56 emissions_V6ToEastH6.56,electric,1.18,0.0,0.0,0.0,0.0,0.0,0.0,0.0
EastAveburyToWestA509.41,548.0,483_0,0.0,0.0,0.0,870.0,774_0,29.75,12.82,322.0,2257.77,105.0,5,0.0,155.02,0,tripinfo_EastAveburyToWestA509.41 emissions_EastAveburyToWestA509.41,gasoline_euro4,0.99,27682.338558,934655.510471,147.229642,17.936351,390.057685,298119.006106,0.0
EastAveburyToWestA509.40,540.0,483_1,0.0,0.0,0.0,871.0,774_1,29.75,14.17,331.0,2218.88,130.0,4,0.0,176.78,0,tripinfo_EastAveburyToWestA509.40 emissions_EastAveburyToWestA509.40,electric,1.04,0.0,0.0,0.0,0.0,0.0,0.0,0.0
V6ToEastH6.59,708.0,468_1,0.0,0.0,0.0,872.0,522_1,56.88,15.74,164.0,2060.88,11.0,1,0.0,35.57,0,tripinfo_V6ToEastH6.59 emissions_V6ToEastH6.59,electric,1.17,0.0,0.0,0.0,0.0,0.0,0.0,0.0
SouthEvansGateToSilbury.33,594.0,526_0,0.0,0.0,0.0,873.0,215_1,19.43,13.71,279.0,1460.71,135.0,5,0.0,171.54,0,tripinfo_SouthEvansGateToSilbury.33 emissions_SouthEvansGateToSilbury.33,electric,0.99,0.0,0.0,0.0,0.0,0.0,0.0,0.0
EastAveburyToWestA509.35,497.0,483_1,0.0,0.0,0.0,875.0,774_2,29.75,13.72,378.0,2215.02,169.0,6,0.0,219.62,0,tripinfo_EastAveburyToWestA509.35 emissions_EastAveburyToWestA509.35,electric,1.02,0.0,0.0,0.0,0.0,0.0,0.0,0.0
V6ToEastH6.63,756.0,468_1,0.0,0.0,0.0,878.0,522_1,56.88,13.37,122.0,1512.23,0.0,0,0.0,12.55,0,tripinfo_V6ToEastH6.63 emissions_V6ToEastH6.63,gasoline_euro4,1.0,3541.266389,338132.223278,23.364576,4.9554,128.874397,107848.868591,0.0
WestA509ToEastH6.16,576.0,773_0,0.0,0.0,0.0,880.0,522_0,56.88,14.42,304.0,2754.15,78.0,3,0.0,127.16,0,tripinfo_WestA509ToEastH6.16 emissions_WestA509ToEastH6.16,gasoline_euro4,1.13,22982.125904,947705.683908,125.995368,17.79141,389.053078,302278.89841,0.0
EastAveburyToWestA509.26,421.0,483_1,0.0,0.0,0.0,885.0,774_0,29.75,12.32,464.0,2325.48,208.0,7,0.0,279.32,0,tripinfo_EastAveburyToWestA509.26 emissions_EastAveburyToWestA509.26,gasoline_euro4,0.94,47985.323427,1282692.223235,248.013686,26.264845,548.489372,409133.645746,0.0
V6ToEastH6.58,696.0,468_1,0.0,0.0,0.0,888.0,522_1,56.88,12.93,192.0,2311.67,0.0,0,0.0,25.43,0,tripinfo_V6ToEastH6.58 emissions_V6ToEastH6.58,electric,1.02,0.0,0.0,0.0,0.0,0.0,0.0,0.0
WestH6ToSaxonSt.42,504.0,524_0,0.0,0.0,0.0,889.0,771_0,56.88,13.45,385.0,2603.34,144.0,5,0.0,195.45,0,tripinfo_WestH6ToSaxonSt.42 emissions_WestH6ToSaxonSt.42,electric,0.99,0.0,0.0,0.0,0.0,0.0,0.0,0.0
WestH6ToSaxonSt.43,516.0,524_0,0.0,0.0,0.0,892.0,771_0,56.88,12.64,376.0,2602.7,127.0,4,0.0,169.61,0,tripinfo_WestH6ToSaxonSt.43 emissions_WestH6ToSaxonSt.43,electric,0.91,0.0,0.0,0.0,0.0,0.0,0.0,0.0
EastA509ToH6.32,576.0,770_0,0.0,0.0,0.0,893.0,522_0,56.88,12.59,317.0,1483.69,168.0,5,0.0,206.09,0,tripinfo_EastA509ToH6.32 emissions_EastA509ToH6.32,electric,0.96,0.0,0.0,0.0,0.0,0.0,0.0,0.0
SouthEvansGateToSilbury.34,612.0,526_0,0.0,0.0,0.0,893.0,215_1,19.43,14.53,281.0,1471.73,148.0,4,0.0,184.9,0,tripinfo_SouthEvansGateToSilbury.34 emissions_SouthEvansGateToSilbury.34,gasoline_euro4,1.1,32015.535192,854404.798482,165.274636,18.103444,367.044098,272524.446433,0.0
WestA509ToAvebury.35,630.0,773_0,0.0,0.0,0.0,893.0,213_1,19.13,14.6,263.0,2336.43,66.0,3,0.0,109.08,0,tripinfo_WestA509ToAvebury.35 emissions_WestA509ToAvebury.35,gasoline_euro4,1.1,19754.135707,815197.115578,108.39096,15.32516,335.85251,260014.072648,0.0
EastSilburyToEastAvebury.1,416.0,317_0,0.0,0.0,0.0,894.0,213_0,19.13,13.26,478.0,1574.92,304.0,9,0.0,365.27,0,tripinfo_EastSilburyToEastAvebury.1 emissions_EastSilburyToEastAvebury.1,electric,1.03,0.0,0.0,0.0,0.0,0.0,0.0,0.0
WestH6ToSaxonSt.46,552.0,524_0,0.0,0.0,0.0,894.0,771_0,56.88,13.4,342.0,2600.78,91.0,5,0.0,149.74,0,tripinfo_WestH6ToSaxonSt.46 emissions_WestH6ToSaxonSt.46,electric,0.98,0.0,0.0,0.0,0.0,0.0,0.0,0.0
WestH6ToSaxonSt.47,564.0,524_0,0.0,0.0,0.0,895.0,771_0,56.88,15.13,331.0,2601.42,90.0,4,0.0,165.08,0,tripinfo_WestH6ToSaxonSt.47 emissions_WestH6ToSaxonSt.47,electric,1.13,0.0,0.0,0.0,0.0,0.0,0.0,0.0
WestA509ToAvebury.32,579.0,773_0,0.0,0.0,3.0,897.0,213_0,19.13,11.81,318.0,2336.4,97.0,3,0.0,132.13,0,tripinfo_WestA509ToAvebury.32 emissions_WestA509ToAvebury.32,gasoline_euro4,0.92,24094.720297,836331.183676,128.663151,15.248692,343.417087,266757.898807,0.0
SouthEvansGateToSilbury.35,630.0,526_0,0.0,0.0,0.0,897.0,215_1,19.43,12.37,267.0,1471.73,120.0,4,0.0,156.41,0,tripinfo_SouthEvansGateToSilbury.35 emissions_SouthEvansGateToSilbury.35,gasoline_euro4,0.96,26567.028222,731007.221958,137.72578,14.789084,310.346976,233165.326587,0.0
V6ToEastH6.60,720.0,468_1,0.0,0.0,0.0,897.0,522_1,56.88,13.18,177.0,2060.88,0.0,0,0.0,24.13,0,tripinfo_V6ToEastH6.60 emissions_V6ToEastH6.60,electric,0.98,0.0,0.0,0.0,0.0,0.0,0.0,0.0
WestH6ToSaxonSt.45,540.0,524_0,0.0,0.0,0.0,899.0,771_0,56.88,13.17,359.0,2602.68,104.0,4,0.0,172.54,0,tripinfo_WestH6ToSaxonSt.45 emissions_WestH6ToSaxonSt.45,electric,1.01,0.0,0.0,0.0,0.0,0.0,0.0,0.0
V6ToEastH6.65,780.0,468_1,0.0,0.0,0.0,899.0,522_1,56.88,14.76,119.0,1512.23,0.0,0,0.0,17.7,0,tripinfo_V6ToEastH6.65 emissions_V6ToEastH6.65,gasoline_euro4,1.08,4549.882584,390997.037264,29.315209,6.351672,153.396894,124709.895102,0.0
WestH6ToSaxonSt.48,576.0,524_0,0.0,0.0,0.0,901.0,771_0,56.88,13.06,325.0,2602.68,76.0,2,0.0,133.13,0,tripinfo_WestH6ToSaxonSt.48 emissions_WestH6ToSaxonSt.48,electric,0.98,0.0,0.0,0.0,0.0,0.0,0.0,0.0
EastA509ToH6.34,612.0,770_0,0.0,0.0,0.0,901.0,522_0,56.88,16.26,289.0,1483.8,136.0,6,0.0,198.86,0,tripinfo_EastA509ToH6.34 emissions_EastA509ToH6.34,gasoline_euro4,1.19,32345.245573,875955.012293,167.406058,18.574366,376.960112,279397.844805,0.0
WestH6ToSaxonSt.49,588.0,524_0,0.0,0.0,0.0,903.0,771_0,56.88,13.76,315.0,2603.31,70.0,4,0.0,135.77,0,tripinfo_WestH6ToSaxonSt.49 emissions_WestH6ToSaxonSt.49,electric,1.05,0.0,0.0,0.0,0.0,0.0,0.0,0.0
EastA509ToH6.40,720.0,770_0,0.0,0.0,0.0,905.0,522_1,56.88,14.55,185.0,1483.8,55.0,3,0.0,90.64,0,tripinfo_EastA509ToH6.40 emissions_EastA509ToH6.40,gasoline_euro4,1.13,15683.213764,550555.472753,83.66319,10.49599,227.049679,175605.688916,0.0
EastA509ToH6.31,558.0,770_0,0.0,0.0,0.0,906.0,522_0,56.88,12.42,348.0,1483.82,179.0,7,0.0,236.95,0,tripinfo_EastA509ToH6.31 emissions_EastA509ToH6.31,gasoline_euro4,0.96,39246.03975,951120.729105,200.592087,20.227047,411.071611,303375.512582,0.0
EastAveburyToWestA509.48,608.0,483_1,0.0,0.0,0.0,916.0,774_0,29.75,12.46,308.0,2394.26,66.0,5,0.0,123.98,0,tripinfo_EastAveburyToWestA509.48 emissions_EastAveburyToWestA509.48,electric,0.95,0.0,0.0,0.0,0.0,0.0,0.0,0.0
EastA509ToH6.33,594.0,770_0,0.0,0.0,0.0,929.0,522_0,56.88,10.95,335.0,2408.85,102.0,3,0.0,134.77,0,tripinfo_EastA509ToH6.33 emissions_EastA509ToH6.33,electric,0.87,0.0,0.0,0.0,0.0,0.0,0.0,0.0
WestH6ToSaxonSt.51,612.0,524_0,0.0,0.0,0.0,936.0,771_1,56.88,13.44,324.0,2574.97,89.0,4,0.0,130.91,0,tripinfo_WestH6ToSaxonSt.51 emissions_WestH6ToSaxonSt.51,gasoline_euro4,0.98,23898.838778,888670.699062,128.599086,16.11398,363.299925,283451.236559,0.0
WestH6ToSaxonSt.50,600.0,524_0,0.0,0.0,0.0,938.0,771_1,56.88,12.6,338.0,2767.85,67.0,6,0.0,129.98,0,tripinfo_WestH6ToSaxonSt.50 emissions_WestH6ToSaxonSt.50,gasoline_euro4,0.99,24889.751474,1020840.278662,136.545549,18.936316,421.39694,325605.990599,0.0
WestA509ToAvebury.18,326.0,773_0,0.0,0.0,2.0,940.0,213_0,19.13,13.53,614.0,2288.68,383.0,8,0.0,450.16,0,tripinfo_WestA509ToAvebury.18 emissions_WestA509ToAvebury.18,electric,1.02,0.0,0.0,0.0,0.0,0.0,0.0,0.0
WestH6ToSaxonSt.54,648.0,524_0,0.0,0.0,0.0,940.0,771_1,56.88,13.58,292.0,2767.88,24.0,3,0.0,81.14,0,tripinfo_WestH6ToSaxonSt.54 emissions_WestH6ToSaxonSt.54,gasoline_euro4,0.98,15950.544257,838595.581713,91.414614,14.386252,337.879723,267475.9309,0.0
V6ToEastH6.61,732.0,468_1,0.0,0.0,0.0,941.0,522_0,56.88,11.09,209.0,2060.88,1.0,1,0.0,24.73,0,tripinfo_V6ToEastH6.61 emissions_V6ToEastH6.61,electric,0.82,0.0,0.0,0.0,0.0,0.0,0.0,0.0
EastSilburyToEastAvebury.3,448.0,317_0,0.0,0.0,0.0,943.0,213_0,19.13,11.7,495.0,1581.85,317.0,7,0.0,362.79,0,tripinfo_EastSilburyToEastAvebury.3 emissions_EastSilburyToEastAvebury.3,electric,0.87,0.0,0.0,0.0,0.0,0.0,0.0,0.0
V6ToEastH6.66,792.0,468_1,0.0,0.0,0.0,943.0,522_1,56.88,11.46,151.0,1512.23,1.0,1,0.0,22.84,0,tripinfo_V6ToEastH6.66 emissions_V6ToEastH6.66,gasoline_euro4,0.85,5518.125876,381295.990837,33.834785,5.746279,149.131975,121616.852529,0.0
EastSilburyToEastAvebury.6,496.0,317_0,0.0,0.0,0.0,945.0,213_0,19.13,13.81,449.0,1581.88,270.0,7,0.0,340.14,0,tripinfo_EastSilburyToEastAvebury.6 emissions_EastSilburyToEastAvebury.6,electric,1.06,0.0,0.0,0.0,0.0,0.0,0.0,0.0
V6ToEastH6.68,816.0,468_1,0.0,0.0,0.0,945.0,522_1,56.88,13.05,129.0,1512.23,0.0,0,0.0,17.78,0,tripinfo_V6ToEastH6.68 emissions_V6ToEastH6.68,electric,0.98,0.0,0.0,0.0,0.0,0.0,0.0,0.0
V6ToEastH6.69,828.0,468_1,0.0,0.0,0.0,948.0,522_1,56.88,13.66,120.0,1512.23,0.0,0,0.0,12.17,0,tripinfo_V6ToEastH6.69 emissions_V6ToEastH6.69,gasoline_euro4,1.02,3675.003153,360356.651234,24.620956,5.368194,137.956755,114937.305916,0.0
EastSilburyToEastAvebury.5,480.0,317_0,0.0,0.0,0.0,949.0,213_0,19.13,10.61,469.0,1576.66,275.0,4,0.0,329.88,0,tripinfo_EastSilburyToEastAvebury.5 emissions_EastSilburyToEastAvebury.5,electric,0.83,0.0,0.0,0.0,0.0,0.0,0.0,0.0
EastSilburyToEastAvebury.7,512.0,317_0,0.0,0.0,0.0,950.0,213_0,19.13,13.1,438.0,1576.66,244.0,4,0.0,319.01,0,tripinfo_EastSilburyToEastAvebury.7 emissions_EastSilburyToEastAvebury.7,electric,0.97,0.0,0.0,0.0,0.0,0.0,0.0,0.0
EastAveburyToWestA509.54,659.0,483_0,0.0,0.0,0.0,950.0,774_1,29.75,14.78,291.0,2257.78,86.0,4,0.0,139.95,0,tripinfo_EastAveburyToWestA509.54 emissions_EastAveburyToWestA509.54,gasoline_euro4,1.09,24132.625027,892600.141348,130.21508,17.204345,371.665241,284703.472185,0.0
EastAveburyToWestA509.46,591.0,483_0,0.0,0.0,0.0,952.0,774_0,29.75,11.31,361.0,2257.79,118.0,5,0.0,167.71,0,tripinfo_EastAveburyToWestA509.46 emissions_EastAveburyToWestA509.46,gasoline_euro4,0.85,29331.963258,926756.457392,154.913495,17.116882,383.780118,295601.480337,0.0
EastAveburyToWestA509.52,642.0,483_1,0.0,0.0,0.0,952.0,774_1,29.75,13.61,310.0,2241.68,88.0,6,0.0,141.66,0,tripinfo_EastAveburyToWestA509.52 emissions_EastAveburyToWestA509.52,electric,0.98,0.0,0.0,0.0,0.0,0.0,0.0,0.0
EastAveburyToWestA509.45,582.0,483_0,0.0,0.0,0.0,953.0,774_0,29.75,11.36,371.0,2257.77,128.0,5,0.0,180.73,0,tripinfo_EastAveburyToWestA509.45 emissions_EastAveburyToWestA509.45,gasoline_euro4,0.87,31932.076078,969630.457554,167.774162,18.584871,406.484575,309276.683538,0.0
EastAveburyToWestA509.50,625.0,483_0,0.0,0.0,0.0,955.0,774_0,29.75,14.05,330.0,2257.77,126.0,3,0.0,172.91,0,tripinfo_EastAveburyToWestA509.50 emissions_EastAveburyToWestA509.50,gasoline_euro4,1.05,30319.9421,992183.396516,160.77854,19.631014,417.473254,316468.135231,0.0
EastAveburyToWestA509.44,574.0,483_1,0.0,0.0,0.0,959.0,774_0,29.75,12.76,385.0,2219.98,167.0,5,0.0,217.15,0,tripinfo_EastAveburyToWestA509.44 emissions_EastAveburyToWestA509.44,electric,0.96,0.0,0.0,0.0,0.0,0.0,0.0,0.0
WestH6ToSaxonSt.53,636.0,524_0,0.0,0.0,0.0,959.0,771_0,56.88,14.96,323.0,2599.3,107.0,4,0.0,160.06,0,tripinfo_WestH6ToSaxonSt.53 emissions_WestH6ToSaxonSt.53,electric,1.16,0.0,0.0,0.0,0.0,0.0,0.0,0.0
EastSilburyToEastAvebury.17,672.0,317_0,0.0,0.0,0.0,959.0,213_1,19.13,14.89,287.0,2097.09,105.0,5,0.0,152.98,0,tripinfo_EastSilburyToEastAvebury.17 emissions_EastSilburyToEastAvebury.17,electric,1.13,0.0,0.0,0.0,0.0,0.0,0.0,0.0
WestH6ToSaxonSt.55,660.0,524_0,0.0,0.0,0.0,961.0,771_0,56.88,14.39,301.0,2602.68,82.0,3,0.0,132.07,0,tripinfo_WestH6ToSaxonSt.55 emissions_WestH6ToSaxonSt.55,electric,1.11,0.0,0.0,0.0,0.0,0.0,0.0,0.0
SouthEvansGateToSilbury.40,720.0,526_0,0.0,0.0,0.0,961.0,215_1,19.43,11.94,241.0,1477.63,99.0,3,0.0,126.88,0,tripinfo_SouthEvansGateToSilbury.40 emissions_SouthEvansGateToSilbury.40,gasoline_euro4,0.94,22350.057836,674082.494693,117.147026,13.172332,283.076848,215007.530544,0.0
SouthEvansGateToSilbury.41,738.0,526_0,0.0,0.0,0.0,962.0,215_1,19.43,14.22,224.0,1477.52,91.0,2,0.0,120.81,0,tripinfo_SouthEvansGateToSilbury.41 emissions_SouthEvansGateToSilbury.41,electric,1.03,0.0,0.0,0.0,0.0,0.0,0.0,0.0
WestH6ToSaxonSt.52,624.0,524_0,0.0,0.0,0.0,964.0,771_1,56.88,15.64,340.0,2589.97,129.0,5,0.0,173.14,0,tripinfo_WestH6ToSaxonSt.52 emissions_WestH6ToSaxonSt.52,electric,1.14,0.0,0.0,0.0,0.0,0.0,0.0,0.0
EastAveburyToWestA509.31,463.0,483_1,0.0,0.0,0.0,965.0,774_0,29.75,13.79,502.0,2328.54,268.0,8,0.0,338.5,0,tripinfo_EastAveburyToWestA509.31 emissions_EastAveburyToWestA509.31,electric,1.07,0.0,0.0,0.0,0.0,0.0,0.0,0.0
WestH6ToSaxonSt.56,672.0,524_0,0.0,0.0,0.0,965.0,771_0,56.88,15.11,293.0,2601.22,78.0,2,0.0,129.89,0,tripinfo_WestH6ToSaxonSt.56 emissions_WestH6ToSaxonSt.56,electric,1.16,0.0,0.0,0.0,0.0,0.0,0.0,0.0
SouthEvansGateToSilbury.43,774.0,526_0,0.0,0.0,0.0,965.0,215_1,19.43,11.73,191.0,1477.62,50.0,2,0.0,75.51,0,tripinfo_SouthEvansGateToSilbury.43 emissions_SouthEvansGateToSilbury.43,electric,0.93,0.0,0.0,0.0,0.0,0.0,0.0,0.0
SouthEvansGateToSilbury.42,756.0,526_0,0.0,0.0,0.0,967.0,215_1,19.43,12.31,211.0,1477.52,60.0,3,0.0,92.41,0,tripinfo_SouthEvansGateToSilbury.42 emissions_SouthEvansGateToSilbury.42,electric,0.9,0.0,0.0,0.0,0.0,0.0,0.0,0.0
SouthEvansGateToSilbury.44,792.0,526_0,0.0,0.0,0.0,968.0,215_1,19.43,12.43,176.0,1460.75,45.0,2,0.0,83.21,0,tripinfo_SouthEvansGateToSilbury.44 emissions_SouthEvansGateToSilbury.44,electric,1.14,0.0,0.0,0.0,0.0,0.0,0.0,0.0
EastAveburyToWestA509.38,523.0,483_1,0.0,0.0,0.0,971.0,774_0,29.75,15.35,448.0,2325.48,207.0,8,0.0,293.95,0,tripinfo_EastAveburyToWestA509.38 emissions_EastAveburyToWestA509.38,electric,1.13,0.0,0.0,0.0,0.0,0.0,0.0,0.0
EastA509ToH6.36,648.0,770_0,0.0,0.0,0.0,972.0,522_0,56.88,13.37,324.0,1483.82,181.0,4,0.0,214.99,0,tripinfo_EastA509ToH6.36 emissions_EastA509ToH6.36,gasoline_euro4,0.99,36805.117646,915474.594809,188.514026,19.282035,393.448688,292005.240276,0.0
EastSilburyToEastAvebury.13,608.0,317_0,0.0,0.0,0.0,982.0,213_0,19.13,12.93,374.0,2473.2,134.0,4,0.0,195.8,0,tripinfo_EastSilburyToEastAvebury.13 emissions_EastSilburyToEastAvebury.13,gasoline_euro4,1.02,32467.549766,1019734.519208,171.215803,19.835927,427.724353,325257.067939,0.0
EastSilburyToEastAvebury.11,576.0,317_0,0.0,0.0,0.0,983.0,213_1,19.13,13.23,407.0,2473.19,150.0,6,0.0,220.3,0,tripinfo_EastSilburyToEastAvebury.11 emissions_EastSilburyToEastAvebury.11,gasoline_euro4,0.97,36599.337589,1112016.876305,192.237404,21.755944,468.036267,354692.257561,0.0
SouthEvansGateToSilbury.36,648.0,526_0,0.0,0.0,0.0,983.0,215_1,19.43,12.45,335.0,1471.73,192.0,4,0.0,223.78,0,tripinfo_SouthEvansGateToSilbury.36 emissions_SouthEvansGateToSilbury.36,electric,0.96,0.0,0.0,0.0,0.0,0.0,0.0,0.0
SouthEvansGateToSilbury.38,684.0,526_0,0.0,0.0,0.0,985.0,215_1,19.43,13.66,301.0,1471.73,155.0,4,0.0,195.13,0,tripinfo_SouthEvansGateToSilbury.38 emissions_SouthEvansGateToSilbury.38,electric,1.01,0.0,0.0,0.0,0.0,0.0,0.0,0.0
EastSilburyToEastAvebury.9,544.0,317_0,0.0,0.0,0.0,986.0,213_0,19.13,12.15,442.0,2473.15,185.0,5,0.0,235.14,0,tripinfo_EastSilburyToEastAvebury.9 emissions_EastSilburyToEastAvebury.9,gasoline_euro4,0.88,40836.832268,1147042.61655,212.294502,22.336045,482.403011,365866.279382,0.0
EastSilburyToEastAvebury.10,560.0,317_0,0.0,0.0,0.0,988.0,213_0,19.13,11.3,428.0,2492.57,161.0,5,0.0,210.6,0,tripinfo_EastSilburyToEastAvebury.10 emissions_EastSilburyToEastAvebury.10,electric,0.84,0.0,0.0,0.0,0.0,0.0,0.0,0.0
SouthEvansGateToSilbury.39,702.0,526_0,0.0,0.0,0.0,988.0,215_1,19.43,11.89,286.0,1471.73,132.0,4,0.0,166.18,0,tripinfo_SouthEvansGateToSilbury.39 emissions_SouthEvansGateToSilbury.39,gasoline_euro4,0.89,28850.317118,759356.468924,148.878044,15.332538,323.06271,242208.532167,0.0
WestA509ToAvebury.37,666.0,773_0,0.0,0.0,0.0,990.0,213_0,19.13,14.75,324.0,2336.42,116.0,3,0.0,176.01,0,tripinfo_WestA509ToAvebury.37 emissions_WestA509ToAvebury.37,gasoline_euro4,1.15,28235.36103,934642.882665,149.476545,17.985391,387.902936,298115.319865,0.0
WestA509ToAvebury.38,687.0,773_0,0.0,0.0,3.0,992.0,213_0,19.13,12.65,305.0,2337.25,75.0,3,0.0,122.89,0,tripinfo_WestA509ToAvebury.38 emissions_WestA509ToAvebury.38,gasoline_euro4,0.94,22035.087052,830798.090999,119.255218,15.180165,342.045194,264991.7559,0.0
EastAveburyToWestA509.42,557.0,483_1,0.0,0.0,0.0,996.0,774_0,29.75,8.61,439.0,2218.32,180.0,4,0.0,212.09,0,tripinfo_EastAveburyToWestA509.42 emissions_EastAveburyToWestA509.42,electric,0.71,0.0,0.0,0.0,0.0,0.0,0.0,0.0
WestA509ToEastH6.18,648.0,773_0,0.0,0.0,0.0,1004.0,522_1,56.88,13.44,356.0,2765.35,130.0,3,0.0,164.49,0,tripinfo_WestA509ToEastH6.18 emissions_WestA509ToEastH6.18,electric,1.04,0.0,0.0,0.0,0.0,0.0,0.0,0.0
V6ToEastH6.74,888.0,468_1,0.0,0.0,0.0,1006.0,522_1,56.88,14.29,118.0,1512.23,0.0,0,0.0,12.98,0,tripinfo_V6ToEastH6.74 emissions_V6ToEastH6.74,gasoline_euro4,1.04,3948.902152,364868.66612,25.710197,5.636418,140.413146,116376.317387,0.0
EastA509ToH6.38,684.0,770_0,0.0,0.0,0.0,1009.0,522_1,56.88,12.84,325.0,2408.85,112.0,4,0.0,151.11,0,tripinfo_EastA509ToH6.38 emissions_EastA509ToH6.38,electric,1.0,0.0,0.0,0.0,0.0,0.0,0.0,0.0
EastAveburyToWestA509.51,633.0,483_1,0.0,0.0,0.0,1011.0,774_0,29.75,12.9,378.0,2394.28,143.0,5,0.0,199.73,0,tripinfo_EastAveburyToWestA509.51 emissions_EastAveburyToWestA509.51,electric,0.98,0.0,0.0,0.0,0.0,0.0,0.0,0.0
EastA509ToH6.37,666.0,770_0,0.0,0.0,0.0,1019.0,522_0,56.88,16.64,353.0,2408.85,135.0,3,0.0,208.96,0,tripinfo_EastA509ToH6.37 emissions_EastA509ToH6.37,electric,1.21,0.0,0.0,0.0,0.0,0.0,0.0,0.0
WestH6ToSaxonSt.58,696.0,524_0,0.0,0.0,0.0,1020.0,771_1,56.88,13.93,324.0,2574.97,98.0,5,0.0,137.12,0,tripinfo_WestH6ToSaxonSt.58 emissions_WestH6ToSaxonSt.58,gasoline_euro4,1.01,24976.811612,928460.120629,134.842879,17.113333,381.204712,296142.240459,0.0
WestA509ToEastH6.19,684.0,773_0,0.0,0.0,0.0,1021.0,522_0,56.88,11.49,337.0,2720.9,71.0,3,0.0,110.14,0,tripinfo_WestA509ToEastH6.19 emissions_WestA509ToEastH6.19,electric,0.87,0.0,0.0,0.0,0.0,0.0,0.0,0.0
EastA509ToH6.44,792.0,770_0,0.0,0.0,0.0,1022.0,522_1,56.88,15.01,230.0,2408.85,34.0,2,0.0,71.64,0,tripinfo_EastA509ToH6.44 emissions_EastA509ToH6.44,electric,1.1,0.0,0.0,0.0,0.0,0.0,0.0,0.0
WestH6ToSaxonSt.57,684.0,524_0,0.0,0.0,0.0,1024.0,771_1,56.88,12.7,340.0,2767.85,69.0,4,0.0,121.81,0,tripinfo_WestH6ToSaxonSt.57 emissions_WestH6ToSaxonSt.57,gasoline_euro4,0.95,23057.955237,950107.061743,126.463488,16.931402,388.106192,303045.727579,0.0
EastSilburyToEastAvebury.8,528.0,317_0,0.0,0.0,0.0,1035.0,213_0,19.13,12.56,507.0,1576.66,319.0,4,0.0,385.8,0,tripinfo_EastSilburyToEastAvebury.8 emissions_EastSilburyToEastAvebury.8,electric,0.95,0.0,0.0,0.0,0.0,0.0,0.0,0.0
EastAveburyToWestA509.58,693.0,483_0,0.0,0.0,0.0,1036.0,774_1,29.75,12.9,343.0,2260.91,104.0,6,0.0,170.44,0,tripinfo_EastAveburyToWestA509.58 emissions_EastAveburyToWestA509.58,gasoline_euro4,0.96,28859.810783,940164.377902,152.975891,18.034121,393.414315,299876.743224,0.0
WestA509ToAvebury.21,378.0,773_0,0.0,0.0,0.0,1037.0,213_0,19.13,13.05,659.0,2288.57,429.0,5,0.0,491.48,0,tripinfo_WestA509ToAvebury.21 emissions_WestA509ToAvebury.21,electric,0.99,0.0,0.0,0.0,0.0,0.0,0.0,0.0
EastAveburyToWestA509.56,676.0,483_0,0.0,0.0,0.0,1037.0,774_0,29.75,11.88,361.0,2257.79,130.0,5,0.0,172.37,0,tripinfo_EastAveburyToWestA509.56 emissions_EastAveburyToWestA509.56,gasoline_euro4,0.87,30575.89445,935864.688159,160.74045,17.602941,389.432451,298506.92086,0.0
EastAveburyToWestA509.53,650.0,483_0,0.0,0.0,0.0,1038.0,774_1,29.75,14.37,388.0,2254.72,168.0,5,0.0,231.28,0,tripinfo_EastAveburyToWestA509.53 emissions_EastAveburyToWestA509.53,gasoline_euro4,1.05,38755.252828,1111715.664894,202.068879,22.78647,473.71999,354596.41139,0.0
EastAveburyToWestA509.63,735.0,483_0,0.0,0.0,0.0,1039.0,774_0,29.75,12.47,304.0,2257.76,98.0,3,0.0,134.62,0,tripinfo_EastAveburyToWestA509.63 emissions_EastAveburyToWestA509.63,gasoline_euro4,0.97,24122.422881,854635.20845,128.90145,15.543947,350.1505,272595.885669,0.0
V6ToEastH6.64,768.0,468_1,0.0,0.0,0.0,1040.0,522_0,56.88,13.83,272.0,2023.91,88.0,3,0.0,127.04,0,tripinfo_V6ToEastH6.64 emissions_V6ToEastH6.64,gasoline_euro4,1.02,21703.949751,754927.519391,115.927401,14.052028,311.030981,240792.872047,0.0
EastA509ToH6.39,702.0,770_0,0.0,0.0,0.0,1044.0,522_1,56.88,15.84,342.0,3265.15,45.0,3,0.0,140.75,0,tripinfo_EastA509ToH6.39 emissions_EastA509ToH6.39,electric,1.18,0.0,0.0,0.0,0.0,0.0,0.0,0.0
EastAveburyToWestA509.55,667.0,483_1,0.0,0.0,0.0,1045.0,774_1,29.75,13.53,378.0,2218.4,160.0,6,0.0,212.67,0,tripinfo_EastAveburyToWestA509.55 emissions_EastAveburyToWestA509.55,electric,0.98,0.0,0.0,0.0,0.0,0.0,0.0,0.0
EastAveburyToWestA509.60,710.0,483_1,0.0,0.0,0.0,1049.0,774_2,29.75,14.34,339.0,2215.02,134.0,6,0.0,193.66,0,tripinfo_EastAveburyToWestA509.60 emissions_EastAveburyToWestA509.60,electric,1.11,0.0,0.0,0.0,0.0,0.0,0.0,0.0
WestA509ToEastH6.20,720.0,773_0,0.0,0.0,0.0,1049.0,522_1,56.88,12.88,329.0,2754.07,53.0,5,0.0,128.6,0,tripinfo_WestA509ToEastH6.20 emissions_WestA509ToEastH6.20,gasoline_euro4,1.0,21178.735875,899423.47547,116.333827,15.777136,364.750099,286879.565047,0.0
WestA509ToEastH6.17,612.0,773_0,0.0,0.0,0.0,1050.0,522_0,56.88,10.4,438.0,2754.89,132.0,4,0.0,173.39,0,tripinfo_WestA509ToEastH6.17 emissions_WestA509ToEastH6.17,gasoline_euro4,0.76,32847.548378,1022969.085701,173.096819,18.176607,420.527378,326290.775783,0.0
V6ToEastH6.67,804.0,468_1,0.0,0.0,0.0,1050.0,522_1,56.88,14.86,246.0,2023.9,40.0,3,0.0,109.3,0,tripinfo_V6ToEastH6.67 emissions_V6ToEastH6.67,gasoline_euro4,1.07,17157.807799,724332.002509,94.338194,13.106485,296.434346,231032.079719,0.0
EastAveburyToWestA509.59,701.0,483_1,0.0,0.0,0.0,1051.0,774_1,29.75,12.63,350.0,2218.4,125.0,5,0.0,177.23,0,tripinfo_EastAveburyToWestA509.59 emissions_EastAveburyToWestA509.59,electric,0.93,0.0,0.0,0.0,0.0,0.0,0.0,0.0
EastAveburyToWestA509.62,727.0,483_0,0.0,0.0,0.0,1051.0,774_0,29.75,11.33,324.0,2257.79,101.0,4,0.0,139.97,0,tripinfo_EastAveburyToWestA509.62 emissions_EastAveburyToWestA509.62,gasoline_euro4,0.9,25182.668281,873119.076636,134.453753,15.802616,358.378802,278491.963281,0.0
EastA509ToH6.35,630.0,770_0,0.0,0.0,0.0,1054.0,522_0,56.88,12.76,424.0,3297.03,97.0,7,0.0,180.24,0,tripinfo_EastA509ToH6.35 emissions_EastA509ToH6.35,electric,0.98,0.0,0.0,0.0,0.0,0.0,0.0,0.0
WestH6ToSaxonSt.59,708.0,524_0,0.0,0.0,0.0,1054.0,771_0,56.88,13.04,346.0,2608.48,118.0,2,0.0,148.29,0,tripinfo_WestH6ToSaxonSt.59 emissions_WestH6ToSaxonSt.59,electric,0.96,0.0,0.0,0.0,0.0,0.0,0.0,0.0
EastAveburyToWestA509.47,599.0,483_1,0.0,0.0,0.0,1056.0,774_0,29.75,12.41,457.0,2328.54,214.0,6,0.0,277.33,0,tripinfo_EastAveburyToWestA509.47 emissions_EastAveburyToWestA509.47,gasoline_euro4,0.97,47909.56908,1280566.723249,247.377848,26.544891,548.812001,408455.330956,0.0
WestH6ToSaxonSt.61,732.0,524_0,0.0,0.0,0.0,1056.0,771_0,56.88,13.11,324.0,2603.34,92.0,3,0.0,138.43,0,tripinfo_WestH6ToSaxonSt.61 emissions_WestH6ToSaxonSt.61,electric,1.02,0.0,0.0,0.0,0.0,0.0,0.0,0.0
V6ToEastH6.70,840.0,468_1,0.0,0.0,0.0,1057.0,522_0,56.88,13.25,217.0,2010.33,16.0,2,0.0,70.74,0,tripinfo_V6ToEastH6.70 emissions_V6ToEastH6.70,electric,0.99,0.0,0.0,0.0,0.0,0.0,0.0,0.0
WestH6ToSaxonSt.63,756.0,524_0,0.0,0.0,0.0,1058.0,771_0,56.88,15.06,302.0,2600.56,83.0,2,0.0,133.57,0,tripinfo_WestH6ToSaxonSt.63 emissions_WestH6ToSaxonSt.63,electric,1.12,0.0,0.0,0.0,0.0,0.0,0.0,0.0
SouthEvansGateToSilbury.49,882.0,526_0,0.0,0.0,0.0,1058.0,215_1,19.43,14.34,176.0,1477.59,58.0,1,0.0,74.45,0,tripinfo_SouthEvansGateToSilbury.49 emissions_SouthEvansGateToSilbury.49,gasoline_euro4,1.05,13705.067922,500445.718831,73.342213,9.231985,204.233148,159622.64136,0.0
EastA509ToH6.42,756.0,770_0,0.0,0.0,0.0,1059.0,522_0,56.88,13.03,303.0,1483.69,165.0,3,0.0,195.2,0,tripinfo_EastA509ToH6.42 emissions_EastA509ToH6.42,gasoline_euro4,0.99,33462.753953,847104.051694,171.802035,17.778895,363.761807,270197.048849,0.0
EastA509ToH6.41,738.0,770_0,0.0,0.0,0.0,1063.0,522_0,56.88,12.95,325.0,1483.8,175.0,4,0.0,213.4,0,tripinfo_EastA509ToH6.41 emissions_EastA509ToH6.41,gasoline_euro4,0.96,35938.959369,897635.449635,184.058344,18.582831,383.904229,286315.428098,0.0
EastA509ToH6.45,810.0,770_0,0.0,0.0,0.0,1065.0,522_1,56.88,13.01,255.0,1483.8,111.0,3,0.0,146.9,0,tripinfo_EastA509ToH6.45 emissions_EastA509ToH6.45,gasoline_euro4,1.0,24640.922116,709062.215462,128.19054,13.962763,297.833271,226165.388953,0.0
SouthEvansGateToSilbury.45,810.0,526_0,0.0,0.0,0.0,1070.0,215_1,19.43,14.85,260.0,1471.73,137.0,3,0.0,164.44,0,tripinfo_SouthEvansGateToSilbury.45 emissions_SouthEvansGateToSilbury.45,gasoline_euro4,1.12,28442.587465,776511.358338,147.001834,16.108952,329.862745,247679.26192,0.0
WestA509ToAvebury.39,702.0,773_0,0.0,0.0,0.0,1072.0,213_0,19.13,14.94,370.0,2337.3,152.0,5,0.0,223.49,0,tripinfo_WestA509ToAvebury.39 emissions_WestA509ToAvebury.39,gasoline_euro4,1.16,35603.446815,1071483.692446,186.363487,21.495914,451.742833,341763.310121,0.0
V6ToEastH6.79,948.0,468_1,0.0,0.0,0.0,1072.0,522_1,56.88,13.41,124.0,1512.23,0.0,0,0.0,14.0,0,tripinfo_V6ToEastH6.79 emissions_V6ToEastH6.79,electric,1.0,0.0,0.0,0.0,0.0,0.0,0.0,0.0
V6ToEastH6.76,912.0,468_1,0.0,0.0,0.0,1073.0,522_1,56.88,14.28,161.0,2060.88,0.0,0,0.0,27.02,0,tripinfo_V6ToEastH6.76 emissions_V6ToEastH6.76,electric,1.12,0.0,0.0,0.0,0.0,0.0,0.0,0.0
EastSilburyToEastAvebury.19,704.0,317_0,0.0,0.0,0.0,1075.0,213_0,19.13,13.14,371.0,2473.2,138.0,5,0.0,193.52,0,tripinfo_EastSilburyToEastAvebury.19 emissions_EastSilburyToEastAvebury.19,gasoline_euro4,1.02,32750.46939,1009520.382564,171.879845,19.525952,421.096652,321999.696071,0.0
EastAveburyToWestA509.66,761.0,483_1,0.0,0.0,0.0,1076.0,774_0,29.75,14.82,315.0,2373.4,105.0,4,0.0,162.47,0,tripinfo_EastAveburyToWestA509.66 emissions_EastAveburyToWestA509.66,electric,1.14,0.0,0.0,0.0,0.0,0.0,0.0,0.0
EastSilburyToEastAvebury.14,624.0,317_0,0.0,0.0,0.0,1078.0,213_0,19.13,12.33,454.0,2492.53,221.0,5,0.0,266.02,0,tripinfo_EastSilburyToEastAvebury.14 emissions_EastSilburyToEastAvebury.14,electric,0.97,0.0,0.0,0.0,0.0,0.0,0.0,0.0
V6ToEastH6.75,900.0,468_1,0.0,0.0,0.0,1078.0,522_1,56.88,13.28,178.0,2060.88,0.0,0,0.0,22.79,0,tripinfo_V6ToEastH6.75 emissions_V6ToEastH6.75,electric,0.97,0.0,0.0,0.0,0.0,0.0,0.0,0.0
WestA509ToAvebury.44,795.0,773_0,0.0,0.0,3.0,1079.0,213_0,19.13,14.54,284.0,2337.3,69.0,3,0.0,122.86,0,tripinfo_WestA509ToAvebury.44 emissions_WestA509ToAvebury.44,gasoline_euro4,1.06,21447.382911,827595.247588,116.628984,15.710065,343.742844,263969.204952,0.0
EastSilburyToEastAvebury.24,784.0,317_0,0.0,0.0,0.0,1083.0,213_0,19.13,10.88,299.0,2473.14,49.0,2,0.0,84.2,0,tripinfo_EastSilburyToEastAvebury.24 emissions_EastSilburyToEastAvebury.24,gasoline_euro4,0.84,15955.169488,704294.367553,88.705235,11.10565,278.518936,224642.395763,0.0
EastSilburyToEastAvebury.20,720.0,317_0,0.0,0.0,0.0,1086.0,213_0,19.13,11.34,366.0,2473.12,101.0,3,0.0,144.89,0,tripinfo_EastSilburyToEastAvebury.20 emissions_EastSilburyToEastAvebury.20,gasoline_euro4,0.82,26576.228315,875030.006134,141.205849,15.638604,359.528664,279102.464139,0.0
EastA509ToH6.43,774.0,770_0,0.0,0.0,0.0,1086.0,522_0,56.88,10.57,312.0,1483.77,137.0,6,0.0,180.22,0,tripinfo_EastA509ToH6.43 emissions_EastA509ToH6.43,gasoline_euro4,0.81,31194.10694,794042.506914,160.498822,16.174535,339.721574,253272.632343,0.0
EastSilburyToEastAvebury.16,656.0,317_0,0.0,0.0,0.0,1087.0,213_0,19.13,11.73,431.0,2482.59,156.0,8,0.0,230.98,0,tripinfo_EastSilburyToEastAvebury.16 emissions_EastSilburyToEastAvebury.16,electric,0.9,0.0,0.0,0.0,0.0,0.0,0.0,0.0
V6ToEastH6.81,972.0,468_1,0.0,0.0,0.0,1087.0,522_1,56.88,14.22,115.0,1512.23,0.0,0,0.0,13.62,0,tripinfo_V6ToEastH6.81 emissions_V6ToEastH6.81,gasoline_euro4,1.08,3987.804969,375165.973446,26.249331,5.874331,144.511917,119660.587732,0.0
WestA509ToEastH6.22,792.0,773_0,0.0,0.0,0.0,1100.0,522_1,56.88,12.93,308.0,2720.88,70.0,3,0.0,102.76,0,tripinfo_WestA509ToEastH6.22 emissions_WestA509ToEastH6.22,electric,0.96,0.0,0.0,0.0,0.0,0.0,0.0,0.0
V6ToEastH6.78,936.0,468_1,0.0,0.0,0.0,1105.0,522_1,56.88,13.14,169.0,2060.88,0.0,0,0.0,19.4,0,tripinfo_V6ToEastH6.78 emissions_V6ToEastH6.78,electric,1.01,0.0,0.0,0.0,0.0,0.0,0.0,0.0
WestH6ToSaxonSt.60,720.0,524_0,0.0,0.0,0.0,1112.0,771_1,56.88,11.91,392.0,2767.88,117.0,5,0.0,174.12,0,tripinfo_WestH6ToSaxonSt.60 emissions_WestH6ToSaxonSt.60,gasoline_euro4,0.95,31872.208101,1103346.485275,170.13414,20.737736,458.003268,351924.890729,0.0
V6ToEastH6.84,1008.0,468_1,0.0,0.0,0.0,1113.0,522_1,56.88,15.88,105.0,1512.23,0.0,0,0.0,16.13,0,tripinfo_V6ToEastH6.84 emissions_V6ToEastH6.84,gasoline_euro4,1.24,4527.678678,402826.675406,29.104531,6.759812,156.845204,128482.67649,0.0
WestH6ToSaxonSt.62,744.0,524_0,0.0,0.0,0.0,1115.0,771_1,56.88,11.96,371.0,2767.88,101.0,6,0.0,152.48,0,tripinfo_WestH6ToSaxonSt.62 emissions_WestH6ToSaxonSt.62,gasoline_euro4,0.95,28267.523879,1029920.651104,152.173423,19.064046,425.925319,328504.276107,0.0
EastAveburyToWestA509.65,752.0,483_1,0.0,0.0,0.0,1116.0,774_2,29.75,16.21,364.0,2215.02,178.0,5,0.0,228.83,0,tripinfo_EastAveburyToWestA509.65 emissions_EastAveburyToWestA509.65,electric,1.19,0.0,0.0,0.0,0.0,0.0,0.0,0.0
EastAveburyToWestA509.67,769.0,483_0,0.0,0.0,0.0,1117.0,774_0,29.75,13.92,348.0,2258.63,121.0,6,0.0,184.76,0,tripinfo_EastAveburyToWestA509.67 emissions_EastAveburyToWestA509.67,gasoline_euro4,1.01,31604.024981,1003846.856184,166.963675,19.921066,423.8728,320188.786059,0.0
EastAveburyToWestA509.72,812.0,483_0,0.0,0.0,0.0,1118.0,774_1,29.75,15.33,306.0,2257.78,109.0,5,0.0,161.69,0,tripinfo_EastAveburyToWestA509.72 emissions_EastAveburyToWestA509.72,gasoline_euro4,1.14,28724.020872,1001297.542064,153.44773,19.770527,419.032522,319374.049144,0.0
WestA509ToAvebury.22,398.0,773_0,0.0,0.0,2.0,1119.0,213_0,19.13,11.23,721.0,2288.83,469.0,7,0.0,535.7,0,tripinfo_WestA509ToAvebury.22 emissions_WestA509ToAvebury.22,electric,0.9,0.0,0.0,0.0,0.0,0.0,0.0,0.0
EastAveburyToWestA509.75,837.0,483_1,0.0,0.0,0.0,1120.0,774_0,29.75,13.8,283.0,2241.68,68.0,5,0.0,119.54,0,tripinfo_EastAveburyToWestA509.75 emissions_EastAveburyToWestA509.75,electric,1.01,0.0,0.0,0.0,0.0,0.0,0.0,0.0
V6ToEastH6.71,852.0,468_1,0.0,0.0,0.0,1121.0,522_0,56.88,14.66,269.0,2010.33,84.0,3,0.0,139.74,0,tripinfo_V6ToEastH6.71 emissions_V6ToEastH6.71,electric,1.13,0.0,0.0,0.0,0.0,0.0,0.0,0.0
WestA509ToAvebury.25,450.0,773_0,0.0,0.0,0.0,1122.0,213_0,19.13,11.3,672.0,2288.72,405.0,7,0.0,471.54,0,tripinfo_WestA509ToAvebury.25 emissions_WestA509ToAvebury.25,electric,0.83,0.0,0.0,0.0,0.0,0.0,0.0,0.0
WestA509ToAvebury.28,507.0,773_0,0.0,0.0,3.0,1124.0,213_0,19.13,14.33,617.0,2288.68,377.0,6,0.0,456.94,0,tripinfo_WestA509ToAvebury.28 emissions_WestA509ToAvebury.28,electric,1.04,0.0,0.0,0.0,0.0,0.0,0.0,0.0
WestA509ToAvebury.29,522.0,773_0,0.0,0.0,0.0,1125.0,213_0,19.13,13.32,603.0,2288.6,353.0,7,0.0,443.71,0,tripinfo_WestA509ToAvebury.29 emissions_WestA509ToAvebury.29,electric,1.04,0.0,0.0,0.0,0.0,0.0,0.0,0.0
V6ToEastH6.72,864.0,468_1,0.0,0.0,0.0,1125.0,522_0,56.88,14.53,261.0,2010.28,74.0,2,0.0,123.52,0,tripinfo_V6ToEastH6.72 emissions_V6ToEastH6.72,electric,1.05,0.0,0.0,0.0,0.0,0.0,0.0,0.0
EastSilburyToEastAvebury.23,768.0,317_0,0.0,0.0,0.0,1127.0,213_0,19.13,14.2,359.0,680.92,259.0,6,0.0,313.25,0,tripinfo_EastSilburyToEastAvebury.23 emissions_EastSilburyToEastAvebury.23,gasoline_euro4,1.11,51048.449641,1009835.463272,256.079473,23.592108,451.906876,322106.977152,0.0
V6ToEastH6.73,876.0,468_1,0.0,0.0,0.0,1127.0,522_0,56.88,16.0,251.0,2010.33,68.0,1,0.0,132.77,0,tripinfo_V6ToEastH6.73 emissions_V6ToEastH6.73,electric,1.23,0.0,0.0,0.0,0.0,0.0,0.0,0.0
WestA509ToEastH6.21,756.0,773_0,0.0,0.0,0.0,1129.0,522_0,56.88,16.25,373.0,2754.12,148.0,3,0.0,206.72,0,tripinfo_WestA509ToEastH6.21 emissions_WestA509ToEastH6.21,gasoline_euro4,1.2,35681.963144,1180421.014758,189.184997,23.614127,494.219609,376508.229617,0.0
EastAveburyToWestA509.64,744.0,483_0,0.0,0.0,0.0,1134.0,774_0,29.75,10.83,390.0,2264.87,148.0,3,0.0,197.42,0,tripinfo_EastAveburyToWestA509.64 emissions_EastAveburyToWestA509.64,gasoline_euro4,0.86,34507.662953,1001427.998497,180.24591,19.350682,420.610463,319419.746078,0.0
EastAveburyToWestA509.71,803.0,483_0,0.0,0.0,0.0,1135.0,774_0,29.75,11.71,332.0,2257.76,106.0,3,0.0,154.16,0,tripinfo_EastAveburyToWestA509.71 emissions_EastAveburyToWestA509.71,gasoline_euro4,0.93,27452.248109,912306.845524,145.987548,17.266873,380.081821,290991.190088,0.0
WestH6ToSaxonSt.67,804.0,524_0,0.0,0.0,0.0,1138.0,771_0,56.88,15.18,334.0,2601.22,116.0,3,0.0,164.32,0,tripinfo_WestH6ToSaxonSt.67 emissions_WestH6ToSaxonSt.67,electric,1.11,0.0,0.0,0.0,0.0,0.0,0.0,0.0
SouthEvansGateToSilbury.47,846.0,526_0,0.0,0.0,0.0,1140.0,215_1,19.43,9.95,294.0,1457.4,138.0,3,0.0,161.84,0,tripinfo_SouthEvansGateToSilbury.47 emissions_SouthEvansGateToSilbury.47,electric,0.8,0.0,0.0,0.0,0.0,0.0,0.0,0.0
SouthEvansGateToSilbury.48,864.0,526_0,0.0,0.0,0.0,1142.0,215_1,19.43,13.64,278.0,1460.75,137.0,5,0.0,176.75,0,tripinfo_SouthEvansGateToSilbury.48 emissions_SouthEvansGateToSilbury.48,electric,1.05,0.0,0.0,0.0,0.0,0.0,0.0,0.0
SouthEvansGateToSilbury.51,918.0,526_0,0.0,0.0,0.0,1143.0,215_1,19.43,13.66,225.0,1477.55,82.0,2,0.0,116.73,0,tripinfo_SouthEvansGateToSilbury.51 emissions_SouthEvansGateToSilbury.51,gasoline_euro4,0.99,20749.762294,659382.666831,109.552112,12.98158,277.462591,210318.002645,0.0
EastAveburyToWestA509.73,820.0,483_1,0.0,0.0,0.0,1144.0,774_2,29.75,14.61,324.0,2215.02,130.0,5,0.0,172.59,0,tripinfo_EastAveburyToWestA509.73 emissions_EastAveburyToWestA509.73,electric,1.07,0.0,0.0,0.0,0.0,0.0,0.0,0.0
EastAveburyToWestA509.61,718.0,483_1,0.0,0.0,0.0,1146.0,774_1,29.75,11.99,428.0,2218.32,183.0,6,0.0,241.98,0,tripinfo_EastAveburyToWestA509.61 emissions_EastAveburyToWestA509.61,electric,0.86,0.0,0.0,0.0,0.0,0.0,0.0,0.0
WestH6ToSaxonSt.64,768.0,524_0,0.0,0.0,0.0,1149.0,771_0,56.88,12.15,381.0,2602.65,137.0,5,0.0,180.05,0,tripinfo_WestH6ToSaxonSt.64 emissions_WestH6ToSaxonSt.64,electric,0.94,0.0,0.0,0.0,0.0,0.0,0.0,0.0
V6ToEastH6.85,1020.0,468_1,0.0,0.0,0.0,1150.0,522_1,56.88,13.56,130.0,1512.23,3.0,1,0.0,21.58,0,tripinfo_V6ToEastH6.85 emissions_V6ToEastH6.85,gasoline_euro4,1.01,5380.895509,395901.819082,33.12758,6.428014,155.871947,126274.754009,0.0
V6ToEastH6.86,1032.0,468_1,0.0,0.0,0.0,1152.0,522_1,56.88,13.76,120.0,1511.92,0.0,0,0.0,18.97,0,tripinfo_V6ToEastH6.86 emissions_V6ToEastH6.86,gasoline_euro4,1.08,4064.106884,365192.911549,26.45236,5.657747,141.06229,116479.800637,0.0
SouthEvansGateToSilbury.46,828.0,526_0,0.0,0.0,0.0,1158.0,215_1,19.43,13.45,330.0,1471.73,192.0,4,0.0,227.3,0,tripinfo_SouthEvansGateToSilbury.46 emissions_SouthEvansGateToSilbury.46,gasoline_euro4,1.03,38626.368214,945392.700605,197.525285,20.21726,408.60003,301548.105365,0.0
EastA509ToH6.47,846.0,770_0,0.0,0.0,0.0,1158.0,522_0,56.88,13.15,312.0,1483.8,167.0,5,0.0,205.09,0,tripinfo_EastA509ToH6.47 emissions_EastA509ToH6.47,electric,1.0,0.0,0.0,0.0,0.0,0.0,0.0,0.0
EastSilburyToEastAvebury.15,640.0,317_0,0.0,0.0,0.0,1159.0,213_1,19.13,12.69,519.0,2477.4,251.0,13,0.0,326.13,0,tripinfo_EastSilburyToEastAvebury.15 emissions_EastSilburyToEastAvebury.15,electric,0.94,0.0,0.0,0.0,0.0,0.0,0.0,0.0
EastAveburyToWestA509.57,684.0,483_1,0.0,0.0,0.0,1160.0,774_0,29.75,11.13,476.0,2328.55,200.0,7,0.0,264.61,0,tripinfo_EastAveburyToWestA509.57 emissions_EastAveburyToWestA509.57,electric,0.82,0.0,0.0,0.0,0.0,0.0,0.0,0.0
SouthEvansGateToSilbury.50,900.0,526_0,0.0,0.0,0.0,1160.0,215_1,19.43,15.05,260.0,1471.73,132.0,3,0.0,163.87,0,tripinfo_SouthEvansGateToSilbury.50 emissions_SouthEvansGateToSilbury.50,gasoline_euro4,1.11,27743.221081,772250.390381,143.760007,15.953954,328.27507,246319.878123,0.0
EastSilburyToEastAvebury.26,816.0,317_0,0.0,0.0,0.0,1161.0,213_1,19.13,15.78,345.0,2473.19,134.0,5,0.0,199.75,0,tripinfo_EastSilburyToEastAvebury.26 emissions_EastSilburyToEastAvebury.26,gasoline_euro4,1.26,34656.916665,1129539.730999,183.797117,23.322908,478.908194,360278.622768,0.0
EastA509ToH6.50,900.0,770_0,0.0,0.0,0.0,1161.0,522_0,56.88,13.01,261.0,1483.77,114.0,4,0.0,149.26,0,tripinfo_EastA509ToH6.50 emissions_EastA509ToH6.50,gasoline_euro4,0.96,25821.723493,722336.08901,134.264243,14.629948,307.141586,230399.246382,0.0
WestA509ToAvebury.43,774.0,773_0,0.0,0.0,0.0,1170.0,213_0,19.13,11.63,396.0,2337.28,158.0,5,0.0,208.32,0,tripinfo_WestA509ToAvebury.43 emissions_WestA509ToAvebury.43,gasoline_euro4,0.91,35558.787492,1021160.823778,185.096749,19.689052,427.085258,325714.173008,0.0
EastSilburyToEastAvebury.22,752.0,317_0,0.0,0.0,0.0,1171.0,213_0,19.13,12.5,419.0,2473.19,173.0,7,0.0,228.11,0,tripinfo_EastSilburyToEastAvebury.22 emissions_EastSilburyToEastAvebury.22,gasoline_euro4,0.95,39367.800032,1121893.37754,204.639099,21.878662,470.594292,357844.176939,0.0
WestA509ToAvebury.47,846.0,773_0,0.0,0.0,0.0,1173.0,213_0,19.13,12.4,327.0,2336.4,112.0,5,0.0,153.28,0,tripinfo_WestA509ToAvebury.47 emissions_WestA509ToAvebury.47,gasoline_euro4,0.98,27006.403128,886457.067967,142.677458,16.552432,365.223233,282746.650788,0.0
WestA509ToEastH6.23,828.0,773_0,0.0,0.0,0.0,1185.0,522_1,56.88,12.61,357.0,2720.9,113.0,5,0.0,155.31,0,tripinfo_WestA509ToEastH6.23 emissions_WestA509ToEastH6.23,electric,0.98,0.0,0.0,0.0,0.0,0.0,0.0,0.0
WestA509ToEastH6.24,864.0,773_0,0.0,0.0,0.0,1189.0,522_1,56.88,12.0,325.0,2720.9,77.0,2,0.0,116.59,0,tripinfo_WestA509ToEastH6.24 emissions_WestA509ToEastH6.24,electric,0.94,0.0,0.0,0.0,0.0,0.0,0.0,0.0
EastA509ToH6.48,864.0,770_0,0.0,0.0,0.0,1192.0,522_1,56.88,13.46,328.0,2408.87,103.0,4,0.0,154.45,0,tripinfo_EastA509ToH6.48 emissions_EastA509ToH6.48,electric,1.01,0.0,0.0,0.0,0.0,0.0,0.0,0.0
WestH6ToSaxonSt.66,792.0,524_0,0.0,0.0,0.0,1194.0,771_1,56.88,13.66,402.0,2574.94,155.0,6,0.0,211.77,0,tripinfo_WestH6ToSaxonSt.66 emissions_WestH6ToSaxonSt.66,gasoline_euro4,0.99,36496.954881,1097720.780441,191.114694,21.508328,460.601005,350132.59045,0.0
WestH6ToSaxonSt.68,816.0,524_0,0.0,0.0,0.0,1196.0,771_1,56.88,14.42,380.0,2765.47,117.0,6,0.0,195.1,0,tripinfo_WestH6ToSaxonSt.68 emissions_WestH6ToSaxonSt.68,gasoline_euro4,1.12,34462.585762,1197144.814281,184.157999,23.858059,504.4581,381841.271315,0.0
EastA509ToH6.46,828.0,770_0,0.0,0.0,0.0,1196.0,522_1,56.88,13.1,368.0,2408.87,146.0,3,0.0,184.8,0,tripinfo_EastA509ToH6.46 emissions_EastA509ToH6.46,electric,0.95,0.0,0.0,0.0,0.0,0.0,0.0,0.0
EastA509ToH6.55,990.0,770_0,0.0,0.0,0.0,1197.0,522_1,56.88,15.04,207.0,2408.85,16.0,2,0.0,57.37,0,tripinfo_EastA509ToH6.55 emissions_EastA509ToH6.55,electric,1.16,0.0,0.0,0.0,0.0,0.0,0.0,0.0
WestH6ToSaxonSt.65,780.0,524_0,0.0,0.0,0.0,1201.0,771_1,56.88,12.62,421.0,2767.85,132.0,6,0.0,196.06,0,tripinfo_WestH6ToSaxonSt.65 emissions_WestH6ToSaxonSt.65,gasoline_euro4,0.92,35352.549018,1159183.981351,187.648838,22.148695,484.926607,369735.62765,0.0
EastAveburyToWestA509.80,880.0,483_1,0.0,0.0,0.0,1201.0,774_2,29.75,17.71,321.0,2215.02,134.0,4,0.0,199.44,0,tripinfo_EastAveburyToWestA509.80 emissions_EastAveburyToWestA509.80,electric,1.32,0.0,0.0,0.0,0.0,0.0,0.0,0.0
WestH6ToSaxonSt.69,828.0,524_0,0.0,0.0,0.0,1202.0,771_1,56.88,13.92,374.0,2574.94,131.0,7,0.0,200.82,0,tripinfo_WestH6ToSaxonSt.69 emissions_WestH6ToSaxonSt.69,gasoline_euro4,1.09,33723.096532,1080796.782038,178.137982,21.443366,454.655644,344732.750698,0.0
EastAveburyToWestA509.76,846.0,483_0,0.0,0.0,0.0,1207.0,774_0,29.75,12.94,361.0,2260.81,131.0,5,0.0,190.04,0,tripinfo_EastAveburyToWestA509.76 emissions_EastAveburyToWestA509.76,gasoline_euro4,0.97,32985.632813,1017752.230526,173.3563,20.02864,428.376224,324624.883451,0.0
WestA509ToAvebury.31,558.0,773_0,0.0,0.0,0.0,1208.0,213_0,19.13,12.8,650.0,2288.57,418.0,8,0.0,486.52,0,tripinfo_WestA509ToAvebury.31 emissions_WestA509ToAvebury.31,electric,1.01,0.0,0.0,0.0,0.0,0.0,0.0,0.0
EastAveburyToWestA509.79,871.0,483_0,0.0,0.0,0.0,1208.0,774_0,29.75,14.32,337.0,2260.91,117.0,3,0.0,179.3,0,tripinfo_EastAveburyToWestA509.79 emissions_EastAveburyToWestA509.79,gasoline_euro4,1.05,31496.848148,1018454.58785,166.847624,20.517402,431.843206,324847.381974,0.0
WestA509ToAvebury.33,594.0,773_0,0.0,0.0,0.0,1210.0,213_0,19.13,15.51,616.0,2323.29,392.0,10,0.0,475.48,0,tripinfo_WestA509ToAvebury.33 emissions_WestA509ToAvebury.33,gasoline_euro4,1.21,78416.291651,1773429.350107,398.054211,39.492756,775.459611,565665.681548,0.0
V6ToEastH6.90,1080.0,468_1,0.0,0.0,0.0,1210.0,522_1,56.88,11.96,130.0,1512.23,0.0,0,0.0,12.77,0,tripinfo_V6ToEastH6.90 emissions_V6ToEastH6.90,gasoline_euro4,0.93,3748.018404,355025.186085,24.819178,4.955789,134.471725,113237.258287,0.0
EastSilburyToEastAvebury.21,736.0,317_0,0.0,0.0,0.0,1212.0,213_0,19.13,13.27,476.0,1581.88,292.0,9,0.0,364.17,0,tripinfo_EastSilburyToEastAvebury.21 emissions_EastSilburyToEastAvebury.21,electric,1.03,0.0,0.0,0.0,0.0,0.0,0.0,0.0
WestA509ToAvebury.36,650.0,773_0,0.0,0.0,2.0,1214.0,213_0,19.13,13.61,564.0,2288.57,329.0,7,0.0,396.55,0,tripinfo_WestA509ToAvebury.36 emissions_WestA509ToAvebury.36,electric,0.99,0.0,0.0,0.0,0.0,0.0,0.0,0.0
EastAveburyToWestA509.77,854.0,483_0,0.0,0.0,0.0,1215.0,774_0,29.75,12.82,361.0,2257.77,131.0,4,0.0,183.03,0,tripinfo_EastAveburyToWestA509.77 emissions_EastAveburyToWestA509.77,gasoline_euro4,0.92,31695.190435,957858.39503,166.310267,18.345394,400.140218,305522.00498,0.0
V6ToEastH6.77,924.0,468_1,0.0,0.0,0.0,1218.0,522_0,56.88,12.25,294.0,2023.87,99.0,3,0.0,128.11,0,tripinfo_V6ToEastH6.77 emissions_V6ToEastH6.77,electric,0.89,0.0,0.0,0.0,0.0,0.0,0.0,0.0
EastAveburyToWestA509.74,829.0,483_1,0.0,0.0,0.0,1222.0,774_1,29.75,12.29,393.0,2218.32,180.0,6,0.0,225.48,0,tripinfo_EastAveburyToWestA509.74 emissions_EastAveburyToWestA509.74,electric,0.96,0.0,0.0,0.0,0.0,0.0,0.0,0.0
EastAveburyToWestA509.84,914.0,483_1,0.0,0.0,0.0,1223.0,774_2,29.75,14.46,309.0,2218.4,123.0,3,0.0,158.05,0,tripinfo_EastAveburyToWestA509.84 emissions_EastAveburyToWestA509.84,electric,1.07,0.0,0.0,0.0,0.0,0.0,0.0,0.0
SouthEvansGateToSilbury.53,954.0,526_0,0.0,0.0,0.0,1224.0,215_1,19.43,14.27,270.0,1457.43,139.0,4,0.0,168.08,0,tripinfo_SouthEvansGateToSilbury.53 emissions_SouthEvansGateToSilbury.53,electric,1.04,0.0,0.0,0.0,0.0,0.0,0.0,0.0
SouthEvansGateToSilbury.52,936.0,526_0,0.0,0.0,0.0,1226.0,215_1,19.43,14.88,290.0,1460.78,151.0,5,0.0,195.34,0,tripinfo_SouthEvansGateToSilbury.52 emissions_SouthEvansGateToSilbury.52,electric,1.12,0.0,0.0,0.0,0.0,0.0,0.0,0.0
EastAveburyToWestA509.68,778.0,483_1,0.0,0.0,0.0,1231.0,774_0,29.75,14.17,453.0,2328.54,225.0,8,0.0,294.84,0,tripinfo_EastAveburyToWestA509.68 emissions_EastAveburyToWestA509.68,gasoline_euro4,1.1,49913.375295,1331506.768509,257.709963,28.302562,574.228998,424702.644628,0.0
WestH6ToSaxonSt.75,900.0,524_0,0.0,0.0,0.0,1233.0,771_0,56.88,12.11,333.0,2602.7,98.0,3,0.0,130.01,0,tripinfo_WestH6ToSaxonSt.75 emissions_WestH6ToSaxonSt.75,electric,0.93,0.0,0.0,0.0,0.0,0.0,0.0,0.0
WestH6ToSaxonSt.73,876.0,524_0,0.0,0.0,0.0,1235.0,771_0,56.88,12.14,359.0,2603.34,121.0,3,0.0,163.8,0,tripinfo_WestH6ToSaxonSt.73 emissions_WestH6ToSaxonSt.73,electric,0.97,0.0,0.0,0.0,0.0,0.0,0.0,0.0
EastA509ToH6.53,954.0,770_0,0.0,0.0,0.0,1238.0,522_0,56.88,11.95,284.0,1483.69,141.0,4,0.0,169.91,0,tripinfo_EastA509ToH6.53 emissions_EastA509ToH6.53,gasoline_euro4,0.94,29777.835143,786709.543022,153.659918,16.200758,336.056585,250932.821241,0.0
WestH6ToSaxonSt.77,924.0,524_0,0.0,0.0,0.0,1239.0,771_0,56.88,13.95,315.0,2608.48,98.0,3,0.0,137.24,0,tripinfo_WestH6ToSaxonSt.77 emissions_WestH6ToSaxonSt.77,electric,1.08,0.0,0.0,0.0,0.0,0.0,0.0,0.0
WestA509ToAvebury.48,867.0,773_0,0.0,0.0,3.0,1246.0,213_1,19.13,13.27,379.0,2336.43,158.0,5,0.0,209.71,0,tripinfo_WestA509ToAvebury.48 emissions_WestA509ToAvebury.48,gasoline_euro4,1.01,36048.96679,1073866.357396,188.389238,21.231032,451.734651,342523.887456,0.0
SouthEvansGateToSilbury.55,990.0,526_0,0.0,0.0,0.0,1246.0,215_1,19.43,13.33,256.0,1471.73,128.0,3,0.0,153.97,0,tripinfo_SouthEvansGateToSilbury.55 emissions_SouthEvansGateToSilbury.55,gasoline_euro4,1.04,26377.387984,737383.806365,136.690882,14.851351,311.151202,235199.08423,0.0
V6ToEastH6.92,1104.0,468_1,0.0,0.0,0.0,1246.0,522_0,56.88,10.46,142.0,1512.23,0.0,0,0.0,12.33,0,tripinfo_V6ToEastH6.92 emissions_V6ToEastH6.92,gasoline_euro4,0.84,4080.810699,343478.733024,26.382501,4.70362,130.789412,109554.795295,0.0
EastSilburyToEastAvebury.30,880.0,317_0,0.0,0.0,0.0,1247.0,213_0,19.13,11.06,367.0,2473.15,115.0,4,0.0,149.74,0,tripinfo_EastSilburyToEastAvebury.30 emissions_EastSilburyToEastAvebury.30,gasoline_euro4,0.83,27441.682847,883357.260043,145.264169,15.677,361.313873,281759.143593,0.0
WestA509ToAvebury.49,882.0,773_0,0.0,0.0,0.0,1248.0,213_1,19.13,13.79,366.0,2336.43,145.0,5,0.0,203.49,0,tripinfo_WestA509ToAvebury.49 emissions_WestA509ToAvebury.49,gasoline_euro4,1.05,33991.713168,1032932.295684,178.132558,20.48414,434.539128,329466.947885,0.0
EastA509ToH6.54,972.0,770_0,0.0,0.0,0.0,1248.0,522_0,56.88,11.94,276.0,1483.8,125.0,4,0.0,161.82,0,tripinfo_EastA509ToH6.54 emissions_EastA509ToH6.54,gasoline_euro4,0.94,27730.356293,761411.427335,143.773648,15.405555,323.746319,242863.204341,0.0
EastSilburyToEastAvebury.18,688.0,317_0,0.0,0.0,0.0,1249.0,213_0,19.13,11.76,561.0,2482.63,274.0,10,0.0,360.15,0,tripinfo_EastSilburyToEastAvebury.18 emissions_EastSilburyToEastAvebury.18,electric,0.9,0.0,0.0,0.0,0.0,0.0,0.0,0.0
EastA509ToH6.51,918.0,770_0,0.0,0.0,0.0,1249.0,522_1,56.88,12.49,331.0,1483.77,178.0,5,0.0,221.09,0,tripinfo_EastA509ToH6.51 emissions_EastA509ToH6.51,gasoline_euro4,0.98,37282.173742,941151.112067,191.397407,19.717741,404.670741,300194.896302,0.0
EastSilburyToEastAvebury.27,832.0,317_0,0.0,0.0,0.0,1258.0,213_0,19.13,11.72,426.0,2492.56,165.0,6,0.0,214.72,0,tripinfo_EastSilburyToEastAvebury.27 emissions_EastSilburyToEastAvebury.27,electric,0.86,0.0,0.0,0.0,0.0,0.0,0.0,0.0
WestA509ToAvebury.53,954.0,773_0,0.0,0.0,0.0,1260.0,213_0,19.13,14.23,306.0,2336.45,78.0,3,0.0,142.1,0,tripinfo_WestA509ToAvebury.53 emissions_WestA509ToAvebury.53,gasoline_euro4,1.04,22486.306443,826107.665591,121.304076,15.440284,342.670117,263495.623577,0.0
V6ToEastH6.93,1116.0,468_1,0.0,0.0,0.0,1261.0,522_1,56.88,12.76,145.0,1512.23,3.0,1,0.0,27.65,0,tripinfo_V6ToEastH6.93 emissions_V6ToEastH6.93,gasoline_euro4,0.93,5855.277732,394584.349458,35.561337,6.333689,156.41602,125854.90128,0.0
WestA509ToAvebury.52,939.0,773_0,0.0,0.0,3.0,1262.0,213_0,19.13,12.6,323.0,2336.45,80.0,4,0.0,138.12,0,tripinfo_WestA509ToAvebury.52 emissions_WestA509ToAvebury.52,gasoline_euro4,0.92,23586.847402,852613.307908,126.740112,15.269555,349.577197,271950.882396,0.0
EastA509ToH6.49,882.0,770_0,0.0,0.0,0.0,1263.0,522_0,56.88,9.4,381.0,3319.58,27.0,1,0.0,65.36,0,tripinfo_EastA509ToH6.49 emissions_EastA509ToH6.49,electric,0.76,0.0,0.0,0.0,0.0,0.0,0.0,0.0
V6ToEastH6.94,1128.0,468_1,0.0,0.0,0.0,1263.0,522_1,56.88,12.89,135.0,1512.23,0.0,0,0.0,17.2,0,tripinfo_V6ToEastH6.94 emissions_V6ToEastH6.94,gasoline_euro4,0.93,4374.338671,366809.503606,28.071364,5.3952,141.375107,116995.902087,0.0
V6ToEastH6.95,1140.0,468_1,0.0,0.0,0.0,1265.0,522_1,56.88,14.67,125.0,1512.23,0.0,0,0.0,21.77,0,tripinfo_V6ToEastH6.95 emissions_V6ToEastH6.95,gasoline_euro4,1.06,4885.61344,393151.427635,31.019445,6.446469,155.258792,125397.164039,0.0
EastA509ToH6.52,936.0,770_0,0.0,0.0,0.0,1266.0,522_1,56.88,15.32,330.0,2408.87,130.0,4,0.0,179.67,0,tripinfo_EastA509ToH6.52 emissions_EastA509ToH6.52,electric,1.16,0.0,0.0,0.0,0.0,0.0,0.0,0.0
WestH6ToSaxonSt.71,852.0,524_0,0.0,0.0,0.0,1277.0,771_1,56.88,14.91,425.0,2767.88,158.0,6,0.0,238.48,0,tripinfo_WestH6ToSaxonSt.71 emissions_WestH6ToSaxonSt.71,gasoline_euro4,1.11,41437.096097,1323334.065656,219.075877,26.762579,561.203447,422092.289957,0.0
WestH6ToSaxonSt.76,912.0,524_0,0.0,0.0,0.0,1278.0,771_1,56.88,15.62,366.0,2765.47,119.0,4,0.0,194.37,0,tripinfo_WestH6ToSaxonSt.76 emissions_WestH6ToSaxonSt.76,gasoline_euro4,1.2,32755.966344,1177663.278972,176.138946,23.461651,495.958374,375626.783244,0.0
WestH6ToSaxonSt.78,936.0,524_0,0.0,0.0,0.0,1280.0,771_1,56.88,16.42,344.0,2767.88,105.0,3,0.0,172.32,0,tripinfo_WestH6ToSaxonSt.78 emissions_WestH6ToSaxonSt.78,gasoline_euro4,1.21,30370.849516,1145815.159174,164.520363,22.681296,479.878621,365467.815013,0.0
V6ToEastH6.96,1152.0,468_1,0.0,0.0,0.0,1285.0,522_1,56.88,11.49,133.0,1512.23,0.0,0,0.0,14.35,0,tripinfo_V6ToEastH6.96 emissions_V6ToEastH6.96,gasoline_euro4,0.92,3934.26488,350219.310663,25.677244,4.920144,133.037751,111704.517983,0.0
V6ToEastH6.97,1164.0,468_1,0.0,0.0,0.0,1287.0,522_1,56.88,12.58,123.0,1512.23,0.0,0,0.0,13.44,0,tripinfo_V6ToEastH6.97 emissions_V6ToEastH6.97,gasoline_euro4,1.0,4078.974532,359736.596639,26.28754,5.532658,139.23839,114739.541559,0.0
WestH6ToSaxonSt.74,888.0,524_0,0.0,0.0,0.0,1291.0,771_1,56.88,11.83,403.0,2767.85,120.0,3,0.0,168.79,0,tripinfo_WestH6ToSaxonSt.74 emissions_WestH6ToSaxonSt.74,gasoline_euro4,0.88,31224.457174,1059343.477695,166.550406,19.587367,438.998786,337890.373984,0.0
WestH6ToSaxonSt.79,948.0,524_0,0.0,0.0,0.0,1295.0,771_1,56.88,11.0,347.0,2574.97,88.0,2,0.0,131.86,0,tripinfo_WestH6ToSaxonSt.79 emissions_WestH6ToSaxonSt.79,gasoline_euro4,0.87,23621.344472,867697.11578,127.407346,15.205433,353.370737,276762.227467,0.0
EastAveburyToWestA509.87,939.0,483_0,0.0,0.0,0.0,1296.0,774_1,29.75,13.99,357.0,2257.76,144.0,5,0.0,201.44,0,tripinfo_EastAveburyToWestA509.87 emissions_EastAveburyToWestA509.87,gasoline_euro4,1.06,34277.627895,1049792.375514,180.024662,21.084205,444.180309,334844.163775,0.0
EastAveburyToWestA509.93,990.0,483_1,0.0,0.0,0.0,1298.0,774_0,29.75,11.92,308.0,2241.7,90.0,4,0.0,132.79,0,tripinfo_EastAveburyToWestA509.93 emissions_EastAveburyToWestA509.93,electric,0.94,0.0,0.0,0.0,0.0,0.0,0.0,0.0
EastAveburyToWestA509.81,888.0,483_0,0.0,0.0,0.0,1300.0,774_0,29.75,14.28,412.0,2254.71,194.0,5,0.0,257.03,0,tripinfo_EastAveburyToWestA509.81 emissions_EastAveburyToWestA509.81,gasoline_euro4,1.06,42989.340835,1183572.861279,222.725525,24.34934,504.258234,377517.215908,0.0
EastAveburyToWestA509.88,948.0,483_1,0.0,0.0,0.0,1303.0,774_2,29.75,14.01,355.0,2215.02,146.0,4,0.0,203.33,0,tripinfo_EastAveburyToWestA509.88 emissions_EastAveburyToWestA509.88,electric,1.06,0.0,0.0,0.0,0.0,0.0,0.0,0.0
V6ToEastH6.80,960.0,468_1,0.0,0.0,0.0,1304.0,522_0,56.88,12.12,344.0,2023.87,137.0,5,0.0,189.86,0,tripinfo_V6ToEastH6.80 emissions_V6ToEastH6.80,gasoline_euro4,0.96,32352.413874,925532.07988,168.413372,18.22982,389.553529,295211.610729,0.0
EastAveburyToWestA509.91,973.0,483_0,0.0,0.0,0.0,1304.0,774_0,29.75,12.75,331.0,2258.65,101.0,4,0.0,163.02,0,tripinfo_EastAveburyToWestA509.91 emissions_EastAveburyToWestA509.91,gasoline_euro4,0.98,26990.417883,883364.547323,143.069173,16.986057,369.397698,281759.640648,0.0
WestA509ToEastH6.25,900.0,773_0,0.0,0.0,0.0,1308.0,522_0,56.88,11.72,408.0,2754.08,127.0,4,0.0,183.76,0,tripinfo_WestA509ToEastH6.25 emissions_WestA509ToEastH6.25,gasoline_euro4,0.89,31610.277643,1018222.901553,167.3596,18.825084,420.889112,324775.558647,0.0
EastAveburyToWestA509.89,956.0,483_0,0.0,0.0,0.0,1309.0,774_1,29.75,14.08,353.0,2260.82,118.0,6,0.0,191.79,0,tripinfo_EastAveburyToWestA509.89 emissions_EastAveburyToWestA509.89,gasoline_euro4,1.02,31625.04679,1002381.393017,166.959167,19.768171,422.227809,319721.55478,0.0
V6ToEastH6.99,1188.0,468_1,0.0,0.0,0.0,1311.0,522_1,56.88,13.49,123.0,1512.23,0.0,0,0.0,13.23,0,tripinfo_V6ToEastH6.99 emissions_V6ToEastH6.99,gasoline_euro4,1.0,3671.461039,353245.921713,24.340428,5.140167,134.613606,112669.467928,0.0
SouthEvansGateToSilbury.58,1044.0,526_0,0.0,0.0,0.0,1312.0,215_1,19.43,15.33,268.0,1457.43,142.0,5,0.0,172.37,0,tripinfo_SouthEvansGateToSilbury.58 emissions_SouthEvansGateToSilbury.58,electric,1.11,0.0,0.0,0.0,0.0,0.0,0.0,0.0
V6ToEastH6.82,984.0,468_1,0.0,0.0,0.0,1313.0,522_0,56.88,14.48,329.0,2023.91,127.0,5,0.0,190.55,0,tripinfo_V6ToEastH6.82 emissions_V6ToEastH6.82,gasoline_euro4,1.06,31223.505204,919636.716538,163.160097,18.329168,387.659589,293330.387187,0.0
SouthEvansGateToSilbury.60,1080.0,526_0,0.0,0.0,0.0,1313.0,215_1,19.43,15.89,233.0,1457.4,107.0,3,0.0,142.6,0,tripinfo_SouthEvansGateToSilbury.60 emissions_SouthEvansGateToSilbury.60,electric,1.17,0.0,0.0,0.0,0.0,0.0,0.0,0.0
V6ToEastH6.83,996.0,468_1,0.0,0.0,0.0,1315.0,522_0,56.88,15.28,319.0,2010.33,130.0,4,0.0,195.56,0,tripinfo_V6ToEastH6.83 emissions_V6ToEastH6.83,electric,1.18,0.0,0.0,0.0,0.0,0.0,0.0,0.0
EastAveburyToWestA509.86,931.0,483_0,0.0,0.0,0.0,1316.0,774_0,29.75,9.82,385.0,2257.77,122.0,6,0.0,177.87,0,tripinfo_EastAveburyToWestA509.86 emissions_EastAveburyToWestA509.86,gasoline_euro4,0.8,31673.291305,954253.524384,166.30364,17.838418,397.898211,304372.628438,0.0
WestA509ToEastH6.28,1008.0,773_0,0.0,0.0,0.0,1317.0,522_0,56.88,16.07,309.0,2754.12,57.0,2,0.0,137.63,0,tripinfo_WestA509ToEastH6.28 emissions_WestA509ToEastH6.28,gasoline_euro4,1.17,20297.048053,879648.943709,112.351489,16.122118,359.983115,280571.322021,0.0
WestH6ToSaxonSt.72,864.0,524_0,0.0,0.0,0.0,1318.0,771_0,56.88,13.24,454.0,2613.57,203.0,6,0.0,256.14,0,tripinfo_WestH6ToSaxonSt.72 emissions_WestH6ToSaxonSt.72,electric,0.97,0.0,0.0,0.0,0.0,0.0,0.0,0.0
EastAveburyToWestA509.85,922.0,483_1,0.0,0.0,0.0,1320.0,774_1,29.75,11.91,398.0,2218.32,170.0,4,0.0,212.12,0,tripinfo_EastAveburyToWestA509.85 emissions_EastAveburyToWestA509.85,electric,0.86,0.0,0.0,0.0,0.0,0.0,0.0,0.0
WestH6ToSaxonSt.86,1032.0,524_0,0.0,0.0,0.0,1321.0,771_0,56.88,14.59,289.0,2601.42,73.0,3,0.0,114.18,0,tripinfo_WestH6ToSaxonSt.86 emissions_WestH6ToSaxonSt.86,electric,1.07,0.0,0.0,0.0,0.0,0.0,0.0,0.0
V6ToEastH6.101,1212.0,468_1,0.0,0.0,0.0,1323.0,522_1,56.88,15.4,111.0,1512.23,0.0,0,0.0,13.89,0,tripinfo_V6ToEastH6.101 emissions_V6ToEastH6.101,gasoline_euro4,1.13,4082.589069,371595.705714,26.311642,5.970592,143.805811,118521.673884,0.0
WestA509ToEastH6.26,936.0,773_0,0.0,0.0,0.0,1327.0,522_0,56.88,10.55,391.0,2754.13,84.0,3,0.0,130.28,0,tripinfo_WestA509ToEastH6.26 emissions_WestA509ToEastH6.26,gasoline_euro4,0.77,25283.827466,911921.59509,136.060534,15.360203,369.204304,290869.017496,0.0
V6ToEastH6.87,1044.0,468_1,0.0,0.0,0.0,1330.0,522_0,56.88,12.94,286.0,2010.33,84.0,4,0.0,137.13,0,tripinfo_V6ToEastH6.87 emissions_V6ToEastH6.87,electric,0.98,0.0,0.0,0.0,0.0,0.0,0.0,0.0
EastAveburyToWestA509.69,786.0,483_1,0.0,0.0,0.0,1332.0,774_0,29.75,11.45,546.0,2328.54,273.0,8,0.0,342.28,0,tripinfo_EastAveburyToWestA509.69 emissions_EastAveburyToWestA509.69,gasoline_euro4,0.85,58481.861494,1418065.251428,299.276626,29.525837,610.750218,452315.735549,0.0
EastA509ToH6.57,1026.0,770_0,0.0,0.0,0.0,1332.0,522_0,56.88,13.98,306.0,1483.69,157.0,4,0.0,199.22,0,tripinfo_EastA509ToH6.57 emissions_EastA509ToH6.57,gasoline_euro4,1.01,33516.766984,856589.940613,172.179903,17.914943,367.506389,273222.572572,0.0
WestH6ToSaxonSt.83,996.0,524_0,0.0,0.0,0.0,1333.0,771_0,56.88,11.43,337.0,2602.68,78.0,2,0.0,117.1,0,tripinfo_WestH6ToSaxonSt.83 emissions_WestH6ToSaxonSt.83,electric,0.85,0.0,0.0,0.0,0.0,0.0,0.0,0.0
EastAveburyToWestA509.70,795.0,483_1,0.0,0.0,0.0,1334.0,774_0,29.75,12.15,539.0,2328.55,282.0,7,0.0,344.92,0,tripinfo_EastAveburyToWestA509.70 emissions_EastAveburyToWestA509.70,gasoline_euro4,0.9,58719.2463,1427534.426506,300.498369,29.880389,615.170392,455335.843374,0.0
EastA509ToH6.56,1008.0,770_0,0.0,0.0,0.0,1334.0,522_0,56.88,12.16,326.0,1483.77,173.0,4,0.0,214.17,0,tripinfo_EastA509ToH6.56 emissions_EastA509ToH6.56,gasoline_euro4,0.96,36368.885097,903834.418394,186.105524,18.971055,388.540925,288292.4695,0.0
SouthEvansGateToSilbury.57,1026.0,526_0,0.0,0.0,0.0,1334.0,215_1,19.43,13.0,308.0,1471.73,168.0,4,0.0,202.19,0,tripinfo_SouthEvansGateToSilbury.57 emissions_SouthEvansGateToSilbury.57,gasoline_euro4,1.01,34069.396779,855512.826816,174.441821,17.836982,366.276599,272879.451213,0.0
WestH6ToSaxonSt.84,1008.0,524_0,0.0,0.0,0.0,1335.0,771_0,56.88,12.05,327.0,2602.68,77.0,2,0.0,124.01,0,tripinfo_WestH6ToSaxonSt.84 emissions_WestH6ToSaxonSt.84,electric,0.93,0.0,0.0,0.0,0.0,0.0,0.0,0.0
EastSilburyToEastAvebury.32,912.0,317_0,0.0,0.0,0.0,1336.0,213_0,19.13,11.74,424.0,2473.16,162.0,6,0.0,216.42,0,tripinfo_EastSilburyToEastAvebury.32 emissions_EastSilburyToEastAvebury.32,gasoline_euro4,0.88,37771.175335,1075441.739452,196.780602,20.849029,452.038696,343027.865123,0.0
SouthEvansGateToSilbury.59,1062.0,526_0,0.0,0.0,0.0,1336.0,215_1,19.43,16.74,274.0,1471.73,135.0,4,0.0,185.48,0,tripinfo_SouthEvansGateToSilbury.59 emissions_SouthEvansGateToSilbury.59,gasoline_euro4,1.21,30023.392629,824753.088697,155.854818,17.3671,354.302581,263066.208396,0.0
EastA509ToH6.60,1080.0,770_0,0.0,0.0,0.0,1336.0,522_0,56.88,13.66,256.0,2370.0,46.0,3,0.0,86.66,0,tripinfo_EastA509ToH6.60 emissions_EastA509ToH6.60,electric,1.02,0.0,0.0,0.0,0.0,0.0,0.0,0.0
EastSilburyToEastAvebury.29,864.0,317_0,0.0,0.0,0.0,1338.0,213_0,19.13,11.84,474.0,1580.03,286.0,9,0.0,341.75,0,tripinfo_EastSilburyToEastAvebury.29 emissions_EastSilburyToEastAvebury.29,electric,0.88,0.0,0.0,0.0,0.0,0.0,0.0,0.0
V6ToEastH6.102,1224.0,468_1,0.0,0.0,0.0,1347.0,522_1,56.88,12.87,123.0,1512.23,0.0,0,0.0,13.59,0,tripinfo_V6ToEastH6.102 emissions_V6ToEastH6.102,electric,1.0,0.0,0.0,0.0,0.0,0.0,0.0,0.0
EastA509ToH6.58,1044.0,770_0,0.0,0.0,0.0,1357.0,522_1,56.88,13.97,313.0,2408.87,104.0,4,0.0,147.44,0,tripinfo_EastA509ToH6.58 emissions_EastA509ToH6.58,electric,1.05,0.0,0.0,0.0,0.0,0.0,0.0,0.0
V6ToEastH6.103,1236.0,468_1,0.0,0.0,0.0,1360.0,522_1,56.88,15.17,124.0,1512.23,0.0,0,0.0,24.45,0,tripinfo_V6ToEastH6.103 emissions_V6ToEastH6.103,electric,1.1,0.0,0.0,0.0,0.0,0.0,0.0,0.0
V6ToEastH6.104,1248.0,468_1,0.0,0.0,0.0,1365.0,522_1,56.88,13.73,117.0,1512.23,0.0,0,0.0,13.26,0,tripinfo_V6ToEastH6.104 emissions_V6ToEastH6.104,gasoline_euro4,1.05,3834.141361,355503.934737,25.098041,5.486633,136.728653,113389.419768,0.0
WestH6ToSaxonSt.81,972.0,524_0,0.0,0.0,0.0,1370.0,771_1,56.88,13.41,398.0,2574.97,151.0,6,0.0,207.78,0,tripinfo_WestH6ToSaxonSt.81 emissions_WestH6ToSaxonSt.81,gasoline_euro4,0.99,36016.595663,1106868.857994,189.123822,21.501248,462.784309,353050.226222,0.0
WestH6ToSaxonSt.80,960.0,524_0,0.0,0.0,0.0,1372.0,771_1,56.88,12.93,412.0,2767.85,140.0,7,0.0,201.5,0,tripinfo_WestH6ToSaxonSt.80 emissions_WestH6ToSaxonSt.80,gasoline_euro4,0.98,36381.767575,1196845.091104,193.02814,23.194358,501.590458,381747.665904,0.0
EastAveburyToWestA509.92,982.0,483_0,0.0,0.0,0.0,1378.0,774_1,29.75,16.53,396.0,2257.77,191.0,5,0.0,262.95,0,tripinfo_EastAveburyToWestA509.92 emissions_EastAveburyToWestA509.92,gasoline_euro4,1.24,44556.480779,1263627.169351,231.738058,26.536838,539.405103,403050.282602,0.0
WestH6ToSaxonSt.82,984.0,524_0,0.0,0.0,0.0,1379.0,771_1,56.88,14.89,395.0,2765.47,125.0,8,0.0,204.32,0,tripinfo_WestH6ToSaxonSt.82 emissions_WestH6ToSaxonSt.82,gasoline_euro4,1.09,35244.953926,1215908.556527,188.190231,24.073884,511.857916,387826.497659,0.0
V6ToEastH6.105,1260.0,468_1,0.0,0.0,0.0,1380.0,522_1,56.88,13.11,120.0,1512.23,0.0,0,0.0,12.87,0,tripinfo_V6ToEastH6.105 emissions_V6ToEastH6.105,gasoline_euro4,1.02,3959.169772,361588.403917,25.627635,5.502837,139.039617,115330.158115,0.0
EastAveburyToWestA509.101,1058.0,483_1,0.0,0.0,0.0,1381.0,774_0,29.75,13.93,323.0,2241.68,103.0,4,0.0,160.31,0,tripinfo_EastAveburyToWestA509.101 emissions_EastAveburyToWestA509.101,electric,1.02,0.0,0.0,0.0,0.0,0.0,0.0,0.0
WestA509ToAvebury.34,615.0,773_0,0.0,0.0,3.0,1383.0,213_0,19.13,12.29,768.0,2288.83,507.0,9,0.0,581.62,0,tripinfo_WestA509ToAvebury.34 emissions_WestA509ToAvebury.34,electric,0.89,0.0,0.0,0.0,0.0,0.0,0.0,0.0
EastAveburyToWestA509.94,999.0,483_0,0.0,0.0,0.0,1383.0,774_0,29.75,14.42,384.0,2257.79,166.0,6,0.0,235.1,0,tripinfo_EastAveburyToWestA509.94 emissions_EastAveburyToWestA509.94,gasoline_euro4,1.11,39809.806619,1150649.230282,207.230195,23.513326,487.873856,367014.668917,0.0
WestH6ToSaxonSt.88,1056.0,524_0,0.0,0.0,0.0,1383.0,771_1,56.88,13.71,327.0,2767.88,40.0,5,0.0,118.66,0,tripinfo_WestH6ToSaxonSt.88 emissions_WestH6ToSaxonSt.88,gasoline_euro4,0.99,19750.794397,914547.010022,110.830722,16.221923,374.114227,291701.963691,0.0
EastAveburyToWestA509.97,1024.0,483_0,0.0,0.0,0.0,1388.0,774_0,29.75,13.24,364.0,2257.78,137.0,6,0.0,206.38,0,tripinfo_EastAveburyToWestA509.97 emissions_EastAveburyToWestA509.97,gasoline_euro4,1.05,34590.559238,1047293.626519,181.522359,21.09212,443.680146,334047.356256,0.0
V6ToEastH6.88,1056.0,468_1,0.0,0.0,0.0,1389.0,522_0,56.88,13.78,333.0,2010.33,146.0,4,0.0,190.92,0,tripinfo_V6ToEastH6.88 emissions_V6ToEastH6.88,electric,1.02,0.0,0.0,0.0,0.0,0.0,0.0,0.0
EastAveburyToWestA509.96,1016.0,483_0,0.0,0.0,0.0,1392.0,774_0,29.75,14.02,376.0,2260.81,146.0,8,0.0,212.85,0,tripinfo_EastAveburyToWestA509.96 emissions_EastAveburyToWestA509.96,gasoline_euro4,1.02,36352.294261,1093715.032613,190.301667,21.911071,463.023077,348854.245255,0.0
V6ToEastH6.89,1068.0,468_1,0.0,0.0,0.0,1393.0,522_0,56.88,12.58,325.0,2010.33,134.0,4,0.0,178.48,0,tripinfo_V6ToEastH6.89 emissions_V6ToEastH6.89,electric,0.99,0.0,0.0,0.0,0.0,0.0,0.0,0.0
V6ToEastH6.91,1092.0,468_1,0.0,0.0,0.0,1395.0,522_0,56.88,13.85,303.0,2010.33,108.0,4,0.0,157.92,0,tripinfo_V6ToEastH6.91 emissions_V6ToEastH6.91,electric,1.0,0.0,0.0,0.0,0.0,0.0,0.0,0.0
EastAveburyToWestA509.103,1075.0,483_0,0.0,0.0,0.0,1396.0,774_0,29.75,12.91,321.0,2254.73,108.0,4,0.0,147.3,0,tripinfo_EastAveburyToWestA509.103 emissions_EastAveburyToWestA509.103,gasoline_euro4,0.95,26351.160006,887941.490247,139.917395,16.509916,366.418483,283219.742168,0.0
SouthEvansGateToSilbury.56,1008.0,526_0,0.0,0.0,0.0,1400.0,215_1,19.43,14.54,392.0,2424.08,169.0,7,0.0,232.9,0,tripinfo_SouthEvansGateToSilbury.56 emissions_SouthEvansGateToSilbury.56,electric,1.11,0.0,0.0,0.0,0.0,0.0,0.0,0.0
EastAveburyToWestA509.95,1007.0,483_1,0.0,0.0,0.0,1402.0,774_1,29.75,12.0,395.0,2218.32,182.0,5,0.0,221.17,0,tripinfo_EastAveburyToWestA509.95 emissions_EastAveburyToWestA509.95,electric,0.93,0.0,0.0,0.0,0.0,0.0,0.0,0.0
SouthEvansGateToSilbury.54,972.0,526_0,0.0,0.0,0.0,1403.0,215_1,19.43,13.99,431.0,2424.03,202.0,6,0.0,259.18,0,tripinfo_SouthEvansGateToSilbury.54 emissions_SouthEvansGateToSilbury.54,electric,1.03,0.0,0.0,0.0,0.0,0.0,0.0,0.0
SouthEvansGateToSilbury.66,1188.0,526_0,0.0,0.0,0.0,1404.0,215_1,19.43,15.29,216.0,1477.59,88.0,3,0.0,119.65,0,tripinfo_SouthEvansGateToSilbury.66 emissions_SouthEvansGateToSilbury.66,gasoline_euro4,1.11,20810.418937,651695.359034,109.410645,13.017684,273.676833,207866.067437,0.0
WestH6ToSaxonSt.90,1080.0,524_0,0.0,0.0,0.0,1405.0,771_0,56.88,14.28,325.0,2603.36,99.0,4,0.0,156.49,0,tripinfo_WestH6ToSaxonSt.90 emissions_WestH6ToSaxonSt.90,electric,1.12,0.0,0.0,0.0,0.0,0.0,0.0,0.0
WestH6ToSaxonSt.70,840.0,524_0,0.0,0.0,0.0,1406.0,771_1,56.88,14.39,566.0,2573.44,345.0,7,0.0,395.7,0,tripinfo_WestH6ToSaxonSt.70 emissions_WestH6ToSaxonSt.70,electric,1.1,0.0,0.0,0.0,0.0,0.0,0.0,0.0
SouthEvansGateToSilbury.64,1152.0,526_0,0.0,0.0,0.0,1407.0,215_1,19.43,12.97,255.0,1457.43,110.0,4,0.0,150.93,0,tripinfo_SouthEvansGateToSilbury.64 emissions_SouthEvansGateToSilbury.64,electric,1.02,0.0,0.0,0.0,0.0,0.0,0.0,0.0
EastA509ToH6.62,1116.0,770_0,0.0,0.0,0.0,1409.0,522_0,56.88,14.61,293.0,1483.8,157.0,4,0.0,198.04,0,tripinfo_EastA509ToH6.62 emissions_EastA509ToH6.62,gasoline_euro4,1.13,33563.553302,886921.672341,173.266299,18.967343,383.129253,282896.158206,0.0
WestH6ToSaxonSt.89,1068.0,524_0,0.0,0.0,0.0,1410.0,771_0,56.88,13.54,342.0,2598.64,105.0,4,0.0,160.28,0,tripinfo_WestH6ToSaxonSt.89 emissions_WestH6ToSaxonSt.89,electric,1.04,0.0,0.0,0.0,0.0,0.0,0.0,0.0
SouthEvansGateToSilbury.62,1116.0,526_0,0.0,0.0,0.0,1410.0,215_1,19.43,12.44,294.0,1460.71,137.0,6,0.0,181.7,0,tripinfo_SouthEvansGateToSilbury.62 emissions_SouthEvansGateToSilbury.62,electric,0.95,0.0,0.0,0.0,0.0,0.0,0.0,0.0
EastAveburyToWestA509.98,1033.0,483_1,0.0,0.0,0.0,1411.0,774_1,29.75,12.3,378.0,2218.32,156.0,6,0.0,201.16,0,tripinfo_EastAveburyToWestA509.98 emissions_EastAveburyToWestA509.98,electric,0.91,0.0,0.0,0.0,0.0,0.0,0.0,0.0
EastAveburyToWestA509.99,1041.0,483_1,0.0,0.0,0.0,1412.0,774_2,29.75,11.71,371.0,2215.02,146.0,6,0.0,195.65,0,tripinfo_EastAveburyToWestA509.99 emissions_EastAveburyToWestA509.99,electric,0.92,0.0,0.0,0.0,0.0,0.0,0.0,0.0
EastAveburyToWestA509.100,1050.0,483_1,0.0,0.0,0.0,1413.0,774_1,29.75,13.13,363.0,2215.02,136.0,4,0.0,197.43,0,tripinfo_EastAveburyToWestA509.100 emissions_EastAveburyToWestA509.100,electric,0.97,0.0,0.0,0.0,0.0,0.0,0.0,0.0
V6ToEastH6.108,1296.0,468_1,0.0,0.0,0.0,1415.0,522_1,56.88,13.32,119.0,1512.23,0.0,0,0.0,12.64,0,tripinfo_V6ToEastH6.108 emissions_V6ToEastH6.108,gasoline_euro4,1.03,3679.760675,351188.619762,24.199246,5.277382,134.19672,112013.119114,0.0
WestH6ToSaxonSt.87,1044.0,524_0,0.0,0.0,0.0,1416.0,771_0,56.88,11.55,372.0,2602.68,119.0,3,0.0,154.9,0,tripinfo_WestH6ToSaxonSt.87 emissions_WestH6ToSaxonSt.87,electric,0.86,0.0,0.0,0.0,0.0,0.0,0.0,0.0
EastAveburyToWestA509.78,863.0,483_1,0.0,0.0,0.0,1417.0,774_0,29.75,13.76,554.0,2328.54,291.0,12,0.0,385.57,0,tripinfo_EastAveburyToWestA509.78 emissions_EastAveburyToWestA509.78,gasoline_euro4,1.03,63163.813125,1548741.857532,323.249338,33.094744,670.707398,493995.836382,0.0
EastSilburyToEastAvebury.31,896.0,317_0,0.0,0.0,0.0,1421.0,213_0,19.13,15.94,525.0,2492.55,314.0,7,0.0,369.54,0,tripinfo_EastSilburyToEastAvebury.31 emissions_EastSilburyToEastAvebury.31,electric,1.17,0.0,0.0,0.0,0.0,0.0,0.0,0.0
EastSilburyToEastAvebury.35,960.0,317_0,0.0,0.0,0.0,1422.0,213_1,19.13,14.17,462.0,2492.59,230.0,5,0.0,287.41,0,tripinfo_EastSilburyToEastAvebury.35 emissions_EastSilburyToEastAvebury.35,electric,1.04,0.0,0.0,0.0,0.0,0.0,0.0,0.0
SouthEvansGateToSilbury.61,1098.0,526_0,0.0,0.0,0.0,1422.0,215_0,19.43,16.04,324.0,1471.76,199.0,4,0.0,232.52,0,tripinfo_SouthEvansGateToSilbury.61 emissions_SouthEvansGateToSilbury.61,gasoline_euro4,1.17,40264.935024,993663.078616,206.088642,21.762831,431.742685,316943.923996,0.0
EastA509ToH6.63,1134.0,770_0,0.0,0.0,0.0,1422.0,522_0,56.88,11.16,288.0,1483.64,127.0,4,0.0,164.33,0,tripinfo_EastA509ToH6.63 emissions_EastA509ToH6.63,gasoline_euro4,0.86,28569.066863,771681.772556,147.984767,15.376067,327.317286,246139.622545,0.0
EastA509ToH6.64,1152.0,770_0,0.0,0.0,0.0,1422.0,522_1,56.88,13.51,270.0,1483.77,119.0,4,0.0,160.62,0,tripinfo_EastA509ToH6.64 emissions_EastA509ToH6.64,gasoline_euro4,0.98,27598.011731,775584.091003,143.541064,15.895794,331.256474,247383.116715,0.0
WestA509ToAvebury.56,1011.0,773_0,0.0,0.0,3.0,1423.0,213_1,19.13,14.54,412.0,2336.43,203.0,4,0.0,252.67,0,tripinfo_WestA509ToAvebury.56 emissions_WestA509ToAvebury.56,gasoline_euro4,1.07,42544.837405,1155380.661528,219.781127,23.597616,489.847944,368525.49828,0.0
EastSilburyToEastAvebury.37,992.0,317_0,0.0,0.0,0.0,1424.0,213_0,19.13,15.58,432.0,2473.18,207.0,9,0.0,271.43,0,tripinfo_EastSilburyToEastAvebury.37 emissions_EastSilburyToEastAvebury.37,gasoline_euro4,1.13,45833.60788,1280011.445061,236.855512,25.909417,539.257559,408277.685028,0.0
SouthEvansGateToSilbury.63,1134.0,526_0,0.0,0.0,0.0,1424.0,215_1,19.43,11.46,290.0,1471.75,132.0,5,0.0,166.12,0,tripinfo_SouthEvansGateToSilbury.63 emissions_SouthEvansGateToSilbury.63,gasoline_euro4,0.86,28770.535083,757083.48924,148.546036,15.115303,321.199142,241483.729076,0.0
WestA509ToAvebury.60,1083.0,773_0,0.0,0.0,3.0,1425.0,213_1,19.13,14.07,342.0,2336.43,124.0,4,0.0,187.48,0,tripinfo_WestA509ToAvebury.60 emissions_WestA509ToAvebury.60,gasoline_euro4,1.1,31062.24509,1003658.539643,164.484857,20.01829,423.277116,320128.330722,0.0
EastSilburyToEastAvebury.33,928.0,317_0,0.0,0.0,0.0,1426.0,213_0,19.13,14.86,498.0,2492.58,267.0,7,0.0,334.02,0,tripinfo_EastSilburyToEastAvebury.33 emissions_EastSilburyToEastAvebury.33,electric,1.11,0.0,0.0,0.0,0.0,0.0,0.0,0.0
EastSilburyToEastAvebury.25,800.0,317_0,0.0,0.0,0.0,1427.0,213_1,19.13,15.98,627.0,2477.36,392.0,10,0.0,474.93,0,tripinfo_EastSilburyToEastAvebury.25 emissions_EastSilburyToEastAvebury.25,electric,1.19,0.0,0.0,0.0,0.0,0.0,0.0,0.0
WestA509ToAvebury.59,1062.0,773_0,0.0,0.0,0.0,1428.0,213_0,19.13,13.7,366.0,2336.42,140.0,5,0.0,198.73,0,tripinfo_WestA509ToAvebury.59 emissions_WestA509ToAvebury.59,gasoline_euro4,1.02,33887.636684,1017677.947663,177.289923,20.101794,427.471837,324601.720089,0.0
WestA509ToEastH6.30,1080.0,773_0,0.0,0.0,0.0,1429.0,522_0,56.88,11.43,349.0,2756.02,61.0,5,0.0,113.92,0,tripinfo_WestA509ToEastH6.30 emissions_WestA509ToEastH6.30,gasoline_euro4,0.85,20930.736398,845925.120253,114.713171,14.101859,339.865747,269817.290208,0.0
V6ToEastH6.110,1320.0,468_1,0.0,0.0,0.0,1448.0,522_1,56.88,13.72,128.0,1512.23,0.0,0,0.0,19.58,0,tripinfo_V6ToEastH6.110 emissions_V6ToEastH6.110,gasoline_euro4,1.0,4595.223126,385647.728465,29.265979,5.957581,149.639606,123004.116868,0.0
EastA509ToH6.61,1098.0,770_0,0.0,0.0,0.0,1453.0,522_1,56.88,13.25,355.0,2408.85,137.0,3,0.0,172.3,0,tripinfo_EastA509ToH6.61 emissions_EastA509ToH6.61,electric,0.96,0.0,0.0,0.0,0.0,0.0,0.0,0.0
WestH6ToSaxonSt.91,1092.0,524_0,0.0,0.0,0.0,1459.0,771_1,56.88,12.34,367.0,2767.88,87.0,3,0.0,156.17,0,tripinfo_WestH6ToSaxonSt.91 emissions_WestH6ToSaxonSt.91,gasoline_euro4,0.98,27380.638807,1029099.136328,148.106027,19.248075,427.060932,328241.434415,0.0
WestH6ToSaxonSt.97,1164.0,524_0,0.0,0.0,0.0,1461.0,771_1,56.88,14.97,297.0,2574.97,68.0,3,0.0,128.15,0,tripinfo_WestH6ToSaxonSt.97 emissions_WestH6ToSaxonSt.97,gasoline_euro4,1.12,21713.719846,897616.025807,118.933152,16.431616,366.182877,286302.773347,0.0
EastAveburyToWestA509.107,1109.0,483_0,0.0,0.0,0.0,1464.0,774_0,29.75,14.51,355.0,2264.18,141.0,5,0.0,208.75,0,tripinfo_EastAveburyToWestA509.107 emissions_EastAveburyToWestA509.107,gasoline_euro4,1.13,35326.001376,1077521.006835,185.738594,22.236755,459.468928,343687.987948,0.0
EastSilburyToEastAvebury.28,848.0,317_0,0.0,0.0,0.0,1469.0,213_0,19.13,14.01,621.0,680.89,505.0,10,0.0,573.85,0,tripinfo_EastSilburyToEastAvebury.28 emissions_EastSilburyToEastAvebury.28,gasoline_euro4,1.07,93440.208095,1688038.487447,465.008066,40.446797,762.118984,538437.253724,0.0
EastAveburyToWestA509.102,1067.0,483_0,0.0,0.0,0.0,1473.0,774_0,29.75,13.4,406.0,2257.77,175.0,6,0.0,235.17,0,tripinfo_EastAveburyToWestA509.102 emissions_EastAveburyToWestA509.102,gasoline_euro4,0.97,40321.079664,1115308.138549,209.275713,22.634902,474.642238,355743.412665,0.0
WestA509ToAvebury.42,759.0,773_0,0.0,0.0,3.0,1475.0,213_0,19.13,14.78,716.0,2288.57,489.0,9,0.0,566.57,0,tripinfo_WestA509ToAvebury.42 emissions_WestA509ToAvebury.42,electric,1.11,0.0,0.0,0.0,0.0,0.0,0.0,0.0
V6ToEastH6.98,1176.0,468_1,0.0,0.0,0.0,1475.0,522_0,56.88,13.76,299.0,2010.33,109.0,5,0.0,161.54,0,tripinfo_V6ToEastH6.98 emissions_V6ToEastH6.98,electric,1.06,0.0,0.0,0.0,0.0,0.0,0.0,0.0
WestH6ToSaxonSt.95,1140.0,524_0,0.0,0.0,0.0,1476.0,771_1,56.88,12.25,336.0,2574.97,85.0,4,0.0,133.97,0,tripinfo_WestH6ToSaxonSt.95 emissions_WestH6ToSaxonSt.95,gasoline_euro4,0.93,23847.689001,879577.694309,128.276357,15.499886,357.39533,280551.544378,0.0
EastAveburyToWestA509.119,1211.0,483_1,0.0,0.0,0.0,1476.0,774_2,29.75,13.73,265.0,2240.45,56.0,4,0.0,107.69,0,tripinfo_EastAveburyToWestA509.119 emissions_EastAveburyToWestA509.119,gasoline_euro4,1.05,19123.278021,782221.930564,104.50876,14.107885,318.793321,249497.108037,0.0
WestA509ToAvebury.40,723.0,773_0,0.0,0.0,3.0,1477.0,213_0,19.13,15.16,754.0,2328.48,505.0,12,0.0,600.31,0,tripinfo_WestA509ToAvebury.40 emissions_WestA509ToAvebury.40,gasoline_euro4,1.11,97573.98677,2066577.920102,491.912891,46.3121,907.526074,659173.967282,0.0
EastAveburyToWestA509.120,1220.0,483_1,0.0,0.0,0.0,1477.0,774_2,29.75,15.1,257.0,2237.39,50.0,5,0.0,111.7,0,tripinfo_EastAveburyToWestA509.120 emissions_EastAveburyToWestA509.120,gasoline_euro4,1.14,18521.461514,773332.017886,101.428814,14.252251,316.111693,246660.992634,0.0
WestH6ToSaxonSt.98,1176.0,524_0,0.0,0.0,0.0,1479.0,771_0,56.88,16.52,303.0,2613.57,100.0,4,0.0,149.5,0,tripinfo_WestH6ToSaxonSt.98 emissions_WestH6ToSaxonSt.98,electric,1.25,0.0,0.0,0.0,0.0,0.0,0.0,0.0
EastAveburyToWestA509.105,1092.0,483_1,0.0,0.0,0.0,1482.0,774_2,29.75,13.68,390.0,2215.02,184.0,6,0.0,236.22,0,tripinfo_EastAveburyToWestA509.105 emissions_EastAveburyToWestA509.105,electric,1.04,0.0,0.0,0.0,0.0,0.0,0.0,0.0
V6ToEastH6.100,1200.0,468_1,0.0,0.0,0.0,1484.0,522_0,56.88,11.82,284.0,2010.28,82.0,4,0.0,121.72,0,tripinfo_V6ToEastH6.100 emissions_V6ToEastH6.100,electric,0.9,0.0,0.0,0.0,0.0,0.0,0.0,0.0
EastAveburyToWestA509.106,1101.0,483_0,0.0,0.0,0.0,1487.0,774_0,29.75,12.2,386.0,2257.79,138.0,9,0.0,199.8,0,tripinfo_EastAveburyToWestA509.106 emissions_EastAveburyToWestA509.106,gasoline_euro4,0.89,34363.600598,1009940.545902,179.527612,19.356974,422.706037,322134.862897,0.0
EastSilburyToEastAvebury.45,1120.0,317_0,0.0,0.0,0.0,1488.0,213_1,19.13,13.61,368.0,2097.09,153.0,7,0.0,215.58,0,tripinfo_EastSilburyToEastAvebury.45 emissions_EastSilburyToEastAvebury.45,electric,1.0,0.0,0.0,0.0,0.0,0.0,0.0,0.0
SouthEvansGateToSilbury.71,1278.0,526_0,0.0,0.0,0.0,1489.0,215_1,19.43,11.67,211.0,1477.62,63.0,1,0.0,84.14,0,tripinfo_SouthEvansGateToSilbury.71 emissions_SouthEvansGateToSilbury.71,gasoline_euro4,0.84,15784.976769,540160.581978,84.355262,9.712951,221.991606,172290.967635,0.0
EastSilburyToEastAvebury.43,1088.0,317_0,0.0,0.0,0.0,1490.0,213_1,19.13,13.22,402.0,2097.09,185.0,7,0.0,251.41,0,tripinfo_EastSilburyToEastAvebury.43 emissions_EastSilburyToEastAvebury.43,electric,1.01,0.0,0.0,0.0,0.0,0.0,0.0,0.0
WestH6ToSaxonSt.92,1104.0,524_0,0.0,0.0,0.0,1491.0,771_0,56.88,13.97,387.0,2600.56,156.0,4,0.0,202.75,0,tripinfo_WestH6ToSaxonSt.92 emissions_WestH6ToSaxonSt.92,electric,1.02,0.0,0.0,0.0,0.0,0.0,0.0,0.0
EastAveburyToWestA509.110,1135.0,483_1,0.0,0.0,0.0,1491.0,774_2,29.75,16.38,356.0,2215.02,140.0,6,0.0,225.91,0,tripinfo_EastAveburyToWestA509.110 emissions_EastAveburyToWestA509.110,electric,1.24,0.0,0.0,0.0,0.0,0.0,0.0,0.0
WestH6ToSaxonSt.104,1248.0,524_0,0.0,0.0,0.0,1493.0,771_0,56.88,15.7,245.0,2601.42,46.0,3,0.0,90.65,0,tripinfo_WestH6ToSaxonSt.104 emissions_WestH6ToSaxonSt.104,electric,1.22,0.0,0.0,0.0,0.0,0.0,0.0,0.0
EastSilburyToEastAvebury.42,1072.0,317_0,0.0,0.0,0.0,1494.0,213_1,19.13,11.1,422.0,2102.18,198.0,7,0.0,244.24,0,tripinfo_EastSilburyToEastAvebury.42 emissions_EastSilburyToEastAvebury.42,electric,0.86,0.0,0.0,0.0,0.0,0.0,0.0,0.0
EastA509ToH6.68,1224.0,770_0,0.0,0.0,0.0,1498.0,522_0,56.88,13.15,274.0,1483.69,131.0,4,0.0,167.7,0,tripinfo_EastA509ToH6.68 emissions_EastA509ToH6.68,gasoline_euro4,1.01,28683.257528,777479.596044,148.212499,15.834952,330.091099,247988.509038,0.0
SouthEvansGateToSilbury.76,1368.0,526_0,0.0,0.0,0.0,1498.0,215_1,19.43,14.03,130.0,1477.59,15.0,1,0.0,28.97,0,tripinfo_SouthEvansGateToSilbury.76 emissions_SouthEvansGateToSilbury.76,electric,1.06,0.0,0.0,0.0,0.0,0.0,0.0,0.0
WestH6ToSaxonSt.93,1116.0,524_0,0.0,0.0,0.0,1499.0,771_0,56.88,12.35,383.0,2602.68,141.0,3,0.0,187.27,0,tripinfo_WestH6ToSaxonSt.93 emissions_WestH6ToSaxonSt.93,electric,0.96,0.0,0.0,0.0,0.0,0.0,0.0,0.0
EastA509ToH6.67,1206.0,770_0,0.0,0.0,0.0,1503.0,522_0,56.88,11.96,297.0,1483.8,148.0,4,0.0,181.21,0,tripinfo_EastA509ToH6.67 emissions_EastA509ToH6.67,gasoline_euro4,0.93,30903.645713,798883.821829,158.995654,16.391353,341.108684,254816.453694,0.0
EastAveburyToWestA509.104,1084.0,483_1,0.0,0.0,0.0,1504.0,774_1,29.75,12.45,420.0,2218.32,199.0,6,0.0,241.72,0,tripinfo_EastAveburyToWestA509.104 emissions_EastAveburyToWestA509.104,electric,0.9,0.0,0.0,0.0,0.0,0.0,0.0,0.0
EastAveburyToWestA509.111,1143.0,483_1,0.0,0.0,0.0,1506.0,774_1,29.75,11.62,363.0,2218.32,128.0,4,0.0,183.99,0,tripinfo_EastAveburyToWestA509.111 emissions_EastAveburyToWestA509.111,electric,0.9,0.0,0.0,0.0,0.0,0.0,0.0,0.0
EastSilburyToEastAvebury.41,1056.0,317_0,0.0,0.0,0.0,1510.0,213_1,19.13,13.47,454.0,2492.56,207.0,5,0.0,275.26,0,tripinfo_EastSilburyToEastAvebury.41 emissions_EastSilburyToEastAvebury.41,electric,1.01,0.0,0.0,0.0,0.0,0.0,0.0,0.0
SouthEvansGateToSilbury.67,1206.0,526_0,0.0,0.0,0.0,1511.0,215_1,19.43,12.51,305.0,1471.7,161.0,4,0.0,191.68,0,tripinfo_SouthEvansGateToSilbury.67 emissions_SouthEvansGateToSilbury.67,gasoline_euro4,0.94,33234.254047,839727.478027,170.480619,17.463171,359.908858,267844.394647,0.0
WestA509ToEastH6.27,972.0,773_0,0.0,0.0,0.0,1513.0,522_0,56.88,11.95,541.0,2750.83,252.0,7,0.0,313.53,0,tripinfo_WestA509ToEastH6.27 emissions_WestA509ToEastH6.27,gasoline_euro4,0.88,53982.225917,1409499.558828,278.349586,28.233125,597.819972,449582.336669,0.0
SouthEvansGateToSilbury.68,1224.0,526_0,0.0,0.0,0.0,1513.0,215_1,19.43,15.47,289.0,1471.73,148.0,4,0.0,198.71,0,tripinfo_SouthEvansGateToSilbury.68 emissions_SouthEvansGateToSilbury.68,electric,1.18,0.0,0.0,0.0,0.0,0.0,0.0,0.0
EastSilburyToEastAvebury.38,1008.0,317_0,0.0,0.0,0.0,1517.0,213_0,19.13,12.23,509.0,2482.59,239.0,10,0.0,311.16,0,tripinfo_EastSilburyToEastAvebury.38 emissions_EastSilburyToEastAvebury.38,electric,0.92,0.0,0.0,0.0,0.0,0.0,0.0,0.0
EastSilburyToEastAvebury.36,976.0,317_0,0.0,0.0,0.0,1518.0,213_0,19.13,13.83,542.0,2492.55,315.0,7,0.0,374.18,0,tripinfo_EastSilburyToEastAvebury.36 emissions_EastSilburyToEastAvebury.36,electric,1.08,0.0,0.0,0.0,0.0,0.0,0.0,0.0
WestA509ToAvebury.61,1098.0,773_0,0.0,0.0,0.0,1520.0,213_0,19.13,12.34,422.0,2336.61,201.0,4,0.0,246.41,0,tripinfo_WestA509ToAvebury.61 emissions_WestA509ToAvebury.61,gasoline_euro4,0.97,42015.040532,1137624.349663,217.068842,22.704021,480.049457,362862.556296,0.0
WestA509ToAvebury.63,1134.0,773_0,0.0,0.0,0.0,1522.0,213_0,19.13,14.38,388.0,2336.42,165.0,3,0.0,227.9,0,tripinfo_WestA509ToAvebury.63 emissions_WestA509ToAvebury.63,gasoline_euro4,1.07,38021.591612,1108442.945368,198.584026,22.231953,468.221282,353552.752471,0.0
EastSilburyToEastAvebury.46,1136.0,317_0,0.0,0.0,0.0,1525.0,213_0,19.13,13.87,389.0,2492.58,172.0,4,0.0,212.88,0,tripinfo_EastSilburyToEastAvebury.46 emissions_EastSilburyToEastAvebury.46,electric,1.03,0.0,0.0,0.0,0.0,0.0,0.0,0.0
V6ToEastH6.117,1404.0,468_1,0.0,0.0,0.0,1526.0,522_0,56.88,16.12,122.0,1511.92,0.0,0,0.0,29.87,0,tripinfo_V6ToEastH6.117 emissions_V6ToEastH6.117,gasoline_euro4,1.18,5037.100804,403207.979285,31.877021,6.758465,159.350613,128604.590916,0.0
V6ToEastH6.109,1308.0,468_1,0.0,0.0,0.0,1527.0,522_0,56.88,11.44,219.0,2311.67,3.0,1,0.0,25.71,0,tripinfo_V6ToEastH6.109 emissions_V6ToEastH6.109,electric,0.88,0.0,0.0,0.0,0.0,0.0,0.0,0.0
WestA509ToEastH6.29,1044.0,773_0,0.0,0.0,0.0,1542.0,522_1,56.88,13.71,498.0,2765.35,253.0,5,0.0,303.98,0,tripinfo_WestA509ToEastH6.29 emissions_WestA509ToEastH6.29,electric,1.03,0.0,0.0,0.0,0.0,0.0,0.0,0.0
V6ToEastH6.116,1392.0,468_1,0.0,0.0,0.0,1544.0,522_0,56.88,9.99,152.0,1512.23,0.0,0,0.0,13.75,0,tripinfo_V6ToEastH6.116 emissions_V6ToEastH6.116,gasoline_euro4,0.79,4637.851101,348624.030574,29.065545,4.750907,133.382735,111196.197269,0.0
EastA509ToH6.59,1062.0,770_0,0.0,0.0,0.0,1545.0,522_1,56.88,12.7,483.0,3322.55,177.0,6,0.0,239.77,0,tripinfo_EastA509ToH6.59 emissions_EastA509ToH6.59,electric,0.99,0.0,0.0,0.0,0.0,0.0,0.0,0.0
WestA509ToEastH6.33,1188.0,773_0,0.0,0.0,0.0,1547.0,522_1,56.88,12.35,359.0,2720.9,110.0,4,0.0,156.27,0,tripinfo_WestA509ToEastH6.33 emissions_WestA509ToEastH6.33,electric,0.97,0.0,0.0,0.0,0.0,0.0,0.0,0.0
WestA509ToEastH6.32,1152.0,773_0,0.0,0.0,0.0,1549.0,522_1,56.88,13.47,397.0,2720.9,147.0,3,0.0,194.37,0,tripinfo_WestA509ToEastH6.32 emissions_WestA509ToEastH6.32,electric,0.97,0.0,0.0,0.0,0.0,0.0,0.0,0.0
V6ToEastH6.118,1416.0,468_1,0.0,0.0,0.0,1555.0,522_0,56.88,11.07,139.0,1512.23,0.0,0,0.0,13.78,0,tripinfo_V6ToEastH6.118 emissions_V6ToEastH6.118,gasoline_euro4,0.87,4204.494205,345390.783551,26.950884,4.998848,133.149458,110164.412696,0.0
EastAveburyToWestA509.121,1228.0,483_1,0.0,0.0,0.0,1556.0,774_2,29.75,14.11,328.0,2240.45,107.0,4,0.0,164.38,0,tripinfo_EastAveburyToWestA509.121 emissions_EastAveburyToWestA509.121,electric,1.02,0.0,0.0,0.0,0.0,0.0,0.0,0.0
EastAveburyToWestA509.115,1177.0,483_0,0.0,0.0,0.0,1558.0,774_0,29.75,13.95,381.0,2254.71,170.0,5,0.0,226.27,0,tripinfo_EastAveburyToWestA509.115 emissions_EastAveburyToWestA509.115,gasoline_euro4,1.06,37836.498761,1091506.447183,196.572711,21.781092,459.076216,348150.948142,0.0
EastAveburyToWestA509.122,1237.0,483_1,0.0,0.0,0.0,1558.0,774_2,29.75,13.87,321.0,2240.45,99.0,3,0.0,167.85,0,tripinfo_EastAveburyToWestA509.122 emissions_EastAveburyToWestA509.122,gasoline_euro4,1.08,27851.113644,929201.677309,147.860188,18.183521,389.563654,296379.25029,0.0
WestA509ToAvebury.41,738.0,773_0,0.0,0.0,0.0,1560.0,213_0,19.13,12.38,822.0,2288.83,577.0,10,0.0,652.28,0,tripinfo_WestA509ToAvebury.41 emissions_WestA509ToAvebury.41,electric,0.98,0.0,0.0,0.0,0.0,0.0,0.0,0.0
V6ToEastH6.120,1440.0,468_1,0.0,0.0,0.0,1561.0,522_1,56.88,13.29,121.0,1512.23,0.0,0,0.0,12.72,0,tripinfo_V6ToEastH6.120 emissions_V6ToEastH6.120,gasoline_euro4,1.01,3742.556635,356585.382821,24.813136,5.300499,136.275256,113734.535685,0.0
EastSilburyToEastAvebury.34,944.0,317_0,0.0,0.0,0.0,1562.0,213_0,19.13,13.58,618.0,680.89,492.0,11,0.0,566.87,0,tripinfo_EastSilburyToEastAvebury.34 emissions_EastSilburyToEastAvebury.34,gasoline_euro4,0.99,91606.945882,1650594.329978,455.675383,39.432122,744.438776,526493.891703,0.0
WestH6ToSaxonSt.101,1212.0,524_0,0.0,0.0,0.0,1562.0,771_1,56.88,14.01,350.0,2555.04,110.0,5,0.0,166.62,0,tripinfo_WestH6ToSaxonSt.101 emissions_WestH6ToSaxonSt.101,gasoline_euro4,1.02,28586.843264,965622.424811,152.028622,17.968056,397.703193,307997.001797,0.0
WestH6ToSaxonSt.103,1236.0,524_0,0.0,0.0,0.0,1563.0,771_1,56.88,14.99,327.0,2555.04,84.0,4,0.0,162.09,0,tripinfo_WestH6ToSaxonSt.103 emissions_WestH6ToSaxonSt.103,gasoline_euro4,1.13,25191.418472,920680.62279,135.361736,17.227788,378.964368,293660.822609,0.0
WestH6ToSaxonSt.85,1020.0,524_0,0.0,0.0,0.0,1564.0,771_0,56.88,8.31,544.0,2767.85,172.0,6,0.0,243.96,0,tripinfo_WestH6ToSaxonSt.85 emissions_WestH6ToSaxonSt.85,gasoline_euro4,0.69,46012.682317,1266532.681049,238.685819,23.733648,531.039987,403980.707844,0.0
EastSilburyToEastAvebury.12,592.0,317_1,0.0,0.0,0.0,1565.0,213_0,19.13,12.26,973.0,3021.07,623.0,18,0.0,747.15,0,tripinfo_EastSilburyToEastAvebury.12 emissions_EastSilburyToEastAvebury.12,electric,0.97,0.0,0.0,0.0,0.0,0.0,0.0,0.0
WestA509ToEastH6.31,1116.0,773_0,0.0,0.0,0.0,1565.0,522_0,56.88,13.29,449.0,2754.12,185.0,6,0.0,249.66,0,tripinfo_WestA509ToEastH6.31 emissions_WestA509ToEastH6.31,gasoline_euro4,1.0,42458.446636,1233958.460987,221.394046,24.561406,519.649945,393587.91407,0.0
EastAveburyToWestA509.116,1186.0,483_1,0.0,0.0,0.0,1565.0,774_2,29.75,15.41,379.0,2215.02,188.0,6,0.0,234.85,0,tripinfo_EastAveburyToWestA509.116 emissions_EastAveburyToWestA509.116,electric,1.12,0.0,0.0,0.0,0.0,0.0,0.0,0.0
WestH6ToSaxonSt.94,1128.0,524_0,0.0,0.0,0.0,1567.0,771_1,56.88,13.55,439.0,2767.88,148.0,8,0.0,227.51,0,tripinfo_WestH6ToSaxonSt.94 emissions_WestH6ToSaxonSt.94,gasoline_euro4,0.98,39419.992095,1251627.401733,207.933926,24.290645,525.150844,399221.906151,0.0
EastAveburyToWestA509.114,1169.0,483_0,0.0,0.0,0.0,1567.0,774_1,29.75,13.06,398.0,2260.82,168.0,5,0.0,234.5,0,tripinfo_EastAveburyToWestA509.114 emissions_EastAveburyToWestA509.114,gasoline_euro4,1.01,38567.564469,1097838.429144,200.717746,22.177861,465.852581,350170.598757,0.0
EastAveburyToWestA509.118,1203.0,483_0,0.0,0.0,0.0,1567.0,774_0,29.75,12.73,364.0,2254.73,132.0,4,0.0,191.06,0,tripinfo_EastAveburyToWestA509.118 emissions_EastAveburyToWestA509.118,gasoline_euro4,0.95,32619.962902,989688.412584,170.976668,19.093836,413.891816,315674.368061,0.0
EastAveburyToWestA509.113,1160.0,483_1,0.0,0.0,0.0,1568.0,774_2,29.75,14.54,408.0,2218.4,198.0,4,0.0,258.47,0,tripinfo_EastAveburyToWestA509.113 emissions_EastAveburyToWestA509.113,electric,1.07,0.0,0.0,0.0,0.0,0.0,0.0,0.0
WestH6ToSaxonSt.96,1152.0,524_0,0.0,0.0,0.0,1569.0,771_1,56.88,13.4,417.0,2767.85,126.0,8,0.0,202.92,0,tripinfo_WestH6ToSaxonSt.96 emissions_WestH6ToSaxonSt.96,gasoline_euro4,0.97,35298.667803,1172749.856879,187.557568,22.760786,492.631088,374061.891198,0.0
EastAveburyToWestA509.117,1194.0,483_1,0.0,0.0,0.0,1571.0,774_2,29.75,13.45,377.0,2218.4,174.0,5,0.0,223.87,0,tripinfo_EastAveburyToWestA509.117 emissions_EastAveburyToWestA509.117,electric,1.05,0.0,0.0,0.0,0.0,0.0,0.0,0.0
WestH6ToSaxonSt.109,1308.0,524_0,0.0,0.0,0.0,1571.0,771_0,56.88,15.45,263.0,2602.65,64.0,3,0.0,104.39,0,tripinfo_WestH6ToSaxonSt.109 emissions_WestH6ToSaxonSt.109,electric,1.19,0.0,0.0,0.0,0.0,0.0,0.0,0.0
EastAveburyToWestA509.112,1152.0,483_0,0.0,0.0,0.0,1573.0,774_0,29.75,12.8,421.0,2257.77,177.0,6,0.0,243.45,0,tripinfo_EastAveburyToWestA509.112 emissions_EastAveburyToWestA509.112,gasoline_euro4,0.93,41191.763152,1136357.392856,213.724434,22.771828,482.234389,362457.757305,0.0
V6ToEastH6.121,1452.0,468_1,0.0,0.0,0.0,1575.0,522_1,56.88,13.09,123.0,1512.23,0.0,0,0.0,12.5,0,tripinfo_V6ToEastH6.121 emissions_V6ToEastH6.121,gasoline_euro4,0.99,3885.797644,364324.218903,25.693502,5.427377,139.912801,116202.866404,0.0
EastSilburyToEastAvebury.53,1248.0,317_1,0.0,0.0,0.0,1577.0,213_1,19.13,13.13,329.0,2638.66,90.0,3,0.0,143.05,0,tripinfo_EastSilburyToEastAvebury.53 emissions_EastSilburyToEastAvebury.53,electric,1.03,0.0,0.0,0.0,0.0,0.0,0.0,0.0
V6ToEastH6.122,1464.0,468_1,0.0,0.0,0.0,1577.0,522_1,56.88,14.98,113.0,1512.23,0.0,0,0.0,14.96,0,tripinfo_V6ToEastH6.122 emissions_V6ToEastH6.122,gasoline_euro4,1.12,4358.012644,386768.589009,28.132108,6.352755,150.891588,123361.076375,0.0
SouthEvansGateToSilbury.65,1170.0,526_0,0.0,0.0,0.0,1578.0,215_1,19.43,12.52,408.0,1457.4,253.0,6,0.0,293.46,0,tripinfo_SouthEvansGateToSilbury.65 emissions_SouthEvansGateToSilbury.65,electric,0.93,0.0,0.0,0.0,0.0,0.0,0.0,0.0
SouthEvansGateToSilbury.70,1260.0,526_0,0.0,0.0,0.0,1579.0,215_1,19.43,14.26,319.0,1457.43,178.0,6,0.0,218.66,0,tripinfo_SouthEvansGateToSilbury.70 emissions_SouthEvansGateToSilbury.70,electric,1.05,0.0,0.0,0.0,0.0,0.0,0.0,0.0
SouthEvansGateToSilbury.74,1332.0,526_0,0.0,0.0,0.0,1581.0,215_1,19.43,13.34,249.0,1460.71,97.0,4,0.0,141.2,0,tripinfo_SouthEvansGateToSilbury.74 emissions_SouthEvansGateToSilbury.74,electric,0.99,0.0,0.0,0.0,0.0,0.0,0.0,0.0
SouthEvansGateToSilbury.69,1242.0,526_0,0.0,0.0,0.0,1583.0,215_1,19.43,13.47,341.0,1460.78,182.0,7,0.0,239.78,0,tripinfo_SouthEvansGateToSilbury.69 emissions_SouthEvansGateToSilbury.69,electric,1.05,0.0,0.0,0.0,0.0,0.0,0.0,0.0
SouthEvansGateToSilbury.79,1422.0,526_0,0.0,0.0,0.0,1586.0,215_1,19.43,13.53,164.0,1477.59,46.0,1,0.0,63.52,0,tripinfo_SouthEvansGateToSilbury.79 emissions_SouthEvansGateToSilbury.79,electric,1.07,0.0,0.0,0.0,0.0,0.0,0.0,0.0
EastAveburyToWestA509.82,897.0,483_1,0.0,0.0,0.0,1588.0,774_0,29.75,12.05,691.0,2328.56,423.0,12,0.0,504.7,0,tripinfo_EastAveburyToWestA509.82 emissions_EastAveburyToWestA509.82,gasoline_euro4,0.93,84293.535347,1857608.16756,426.827179,40.774282,812.799885,592517.834568,0.0
EastAveburyToWestA509.90,965.0,483_1,0.0,0.0,0.0,1590.0,774_0,29.75,12.94,625.0,2325.48,354.0,9,0.0,450.7,0,tripinfo_EastAveburyToWestA509.90 emissions_EastAveburyToWestA509.90,gasoline_euro4,0.99,74072.279951,1703930.162589,376.985409,37.228477,744.266419,543497.597937,0.0
EastA509ToH6.65,1170.0,770_0,0.0,0.0,0.0,1592.0,522_1,56.88,13.64,422.0,1483.77,277.0,3,0.0,320.7,0,tripinfo_EastA509ToH6.65 emissions_EastA509ToH6.65,gasoline_euro4,1.06,53719.349636,1202370.556832,272.474515,26.735746,527.48045,383517.013737,0.0
EastA509ToH6.69,1242.0,770_0,0.0,0.0,0.0,1592.0,522_0,56.88,11.53,350.0,1483.75,197.0,5,0.0,230.85,0,tripinfo_EastA509ToH6.69 emissions_EastA509ToH6.69,gasoline_euro4,0.9,38623.670168,915537.319062,197.083077,18.987534,392.555083,292026.72736,0.0
EastA509ToH6.66,1188.0,770_0,0.0,0.0,0.0,1597.0,522_0,56.88,11.19,409.0,1483.66,247.0,6,0.0,286.39,0,tripinfo_EastA509ToH6.66 emissions_EastA509ToH6.66,gasoline_euro4,0.87,48839.467316,1090532.470818,247.753491,23.597079,475.042456,347845.122717,0.0
WestA509ToAvebury.62,1119.0,773_0,0.0,0.0,3.0,1598.0,213_1,19.13,12.55,479.0,2336.43,237.0,7,0.0,306.74,0,tripinfo_WestA509ToAvebury.62 emissions_WestA509ToAvebury.62,gasoline_euro4,0.99,50539.936091,1289383.034065,259.525896,26.34848,548.705007,411269.414886,0.0
EastSilburyToEastAvebury.47,1152.0,317_0,0.0,0.0,0.0,1598.0,213_0,19.13,12.88,446.0,2473.15,202.0,6,0.0,255.83,0,tripinfo_EastSilburyToEastAvebury.47 emissions_EastSilburyToEastAvebury.47,gasoline_euro4,0.95,43602.902942,1201357.576905,225.791118,23.873271,507.063979,383190.829758,0.0
SouthEvansGateToSilbury.72,1296.0,526_0,0.0,0.0,0.0,1598.0,215_1,19.43,14.05,302.0,1471.7,172.0,4,0.0,205.04,0,tripinfo_SouthEvansGateToSilbury.72 emissions_SouthEvansGateToSilbury.72,gasoline_euro4,1.1,35054.545006,889124.901058,180.050115,19.137654,384.18859,283599.680533,0.0
SouthEvansGateToSilbury.73,1314.0,526_0,0.0,0.0,0.0,1600.0,215_1,19.43,13.9,286.0,1471.71,144.0,5,0.0,184.98,0,tripinfo_SouthEvansGateToSilbury.73 emissions_SouthEvansGateToSilbury.73,gasoline_euro4,1.06,31139.657537,829894.398154,160.856898,17.358984,355.720456,264706.795908,0.0
SouthEvansGateToSilbury.75,1350.0,526_0,0.0,0.0,0.0,1601.0,215_1,19.43,15.19,251.0,1471.73,125.0,3,0.0,155.37,0,tripinfo_SouthEvansGateToSilbury.75 emissions_SouthEvansGateToSilbury.75,gasoline_euro4,1.11,26692.672581,742940.477338,138.477838,15.4223,316.494924,236971.001653,0.0
V6ToEastH6.124,1488.0,468_1,0.0,0.0,0.0,1615.0,522_1,56.88,12.87,127.0,1512.23,0.0,0,0.0,12.28,0,tripinfo_V6ToEastH6.124 emissions_V6ToEastH6.124,electric,0.95,0.0,0.0,0.0,0.0,0.0,0.0,0.0
V6ToEastH6.125,1500.0,468_1,0.0,0.0,0.0,1617.0,522_1,56.88,15.73,117.0,1512.23,0.0,0,0.0,20.54,0,tripinfo_V6ToEastH6.125 emissions_V6ToEastH6.125,gasoline_euro4,1.14,5109.506552,400226.531402,32.460647,7.093628,161.419116,127653.293568,0.0
WestA509ToEastH6.35,1260.0,773_0,0.0,0.0,0.0,1621.0,522_1,56.88,13.34,361.0,2765.35,126.0,4,0.0,168.22,0,tripinfo_WestA509ToEastH6.35 emissions_WestA509ToEastH6.35,electric,1.03,0.0,0.0,0.0,0.0,0.0,0.0,0.0
EastA509ToH6.74,1332.0,770_0,0.0,0.0,0.0,1624.0,522_1,56.88,13.46,292.0,2408.85,83.0,3,0.0,120.84,0,tripinfo_EastA509ToH6.74 emissions_EastA509ToH6.74,electric,1.02,0.0,0.0,0.0,0.0,0.0,0.0,0.0
EastAveburyToWestA509.133,1330.0,483_1,0.0,0.0,0.0,1644.0,774_0,29.75,13.28,314.0,2241.68,91.0,6,0.0,151.88,0,tripinfo_EastAveburyToWestA509.133 emissions_EastAveburyToWestA509.133,electric,1.02,0.0,0.0,0.0,0.0,0.0,0.0,0.0
WestH6ToSaxonSt.100,1200.0,524_0,0.0,0.0,0.0,1646.0,771_1,56.88,12.46,446.0,2574.94,181.0,7,0.0,240.59,0,tripinfo_WestH6ToSaxonSt.100 emissions_WestH6ToSaxonSt.100,gasoline_euro4,0.92,42012.295222,1186072.488707,218.532391,23.70247,502.224563,378314.60807,0.0
WestH6ToSaxonSt.99,1188.0,524_0,0.0,0.0,0.0,1648.0,771_1,56.88,12.76,460.0,2767.88,172.0,7,0.0,250.85,0,tripinfo_WestH6ToSaxonSt.99 emissions_WestH6ToSaxonSt.99,gasoline_euro4,0.99,43136.882736,1299898.888936,226.249531,26.111287,551.736447,414619.064256,0.0
EastAveburyToWestA509.124,1254.0,483_0,0.0,0.0,0.0,1648.0,774_0,29.75,13.76,394.0,2254.7,169.0,5,0.0,231.16,0,tripinfo_EastAveburyToWestA509.124 emissions_EastAveburyToWestA509.124,gasoline_euro4,1.01,39479.210608,1129124.556201,205.518451,23.038573,480.620305,360149.3519,0.0
EastAveburyToWestA509.126,1271.0,483_1,0.0,0.0,0.0,1653.0,774_2,29.75,13.98,382.0,2215.02,185.0,5,0.0,235.42,0,tripinfo_EastAveburyToWestA509.126 emissions_EastAveburyToWestA509.126,electric,1.1,0.0,0.0,0.0,0.0,0.0,0.0,0.0
EastAveburyToWestA509.127,1279.0,483_0,0.0,0.0,0.0,1653.0,774_0,29.75,13.11,374.0,2257.77,139.0,6,0.0,201.72,0,tripinfo_EastAveburyToWestA509.127 emissions_EastAveburyToWestA509.127,gasoline_euro4,0.96,34302.541525,1031363.45893,179.390944,19.931927,431.489996,328967.322838,0.0
EastAveburyToWestA509.128,1288.0,483_0,0.0,0.0,0.0,1655.0,774_0,29.75,12.36,367.0,2260.93,122.0,5,0.0,196.72,0,tripinfo_EastAveburyToWestA509.128 emissions_EastAveburyToWestA509.128,gasoline_euro4,0.97,32355.126552,998124.432774,170.100081,19.485305,419.707996,318364.501411,0.0
V6ToEastH6.128,1536.0,468_1,0.0,0.0,0.0,1655.0,522_1,56.88,14.05,119.0,1512.23,0.0,0,0.0,12.57,0,tripinfo_V6ToEastH6.128 emissions_V6ToEastH6.128,gasoline_euro4,1.03,3966.457507,362910.412446,25.899406,5.65329,140.534681,115751.703698,0.0
WestA509ToAvebury.46,831.0,773_0,0.0,0.0,3.0,1656.0,213_0,19.13,15.18,825.0,2288.57,582.0,11,0.0,673.7,0,tripinfo_WestA509ToAvebury.46 emissions_WestA509ToAvebury.46,electric,1.1,0.0,0.0,0.0,0.0,0.0,0.0,0.0
EastAveburyToWestA509.123,1245.0,483_0,0.0,0.0,0.0,1660.0,774_0,29.75,12.37,415.0,2257.77,173.0,6,0.0,231.73,0,tripinfo_EastAveburyToWestA509.123 emissions_EastAveburyToWestA509.123,gasoline_euro4,0.9,39593.865526,1087667.683944,205.398768,21.58266,460.000608,346927.851894,0.0
V6ToEastH6.107,1284.0,468_1,0.0,0.0,0.0,1661.0,522_1,56.88,12.79,377.0,2010.33,165.0,7,0.0,233.62,0,tripinfo_V6ToEastH6.107 emissions_V6ToEastH6.107,electric,1.01,0.0,0.0,0.0,0.0,0.0,0.0,0.0
V6ToEastH6.106,1272.0,468_1,0.0,0.0,0.0,1662.0,522_0,56.88,11.92,390.0,2010.28,171.0,7,0.0,229.42,0,tripinfo_V6ToEastH6.106 emissions_V6ToEastH6.106,electric,0.91,0.0,0.0,0.0,0.0,0.0,0.0,0.0
WestH6ToSaxonSt.111,1332.0,524_0,0.0,0.0,0.0,1663.0,771_0,56.88,14.73,331.0,2602.68,120.0,3,0.0,164.11,0,tripinfo_WestH6ToSaxonSt.111 emissions_WestH6ToSaxonSt.111,electric,1.13,0.0,0.0,0.0,0.0,0.0,0.0,0.0
SouthEvansGateToSilbury.81,1458.0,526_0,0.0,0.0,0.0,1664.0,215_1,19.43,13.69,206.0,1477.6,72.0,3,0.0,104.6,0,tripinfo_SouthEvansGateToSilbury.81 emissions_SouthEvansGateToSilbury.81,gasoline_euro4,1.05,18314.393736,614599.249873,97.136844,12.11927,258.191322,196033.076981,0.0
V6ToEastH6.126,1512.0,468_1,0.0,0.0,0.0,1664.0,522_1,56.88,15.23,152.0,2060.88,0.0,0,0.0,19.74,0,tripinfo_V6ToEastH6.126 emissions_V6ToEastH6.126,electric,1.14,0.0,0.0,0.0,0.0,0.0,0.0,0.0
EastAveburyToWestA509.125,1262.0,483_1,0.0,0.0,0.0,1665.0,774_1,29.75,11.63,403.0,2218.32,194.0,5,0.0,230.06,0,tripinfo_EastAveburyToWestA509.125 emissions_EastAveburyToWestA509.125,electric,0.93,0.0,0.0,0.0,0.0,0.0,0.0,0.0
EastSilburyToEastAvebury.56,1296.0,317_0,0.0,0.0,0.0,1665.0,213_1,19.13,13.01,369.0,2102.18,161.0,6,0.0,213.86,0,tripinfo_EastSilburyToEastAvebury.56 emissions_EastSilburyToEastAvebury.56,electric,0.98,0.0,0.0,0.0,0.0,0.0,0.0,0.0
EastAveburyToWestA509.129,1296.0,483_1,0.0,0.0,0.0,1666.0,774_2,29.75,12.77,370.0,2215.02,158.0,5,0.0,208.48,0,tripinfo_EastAveburyToWestA509.129 emissions_EastAveburyToWestA509.129,electric,1.0,0.0,0.0,0.0,0.0,0.0,0.0,0.0
SouthEvansGateToSilbury.80,1440.0,526_0,0.0,0.0,0.0,1667.0,215_1,19.43,13.93,227.0,1477.55,84.0,3,0.0,122.35,0,tripinfo_SouthEvansGateToSilbury.80 emissions_SouthEvansGateToSilbury.80,gasoline_euro4,1.03,21376.299073,693265.288961,113.081342,13.630982,291.351709,221124.999866,0.0
SouthEvansGateToSilbury.77,1386.0,526_0,0.0,0.0,0.0,1669.0,215_1,19.43,13.19,283.0,1460.75,131.0,5,0.0,176.36,0,tripinfo_SouthEvansGateToSilbury.77 emissions_SouthEvansGateToSilbury.77,electric,1.0,0.0,0.0,0.0,0.0,0.0,0.0,0.0
WestH6ToSaxonSt.112,1344.0,524_0,0.0,0.0,0.0,1670.0,771_0,56.88,14.57,326.0,2601.42,101.0,4,0.0,159.63,0,tripinfo_WestH6ToSaxonSt.112 emissions_WestH6ToSaxonSt.112,electric,1.13,0.0,0.0,0.0,0.0,0.0,0.0,0.0
EastAveburyToWestA509.83,905.0,483_1,0.0,0.0,0.0,1672.0,774_0,29.75,12.9,767.0,2328.56,484.0,13,0.0,595.77,0,tripinfo_EastAveburyToWestA509.83 emissions_EastAveburyToWestA509.83,gasoline_euro4,1.02,98073.210095,2112304.937562,495.559252,47.494811,931.383105,673758.082559,0.0
WestA509ToEastH6.34,1224.0,773_0,0.0,0.0,0.0,1675.0,522_0,56.88,13.75,451.0,2750.83,194.0,8,0.0,251.03,0,tripinfo_WestA509ToEastH6.34 emissions_WestA509ToEastH6.34,gasoline_euro4,1.0,43096.371851,1246410.813027,224.418171,24.499001,522.727428,397560.240044,0.0
EastA509ToH6.71,1278.0,770_0,0.0,0.0,0.0,1679.0,522_0,56.88,13.13,401.0,1483.75,249.0,6,0.0,290.15,0,tripinfo_EastA509ToH6.71 emissions_EastA509ToH6.71,gasoline_euro4,0.97,48797.381476,1096947.075404,247.668461,24.12881,479.636822,349890.54144,0.0
EastA509ToH6.70,1260.0,770_0,0.0,0.0,0.0,1681.0,522_1,56.88,14.75,421.0,3272.73,151.0,6,0.0,211.14,0,tripinfo_EastA509ToH6.70 emissions_EastA509ToH6.70,electric,1.13,0.0,0.0,0.0,0.0,0.0,0.0,0.0
WestH6ToSaxonSt.108,1296.0,524_0,0.0,0.0,0.0,1685.0,771_0,56.88,11.28,389.0,2602.7,128.0,3,0.0,161.98,0,tripinfo_WestH6ToSaxonSt.108 emissions_WestH6ToSaxonSt.108,electric,0.83,0.0,0.0,0.0,0.0,0.0,0.0,0.0
V6ToEastH6.131,1572.0,468_1,0.0,0.0,0.0,1685.0,522_1,56.88,15.04,113.0,1512.23,0.0,0,0.0,18.9,0,tripinfo_V6ToEastH6.131 emissions_V6ToEastH6.131,gasoline_euro4,1.16,4383.970599,380514.231394,28.043195,6.248635,148.40921,121366.26987,0.0
EastSilburyToEastAvebury.48,1168.0,317_0,0.0,0.0,0.0,1686.0,213_1,19.13,14.53,518.0,2473.19,275.0,10,0.0,351.42,0,tripinfo_EastSilburyToEastAvebury.48 emissions_EastSilburyToEastAvebury.48,gasoline_euro4,1.09,58061.264374,1455292.177098,297.183241,30.404944,621.909417,464188.67787,0.0
SouthEvansGateToSilbury.78,1404.0,526_0,0.0,0.0,0.0,1686.0,215_1,19.43,15.14,282.0,1471.73,146.0,4,0.0,188.75,0,tripinfo_SouthEvansGateToSilbury.78 emissions_SouthEvansGateToSilbury.78,gasoline_euro4,1.14,32045.647774,860550.674599,165.633745,18.225667,369.627998,274484.629576,0.0
SouthEvansGateToSilbury.82,1476.0,526_0,0.0,0.0,0.0,1688.0,215_1,19.43,13.96,212.0,1471.7,78.0,4,0.0,110.1,0,tripinfo_SouthEvansGateToSilbury.82 emissions_SouthEvansGateToSilbury.82,gasoline_euro4,1.04,19175.577519,623930.066567,101.030065,11.896678,258.182843,199010.144701,0.0
EastSilburyToEastAvebury.49,1184.0,317_0,0.0,0.0,0.0,1691.0,213_0,19.13,13.73,507.0,2473.2,237.0,8,0.0,333.34,0,tripinfo_EastSilburyToEastAvebury.49 emissions_EastSilburyToEastAvebury.49,gasoline_euro4,1.05,54081.117744,1396325.586592,278.144661,29.301748,600.368174,445379.060028,0.0
V6ToEastH6.130,1560.0,468_1,0.0,0.0,0.0,1692.0,522_1,56.88,12.56,132.0,1512.23,0.0,0,0.0,14.43,0,tripinfo_V6ToEastH6.130 emissions_V6ToEastH6.130,gasoline_euro4,0.93,4007.887732,347747.752448,26.075165,5.112095,133.958639,110915.972792,0.0
EastSilburyToEastAvebury.54,1264.0,317_0,0.0,0.0,0.0,1693.0,213_0,19.13,14.43,429.0,2473.2,200.0,7,0.0,256.75,0,tripinfo_EastSilburyToEastAvebury.54 emissions_EastSilburyToEastAvebury.54,gasoline_euro4,1.06,43780.585131,1225422.384676,226.787295,24.67188,516.9379,390865.88056,0.0
EastA509ToH6.73,1314.0,770_0,0.0,0.0,0.0,1693.0,522_0,56.88,14.88,379.0,1483.8,219.0,8,0.0,279.09,0,tripinfo_EastA509ToH6.73 emissions_EastA509ToH6.73,electric,1.07,0.0,0.0,0.0,0.0,0.0,0.0,0.0
WestH6ToSaxonSt.113,1356.0,524_0,0.0,0.0,0.0,1694.0,771_0,56.88,9.91,338.0,2602.68,65.0,2,0.0,99.52,0,tripinfo_WestH6ToSaxonSt.113 emissions_WestH6ToSaxonSt.113,electric,0.79,0.0,0.0,0.0,0.0,0.0,0.0,0.0
WestA509ToAvebury.73,1314.0,773_0,0.0,0.0,0.0,1696.0,213_0,19.13,12.33,382.0,2336.4,155.0,5,0.0,200.92,0,tripinfo_WestA509ToAvebury.73 emissions_WestA509ToAvebury.73,gasoline_euro4,0.94,34838.141479,1008528.445778,181.394916,19.546079,421.838498,321684.599884,0.0
WestA509ToAvebury.74,1335.0,773_0,0.0,0.0,3.0,1697.0,213_0,19.13,14.41,362.0,2336.42,146.0,7,0.0,218.19,0,tripinfo_WestA509ToAvebury.74 emissions_WestA509ToAvebury.74,gasoline_euro4,1.18,34577.345327,1031457.918297,180.605913,20.328028,431.226228,328997.260689,0.0
EastA509ToH6.77,1386.0,770_0,0.0,0.0,0.0,1697.0,522_0,56.88,13.61,311.0,1483.69,156.0,5,0.0,203.68,0,tripinfo_EastA509ToH6.77 emissions_EastA509ToH6.77,electric,1.0,0.0,0.0,0.0,0.0,0.0,0.0,0.0
WestA509ToAvebury.71,1278.0,773_0,0.0,0.0,0.0,1699.0,213_0,19.13,13.77,421.0,2336.45,197.0,5,0.0,258.35,0,tripinfo_WestA509ToAvebury.71 emissions_WestA509ToAvebury.71,gasoline_euro4,1.04,43847.913112,1184601.980448,226.542883,24.25266,503.395361,377846.141732,0.0
EastAveburyToWestA509.139,1381.0,483_1,0.0,0.0,0.0,1701.0,774_0,29.75,12.74,320.0,2394.28,96.0,4,0.0,142.34,0,tripinfo_EastAveburyToWestA509.139 emissions_EastAveburyToWestA509.139,electric,0.98,0.0,0.0,0.0,0.0,0.0,0.0,0.0
WestA509ToAvebury.75,1350.0,773_0,0.0,0.0,0.0,1702.0,213_0,19.13,11.6,352.0,2336.4,122.0,3,0.0,160.69,0,tripinfo_WestA509ToAvebury.75 emissions_WestA509ToAvebury.75,gasoline_euro4,0.89,28206.216384,866542.625594,148.077595,15.959547,356.836598,276396.116015,0.0
V6ToEastH6.127,1524.0,468_1,0.0,0.0,0.0,1702.0,522_1,56.88,12.53,178.0,2060.88,0.0,0,0.0,24.42,0,tripinfo_V6ToEastH6.127 emissions_V6ToEastH6.127,electric,0.98,0.0,0.0,0.0,0.0,0.0,0.0,0.0
EastA509ToH6.76,1368.0,770_0,0.0,0.0,0.0,1705.0,522_1,56.88,16.46,337.0,1483.8,168.0,7,0.0,247.07,0,tripinfo_EastA509ToH6.76 emissions_EastA509ToH6.76,gasoline_euro4,1.19,38930.396248,977377.263015,199.744771,21.218041,424.811551,311749.043103,0.0
EastA509ToH6.78,1404.0,770_0,0.0,0.0,0.0,1706.0,522_0,56.88,12.95,302.0,1483.69,134.0,6,0.0,193.26,0,tripinfo_EastA509ToH6.78 emissions_EastA509ToH6.78,gasoline_euro4,0.99,32063.182604,829304.427325,164.954398,17.242293,355.443283,264519.296892,0.0
EastA509ToH6.75,1350.0,770_0,0.0,0.0,0.0,1708.0,522_0,56.88,14.96,358.0,1483.8,203.0,6,0.0,259.98,0,tripinfo_EastA509ToH6.75 emissions_EastA509ToH6.75,gasoline_euro4,1.1,42765.616781,1046425.502753,218.724971,22.428814,452.020366,333774.101165,0.0
WestH6ToSaxonSt.102,1224.0,524_0,0.0,0.0,0.0,1726.0,771_1,56.88,11.23,502.0,2555.06,236.0,7,0.0,295.07,0,tripinfo_WestH6ToSaxonSt.102 emissions_WestH6ToSaxonSt.102,electric,0.9,0.0,0.0,0.0,0.0,0.0,0.0,0.0
WestH6ToSaxonSt.106,1272.0,524_0,0.0,0.0,0.0,1728.0,771_1,56.88,12.55,456.0,2574.97,196.0,7,0.0,258.0,0,tripinfo_WestH6ToSaxonSt.106 emissions_WestH6ToSaxonSt.106,gasoline_euro4,0.95,44235.29221,1223902.378541,229.394304,24.463531,517.89165,390381.541193,0.0
WestH6ToSaxonSt.105,1260.0,524_0,0.0,0.0,0.0,1730.0,771_1,56.88,12.88,470.0,2767.88,178.0,7,0.0,258.22,0,tripinfo_WestH6ToSaxonSt.105 emissions_WestH6ToSaxonSt.105,gasoline_euro4,0.98,44692.936888,1329459.927874,234.159479,26.667308,564.371471,424048.350111,0.0
WestH6ToSaxonSt.107,1284.0,524_0,0.0,0.0,0.0,1731.0,771_1,56.88,14.38,447.0,2767.85,163.0,8,0.0,247.45,0,tripinfo_WestH6ToSaxonSt.107 emissions_WestH6ToSaxonSt.107,gasoline_euro4,1.04,42751.347511,1317730.143924,224.906407,26.583255,559.164407,420305.856556,0.0
V6ToEastH6.132,1584.0,468_1,0.0,0.0,0.0,1731.0,522_0,56.88,11.07,147.0,1512.23,0.0,0,0.0,16.86,0,tripinfo_V6ToEastH6.132 emissions_V6ToEastH6.132,gasoline_euro4,0.84,4688.207382,350448.301542,29.411784,5.2165,136.724883,111777.59759,0.0
WestH6ToSaxonSt.110,1320.0,524_0,0.0,0.0,0.0,1733.0,771_1,56.88,13.84,413.0,2767.88,136.0,5,0.0,219.87,0,tripinfo_WestH6ToSaxonSt.110 emissions_WestH6ToSaxonSt.110,gasoline_euro4,1.07,38190.932507,1246430.017972,202.633246,25.064903,527.85037,397562.508858,0.0
WestA509ToAvebury.64,1155.0,773_0,0.0,0.0,3.0,1738.0,213_0,19.13,12.74,583.0,2327.58,340.0,12,0.0,409.86,0,tripinfo_WestA509ToAvebury.64 emissions_WestA509ToAvebury.64,gasoline_euro4,0.98,68170.261907,1578370.346859,346.419021,33.651884,681.477394,503448.912295,0.0
EastSilburyToEastAvebury.39,1024.0,317_0,0.0,0.0,0.0,1740.0,213_0,19.13,14.9,716.0,680.89,588.0,12,0.0,670.82,0,tripinfo_EastSilburyToEastAvebury.39 emissions_EastSilburyToEastAvebury.39,gasoline_euro4,1.12,108781.772453,1938156.491691,540.819356,46.781644,877.269325,618218.50272,0.0
V6ToEastH6.136,1632.0,468_1,0.0,0.0,0.0,1741.0,522_1,56.88,15.47,109.0,1511.92,0.0,0,0.0,13.89,0,tripinfo_V6ToEastH6.136 emissions_V6ToEastH6.136,gasoline_euro4,1.15,4084.308091,375316.183409,26.702309,6.157558,145.923897,119708.232695,0.0
EastAveburyToWestA509.140,1390.0,483_0,0.0,0.0,0.0,1742.0,774_0,29.75,13.33,352.0,2257.77,132.0,5,0.0,185.98,0,tripinfo_EastAveburyToWestA509.140 emissions_EastAveburyToWestA509.140,gasoline_euro4,0.99,32193.55292,981708.97411,169.077121,19.374472,412.92447,313128.667239,0.0
EastSilburyToEastAvebury.40,1040.0,317_0,0.0,0.0,0.0,1744.0,213_0,19.13,12.15,704.0,680.89,567.0,11,0.0,648.29,0,tripinfo_EastSilburyToEastAvebury.40 emissions_EastSilburyToEastAvebury.40,gasoline_euro4,0.91,104923.991882,1851097.723033,521.147876,44.648343,838.175355,590449.810006,0.0
EastAveburyToWestA509.137,1364.0,483_0,0.0,0.0,0.0,1744.0,774_0,29.75,14.06,380.0,2254.71,157.0,6,0.0,228.51,0,tripinfo_EastAveburyToWestA509.137 emissions_EastAveburyToWestA509.137,gasoline_euro4,1.09,38154.458758,1116487.256696,199.108645,22.679119,473.137474,356118.134613,0.0
V6ToEastH6.111,1332.0,468_1,0.0,0.0,0.0,1749.0,522_0,56.88,12.99,417.0,2010.33,209.0,8,0.0,270.35,0,tripinfo_V6ToEastH6.111 emissions_V6ToEastH6.111,electric,0.99,0.0,0.0,0.0,0.0,0.0,0.0,0.0
V6ToEastH6.113,1356.0,468_1,0.0,0.0,0.0,1749.0,522_1,56.88,15.97,393.0,2010.33,185.0,7,0.0,273.41,0,tripinfo_V6ToEastH6.113 emissions_V6ToEastH6.113,electric,1.22,0.0,0.0,0.0,0.0,0.0,0.0,0.0
V6ToEastH6.112,1344.0,468_1,0.0,0.0,0.0,1751.0,522_0,56.88,12.22,407.0,2010.33,191.0,7,0.0,257.02,0,tripinfo_V6ToEastH6.112 emissions_V6ToEastH6.112,electric,0.97,0.0,0.0,0.0,0.0,0.0,0.0,0.0
WestH6ToSaxonSt.117,1404.0,524_0,0.0,0.0,0.0,1752.0,771_0,56.88,13.97,348.0,2601.22,132.0,3,0.0,174.07,0,tripinfo_WestH6ToSaxonSt.117 emissions_WestH6ToSaxonSt.117,electric,1.08,0.0,0.0,0.0,0.0,0.0,0.0,0.0
EastAveburyToWestA509.138,1373.0,483_1,0.0,0.0,0.0,1753.0,774_2,29.75,14.31,380.0,2215.02,169.0,7,0.0,233.57,0,tripinfo_EastAveburyToWestA509.138 emissions_EastAveburyToWestA509.138,electric,1.1,0.0,0.0,0.0,0.0,0.0,0.0,0.0
EastSilburyToEastAvebury.55,1280.0,317_1,0.0,0.0,0.0,1754.0,213_1,19.13,10.8,474.0,2638.68,197.0,5,0.0,239.71,0,tripinfo_EastSilburyToEastAvebury.55 emissions_EastSilburyToEastAvebury.55,electric,0.81,0.0,0.0,0.0,0.0,0.0,0.0,0.0
V6ToEastH6.114,1368.0,468_1,0.0,0.0,0.0,1755.0,522_0,56.88,12.49,387.0,2010.33,163.0,7,0.0,238.57,0,tripinfo_V6ToEastH6.114 emissions_V6ToEastH6.114,electric,0.98,0.0,0.0,0.0,0.0,0.0,0.0,0.0
WestH6ToSaxonSt.121,1452.0,524_0,0.0,0.0,0.0,1758.0,771_0,56.88,13.95,306.0,2603.34,82.0,2,0.0,134.41,0,tripinfo_WestH6ToSaxonSt.121 emissions_WestH6ToSaxonSt.121,electric,1.1,0.0,0.0,0.0,0.0,0.0,0.0,0.0
V6ToEastH6.115,1380.0,468_1,0.0,0.0,0.0,1759.0,522_0,56.88,12.43,379.0,2023.87,161.0,6,0.0,220.26,0,tripinfo_V6ToEastH6.115 emissions_V6ToEastH6.115,electric,0.93,0.0,0.0,0.0,0.0,0.0,0.0,0.0
V6ToEastH6.119,1428.0,468_1,0.0,0.0,0.0,1759.0,522_1,56.88,13.61,331.0,2023.91,132.0,5,0.0,185.3,0,tripinfo_V6ToEastH6.119 emissions_V6ToEastH6.119,electric,1.01,0.0,0.0,0.0,0.0,0.0,0.0,0.0
WestA509ToEastH6.39,1404.0,773_0,0.0,0.0,0.0,1762.0,522_0,56.88,12.83,358.0,2754.12,97.0,4,0.0,159.89,0,tripinfo_WestA509ToEastH6.39 emissions_WestA509ToEastH6.39,gasoline_euro4,1.01,27743.20432,995873.882054,148.755149,18.706225,411.792341,317644.710394,0.0
WestH6ToSaxonSt.118,1416.0,524_0,0.0,0.0,0.0,1764.0,771_0,56.88,11.85,348.0,2602.7,101.0,4,0.0,144.81,0,tripinfo_WestH6ToSaxonSt.118 emissions_WestH6ToSaxonSt.118,electric,0.93,0.0,0.0,0.0,0.0,0.0,0.0,0.0
WestH6ToSaxonSt.126,1512.0,524_0,0.0,0.0,0.0,1765.0,771_0,56.88,14.28,253.0,2613.57,54.0,1,0.0,86.15,0,tripinfo_WestH6ToSaxonSt.126 emissions_WestH6ToSaxonSt.126,electric,1.14,0.0,0.0,0.0,0.0,0.0,0.0,0.0
EastA509ToH6.81,1458.0,770_0,0.0,0.0,0.0,1766.0,522_0,56.88,12.44,308.0,1483.69,166.0,4,0.0,196.03,0,tripinfo_EastA509ToH6.81 emissions_EastA509ToH6.81,gasoline_euro4,0.95,33889.611033,865879.795828,174.151422,17.984657,371.100116,276185.861864,0.0
EastA509ToH6.80,1440.0,770_0,0.0,0.0,0.0,1769.0,522_0,56.88,12.17,329.0,1483.8,176.0,4,0.0,214.43,0,tripinfo_EastA509ToH6.80 emissions_EastA509ToH6.80,gasoline_euro4,0.94,36534.393819,894277.092943,186.987822,18.871901,385.631219,285244.245294,0.0
EastAveburyToWestA509.135,1347.0,483_1,0.0,0.0,0.0,1770.0,774_1,29.75,12.64,423.0,2218.32,201.0,7,0.0,247.3,0,tripinfo_EastAveburyToWestA509.135 emissions_EastAveburyToWestA509.135,electric,0.92,0.0,0.0,0.0,0.0,0.0,0.0,0.0
EastSilburyToEastAvebury.57,1312.0,317_0,0.0,0.0,0.0,1774.0,213_0,19.13,13.4,462.0,2492.55,238.0,5,0.0,288.94,0,tripinfo_EastSilburyToEastAvebury.57 emissions_EastSilburyToEastAvebury.57,electric,1.05,0.0,0.0,0.0,0.0,0.0,0.0,0.0
SouthEvansGateToSilbury.83,1494.0,526_0,0.0,0.0,0.0,1774.0,215_1,19.43,14.65,280.0,1471.73,139.0,5,0.0,179.26,0,tripinfo_SouthEvansGateToSilbury.83 emissions_SouthEvansGateToSilbury.83,electric,1.06,0.0,0.0,0.0,0.0,0.0,0.0,0.0
V6ToEastH6.137,1644.0,468_1,0.0,0.0,0.0,1774.0,522_1,56.88,12.23,130.0,1512.23,0.0,0,0.0,17.67,0,tripinfo_V6ToEastH6.137 emissions_V6ToEastH6.137,gasoline_euro4,0.97,4468.643706,374355.831254,28.683836,5.765486,145.639263,119402.554463,0.0
EastSilburyToEastAvebury.60,1360.0,317_0,0.0,0.0,0.0,1776.0,213_0,19.13,14.4,416.0,2473.21,175.0,6,0.0,249.82,0,tripinfo_EastSilburyToEastAvebury.60 emissions_EastSilburyToEastAvebury.60,gasoline_euro4,1.1,40828.610022,1192594.611074,213.148439,23.915895,504.524477,380393.929569,0.0
V6ToEastH6.138,1656.0,468_1,0.0,0.0,0.0,1776.0,522_1,56.88,14.68,120.0,1512.23,0.0,0,0.0,19.95,0,tripinfo_V6ToEastH6.138 emissions_V6ToEastH6.138,electric,1.1,0.0,0.0,0.0,0.0,0.0,0.0,0.0
EastSilburyToEastAvebury.58,1328.0,317_0,0.0,0.0,0.0,1779.0,213_0,19.13,12.17,451.0,2473.15,200.0,5,0.0,245.63,0,tripinfo_EastSilburyToEastAvebury.58 emissions_EastSilburyToEastAvebury.58,gasoline_euro4,0.88,42868.723239,1170412.185356,222.044958,22.839586,492.096397,373321.07432,0.0
EastA509ToH6.82,1476.0,770_0,0.0,0.0,0.0,1779.0,522_0,56.88,13.91,303.0,1483.8,148.0,5,0.0,198.73,0,tripinfo_EastA509ToH6.82 emissions_EastA509ToH6.82,gasoline_euro4,1.03,32946.503747,870907.201244,170.083661,18.203989,373.866489,277788.567539,0.0
EastSilburyToEastAvebury.63,1408.0,317_0,0.0,0.0,0.0,1781.0,213_0,19.13,12.53,373.0,2473.15,131.0,4,0.0,173.15,0,tripinfo_EastSilburyToEastAvebury.63 emissions_EastSilburyToEastAvebury.63,gasoline_euro4,0.91,30162.572433,934918.912764,158.455809,17.257347,385.43785,298205.449326,0.0
EastSilburyToEastAvebury.62,1392.0,317_0,0.0,0.0,0.0,1783.0,213_0,19.13,14.87,391.0,2473.23,138.0,6,0.0,224.78,0,tripinfo_EastSilburyToEastAvebury.62 emissions_EastSilburyToEastAvebury.62,gasoline_euro4,1.09,36080.819857,1110981.367664,189.520329,22.023291,468.252837,354361.320935,0.0
EastA509ToH6.72,1296.0,770_0,0.0,0.0,0.0,1787.0,522_0,56.88,11.79,491.0,3290.4,167.0,4,0.0,217.53,0,tripinfo_EastA509ToH6.72 emissions_EastA509ToH6.72,electric,0.88,0.0,0.0,0.0,0.0,0.0,0.0,0.0
EastSilburyToEastAvebury.65,1440.0,317_0,0.0,0.0,0.0,1787.0,213_0,19.13,13.21,347.0,1590.85,186.0,7,0.0,229.55,0,tripinfo_EastSilburyToEastAvebury.65 emissions_EastSilburyToEastAvebury.65,electric,0.99,0.0,0.0,0.0,0.0,0.0,0.0,0.0
V6ToEastH6.140,1680.0,468_1,0.0,0.0,0.0,1788.0,522_1,56.88,15.48,108.0,1512.23,0.0,0,0.0,14.73,0,tripinfo_V6ToEastH6.140 emissions_V6ToEastH6.140,gasoline_euro4,1.17,4401.862591,391712.861124,28.382268,6.564498,153.782359,124937.889089,0.0
EastSilburyToEastAvebury.59,1344.0,317_0,0.0,0.0,0.0,1789.0,213_0,19.13,12.82,445.0,2780.55,164.0,8,0.0,233.65,0,tripinfo_EastSilburyToEastAvebury.59 emissions_EastSilburyToEastAvebury.59,electric,0.97,0.0,0.0,0.0,0.0,0.0,0.0,0.0
EastA509ToH6.83,1494.0,770_0,0.0,0.0,0.0,1789.0,522_0,56.88,12.78,295.0,1483.8,123.0,6,0.0,181.42,0,tripinfo_EastA509ToH6.83 emissions_EastA509ToH6.83,gasoline_euro4,0.94,29800.680962,801065.225519,154.069607,16.319818,341.725692,255511.596595,0.0
V6ToEastH6.139,1668.0,468_1,0.0,0.0,0.0,1809.0,522_0,56.88,11.57,141.0,1512.23,0.0,0,0.0,11.88,0,tripinfo_V6ToEastH6.139 emissions_V6ToEastH6.139,gasoline_euro4,0.84,3976.368036,341407.755617,25.808592,4.610372,129.365073,108894.286659,0.0
WestH6ToSaxonSt.115,1380.0,524_0,0.0,0.0,0.0,1811.0,771_1,56.88,12.05,431.0,2574.97,172.0,4,0.0,228.8,0,tripinfo_WestH6ToSaxonSt.115 emissions_WestH6ToSaxonSt.115,gasoline_euro4,0.94,39140.663758,1143574.348998,204.079363,21.928764,477.265263,364759.444506,0.0
EastA509ToH6.84,1512.0,770_0,0.0,0.0,0.0,1812.0,522_1,56.88,12.11,300.0,2408.85,66.0,3,0.0,102.95,0,tripinfo_EastA509ToH6.84 emissions_EastA509ToH6.84,electric,0.89,0.0,0.0,0.0,0.0,0.0,0.0,0.0
WestA509ToEastH6.37,1332.0,773_0,0.0,0.0,0.0,1813.0,522_1,56.88,12.03,481.0,2765.34,198.0,5,0.0,256.0,0,tripinfo_WestA509ToEastH6.37 emissions_WestA509ToEastH6.37,electric,0.89,0.0,0.0,0.0,0.0,0.0,0.0,0.0
WestH6ToSaxonSt.114,1368.0,524_0,0.0,0.0,0.0,1813.0,771_1,56.88,12.25,445.0,2767.88,164.0,6,0.0,227.83,0,tripinfo_WestH6ToSaxonSt.114 emissions_WestH6ToSaxonSt.114,gasoline_euro4,0.95,40801.133199,1247819.541175,214.377213,24.571359,526.085144,398007.934065,0.0
EastAveburyToWestA509.141,1398.0,483_0,0.0,0.0,0.0,1814.0,774_0,29.75,14.77,416.0,2257.75,195.0,6,0.0,271.45,0,tripinfo_EastAveburyToWestA509.141 emissions_EastAveburyToWestA509.141,gasoline_euro4,1.14,44099.138967,1194239.875685,228.201984,25.031059,511.009682,380919.560337,0.0
WestH6ToSaxonSt.119,1428.0,524_0,0.0,0.0,0.0,1814.0,771_1,56.88,13.99,386.0,2767.88,119.0,5,0.0,196.62,0,tripinfo_WestH6ToSaxonSt.119 emissions_WestH6ToSaxonSt.119,gasoline_euro4,1.09,34614.681303,1185771.238462,184.751,23.437526,498.646131,378214.147067,0.0
WestA509ToEastH6.41,1476.0,773_0,0.0,0.0,0.0,1816.0,522_1,56.88,12.21,340.0,2720.9,72.0,3,0.0,117.28,0,tripinfo_WestA509ToEastH6.41 emissions_WestA509ToEastH6.41,electric,0.88,0.0,0.0,0.0,0.0,0.0,0.0,0.0
EastAveburyToWestA509.142,1407.0,483_0,0.0,0.0,0.0,1818.0,774_0,29.75,15.79,411.0,2255.59,186.0,5,0.0,265.9,0,tripinfo_EastAveburyToWestA509.142 emissions_EastAveburyToWestA509.142,electric,1.14,0.0,0.0,0.0,0.0,0.0,0.0,0.0
WestA509ToEastH6.36,1296.0,773_0,0.0,0.0,0.0,1819.0,522_0,56.88,11.71,523.0,2765.34,244.0,7,0.0,294.22,0,tripinfo_WestA509ToEastH6.36 emissions_WestA509ToEastH6.36,electric,0.87,0.0,0.0,0.0,0.0,0.0,0.0,0.0
WestH6ToSaxonSt.120,1440.0,524_0,0.0,0.0,0.0,1819.0,771_1,56.88,12.86,379.0,2574.96,120.0,5,0.0,179.6,0,tripinfo_WestH6ToSaxonSt.120 emissions_WestH6ToSaxonSt.120,gasoline_euro4,0.95,31380.717737,1006220.834667,165.75902,19.012219,417.792967,320946.973559,0.0
WestH6ToSaxonSt.124,1488.0,524_0,0.0,0.0,0.0,1820.0,771_1,56.88,14.45,332.0,2555.04,102.0,5,0.0,155.43,0,tripinfo_WestH6ToSaxonSt.124 emissions_WestH6ToSaxonSt.124,gasoline_euro4,1.05,27329.022102,950051.173264,145.710896,18.0446,393.077345,303029.411027,0.0
WestA509ToAvebury.45,810.0,773_0,0.0,0.0,0.0,1825.0,213_0,19.13,15.36,1015.0,2322.44,751.0,17,0.0,872.58,0,tripinfo_WestA509ToAvebury.45 emissions_WestA509ToAvebury.45,gasoline_euro4,1.19,140696.834152,2765914.15709,704.35749,63.870752,1227.503593,882244.614381,0.0
EastAveburyToWestA509.134,1339.0,483_1,0.0,0.0,0.0,1826.0,774_2,29.75,14.04,487.0,2246.81,255.0,7,0.0,324.33,0,tripinfo_EastAveburyToWestA509.134 emissions_EastAveburyToWestA509.134,electric,1.02,0.0,0.0,0.0,0.0,0.0,0.0,0.0
V6ToEastH6.143,1716.0,468_1,0.0,0.0,0.0,1826.0,522_1,56.88,15.42,110.0,1512.23,0.0,0,0.0,14.18,0,tripinfo_V6ToEastH6.143 emissions_V6ToEastH6.143,gasoline_euro4,1.14,4127.987854,391520.16677,27.154927,6.296559,151.672284,124876.603367,0.0
WestA509ToAvebury.50,903.0,773_0,0.0,0.0,3.0,1827.0,213_0,19.13,16.96,924.0,2327.63,648.0,12,0.0,786.75,0,tripinfo_WestA509ToAvebury.50 emissions_WestA509ToAvebury.50,gasoline_euro4,1.24,125182.169245,2519951.192798,628.403053,57.991332,1117.671611,803788.031955,0.0
WestA509ToEastH6.40,1440.0,773_0,0.0,0.0,0.0,1829.0,522_0,56.88,17.61,389.0,2754.12,136.0,10,0.0,235.99,0,tripinfo_WestA509ToEastH6.40 emissions_WestA509ToEastH6.40,gasoline_euro4,1.31,37306.443416,1219952.538849,197.55927,24.647128,512.118149,389117.241058,0.0
WestA509ToAvebury.79,1422.0,773_0,0.0,0.0,0.0,1830.0,213_0,19.13,15.09,408.0,2288.55,207.0,7,0.0,257.77,0,tripinfo_WestA509ToAvebury.79 emissions_WestA509ToAvebury.79,electric,1.11,0.0,0.0,0.0,0.0,0.0,0.0,0.0
EastAveburyToWestA509.152,1492.0,483_1,0.0,0.0,0.0,1830.0,774_2,29.75,12.72,338.0,2237.61,118.0,5,0.0,172.93,0,tripinfo_EastAveburyToWestA509.152 emissions_EastAveburyToWestA509.152,gasoline_euro4,0.99,29429.22181,925730.974153,154.919412,17.900264,386.801714,295273.563442,0.0
WestA509ToAvebury.54,975.0,773_0,0.0,0.0,3.0,1832.0,213_0,19.13,13.35,857.0,2288.57,607.0,12,0.0,697.86,0,tripinfo_WestA509ToAvebury.54 emissions_WestA509ToAvebury.54,electric,1.04,0.0,0.0,0.0,0.0,0.0,0.0,0.0
EastAveburyToWestA509.153,1500.0,483_1,0.0,0.0,0.0,1832.0,774_2,29.75,13.77,332.0,2240.45,108.0,4,0.0,169.65,0,tripinfo_EastAveburyToWestA509.153 emissions_EastAveburyToWestA509.153,gasoline_euro4,1.02,28949.965664,936279.18012,152.946172,18.147551,391.485018,298637.467911,0.0
EastAveburyToWestA509.146,1441.0,483_0,0.0,0.0,0.0,1834.0,774_1,29.75,13.85,393.0,2254.72,177.0,4,0.0,240.91,0,tripinfo_EastAveburyToWestA509.146 emissions_EastAveburyToWestA509.146,gasoline_euro4,1.08,40089.827282,1131782.782667,208.083941,23.11832,480.523191,360997.540514,0.0
V6ToEastH6.129,1548.0,468_1,0.0,0.0,0.0,1836.0,522_1,56.88,13.44,288.0,2010.33,84.0,6,0.0,144.33,0,tripinfo_V6ToEastH6.129 emissions_V6ToEastH6.129,electric,1.01,0.0,0.0,0.0,0.0,0.0,0.0,0.0
V6ToEastH6.123,1476.0,468_1,0.0,0.0,0.0,1837.0,522_0,56.88,12.2,361.0,2010.28,146.0,5,0.0,199.32,0,tripinfo_V6ToEastH6.123 emissions_V6ToEastH6.123,electric,0.9,0.0,0.0,0.0,0.0,0.0,0.0,0.0
EastAveburyToWestA509.136,1356.0,483_0,0.0,0.0,0.0,1838.0,774_0,29.75,11.51,482.0,2264.21,228.0,7,0.0,297.2,0,tripinfo_EastAveburyToWestA509.136 emissions_EastAveburyToWestA509.136,gasoline_euro4,0.9,50233.344869,1278897.900929,258.201756,26.308139,547.436075,407924.814686,0.0
WestA509ToEastH6.42,1512.0,773_0,0.0,0.0,0.0,1839.0,522_0,56.88,12.27,327.0,2754.08,73.0,4,0.0,120.27,0,tripinfo_WestA509ToEastH6.42 emissions_WestA509ToEastH6.42,gasoline_euro4,0.97,21346.938619,878293.965151,116.613449,15.234957,354.263673,280140.819955,0.0
SouthEvansGateToSilbury.85,1530.0,526_0,0.0,0.0,0.0,1841.0,215_1,19.43,14.12,311.0,1457.4,168.0,5,0.0,208.77,0,tripinfo_SouthEvansGateToSilbury.85 emissions_SouthEvansGateToSilbury.85,electric,1.04,0.0,0.0,0.0,0.0,0.0,0.0,0.0
V6ToEastH6.133,1596.0,468_1,0.0,0.0,0.0,1841.0,522_0,56.88,14.7,245.0,2010.33,64.0,2,0.0,111.01,0,tripinfo_V6ToEastH6.133 emissions_V6ToEastH6.133,electric,1.09,0.0,0.0,0.0,0.0,0.0,0.0,0.0
SouthEvansGateToSilbury.84,1512.0,526_0,0.0,0.0,0.0,1843.0,215_1,19.43,13.98,331.0,2424.03,116.0,5,0.0,160.42,0,tripinfo_SouthEvansGateToSilbury.84 emissions_SouthEvansGateToSilbury.84,electric,1.03,0.0,0.0,0.0,0.0,0.0,0.0,0.0
SouthEvansGateToSilbury.90,1620.0,526_0,0.0,0.0,0.0,1845.0,215_1,19.43,12.77,225.0,1477.62,87.0,2,0.0,118.29,0,tripinfo_SouthEvansGateToSilbury.90 emissions_SouthEvansGateToSilbury.90,gasoline_euro4,1.0,20993.247321,663161.879742,110.689701,13.046607,278.364693,211523.545243,0.0
V6ToEastH6.144,1728.0,468_1,0.0,0.0,0.0,1845.0,522_1,56.88,13.93,117.0,1512.23,0.0,0,0.0,13.05,0,tripinfo_V6ToEastH6.144 emissions_V6ToEastH6.144,gasoline_euro4,1.06,3964.426845,363683.915486,26.049137,5.78333,141.442385,115998.291758,0.0
WestH6ToSaxonSt.129,1548.0,524_0,0.0,0.0,0.0,1846.0,771_0,56.88,12.61,298.0,2613.57,62.0,3,0.0,97.29,0,tripinfo_WestH6ToSaxonSt.129 emissions_WestH6ToSaxonSt.129,electric,0.95,0.0,0.0,0.0,0.0,0.0,0.0,0.0
WestH6ToSaxonSt.116,1392.0,524_0,0.0,0.0,0.0,1848.0,771_1,56.88,14.52,456.0,2567.41,225.0,6,0.0,278.54,0,tripinfo_WestH6ToSaxonSt.116 emissions_WestH6ToSaxonSt.116,electric,1.05,0.0,0.0,0.0,0.0,0.0,0.0,0.0
V6ToEastH6.134,1608.0,468_1,0.0,0.0,0.0,1849.0,522_0,56.88,14.74,241.0,2010.33,56.0,3,0.0,110.06,0,tripinfo_V6ToEastH6.134 emissions_V6ToEastH6.134,electric,1.11,0.0,0.0,0.0,0.0,0.0,0.0,0.0
WestH6ToSaxonSt.122,1464.0,524_0,0.0,0.0,0.0,1850.0,771_0,56.88,12.93,386.0,2602.7,150.0,5,0.0,193.3,0,tripinfo_WestH6ToSaxonSt.122 emissions_WestH6ToSaxonSt.122,electric,0.98,0.0,0.0,0.0,0.0,0.0,0.0,0.0
WestH6ToSaxonSt.127,1524.0,524_0,0.0,0.0,0.0,1851.0,771_0,56.88,14.12,327.0,2603.34,88.0,6,0.0,151.34,0,tripinfo_WestH6ToSaxonSt.127 emissions_WestH6ToSaxonSt.127,electric,1.07,0.0,0.0,0.0,0.0,0.0,0.0,0.0
EastAveburyToWestA509.109,1126.0,483_1,0.0,0.0,0.0,1859.0,774_0,29.75,10.56,733.0,2328.55,453.0,10,0.0,524.69,0,tripinfo_EastAveburyToWestA509.109 emissions_EastAveburyToWestA509.109,gasoline_euro4,0.83,88577.26668,1895719.824141,447.474207,41.121177,827.296128,604676.398443,0.0
V6ToEastH6.135,1620.0,468_1,0.0,0.0,0.0,1859.0,522_0,56.88,9.84,239.0,2010.33,14.0,1,0.0,48.22,0,tripinfo_V6ToEastH6.135 emissions_V6ToEastH6.135,electric,0.76,0.0,0.0,0.0,0.0,0.0,0.0,0.0
EastA509ToH6.87,1566.0,770_0,0.0,0.0,0.0,1861.0,522_1,56.88,12.62,295.0,1483.8,135.0,4,0.0,182.37,0,tripinfo_EastA509ToH6.87 emissions_EastA509ToH6.87,electric,0.95,0.0,0.0,0.0,0.0,0.0,0.0,0.0
EastSilburyToEastAvebury.73,1568.0,317_0,0.0,0.0,0.0,1861.0,213_1,19.13,13.78,293.0,2473.21,66.0,4,0.0,124.32,0,tripinfo_EastSilburyToEastAvebury.73 emissions_EastSilburyToEastAvebury.73,gasoline_euro4,1.08,21401.204717,848773.169452,116.407495,15.834847,349.471203,270724.041382,0.0
WestA509ToAvebury.81,1458.0,773_0,0.0,0.0,0.0,1862.0,213_0,19.13,13.25,404.0,2336.4,192.0,4,0.0,233.55,0,tripinfo_WestA509ToAvebury.81 emissions_WestA509ToAvebury.81,gasoline_euro4,1.0,40481.328843,1124656.849086,209.679127,22.512746,474.707527,358725.609793,0.0
SouthEvansGateToSilbury.86,1548.0,526_0,0.0,0.0,0.0,1863.0,215_1,19.43,13.27,315.0,1471.73,179.0,4,0.0,212.18,0,tripinfo_SouthEvansGateToSilbury.86 emissions_SouthEvansGateToSilbury.86,gasoline_euro4,1.04,36386.31942,906642.701823,186.394501,19.22105,390.186387,289187.979974,0.0
EastA509ToH6.88,1584.0,770_0,0.0,0.0,0.0,1863.0,522_1,56.88,14.58,279.0,1483.69,119.0,4,0.0,184.27,0,tripinfo_EastA509ToH6.88 emissions_EastA509ToH6.88,gasoline_euro4,1.14,28275.708115,802077.106317,147.433232,16.683571,344.912029,255832.940102,0.0
WestA509ToAvebury.78,1407.0,773_0,0.0,0.0,3.0,1864.0,213_0,19.13,12.98,457.0,2336.4,218.0,8,0.0,284.47,0,tripinfo_WestA509ToAvebury.78 emissions_WestA509ToAvebury.78,gasoline_euro4,0.99,47609.281931,1229408.482184,244.884459,25.36988,525.310448,392138.884724,0.0
EastA509ToH6.85,1530.0,770_0,0.0,0.0,0.0,1864.0,522_0,56.88,9.41,334.0,1483.69,160.0,4,0.0,194.94,0,tripinfo_EastA509ToH6.85 emissions_EastA509ToH6.85,electric,0.77,0.0,0.0,0.0,0.0,0.0,0.0,0.0
WestA509ToAvebury.86,1551.0,773_0,0.0,0.0,3.0,1864.0,213_1,19.13,13.51,313.0,2336.43,102.0,3,0.0,140.8,0,tripinfo_WestA509ToAvebury.86 emissions_WestA509ToAvebury.86,gasoline_euro4,0.99,24602.532501,849319.919474,131.256065,15.797728,350.229698,270900.538594,0.0
EastA509ToH6.89,1602.0,770_0,0.0,0.0,0.0,1864.0,522_1,56.88,14.22,262.0,1483.8,103.0,4,0.0,158.03,0,tripinfo_EastA509ToH6.89 emissions_EastA509ToH6.89,gasoline_euro4,1.03,25358.304521,739069.217626,132.645995,15.129074,315.978194,235735.600777,0.0
SouthEvansGateToSilbury.89,1602.0,526_0,0.0,0.0,0.0,1865.0,215_1,19.43,12.75,263.0,1471.71,115.0,4,0.0,151.4,0,tripinfo_SouthEvansGateToSilbury.89 emissions_SouthEvansGateToSilbury.89,gasoline_euro4,0.95,25609.637343,707070.690996,132.750919,14.069664,298.474204,225530.654787,0.0
EastSilburyToEastAvebury.66,1456.0,317_1,0.0,0.0,0.0,1866.0,213_0,19.13,13.75,410.0,2116.57,181.0,10,0.0,262.25,0,tripinfo_EastSilburyToEastAvebury.66 emissions_EastSilburyToEastAvebury.66,electric,1.04,0.0,0.0,0.0,0.0,0.0,0.0,0.0
EastSilburyToEastAvebury.74,1584.0,317_0,0.0,0.0,0.0,1867.0,213_1,19.13,11.88,283.0,2473.18,49.0,2,0.0,83.5,0,tripinfo_EastSilburyToEastAvebury.74 emissions_EastSilburyToEastAvebury.74,gasoline_euro4,0.91,16124.617047,721214.984931,89.460746,11.844361,286.836378,230038.7902,0.0
SouthEvansGateToSilbury.88,1584.0,526_0,0.0,0.0,0.0,1867.0,215_1,19.43,15.72,283.0,1471.73,139.0,4,0.0,193.16,0,tripinfo_SouthEvansGateToSilbury.88 emissions_SouthEvansGateToSilbury.88,gasoline_euro4,1.19,31507.961589,854815.226013,163.251251,18.074661,367.877196,272655.041544,0.0
SouthEvansGateToSilbury.91,1638.0,526_0,0.0,0.0,0.0,1868.0,215_1,19.43,14.56,230.0,1471.73,97.0,3,0.0,131.95,0,tripinfo_SouthEvansGateToSilbury.91 emissions_SouthEvansGateToSilbury.91,gasoline_euro4,1.08,22594.14088,673093.188624,118.035971,13.271451,281.631359,214692.075781,0.0
EastSilburyToEastAvebury.64,1424.0,317_0,0.0,0.0,0.0,1870.0,213_0,19.13,10.43,446.0,2492.53,178.0,4,0.0,224.46,0,tripinfo_EastSilburyToEastAvebury.64 emissions_EastSilburyToEastAvebury.64,electric,0.82,0.0,0.0,0.0,0.0,0.0,0.0,0.0
EastSilburyToEastAvebury.71,1536.0,317_0,0.0,0.0,0.0,1872.0,213_0,19.13,13.13,336.0,2473.18,97.0,6,0.0,150.41,0,tripinfo_EastSilburyToEastAvebury.71 emissions_EastSilburyToEastAvebury.71,gasoline_euro4,0.98,26269.983755,921816.543267,140.336393,16.96324,379.071973,294024.101251,0.0
SouthEvansGateToSilbury.87,1566.0,526_0,0.0,0.0,0.0,1873.0,215_1,19.43,10.96,307.0,1471.75,137.0,8,0.0,184.48,0,tripinfo_SouthEvansGateToSilbury.87 emissions_SouthEvansGateToSilbury.87,gasoline_euro4,0.87,31370.176698,798834.476497,161.337596,16.329532,341.601908,254801.05449,0.0
WestA509ToAvebury.85,1530.0,773_0,0.0,0.0,0.0,1875.0,213_0,19.13,11.93,345.0,2336.4,109.0,3,0.0,152.81,0,tripinfo_WestA509ToAvebury.85 emissions_WestA509ToAvebury.85,gasoline_euro4,0.88,27117.07506,890715.716045,143.932836,16.390051,367.990162,284105.20966,0.0
V6ToEastH6.145,1740.0,468_1,0.0,0.0,0.0,1876.0,522_0,56.88,11.83,136.0,1512.23,0.0,0,0.0,11.44,0,tripinfo_V6ToEastH6.145 emissions_V6ToEastH6.145,gasoline_euro4,0.88,3892.225799,336558.061636,25.237058,4.78065,128.761784,107347.161554,0.0
V6ToEastH6.146,1752.0,468_1,0.0,0.0,0.0,1877.0,522_1,56.88,14.1,125.0,1512.23,0.0,0,0.0,19.55,0,tripinfo_V6ToEastH6.146 emissions_V6ToEastH6.146,electric,1.04,0.0,0.0,0.0,0.0,0.0,0.0,0.0
WestH6ToSaxonSt.134,1608.0,524_0,0.0,0.0,0.0,1879.0,771_0,56.88,14.65,271.0,2784.14,46.0,1,0.0,84.76,0,tripinfo_WestH6ToSaxonSt.134 emissions_WestH6ToSaxonSt.134,electric,1.1,0.0,0.0,0.0,0.0,0.0,0.0,0.0
V6ToEastH6.141,1692.0,468_1,0.0,0.0,0.0,1880.0,522_1,56.88,12.56,188.0,2060.88,0.0,0,0.0,28.16,0,tripinfo_V6ToEastH6.141 emissions_V6ToEastH6.141,electric,0.94,0.0,0.0,0.0,0.0,0.0,0.0,0.0
V6ToEastH6.147,1764.0,468_1,0.0,0.0,0.0,1883.0,522_1,56.88,14.0,119.0,1512.23,0.0,0,0.0,15.57,0,tripinfo_V6ToEastH6.147 emissions_V6ToEastH6.147,electric,1.06,0.0,0.0,0.0,0.0,0.0,0.0,0.0
V6ToEastH6.142,1704.0,468_1,0.0,0.0,0.0,1890.0,522_1,56.88,12.46,186.0,2060.88,0.0,0,0.0,20.38,0,tripinfo_V6ToEastH6.142 emissions_V6ToEastH6.142,electric,0.91,0.0,0.0,0.0,0.0,0.0,0.0,0.0
WestA509ToEastH6.38,1368.0,773_0,0.0,0.0,0.0,1893.0,522_1,56.88,12.75,525.0,2765.34,266.0,6,0.0,310.43,0,tripinfo_WestA509ToEastH6.38 emissions_WestA509ToEastH6.38,electric,0.93,0.0,0.0,0.0,0.0,0.0,0.0,0.0
WestA509ToEastH6.44,1584.0,773_0,0.0,0.0,0.0,1899.0,522_1,56.88,14.72,315.0,2720.9,91.0,2,0.0,142.75,0,tripinfo_WestA509ToEastH6.44 emissions_WestA509ToEastH6.44,electric,1.14,0.0,0.0,0.0,0.0,0.0,0.0,0.0
EastA509ToH6.79,1422.0,770_0,0.0,0.0,0.0,1900.0,522_0,56.88,10.97,478.0,3322.54,142.0,7,0.0,198.44,0,tripinfo_EastA509ToH6.79 emissions_EastA509ToH6.79,electric,0.86,0.0,0.0,0.0,0.0,0.0,0.0,0.0
WestH6ToSaxonSt.125,1500.0,524_0,0.0,0.0,0.0,1905.0,771_1,56.88,13.34,405.0,2555.04,163.0,6,0.0,220.03,0,tripinfo_WestH6ToSaxonSt.125 emissions_WestH6ToSaxonSt.125,electric,1.01,0.0,0.0,0.0,0.0,0.0,0.0,0.0
EastAveburyToWestA509.144,1424.0,483_0,0.0,0.0,0.0,1910.0,774_0,29.75,12.95,486.0,2257.76,243.0,6,0.0,321.32,0,tripinfo_EastAveburyToWestA509.144 emissions_EastAveburyToWestA509.144,gasoline_euro4,1.0,53322.009878,1357199.833104,273.916328,28.385579,583.317641,432899.903882,0.0
EastSilburyToEastAvebury.67,1472.0,317_0,0.0,0.0,0.0,1917.0,213_0,19.13,14.55,445.0,1581.8,273.0,11,0.0,342.89,0,tripinfo_EastSilburyToEastAvebury.67 emissions_EastSilburyToEastAvebury.67,electric,1.14,0.0,0.0,0.0,0.0,0.0,0.0,0.0
WestA509ToEastH6.45,1620.0,773_0,0.0,0.0,0.0,1918.0,522_0,56.88,12.67,298.0,2754.12,56.0,2,0.0,95.99,0,tripinfo_WestA509ToEastH6.45 emissions_WestA509ToEastH6.45,gasoline_euro4,0.99,17217.48187,800474.242305,96.349872,13.592616,319.995293,255318.43797,0.0
EastAveburyToWestA509.147,1449.0,483_0,0.0,0.0,0.0,1920.0,774_0,29.75,11.37,471.0,2257.77,214.0,6,0.0,282.1,0,tripinfo_EastAveburyToWestA509.147 emissions_EastAveburyToWestA509.147,gasoline_euro4,0.87,48101.270876,1240023.579372,247.810566,24.986,528.059185,395525.415146,0.0
EastA509ToH6.86,1548.0,770_0,0.0,0.0,0.0,1921.0,522_0,56.88,13.45,373.0,3297.03,57.0,7,0.0,125.99,0,tripinfo_EastA509ToH6.86 emissions_EastA509ToH6.86,electric,0.97,0.0,0.0,0.0,0.0,0.0,0.0,0.0
EastAveburyToWestA509.171,1653.0,483_1,0.0,0.0,0.0,1926.0,774_1,29.75,12.67,273.0,2237.39,37.0,5,0.0,102.2,0,tripinfo_EastAveburyToWestA509.171 emissions_EastAveburyToWestA509.171,electric,0.97,0.0,0.0,0.0,0.0,0.0,0.0,0.0
V6ToEastH6.151,1812.0,468_1,0.0,0.0,0.0,1928.0,522_1,56.88,15.24,116.0,1512.23,0.0,0,0.0,17.22,0,tripinfo_V6ToEastH6.151 emissions_V6ToEastH6.151,gasoline_euro4,1.11,4625.391522,396689.473642,29.521266,6.495957,155.018294,126525.434127,0.0
SouthEvansGateToSilbury.94,1692.0,526_0,0.0,0.0,0.0,1929.0,215_1,19.43,12.84,237.0,1457.43,100.0,3,0.0,132.06,0,tripinfo_SouthEvansGateToSilbury.94 emissions_SouthEvansGateToSilbury.94,electric,1.01,0.0,0.0,0.0,0.0,0.0,0.0,0.0
WestH6ToSaxonSt.135,1620.0,524_0,0.0,0.0,0.0,1932.0,771_0,56.88,13.13,312.0,2602.68,86.0,3,0.0,126.5,0,tripinfo_WestH6ToSaxonSt.135 emissions_WestH6ToSaxonSt.135,electric,1.02,0.0,0.0,0.0,0.0,0.0,0.0,0.0
EastAveburyToWestA509.161,1568.0,483_1,0.0,0.0,0.0,1933.0,774_1,29.75,13.76,365.0,2216.6,145.0,7,0.0,204.9,0,tripinfo_EastAveburyToWestA509.161 emissions_EastAveburyToWestA509.161,electric,1.0,0.0,0.0,0.0,0.0,0.0,0.0,0.0
EastAveburyToWestA509.159,1551.0,483_1,0.0,0.0,0.0,1938.0,774_1,29.75,11.81,387.0,2218.32,159.0,6,0.0,205.33,0,tripinfo_EastAveburyToWestA509.159 emissions_EastAveburyToWestA509.159,electric,0.89,0.0,0.0,0.0,0.0,0.0,0.0,0.0
EastAveburyToWestA509.108,1118.0,483_1,0.0,0.0,0.0,1940.0,774_0,29.75,12.69,822.0,2328.54,542.0,14,0.0,647.16,0,tripinfo_EastAveburyToWestA509.108 emissions_EastAveburyToWestA509.108,gasoline_euro4,0.99,106557.714495,2231923.111354,537.330374,50.34659,986.17633,711914.154033,0.0
EastAveburyToWestA509.130,1305.0,483_1,0.0,0.0,0.0,1941.0,774_0,29.75,13.6,636.0,2328.54,366.0,12,0.0,473.59,0,tripinfo_EastAveburyToWestA509.130 emissions_EastAveburyToWestA509.130,gasoline_euro4,1.06,78225.42962,1802651.943627,397.971728,39.715667,789.309658,574986.075141,0.0
EastA509ToH6.90,1620.0,770_0,0.0,0.0,0.0,1946.0,522_1,56.88,13.74,326.0,1483.75,175.0,4,0.0,218.44,0,tripinfo_EastA509ToH6.90 emissions_EastA509ToH6.90,electric,0.99,0.0,0.0,0.0,0.0,0.0,0.0,0.0
EastA509ToH6.93,1674.0,770_0,0.0,0.0,0.0,1949.0,522_1,56.88,14.63,275.0,1483.8,116.0,4,0.0,174.3,0,tripinfo_EastA509ToH6.93 emissions_EastA509ToH6.93,gasoline_euro4,1.07,28767.652642,819335.260496,150.083181,17.042647,351.945959,261337.592789,0.0
EastSilburyToEastAvebury.77,1632.0,317_0,0.0,0.0,0.0,1950.0,213_0,19.13,13.39,318.0,2473.23,83.0,5,0.0,136.83,0,tripinfo_EastSilburyToEastAvebury.77 emissions_EastSilburyToEastAvebury.77,gasoline_euro4,1.0,24081.230586,894173.737153,129.752011,16.585668,368.669839,285206.033721,0.0
WestA509ToAvebury.91,1638.0,773_0,0.0,0.0,0.0,1950.0,213_1,19.13,13.48,312.0,2336.43,112.0,3,0.0,143.41,0,tripinfo_WestA509ToAvebury.91 emissions_WestA509ToAvebury.91,gasoline_euro4,1.01,25741.692141,881657.621132,136.646062,16.338107,361.173739,281215.271791,0.0
EastA509ToH6.91,1638.0,770_0,0.0,0.0,0.0,1950.0,522_0,56.88,9.7,312.0,1483.64,147.0,4,0.0,176.09,0,tripinfo_EastA509ToH6.91 emissions_EastA509ToH6.91,electric,0.79,0.0,0.0,0.0,0.0,0.0,0.0,0.0
SouthEvansGateToSilbury.92,1656.0,526_0,0.0,0.0,0.0,1951.0,215_1,19.43,12.69,295.0,1471.73,151.0,4,0.0,184.56,0,tripinfo_SouthEvansGateToSilbury.92 emissions_SouthEvansGateToSilbury.92,electric,0.96,0.0,0.0,0.0,0.0,0.0,0.0,0.0
EastA509ToH6.92,1656.0,770_0,0.0,0.0,0.0,1951.0,522_1,56.88,12.21,295.0,1483.69,134.0,4,0.0,177.18,0,tripinfo_EastA509ToH6.92 emissions_EastA509ToH6.92,gasoline_euro4,0.91,29892.090804,796100.491809,154.585232,16.16805,340.028521,253928.221192,0.0
EastSilburyToEastAvebury.75,1600.0,317_0,0.0,0.0,0.0,1952.0,213_1,19.13,12.19,352.0,2473.19,113.0,4,0.0,160.74,0,tripinfo_EastSilburyToEastAvebury.75 emissions_EastSilburyToEastAvebury.75,gasoline_euro4,0.95,28182.590505,941804.474977,149.736972,17.509749,389.135978,300400.136357,0.0
EastA509ToH6.94,1692.0,770_0,0.0,0.0,0.0,1953.0,522_0,56.88,13.74,261.0,1483.8,106.0,4,0.0,158.92,0,tripinfo_EastA509ToH6.94 emissions_EastA509ToH6.94,gasoline_euro4,1.05,26281.364225,769275.181491,137.230339,15.692021,327.321095,245370.195514,0.0
SouthEvansGateToSilbury.93,1674.0,526_0,0.0,0.0,0.0,1954.0,215_1,19.43,12.23,280.0,1471.73,129.0,4,0.0,163.52,0,tripinfo_SouthEvansGateToSilbury.93 emissions_SouthEvansGateToSilbury.93,electric,0.92,0.0,0.0,0.0,0.0,0.0,0.0,0.0
EastSilburyToEastAvebury.70,1520.0,317_0,0.0,0.0,0.0,1955.0,213_0,19.13,9.97,435.0,2492.54,156.0,4,0.0,196.53,0,tripinfo_EastSilburyToEastAvebury.70 emissions_EastSilburyToEastAvebury.70,electric,0.76,0.0,0.0,0.0,0.0,0.0,0.0,0.0
V6ToEastH6.148,1776.0,468_1,0.0,0.0,0.0,1962.0,522_1,56.88,12.54,186.0,2060.88,0.0,0,0.0,27.21,0,tripinfo_V6ToEastH6.148 emissions_V6ToEastH6.148,electric,0.95,0.0,0.0,0.0,0.0,0.0,0.0,0.0
V6ToEastH6.152,1824.0,468_1,0.0,0.0,0.0,1968.0,522_0,56.88,10.25,144.0,1512.23,0.0,0,0.0,12.31,0,tripinfo_V6ToEastH6.152 emissions_V6ToEastH6.152,gasoline_euro4,0.83,4092.799856,335302.057834,26.286954,4.639218,128.170787,106946.792122,0.0
WestH6ToSaxonSt.123,1476.0,524_0,0.0,0.0,0.0,1988.0,771_1,56.88,12.36,512.0,2767.88,228.0,7,0.0,289.34,0,tripinfo_WestH6ToSaxonSt.123 emissions_WestH6ToSaxonSt.123,gasoline_euro4,0.93,50465.904878,1397192.845523,261.759693,27.819902,591.140947,445655.149591,0.0
WestH6ToSaxonSt.131,1572.0,524_0,0.0,0.0,0.0,1990.0,771_1,56.88,12.71,418.0,2574.97,168.0,8,0.0,230.73,0,tripinfo_WestH6ToSaxonSt.131 emissions_WestH6ToSaxonSt.131,gasoline_euro4,1.01,38728.991949,1141434.105184,202.022523,22.286811,477.858688,364076.124691,0.0
V6ToEastH6.156,1872.0,468_1,0.0,0.0,0.0,1990.0,522_1,56.88,13.86,118.0,1512.23,0.0,0,0.0,17.11,0,tripinfo_V6ToEastH6.156 emissions_V6ToEastH6.156,gasoline_euro4,1.09,4107.706624,369615.617417,26.671494,5.781153,142.60796,117890.367904,0.0
WestH6ToSaxonSt.128,1536.0,524_0,0.0,0.0,0.0,1992.0,771_1,56.88,12.43,456.0,2767.87,172.0,7,0.0,239.65,0,tripinfo_WestH6ToSaxonSt.128 emissions_WestH6ToSaxonSt.128,gasoline_euro4,0.96,42062.092973,1268710.419044,220.4831,24.745466,532.69029,404672.015997,0.0
WestH6ToSaxonSt.137,1644.0,524_0,0.0,0.0,0.0,1993.0,771_1,56.88,13.58,349.0,2555.04,128.0,5,0.0,177.92,0,tripinfo_WestH6ToSaxonSt.137 emissions_WestH6ToSaxonSt.137,gasoline_euro4,1.09,30437.207118,991414.920427,160.611542,18.915236,409.616766,316223.998084,0.0
WestH6ToSaxonSt.139,1668.0,524_0,0.0,0.0,0.0,1995.0,771_1,56.88,16.02,327.0,2555.04,97.0,6,0.0,167.92,0,tripinfo_WestH6ToSaxonSt.139 emissions_WestH6ToSaxonSt.139,electric,1.17,0.0,0.0,0.0,0.0,0.0,0.0,0.0
V6ToEastH6.155,1860.0,468_1,0.0,0.0,0.0,2001.0,522_0,56.88,11.19,141.0,1512.23,0.0,0,0.0,12.62,0,tripinfo_V6ToEastH6.155 emissions_V6ToEastH6.155,gasoline_euro4,0.85,3963.813409,343202.726959,25.783198,4.620487,129.841634,109466.815563,0.0
WestA509ToAvebury.82,1478.0,773_0,0.0,0.0,2.0,2002.0,213_0,19.13,12.72,524.0,2328.43,300.0,8,0.0,349.68,0,tripinfo_WestA509ToAvebury.82 emissions_WestA509ToAvebury.82,gasoline_euro4,0.97,58532.770185,1390633.148382,298.103126,29.110577,596.130161,443566.533215,0.0
WestA509ToAvebury.57,1026.0,773_0,0.0,0.0,0.0,2004.0,213_0,19.13,14.11,978.0,2288.57,732.0,14,0.0,825.82,0,tripinfo_WestA509ToAvebury.57 emissions_WestA509ToAvebury.57,electric,1.09,0.0,0.0,0.0,0.0,0.0,0.0,0.0
V6ToEastH6.158,1896.0,468_1,0.0,0.0,0.0,2005.0,522_1,56.88,15.59,109.0,1512.23,0.0,0,0.0,16.78,0,tripinfo_V6ToEastH6.158 emissions_V6ToEastH6.158,gasoline_euro4,1.19,4582.660093,402029.475828,29.435995,6.719706,157.041892,128228.456376,0.0
EastSilburyToEastAvebury.44,1104.0,317_0,0.0,0.0,0.0,2008.0,213_0,19.13,11.83,904.0,1581.86,664.0,17,0.0,774.91,0,tripinfo_EastSilburyToEastAvebury.44 emissions_EastSilburyToEastAvebury.44,electric,0.9,0.0,0.0,0.0,0.0,0.0,0.0,0.0
EastAveburyToWestA509.163,1585.0,483_1,0.0,0.0,0.0,2008.0,774_2,29.75,14.25,423.0,2218.4,212.0,7,0.0,267.2,0,tripinfo_EastAveburyToWestA509.163 emissions_EastAveburyToWestA509.163,electric,1.03,0.0,0.0,0.0,0.0,0.0,0.0,0.0
EastAveburyToWestA509.168,1628.0,483_1,0.0,0.0,0.0,2009.0,774_2,29.75,13.19,381.0,2215.02,176.0,7,0.0,227.21,0,tripinfo_EastAveburyToWestA509.168 emissions_EastAveburyToWestA509.168,electric,1.04,0.0,0.0,0.0,0.0,0.0,0.0,0.0
EastAveburyToWestA509.167,1619.0,483_0,0.0,0.0,0.0,2011.0,774_0,29.75,12.87,392.0,2258.65,174.0,7,0.0,224.49,0,tripinfo_EastAveburyToWestA509.167 emissions_EastAveburyToWestA509.167,gasoline_euro4,0.99,38799.718739,1097244.559919,201.494031,22.055731,464.478204,349981.471492,0.0
EastAveburyToWestA509.180,1730.0,483_1,0.0,0.0,0.0,2011.0,774_2,29.75,14.52,281.0,2237.39,64.0,10,0.0,128.51,0,tripinfo_EastAveburyToWestA509.180 emissions_EastAveburyToWestA509.180,electric,1.08,0.0,0.0,0.0,0.0,0.0,0.0,0.0
V6ToEastH6.157,1884.0,468_1,0.0,0.0,0.0,2012.0,522_1,56.88,12.8,128.0,1512.23,0.0,0,0.0,13.9,0,tripinfo_V6ToEastH6.157 emissions_V6ToEastH6.157,gasoline_euro4,0.96,4088.536157,369904.758788,26.637158,5.411877,141.839786,117982.978568,0.0
EastAveburyToWestA509.160,1560.0,483_1,0.0,0.0,0.0,2017.0,774_0,29.75,12.59,457.0,2325.48,208.0,10,0.0,279.1,0,tripinfo_EastAveburyToWestA509.160 emissions_EastAveburyToWestA509.160,gasoline_euro4,0.97,47498.295431,1295609.918527,246.209066,26.577034,554.24944,413253.260369,0.0
SouthEvansGateToSilbury.101,1818.0,526_0,0.0,0.0,0.0,2017.0,215_1,19.43,11.75,199.0,1477.59,55.0,2,0.0,78.08,0,tripinfo_SouthEvansGateToSilbury.101 emissions_SouthEvansGateToSilbury.101,electric,0.89,0.0,0.0,0.0,0.0,0.0,0.0,0.0
V6ToEastH6.150,1800.0,468_1,0.0,0.0,0.0,2018.0,522_0,56.88,12.09,218.0,2010.28,17.0,2,0.0,52.71,0,tripinfo_V6ToEastH6.150 emissions_V6ToEastH6.150,electric,0.88,0.0,0.0,0.0,0.0,0.0,0.0,0.0
SouthEvansGateToSilbury.100,1800.0,526_0,0.0,0.0,0.0,2018.0,215_1,19.43,12.21,218.0,1477.62,74.0,2,0.0,101.8,0,tripinfo_SouthEvansGateToSilbury.100 emissions_SouthEvansGateToSilbury.100,electric,0.92,0.0,0.0,0.0,0.0,0.0,0.0,0.0
V6ToEastH6.159,1908.0,468_1,0.0,0.0,0.0,2018.0,522_1,56.88,17.15,110.0,1512.23,0.0,0,0.0,23.09,0,tripinfo_V6ToEastH6.159 emissions_V6ToEastH6.159,gasoline_euro4,1.26,5536.294412,439065.684654,34.747782,7.649573,173.608981,140041.258608,0.0
EastAveburyToWestA509.131,1313.0,483_1,0.0,0.0,0.0,2021.0,774_0,29.75,13.28,708.0,2328.54,426.0,11,0.0,533.39,0,tripinfo_EastAveburyToWestA509.131 emissions_EastAveburyToWestA509.131,gasoline_euro4,1.0,87198.26236,1927429.465292,441.733851,42.804168,845.960394,614787.885621,0.0
WestH6ToSaxonSt.142,1704.0,524_0,0.0,0.0,0.0,2028.0,771_0,56.88,13.51,324.0,2602.68,85.0,5,0.0,135.17,0,tripinfo_WestH6ToSaxonSt.142 emissions_WestH6ToSaxonSt.142,electric,1.0,0.0,0.0,0.0,0.0,0.0,0.0,0.0
V6ToEastH6.154,1848.0,468_1,0.0,0.0,0.0,2028.0,522_1,56.88,12.93,180.0,2060.88,3.0,1,0.0,25.36,0,tripinfo_V6ToEastH6.154 emissions_V6ToEastH6.154,electric,0.98,0.0,0.0,0.0,0.0,0.0,0.0,0.0
WestH6ToSaxonSt.143,1716.0,524_0,0.0,0.0,0.0,2030.0,771_0,56.88,13.74,314.0,2602.68,80.0,3,0.0,127.57,0,tripinfo_WestH6ToSaxonSt.143 emissions_WestH6ToSaxonSt.143,electric,1.01,0.0,0.0,0.0,0.0,0.0,0.0,0.0
EastA509ToH6.95,1710.0,770_0,0.0,0.0,0.0,2032.0,522_0,56.88,13.51,322.0,1483.64,177.0,4,0.0,212.25,0,tripinfo_EastA509ToH6.95 emissions_EastA509ToH6.95,gasoline_euro4,0.98,36235.10003,907856.107619,185.772487,19.072378,390.21828,289575.061209,0.0
EastA509ToH6.96,1728.0,770_0,0.0,0.0,0.0,2034.0,522_0,56.88,13.41,306.0,1483.64,154.0,4,0.0,195.15,0,tripinfo_EastA509ToH6.96 emissions_EastA509ToH6.96,gasoline_euro4,0.97,33252.939546,857012.231352,170.898085,17.727762,366.146696,273357.333685,0.0
EastA509ToH6.97,1746.0,770_0,0.0,0.0,0.0,2035.0,522_1,56.88,13.52,289.0,1483.69,142.0,4,0.0,183.88,0,tripinfo_EastA509ToH6.97 emissions_EastA509ToH6.97,gasoline_euro4,1.02,30764.232894,822785.61254,158.892093,16.895259,350.45252,262439.638615,0.0
EastSilburyToEastAvebury.81,1696.0,317_0,0.0,0.0,0.0,2038.0,213_0,19.13,13.88,342.0,2473.23,124.0,6,0.0,171.69,0,tripinfo_EastSilburyToEastAvebury.81 emissions_EastSilburyToEastAvebury.81,gasoline_euro4,1.07,29935.674577,995337.139407,157.835873,18.719439,408.69768,317474.877668,0.0
SouthEvansGateToSilbury.95,1710.0,526_0,0.0,0.0,0.0,2038.0,215_1,19.43,14.52,328.0,1471.7,193.0,5,0.0,226.83,0,tripinfo_SouthEvansGateToSilbury.95 emissions_SouthEvansGateToSilbury.95,gasoline_euro4,1.06,38858.507033,960920.538878,198.974194,20.506007,414.532531,306500.78099,0.0
WestA509ToAvebury.95,1710.0,773_0,0.0,0.0,0.0,2038.0,213_1,19.13,13.19,328.0,2336.44,119.0,3,0.0,151.34,0,tripinfo_WestA509ToAvebury.95 emissions_WestA509ToAvebury.95,gasoline_euro4,0.96,26890.541443,883378.908511,142.373813,16.47913,364.336032,281764.852379,0.0
EastA509ToH6.98,1764.0,770_0,0.0,0.0,0.0,2040.0,522_0,56.88,12.52,276.0,1483.8,113.0,3,0.0,160.5,0,tripinfo_EastA509ToH6.98 emissions_EastA509ToH6.98,electric,0.93,0.0,0.0,0.0,0.0,0.0,0.0,0.0
SouthEvansGateToSilbury.97,1746.0,526_0,0.0,0.0,0.0,2041.0,215_1,19.43,12.6,295.0,1471.7,145.0,4,0.0,182.25,0,tripinfo_SouthEvansGateToSilbury.97 emissions_SouthEvansGateToSilbury.97,gasoline_euro4,0.94,31070.457393,808136.38715,160.044977,16.607251,345.130215,257767.567984,0.0
WestA509ToAvebury.99,1782.0,773_0,0.0,0.0,0.0,2041.0,213_1,19.13,12.21,259.0,2337.28,39.0,1,0.0,71.31,0,tripinfo_WestA509ToAvebury.99 emissions_WestA509ToAvebury.99,gasoline_euro4,0.91,13053.989571,639225.26322,73.71225,10.261846,252.931773,203886.821925,0.0
EastSilburyToEastAvebury.76,1616.0,317_0,0.0,0.0,0.0,2042.0,213_0,19.13,10.83,426.0,2492.54,159.0,4,0.0,200.86,0,tripinfo_EastSilburyToEastAvebury.76 emissions_EastSilburyToEastAvebury.76,electric,0.81,0.0,0.0,0.0,0.0,0.0,0.0,0.0
EastSilburyToEastAvebury.82,1712.0,317_0,0.0,0.0,0.0,2043.0,213_1,19.13,15.22,331.0,2492.6,130.0,4,0.0,187.82,0,tripinfo_EastSilburyToEastAvebury.82 emissions_EastSilburyToEastAvebury.82,electric,1.27,0.0,0.0,0.0,0.0,0.0,0.0,0.0
SouthEvansGateToSilbury.96,1728.0,526_0,0.0,0.0,0.0,2043.0,215_1,19.43,13.75,315.0,1471.73,167.0,4,0.0,210.59,0,tripinfo_SouthEvansGateToSilbury.96 emissions_SouthEvansGateToSilbury.96,gasoline_euro4,1.02,35373.212992,896347.204268,181.678641,19.049706,387.132987,285903.59069,0.0
WestA509ToAvebury.96,1731.0,773_0,0.0,0.0,3.0,2045.0,213_0,19.13,10.59,314.0,2337.25,55.0,2,0.0,92.34,0,tripinfo_WestA509ToAvebury.96 emissions_WestA509ToAvebury.96,gasoline_euro4,0.77,18590.589957,732599.465843,101.435523,11.897715,293.878086,233671.329789,0.0
SouthEvansGateToSilbury.98,1764.0,526_0,0.0,0.0,0.0,2045.0,215_1,19.43,12.19,281.0,1471.73,125.0,5,0.0,163.95,0,tripinfo_SouthEvansGateToSilbury.98 emissions_SouthEvansGateToSilbury.98,gasoline_euro4,0.91,28569.879745,769106.769547,147.888405,15.680446,328.507349,245317.928483,0.0
SouthEvansGateToSilbury.102,1836.0,526_0,0.0,0.0,0.0,2047.0,215_1,19.43,15.45,211.0,1471.73,77.0,3,0.0,115.86,0,tripinfo_SouthEvansGateToSilbury.102 emissions_SouthEvansGateToSilbury.102,gasoline_euro4,1.13,19412.399517,633660.786397,102.692957,12.482454,265.505611,202113.391703,0.0
V6ToEastH6.161,1932.0,468_1,0.0,0.0,0.0,2050.0,522_1,56.88,13.31,118.0,1511.92,0.0,0,0.0,11.71,0,tripinfo_V6ToEastH6.161 emissions_V6ToEastH6.161,electric,1.03,0.0,0.0,0.0,0.0,0.0,0.0,0.0
V6ToEastH6.162,1944.0,468_1,0.0,0.0,0.0,2056.0,522_1,56.88,15.46,112.0,1512.23,0.0,0,0.0,15.85,0,tripinfo_V6ToEastH6.162 emissions_V6ToEastH6.162,electric,1.13,0.0,0.0,0.0,0.0,0.0,0.0,0.0
WestA509ToEastH6.43,1548.0,773_0,0.0,0.0,0.0,2074.0,522_1,56.88,13.0,526.0,2765.35,271.0,5,0.0,320.42,0,tripinfo_WestA509ToEastH6.43 emissions_WestA509ToEastH6.43,electric,0.97,0.0,0.0,0.0,0.0,0.0,0.0,0.0
WestH6ToSaxonSt.140,1680.0,524_0,0.0,0.0,0.0,2074.0,771_1,56.88,15.34,394.0,2555.04,164.0,6,0.0,234.23,0,tripinfo_WestH6ToSaxonSt.140 emissions_WestH6ToSaxonSt.140,electric,1.17,0.0,0.0,0.0,0.0,0.0,0.0,0.0
V6ToEastH6.160,1920.0,468_1,0.0,0.0,0.0,2076.0,522_0,56.88,9.69,156.0,1512.23,0.0,0,0.0,13.6,0,tripinfo_V6ToEastH6.160 emissions_V6ToEastH6.160,electric,0.77,0.0,0.0,0.0,0.0,0.0,0.0,0.0
WestH6ToSaxonSt.133,1596.0,524_0,0.0,0.0,0.0,2078.0,771_1,56.88,15.08,482.0,2574.97,256.0,7,0.0,309.75,0,tripinfo_WestH6ToSaxonSt.133 emissions_WestH6ToSaxonSt.133,gasoline_euro4,1.1,52506.411477,1390222.8703,270.225636,28.748694,591.369526,443432.252848,0.0
WestA509ToEastH6.47,1692.0,773_0,0.0,0.0,0.0,2078.0,522_1,56.88,11.18,386.0,2720.9,120.0,4,0.0,161.96,0,tripinfo_WestA509ToEastH6.47 emissions_WestA509ToEastH6.47,electric,0.88,0.0,0.0,0.0,0.0,0.0,0.0,0.0
V6ToEastH6.163,1956.0,468_1,0.0,0.0,0.0,2078.0,522_0,56.88,14.2,122.0,1512.23,0.0,0,0.0,21.59,0,tripinfo_V6ToEastH6.163 emissions_V6ToEastH6.163,electric,1.09,0.0,0.0,0.0,0.0,0.0,0.0,0.0
WestA509ToAvebury.92,1659.0,773_0,0.0,0.0,3.0,2084.0,213_0,19.13,12.47,425.0,2328.43,214.0,6,0.0,253.59,0,tripinfo_WestA509ToAvebury.92 emissions_WestA509ToAvebury.92,gasoline_euro4,0.99,43797.58528,1156465.138909,225.720286,23.709038,492.497284,368872.056974,0.0
EastAveburyToWestA509.174,1679.0,483_1,0.0,0.0,0.0,2085.0,774_1,29.75,12.65,406.0,2237.39,168.0,11,0.0,239.72,0,tripinfo_EastAveburyToWestA509.174 emissions_EastAveburyToWestA509.174,gasoline_euro4,0.99,39238.567391,1088250.172784,203.505005,21.764731,460.939204,347113.163354,0.0
V6ToEastH6.153,1836.0,468_1,0.0,0.0,0.0,2085.0,522_0,56.88,9.83,249.0,2311.67,3.0,1,0.0,34.37,0,tripinfo_V6ToEastH6.153 emissions_V6ToEastH6.153,electric,0.79,0.0,0.0,0.0,0.0,0.0,0.0,0.0
WestA509ToAvebury.55,990.0,773_0,0.0,0.0,0.0,2086.0,213_0,19.13,15.04,1096.0,2288.83,819.0,17,0.0,942.06,0,tripinfo_WestA509ToAvebury.55 emissions_WestA509ToAvebury.55,electric,1.08,0.0,0.0,0.0,0.0,0.0,0.0,0.0
WestH6ToSaxonSt.130,1560.0,524_0,0.0,0.0,0.0,2086.0,771_1,56.88,12.41,526.0,2767.85,241.0,5,0.0,307.54,0,tripinfo_WestH6ToSaxonSt.130 emissions_WestH6ToSaxonSt.130,gasoline_euro4,0.95,53242.046568,1466833.252371,276.069254,29.638314,624.129188,467867.583233,0.0
SouthEvansGateToSilbury.99,1782.0,526_0,0.0,0.0,0.0,2088.0,215_0,19.43,13.28,306.0,2099.3,107.0,4,0.0,149.04,0,tripinfo_SouthEvansGateToSilbury.99 emissions_SouthEvansGateToSilbury.99,electric,0.97,0.0,0.0,0.0,0.0,0.0,0.0,0.0
EastAveburyToWestA509.176,1696.0,483_1,0.0,0.0,0.0,2090.0,774_2,29.75,15.06,394.0,2218.4,209.0,5,0.0,250.67,0,tripinfo_EastAveburyToWestA509.176 emissions_EastAveburyToWestA509.176,electric,1.12,0.0,0.0,0.0,0.0,0.0,0.0,0.0
EastSilburyToEastAvebury.84,1744.0,317_0,0.0,0.0,0.0,2090.0,213_0,19.13,10.88,346.0,680.87,229.0,7,0.0,283.62,0,tripinfo_EastSilburyToEastAvebury.84 emissions_EastSilburyToEastAvebury.84,electric,0.81,0.0,0.0,0.0,0.0,0.0,0.0,0.0
EastAveburyToWestA509.183,1755.0,483_1,0.0,0.0,0.0,2091.0,774_1,29.75,13.05,336.0,2237.44,93.0,9,0.0,160.86,0,tripinfo_EastAveburyToWestA509.183 emissions_EastAveburyToWestA509.183,gasoline_euro4,0.94,26705.246785,889459.276374,141.850759,16.650966,369.371741,283703.831478,0.0
WestA509ToAvebury.58,1047.0,773_0,0.0,0.0,3.0,2092.0,213_0,19.13,14.18,1045.0,2288.57,762.0,16,0.0,883.37,0,tripinfo_WestA509ToAvebury.58 emissions_WestA509ToAvebury.58,electric,1.03,0.0,0.0,0.0,0.0,0.0,0.0,0.0
EastAveburyToWestA509.182,1747.0,483_1,0.0,0.0,0.0,2098.0,774_2,29.75,14.27,351.0,2237.39,123.0,6,0.0,192.66,0,tripinfo_EastAveburyToWestA509.182 emissions_EastAveburyToWestA509.182,gasoline_euro4,1.05,31725.485785,981316.59771,166.660979,19.190862,411.66228,313003.347313,0.0
V6ToEastH6.164,1968.0,468_1,0.0,0.0,0.0,2098.0,522_1,56.88,12.39,130.0,1512.23,0.0,0,0.0,14.26,0,tripinfo_V6ToEastH6.164 emissions_V6ToEastH6.164,electric,0.94,0.0,0.0,0.0,0.0,0.0,0.0,0.0
WestH6ToSaxonSt.149,1788.0,524_0,0.0,0.0,0.0,2100.0,771_0,56.88,14.35,312.0,2602.68,102.0,3,0.0,143.56,0,tripinfo_WestH6ToSaxonSt.149 emissions_WestH6ToSaxonSt.149,electric,1.12,0.0,0.0,0.0,0.0,0.0,0.0,0.0
V6ToEastH6.165,1980.0,468_1,0.0,0.0,0.0,2100.0,522_1,56.88,12.87,120.0,1512.23,0.0,0,0.0,12.91,0,tripinfo_V6ToEastH6.165 emissions_V6ToEastH6.165,gasoline_euro4,1.02,3906.660553,354331.37347,25.413841,5.525537,137.353452,113015.382104,0.0
V6ToEastH6.166,1992.0,468_1,0.0,0.0,0.0,2108.0,522_1,56.88,14.62,116.0,1512.23,0.0,0,0.0,19.26,0,tripinfo_V6ToEastH6.166 emissions_V6ToEastH6.166,gasoline_euro4,1.13,4965.47287,406651.815525,31.520202,6.859343,160.852956,129702.909279,0.0
WestH6ToSaxonSt.152,1824.0,524_0,0.0,0.0,0.0,2109.0,771_1,56.88,15.02,285.0,2567.3,81.0,3,0.0,117.84,0,tripinfo_WestH6ToSaxonSt.152 emissions_WestH6ToSaxonSt.152,electric,1.11,0.0,0.0,0.0,0.0,0.0,0.0,0.0
WestH6ToSaxonSt.150,1800.0,524_0,0.0,0.0,0.0,2110.0,771_0,56.88,13.2,310.0,2600.76,81.0,2,0.0,121.8,0,tripinfo_WestH6ToSaxonSt.150 emissions_WestH6ToSaxonSt.150,electric,1.0,0.0,0.0,0.0,0.0,0.0,0.0,0.0
EastAveburyToWestA509.162,1577.0,483_1,0.0,0.0,0.0,2111.0,774_0,29.75,13.32,534.0,2325.48,283.0,13,0.0,357.64,0,tripinfo_EastAveburyToWestA509.162 emissions_EastAveburyToWestA509.162,gasoline_euro4,0.98,61175.420627,1530514.890479,314.015924,32.556339,662.332694,488181.449494,0.0
EastAveburyToWestA509.132,1322.0,483_1,0.0,0.0,0.0,2116.0,774_0,29.75,15.48,794.0,2325.48,524.0,11,0.0,642.16,0,tripinfo_EastAveburyToWestA509.132 emissions_EastAveburyToWestA509.132,gasoline_euro4,1.14,104104.810129,2205247.581246,525.054979,50.096894,974.461007,703404.372662,0.0
EastAveburyToWestA509.179,1721.0,483_1,0.0,0.0,0.0,2116.0,774_1,29.75,11.96,395.0,2218.32,174.0,6,0.0,220.59,0,tripinfo_EastAveburyToWestA509.179 emissions_EastAveburyToWestA509.179,electric,0.92,0.0,0.0,0.0,0.0,0.0,0.0,0.0
V6ToEastH6.149,1788.0,468_1,0.0,0.0,0.0,2120.0,522_0,56.88,11.99,332.0,2463.58,92.0,4,0.0,131.86,0,tripinfo_V6ToEastH6.149 emissions_V6ToEastH6.149,electric,0.89,0.0,0.0,0.0,0.0,0.0,0.0,0.0
SouthEvansGateToSilbury.103,1854.0,526_0,0.0,0.0,0.0,2125.0,215_1,19.43,16.07,271.0,1471.7,141.0,4,0.0,180.47,0,tripinfo_SouthEvansGateToSilbury.103 emissions_SouthEvansGateToSilbury.103,gasoline_euro4,1.17,30884.926301,844549.798089,160.205946,17.99361,363.687374,269380.499283,0.0
EastSilburyToEastAvebury.87,1792.0,317_0,0.0,0.0,0.0,2126.0,213_1,19.13,12.53,334.0,2473.19,102.0,5,0.0,147.84,0,tripinfo_EastSilburyToEastAvebury.87 emissions_EastSilburyToEastAvebury.87,gasoline_euro4,0.97,25833.479076,913156.56661,138.157552,16.638794,374.160764,291261.99289,0.0
SouthEvansGateToSilbury.106,1908.0,526_0,0.0,0.0,0.0,2127.0,215_1,19.43,14.64,219.0,1471.7,91.0,4,0.0,123.69,0,tripinfo_SouthEvansGateToSilbury.106 emissions_SouthEvansGateToSilbury.106,electric,1.11,0.0,0.0,0.0,0.0,0.0,0.0,0.0
WestH6ToSaxonSt.148,1776.0,524_0,0.0,0.0,0.0,2128.0,771_0,56.88,10.91,352.0,2602.7,89.0,3,0.0,123.43,0,tripinfo_WestH6ToSaxonSt.148 emissions_WestH6ToSaxonSt.148,electric,0.82,0.0,0.0,0.0,0.0,0.0,0.0,0.0
EastSilburyToEastAvebury.88,1808.0,317_0,0.0,0.0,0.0,2128.0,213_1,19.13,13.62,320.0,2473.18,90.0,4,0.0,141.39,0,tripinfo_EastSilburyToEastAvebury.88 emissions_EastSilburyToEastAvebury.88,gasoline_euro4,1.02,24853.281543,910065.169807,133.684121,17.066159,376.442332,290274.791815,0.0
EastA509ToH6.100,1800.0,770_0,0.0,0.0,0.0,2130.0,522_0,56.88,12.35,330.0,1483.69,167.0,7,0.0,216.6,0,tripinfo_EastA509ToH6.100 emissions_EastA509ToH6.100,electric,0.95,0.0,0.0,0.0,0.0,0.0,0.0,0.0
EastA509ToH6.99,1782.0,770_0,0.0,0.0,0.0,2132.0,522_0,56.88,12.87,350.0,1483.8,188.0,6,0.0,241.3,0,tripinfo_EastA509ToH6.99 emissions_EastA509ToH6.99,gasoline_euro4,0.99,40840.390738,992235.619433,208.844922,21.327649,430.687331,316489.424173,0.0
WestA509ToAvebury.102,1839.0,773_0,0.0,0.0,3.0,2137.0,213_0,19.13,12.42,298.0,2337.25,72.0,3,0.0,109.61,0,tripinfo_WestA509ToAvebury.102 emissions_WestA509ToAvebury.102,gasoline_euro4,0.91,20219.164418,766308.211165,109.336041,13.472436,311.427327,244422.62221,0.0
WestA509ToAvebury.104,1875.0,773_0,0.0,0.0,3.0,2138.0,213_0,19.13,14.27,263.0,2337.27,50.0,3,0.0,104.76,0,tripinfo_WestA509ToAvebury.104 emissions_WestA509ToAvebury.104,gasoline_euro4,1.08,17326.881579,757031.86252,95.96765,13.493942,307.468518,241461.956449,0.0
V6ToEastH6.167,2004.0,468_1,0.0,0.0,0.0,2138.0,522_1,56.88,12.42,134.0,1512.23,0.0,0,0.0,19.26,0,tripinfo_V6ToEastH6.167 emissions_V6ToEastH6.167,electric,0.95,0.0,0.0,0.0,0.0,0.0,0.0,0.0
V6ToEastH6.169,2028.0,468_1,0.0,0.0,0.0,2149.0,522_1,56.88,13.83,121.0,1511.92,0.0,0,0.0,16.9,0,tripinfo_V6ToEastH6.169 emissions_V6ToEastH6.169,electric,1.05,0.0,0.0,0.0,0.0,0.0,0.0,0.0
EastA509ToH6.104,1872.0,770_0,0.0,0.0,0.0,2154.0,522_1,56.88,13.26,282.0,2408.85,71.0,2,0.0,105.69,0,tripinfo_EastA509ToH6.104 emissions_EastA509ToH6.104,electric,0.99,0.0,0.0,0.0,0.0,0.0,0.0,0.0
WestH6ToSaxonSt.132,1584.0,524_0,0.0,0.0,0.0,2159.0,771_1,56.88,14.73,575.0,2767.88,311.0,10,0.0,390.96,0,tripinfo_WestH6ToSaxonSt.132 emissions_WestH6ToSaxonSt.132,gasoline_euro4,1.12,66475.496004,1723846.035802,342.360314,36.848879,744.219802,549845.746767,0.0
WestH6ToSaxonSt.138,1656.0,524_0,0.0,0.0,0.0,2166.0,771_1,56.88,12.52,510.0,2555.07,255.0,7,0.0,315.47,0,tripinfo_WestH6ToSaxonSt.138 emissions_WestH6ToSaxonSt.138,electric,0.96,0.0,0.0,0.0,0.0,0.0,0.0,0.0
WestH6ToSaxonSt.136,1632.0,524_0,0.0,0.0,0.0,2168.0,771_1,56.88,15.28,536.0,2767.88,272.0,10,0.0,360.64,0,tripinfo_WestH6ToSaxonSt.136 emissions_WestH6ToSaxonSt.136,gasoline_euro4,1.18,60789.419654,1647124.390157,314.767451,34.750894,707.418294,525373.098567,0.0
EastAveburyToWestA509.177,1704.0,483_0,0.0,0.0,0.0,2168.0,774_0,29.75,14.65,464.0,2258.65,258.0,9,0.0,317.76,0,tripinfo_EastAveburyToWestA509.177 emissions_EastAveburyToWestA509.177,gasoline_euro4,1.13,54029.917634,1380145.329104,277.48886,29.418542,594.520392,440218.03181,0.0
WestH6ToSaxonSt.144,1728.0,524_0,0.0,0.0,0.0,2169.0,771_1,56.88,14.25,441.0,2767.87,167.0,7,0.0,244.26,0,tripinfo_WestH6ToSaxonSt.144 emissions_WestH6ToSaxonSt.144,gasoline_euro4,1.05,42699.887765,1318053.5895,224.388561,26.36042,556.902261,420409.256634,0.0
V6ToEastH6.170,2040.0,468_1,0.0,0.0,0.0,2170.0,522_1,56.88,13.02,130.0,1512.23,0.0,0,0.0,16.71,0,tripinfo_V6ToEastH6.170 emissions_V6ToEastH6.170,gasoline_euro4,0.96,4396.427463,373124.076527,28.054222,5.703836,144.864366,119009.660546,0.0
WestH6ToSaxonSt.147,1764.0,524_0,0.0,0.0,0.0,2171.0,771_1,56.88,14.9,407.0,2555.02,153.0,6,0.0,236.01,0,tripinfo_WestH6ToSaxonSt.147 emissions_WestH6ToSaxonSt.147,electric,1.09,0.0,0.0,0.0,0.0,0.0,0.0,0.0
V6ToEastH6.168,2016.0,468_1,0.0,0.0,0.0,2172.0,522_0,56.88,9.8,156.0,1512.23,0.0,0,0.0,13.68,0,tripinfo_V6ToEastH6.168 emissions_V6ToEastH6.168,gasoline_euro4,0.77,4551.824,335760.133104,28.331419,4.340278,127.161173,107093.461614,0.0
EastAveburyToWestA509.151,1483.0,483_1,0.0,0.0,0.0,2177.0,774_2,29.75,12.75,694.0,2245.32,402.0,18,0.0,530.83,0,tripinfo_EastAveburyToWestA509.151 emissions_EastAveburyToWestA509.151,gasoline_euro4,1.0,86660.146928,1877110.814405,438.114637,41.581589,823.711172,598739.060558,0.0
EastAveburyToWestA509.186,1781.0,483_0,0.0,0.0,0.0,2177.0,774_0,29.75,14.03,396.0,2258.13,182.0,13,0.0,244.39,0,tripinfo_EastAveburyToWestA509.186 emissions_EastAveburyToWestA509.186,gasoline_euro4,1.09,42036.643518,1191725.57115,218.452865,24.600386,507.431104,380116.720994,0.0
EastAveburyToWestA509.188,1798.0,483_0,0.0,0.0,0.0,2180.0,774_0,29.75,14.16,382.0,2254.73,170.0,6,0.0,225.19,0,tripinfo_EastAveburyToWestA509.188 emissions_EastAveburyToWestA509.188,gasoline_euro4,1.05,38626.328101,1117107.124417,201.053557,22.425748,471.463795,356316.426093,0.0
EastAveburyToWestA509.194,1849.0,483_0,0.0,0.0,0.0,2184.0,774_0,29.75,13.55,335.0,2254.71,125.0,4,0.0,166.87,0,tripinfo_EastAveburyToWestA509.194 emissions_EastAveburyToWestA509.194,gasoline_euro4,0.98,29360.692883,932763.262408,154.944849,17.933508,389.037315,297516.572831,0.0
V6ToEastH6.172,2064.0,468_1,0.0,0.0,0.0,2184.0,522_1,56.88,13.94,120.0,1512.23,0.0,0,0.0,17.46,0,tripinfo_V6ToEastH6.172 emissions_V6ToEastH6.172,gasoline_euro4,1.06,4270.032708,380350.004456,27.481841,5.938227,146.652155,121314.172426,0.0
WestA509ToAvebury.90,1623.0,773_0,0.0,0.0,3.0,2185.0,213_0,19.13,13.48,562.0,2288.66,323.0,15,0.0,395.88,0,tripinfo_WestA509ToAvebury.90 emissions_WestA509ToAvebury.90,electric,1.0,0.0,0.0,0.0,0.0,0.0,0.0,0.0
EastAveburyToWestA509.196,1866.0,483_1,0.0,0.0,0.0,2188.0,774_1,29.75,15.42,322.0,2215.5,131.0,3,0.0,182.85,0,tripinfo_EastAveburyToWestA509.196 emissions_EastAveburyToWestA509.196,electric,1.15,0.0,0.0,0.0,0.0,0.0,0.0,0.0
EastAveburyToWestA509.190,1815.0,483_1,0.0,0.0,0.0,2189.0,774_2,29.75,12.77,374.0,2218.4,172.0,5,0.0,213.67,0,tripinfo_EastAveburyToWestA509.190 emissions_EastAveburyToWestA509.190,electric,1.0,0.0,0.0,0.0,0.0,0.0,0.0,0.0
V6ToEastH6.173,2076.0,468_1,0.0,0.0,0.0,2189.0,522_1,56.88,14.71,113.0,1512.23,0.0,0,0.0,14.84,0,tripinfo_V6ToEastH6.173 emissions_V6ToEastH6.173,gasoline_euro4,1.12,4387.595258,393099.442706,28.617997,6.464351,153.581039,125380.321976,0.0
SouthEvansGateToSilbury.104,1872.0,526_0,0.0,0.0,0.0,2193.0,215_1,19.43,11.53,321.0,2424.04,79.0,4,0.0,113.41,0,tripinfo_SouthEvansGateToSilbury.104 emissions_SouthEvansGateToSilbury.104,electric,0.85,0.0,0.0,0.0,0.0,0.0,0.0,0.0
EastAveburyToWestA509.191,1823.0,483_1,0.0,0.0,0.0,2194.0,774_2,29.75,12.96,371.0,2215.02,165.0,5,0.0,209.71,0,tripinfo_EastAveburyToWestA509.191 emissions_EastAveburyToWestA509.191,electric,1.0,0.0,0.0,0.0,0.0,0.0,0.0,0.0
WestH6ToSaxonSt.156,1872.0,524_0,0.0,0.0,0.0,2195.0,771_0,56.88,14.83,323.0,2603.34,102.0,4,0.0,150.86,0,tripinfo_WestH6ToSaxonSt.156 emissions_WestH6ToSaxonSt.156,electric,1.09,0.0,0.0,0.0,0.0,0.0,0.0,0.0
WestA509ToEastH6.50,1800.0,773_0,0.0,0.0,0.0,2196.0,522_0,56.88,12.17,396.0,2754.89,126.0,5,0.0,172.81,0,tripinfo_WestA509ToEastH6.50 emissions_WestA509ToEastH6.50,gasoline_euro4,0.9,31283.333301,1037826.891582,166.081252,18.967118,427.168937,331028.177449,0.0
EastA509ToH6.102,1836.0,770_0,0.0,0.0,0.0,2200.0,522_0,56.88,13.96,364.0,1483.8,198.0,7,0.0,262.15,0,tripinfo_EastA509ToH6.102 emissions_EastA509ToH6.102,electric,1.06,0.0,0.0,0.0,0.0,0.0,0.0,0.0
WestH6ToSaxonSt.154,1848.0,524_0,0.0,0.0,0.0,2202.0,771_0,56.88,11.49,354.0,2613.57,106.0,4,0.0,145.52,0,tripinfo_WestH6ToSaxonSt.154 emissions_WestH6ToSaxonSt.154,electric,0.91,0.0,0.0,0.0,0.0,0.0,0.0,0.0
EastA509ToH6.101,1818.0,770_0,0.0,0.0,0.0,2203.0,522_0,56.88,13.94,385.0,1483.69,209.0,9,0.0,285.23,0,tripinfo_EastA509ToH6.101 emissions_EastA509ToH6.101,gasoline_euro4,1.07,46142.023129,1090720.903442,235.183858,23.647544,474.153196,347903.453031,0.0
EastA509ToH6.103,1854.0,770_0,0.0,0.0,0.0,2206.0,522_0,56.88,13.37,352.0,1483.8,174.0,5,0.0,247.55,0,tripinfo_EastA509ToH6.103 emissions_EastA509ToH6.103,electric,1.03,0.0,0.0,0.0,0.0,0.0,0.0,0.0
WestA509ToEastH6.46,1656.0,773_0,0.0,0.0,0.0,2213.0,522_0,56.88,11.87,557.0,2756.02,263.0,8,0.0,326.69,0,tripinfo_WestA509ToEastH6.46 emissions_WestA509ToEastH6.46,electric,0.86,0.0,0.0,0.0,0.0,0.0,0.0,0.0
WestA509ToEastH6.48,1728.0,773_0,0.0,0.0,0.0,2214.0,522_1,56.88,14.01,486.0,2756.02,216.0,6,0.0,287.59,0,tripinfo_WestA509ToEastH6.48 emissions_WestA509ToEastH6.48,gasoline_euro4,1.01,48010.835518,1336443.931007,248.759078,26.821562,564.840784,426278.017862,0.0
EastSilburyToEastAvebury.90,1840.0,317_0,0.0,0.0,0.0,2214.0,213_1,19.13,13.78,374.0,2473.21,122.0,5,0.0,196.72,0,tripinfo_EastSilburyToEastAvebury.90 emissions_EastSilburyToEastAvebury.90,gasoline_euro4,1.03,33100.498527,1050318.959548,174.557463,20.531815,440.815331,335011.996378,0.0
SouthEvansGateToSilbury.105,1890.0,526_0,0.0,0.0,0.0,2214.0,215_1,19.43,14.59,324.0,1471.73,190.0,4,0.0,224.52,0,tripinfo_SouthEvansGateToSilbury.105 emissions_SouthEvansGateToSilbury.105,electric,1.07,0.0,0.0,0.0,0.0,0.0,0.0,0.0
WestA509ToAvebury.100,1803.0,773_0,0.0,0.0,3.0,2215.0,213_0,19.13,12.36,412.0,2336.45,181.0,5,0.0,234.86,0,tripinfo_WestA509ToAvebury.100 emissions_WestA509ToAvebury.100,gasoline_euro4,0.96,40270.042618,1122283.827845,209.145872,22.71331,477.122395,357968.304808,0.0
WestA509ToAvebury.105,1890.0,773_0,0.0,0.0,0.0,2216.0,213_1,19.13,13.1,326.0,2337.28,124.0,3,0.0,156.73,0,tripinfo_WestA509ToAvebury.105 emissions_WestA509ToAvebury.105,gasoline_euro4,1.0,27940.457944,914121.589504,147.455937,17.246601,377.301783,291570.441558,0.0
EastA509ToH6.106,1908.0,770_0,0.0,0.0,0.0,2216.0,522_0,56.88,12.57,308.0,1483.69,150.0,4,0.0,200.07,0,tripinfo_EastA509ToH6.106 emissions_EastA509ToH6.106,gasoline_euro4,1.0,33451.051799,871843.033395,172.40348,18.252783,374.901098,278087.314683,0.0
EastA509ToH6.107,1926.0,770_0,0.0,0.0,0.0,2216.0,522_1,56.88,14.95,290.0,1483.69,136.0,4,0.0,198.46,0,tripinfo_EastA509ToH6.107 emissions_EastA509ToH6.107,electric,1.17,0.0,0.0,0.0,0.0,0.0,0.0,0.0
EastSilburyToEastAvebury.86,1776.0,317_0,0.0,0.0,0.0,2217.0,213_0,19.13,12.65,441.0,2492.53,200.0,5,0.0,242.07,0,tripinfo_EastSilburyToEastAvebury.86 emissions_EastSilburyToEastAvebury.86,electric,0.91,0.0,0.0,0.0,0.0,0.0,0.0,0.0
SouthEvansGateToSilbury.108,1944.0,526_0,0.0,0.0,0.0,2217.0,215_1,19.43,12.17,273.0,1471.71,120.0,4,0.0,154.87,0,tripinfo_SouthEvansGateToSilbury.108 emissions_SouthEvansGateToSilbury.108,electric,0.9,0.0,0.0,0.0,0.0,0.0,0.0,0.0
SouthEvansGateToSilbury.107,1926.0,526_0,0.0,0.0,0.0,2219.0,215_1,19.43,11.89,293.0,1471.7,138.0,4,0.0,178.45,0,tripinfo_SouthEvansGateToSilbury.107 emissions_SouthEvansGateToSilbury.107,electric,0.93,0.0,0.0,0.0,0.0,0.0,0.0,0.0
EastSilburyToEastAvebury.93,1888.0,317_0,0.0,0.0,0.0,2220.0,213_1,19.13,10.7,332.0,2473.13,80.0,3,0.0,118.81,0,tripinfo_EastSilburyToEastAvebury.93 emissions_EastSilburyToEastAvebury.93,gasoline_euro4,0.85,21923.997556,819738.523086,118.628452,14.090836,332.169078,261465.339656,0.0
EastA509ToH6.105,1890.0,770_0,0.0,0.0,0.0,2221.0,522_0,56.88,13.22,331.0,1483.8,170.0,4,0.0,220.1,0,tripinfo_EastA509ToH6.105 emissions_EastA509ToH6.105,gasoline_euro4,0.97,37124.671164,933324.875557,190.672839,19.979957,405.087765,297698.146086,0.0
SouthEvansGateToSilbury.109,1962.0,526_0,0.0,0.0,0.0,2221.0,215_1,19.43,14.92,259.0,1471.73,112.0,4,0.0,161.86,0,tripinfo_SouthEvansGateToSilbury.109 emissions_SouthEvansGateToSilbury.109,electric,1.1,0.0,0.0,0.0,0.0,0.0,0.0,0.0
EastSilburyToEastAvebury.99,1984.0,317_0,0.0,0.0,0.0,2224.0,213_1,19.13,15.75,240.0,1590.83,94.0,6,0.0,141.23,0,tripinfo_EastSilburyToEastAvebury.99 emissions_EastSilburyToEastAvebury.99,electric,1.18,0.0,0.0,0.0,0.0,0.0,0.0,0.0
V6ToEastH6.175,2100.0,468_1,0.0,0.0,0.0,2227.0,522_1,56.88,13.21,127.0,1511.92,0.0,0,0.0,15.47,0,tripinfo_V6ToEastH6.175 emissions_V6ToEastH6.175,electric,0.98,0.0,0.0,0.0,0.0,0.0,0.0,0.0
WestA509ToEastH6.52,1872.0,773_0,0.0,0.0,0.0,2236.0,522_1,56.88,13.47,364.0,2720.9,142.0,3,0.0,176.12,0,tripinfo_WestA509ToEastH6.52 emissions_WestA509ToEastH6.52,electric,1.05,0.0,0.0,0.0,0.0,0.0,0.0,0.0
V6ToEastH6.171,2052.0,468_1,0.0,0.0,0.0,2250.0,522_1,56.88,12.62,198.0,2060.88,0.0,0,0.0,35.35,0,tripinfo_V6ToEastH6.171 emissions_V6ToEastH6.171,electric,0.92,0.0,0.0,0.0,0.0,0.0,0.0,0.0
V6ToEastH6.176,2112.0,468_1,0.0,0.0,0.0,2252.0,522_1,56.88,12.47,140.0,1512.23,0.0,0,0.0,28.83,0,tripinfo_V6ToEastH6.176 emissions_V6ToEastH6.176,gasoline_euro4,0.98,5682.079066,403123.085319,35.080464,6.668794,160.959844,128577.969414,0.0
WestH6ToSaxonSt.145,1740.0,524_0,0.0,0.0,0.0,2254.0,771_1,56.88,11.8,514.0,2555.04,260.0,7,0.0,316.22,0,tripinfo_WestH6ToSaxonSt.145 emissions_WestH6ToSaxonSt.145,electric,0.94,0.0,0.0,0.0,0.0,0.0,0.0,0.0
EastSilburyToEastAvebury.50,1200.0,317_0,0.0,0.0,0.0,2258.0,213_0,19.13,13.62,1058.0,680.89,876.0,20,0.0,1006.78,0,tripinfo_EastSilburyToEastAvebury.50 emissions_EastSilburyToEastAvebury.50,gasoline_euro4,1.0,162975.996907,2792526.199594,807.611539,68.241471,1269.69809,890741.889186,0.0
EastSilburyToEastAvebury.51,1216.0,317_0,0.0,0.0,0.0,2259.0,213_0,19.13,12.68,1043.0,680.89,864.0,20,0.0,990.92,0,tripinfo_EastSilburyToEastAvebury.51 emissions_EastSilburyToEastAvebury.51,gasoline_euro4,0.96,160329.055195,2751018.784192,794.588054,67.115257,1250.224011,877502.102828,0.0
EastSilburyToEastAvebury.85,1760.0,317_0,0.0,0.0,0.0,2261.0,213_0,19.13,14.42,501.0,680.87,379.0,11,0.0,452.57,0,tripinfo_EastSilburyToEastAvebury.85 emissions_EastSilburyToEastAvebury.85,electric,1.04,0.0,0.0,0.0,0.0,0.0,0.0,0.0
V6ToEastH6.178,2136.0,468_1,0.0,0.0,0.0,2264.0,522_1,56.88,12.86,128.0,1512.23,0.0,0,0.0,14.51,0,tripinfo_V6ToEastH6.178 emissions_V6ToEastH6.178,gasoline_euro4,0.96,4257.492073,363950.29522,27.44659,5.631272,141.749369,116083.569347,0.0
WestH6ToSaxonSt.141,1692.0,524_0,0.0,0.0,0.0,2266.0,771_0,56.88,13.01,574.0,2767.88,278.0,7,0.0,368.53,0,tripinfo_WestH6ToSaxonSt.141 emissions_WestH6ToSaxonSt.141,gasoline_euro4,1.01,61970.634512,1622618.090334,319.286726,33.604226,695.156179,517558.39646,0.0
WestH6ToSaxonSt.146,1752.0,524_0,0.0,0.0,0.0,2266.0,771_1,56.88,10.21,514.0,2555.05,217.0,5,0.0,276.27,0,tripinfo_WestH6ToSaxonSt.146 emissions_WestH6ToSaxonSt.146,gasoline_euro4,0.78,48574.596506,1259950.407354,250.336184,24.600895,532.112208,401882.058517,0.0
EastAveburyToWestA509.198,1883.0,483_1,0.0,0.0,0.0,2267.0,774_2,29.75,14.7,384.0,2215.02,189.0,4,0.0,243.68,0,tripinfo_EastAveburyToWestA509.198 emissions_EastAveburyToWestA509.198,electric,1.15,0.0,0.0,0.0,0.0,0.0,0.0,0.0
WestH6ToSaxonSt.153,1836.0,524_0,0.0,0.0,0.0,2268.0,771_1,56.88,13.24,432.0,2767.88,143.0,4,0.0,233.37,0,tripinfo_WestH6ToSaxonSt.153 emissions_WestH6ToSaxonSt.153,gasoline_euro4,1.04,39230.444136,1239079.886083,207.065134,24.575381,523.603264,395219.251973,0.0
V6ToEastH6.177,2124.0,468_1,0.0,0.0,0.0,2269.0,522_1,56.88,11.01,145.0,1512.23,0.0,0,0.0,18.91,0,tripinfo_V6ToEastH6.177 emissions_V6ToEastH6.177,gasoline_euro4,0.87,4936.513082,374570.968459,30.904425,5.496548,144.955663,119471.759191,0.0
V6ToEastH6.174,2088.0,468_1,0.0,0.0,0.0,2270.0,522_0,56.88,8.39,182.0,1512.23,0.0,0,0.0,21.05,0,tripinfo_V6ToEastH6.174 emissions_V6ToEastH6.174,electric,0.68,0.0,0.0,0.0,0.0,0.0,0.0,0.0
EastAveburyToWestA509.197,1874.0,483_1,0.0,0.0,0.0,2277.0,774_1,29.75,12.41,403.0,2218.4,202.0,5,0.0,238.31,0,tripinfo_EastAveburyToWestA509.197 emissions_EastAveburyToWestA509.197,electric,0.98,0.0,0.0,0.0,0.0,0.0,0.0,0.0
WestH6ToSaxonSt.166,1992.0,524_0,0.0,0.0,0.0,2279.0,771_0,56.88,14.54,287.0,2602.68,70.0,3,0.0,108.87,0,tripinfo_WestH6ToSaxonSt.166 emissions_WestH6ToSaxonSt.166,electric,1.05,0.0,0.0,0.0,0.0,0.0,0.0,0.0
V6ToEastH6.179,2148.0,468_1,0.0,0.0,0.0,2279.0,522_1,56.88,12.04,131.0,1512.23,0.0,0,0.0,13.63,0,tripinfo_V6ToEastH6.179 emissions_V6ToEastH6.179,gasoline_euro4,0.93,3875.523879,355963.401572,25.442696,5.007552,135.131411,113536.528378,0.0
SouthEvansGateToSilbury.110,1980.0,526_0,0.0,0.0,0.0,2281.0,215_1,19.43,11.83,301.0,2424.04,67.0,3,0.0,105.5,0,tripinfo_SouthEvansGateToSilbury.110 emissions_SouthEvansGateToSilbury.110,electric,0.9,0.0,0.0,0.0,0.0,0.0,0.0,0.0
V6ToEastH6.180,2160.0,468_1,0.0,0.0,0.0,2281.0,522_1,56.88,14.03,121.0,1512.23,0.0,0,0.0,13.97,0,tripinfo_V6ToEastH6.180 emissions_V6ToEastH6.180,gasoline_euro4,1.02,3878.339732,367041.43769,25.629013,5.55344,141.286217,117069.40909,0.0
EastAveburyToWestA509.166,1611.0,483_1,0.0,0.0,0.0,2283.0,774_0,29.75,11.14,672.0,2325.5,412.0,8,0.0,474.8,0,tripinfo_EastAveburyToWestA509.166 emissions_EastAveburyToWestA509.166,gasoline_euro4,0.88,80559.048712,1782342.443677,408.289767,38.816299,778.36337,568510.618002,0.0
EastAveburyToWestA509.143,1415.0,483_1,0.0,0.0,0.0,2286.0,774_0,29.75,13.86,871.0,2328.54,595.0,15,0.0,698.48,0,tripinfo_EastAveburyToWestA509.143 emissions_EastAveburyToWestA509.143,gasoline_euro4,1.01,115755.173235,2396345.204136,582.516731,54.330928,1059.639297,764360.217004,0.0
V6ToEastH6.182,2184.0,468_1,0.0,0.0,0.0,2294.0,522_1,56.88,15.61,110.0,1512.23,0.0,0,0.0,13.53,0,tripinfo_V6ToEastH6.182 emissions_V6ToEastH6.182,gasoline_euro4,1.14,4100.246812,380918.536213,26.585163,6.138134,147.479282,121495.183691,0.0
V6ToEastH6.181,2172.0,468_1,0.0,0.0,0.0,2300.0,522_1,56.88,12.98,128.0,1512.23,0.0,0,0.0,13.41,0,tripinfo_V6ToEastH6.181 emissions_V6ToEastH6.181,gasoline_euro4,0.95,3807.647214,351003.505782,25.021317,5.064143,134.035361,111954.387518,0.0
EastSilburyToEastAvebury.91,1856.0,317_0,0.0,0.0,0.0,2301.0,213_0,19.13,15.02,445.0,2492.55,228.0,6,0.0,279.53,0,tripinfo_EastSilburyToEastAvebury.91 emissions_EastSilburyToEastAvebury.91,electric,1.09,0.0,0.0,0.0,0.0,0.0,0.0,0.0
EastAveburyToWestA509.199,1891.0,483_1,0.0,0.0,0.0,2302.0,774_1,29.75,12.11,411.0,2218.32,186.0,5,0.0,236.21,0,tripinfo_EastAveburyToWestA509.199 emissions_EastAveburyToWestA509.199,electric,0.92,0.0,0.0,0.0,0.0,0.0,0.0,0.0
SouthEvansGateToSilbury.112,2016.0,526_0,0.0,0.0,0.0,2302.0,215_1,19.43,12.69,286.0,1471.68,147.0,4,0.0,178.07,0,tripinfo_SouthEvansGateToSilbury.112 emissions_SouthEvansGateToSilbury.112,electric,0.98,0.0,0.0,0.0,0.0,0.0,0.0,0.0
WestA509ToEastH6.49,1764.0,773_0,0.0,0.0,0.0,2303.0,522_1,56.88,16.52,539.0,2756.02,280.0,11,0.0,374.87,0,tripinfo_WestA509ToEastH6.49 emissions_WestA509ToEastH6.49,electric,1.21,0.0,0.0,0.0,0.0,0.0,0.0,0.0
EastA509ToH6.108,1944.0,770_0,0.0,0.0,0.0,2304.0,522_0,56.88,14.01,360.0,1483.8,190.0,7,0.0,255.69,0,tripinfo_EastA509ToH6.108 emissions_EastA509ToH6.108,electric,1.03,0.0,0.0,0.0,0.0,0.0,0.0,0.0
SouthEvansGateToSilbury.113,2034.0,526_0,0.0,0.0,0.0,2304.0,215_1,19.43,15.67,270.0,1471.68,122.0,6,0.0,180.26,0,tripinfo_SouthEvansGateToSilbury.113 emissions_SouthEvansGateToSilbury.113,electric,1.19,0.0,0.0,0.0,0.0,0.0,0.0,0.0
V6ToEastH6.183,2196.0,468_1,0.0,0.0,0.0,2308.0,522_1,56.88,15.66,112.0,1512.23,0.0,0,0.0,14.84,0,tripinfo_V6ToEastH6.183 emissions_V6ToEastH6.183,electric,1.13,0.0,0.0,0.0,0.0,0.0,0.0,0.0
SouthEvansGateToSilbury.111,1998.0,526_0,0.0,0.0,0.0,2310.0,215_1,19.43,9.66,312.0,1471.77,132.0,5,0.0,168.53,0,tripinfo_SouthEvansGateToSilbury.111 emissions_SouthEvansGateToSilbury.111,gasoline_euro4,0.74,30120.353176,775280.535348,155.10525,15.275931,328.952147,247288.503593,0.0
WestA509ToEastH6.55,1980.0,773_0,0.0,0.0,0.0,2325.0,522_1,56.88,13.3,345.0,2720.9,119.0,3,0.0,155.62,0,tripinfo_WestA509ToEastH6.55 emissions_WestA509ToEastH6.55,electric,1.04,0.0,0.0,0.0,0.0,0.0,0.0,0.0
V6ToEastH6.184,2208.0,468_1,0.0,0.0,0.0,2333.0,522_1,56.88,13.18,125.0,1512.23,0.0,0,0.0,11.17,0,tripinfo_V6ToEastH6.184 emissions_V6ToEastH6.184,gasoline_euro4,0.96,3855.804185,351344.753596,25.124288,5.267763,135.199732,112063.021673,0.0
V6ToEastH6.185,2220.0,468_1,0.0,0.0,0.0,2337.0,522_1,56.88,14.63,117.0,1512.23,0.0,0,0.0,13.61,0,tripinfo_V6ToEastH6.185 emissions_V6ToEastH6.185,gasoline_euro4,1.06,4147.287793,383754.12643,27.057318,5.996718,148.164817,122399.825573,0.0
V6ToEastH6.186,2232.0,468_1,0.0,0.0,0.0,2342.0,522_1,56.88,15.7,110.0,1512.23,0.0,0,0.0,14.2,0,tripinfo_V6ToEastH6.186 emissions_V6ToEastH6.186,electric,1.15,0.0,0.0,0.0,0.0,0.0,0.0,0.0
WestH6ToSaxonSt.151,1812.0,524_0,0.0,0.0,0.0,2343.0,771_1,56.88,11.97,531.0,2767.87,220.0,8,0.0,301.65,0,tripinfo_WestH6ToSaxonSt.151 emissions_WestH6ToSaxonSt.151,gasoline_euro4,0.9,52424.8416,1427280.002047,271.535494,28.571167,605.93272,455252.21787,0.0
EastSilburyToEastAvebury.52,1232.0,317_0,0.0,0.0,0.0,2345.0,213_0,19.13,13.64,1113.0,680.89,934.0,18,0.0,1062.91,0,tripinfo_EastSilburyToEastAvebury.52 emissions_EastSilburyToEastAvebury.52,electric,1.02,0.0,0.0,0.0,0.0,0.0,0.0,0.0
WestH6ToSaxonSt.159,1908.0,524_0,0.0,0.0,0.0,2345.0,771_1,56.88,13.89,437.0,2555.04,181.0,11,0.0,255.96,0,tripinfo_WestH6ToSaxonSt.159 emissions_WestH6ToSaxonSt.159,gasoline_euro4,1.03,42824.059441,1208212.061201,222.248884,24.019497,508.709308,385376.530377,0.0
WestH6ToSaxonSt.160,1920.0,524_0,0.0,0.0,0.0,2346.0,771_1,56.88,14.62,426.0,2555.05,174.0,9,0.0,253.6,0,tripinfo_WestH6ToSaxonSt.160 emissions_WestH6ToSaxonSt.160,gasoline_euro4,1.08,42030.054523,1201036.90637,218.576366,24.309131,508.439959,383087.031155,0.0
EastAveburyToWestA509.155,1517.0,483_0,0.0,0.0,0.0,2348.0,774_0,29.75,14.23,831.0,2257.79,578.0,11,0.0,671.14,0,tripinfo_EastAveburyToWestA509.155 emissions_EastAveburyToWestA509.155,gasoline_euro4,1.03,111070.924545,2271475.170046,558.438474,51.478441,1002.456366,724531.562435,0.0
WestA509ToAvebury.88,1587.0,773_0,0.0,0.0,3.0,2349.0,213_0,19.13,11.94,762.0,2286.85,490.0,18,0.0,570.94,0,tripinfo_WestA509ToAvebury.88 emissions_WestA509ToAvebury.88,electric,0.87,0.0,0.0,0.0,0.0,0.0,0.0,0.0
WestH6ToSaxonSt.158,1896.0,524_0,0.0,0.0,0.0,2349.0,771_1,56.88,12.63,453.0,2574.97,182.0,7,0.0,249.97,0,tripinfo_WestH6ToSaxonSt.158 emissions_WestH6ToSaxonSt.158,gasoline_euro4,0.93,42291.815824,1196199.401352,219.671421,23.424835,503.026837,381545.205701,0.0
WestH6ToSaxonSt.162,1944.0,524_0,0.0,0.0,0.0,2351.0,771_1,56.88,14.02,407.0,2555.04,162.0,7,0.0,235.55,0,tripinfo_WestH6ToSaxonSt.162 emissions_WestH6ToSaxonSt.162,electric,1.09,0.0,0.0,0.0,0.0,0.0,0.0,0.0
EastAveburyToWestA509.185,1772.0,483_0,0.0,0.0,0.0,2355.0,774_0,29.75,12.36,583.0,2254.83,346.0,7,0.0,404.18,0,tripinfo_EastAveburyToWestA509.185 emissions_EastAveburyToWestA509.185,gasoline_euro4,0.92,68851.14758,1557268.112216,349.469306,33.642714,676.935252,496718.452362,0.0
WestA509ToAvebury.97,1746.0,773_0,0.0,0.0,0.0,2362.0,213_0,19.13,12.69,616.0,2328.43,370.0,14,0.0,442.76,0,tripinfo_WestA509ToAvebury.97 emissions_WestA509ToAvebury.97,gasoline_euro4,0.97,74786.372205,1701789.428482,379.817849,37.21902,742.952576,542815.242028,0.0
EastAveburyToWestA509.156,1526.0,483_0,0.0,0.0,0.0,2364.0,774_0,29.75,13.21,838.0,2260.81,591.0,10,0.0,672.99,0,tripinfo_EastAveburyToWestA509.156 emissions_EastAveburyToWestA509.156,gasoline_euro4,1.0,111459.044463,2274352.30066,560.022122,51.670868,1005.29093,725449.206325,0.0
EastAveburyToWestA509.201,1908.0,483_1,0.0,0.0,0.0,2365.0,774_2,29.75,14.0,457.0,2237.39,226.0,7,0.0,292.95,0,tripinfo_EastAveburyToWestA509.201 emissions_EastAveburyToWestA509.201,electric,1.01,0.0,0.0,0.0,0.0,0.0,0.0,0.0
V6ToEastH6.187,2244.0,468_1,0.0,0.0,0.0,2365.0,522_1,56.88,13.77,121.0,1512.23,0.0,0,0.0,17.44,0,tripinfo_V6ToEastH6.187 emissions_V6ToEastH6.187,gasoline_euro4,1.05,4444.77169,380344.415205,28.541924,6.055791,148.481973,121312.368945,0.0
WestA509ToEastH6.57,2052.0,773_0,0.0,0.0,0.0,2370.0,522_0,56.88,13.54,318.0,2754.12,88.0,1,0.0,125.61,0,tripinfo_WestA509ToEastH6.57 emissions_WestA509ToEastH6.57,gasoline_euro4,1.04,22446.229451,889790.727093,121.598015,15.74911,359.003094,283808.013358,0.0
EastAveburyToWestA509.202,1917.0,483_1,0.0,0.0,0.0,2371.0,774_2,29.75,11.56,454.0,2237.39,208.0,6,0.0,270.64,0,tripinfo_EastAveburyToWestA509.202 emissions_EastAveburyToWestA509.202,gasoline_euro4,0.9,46018.097325,1171009.00183,236.484267,23.76496,498.690356,373512.341548,0.0
EastAveburyToWestA509.175,1687.0,483_1,0.0,0.0,0.0,2372.0,774_0,29.75,9.25,685.0,2237.39,381.0,11,0.0,465.85,0,tripinfo_EastAveburyToWestA509.175 emissions_EastAveburyToWestA509.175,electric,0.75,0.0,0.0,0.0,0.0,0.0,0.0,0.0
EastAveburyToWestA509.145,1432.0,483_1,0.0,0.0,0.0,2374.0,774_0,29.75,12.93,942.0,2328.56,659.0,14,0.0,770.04,0,tripinfo_EastAveburyToWestA509.145 emissions_EastAveburyToWestA509.145,gasoline_euro4,1.01,126564.232393,2580524.260835,636.305646,58.937857,1144.009199,823108.414067,0.0
EastSilburyToEastAvebury.103,2048.0,317_0,0.0,0.0,0.0,2388.0,213_0,19.13,16.83,340.0,2473.23,132.0,6,0.0,190.33,0,tripinfo_EastSilburyToEastAvebury.103 emissions_EastSilburyToEastAvebury.103,gasoline_euro4,1.21,32792.393224,1065306.682771,173.207432,21.187145,444.665606,339791.790795,0.0
WestA509ToAvebury.115,2070.0,773_0,0.0,0.0,0.0,2389.0,213_1,19.13,15.03,319.0,2336.43,137.0,2,0.0,173.17,0,tripinfo_WestA509ToAvebury.115 emissions_WestA509ToAvebury.115,gasoline_euro4,1.17,29656.419148,951547.823497,156.496723,18.812032,397.162894,303507.474771,0.0
V6ToEastH6.188,2256.0,468_1,0.0,0.0,0.0,2389.0,522_1,56.88,12.41,133.0,1512.23,0.0,0,0.0,12.04,0,tripinfo_V6ToEastH6.188 emissions_V6ToEastH6.188,electric,0.9,0.0,0.0,0.0,0.0,0.0,0.0,0.0
EastSilburyToEastAvebury.104,2064.0,317_0,0.0,0.0,0.0,2390.0,213_1,19.13,16.07,326.0,2473.21,113.0,6,0.0,174.32,0,tripinfo_EastSilburyToEastAvebury.104 emissions_EastSilburyToEastAvebury.104,gasoline_euro4,1.19,29907.15978,1012513.344604,159.039476,19.979143,421.814437,322952.153212,0.0
SouthEvansGateToSilbury.115,2070.0,526_0,0.0,0.0,0.0,2391.0,215_1,19.43,13.86,321.0,1471.71,180.0,5,0.0,214.72,0,tripinfo_SouthEvansGateToSilbury.115 emissions_SouthEvansGateToSilbury.115,gasoline_euro4,1.0,36991.492047,916870.425479,189.389045,19.456342,395.53091,292450.318931,0.0
V6ToEastH6.189,2268.0,468_1,0.0,0.0,0.0,2392.0,522_1,56.88,13.08,124.0,1512.23,0.0,0,0.0,12.65,0,tripinfo_V6ToEastH6.189 emissions_V6ToEastH6.189,electric,0.98,0.0,0.0,0.0,0.0,0.0,0.0,0.0
SouthEvansGateToSilbury.116,2088.0,526_0,0.0,0.0,0.0,2393.0,215_1,19.43,13.8,305.0,1471.7,167.0,4,0.0,206.89,0,tripinfo_SouthEvansGateToSilbury.116 emissions_SouthEvansGateToSilbury.116,electric,1.09,0.0,0.0,0.0,0.0,0.0,0.0,0.0
EastA509ToH6.110,1980.0,770_0,0.0,0.0,0.0,2395.0,522_0,56.88,14.82,415.0,1483.69,253.0,13,0.0,318.2,0,tripinfo_EastA509ToH6.110 emissions_EastA509ToH6.110,gasoline_euro4,1.11,52858.427853,1210181.872875,268.60975,26.844317,530.121365,386007.849041,0.0
SouthEvansGateToSilbury.117,2106.0,526_0,0.0,0.0,0.0,2396.0,215_1,19.43,11.6,290.0,1471.7,131.0,6,0.0,171.9,0,tripinfo_SouthEvansGateToSilbury.117 emissions_SouthEvansGateToSilbury.117,gasoline_euro4,0.9,29216.552283,767250.730942,150.752504,15.714855,327.932414,244726.31374,0.0
SouthEvansGateToSilbury.118,2124.0,526_0,0.0,0.0,0.0,2398.0,215_1,19.43,14.44,274.0,1471.71,119.0,5,0.0,172.36,0,tripinfo_SouthEvansGateToSilbury.118 emissions_SouthEvansGateToSilbury.118,electric,1.05,0.0,0.0,0.0,0.0,0.0,0.0,0.0
EastA509ToH6.111,1998.0,770_0,0.0,0.0,0.0,2401.0,522_0,56.88,11.79,403.0,1483.64,217.0,11,0.0,280.5,0,tripinfo_EastA509ToH6.111 emissions_EastA509ToH6.111,gasoline_euro4,0.87,47122.349841,1079385.716877,239.595406,23.000745,467.929919,344289.282406,0.0
V6ToEastH6.190,2280.0,468_1,0.0,0.0,0.0,2405.0,522_1,56.88,12.71,125.0,1512.23,0.0,0,0.0,12.49,0,tripinfo_V6ToEastH6.190 emissions_V6ToEastH6.190,gasoline_euro4,0.97,3831.34317,360725.65317,25.238356,5.301272,137.738061,115055.175513,0.0
EastA509ToH6.109,1962.0,770_0,0.0,0.0,0.0,2410.0,522_1,56.88,13.14,448.0,1483.8,256.0,9,0.0,339.86,0,tripinfo_EastA509ToH6.109 emissions_EastA509ToH6.109,electric,0.99,0.0,0.0,0.0,0.0,0.0,0.0,0.0
EastA509ToH6.112,2016.0,770_0,0.0,0.0,0.0,2411.0,522_0,56.88,11.05,395.0,1483.64,199.0,10,0.0,270.2,0,tripinfo_EastA509ToH6.112 emissions_EastA509ToH6.112,gasoline_euro4,0.86,45168.191621,1049483.137887,230.072136,22.191323,454.248496,334751.082924,0.0
EastA509ToH6.113,2034.0,770_0,0.0,0.0,0.0,2412.0,522_1,56.88,13.83,378.0,1483.8,191.0,8,0.0,274.02,0,tripinfo_EastA509ToH6.113 emissions_EastA509ToH6.113,electric,1.03,0.0,0.0,0.0,0.0,0.0,0.0,0.0
V6ToEastH6.191,2292.0,468_1,0.0,0.0,0.0,2422.0,522_1,56.88,13.18,130.0,1512.23,0.0,0,0.0,20.25,0,tripinfo_V6ToEastH6.191 emissions_V6ToEastH6.191,electric,0.99,0.0,0.0,0.0,0.0,0.0,0.0,0.0
V6ToEastH6.192,2304.0,468_1,0.0,0.0,0.0,2429.0,522_1,56.88,13.11,125.0,1512.23,0.0,0,0.0,13.81,0,tripinfo_V6ToEastH6.192 emissions_V6ToEastH6.192,electric,0.98,0.0,0.0,0.0,0.0,0.0,0.0,0.0
WestH6ToSaxonSt.161,1932.0,524_0,0.0,0.0,0.0,2433.0,771_1,56.88,12.61,501.0,2555.06,237.0,10,0.0,302.69,0,tripinfo_WestH6ToSaxonSt.161 emissions_WestH6ToSaxonSt.161,electric,0.94,0.0,0.0,0.0,0.0,0.0,0.0,0.0
V6ToEastH6.193,2316.0,468_1,0.0,0.0,0.0,2434.0,522_1,56.88,14.24,118.0,1512.23,0.0,0,0.0,20.23,0,tripinfo_V6ToEastH6.193 emissions_V6ToEastH6.193,gasoline_euro4,1.11,4662.361922,395179.034685,29.601269,6.387751,153.720159,126043.839561,0.0
WestH6ToSaxonSt.164,1968.0,524_0,0.0,0.0,0.0,2435.0,771_1,56.88,15.59,467.0,2555.04,236.0,5,0.0,300.6,0,tripinfo_WestH6ToSaxonSt.164 emissions_WestH6ToSaxonSt.164,electric,1.12,0.0,0.0,0.0,0.0,0.0,0.0,0.0
WestA509ToAvebury.51,918.0,773_0,0.0,0.0,0.0,2439.0,213_0,19.13,12.21,1521.0,2322.44,1172.0,22,0.0,1330.42,0,tripinfo_WestA509ToAvebury.51 emissions_WestA509ToAvebury.51,gasoline_euro4,0.89,216365.923427,3918965.882482,1076.616513,92.199632,1756.346519,1250042.703696,0.0
EastAveburyToWestA509.206,1951.0,483_1,0.0,0.0,0.0,2439.0,774_2,29.75,14.23,488.0,2237.39,257.0,8,0.0,327.56,0,tripinfo_EastAveburyToWestA509.206 emissions_EastAveburyToWestA509.206,electric,1.03,0.0,0.0,0.0,0.0,0.0,0.0,0.0
WestA509ToAvebury.67,1206.0,773_0,0.0,0.0,0.0,2441.0,213_0,19.13,13.93,1235.0,2322.44,914.0,21,0.0,1074.69,0,tripinfo_WestA509ToAvebury.67 emissions_WestA509ToAvebury.67,gasoline_euro4,1.06,173696.796329,3256476.764805,866.618138,76.36567,1456.28104,1038723.241732,0.0
EastAveburyToWestA509.211,1993.0,483_1,0.0,0.0,0.0,2444.0,774_1,29.75,12.84,451.0,2237.44,214.0,12,0.0,278.66,0,tripinfo_EastAveburyToWestA509.211 emissions_EastAveburyToWestA509.211,electric,0.96,0.0,0.0,0.0,0.0,0.0,0.0,0.0
EastAveburyToWestA509.215,2027.0,483_1,0.0,0.0,0.0,2444.0,774_2,29.75,15.18,417.0,2237.39,180.0,13,0.0,272.41,0,tripinfo_EastAveburyToWestA509.215 emissions_EastAveburyToWestA509.215,gasoline_euro4,1.14,42575.949259,1156514.646203,220.672199,23.967485,495.42536,368886.738786,0.0
V6ToEastH6.194,2328.0,468_1,0.0,0.0,0.0,2447.0,522_1,56.88,13.97,119.0,1512.23,0.0,0,0.0,13.33,0,tripinfo_V6ToEastH6.194 emissions_V6ToEastH6.194,gasoline_euro4,1.04,4117.185049,370584.234229,26.509143,5.771765,143.250319,118199.302196,0.0
EastAveburyToWestA509.210,1985.0,483_1,0.0,0.0,0.0,2450.0,774_2,29.75,12.95,465.0,2218.4,258.0,6,0.0,303.87,0,tripinfo_EastAveburyToWestA509.210 emissions_EastAveburyToWestA509.210,electric,1.0,0.0,0.0,0.0,0.0,0.0,0.0,0.0
EastAveburyToWestA509.213,2010.0,483_1,0.0,0.0,0.0,2453.0,774_1,29.75,16.88,443.0,2237.39,203.0,10,0.0,306.55,0,tripinfo_EastAveburyToWestA509.213 emissions_EastAveburyToWestA509.213,gasoline_euro4,1.22,47293.210671,1260816.234927,244.163666,26.212316,540.253102,402155.635953,0.0
EastAveburyToWestA509.212,2002.0,483_1,0.0,0.0,0.0,2455.0,774_1,29.75,12.66,453.0,2237.44,209.0,14,0.0,275.79,0,tripinfo_EastAveburyToWestA509.212 emissions_EastAveburyToWestA509.212,gasoline_euro4,0.93,47171.256271,1229779.714873,243.117546,25.259386,525.951826,392257.104433,0.0
V6ToEastH6.195,2340.0,468_1,0.0,0.0,0.0,2456.0,522_1,56.88,14.47,116.0,1512.23,0.0,0,0.0,13.71,0,tripinfo_V6ToEastH6.195 emissions_V6ToEastH6.195,gasoline_euro4,1.07,4136.223282,379642.695338,27.073376,6.009621,147.306796,121088.409267,0.0
EastAveburyToWestA509.157,1534.0,483_0,0.0,0.0,0.0,2461.0,774_0,29.75,9.67,927.0,2257.79,614.0,11,0.0,706.12,0,tripinfo_EastAveburyToWestA509.157 emissions_EastAveburyToWestA509.157,gasoline_euro4,0.75,118492.6529,2345283.683847,594.250572,52.566472,1036.289739,748077.048027,0.0
EastAveburyToWestA509.158,1543.0,483_0,0.0,0.0,0.0,2463.0,774_0,29.75,13.08,920.0,2257.88,652.0,12,0.0,754.69,0,tripinfo_EastAveburyToWestA509.158 emissions_EastAveburyToWestA509.158,gasoline_euro4,1.0,123595.646378,2474951.923765,620.02236,56.244927,1094.32138,789435.842532,0.0
EastAveburyToWestA509.170,1645.0,483_1,0.0,0.0,0.0,2471.0,774_0,29.75,9.38,826.0,2240.94,514.0,11,0.0,607.15,0,tripinfo_EastAveburyToWestA509.170 emissions_EastAveburyToWestA509.170,electric,0.76,0.0,0.0,0.0,0.0,0.0,0.0,0.0
WestA509ToEastH6.54,1944.0,773_0,0.0,0.0,0.0,2471.0,522_0,56.88,12.36,527.0,2755.97,238.0,5,0.0,305.2,0,tripinfo_WestA509ToEastH6.54 emissions_WestA509ToEastH6.54,electric,0.9,0.0,0.0,0.0,0.0,0.0,0.0,0.0
WestA509ToEastH6.53,1908.0,773_0,0.0,0.0,0.0,2472.0,522_0,56.88,13.95,564.0,2756.02,308.0,7,0.0,371.05,0,tripinfo_WestA509ToEastH6.53 emissions_WestA509ToEastH6.53,electric,1.03,0.0,0.0,0.0,0.0,0.0,0.0,0.0
SouthEvansGateToSilbury.119,2142.0,526_0,0.0,0.0,0.0,2478.0,215_0,19.43,12.51,336.0,1471.76,198.0,4,0.0,227.17,0,tripinfo_SouthEvansGateToSilbury.119 emissions_SouthEvansGateToSilbury.119,gasoline_euro4,0.97,38657.258689,934054.765062,197.564249,19.840603,402.95705,297932.199062,0.0
V6ToEastH6.196,2352.0,468_1,0.0,0.0,0.0,2479.0,522_1,56.88,12.67,127.0,1512.23,0.0,0,0.0,13.4,0,tripinfo_V6ToEastH6.196 emissions_V6ToEastH6.196,gasoline_euro4,0.96,3954.318349,357534.026977,25.758819,5.261111,137.200046,114037.237591,0.0
SouthEvansGateToSilbury.120,2160.0,526_0,0.0,0.0,0.0,2480.0,215_1,19.43,11.87,320.0,1471.68,165.0,5,0.0,199.56,0,tripinfo_SouthEvansGateToSilbury.120 emissions_SouthEvansGateToSilbury.120,electric,0.89,0.0,0.0,0.0,0.0,0.0,0.0,0.0
SouthEvansGateToSilbury.122,2196.0,526_0,0.0,0.0,0.0,2480.0,215_0,19.43,13.47,284.0,1471.73,126.0,5,0.0,175.53,0,tripinfo_SouthEvansGateToSilbury.122 emissions_SouthEvansGateToSilbury.122,electric,0.98,0.0,0.0,0.0,0.0,0.0,0.0,0.0
SouthEvansGateToSilbury.121,2178.0,526_0,0.0,0.0,0.0,2481.0,215_1,19.43,12.01,303.0,1471.71,143.0,5,0.0,189.23,0,tripinfo_SouthEvansGateToSilbury.121 emissions_SouthEvansGateToSilbury.121,electric,0.93,0.0,0.0,0.0,0.0,0.0,0.0,0.0
SouthEvansGateToSilbury.123,2214.0,526_0,0.0,0.0,0.0,2483.0,215_1,19.43,13.92,269.0,1471.73,109.0,5,0.0,169.16,0,tripinfo_SouthEvansGateToSilbury.123 emissions_SouthEvansGateToSilbury.123,gasoline_euro4,1.07,27648.272618,804342.497907,144.674714,16.72297,345.856995,256555.069335,0.0
EastA509ToH6.115,2070.0,770_0,0.0,0.0,0.0,2484.0,522_0,56.88,12.23,414.0,1483.64,260.0,6,0.0,299.68,0,tripinfo_EastA509ToH6.115 emissions_EastA509ToH6.115,gasoline_euro4,0.94,50482.39124,1130099.932669,255.999546,24.550908,492.050461,360465.716917,0.0
EastA509ToH6.116,2088.0,770_0,0.0,0.0,0.0,2484.0,522_1,56.88,14.13,396.0,1483.69,242.0,6,0.0,292.71,0,tripinfo_EastA509ToH6.116 emissions_EastA509ToH6.116,electric,1.04,0.0,0.0,0.0,0.0,0.0,0.0,0.0
EastA509ToH6.114,2052.0,770_0,0.0,0.0,0.0,2486.0,522_0,56.88,13.95,434.0,1483.8,278.0,6,0.0,332.31,0,tripinfo_EastA509ToH6.114 emissions_EastA509ToH6.114,gasoline_euro4,1.06,55244.723913,1240827.113568,280.408573,27.5805,544.366945,395783.29225,0.0
V6ToEastH6.198,2376.0,468_1,0.0,0.0,0.0,2490.0,522_1,56.88,15.26,114.0,1512.23,0.0,0,0.0,17.2,0,tripinfo_V6ToEastH6.198 emissions_V6ToEastH6.198,electric,1.13,0.0,0.0,0.0,0.0,0.0,0.0,0.0
V6ToEastH6.197,2364.0,468_1,0.0,0.0,0.0,2496.0,522_1,56.88,12.89,132.0,1512.23,0.0,0,0.0,20.14,0,tripinfo_V6ToEastH6.197 emissions_V6ToEastH6.197,electric,0.97,0.0,0.0,0.0,0.0,0.0,0.0,0.0
V6ToEastH6.199,2388.0,468_1,0.0,0.0,0.0,2508.0,522_1,56.88,13.44,120.0,1512.23,0.0,0,0.0,14.2,0,tripinfo_V6ToEastH6.199 emissions_V6ToEastH6.199,gasoline_euro4,1.03,4122.540865,367770.893856,26.887012,5.794195,143.139482,117301.96025,0.0
V6ToEastH6.200,2400.0,468_1,0.0,0.0,0.0,2512.0,522_1,56.88,14.96,112.0,1512.23,0.0,0,0.0,15.83,0,tripinfo_V6ToEastH6.200 emissions_V6ToEastH6.200,gasoline_euro4,1.14,4206.35518,385510.613581,27.219936,6.138479,148.603558,122959.965565,0.0
WestH6ToSaxonSt.167,2004.0,524_0,0.0,0.0,0.0,2518.0,771_1,56.88,12.58,514.0,2555.0,258.0,8,0.0,319.63,0,tripinfo_WestH6ToSaxonSt.167 emissions_WestH6ToSaxonSt.167,electric,0.96,0.0,0.0,0.0,0.0,0.0,0.0,0.0
WestH6ToSaxonSt.163,1956.0,524_0,0.0,0.0,0.0,2524.0,771_1,56.88,11.54,568.0,2555.05,302.0,5,0.0,353.78,0,tripinfo_WestH6ToSaxonSt.163 emissions_WestH6ToSaxonSt.163,electric,0.87,0.0,0.0,0.0,0.0,0.0,0.0,0.0
WestH6ToSaxonSt.169,2028.0,524_0,0.0,0.0,0.0,2525.0,771_1,56.88,13.75,497.0,2555.04,248.0,7,0.0,320.2,0,tripinfo_WestH6ToSaxonSt.169 emissions_WestH6ToSaxonSt.169,electric,1.05,0.0,0.0,0.0,0.0,0.0,0.0,0.0
EastSilburyToEastAvebury.96,1936.0,317_0,0.0,0.0,0.0,2526.0,213_0,19.13,12.8,590.0,680.87,475.0,15,0.0,539.61,0,tripinfo_EastSilburyToEastAvebury.96 emissions_EastSilburyToEastAvebury.96,electric,0.99,0.0,0.0,0.0,0.0,0.0,0.0,0.0
WestH6ToSaxonSt.168,2016.0,524_0,0.0,0.0,0.0,2527.0,771_1,56.88,12.03,511.0,2555.06,251.0,7,0.0,316.94,0,tripinfo_WestH6ToSaxonSt.168 emissions_WestH6ToSaxonSt.168,electric,0.96,0.0,0.0,0.0,0.0,0.0,0.0,0.0
V6ToEastH6.202,2424.0,468_1,0.0,0.0,0.0,2528.0,522_1,56.88,17.98,104.0,1512.23,0.0,0,0.0,19.81,0,tripinfo_V6ToEastH6.202 emissions_V6ToEastH6.202,electric,1.3,0.0,0.0,0.0,0.0,0.0,0.0,0.0
EastAveburyToWestA509.207,1959.0,483_1,0.0,0.0,0.0,2531.0,774_1,29.75,15.93,572.0,2237.92,317.0,14,0.0,437.47,0,tripinfo_EastAveburyToWestA509.207 emissions_EastAveburyToWestA509.207,gasoline_euro4,1.23,68570.075947,1594194.137115,348.958121,34.900888,694.809058,508494.898276,0.0
EastAveburyToWestA509.172,1662.0,483_1,0.0,0.0,0.0,2536.0,774_1,29.75,14.23,874.0,2240.45,568.0,11,0.0,714.0,0,tripinfo_EastAveburyToWestA509.172 emissions_EastAveburyToWestA509.172,gasoline_euro4,1.03,112466.650037,2276103.873224,565.271901,51.67912,1009.200123,726008.382497,0.0
V6ToEastH6.201,2412.0,468_1,0.0,0.0,0.0,2537.0,522_1,56.88,13.46,125.0,1512.23,0.0,0,0.0,13.28,0,tripinfo_V6ToEastH6.201 emissions_V6ToEastH6.201,gasoline_euro4,0.98,3929.578429,358383.263963,25.463854,5.241938,136.879377,114308.116769,0.0
EastAveburyToWestA509.216,2036.0,483_1,0.0,0.0,0.0,2539.0,774_2,29.75,12.9,503.0,2237.44,235.0,13,0.0,338.97,0,tripinfo_EastAveburyToWestA509.216 emissions_EastAveburyToWestA509.216,gasoline_euro4,1.01,54747.746426,1368423.141431,280.93824,29.036368,591.554441,436479.879526,0.0
EastAveburyToWestA509.208,1968.0,483_1,0.0,0.0,0.0,2540.0,774_2,29.75,15.03,572.0,2237.39,309.0,12,0.0,419.93,0,tripinfo_EastAveburyToWestA509.208 emissions_EastAveburyToWestA509.208,electric,1.09,0.0,0.0,0.0,0.0,0.0,0.0,0.0
EastAveburyToWestA509.173,1670.0,483_1,0.0,0.0,0.0,2541.0,774_1,29.75,10.28,871.0,2237.61,556.0,10,0.0,662.08,0,tripinfo_EastAveburyToWestA509.173 emissions_EastAveburyToWestA509.173,electric,0.79,0.0,0.0,0.0,0.0,0.0,0.0,0.0
EastAveburyToWestA509.218,2053.0,483_1,0.0,0.0,0.0,2545.0,774_1,29.75,12.97,492.0,2218.4,259.0,6,0.0,319.95,0,tripinfo_EastAveburyToWestA509.218 emissions_EastAveburyToWestA509.218,electric,0.94,0.0,0.0,0.0,0.0,0.0,0.0,0.0
EastAveburyToWestA509.214,2019.0,483_1,0.0,0.0,0.0,2548.0,774_1,29.75,12.0,529.0,2240.6,248.0,9,0.0,347.12,0,tripinfo_EastAveburyToWestA509.214 emissions_EastAveburyToWestA509.214,gasoline_euro4,0.91,56553.570222,1362288.982651,288.752156,28.247832,584.563857,434525.396871,0.0
EastAveburyToWestA509.150,1475.0,483_1,0.0,0.0,0.0,2550.0,774_0,29.75,14.44,1075.0,2325.76,767.0,16,0.0,913.16,0,tripinfo_EastAveburyToWestA509.150 emissions_EastAveburyToWestA509.150,gasoline_euro4,1.06,147842.708978,2923249.178454,741.414514,67.658744,1302.637696,932428.995982,0.0
WestA509ToEastH6.51,1836.0,773_0,0.0,0.0,0.0,2555.0,522_0,56.88,14.78,719.0,2749.98,464.0,11,0.0,533.18,0,tripinfo_WestA509ToEastH6.51 emissions_WestA509ToEastH6.51,gasoline_euro4,1.08,88993.541948,1996199.420958,450.9608,43.669518,868.041415,636723.338247,0.0
EastAveburyToWestA509.220,2070.0,483_1,0.0,0.0,0.0,2561.0,774_1,29.75,11.3,491.0,2218.29,243.0,8,0.0,308.06,0,tripinfo_EastAveburyToWestA509.220 emissions_EastAveburyToWestA509.220,electric,0.88,0.0,0.0,0.0,0.0,0.0,0.0,0.0
EastA509ToH6.118,2124.0,770_0,0.0,0.0,0.0,2565.0,522_0,56.88,10.24,441.0,1483.64,262.0,7,0.0,309.41,0,tripinfo_EastA509ToH6.118 emissions_EastA509ToH6.118,electric,0.81,0.0,0.0,0.0,0.0,0.0,0.0,0.0
SouthEvansGateToSilbury.125,2250.0,526_0,0.0,0.0,0.0,2565.0,215_0,19.43,15.36,315.0,1471.71,175.0,6,0.0,223.26,0,tripinfo_SouthEvansGateToSilbury.125 emissions_SouthEvansGateToSilbury.125,gasoline_euro4,1.16,37298.877429,957560.798716,191.69488,20.531711,413.380926,305428.087816,0.0
V6ToEastH6.204,2448.0,468_1,0.0,0.0,0.0,2565.0,522_1,56.88,14.52,117.0,1512.23,0.0,0,0.0,13.84,0,tripinfo_V6ToEastH6.204 emissions_V6ToEastH6.204,electric,1.06,0.0,0.0,0.0,0.0,0.0,0.0,0.0
SouthEvansGateToSilbury.128,2304.0,526_0,0.0,0.0,0.0,2566.0,215_1,19.43,12.97,262.0,1471.71,112.0,4,0.0,155.31,0,tripinfo_SouthEvansGateToSilbury.128 emissions_SouthEvansGateToSilbury.128,electric,1.0,0.0,0.0,0.0,0.0,0.0,0.0,0.0
SouthEvansGateToSilbury.127,2286.0,526_0,0.0,0.0,0.0,2568.0,215_1,19.43,12.93,282.0,1471.7,126.0,5,0.0,169.97,0,tripinfo_SouthEvansGateToSilbury.127 emissions_SouthEvansGateToSilbury.127,electric,0.95,0.0,0.0,0.0,0.0,0.0,0.0,0.0
SouthEvansGateToSilbury.124,2232.0,526_0,0.0,0.0,0.0,2570.0,215_0,19.43,11.35,338.0,1471.8,189.0,4,0.0,218.41,0,tripinfo_SouthEvansGateToSilbury.124 emissions_SouthEvansGateToSilbury.124,electric,0.89,0.0,0.0,0.0,0.0,0.0,0.0,0.0
SouthEvansGateToSilbury.126,2268.0,526_0,0.0,0.0,0.0,2570.0,215_1,19.43,14.21,302.0,1471.73,141.0,6,0.0,199.08,0,tripinfo_SouthEvansGateToSilbury.126 emissions_SouthEvansGateToSilbury.126,gasoline_euro4,1.04,32307.670032,848672.477671,166.62596,17.838245,365.550611,270696.4473,0.0
EastA509ToH6.119,2142.0,770_0,0.0,0.0,0.0,2571.0,522_0,56.88,13.61,429.0,1483.69,269.0,6,0.0,320.47,0,tripinfo_EastA509ToH6.119 emissions_EastA509ToH6.119,electric,0.99,0.0,0.0,0.0,0.0,0.0,0.0,0.0
EastA509ToH6.121,2178.0,770_0,0.0,0.0,0.0,2571.0,522_1,56.88,14.43,393.0,1483.69,230.0,5,0.0,290.93,0,tripinfo_EastA509ToH6.121 emissions_EastA509ToH6.121,gasoline_euro4,1.05,47634.269766,1101714.319099,242.415771,24.124777,480.944408,351410.363432,0.0
V6ToEastH6.205,2460.0,468_1,0.0,0.0,0.0,2580.0,522_1,56.88,15.01,120.0,1512.23,0.0,0,0.0,24.62,0,tripinfo_V6ToEastH6.205 emissions_V6ToEastH6.205,gasoline_euro4,1.14,5490.339786,418742.576354,34.157463,7.213595,166.95848,133559.305525,0.0
V6ToEastH6.203,2436.0,468_1,0.0,0.0,0.0,2582.0,522_0,56.88,10.69,146.0,1512.23,0.0,0,0.0,11.51,0,tripinfo_V6ToEastH6.203 emissions_V6ToEastH6.203,gasoline_euro4,0.81,4249.873495,342243.451243,27.157242,4.676204,130.591112,109160.897568,0.0
EastA509ToH6.120,2160.0,770_0,0.0,0.0,0.0,2587.0,522_1,56.88,13.9,427.0,1483.69,255.0,5,0.0,325.11,0,tripinfo_EastA509ToH6.120 emissions_EastA509ToH6.120,electric,1.06,0.0,0.0,0.0,0.0,0.0,0.0,0.0
EastA509ToH6.122,2196.0,770_0,0.0,0.0,0.0,2588.0,522_0,56.88,11.12,392.0,1483.64,216.0,5,0.0,269.18,0,tripinfo_EastA509ToH6.122 emissions_EastA509ToH6.122,electric,0.87,0.0,0.0,0.0,0.0,0.0,0.0,0.0
WestH6ToSaxonSt.157,1884.0,524_0,0.0,0.0,0.0,2598.0,771_1,56.88,16.1,714.0,2765.43,446.0,10,0.0,540.38,0,tripinfo_WestH6ToSaxonSt.157 emissions_WestH6ToSaxonSt.157,gasoline_euro4,1.18,90522.908158,2108773.710775,461.081322,46.739412,921.847019,672627.982874,0.0
WestH6ToSaxonSt.155,1860.0,524_0,0.0,0.0,0.0,2600.0,771_1,56.88,16.85,740.0,2765.47,474.0,13,0.0,571.39,0,tripinfo_WestH6ToSaxonSt.155 emissions_WestH6ToSaxonSt.155,gasoline_euro4,1.23,95480.306422,2215992.076945,486.197814,49.494299,971.749678,706826.819287,0.0
V6ToEastH6.206,2472.0,468_1,0.0,0.0,0.0,2605.0,522_1,56.88,12.6,133.0,1512.23,0.0,0,0.0,17.51,0,tripinfo_V6ToEastH6.206 emissions_V6ToEastH6.206,gasoline_euro4,0.95,4192.819482,365867.405655,26.934631,5.28152,139.851615,116695.410948,0.0
V6ToEastH6.208,2496.0,468_1,0.0,0.0,0.0,2606.0,522_1,56.88,14.99,110.0,1511.92,0.0,0,0.0,11.33,0,tripinfo_V6ToEastH6.208 emissions_V6ToEastH6.208,gasoline_euro4,1.11,3752.909672,355290.226156,24.727714,5.690509,137.833019,113320.973865,0.0
EastAveburyToWestA509.169,1636.0,483_0,0.0,0.0,0.0,2613.0,774_0,29.75,13.32,977.0,2264.87,684.0,13,0.0,811.33,0,tripinfo_EastAveburyToWestA509.169 emissions_EastAveburyToWestA509.169,gasoline_euro4,1.0,130719.839989,2585634.754812,655.039088,59.244454,1146.843051,824740.789666,0.0
EastAveburyToWestA509.181,1738.0,483_1,0.0,0.0,0.0,2620.0,774_2,29.75,13.78,882.0,2240.45,595.0,11,0.0,718.5,0,tripinfo_EastAveburyToWestA509.181 emissions_EastAveburyToWestA509.181,gasoline_euro4,1.02,115786.413791,2324001.026869,580.896648,52.66174,1026.730297,741286.99378,0.0
EastAveburyToWestA509.209,1976.0,483_1,0.0,0.0,0.0,2620.0,774_1,29.75,12.16,644.0,2237.44,366.0,11,0.0,464.53,0,tripinfo_EastAveburyToWestA509.209 emissions_EastAveburyToWestA509.209,electric,0.92,0.0,0.0,0.0,0.0,0.0,0.0,0.0
WestA509ToAvebury.107,1926.0,773_0,0.0,0.0,0.0,2624.0,213_0,19.13,9.98,698.0,2328.43,412.0,11,0.0,466.08,0,tripinfo_WestA509ToAvebury.107 emissions_WestA509ToAvebury.107,gasoline_euro4,0.73,80364.897043,1716403.408266,405.809237,36.613283,746.248229,547480.67561,0.0
WestA509ToAvebury.68,1227.0,773_0,0.0,0.0,3.0,2626.0,213_0,19.13,12.32,1399.0,2322.44,1070.0,23,0.0,1246.42,0,tripinfo_WestA509ToAvebury.68 emissions_WestA509ToAvebury.68,electric,1.11,0.0,0.0,0.0,0.0,0.0,0.0,0.0
EastAveburyToWestA509.184,1764.0,483_1,0.0,0.0,0.0,2627.0,774_0,29.75,12.03,863.0,2240.93,564.0,10,0.0,677.64,0,tripinfo_EastAveburyToWestA509.184 emissions_EastAveburyToWestA509.184,gasoline_euro4,0.9,109800.477277,2200971.18285,551.126835,49.543154,971.898667,702044.579428,0.0
WestA509ToAvebury.65,1170.0,773_0,0.0,0.0,0.0,2628.0,213_0,19.13,12.51,1458.0,2288.83,1134.0,21,0.0,1282.82,0,tripinfo_WestA509ToAvebury.65 emissions_WestA509ToAvebury.65,electric,0.95,0.0,0.0,0.0,0.0,0.0,0.0,0.0
EastAveburyToWestA509.178,1713.0,483_0,0.0,0.0,0.0,2629.0,774_0,29.75,12.97,916.0,2257.79,634.0,15,0.0,742.97,0,tripinfo_EastAveburyToWestA509.178 emissions_EastAveburyToWestA509.178,gasoline_euro4,0.95,121201.185976,2421213.160266,607.864465,54.933755,1070.76097,772295.03428,0.0
V6ToEastH6.210,2520.0,468_1,0.0,0.0,0.0,2631.0,522_1,56.88,15.19,111.0,1512.23,0.0,0,0.0,15.79,0,tripinfo_V6ToEastH6.210 emissions_V6ToEastH6.210,electric,1.15,0.0,0.0,0.0,0.0,0.0,0.0,0.0
V6ToEastH6.207,2484.0,468_1,0.0,0.0,0.0,2632.0,522_0,56.88,10.23,148.0,1512.23,0.0,0,0.0,13.46,0,tripinfo_V6ToEastH6.207 emissions_V6ToEastH6.207,gasoline_euro4,0.81,4425.875906,344048.706197,27.988815,4.686463,131.335186,109736.797883,0.0
V6ToEastH6.209,2508.0,468_1,0.0,0.0,0.0,2637.0,522_1,56.88,13.34,129.0,1512.23,0.0,0,0.0,19.6,0,tripinfo_V6ToEastH6.209 emissions_V6ToEastH6.209,gasoline_euro4,1.0,4746.362158,378966.00211,29.910723,5.983824,148.023946,120872.951869,0.0
EastAveburyToWestA509.149,1466.0,483_1,0.0,0.0,0.0,2640.0,774_0,29.75,12.54,1174.0,2328.56,843.0,18,0.0,991.71,0,tripinfo_EastAveburyToWestA509.149 emissions_EastAveburyToWestA509.149,gasoline_euro4,0.95,162171.142755,3134183.807522,811.551294,72.746167,1398.571525,999712.894243,0.0
EastA509ToH6.123,2214.0,770_0,0.0,0.0,0.0,2642.0,522_0,56.88,13.83,428.0,1483.64,268.0,5,0.0,326.13,0,tripinfo_EastA509ToH6.123 emissions_EastA509ToH6.123,electric,1.06,0.0,0.0,0.0,0.0,0.0,0.0,0.0
EastA509ToH6.124,2232.0,770_0,0.0,0.0,0.0,2642.0,522_1,56.88,15.56,410.0,1483.69,255.0,5,0.0,317.33,0,tripinfo_EastA509ToH6.124 emissions_EastA509ToH6.124,gasoline_euro4,1.15,51940.824072,1190116.710767,264.198525,26.719143,523.764281,379607.359224,0.0
EastA509ToH6.126,2268.0,770_0,0.0,0.0,0.0,2648.0,522_0,56.88,12.81,380.0,1483.69,213.0,5,0.0,269.71,0,tripinfo_EastA509ToH6.126 emissions_EastA509ToH6.126,electric,0.97,0.0,0.0,0.0,0.0,0.0,0.0,0.0
EastA509ToH6.127,2286.0,770_0,0.0,0.0,0.0,2649.0,522_1,56.88,13.84,363.0,1483.69,201.0,4,0.0,259.64,0,tripinfo_EastA509ToH6.127 emissions_EastA509ToH6.127,gasoline_euro4,1.04,42480.7652,1006675.93202,216.820542,21.993566,439.208918,321095.669245,0.0
SouthEvansGateToSilbury.129,2322.0,526_0,0.0,0.0,0.0,2654.0,215_0,19.43,14.11,332.0,1471.76,200.0,4,0.0,228.44,0,tripinfo_SouthEvansGateToSilbury.129 emissions_SouthEvansGateToSilbury.129,electric,1.03,0.0,0.0,0.0,0.0,0.0,0.0,0.0
V6ToEastH6.211,2532.0,468_1,0.0,0.0,0.0,2655.0,522_1,56.88,13.1,123.0,1512.23,0.0,0,0.0,14.41,0,tripinfo_V6ToEastH6.211 emissions_V6ToEastH6.211,gasoline_euro4,1.01,4158.136246,363540.034724,26.675418,5.610466,140.586009,115952.664849,0.0
SouthEvansGateToSilbury.130,2340.0,526_0,0.0,0.0,0.0,2656.0,215_1,19.43,11.84,316.0,1471.68,160.0,6,0.0,202.81,0,tripinfo_SouthEvansGateToSilbury.130 emissions_SouthEvansGateToSilbury.130,electric,0.94,0.0,0.0,0.0,0.0,0.0,0.0,0.0
SouthEvansGateToSilbury.132,2376.0,526_0,0.0,0.0,0.0,2656.0,215_0,19.43,14.92,280.0,1471.73,129.0,5,0.0,181.14,0,tripinfo_SouthEvansGateToSilbury.132 emissions_SouthEvansGateToSilbury.132,gasoline_euro4,1.08,29984.312579,825004.066196,155.717331,17.352037,355.395404,263146.18241,0.0
SouthEvansGateToSilbury.131,2358.0,526_0,0.0,0.0,0.0,2657.0,215_1,19.43,13.52,299.0,1471.71,140.0,5,0.0,192.92,0,tripinfo_SouthEvansGateToSilbury.131 emissions_SouthEvansGateToSilbury.131,gasoline_euro4,1.0,31738.077985,841289.261167,164.050033,17.68717,362.768265,268341.286078,0.0
SouthEvansGateToSilbury.135,2430.0,526_0,0.0,0.0,0.0,2657.0,215_0,19.43,15.08,227.0,1471.73,92.0,4,0.0,134.24,0,tripinfo_SouthEvansGateToSilbury.135 emissions_SouthEvansGateToSilbury.135,gasoline_euro4,1.14,22881.045037,709717.16567,120.367574,14.425397,300.775161,226372.636229,0.0
EastA509ToH6.125,2250.0,770_0,0.0,0.0,0.0,2659.0,522_0,56.88,13.39,409.0,1483.69,241.0,5,0.0,307.31,0,tripinfo_EastA509ToH6.125 emissions_EastA509ToH6.125,electric,1.06,0.0,0.0,0.0,0.0,0.0,0.0,0.0
SouthEvansGateToSilbury.133,2394.0,526_0,0.0,0.0,0.0,2659.0,215_1,19.43,12.9,265.0,1471.73,115.0,4,0.0,155.27,0,tripinfo_SouthEvansGateToSilbury.133 emissions_SouthEvansGateToSilbury.133,gasoline_euro4,0.97,26507.634326,739931.856824,137.597213,14.725377,312.641846,236011.994881,0.0
V6ToEastH6.212,2544.0,468_1,0.0,0.0,0.0,2666.0,522_1,56.88,13.39,122.0,1512.23,0.0,0,0.0,12.13,0,tripinfo_V6ToEastH6.212 emissions_V6ToEastH6.212,gasoline_euro4,0.99,4084.491448,366234.754684,26.511298,5.655279,142.068816,116812.089651,0.0
V6ToEastH6.213,2556.0,468_1,0.0,0.0,0.0,2684.0,522_1,56.88,13.05,128.0,1512.23,0.0,0,0.0,14.25,0,tripinfo_V6ToEastH6.213 emissions_V6ToEastH6.213,gasoline_euro4,0.96,4232.673435,369621.345974,27.304624,5.572338,142.585911,117892.49469,0.0
V6ToEastH6.214,2568.0,468_1,0.0,0.0,0.0,2687.0,522_1,56.88,15.73,119.0,1512.23,1.0,1,0.0,22.53,0,tripinfo_V6ToEastH6.214 emissions_V6ToEastH6.214,gasoline_euro4,1.14,5423.732488,418612.167224,33.855237,7.052956,164.988039,133517.915003,0.0
WestH6ToSaxonSt.174,2088.0,524_0,0.0,0.0,0.0,2688.0,771_1,56.88,13.86,600.0,2555.04,370.0,6,0.0,427.59,0,tripinfo_WestH6ToSaxonSt.174 emissions_WestH6ToSaxonSt.174,electric,1.08,0.0,0.0,0.0,0.0,0.0,0.0,0.0
EastAveburyToWestA509.226,2121.0,483_1,0.0,0.0,0.0,2700.0,774_2,29.75,12.87,579.0,2237.39,338.0,7,0.0,415.24,0,tripinfo_EastAveburyToWestA509.226 emissions_EastAveburyToWestA509.226,electric,1.01,0.0,0.0,0.0,0.0,0.0,0.0,0.0
EastAveburyToWestA509.187,1789.0,483_0,0.0,0.0,0.0,2704.0,774_0,29.75,12.87,915.0,2261.17,620.0,12,0.0,744.05,0,tripinfo_EastAveburyToWestA509.187 emissions_EastAveburyToWestA509.187,gasoline_euro4,0.97,121405.056792,2464720.874098,610.263947,56.48209,1094.632448,786170.768439,0.0
EastAveburyToWestA509.233,2180.0,483_1,0.0,0.0,0.0,2715.0,774_1,29.75,10.88,535.0,2237.44,266.0,11,0.0,340.58,0,tripinfo_EastAveburyToWestA509.233 emissions_EastAveburyToWestA509.233,gasoline_euro4,0.85,57011.732368,1356465.963307,291.044412,27.99187,581.932722,432668.635859,0.0
EastAveburyToWestA509.229,2146.0,483_1,0.0,0.0,0.0,2717.0,774_0,29.75,13.09,571.0,2241.03,326.0,11,0.0,398.71,0,tripinfo_EastAveburyToWestA509.229 emissions_EastAveburyToWestA509.229,gasoline_euro4,0.96,66304.859394,1519237.098795,336.865104,32.530279,657.898551,484587.588153,0.0
WestA509ToEastH6.64,2307.0,773_0,0.0,0.0,3.0,2717.0,522_0,56.88,14.83,410.0,2754.15,185.0,4,0.0,234.35,0,tripinfo_WestA509ToEastH6.64 emissions_WestA509ToEastH6.64,gasoline_euro4,1.14,40400.070908,1208427.021173,211.086911,24.115229,506.041213,385443.56554,0.0
V6ToEastH6.215,2580.0,468_1,0.0,0.0,0.0,2718.0,522_0,56.88,11.33,138.0,1512.23,0.0,0,0.0,11.98,0,tripinfo_V6ToEastH6.215 emissions_V6ToEastH6.215,electric,0.86,0.0,0.0,0.0,0.0,0.0,0.0,0.0
EastAveburyToWestA509.230,2155.0,483_1,0.0,0.0,0.0,2720.0,774_2,29.75,13.1,565.0,2237.39,304.0,17,0.0,402.66,0,tripinfo_EastAveburyToWestA509.230 emissions_EastAveburyToWestA509.230,gasoline_euro4,1.02,66045.295764,1544260.197633,336.560181,33.444823,672.392309,492567.778152,0.0
EastAveburyToWestA509.237,2241.0,483_1,0.0,0.0,27.0,2721.0,774_1,29.75,11.4,480.0,2237.44,221.0,10,0.0,284.38,0,tripinfo_EastAveburyToWestA509.237 emissions_EastAveburyToWestA509.237,electric,0.85,0.0,0.0,0.0,0.0,0.0,0.0,0.0
EastAveburyToWestA509.228,2138.0,483_1,0.0,0.0,0.0,2722.0,774_1,29.75,13.75,584.0,2237.44,327.0,17,0.0,418.87,0,tripinfo_EastAveburyToWestA509.228 emissions_EastAveburyToWestA509.228,gasoline_euro4,1.0,69394.1482,1603380.690895,353.025677,34.796221,698.034745,511425.716392,0.0
EastAveburyToWestA509.189,1806.0,483_0,0.0,0.0,0.0,2724.0,774_0,29.75,11.5,918.0,2261.82,600.0,16,0.0,735.72,0,tripinfo_EastAveburyToWestA509.189 emissions_EastAveburyToWestA509.189,gasoline_euro4,0.9,117939.457923,2364059.49972,592.136832,53.690057,1047.277543,754064.356762,0.0
EastA509ToH6.129,2322.0,770_0,0.0,0.0,0.0,2731.0,522_0,56.88,12.54,409.0,1483.69,244.0,5,0.0,301.42,0,tripinfo_EastA509ToH6.129 emissions_EastA509ToH6.129,electric,0.99,0.0,0.0,0.0,0.0,0.0,0.0,0.0
EastA509ToH6.130,2340.0,770_0,0.0,0.0,0.0,2733.0,522_0,56.88,14.06,393.0,1483.69,228.0,5,0.0,287.11,0,tripinfo_EastA509ToH6.130 emissions_EastA509ToH6.130,electric,1.01,0.0,0.0,0.0,0.0,0.0,0.0,0.0
V6ToEastH6.217,2604.0,468_1,0.0,0.0,0.0,2740.0,522_1,56.88,12.32,136.0,1512.23,0.0,0,0.0,17.34,0,tripinfo_V6ToEastH6.217 emissions_V6ToEastH6.217,electric,0.92,0.0,0.0,0.0,0.0,0.0,0.0,0.0
SouthEvansGateToSilbury.138,2484.0,526_0,0.0,0.0,0.0,2741.0,215_1,19.43,16.5,257.0,1471.71,117.0,4,0.0,171.25,0,tripinfo_SouthEvansGateToSilbury.138 emissions_SouthEvansGateToSilbury.138,gasoline_euro4,1.24,27332.522186,779386.752413,142.426425,16.130213,332.0822,248595.68094,0.0
SouthEvansGateToSilbury.137,2466.0,526_0,0.0,0.0,0.0,2743.0,215_0,19.43,11.79,277.0,1471.75,125.0,5,0.0,156.53,0,tripinfo_SouthEvansGateToSilbury.137 emissions_SouthEvansGateToSilbury.137,gasoline_euro4,0.88,27484.558039,742526.106551,142.359281,14.985638,316.02425,236839.775432,0.0
SouthEvansGateToSilbury.134,2412.0,526_0,0.0,0.0,0.0,2745.0,215_1,19.43,13.61,333.0,1471.73,188.0,4,0.0,225.67,0,tripinfo_SouthEvansGateToSilbury.134 emissions_SouthEvansGateToSilbury.134,electric,1.0,0.0,0.0,0.0,0.0,0.0,0.0,0.0
SouthEvansGateToSilbury.136,2448.0,526_0,0.0,0.0,0.0,2749.0,215_1,19.43,10.47,301.0,1471.77,122.0,7,0.0,165.13,0,tripinfo_SouthEvansGateToSilbury.136 emissions_SouthEvansGateToSilbury.136,gasoline_euro4,0.78,28949.5386,761875.039914,149.461963,14.883541,322.195538,243012.351886,0.0
V6ToEastH6.218,2616.0,468_1,0.0,0.0,0.0,2749.0,522_1,56.88,12.82,133.0,1512.23,0.0,0,0.0,18.54,0,tripinfo_V6ToEastH6.218 emissions_V6ToEastH6.218,electric,0.95,0.0,0.0,0.0,0.0,0.0,0.0,0.0
V6ToEastH6.216,2592.0,468_1,0.0,0.0,0.0,2752.0,522_0,56.88,9.57,160.0,1512.23,0.0,0,0.0,14.83,0,tripinfo_V6ToEastH6.216 emissions_V6ToEastH6.216,electric,0.75,0.0,0.0,0.0,0.0,0.0,0.0,0.0
EastA509ToH6.131,2358.0,770_0,0.0,0.0,0.0,2754.0,522_0,56.88,12.07,396.0,1483.69,221.0,5,0.0,281.17,0,tripinfo_EastA509ToH6.131 emissions_EastA509ToH6.131,gasoline_euro4,0.93,45828.029288,1044247.11184,232.842131,22.583395,454.638367,333080.964059,0.0
EastA509ToH6.117,2106.0,770_0,0.0,0.0,0.0,2757.0,522_1,56.88,13.3,651.0,1443.3,476.0,6,0.0,547.31,0,tripinfo_EastA509ToH6.117 emissions_EastA509ToH6.117,gasoline_euro4,1.01,88455.037858,1716014.651558,442.653525,39.565002,763.237778,547358.562216,0.0
EastA509ToH6.132,2376.0,770_0,0.0,0.0,0.0,2758.0,522_0,56.88,11.47,382.0,1483.64,193.0,6,0.0,256.36,0,tripinfo_EastA509ToH6.132 emissions_EastA509ToH6.132,gasoline_euro4,0.85,42397.691516,982515.33397,215.883076,20.882423,425.977027,313390.470847,0.0
EastA509ToH6.133,2394.0,770_0,0.0,0.0,0.0,2758.0,522_1,56.88,13.44,364.0,1483.64,198.0,5,0.0,257.33,0,tripinfo_EastA509ToH6.133 emissions_EastA509ToH6.133,electric,1.0,0.0,0.0,0.0,0.0,0.0,0.0,0.0
EastA509ToH6.134,2412.0,770_0,0.0,0.0,0.0,2760.0,522_0,56.88,15.5,348.0,1483.69,184.0,5,0.0,252.89,0,tripinfo_EastA509ToH6.134 emissions_EastA509ToH6.134,electric,1.13,0.0,0.0,0.0,0.0,0.0,0.0,0.0
V6ToEastH6.219,2628.0,468_1,0.0,0.0,0.0,2770.0,522_0,56.88,11.81,142.0,1512.23,0.0,0,0.0,16.82,0,tripinfo_V6ToEastH6.219 emissions_V6ToEastH6.219,electric,0.87,0.0,0.0,0.0,0.0,0.0,0.0,0.0
V6ToEastH6.220,2640.0,468_1,0.0,0.0,0.0,2771.0,522_1,56.88,13.06,131.0,1512.23,0.0,0,0.0,18.03,0,tripinfo_V6ToEastH6.220 emissions_V6ToEastH6.220,electric,0.97,0.0,0.0,0.0,0.0,0.0,0.0,0.0
V6ToEastH6.221,2652.0,468_1,0.0,0.0,0.0,2773.0,522_1,56.88,14.98,121.0,1512.23,0.0,0,0.0,19.48,0,tripinfo_V6ToEastH6.221 emissions_V6ToEastH6.221,electric,1.08,0.0,0.0,0.0,0.0,0.0,0.0,0.0
WestH6ToSaxonSt.171,2052.0,524_0,0.0,0.0,0.0,2778.0,771_1,56.88,14.39,726.0,2574.97,472.0,9,0.0,555.18,0,tripinfo_WestH6ToSaxonSt.171 emissions_WestH6ToSaxonSt.171,gasoline_euro4,1.11,91399.458573,2004008.678008,462.286987,44.418605,876.835257,639214.80497,0.0
EastA509ToH6.137,2466.0,770_0,0.0,0.0,0.0,2778.0,522_1,56.88,13.7,312.0,1483.69,137.0,5,0.0,209.6,0,tripinfo_EastA509ToH6.137 emissions_EastA509ToH6.137,gasoline_euro4,1.05,32983.942929,865996.079054,170.129079,18.093811,372.381922,276222.199005,0.0
EastA509ToH6.136,2448.0,770_0,0.0,0.0,0.0,2779.0,522_0,56.88,12.27,331.0,1483.69,154.0,5,0.0,214.23,0,tripinfo_EastA509ToH6.136 emissions_EastA509ToH6.136,gasoline_euro4,0.92,35100.395513,877019.505152,180.215165,18.395761,378.210134,279739.28933,0.0
WestH6ToSaxonSt.177,2124.0,524_0,0.0,0.0,0.0,2781.0,771_1,56.88,13.58,657.0,2555.03,399.0,7,0.0,475.69,0,tripinfo_WestH6ToSaxonSt.177 emissions_WestH6ToSaxonSt.177,gasoline_euro4,1.03,79744.553228,1797389.509356,404.4283,39.213001,781.997711,573309.240425,0.0
WestH6ToSaxonSt.178,2136.0,524_0,0.0,0.0,0.0,2783.0,771_1,56.88,14.1,647.0,2555.02,386.0,7,0.0,477.24,0,tripinfo_WestH6ToSaxonSt.178 emissions_WestH6ToSaxonSt.178,electric,1.1,0.0,0.0,0.0,0.0,0.0,0.0,0.0
WestH6ToSaxonSt.175,2100.0,524_0,0.0,0.0,0.0,2792.0,771_1,56.88,11.73,692.0,2555.04,412.0,7,0.0,478.01,0,tripinfo_WestH6ToSaxonSt.175 emissions_WestH6ToSaxonSt.175,gasoline_euro4,0.87,80640.589124,1784649.279339,408.444648,38.267562,774.228028,569247.190142,0.0
WestA509ToAvebury.77,1386.0,773_0,0.0,0.0,0.0,2798.0,213_0,19.13,13.2,1412.0,2250.02,1164.0,16,0.0,1243.18,0,tripinfo_WestA509ToAvebury.77 emissions_WestA509ToAvebury.77,electric,0.96,0.0,0.0,0.0,0.0,0.0,0.0,0.0
WestA509ToAvebury.66,1191.0,773_0,0.0,0.0,3.0,2800.0,213_0,19.13,12.38,1609.0,2288.72,1269.0,28,0.0,1430.02,0,tripinfo_WestA509ToAvebury.66 emissions_WestA509ToAvebury.66,electric,0.93,0.0,0.0,0.0,0.0,0.0,0.0,0.0
EastAveburyToWestA509.231,2163.0,483_1,0.0,0.0,0.0,2805.0,774_1,29.75,11.72,642.0,2237.39,400.0,12,0.0,463.51,0,tripinfo_EastAveburyToWestA509.231 emissions_EastAveburyToWestA509.231,electric,0.93,0.0,0.0,0.0,0.0,0.0,0.0,0.0
V6ToEastH6.222,2664.0,468_1,0.0,0.0,0.0,2806.0,522_0,56.88,10.69,142.0,1512.23,0.0,0,0.0,13.42,0,tripinfo_V6ToEastH6.222 emissions_V6ToEastH6.222,electric,0.85,0.0,0.0,0.0,0.0,0.0,0.0,0.0
EastAveburyToWestA509.148,1458.0,483_1,0.0,0.0,0.0,2811.0,774_0,29.75,11.46,1353.0,2328.56,1005.0,24,0.0,1163.41,0,tripinfo_EastAveburyToWestA509.148 emissions_EastAveburyToWestA509.148,gasoline_euro4,0.92,190677.801091,3563452.297958,951.314948,83.184762,1593.304149,1136640.44243,0.0
V6ToEastH6.223,2676.0,468_1,0.0,0.0,0.0,2816.0,522_0,56.88,11.91,140.0,1512.23,0.0,0,0.0,13.16,0,tripinfo_V6ToEastH6.223 emissions_V6ToEastH6.223,electric,0.86,0.0,0.0,0.0,0.0,0.0,0.0,0.0
V6ToEastH6.224,2688.0,468_1,0.0,0.0,0.0,2817.0,522_1,56.88,13.22,129.0,1512.23,0.0,0,0.0,20.12,0,tripinfo_V6ToEastH6.224 emissions_V6ToEastH6.224,gasoline_euro4,1.0,4790.622862,375779.701622,29.851515,5.882855,146.343949,119856.752854,0.0
V6ToEastH6.225,2700.0,468_1,0.0,0.0,0.0,2820.0,522_1,56.88,13.63,120.0,1512.23,0.0,0,0.0,13.35,0,tripinfo_V6ToEastH6.225 emissions_V6ToEastH6.225,gasoline_euro4,1.03,3820.975595,364282.541279,25.134523,5.430325,139.102976,116189.524963,0.0
EastA509ToH6.138,2484.0,770_0,0.0,0.0,0.0,2825.0,522_1,56.88,13.52,341.0,1483.69,200.0,4,0.0,239.13,0,tripinfo_EastA509ToH6.138 emissions_EastA509ToH6.138,electric,1.05,0.0,0.0,0.0,0.0,0.0,0.0,0.0
EastA509ToH6.135,2430.0,770_0,0.0,0.0,0.0,2827.0,522_0,56.88,11.34,397.0,1483.64,224.0,4,0.0,275.33,0,tripinfo_EastA509ToH6.135 emissions_EastA509ToH6.135,electric,0.88,0.0,0.0,0.0,0.0,0.0,0.0,0.0
V6ToEastH6.226,2712.0,468_1,0.0,0.0,0.0,2828.0,522_1,56.88,15.14,116.0,1512.23,0.0,0,0.0,17.5,0,tripinfo_V6ToEastH6.226 emissions_V6ToEastH6.226,electric,1.11,0.0,0.0,0.0,0.0,0.0,0.0,0.0
SouthEvansGateToSilbury.142,2556.0,526_0,0.0,0.0,0.0,2830.0,215_1,19.43,13.33,274.0,1471.68,136.0,5,0.0,170.17,0,tripinfo_SouthEvansGateToSilbury.142 emissions_SouthEvansGateToSilbury.142,gasoline_euro4,1.02,29259.712495,788235.347801,151.288443,16.317432,336.795381,251419.02985,0.0
SouthEvansGateToSilbury.140,2520.0,526_0,0.0,0.0,0.0,2833.0,215_1,19.43,12.0,313.0,1471.7,162.0,5,0.0,197.33,0,tripinfo_SouthEvansGateToSilbury.140 emissions_SouthEvansGateToSilbury.140,gasoline_euro4,0.92,34037.675873,854825.848621,174.755005,17.757679,366.964528,272660.38435,0.0
EastA509ToH6.140,2520.0,770_0,0.0,0.0,0.0,2834.0,522_0,56.88,13.99,314.0,1483.69,162.0,5,0.0,208.57,0,tripinfo_EastA509ToH6.140 emissions_EastA509ToH6.140,electric,1.02,0.0,0.0,0.0,0.0,0.0,0.0,0.0
SouthEvansGateToSilbury.139,2502.0,526_0,0.0,0.0,0.0,2835.0,215_1,19.43,12.95,333.0,1471.73,171.0,5,0.0,226.92,0,tripinfo_SouthEvansGateToSilbury.139 emissions_SouthEvansGateToSilbury.139,electric,1.0,0.0,0.0,0.0,0.0,0.0,0.0,0.0
EastA509ToH6.141,2538.0,770_0,0.0,0.0,0.0,2835.0,522_0,56.88,15.31,297.0,1483.69,151.0,4,0.0,205.31,0,tripinfo_EastA509ToH6.141 emissions_EastA509ToH6.141,gasoline_euro4,1.17,33420.243715,898439.552694,173.210463,19.241823,388.713634,286569.564361,0.0
SouthEvansGateToSilbury.143,2574.0,526_0,0.0,0.0,0.0,2837.0,215_1,19.43,16.03,263.0,1471.71,115.0,5,0.0,172.27,0,tripinfo_SouthEvansGateToSilbury.143 emissions_SouthEvansGateToSilbury.143,electric,1.18,0.0,0.0,0.0,0.0,0.0,0.0,0.0
SouthEvansGateToSilbury.141,2538.0,526_0,0.0,0.0,0.0,2839.0,215_1,19.43,14.61,301.0,1471.73,133.0,7,0.0,199.82,0,tripinfo_SouthEvansGateToSilbury.141 emissions_SouthEvansGateToSilbury.141,gasoline_euro4,1.05,31664.368401,850842.867213,163.856813,17.811807,366.37428,271388.347604,0.0
V6ToEastH6.227,2724.0,468_1,0.0,0.0,0.0,2840.0,522_1,56.88,14.51,116.0,1512.23,0.0,0,0.0,15.41,0,tripinfo_V6ToEastH6.227 emissions_V6ToEastH6.227,electric,1.08,0.0,0.0,0.0,0.0,0.0,0.0,0.0
EastA509ToH6.142,2556.0,770_0,0.0,0.0,0.0,2846.0,522_0,56.88,13.91,290.0,1483.69,128.0,5,0.0,184.24,0,tripinfo_EastA509ToH6.142 emissions_EastA509ToH6.142,gasoline_euro4,1.01,29957.364871,803405.465592,154.924581,16.727489,344.904152,256257.679813,0.0
EastA509ToH6.128,2304.0,770_0,0.0,0.0,0.0,2848.0,522_0,56.88,14.07,544.0,1483.69,350.0,9,0.0,438.76,0,tripinfo_EastA509ToH6.128 emissions_EastA509ToH6.128,electric,1.02,0.0,0.0,0.0,0.0,0.0,0.0,0.0
V6ToEastH6.228,2736.0,468_1,0.0,0.0,0.0,2856.0,522_1,56.88,13.68,120.0,1512.23,0.0,0,0.0,12.73,0,tripinfo_V6ToEastH6.228 emissions_V6ToEastH6.228,electric,1.02,0.0,0.0,0.0,0.0,0.0,0.0,0.0
V6ToEastH6.229,2748.0,468_1,0.0,0.0,0.0,2874.0,522_1,56.88,13.33,126.0,1512.23,0.0,0,0.0,14.77,0,tripinfo_V6ToEastH6.229 emissions_V6ToEastH6.229,gasoline_euro4,0.98,4362.767707,381753.991105,28.191395,5.844798,147.90848,121762.143501,0.0
EastSilburyToEastAvebury.61,1376.0,317_0,0.0,0.0,0.0,2875.0,213_0,19.13,13.65,1499.0,680.89,1287.0,28,0.0,1449.07,0,tripinfo_EastSilburyToEastAvebury.61 emissions_EastSilburyToEastAvebury.61,electric,1.0,0.0,0.0,0.0,0.0,0.0,0.0,0.0
WestH6ToSaxonSt.176,2112.0,524_0,0.0,0.0,0.0,2877.0,771_1,56.88,12.58,765.0,2555.04,477.0,8,0.0,561.34,0,tripinfo_WestH6ToSaxonSt.176 emissions_WestH6ToSaxonSt.176,gasoline_euro4,0.92,94548.248578,2040240.838872,477.96001,45.025645,894.244751,650772.840555,0.0
WestA509ToAvebury.113,2034.0,773_0,0.0,0.0,0.0,2878.0,213_0,19.13,12.04,844.0,2328.43,595.0,12,0.0,662.86,0,tripinfo_WestA509ToAvebury.113 emissions_WestA509ToAvebury.113,electric,0.94,0.0,0.0,0.0,0.0,0.0,0.0,0.0
WestH6ToSaxonSt.180,2160.0,524_0,0.0,0.0,0.0,2878.0,771_1,56.88,12.6,718.0,2555.04,431.0,13,0.0,522.9,0,tripinfo_WestH6ToSaxonSt.180 emissions_WestH6ToSaxonSt.180,electric,0.95,0.0,0.0,0.0,0.0,0.0,0.0,0.0
EastAveburyToWestA509.234,2189.0,483_1,0.0,0.0,0.0,2879.0,774_1,29.75,13.09,690.0,2237.39,433.0,9,0.0,518.29,0,tripinfo_EastAveburyToWestA509.234 emissions_EastAveburyToWestA509.234,electric,0.96,0.0,0.0,0.0,0.0,0.0,0.0,0.0
WestA509ToAvebury.69,1242.0,773_0,0.0,0.0,0.0,2880.0,213_0,19.13,12.62,1638.0,2288.72,1305.0,25,0.0,1458.96,0,tripinfo_WestA509ToAvebury.69 emissions_WestA509ToAvebury.69,electric,0.93,0.0,0.0,0.0,0.0,0.0,0.0,0.0
EastAveburyToWestA509.204,1934.0,483_1,0.0,0.0,0.0,2880.0,774_2,29.75,13.24,946.0,2237.66,650.0,12,0.0,789.0,0,tripinfo_EastAveburyToWestA509.204 emissions_EastAveburyToWestA509.204,electric,1.04,0.0,0.0,0.0,0.0,0.0,0.0,0.0
EastAveburyToWestA509.224,2104.0,483_1,0.0,0.0,0.0,2882.0,774_2,29.75,13.6,778.0,2237.44,521.0,9,0.0,617.18,0,tripinfo_EastAveburyToWestA509.224 emissions_EastAveburyToWestA509.224,electric,1.03,0.0,0.0,0.0,0.0,0.0,0.0,0.0
EastAveburyToWestA509.236,2206.0,483_1,0.0,0.0,0.0,2884.0,774_2,29.75,13.72,678.0,2237.44,414.0,11,0.0,513.07,0,tripinfo_EastAveburyToWestA509.236 emissions_EastAveburyToWestA509.236,gasoline_euro4,1.0,83810.438435,1803881.780643,423.306272,40.0202,791.233842,575381.610339,0.0
WestA509ToAvebury.116,2091.0,773_0,0.0,0.0,3.0,2885.0,213_0,19.13,10.77,794.0,2328.43,524.0,16,0.0,593.2,0,tripinfo_WestA509ToAvebury.116 emissions_WestA509ToAvebury.116,electric,0.84,0.0,0.0,0.0,0.0,0.0,0.0,0.0
EastAveburyToWestA509.242,2257.0,483_1,0.0,0.0,0.0,2892.0,774_2,29.75,14.09,635.0,2237.39,384.0,11,0.0,473.96,0,tripinfo_EastAveburyToWestA509.242 emissions_EastAveburyToWestA509.242,electric,1.03,0.0,0.0,0.0,0.0,0.0,0.0,0.0
V6ToEastH6.230,2760.0,468_1,0.0,0.0,0.0,2892.0,522_1,56.88,12.93,132.0,1512.23,0.0,0,0.0,16.54,0,tripinfo_V6ToEastH6.230 emissions_V6ToEastH6.230,gasoline_euro4,0.95,4482.531278,376239.169272,28.599984,5.507155,144.394992,120003.571415,0.0
SouthEvansGateToSilbury.114,2052.0,526_0,0.0,0.0,0.0,2897.0,215_1,19.43,12.11,845.0,1457.4,696.0,10,0.0,734.4,0,tripinfo_SouthEvansGateToSilbury.114 emissions_SouthEvansGateToSilbury.114,electric,0.96,0.0,0.0,0.0,0.0,0.0,0.0,0.0
EastAveburyToWestA509.250,2345.0,483_1,0.0,0.0,20.0,2903.0,774_1,29.75,11.45,558.0,2218.32,317.0,7,0.0,374.92,0,tripinfo_EastAveburyToWestA509.250 emissions_EastAveburyToWestA509.250,electric,0.88,0.0,0.0,0.0,0.0,0.0,0.0,0.0
EastAveburyToWestA509.154,1509.0,483_1,0.0,0.0,0.0,2907.0,774_0,29.75,12.57,1398.0,2328.54,1097.0,13,0.0,1213.62,0,tripinfo_EastAveburyToWestA509.154 emissions_EastAveburyToWestA509.154,gasoline_euro4,0.94,199907.647343,3721355.16786,997.079346,87.269065,1665.999265,1187007.067642,0.0
V6ToEastH6.232,2784.0,468_1,0.0,0.0,0.0,2907.0,522_1,56.88,13.13,123.0,1512.23,0.0,0,0.0,16.13,0,tripinfo_V6ToEastH6.232 emissions_V6ToEastH6.232,gasoline_euro4,1.03,4365.037095,380872.570362,28.141252,5.914748,147.570923,121480.934634,0.0
V6ToEastH6.231,2772.0,468_1,0.0,0.0,0.0,2912.0,522_1,56.88,12.7,140.0,1512.23,3.0,1,0.0,21.47,0,tripinfo_V6ToEastH6.231 emissions_V6ToEastH6.231,electric,0.92,0.0,0.0,0.0,0.0,0.0,0.0,0.0
WestA509ToEastH6.58,2088.0,773_0,0.0,0.0,0.0,2914.0,522_0,56.88,13.41,826.0,2756.02,554.0,10,0.0,631.19,0,tripinfo_WestA509ToEastH6.58 emissions_WestA509ToEastH6.58,gasoline_euro4,1.03,104037.42833,2220708.033461,524.576008,48.952085,969.19807,708337.098788,0.0
SouthEvansGateToSilbury.144,2592.0,526_0,0.0,0.0,0.0,2920.0,215_1,19.43,11.63,328.0,1471.73,180.0,4,0.0,208.67,0,tripinfo_SouthEvansGateToSilbury.144 emissions_SouthEvansGateToSilbury.144,electric,0.89,0.0,0.0,0.0,0.0,0.0,0.0,0.0
V6ToEastH6.234,2808.0,468_1,0.0,0.0,0.0,2921.0,522_1,56.88,14.8,113.0,1512.23,0.0,0,0.0,13.69,0,tripinfo_V6ToEastH6.234 emissions_V6ToEastH6.234,electric,1.1,0.0,0.0,0.0,0.0,0.0,0.0,0.0
SouthEvansGateToSilbury.145,2610.0,526_0,0.0,0.0,0.0,2922.0,215_1,19.43,13.77,312.0,1471.68,154.0,6,0.0,208.31,0,tripinfo_SouthEvansGateToSilbury.145 emissions_SouthEvansGateToSilbury.145,electric,1.03,0.0,0.0,0.0,0.0,0.0,0.0,0.0
SouthEvansGateToSilbury.147,2646.0,526_0,0.0,0.0,0.0,2924.0,215_1,19.43,14.61,278.0,1471.68,117.0,6,0.0,181.24,0,tripinfo_SouthEvansGateToSilbury.147 emissions_SouthEvansGateToSilbury.147,electric,1.11,0.0,0.0,0.0,0.0,0.0,0.0,0.0
SouthEvansGateToSilbury.146,2628.0,526_0,0.0,0.0,0.0,2925.0,215_1,19.43,14.77,297.0,1471.73,136.0,6,0.0,198.44,0,tripinfo_SouthEvansGateToSilbury.146 emissions_SouthEvansGateToSilbury.146,electric,1.08,0.0,0.0,0.0,0.0,0.0,0.0,0.0
SouthEvansGateToSilbury.148,2664.0,526_0,0.0,0.0,0.0,2927.0,215_1,19.43,14.96,263.0,1471.73,109.0,5,0.0,166.87,0,tripinfo_SouthEvansGateToSilbury.148 emissions_SouthEvansGateToSilbury.148,electric,1.11,0.0,0.0,0.0,0.0,0.0,0.0,0.0
V6ToEastH6.233,2796.0,468_1,0.0,0.0,0.0,2928.0,522_1,56.88,12.64,132.0,1512.23,0.0,0,0.0,13.02,0,tripinfo_V6ToEastH6.233 emissions_V6ToEastH6.233,gasoline_euro4,0.92,3962.973655,351089.22967,25.769389,5.10552,134.76001,111981.769593,0.0
WestA509ToEastH6.59,2126.0,773_0,0.0,0.0,2.0,2930.0,522_0,56.88,13.79,804.0,2755.17,483.0,15,0.0,609.54,0,tripinfo_WestA509ToEastH6.59 emissions_WestA509ToEastH6.59,electric,1.03,0.0,0.0,0.0,0.0,0.0,0.0,0.0
WestA509ToEastH6.56,2016.0,773_0,0.0,0.0,0.0,2933.0,522_0,56.88,13.71,917.0,2750.83,619.0,12,0.0,715.81,0,tripinfo_WestA509ToEastH6.56 emissions_WestA509ToEastH6.56,gasoline_euro4,0.99,118173.47981,2452258.436603,594.148308,54.517747,1074.58862,782195.998012,0.0
V6ToEastH6.235,2820.0,468_1,0.0,0.0,0.0,2940.0,522_1,56.88,13.77,120.0,1512.23,0.0,0,0.0,13.47,0,tripinfo_V6ToEastH6.235 emissions_V6ToEastH6.235,gasoline_euro4,1.03,4012.937143,365854.77218,26.336107,5.717585,142.081396,116690.813655,0.0
V6ToEastH6.236,2832.0,468_1,0.0,0.0,0.0,2960.0,522_1,56.88,13.14,128.0,1512.23,1.0,1,0.0,19.32,0,tripinfo_V6ToEastH6.236 emissions_V6ToEastH6.236,electric,1.0,0.0,0.0,0.0,0.0,0.0,0.0,0.0
WestH6ToSaxonSt.179,2148.0,524_0,0.0,0.0,0.0,2962.0,771_1,56.88,12.26,814.0,2555.03,512.0,16,0.0,609.2,0,tripinfo_WestH6ToSaxonSt.179 emissions_WestH6ToSaxonSt.179,gasoline_euro4,0.91,101300.344224,2153896.955622,511.144906,47.579909,944.271882,687026.469299,0.0
WestH6ToSaxonSt.181,2172.0,524_0,0.0,0.0,0.0,2966.0,771_1,56.88,11.13,794.0,2555.01,468.0,13,0.0,578.56,0,tripinfo_WestH6ToSaxonSt.181 emissions_WestH6ToSaxonSt.181,gasoline_euro4,0.86,94964.70012,2028045.536587,479.54044,44.191474,885.568969,646884.201085,0.0
WestH6ToSaxonSt.182,2184.0,524_0,0.0,0.0,0.0,2968.0,771_1,56.88,13.99,784.0,2555.04,470.0,12,0.0,611.91,0,tripinfo_WestH6ToSaxonSt.182 emissions_WestH6ToSaxonSt.182,electric,1.09,0.0,0.0,0.0,0.0,0.0,0.0,0.0
EastAveburyToWestA509.240,2250.0,483_1,0.0,0.0,10.0,2970.0,774_1,29.75,11.56,720.0,2237.39,468.0,10,0.0,538.54,0,tripinfo_EastAveburyToWestA509.240 emissions_EastAveburyToWestA509.240,electric,0.91,0.0,0.0,0.0,0.0,0.0,0.0,0.0
EastAveburyToWestA509.238,2244.0,483_1,0.0,0.0,21.0,2971.0,774_2,29.75,12.59,727.0,2237.44,449.0,10,0.0,559.71,0,tripinfo_EastAveburyToWestA509.238 emissions_EastAveburyToWestA509.238,gasoline_euro4,0.99,89938.580559,1909274.532221,453.935268,42.530458,840.215226,608999.109715,0.0
EastAveburyToWestA509.252,2351.0,483_1,0.0,0.0,9.0,2973.0,774_1,29.75,12.93,622.0,2237.39,374.0,14,0.0,448.64,0,tripinfo_EastAveburyToWestA509.252 emissions_EastAveburyToWestA509.252,electric,0.96,0.0,0.0,0.0,0.0,0.0,0.0,0.0
WestA509ToAvebury.117,2106.0,773_0,0.0,0.0,0.0,2974.0,213_0,19.13,11.29,868.0,2328.43,590.0,20,0.0,672.15,0,tripinfo_WestA509ToAvebury.117 emissions_WestA509ToAvebury.117,gasoline_euro4,0.87,112030.326051,2260262.530384,562.793757,50.73166,996.86587,720956.501361,0.0
V6ToEastH6.237,2844.0,468_1,0.0,0.0,0.0,2975.0,522_1,56.88,11.9,131.0,1512.23,0.0,0,0.0,13.7,0,tripinfo_V6ToEastH6.237 emissions_V6ToEastH6.237,gasoline_euro4,0.93,4145.590014,355391.677681,26.857287,5.343611,137.68409,113353.932843,0.0
EastSilburyToEastAvebury.78,1648.0,317_0,0.0,0.0,0.0,2976.0,213_0,19.13,11.51,1328.0,680.87,1138.0,27,0.0,1271.53,0,tripinfo_EastSilburyToEastAvebury.78 emissions_EastSilburyToEastAvebury.78,electric,0.9,0.0,0.0,0.0,0.0,0.0,0.0,0.0
V6ToEastH6.238,2856.0,468_1,0.0,0.0,0.0,2976.0,522_1,56.88,14.84,120.0,1512.23,0.0,0,0.0,19.07,0,tripinfo_V6ToEastH6.238 emissions_V6ToEastH6.238,electric,1.08,0.0,0.0,0.0,0.0,0.0,0.0,0.0
WestA509ToAvebury.76,1371.0,773_0,0.0,0.0,3.0,2977.0,213_0,19.13,13.26,1606.0,2322.44,1272.0,27,0.0,1453.22,0,tripinfo_WestA509ToAvebury.76 emissions_WestA509ToAvebury.76,gasoline_euro4,1.1,237294.712875,4312415.392397,1180.992093,102.620699,1938.038942,1375540.52024,0.0
EastAveburyToWestA509.246,2336.0,483_1,0.0,0.0,45.0,2977.0,774_1,29.75,12.4,641.0,2237.39,390.0,11,0.0,461.03,0,tripinfo_EastAveburyToWestA509.246 emissions_EastAveburyToWestA509.246,gasoline_euro4,0.92,76354.495109,1668301.211985,386.160664,36.181462,726.254441,532135.935069,0.0
EastAveburyToWestA509.257,2429.0,483_1,0.0,0.0,45.0,2979.0,774_2,29.75,14.72,550.0,2237.39,278.0,14,0.0,399.07,0,tripinfo_EastAveburyToWestA509.257 emissions_EastAveburyToWestA509.257,electric,1.1,0.0,0.0,0.0,0.0,0.0,0.0,0.0
EastAveburyToWestA509.251,2348.0,483_1,0.0,0.0,15.0,2980.0,774_1,29.75,11.58,632.0,2240.6,369.0,12,0.0,452.56,0,tripinfo_EastAveburyToWestA509.251 emissions_EastAveburyToWestA509.251,electric,0.92,0.0,0.0,0.0,0.0,0.0,0.0,0.0
EastAveburyToWestA509.232,2172.0,483_1,0.0,0.0,0.0,2982.0,774_2,29.75,13.64,810.0,2237.39,517.0,17,0.0,645.8,0,tripinfo_EastAveburyToWestA509.232 emissions_EastAveburyToWestA509.232,electric,1.01,0.0,0.0,0.0,0.0,0.0,0.0,0.0
V6ToEastH6.240,2880.0,468_1,0.0,0.0,0.0,2996.0,522_1,56.88,14.4,116.0,1512.23,0.0,0,0.0,14.01,0,tripinfo_V6ToEastH6.240 emissions_V6ToEastH6.240,electric,1.07,0.0,0.0,0.0,0.0,0.0,0.0,0.0
V6ToEastH6.239,2868.0,468_1,0.0,0.0,0.0,3003.0,522_1,56.88,11.76,135.0,1512.23,0.0,0,0.0,14.64,0,tripinfo_V6ToEastH6.239 emissions_V6ToEastH6.239,electric,0.91,0.0,0.0,0.0,0.0,0.0,0.0,0.0
EastA509ToH6.145,2610.0,770_0,0.0,0.0,0.0,3005.0,522_1,56.88,15.68,395.0,1483.69,219.0,7,0.0,303.96,0,tripinfo_EastA509ToH6.145 emissions_EastA509ToH6.145,gasoline_euro4,1.18,48978.355854,1150136.884839,249.353853,25.222174,501.064122,366855.012934,0.0
EastA509ToH6.143,2574.0,770_0,0.0,0.0,0.0,3006.0,522_0,56.88,12.86,432.0,1483.64,251.0,7,0.0,320.99,0,tripinfo_EastA509ToH6.143 emissions_EastA509ToH6.143,gasoline_euro4,0.96,52553.870544,1179771.19596,266.648861,25.895146,515.843143,376308.824094,0.0
SouthEvansGateToSilbury.150,2700.0,526_0,0.0,0.0,0.0,3007.0,215_1,19.43,12.06,307.0,1471.7,164.0,4,0.0,190.92,0,tripinfo_SouthEvansGateToSilbury.150 emissions_SouthEvansGateToSilbury.150,electric,0.92,0.0,0.0,0.0,0.0,0.0,0.0,0.0
SouthEvansGateToSilbury.151,2718.0,526_0,0.0,0.0,0.0,3009.0,215_1,19.43,14.04,291.0,1471.73,136.0,5,0.0,189.2,0,tripinfo_SouthEvansGateToSilbury.151 emissions_SouthEvansGateToSilbury.151,electric,1.05,0.0,0.0,0.0,0.0,0.0,0.0,0.0
SouthEvansGateToSilbury.152,2736.0,526_0,0.0,0.0,0.0,3011.0,215_1,19.43,12.05,275.0,1471.68,121.0,4,0.0,159.4,0,tripinfo_SouthEvansGateToSilbury.152 emissions_SouthEvansGateToSilbury.152,gasoline_euro4,0.92,27165.867695,746538.330218,140.829236,14.837662,315.797276,238119.506297,0.0
SouthEvansGateToSilbury.149,2682.0,526_0,0.0,0.0,0.0,3013.0,215_1,19.43,13.3,331.0,1471.73,171.0,6,0.0,226.95,0,tripinfo_SouthEvansGateToSilbury.149 emissions_SouthEvansGateToSilbury.149,electric,1.02,0.0,0.0,0.0,0.0,0.0,0.0,0.0
V6ToEastH6.241,2892.0,468_1,0.0,0.0,0.0,3013.0,522_1,56.88,14.01,121.0,1512.23,0.0,0,0.0,13.05,0,tripinfo_V6ToEastH6.241 emissions_V6ToEastH6.241,electric,1.02,0.0,0.0,0.0,0.0,0.0,0.0,0.0
SouthEvansGateToSilbury.153,2754.0,526_0,0.0,0.0,0.0,3015.0,215_1,19.43,15.55,261.0,1471.73,112.0,4,0.0,169.18,0,tripinfo_SouthEvansGateToSilbury.153 emissions_SouthEvansGateToSilbury.153,gasoline_euro4,1.17,27038.03079,774185.034787,140.747624,15.93695,329.995703,246936.469591,0.0
EastA509ToH6.146,2628.0,770_0,0.0,0.0,0.0,3016.0,522_0,56.88,14.25,388.0,1483.69,207.0,7,0.0,285.09,0,tripinfo_EastA509ToH6.146 emissions_EastA509ToH6.146,electric,1.04,0.0,0.0,0.0,0.0,0.0,0.0,0.0
EastA509ToH6.144,2592.0,770_0,0.0,0.0,0.0,3020.0,522_0,56.88,13.03,428.0,1483.69,236.0,7,0.0,315.85,0,tripinfo_EastA509ToH6.144 emissions_EastA509ToH6.144,electric,0.96,0.0,0.0,0.0,0.0,0.0,0.0,0.0
EastA509ToH6.147,2646.0,770_0,0.0,0.0,0.0,3020.0,522_1,56.88,14.81,374.0,1483.69,182.0,7,0.0,276.21,0,tripinfo_EastA509ToH6.147 emissions_EastA509ToH6.147,gasoline_euro4,1.1,43652.189948,1056690.870308,223.268019,22.998807,460.402829,337048.22821,0.0
V6ToEastH6.242,2904.0,468_1,0.0,0.0,0.0,3033.0,522_1,56.88,12.49,129.0,1512.23,0.0,0,0.0,16.32,0,tripinfo_V6ToEastH6.242 emissions_V6ToEastH6.242,gasoline_euro4,0.97,4387.615189,376744.241712,28.317108,5.779496,146.481071,120164.298471,0.0
V6ToEastH6.243,2916.0,468_1,0.0,0.0,0.0,3038.0,522_1,56.88,13.47,122.0,1512.23,0.0,0,0.0,13.56,0,tripinfo_V6ToEastH6.243 emissions_V6ToEastH6.243,electric,1.01,0.0,0.0,0.0,0.0,0.0,0.0,0.0
WestA509ToAvebury.120,2163.0,773_0,0.0,0.0,3.0,3048.0,213_0,19.13,14.41,885.0,2328.43,653.0,12,0.0,726.31,0,tripinfo_WestA509ToAvebury.120 emissions_WestA509ToAvebury.120,electric,1.07,0.0,0.0,0.0,0.0,0.0,0.0,0.0
WestH6ToSaxonSt.165,1980.0,524_0,0.0,0.0,0.0,3049.0,771_1,56.88,13.22,1069.0,2767.88,770.0,13,0.0,860.34,0,tripinfo_WestH6ToSaxonSt.165 emissions_WestH6ToSaxonSt.165,gasoline_euro4,0.99,143986.716802,2930518.607536,723.738537,66.556237,1296.182066,934746.573355,0.0
V6ToEastH6.244,2928.0,468_1,0.0,0.0,0.0,3049.0,522_1,56.88,13.4,121.0,1512.23,0.0,0,0.0,12.32,0,tripinfo_V6ToEastH6.244 emissions_V6ToEastH6.244,electric,1.0,0.0,0.0,0.0,0.0,0.0,0.0,0.0
WestA509ToAvebury.80,1443.0,773_0,0.0,0.0,3.0,3050.0,213_0,19.13,15.35,1607.0,2249.98,1331.0,18,0.0,1461.56,0,tripinfo_WestA509ToAvebury.80 emissions_WestA509ToAvebury.80,electric,1.12,0.0,0.0,0.0,0.0,0.0,0.0,0.0
WestH6ToSaxonSt.183,2196.0,524_0,0.0,0.0,0.0,3051.0,771_1,56.88,15.53,855.0,2555.05,603.0,12,0.0,687.96,0,tripinfo_WestH6ToSaxonSt.183 emissions_WestH6ToSaxonSt.183,gasoline_euro4,1.12,113890.524454,2356201.249809,572.897835,53.346067,1037.952965,751555.844829,0.0
EastAveburyToWestA509.205,1942.0,483_1,0.0,0.0,0.0,3056.0,774_1,29.75,12.96,1114.0,2237.66,816.0,15,0.0,941.99,0,tripinfo_EastAveburyToWestA509.205 emissions_EastAveburyToWestA509.205,gasoline_euro4,0.96,152532.975383,2891011.559293,761.922764,67.153162,1289.543619,922149.940224,0.0
WestA509ToAvebury.121,2178.0,773_0,0.0,0.0,0.0,3057.0,213_0,19.13,14.54,879.0,2328.43,623.0,14,0.0,717.77,0,tripinfo_WestA509ToAvebury.121 emissions_WestA509ToAvebury.121,gasoline_euro4,1.06,118764.960087,2416193.31968,596.632706,55.03225,1068.349895,770692.275417,0.0
WestA509ToAvebury.83,1494.0,773_0,0.0,0.0,0.0,3058.0,213_0,19.13,13.36,1564.0,2323.29,1245.0,21,0.0,1403.05,0,tripinfo_WestA509ToAvebury.83 emissions_WestA509ToAvebury.83,electric,1.05,0.0,0.0,0.0,0.0,0.0,0.0,0.0
EastAveburyToWestA509.254,2419.0,483_1,0.0,0.0,60.0,3058.0,774_2,29.75,14.57,639.0,2237.39,378.0,11,0.0,483.98,0,tripinfo_EastAveburyToWestA509.254 emissions_EastAveburyToWestA509.254,gasoline_euro4,1.07,77841.577124,1732691.262878,394.508012,37.800384,755.5326,552673.135818,0.0
V6ToEastH6.245,2940.0,468_1,0.0,0.0,0.0,3058.0,522_1,56.88,13.25,118.0,1512.23,0.0,0,0.0,13.08,0,tripinfo_V6ToEastH6.245 emissions_V6ToEastH6.245,electric,1.04,0.0,0.0,0.0,0.0,0.0,0.0,0.0
EastAveburyToWestA509.195,1857.0,483_0,0.0,0.0,0.0,3061.0,774_0,29.75,13.88,1204.0,2243.99,940.0,15,0.0,1050.99,0,tripinfo_EastAveburyToWestA509.195 emissions_EastAveburyToWestA509.195,gasoline_euro4,1.07,171203.780849,3211206.491981,854.051412,75.205359,1433.860353,1024283.440742,0.0
EastAveburyToWestA509.247,2339.0,483_1,0.0,0.0,40.0,3071.0,774_1,29.75,11.69,732.0,2237.39,462.0,18,0.0,549.6,0,tripinfo_EastAveburyToWestA509.247 emissions_EastAveburyToWestA509.247,gasoline_euro4,0.91,90957.779087,1916275.442733,458.495316,42.321504,840.215478,611233.086651,0.0
EastAveburyToWestA509.249,2342.0,483_1,0.0,0.0,26.0,3072.0,774_2,29.75,12.78,730.0,2237.39,457.0,19,0.0,557.3,0,tripinfo_EastAveburyToWestA509.249 emissions_EastAveburyToWestA509.249,electric,0.96,0.0,0.0,0.0,0.0,0.0,0.0,0.0
EastAveburyToWestA509.164,1594.0,483_1,0.0,0.0,0.0,3075.0,774_0,29.75,14.03,1481.0,2328.59,1185.0,14,0.0,1315.43,0,tripinfo_EastAveburyToWestA509.164 emissions_EastAveburyToWestA509.164,gasoline_euro4,1.05,215813.068881,3992850.300436,1076.040208,94.675457,1793.636316,1273606.000004,0.0
V6ToEastH6.246,2952.0,468_1,0.0,0.0,0.0,3083.0,522_1,56.88,12.27,131.0,1512.23,0.0,0,0.0,13.39,0,tripinfo_V6ToEastH6.246 emissions_V6ToEastH6.246,electric,0.93,0.0,0.0,0.0,0.0,0.0,0.0,0.0
V6ToEastH6.247,2964.0,468_1,0.0,0.0,0.0,3085.0,522_1,56.88,12.95,121.0,1512.23,0.0,0,0.0,12.79,0,tripinfo_V6ToEastH6.247 emissions_V6ToEastH6.247,electric,1.01,0.0,0.0,0.0,0.0,0.0,0.0,0.0
V6ToEastH6.248,2976.0,468_1,0.0,0.0,0.0,3086.0,522_1,56.88,14.75,110.0,1512.23,0.0,0,0.0,19.4,0,tripinfo_V6ToEastH6.248 emissions_V6ToEastH6.248,electric,1.2,0.0,0.0,0.0,0.0,0.0,0.0,0.0
WestA509ToEastH6.62,2232.0,773_0,0.0,0.0,0.0,3092.0,522_0,56.88,12.24,860.0,2755.97,571.0,10,0.0,652.3,0,tripinfo_WestA509ToEastH6.62 emissions_WestA509ToEastH6.62,gasoline_euro4,0.96,108000.021594,2284960.854978,544.030204,50.363142,998.804132,728832.320783,0.0
SouthEvansGateToSilbury.154,2772.0,526_0,0.0,0.0,0.0,3094.0,215_1,19.43,14.62,322.0,1471.71,185.0,5,0.0,222.18,0,tripinfo_SouthEvansGateToSilbury.154 emissions_SouthEvansGateToSilbury.154,gasoline_euro4,1.06,38068.494096,952625.727733,195.309382,20.47622,412.053681,303854.561263,0.0
SouthEvansGateToSilbury.157,2826.0,526_0,0.0,0.0,0.0,3096.0,215_1,19.43,13.58,270.0,1471.73,122.0,5,0.0,167.03,0,tripinfo_SouthEvansGateToSilbury.157 emissions_SouthEvansGateToSilbury.157,electric,1.03,0.0,0.0,0.0,0.0,0.0,0.0,0.0
SouthEvansGateToSilbury.155,2790.0,526_0,0.0,0.0,0.0,3098.0,215_1,19.43,13.85,308.0,1471.7,162.0,5,0.0,202.78,0,tripinfo_SouthEvansGateToSilbury.155 emissions_SouthEvansGateToSilbury.155,electric,1.01,0.0,0.0,0.0,0.0,0.0,0.0,0.0
SouthEvansGateToSilbury.156,2808.0,526_0,0.0,0.0,0.0,3100.0,215_1,19.43,14.36,292.0,1471.73,137.0,6,0.0,197.21,0,tripinfo_SouthEvansGateToSilbury.156 emissions_SouthEvansGateToSilbury.156,gasoline_euro4,1.13,32413.410041,873379.374939,167.754944,18.367416,375.864996,278576.566334,0.0
V6ToEastH6.249,2988.0,468_1,0.0,0.0,0.0,3108.0,522_1,56.88,14.18,120.0,1512.23,0.0,0,0.0,13.3,0,tripinfo_V6ToEastH6.249 emissions_V6ToEastH6.249,gasoline_euro4,1.03,3880.395278,358784.134461,25.282103,5.450522,137.678898,114435.733726,0.0
V6ToEastH6.250,3000.0,468_1,0.0,0.0,0.0,3117.0,522_1,56.88,14.71,117.0,1512.23,0.0,0,0.0,16.0,0,tripinfo_V6ToEastH6.250 emissions_V6ToEastH6.250,electric,1.09,0.0,0.0,0.0,0.0,0.0,0.0,0.0
WestH6ToSaxonSt.173,2076.0,524_0,0.0,0.0,0.0,3132.0,771_1,56.88,13.29,1056.0,2574.97,780.0,17,0.0,873.87,0,tripinfo_WestH6ToSaxonSt.173 emissions_WestH6ToSaxonSt.173,gasoline_euro4,1.03,144399.72918,2834217.969101,723.03258,65.250692,1257.934552,904031.873104,0.0
EastAveburyToWestA509.203,1925.0,483_1,0.0,0.0,0.0,3138.0,774_2,29.75,14.3,1213.0,2240.45,893.0,16,0.0,1054.64,0,tripinfo_EastAveburyToWestA509.203 emissions_EastAveburyToWestA509.203,gasoline_euro4,1.05,168385.586248,3173760.557031,840.568909,74.047749,1417.590279,1012338.982484,0.0
WestH6ToSaxonSt.184,2208.0,524_0,0.0,0.0,0.0,3138.0,771_1,56.88,12.6,930.0,2555.04,642.0,13,0.0,734.65,0,tripinfo_WestH6ToSaxonSt.184 emissions_WestH6ToSaxonSt.184,electric,0.95,0.0,0.0,0.0,0.0,0.0,0.0,0.0
V6ToEastH6.251,3012.0,468_1,0.0,0.0,0.0,3139.0,522_1,56.88,13.7,127.0,1512.23,2.0,1,0.0,18.6,0,tripinfo_V6ToEastH6.251 emissions_V6ToEastH6.251,gasoline_euro4,1.01,4616.267895,388028.743323,29.254038,5.80747,148.85851,123763.777947,0.0
WestH6ToSaxonSt.185,2220.0,524_0,0.0,0.0,0.0,3140.0,771_1,56.88,13.11,920.0,2555.04,628.0,19,0.0,728.03,0,tripinfo_WestH6ToSaxonSt.185 emissions_WestH6ToSaxonSt.185,gasoline_euro4,0.97,119968.907342,2425262.364001,602.223397,54.708336,1068.916935,773586.150385,0.0
V6ToEastH6.252,3024.0,468_1,0.0,0.0,0.0,3143.0,522_1,56.88,13.95,119.0,1512.23,0.0,0,0.0,12.38,0,tripinfo_V6ToEastH6.252 emissions_V6ToEastH6.252,gasoline_euro4,1.03,3828.639877,359578.932134,25.312707,5.531873,138.92438,114689.129767,0.0
WestA509ToAvebury.106,1911.0,773_0,0.0,0.0,3.0,3145.0,213_0,19.13,12.31,1234.0,2328.43,939.0,13,0.0,1060.53,0,tripinfo_WestA509ToAvebury.106 emissions_WestA509ToAvebury.106,gasoline_euro4,0.98,172644.205912,3225908.776045,860.737218,75.151621,1438.576774,1028973.902112,0.0
EastAveburyToWestA509.259,2435.0,483_1,0.0,0.0,34.0,3145.0,774_1,29.75,12.66,710.0,2237.39,440.0,17,0.0,537.98,0,tripinfo_EastAveburyToWestA509.259 emissions_EastAveburyToWestA509.259,gasoline_euro4,0.96,89164.921902,1901656.835809,449.831041,41.825997,831.794101,606569.714377,0.0
EastSilburyToEastAvebury.111,2176.0,317_0,0.0,0.0,0.0,3146.0,213_0,19.13,14.67,970.0,658.22,832.0,13,0.0,926.16,0,tripinfo_EastSilburyToEastAvebury.111 emissions_EastSilburyToEastAvebury.111,gasoline_euro4,1.09,149333.974701,2538964.294415,739.401987,62.008087,1153.21773,809863.180095,0.0
V6ToEastH6.253,3036.0,468_1,0.0,0.0,0.0,3147.0,522_1,56.88,14.85,111.0,1512.23,0.0,0,0.0,14.57,0,tripinfo_V6ToEastH6.253 emissions_V6ToEastH6.253,gasoline_euro4,1.14,4351.675922,396983.73044,28.41672,6.542324,155.2915,126619.134559,0.0
EastAveburyToWestA509.264,2517.0,483_1,0.0,0.0,73.0,3148.0,774_1,29.75,13.06,631.0,2237.39,377.0,10,0.0,457.87,0,tripinfo_EastAveburyToWestA509.264 emissions_EastAveburyToWestA509.264,electric,0.95,0.0,0.0,0.0,0.0,0.0,0.0,0.0
WestA509ToAvebury.127,2286.0,773_0,0.0,0.0,0.0,3151.0,213_0,19.13,15.85,865.0,2327.58,598.0,20,0.0,720.8,0,tripinfo_WestA509ToAvebury.127 emissions_WestA509ToAvebury.127,gasoline_euro4,1.18,117022.37101,2432676.38375,589.415626,55.726558,1078.401025,775947.853192,0.0
EastAveburyToWestA509.268,2592.0,483_1,0.0,0.0,114.0,3151.0,774_2,29.75,13.26,559.0,2237.39,300.0,15,0.0,394.66,0,tripinfo_EastAveburyToWestA509.268 emissions_EastAveburyToWestA509.268,gasoline_euro4,1.01,64377.70971,1521946.074239,328.20048,32.5473,659.561626,485450.334884,0.0
EastAveburyToWestA509.219,2061.0,483_0,0.0,0.0,0.0,3153.0,774_0,29.75,12.96,1092.0,2260.94,800.0,17,0.0,929.59,0,tripinfo_EastAveburyToWestA509.219 emissions_EastAveburyToWestA509.219,gasoline_euro4,1.02,151654.68301,2909016.488336,758.188552,67.66397,1297.484026,927891.725223,0.0
EastAveburyToWestA509.245,2333.0,483_1,0.0,0.0,51.0,3156.0,774_0,29.75,10.93,823.0,2241.08,547.0,20,0.0,632.85,0,tripinfo_EastAveburyToWestA509.245 emissions_EastAveburyToWestA509.245,gasoline_euro4,0.87,105635.595977,2136982.261837,530.790816,47.682152,940.472351,681633.926126,0.0
EastAveburyToWestA509.270,2599.0,483_1,0.0,0.0,104.0,3162.0,774_1,29.75,12.05,563.0,2237.39,286.0,15,0.0,375.04,0,tripinfo_EastAveburyToWestA509.270 emissions_EastAveburyToWestA509.270,electric,0.88,0.0,0.0,0.0,0.0,0.0,0.0,0.0
EastAveburyToWestA509.260,2504.0,483_1,0.0,0.0,94.0,3164.0,774_2,29.75,11.7,660.0,2237.44,362.0,12,0.0,472.08,0,tripinfo_EastAveburyToWestA509.260 emissions_EastAveburyToWestA509.260,gasoline_euro4,0.88,76103.246915,1679480.418945,385.559144,36.132351,730.578423,535701.532599,0.0
V6ToEastH6.254,3048.0,468_1,0.0,0.0,0.0,3168.0,522_1,56.88,13.07,120.0,1512.23,0.0,0,0.0,12.75,0,tripinfo_V6ToEastH6.254 emissions_V6ToEastH6.254,electric,1.02,0.0,0.0,0.0,0.0,0.0,0.0,0.0
EastA509ToH6.148,2664.0,770_0,0.0,0.0,0.0,3171.0,522_0,56.88,13.58,507.0,1483.69,334.0,10,0.0,403.85,0,tripinfo_EastA509ToH6.148 emissions_EastA509ToH6.148,electric,1.04,0.0,0.0,0.0,0.0,0.0,0.0,0.0
EastA509ToH6.150,2700.0,770_0,0.0,0.0,0.0,3175.0,522_0,56.88,12.55,475.0,1483.64,293.0,10,0.0,363.25,0,tripinfo_EastA509ToH6.150 emissions_EastA509ToH6.150,electric,0.96,0.0,0.0,0.0,0.0,0.0,0.0,0.0
WestA509ToEastH6.63,2268.0,773_0,0.0,0.0,0.0,3176.0,522_1,56.88,13.51,908.0,2756.02,612.0,10,0.0,713.08,0,tripinfo_WestA509ToEastH6.63 emissions_WestA509ToEastH6.63,electric,1.03,0.0,0.0,0.0,0.0,0.0,0.0,0.0
V6ToEastH6.255,3060.0,468_1,0.0,0.0,0.0,3182.0,522_1,56.88,12.78,122.0,1512.23,0.0,0,0.0,13.09,0,tripinfo_V6ToEastH6.255 emissions_V6ToEastH6.255,gasoline_euro4,1.0,3981.055253,365788.528524,26.068302,5.588987,141.4287,116669.783263,0.0
SouthEvansGateToSilbury.158,2844.0,526_0,0.0,0.0,0.0,3183.0,215_0,19.43,12.34,339.0,1471.76,192.0,4,0.0,226.19,0,tripinfo_SouthEvansGateToSilbury.158 emissions_SouthEvansGateToSilbury.158,electric,0.94,0.0,0.0,0.0,0.0,0.0,0.0,0.0
SouthEvansGateToSilbury.159,2862.0,526_0,0.0,0.0,0.0,3183.0,215_1,19.43,12.38,321.0,1471.68,169.0,6,0.0,205.03,0,tripinfo_SouthEvansGateToSilbury.159 emissions_SouthEvansGateToSilbury.159,gasoline_euro4,0.92,35058.202998,875931.640546,179.820287,18.276501,376.430055,279392.438216,0.0
SouthEvansGateToSilbury.160,2880.0,526_0,0.0,0.0,0.0,3185.0,215_0,19.43,12.29,305.0,1471.74,136.0,6,0.0,193.89,0,tripinfo_SouthEvansGateToSilbury.160 emissions_SouthEvansGateToSilbury.160,electric,0.96,0.0,0.0,0.0,0.0,0.0,0.0,0.0
SouthEvansGateToSilbury.163,2934.0,526_0,0.0,0.0,0.0,3185.0,215_1,19.43,14.5,251.0,1471.73,107.0,5,0.0,161.16,0,tripinfo_SouthEvansGateToSilbury.163 emissions_SouthEvansGateToSilbury.163,gasoline_euro4,1.19,25955.744001,740943.350031,134.9819,15.352894,316.154117,236333.560172,0.0
SouthEvansGateToSilbury.161,2898.0,526_0,0.0,0.0,0.0,3186.0,215_1,19.43,14.53,288.0,1471.7,130.0,6,0.0,189.11,0,tripinfo_SouthEvansGateToSilbury.161 emissions_SouthEvansGateToSilbury.161,gasoline_euro4,1.07,30837.526634,843252.722231,160.076683,17.680321,363.201972,268967.011048,0.0
WestA509ToEastH6.61,2199.0,773_0,0.0,0.0,3.0,3187.0,522_0,56.88,12.63,988.0,2756.02,663.0,16,0.0,771.24,0,tripinfo_WestA509ToEastH6.61 emissions_WestA509ToEastH6.61,gasoline_euro4,0.92,127253.659879,2602468.878204,639.757329,58.196349,1144.970492,830109.357359,0.0
SouthEvansGateToSilbury.162,2916.0,526_0,0.0,0.0,0.0,3187.0,215_0,19.43,12.4,271.0,1471.76,104.0,5,0.0,154.55,0,tripinfo_SouthEvansGateToSilbury.162 emissions_SouthEvansGateToSilbury.162,electric,0.91,0.0,0.0,0.0,0.0,0.0,0.0,0.0
SouthEvansGateToSilbury.165,2970.0,526_0,0.0,0.0,0.0,3188.0,215_1,19.43,14.69,218.0,1471.7,80.0,4,0.0,124.82,0,tripinfo_SouthEvansGateToSilbury.165 emissions_SouthEvansGateToSilbury.165,gasoline_euro4,1.14,20806.53064,665755.874411,109.844719,13.333288,281.022057,212350.468877,0.0
V6ToEastH6.257,3084.0,468_1,0.0,0.0,0.0,3197.0,522_1,56.88,14.6,113.0,1512.23,0.0,0,0.0,14.08,0,tripinfo_V6ToEastH6.257 emissions_V6ToEastH6.257,gasoline_euro4,1.11,4429.410606,392529.483592,28.789532,6.493089,154.169825,125198.470835,0.0
V6ToEastH6.256,3072.0,468_1,0.0,0.0,0.0,3216.0,522_0,56.88,11.57,144.0,1512.23,0.0,0,0.0,13.05,0,tripinfo_V6ToEastH6.256 emissions_V6ToEastH6.256,gasoline_euro4,0.84,4169.566678,338104.874497,26.649776,4.695662,129.220045,107840.788397,0.0
WestH6ToSaxonSt.188,2256.0,524_0,0.0,0.0,0.0,3218.0,771_1,56.88,15.2,962.0,2555.0,685.0,15,0.0,793.41,0,tripinfo_WestH6ToSaxonSt.188 emissions_WestH6ToSaxonSt.188,gasoline_euro4,1.1,129330.487612,2611426.802216,649.242331,59.662625,1155.550531,832966.235197,0.0
WestA509ToAvebury.124,2235.0,773_0,0.0,0.0,3.0,3224.0,213_0,19.13,15.3,989.0,2327.58,726.0,17,0.0,841.48,0,tripinfo_WestA509ToAvebury.124 emissions_WestA509ToAvebury.124,electric,1.15,0.0,0.0,0.0,0.0,0.0,0.0,0.0
EastAveburyToWestA509.271,2602.0,483_1,0.0,0.0,99.0,3225.0,774_2,29.75,14.08,623.0,2237.39,356.0,17,0.0,472.41,0,tripinfo_EastAveburyToWestA509.271 emissions_EastAveburyToWestA509.271,electric,1.1,0.0,0.0,0.0,0.0,0.0,0.0,0.0
WestH6ToSaxonSt.186,2232.0,524_0,0.0,0.0,0.0,3226.0,771_1,56.88,11.92,994.0,2555.04,682.0,16,0.0,794.89,0,tripinfo_WestH6ToSaxonSt.186 emissions_WestH6ToSaxonSt.186,electric,0.94,0.0,0.0,0.0,0.0,0.0,0.0,0.0
V6ToEastH6.258,3096.0,468_1,0.0,0.0,0.0,3226.0,522_1,56.88,12.37,130.0,1512.23,0.0,0,0.0,12.08,0,tripinfo_V6ToEastH6.258 emissions_V6ToEastH6.258,electric,0.93,0.0,0.0,0.0,0.0,0.0,0.0,0.0
WestA509ToAvebury.72,1299.0,773_0,0.0,0.0,3.0,3228.0,213_0,19.13,12.87,1929.0,2288.68,1599.0,23,0.0,1761.81,0,tripinfo_WestA509ToAvebury.72 emissions_WestA509ToAvebury.72,electric,1.0,0.0,0.0,0.0,0.0,0.0,0.0,0.0
V6ToEastH6.259,3108.0,468_1,0.0,0.0,0.0,3231.0,522_1,56.88,12.96,123.0,1512.23,0.0,0,0.0,12.85,0,tripinfo_V6ToEastH6.259 emissions_V6ToEastH6.259,electric,0.99,0.0,0.0,0.0,0.0,0.0,0.0,0.0
WestH6ToSaxonSt.187,2244.0,524_0,0.0,0.0,0.0,3233.0,771_1,56.88,10.56,989.0,2555.05,671.0,15,0.0,765.03,0,tripinfo_WestH6ToSaxonSt.187 emissions_WestH6ToSaxonSt.187,gasoline_euro4,0.83,127005.218506,2528527.682585,637.218029,56.385686,1112.916466,806526.593402,0.0
EastAveburyToWestA509.217,2044.0,483_0,0.0,0.0,0.0,3237.0,774_0,29.75,13.74,1193.0,2264.21,912.0,14,0.0,1029.87,0,tripinfo_EastAveburyToWestA509.217 emissions_EastAveburyToWestA509.217,gasoline_euro4,1.01,167134.928525,3161740.957743,834.521338,74.017865,1412.943307,1008504.420864,0.0
WestA509ToAvebury.129,2322.0,773_0,0.0,0.0,0.0,3237.0,213_0,19.13,13.94,915.0,2327.58,647.0,14,0.0,750.21,0,tripinfo_WestA509ToAvebury.129 emissions_WestA509ToAvebury.129,electric,1.03,0.0,0.0,0.0,0.0,0.0,0.0,0.0
WestA509ToAvebury.70,1263.0,773_0,0.0,0.0,3.0,3239.0,213_0,19.13,12.85,1976.0,2288.57,1653.0,24,0.0,1807.65,0,tripinfo_WestA509ToAvebury.70 emissions_WestA509ToAvebury.70,electric,0.99,0.0,0.0,0.0,0.0,0.0,0.0,0.0
EastAveburyToWestA509.275,2681.0,483_1,0.0,0.0,144.0,3248.0,774_1,29.75,12.32,567.0,2237.39,292.0,15,0.0,381.41,0,tripinfo_EastAveburyToWestA509.275 emissions_EastAveburyToWestA509.275,gasoline_euro4,0.89,62743.656438,1476412.935442,319.869265,31.0127,637.096056,470927.593864,0.0
EastAveburyToWestA509.261,2508.0,483_1,0.0,0.0,90.0,3249.0,774_2,29.75,12.91,741.0,2237.39,451.0,17,0.0,564.57,0,tripinfo_EastAveburyToWestA509.261 emissions_EastAveburyToWestA509.261,electric,0.94,0.0,0.0,0.0,0.0,0.0,0.0,0.0
V6ToEastH6.260,3120.0,468_1,0.0,0.0,0.0,3250.0,522_1,56.88,13.04,130.0,1512.23,0.0,0,0.0,15.1,0,tripinfo_V6ToEastH6.260 emissions_V6ToEastH6.260,electric,0.96,0.0,0.0,0.0,0.0,0.0,0.0,0.0
EastAveburyToWestA509.200,1900.0,483_0,0.0,0.0,0.0,3251.0,774_0,29.75,11.84,1351.0,2264.89,1035.0,17,0.0,1167.67,0,tripinfo_EastAveburyToWestA509.200 emissions_EastAveburyToWestA509.200,gasoline_euro4,0.9,189964.562139,3508760.394947,946.800368,82.17063,1570.262836,1119196.409609,0.0
V6ToEastH6.261,3132.0,468_1,0.0,0.0,0.0,3251.0,522_1,56.88,14.91,119.0,1512.23,0.0,0,0.0,19.84,0,tripinfo_V6ToEastH6.261 emissions_V6ToEastH6.261,electric,1.1,0.0,0.0,0.0,0.0,0.0,0.0,0.0
EastAveburyToWestA509.165,1602.0,483_1,0.0,0.0,0.0,3253.0,774_0,29.75,11.92,1651.0,2328.56,1317.0,15,0.0,1462.42,0,tripinfo_EastAveburyToWestA509.165 emissions_EastAveburyToWestA509.165,gasoline_euro4,0.92,238191.735358,4325261.70568,1185.464295,102.082648,1940.909148,1379639.135101,0.0
WestA509ToAvebury.109,1962.0,773_0,0.0,0.0,0.0,3267.0,213_0,19.13,14.57,1305.0,2274.99,992.0,10,0.0,1099.85,0,tripinfo_WestA509ToAvebury.109 emissions_WestA509ToAvebury.109,gasoline_euro4,1.11,176691.868971,3270706.52981,880.79415,76.993124,1465.257687,1043263.176127,0.0
WestA509ToEastH6.65,2343.0,773_0,0.0,0.0,3.0,3270.0,522_0,56.88,11.17,927.0,2755.12,609.0,15,0.0,703.62,0,tripinfo_WestA509ToEastH6.65 emissions_WestA509ToEastH6.65,electric,0.89,0.0,0.0,0.0,0.0,0.0,0.0,0.0
SouthEvansGateToSilbury.164,2952.0,526_0,0.0,0.0,0.0,3270.0,215_0,19.43,14.26,318.0,1471.76,186.0,4,0.0,217.59,0,tripinfo_SouthEvansGateToSilbury.164 emissions_SouthEvansGateToSilbury.164,electric,1.06,0.0,0.0,0.0,0.0,0.0,0.0,0.0
SouthEvansGateToSilbury.166,2988.0,526_0,0.0,0.0,0.0,3271.0,215_1,19.43,12.67,283.0,1471.71,135.0,5,0.0,171.57,0,tripinfo_SouthEvansGateToSilbury.166 emissions_SouthEvansGateToSilbury.166,gasoline_euro4,0.96,29565.232291,789214.119307,152.499218,16.101266,335.981427,251731.641637,0.0
SouthEvansGateToSilbury.167,3006.0,526_0,0.0,0.0,0.0,3273.0,215_1,19.43,12.63,267.0,1471.7,119.0,4,0.0,152.04,0,tripinfo_SouthEvansGateToSilbury.167 emissions_SouthEvansGateToSilbury.167,electric,0.93,0.0,0.0,0.0,0.0,0.0,0.0,0.0
V6ToEastH6.263,3156.0,468_1,0.0,0.0,0.0,3276.0,522_1,56.88,14.22,120.0,1512.23,0.0,0,0.0,16.23,0,tripinfo_V6ToEastH6.263 emissions_V6ToEastH6.263,electric,1.06,0.0,0.0,0.0,0.0,0.0,0.0,0.0
V6ToEastH6.262,3144.0,468_1,0.0,0.0,0.0,3288.0,522_0,56.88,10.32,144.0,1512.23,0.0,0,0.0,12.7,0,tripinfo_V6ToEastH6.262 emissions_V6ToEastH6.262,electric,0.83,0.0,0.0,0.0,0.0,0.0,0.0,0.0
V6ToEastH6.264,3168.0,468_1,0.0,0.0,0.0,3288.0,522_1,56.88,13.1,120.0,1512.23,0.0,0,0.0,11.6,0,tripinfo_V6ToEastH6.264 emissions_V6ToEastH6.264,gasoline_euro4,1.01,3924.194747,359827.607908,25.866233,5.626264,139.665056,114768.424057,0.0
WestA509ToEastH6.66,2376.0,773_0,0.0,0.0,0.0,3298.0,522_0,56.88,10.56,922.0,2756.02,563.0,18,0.0,670.14,0,tripinfo_WestA509ToEastH6.66 emissions_WestA509ToEastH6.66,gasoline_euro4,0.79,111395.768006,2323417.505406,561.343501,50.636819,1016.201914,741100.298527,0.0
V6ToEastH6.265,3180.0,468_1,0.0,0.0,0.0,3298.0,522_1,56.88,13.79,118.0,1512.23,0.0,0,0.0,13.4,0,tripinfo_V6ToEastH6.265 emissions_V6ToEastH6.265,gasoline_euro4,1.04,3777.019945,348313.778588,24.640069,5.348632,133.853591,111096.117409,0.0
V6ToEastH6.266,3192.0,468_1,0.0,0.0,0.0,3305.0,522_1,56.88,15.22,113.0,1512.23,0.0,0,0.0,14.27,0,tripinfo_V6ToEastH6.266 emissions_V6ToEastH6.266,gasoline_euro4,1.1,4088.413577,378763.295346,26.547781,5.921877,145.468655,120807.971753,0.0
WestH6ToSaxonSt.170,2040.0,524_0,0.0,0.0,0.0,3308.0,771_1,56.88,12.12,1268.0,2767.88,921.0,14,0.0,1046.74,0,tripinfo_WestH6ToSaxonSt.170 emissions_WestH6ToSaxonSt.170,gasoline_euro4,0.94,172229.729342,3362774.377765,862.535549,77.526016,1496.630761,1072626.107587,0.0
WestH6ToSaxonSt.189,2268.0,524_0,0.0,0.0,0.0,3310.0,771_1,56.88,12.81,1042.0,2555.04,767.0,11,0.0,852.1,0,tripinfo_WestH6ToSaxonSt.189 emissions_WestH6ToSaxonSt.189,gasoline_euro4,0.98,140553.05159,2764386.251812,704.209459,63.237622,1224.785648,881757.948507,0.0
EastSilburyToEastAvebury.68,1488.0,317_0,0.0,0.0,0.0,3317.0,213_0,19.13,15.62,1829.0,680.89,1624.0,25,0.0,1783.92,0,tripinfo_EastSilburyToEastAvebury.68 emissions_EastSilburyToEastAvebury.68,electric,1.13,0.0,0.0,0.0,0.0,0.0,0.0,0.0
WestA509ToAvebury.125,2250.0,773_0,0.0,0.0,0.0,3318.0,213_0,19.13,15.33,1068.0,2327.58,801.0,20,0.0,919.32,0,tripinfo_WestA509ToAvebury.125 emissions_WestA509ToAvebury.125,gasoline_euro4,1.14,149664.42125,2920390.167542,749.318769,68.068152,1302.033824,931517.834093,0.0
WestA509ToAvebury.118,2124.0,773_0,0.0,0.0,0.0,3322.0,213_0,19.13,11.59,1198.0,2328.43,876.0,21,0.0,1015.15,0,tripinfo_WestA509ToAvebury.118 emissions_WestA509ToAvebury.118,electric,0.92,0.0,0.0,0.0,0.0,0.0,0.0,0.0
EastAveburyToWestA509.267,2526.0,483_1,0.0,0.0,57.0,3330.0,774_2,29.75,12.02,804.0,2237.39,539.0,10,0.0,621.33,0,tripinfo_EastAveburyToWestA509.267 emissions_EastAveburyToWestA509.267,electric,0.9,0.0,0.0,0.0,0.0,0.0,0.0,0.0
EastAveburyToWestA509.221,2078.0,483_1,0.0,0.0,0.0,3332.0,774_0,29.75,11.97,1254.0,2238.14,945.0,17,0.0,1079.49,0,tripinfo_EastAveburyToWestA509.221 emissions_EastAveburyToWestA509.221,gasoline_euro4,0.94,175724.152002,3265322.428195,876.353044,76.489171,1461.091189,1041545.836586,0.0
EastAveburyToWestA509.258,2432.0,483_1,0.0,0.0,39.0,3332.0,774_1,29.75,10.48,900.0,2237.39,554.0,16,0.0,692.75,0,tripinfo_EastAveburyToWestA509.258 emissions_EastAveburyToWestA509.258,electric,0.8,0.0,0.0,0.0,0.0,0.0,0.0,0.0
EastAveburyToWestA509.266,2523.0,483_1,0.0,0.0,62.0,3332.0,774_2,29.75,13.61,809.0,2237.44,567.0,11,0.0,649.36,0,tripinfo_EastAveburyToWestA509.266 emissions_EastAveburyToWestA509.266,electric,1.03,0.0,0.0,0.0,0.0,0.0,0.0,0.0
EastAveburyToWestA509.255,2422.0,483_1,0.0,0.0,55.0,3337.0,774_2,29.75,13.64,915.0,2237.44,614.0,17,0.0,746.34,0,tripinfo_EastAveburyToWestA509.255 emissions_EastAveburyToWestA509.255,gasoline_euro4,0.98,120138.990881,2389955.981878,602.504686,54.466197,1059.0349,762324.948501,0.0
EastAveburyToWestA509.256,2426.0,483_1,0.0,0.0,50.0,3340.0,774_0,29.75,11.0,914.0,2237.42,573.0,21,0.0,710.68,0,tripinfo_EastAveburyToWestA509.256 emissions_EastAveburyToWestA509.256,electric,0.81,0.0,0.0,0.0,0.0,0.0,0.0,0.0
V6ToEastH6.267,3204.0,468_1,0.0,0.0,0.0,3346.0,522_0,56.88,12.1,142.0,1512.23,0.0,0,0.0,17.05,0,tripinfo_V6ToEastH6.267 emissions_V6ToEastH6.267,gasoline_euro4,0.88,4765.457925,370034.899695,30.085597,5.374068,142.789319,118024.940213,0.0
V6ToEastH6.268,3216.0,468_1,0.0,0.0,0.0,3348.0,522_1,56.88,12.02,132.0,1512.23,0.0,0,0.0,15.22,0,tripinfo_V6ToEastH6.268 emissions_V6ToEastH6.268,gasoline_euro4,0.93,4101.745602,364165.006949,26.734107,5.235752,139.209304,116152.425109,0.0
V6ToEastH6.269,3228.0,468_1,0.0,0.0,0.0,3350.0,522_1,56.88,14.41,122.0,1512.23,0.0,0,0.0,18.6,0,tripinfo_V6ToEastH6.269 emissions_V6ToEastH6.269,gasoline_euro4,1.06,4301.395689,366843.701593,27.626669,5.841693,142.932763,117006.26973,0.0
EastA509ToH6.151,2718.0,770_0,0.0,0.0,0.0,3355.0,522_0,56.88,12.8,637.0,1483.64,449.0,11,0.0,524.9,0,tripinfo_EastA509ToH6.151 emissions_EastA509ToH6.151,gasoline_euro4,0.96,86414.772489,1726379.772011,433.477156,39.406577,765.10333,550663.55566,0.0
EastA509ToH6.149,2682.0,770_0,0.0,0.0,0.0,3357.0,522_0,56.88,12.44,675.0,1483.69,487.0,12,0.0,563.44,0,tripinfo_EastA509ToH6.149 emissions_EastA509ToH6.149,gasoline_euro4,0.96,92844.104737,1833897.456169,465.395316,42.167802,815.295002,584958.777868,0.0
WestA509ToEastH6.68,2448.0,773_0,0.0,0.0,0.0,3358.0,522_1,56.88,13.65,910.0,2755.17,622.0,17,0.0,723.7,0,tripinfo_WestA509ToEastH6.68 emissions_WestA509ToEastH6.68,gasoline_euro4,1.08,119087.954205,2512120.613488,600.133776,56.473548,1104.407169,801288.256611,0.0
SouthEvansGateToSilbury.172,3096.0,526_0,0.0,0.0,0.0,3358.0,215_0,19.43,13.92,262.0,1471.73,114.0,4,0.0,164.03,0,tripinfo_SouthEvansGateToSilbury.172 emissions_SouthEvansGateToSilbury.172,gasoline_euro4,1.09,26729.933629,763697.879417,139.098103,15.6764,325.421514,243591.54039,0.0
SouthEvansGateToSilbury.171,3078.0,526_0,0.0,0.0,0.0,3359.0,215_1,19.43,13.4,281.0,1471.68,139.0,5,0.0,171.21,0,tripinfo_SouthEvansGateToSilbury.171 emissions_SouthEvansGateToSilbury.171,electric,0.97,0.0,0.0,0.0,0.0,0.0,0.0,0.0
SouthEvansGateToSilbury.168,3024.0,526_0,0.0,0.0,0.0,3361.0,215_1,19.43,11.45,337.0,1471.73,186.0,4,0.0,221.17,0,tripinfo_SouthEvansGateToSilbury.168 emissions_SouthEvansGateToSilbury.168,electric,0.92,0.0,0.0,0.0,0.0,0.0,0.0,0.0
SouthEvansGateToSilbury.169,3042.0,526_0,0.0,0.0,0.0,3363.0,215_1,19.43,15.88,321.0,1471.7,163.0,6,0.0,227.89,0,tripinfo_SouthEvansGateToSilbury.169 emissions_SouthEvansGateToSilbury.169,gasoline_euro4,1.15,35910.41078,924341.760291,184.91135,19.398456,397.844868,294832.798453,0.0
WestA509ToEastH6.67,2412.0,773_0,0.0,0.0,0.0,3364.0,522_0,56.88,11.97,952.0,2755.17,628.0,15,0.0,736.27,0,tripinfo_WestA509ToEastH6.67 emissions_WestA509ToEastH6.67,gasoline_euro4,0.93,121534.658909,2516762.360479,611.653196,56.015862,1105.487862,802770.869216,0.0
SouthEvansGateToSilbury.174,3132.0,526_0,0.0,0.0,0.0,3364.0,215_1,19.43,14.91,232.0,1471.7,94.0,4,0.0,134.34,0,tripinfo_SouthEvansGateToSilbury.174 emissions_SouthEvansGateToSilbury.174,electric,1.09,0.0,0.0,0.0,0.0,0.0,0.0,0.0
SouthEvansGateToSilbury.170,3060.0,526_0,0.0,0.0,0.0,3368.0,215_1,19.43,14.62,308.0,1471.73,138.0,7,0.0,208.17,0,tripinfo_SouthEvansGateToSilbury.170 emissions_SouthEvansGateToSilbury.170,electric,1.07,0.0,0.0,0.0,0.0,0.0,0.0,0.0
V6ToEastH6.270,3240.0,468_1,0.0,0.0,0.0,3368.0,522_1,56.88,12.06,128.0,1512.23,0.0,0,0.0,13.34,0,tripinfo_V6ToEastH6.270 emissions_V6ToEastH6.270,gasoline_euro4,0.95,3946.170307,355015.600963,25.638336,5.206884,135.801943,113234.032852,0.0
V6ToEastH6.271,3252.0,468_1,0.0,0.0,0.0,3372.0,522_1,56.88,13.64,120.0,1512.23,0.0,0,0.0,14.21,0,tripinfo_V6ToEastH6.271 emissions_V6ToEastH6.271,gasoline_euro4,1.03,3907.270804,369537.872806,25.534081,5.482777,141.291703,117865.744778,0.0
V6ToEastH6.272,3264.0,468_1,0.0,0.0,0.0,3396.0,522_1,56.88,12.52,132.0,1512.23,0.0,0,0.0,19.45,0,tripinfo_V6ToEastH6.272 emissions_V6ToEastH6.272,gasoline_euro4,0.97,4662.90907,377139.033428,29.443426,5.726274,146.071187,120290.453316,0.0
WestH6ToSaxonSt.172,2064.0,524_0,0.0,0.0,0.0,3402.0,771_1,56.88,13.06,1338.0,2767.88,985.0,17,0.0,1131.35,0,tripinfo_WestH6ToSaxonSt.172 emissions_WestH6ToSaxonSt.172,gasoline_euro4,1.0,185553.807001,3605188.564308,928.737117,83.482458,1606.058156,1149949.26879,0.0
EastSilburyToEastAvebury.72,1552.0,317_0,0.0,0.0,0.0,3403.0,213_0,19.13,14.52,1851.0,642.19,1717.0,23,0.0,1805.13,0,tripinfo_EastSilburyToEastAvebury.72 emissions_EastSilburyToEastAvebury.72,gasoline_euro4,1.1,295523.345767,4912876.462975,1460.9164,121.652068,2243.260729,1567081.293746,0.0
WestH6ToSaxonSt.190,2280.0,524_0,0.0,0.0,0.0,3404.0,771_1,56.88,14.05,1124.0,2555.04,832.0,15,0.0,939.73,0,tripinfo_WestH6ToSaxonSt.190 emissions_WestH6ToSaxonSt.190,gasoline_euro4,1.01,152895.09668,2984381.398906,765.432631,68.471334,1323.215397,951930.431759,0.0
WestA509ToAvebury.133,2394.0,773_0,0.0,0.0,0.0,3407.0,213_0,19.13,12.21,1013.0,2327.58,696.0,22,0.0,823.83,0,tripinfo_WestA509ToAvebury.133 emissions_WestA509ToAvebury.133,gasoline_euro4,0.9,134417.666768,2657279.098112,673.920135,60.630301,1179.14393,847593.495165,0.0
EastAveburyToWestA509.273,2608.0,483_1,0.0,0.0,88.0,3410.0,774_1,29.75,11.73,802.0,2237.39,536.0,14,0.0,620.05,0,tripinfo_EastAveburyToWestA509.273 emissions_EastAveburyToWestA509.273,gasoline_euro4,0.91,102938.655674,2112089.470157,517.777449,47.179712,929.555415,673692.872219,0.0
V6ToEastH6.273,3276.0,468_1,0.0,0.0,0.0,3410.0,522_1,56.88,11.99,134.0,1512.23,0.0,0,0.0,11.77,0,tripinfo_V6ToEastH6.273 emissions_V6ToEastH6.273,gasoline_euro4,0.9,3519.803526,331870.851511,23.253496,4.423167,124.442996,105852.316561,0.0
V6ToEastH6.274,3288.0,468_1,0.0,0.0,0.0,3411.0,522_1,56.88,13.6,123.0,1512.23,0.0,0,0.0,23.16,0,tripinfo_V6ToEastH6.274 emissions_V6ToEastH6.274,gasoline_euro4,1.09,4793.190348,384428.070284,30.288784,6.35073,151.731394,122614.766415,0.0
WestA509ToAvebury.138,2487.0,773_0,0.0,0.0,3.0,3412.0,213_0,19.13,13.39,925.0,2327.58,624.0,21,0.0,759.26,0,tripinfo_WestA509ToAvebury.138 emissions_WestA509ToAvebury.138,electric,1.02,0.0,0.0,0.0,0.0,0.0,0.0,0.0
WestA509ToAvebury.132,2379.0,773_0,0.0,0.0,3.0,3415.0,213_0,19.13,11.76,1036.0,2327.58,704.0,20,0.0,853.11,0,tripinfo_WestA509ToAvebury.132 emissions_WestA509ToAvebury.132,gasoline_euro4,0.93,137528.234655,2711843.750401,689.558884,61.893919,1204.288067,864998.153944,0.0
EastAveburyToWestA509.277,2687.0,483_1,0.0,0.0,133.0,3418.0,774_2,29.75,13.4,731.0,2237.39,440.0,14,0.0,571.45,0,tripinfo_EastAveburyToWestA509.277 emissions_EastAveburyToWestA509.277,gasoline_euro4,1.04,90117.111039,1924504.50406,455.062489,42.643241,845.454249,613856.916044,0.0
EastAveburyToWestA509.265,2520.0,483_1,0.0,0.0,68.0,3419.0,774_1,29.75,12.37,899.0,2237.39,573.0,19,0.0,712.46,0,tripinfo_EastAveburyToWestA509.265 emissions_EastAveburyToWestA509.265,electric,0.89,0.0,0.0,0.0,0.0,0.0,0.0,0.0
EastAveburyToWestA509.263,2514.0,483_1,0.0,0.0,79.0,3421.0,774_1,29.75,12.8,907.0,2237.39,592.0,17,0.0,731.8,0,tripinfo_EastAveburyToWestA509.263 emissions_EastAveburyToWestA509.263,gasoline_euro4,0.94,118410.960225,2371238.408611,594.499638,54.033056,1051.244797,756354.106901,0.0
EastAveburyToWestA509.286,2781.0,483_1,0.0,0.0,150.0,3422.0,774_2,29.75,14.08,641.0,2237.39,357.0,21,0.0,480.73,0,tripinfo_EastAveburyToWestA509.286 emissions_EastAveburyToWestA509.286,gasoline_euro4,1.03,77067.409224,1737174.250567,391.1928,38.026551,759.960274,554102.201014,0.0
EastAveburyToWestA509.193,1840.0,483_1,0.0,0.0,0.0,3424.0,774_0,29.75,15.06,1584.0,2328.54,1262.0,17,0.0,1432.36,0,tripinfo_EastAveburyToWestA509.193 emissions_EastAveburyToWestA509.193,gasoline_euro4,1.14,232828.882889,4289326.397068,1160.40156,102.22665,1929.550369,1368173.509643,0.0
V6ToEastH6.275,3300.0,468_1,0.0,0.0,0.0,3434.0,522_1,56.88,12.57,134.0,1512.23,0.0,0,0.0,14.35,0,tripinfo_V6ToEastH6.275 emissions_V6ToEastH6.275,gasoline_euro4,0.91,4207.75959,355032.678591,27.190553,5.279013,137.453265,113239.536196,0.0
V6ToEastH6.276,3312.0,468_1,0.0,0.0,0.0,3439.0,522_1,56.88,12.84,127.0,1512.23,0.0,0,0.0,14.04,0,tripinfo_V6ToEastH6.276 emissions_V6ToEastH6.276,gasoline_euro4,0.97,3937.351277,353007.062682,25.737015,5.282642,136.088584,112593.277529,0.0
WestA509ToEastH6.69,2484.0,773_0,0.0,0.0,0.0,3443.0,522_0,56.88,13.75,959.0,2755.12,625.0,21,0.0,759.56,0,tripinfo_WestA509ToEastH6.69 emissions_WestA509ToEastH6.69,gasoline_euro4,1.0,123087.099371,2548914.808736,619.221766,57.154532,1121.767789,813025.995809,0.0
SouthEvansGateToSilbury.177,3186.0,526_0,0.0,0.0,0.0,3446.0,215_0,19.43,12.63,260.0,1471.74,112.0,4,0.0,150.82,0,tripinfo_SouthEvansGateToSilbury.177 emissions_SouthEvansGateToSilbury.177,gasoline_euro4,0.97,25338.210238,720709.777593,131.652175,14.268667,303.543836,229880.630444,0.0
V6ToEastH6.277,3324.0,468_1,0.0,0.0,0.0,3446.0,522_1,56.88,13.76,122.0,1512.23,0.0,0,0.0,13.24,0,tripinfo_V6ToEastH6.277 emissions_V6ToEastH6.277,gasoline_euro4,1.01,3842.397895,351967.426337,25.254856,5.389042,135.997446,112261.508823,0.0
SouthEvansGateToSilbury.175,3150.0,526_0,0.0,0.0,0.0,3448.0,215_1,19.43,12.53,298.0,1471.71,146.0,5,0.0,181.04,0,tripinfo_SouthEvansGateToSilbury.175 emissions_SouthEvansGateToSilbury.175,electric,0.91,0.0,0.0,0.0,0.0,0.0,0.0,0.0
SouthEvansGateToSilbury.176,3168.0,526_0,0.0,0.0,0.0,3449.0,215_1,19.43,13.08,281.0,1471.7,125.0,5,0.0,177.98,0,tripinfo_SouthEvansGateToSilbury.176 emissions_SouthEvansGateToSilbury.176,electric,1.03,0.0,0.0,0.0,0.0,0.0,0.0,0.0
SouthEvansGateToSilbury.173,3114.0,526_0,0.0,0.0,0.0,3450.0,215_0,19.43,11.64,336.0,1471.8,179.0,4,0.0,212.06,0,tripinfo_SouthEvansGateToSilbury.173 emissions_SouthEvansGateToSilbury.173,electric,0.86,0.0,0.0,0.0,0.0,0.0,0.0,0.0
WestA509ToEastH6.70,2523.0,773_0,0.0,0.0,3.0,3452.0,522_0,56.88,12.19,929.0,2755.17,590.0,17,0.0,710.21,0,tripinfo_WestA509ToEastH6.70 emissions_WestA509ToEastH6.70,electric,0.91,0.0,0.0,0.0,0.0,0.0,0.0,0.0
V6ToEastH6.279,3348.0,468_1,0.0,0.0,0.0,3459.0,522_1,56.88,15.93,111.0,1512.23,0.0,0,0.0,17.72,0,tripinfo_V6ToEastH6.279 emissions_V6ToEastH6.279,gasoline_euro4,1.17,5097.266893,414848.905584,32.230322,7.178152,164.737668,132317.190761,0.0
V6ToEastH6.278,3336.0,468_1,0.0,0.0,0.0,3467.0,522_1,56.88,13.05,131.0,1512.23,0.0,0,0.0,17.26,0,tripinfo_V6ToEastH6.278 emissions_V6ToEastH6.278,gasoline_euro4,0.96,4455.792173,371170.159307,28.357336,5.509412,142.877756,118386.715445,0.0
WestH6ToSaxonSt.191,2292.0,524_0,0.0,0.0,0.0,3484.0,771_1,56.88,12.08,1192.0,2555.04,872.0,19,0.0,994.39,0,tripinfo_WestH6ToSaxonSt.191 emissions_WestH6ToSaxonSt.191,gasoline_euro4,0.94,162441.656413,3120206.03128,812.228982,72.016904,1388.358233,995255.574366,0.0
V6ToEastH6.280,3360.0,468_1,0.0,0.0,0.0,3490.0,522_1,56.88,12.69,130.0,1512.23,0.0,0,0.0,13.61,0,tripinfo_V6ToEastH6.280 emissions_V6ToEastH6.280,electric,0.94,0.0,0.0,0.0,0.0,0.0,0.0,0.0
V6ToEastH6.281,3372.0,468_1,0.0,0.0,0.0,3491.0,522_1,56.88,14.05,119.0,1512.23,0.0,0,0.0,19.0,0,tripinfo_V6ToEastH6.281 emissions_V6ToEastH6.281,gasoline_euro4,1.09,4451.649665,375598.980799,28.323856,6.130125,147.572442,119798.608989,0.0
WestH6ToSaxonSt.192,2304.0,524_0,0.0,0.0,0.0,3492.0,771_1,56.88,10.83,1188.0,2555.02,830.0,16,0.0,963.48,0,tripinfo_WestH6ToSaxonSt.192 emissions_WestH6ToSaxonSt.192,electric,0.83,0.0,0.0,0.0,0.0,0.0,0.0,0.0
EastAveburyToWestA509.274,2611.0,483_1,0.0,0.0,82.0,3497.0,774_1,29.75,15.1,886.0,2237.44,575.0,18,0.0,738.59,0,tripinfo_EastAveburyToWestA509.274 emissions_EastAveburyToWestA509.274,gasoline_euro4,1.12,116675.074634,2359962.576861,586.240209,53.893169,1046.684378,752756.555555,0.0
WestA509ToAvebury.134,2415.0,773_0,0.0,0.0,3.0,3498.0,213_0,19.13,13.18,1083.0,2327.58,790.0,24,0.0,911.6,0,tripinfo_WestA509ToAvebury.134 emissions_WestA509ToAvebury.134,electric,0.99,0.0,0.0,0.0,0.0,0.0,0.0,0.0
EastSilburyToEastAvebury.69,1504.0,317_0,0.0,0.0,0.0,3500.0,213_0,19.13,13.04,1996.0,680.89,1801.0,26,0.0,1943.67,0,tripinfo_EastSilburyToEastAvebury.69 emissions_EastSilburyToEastAvebury.69,gasoline_euro4,0.96,315727.68869,5216094.607305,1559.907483,129.059945,2381.241587,1663801.440747,0.0
EastAveburyToWestA509.284,2775.0,483_1,0.0,0.0,161.0,3500.0,774_2,29.75,14.77,725.0,2237.39,451.0,13,0.0,580.79,0,tripinfo_EastAveburyToWestA509.284 emissions_EastAveburyToWestA509.284,electric,1.15,0.0,0.0,0.0,0.0,0.0,0.0,0.0
EastAveburyToWestA509.285,2778.0,483_1,0.0,0.0,156.0,3500.0,774_1,29.75,11.77,722.0,2237.39,441.0,15,0.0,535.41,0,tripinfo_EastAveburyToWestA509.285 emissions_EastAveburyToWestA509.285,electric,0.89,0.0,0.0,0.0,0.0,0.0,0.0,0.0
WestA509ToAvebury.139,2502.0,773_0,0.0,0.0,0.0,3502.0,213_0,19.13,12.99,1000.0,2327.58,703.0,20,0.0,833.85,0,tripinfo_WestA509ToAvebury.139 emissions_WestA509ToAvebury.139,electric,1.02,0.0,0.0,0.0,0.0,0.0,0.0,0.0
EastAveburyToWestA509.283,2772.0,483_1,0.0,0.0,167.0,3503.0,774_0,29.75,11.43,731.0,2237.92,459.0,13,0.0,550.86,0,tripinfo_EastAveburyToWestA509.283 emissions_EastAveburyToWestA509.283,gasoline_euro4,0.92,90913.956718,1940845.601972,459.17922,43.125586,853.115324,619069.142047,0.0
WestA509ToAvebury.141,2538.0,773_0,0.0,0.0,0.0,3504.0,213_0,19.13,14.34,966.0,2327.58,681.0,23,0.0,811.31,0,tripinfo_WestA509ToAvebury.141 emissions_WestA509ToAvebury.141,electric,1.1,0.0,0.0,0.0,0.0,0.0,0.0,0.0
EastAveburyToWestA509.282,2768.0,483_1,0.0,0.0,171.0,3505.0,774_2,29.75,14.13,737.0,2237.39,461.0,14,0.0,578.77,0,tripinfo_EastAveburyToWestA509.282 emissions_EastAveburyToWestA509.282,gasoline_euro4,1.05,92489.489187,1950746.348442,466.727649,43.63001,859.377784,622227.537502,0.0
EastAveburyToWestA509.279,2694.0,483_1,0.0,0.0,123.0,3511.0,774_2,29.75,14.06,817.0,2237.44,540.0,11,0.0,658.47,0,tripinfo_EastAveburyToWestA509.279 emissions_EastAveburyToWestA509.279,gasoline_euro4,1.04,105553.513698,2170919.311499,531.284517,49.224132,960.67606,692456.75925,0.0
EastAveburyToWestA509.269,2596.0,483_1,0.0,0.0,110.0,3512.0,774_0,29.75,11.5,916.0,2241.09,601.0,14,0.0,722.14,0,tripinfo_EastAveburyToWestA509.269 emissions_EastAveburyToWestA509.269,electric,0.86,0.0,0.0,0.0,0.0,0.0,0.0,0.0
EastAveburyToWestA509.281,2700.0,483_1,0.0,0.0,112.0,3517.0,774_0,29.75,11.3,817.0,2237.88,509.0,17,0.0,620.71,0,tripinfo_EastAveburyToWestA509.281 emissions_EastAveburyToWestA509.281,gasoline_euro4,0.84,102925.934063,2090096.458114,517.377463,46.464312,919.46151,666678.629655,0.0
V6ToEastH6.282,3384.0,468_1,0.0,0.0,0.0,3522.0,522_1,56.88,11.6,138.0,1512.23,2.0,1,0.0,19.29,0,tripinfo_V6ToEastH6.282 emissions_V6ToEastH6.282,electric,0.92,0.0,0.0,0.0,0.0,0.0,0.0,0.0
WestA509ToEastH6.60,2160.0,773_0,0.0,0.0,0.0,3525.0,522_0,56.88,16.84,1365.0,2749.98,1050.0,23,0.0,1203.59,0,tripinfo_WestA509ToEastH6.60 emissions_WestA509ToEastH6.60,electric,1.24,0.0,0.0,0.0,0.0,0.0,0.0,0.0
V6ToEastH6.283,3396.0,468_1,0.0,0.0,0.0,3525.0,522_1,56.88,12.37,129.0,1512.23,0.0,0,0.0,14.76,0,tripinfo_V6ToEastH6.283 emissions_V6ToEastH6.283,electric,0.96,0.0,0.0,0.0,0.0,0.0,0.0,0.0
EastA509ToH6.154,2772.0,770_0,0.0,0.0,0.0,3531.0,522_1,56.88,14.61,759.0,1483.69,568.0,12,0.0,657.96,0,tripinfo_EastA509ToH6.154 emissions_EastA509ToH6.154,gasoline_euro4,1.06,107427.615789,2074168.879471,537.327329,48.390213,926.366826,661598.93392,0.0
EastA509ToH6.152,2736.0,770_0,0.0,0.0,0.0,3533.0,522_0,56.88,12.1,797.0,1483.64,607.0,12,0.0,678.15,0,tripinfo_EastA509ToH6.152 emissions_EastA509ToH6.152,electric,0.9,0.0,0.0,0.0,0.0,0.0,0.0,0.0
SouthEvansGateToSilbury.178,3204.0,526_0,0.0,0.0,0.0,3533.0,215_0,19.43,15.11,329.0,1471.74,195.0,5,0.0,236.49,0,tripinfo_SouthEvansGateToSilbury.178 emissions_SouthEvansGateToSilbury.178,electric,1.15,0.0,0.0,0.0,0.0,0.0,0.0,0.0
SouthEvansGateToSilbury.179,3222.0,526_0,0.0,0.0,0.0,3535.0,215_1,19.43,13.43,313.0,1471.7,172.0,5,0.0,210.67,0,tripinfo_SouthEvansGateToSilbury.179 emissions_SouthEvansGateToSilbury.179,electric,1.04,0.0,0.0,0.0,0.0,0.0,0.0,0.0
SouthEvansGateToSilbury.182,3276.0,526_0,0.0,0.0,0.0,3536.0,215_1,19.43,14.43,260.0,1471.71,116.0,5,0.0,165.73,0,tripinfo_SouthEvansGateToSilbury.182 emissions_SouthEvansGateToSilbury.182,electric,1.13,0.0,0.0,0.0,0.0,0.0,0.0,0.0
SouthEvansGateToSilbury.180,3240.0,526_0,0.0,0.0,0.0,3538.0,215_0,19.43,11.22,298.0,1471.78,131.0,5,0.0,172.69,0,tripinfo_SouthEvansGateToSilbury.180 emissions_SouthEvansGateToSilbury.180,electric,0.85,0.0,0.0,0.0,0.0,0.0,0.0,0.0
SouthEvansGateToSilbury.181,3258.0,526_0,0.0,0.0,0.0,3538.0,215_1,19.43,14.99,280.0,1471.7,128.0,5,0.0,181.58,0,tripinfo_SouthEvansGateToSilbury.181 emissions_SouthEvansGateToSilbury.181,gasoline_euro4,1.08,29940.060045,825096.291443,155.243263,17.115924,353.093122,263175.843156,0.0
V6ToEastH6.284,3408.0,468_1,0.0,0.0,0.0,3538.0,522_1,56.88,12.18,130.0,1512.23,1.0,1,0.0,16.93,0,tripinfo_V6ToEastH6.284 emissions_V6ToEastH6.284,electric,0.97,0.0,0.0,0.0,0.0,0.0,0.0,0.0
WestA509ToEastH6.71,2556.0,773_0,0.0,0.0,0.0,3544.0,522_0,56.88,11.73,988.0,2755.17,638.0,18,0.0,765.9,0,tripinfo_WestA509ToEastH6.71 emissions_WestA509ToEastH6.71,gasoline_euro4,0.9,125614.105305,2593483.378685,632.124831,57.795069,1140.924362,827242.631704,0.0
V6ToEastH6.285,3420.0,468_1,0.0,0.0,0.0,3564.0,522_0,56.88,11.56,144.0,1512.23,0.0,0,0.0,16.85,0,tripinfo_V6ToEastH6.285 emissions_V6ToEastH6.285,electric,0.86,0.0,0.0,0.0,0.0,0.0,0.0,0.0
V6ToEastH6.286,3432.0,468_1,0.0,0.0,0.0,3566.0,522_1,56.88,12.13,134.0,1512.23,0.0,0,0.0,15.51,0,tripinfo_V6ToEastH6.286 emissions_V6ToEastH6.286,electric,0.92,0.0,0.0,0.0,0.0,0.0,0.0,0.0
WestH6ToSaxonSt.193,2316.0,524_0,0.0,0.0,0.0,3569.0,771_1,56.88,13.76,1253.0,2555.04,936.0,20,0.0,1076.4,0,tripinfo_WestH6ToSaxonSt.193 emissions_WestH6ToSaxonSt.193,gasoline_euro4,1.05,174866.488808,3336362.519028,873.595646,77.464178,1486.012238,1064203.490943,0.0
V6ToEastH6.287,3444.0,468_1,0.0,0.0,0.0,3572.0,522_1,56.88,13.02,128.0,1512.23,0.0,0,0.0,16.6,0,tripinfo_V6ToEastH6.287 emissions_V6ToEastH6.287,electric,0.99,0.0,0.0,0.0,0.0,0.0,0.0,0.0
WestA509ToAvebury.119,2142.0,773_0,0.0,0.0,0.0,3577.0,213_0,19.13,13.98,1435.0,2328.43,1094.0,27,0.0,1276.6,0,tripinfo_WestA509ToAvebury.119 emissions_WestA509ToAvebury.119,electric,1.07,0.0,0.0,0.0,0.0,0.0,0.0,0.0
WestA509ToAvebury.143,2574.0,773_0,0.0,0.0,0.0,3579.0,213_0,19.13,14.27,1005.0,2327.58,706.0,23,0.0,845.25,0,tripinfo_WestA509ToAvebury.143 emissions_WestA509ToAvebury.143,electric,1.06,0.0,0.0,0.0,0.0,0.0,0.0,0.0
EastAveburyToWestA509.280,2697.0,483_1,0.0,0.0,117.0,3579.0,774_2,29.75,13.67,882.0,2237.39,617.0,17,0.0,721.76,0,tripinfo_EastAveburyToWestA509.280 emissions_EastAveburyToWestA509.280,electric,1.03,0.0,0.0,0.0,0.0,0.0,0.0,0.0
EastAveburyToWestA509.262,2511.0,483_1,0.0,0.0,84.0,3584.0,774_2,29.75,14.51,1073.0,2237.45,778.0,14,0.0,918.14,0,tripinfo_EastAveburyToWestA509.262 emissions_EastAveburyToWestA509.262,gasoline_euro4,1.07,147274.615056,2850243.645716,737.074332,66.306231,1272.002588,909144.02751,0.0
WestA509ToAvebury.108,1947.0,773_0,0.0,0.0,3.0,3585.0,213_0,19.13,10.19,1638.0,2312.08,1349.0,11,0.0,1424.66,0,tripinfo_WestA509ToAvebury.108 emissions_WestA509ToAvebury.108,electric,0.78,0.0,0.0,0.0,0.0,0.0,0.0,0.0
WestA509ToAvebury.123,2214.0,773_0,0.0,0.0,0.0,3586.0,213_0,19.13,12.89,1372.0,2327.58,1040.0,27,0.0,1233.7,0,tripinfo_WestA509ToAvebury.123 emissions_WestA509ToAvebury.123,gasoline_euro4,1.22,196567.052256,3639723.314512,980.197645,86.190171,1634.142473,1160968.559794,0.0
EastAveburyToWestA509.289,2858.0,483_1,0.0,0.0,202.0,3592.0,774_1,29.75,12.31,734.0,2237.39,427.0,17,0.0,557.97,0,tripinfo_EastAveburyToWestA509.289 emissions_EastAveburyToWestA509.289,gasoline_euro4,0.94,89890.862641,1910683.165955,453.61504,42.237916,838.213219,609448.742844,0.0
EastAveburyToWestA509.290,2861.0,483_1,0.0,0.0,196.0,3592.0,774_2,29.75,15.08,731.0,2237.44,453.0,13,0.0,579.6,0,tripinfo_EastAveburyToWestA509.290 emissions_EastAveburyToWestA509.290,electric,1.09,0.0,0.0,0.0,0.0,0.0,0.0,0.0
EastAveburyToWestA509.272,2605.0,483_1,0.0,0.0,93.0,3593.0,774_2,29.75,14.94,988.0,2240.55,664.0,17,0.0,837.82,0,tripinfo_EastAveburyToWestA509.272 emissions_EastAveburyToWestA509.272,electric,1.1,0.0,0.0,0.0,0.0,0.0,0.0,0.0
EastAveburyToWestA509.300,2957.0,483_1,0.0,0.0,207.0,3595.0,774_2,29.75,13.79,638.0,2237.39,385.0,15,0.0,484.5,0,tripinfo_EastAveburyToWestA509.300 emissions_EastAveburyToWestA509.300,electric,1.07,0.0,0.0,0.0,0.0,0.0,0.0,0.0
EastAveburyToWestA509.288,2788.0,483_1,0.0,0.0,140.0,3597.0,774_2,29.75,14.61,809.0,2237.44,505.0,18,0.0,663.45,0,tripinfo_EastAveburyToWestA509.288 emissions_EastAveburyToWestA509.288,gasoline_euro4,1.14,105991.206373,2219027.760944,534.377929,50.550319,983.336883,707800.40337,0.0
V6ToEastH6.288,3456.0,468_1,0.0,0.0,0.0,3601.0,522_0,56.88,10.85,145.0,1512.23,0.0,0,0.0,11.66,0,tripinfo_V6ToEastH6.288 emissions_V6ToEastH6.288,gasoline_euro4,0.82,4274.29326,346433.845236,27.348292,4.782865,132.377514,110497.394553,0.0
EastAveburyToWestA509.287,2785.0,483_1,0.0,0.0,146.0,3602.0,774_0,29.75,11.62,817.0,2237.88,524.0,13,0.0,639.04,0,tripinfo_EastAveburyToWestA509.287 emissions_EastAveburyToWestA509.287,gasoline_euro4,0.93,104675.481284,2132807.543229,526.329437,48.184046,942.966408,680301.0946,0.0
EastAveburyToWestA509.192,1832.0,483_1,0.0,0.0,0.0,3604.0,774_0,29.75,15.13,1772.0,2328.54,1451.0,22,0.0,1612.13,0,tripinfo_EastAveburyToWestA509.192 emissions_EastAveburyToWestA509.192,gasoline_euro4,1.09,262511.341387,4750572.316939,1306.408945,113.775934,2141.406408,1515300.184334,0.0
V6ToEastH6.289,3468.0,468_1,0.0,0.0,0.0,3605.0,522_1,56.88,11.57,137.0,1512.23,0.0,0,0.0,12.83,0,tripinfo_V6ToEastH6.289 emissions_V6ToEastH6.289,gasoline_euro4,0.88,3966.316656,351186.591364,25.96503,4.844953,133.424521,112013.125054,0.0
V6ToEastH6.290,3480.0,468_1,0.0,0.0,0.0,3606.0,522_1,56.88,13.15,126.0,1512.23,0.0,0,0.0,18.62,0,tripinfo_V6ToEastH6.290 emissions_V6ToEastH6.290,electric,1.02,0.0,0.0,0.0,0.0,0.0,0.0,0.0
V6ToEastH6.291,3492.0,468_1,0.0,0.0,0.0,3622.0,522_1,56.88,12.48,130.0,1512.23,0.0,0,0.0,15.03,0,tripinfo_V6ToEastH6.291 emissions_V6ToEastH6.291,gasoline_euro4,0.95,4183.988607,369383.296472,27.12508,5.431742,141.903447,117816.691945,0.0
SouthEvansGateToSilbury.186,3348.0,526_0,0.0,0.0,0.0,3623.0,215_0,19.43,12.79,275.0,1471.71,121.0,5,0.0,168.88,0,tripinfo_SouthEvansGateToSilbury.186 emissions_SouthEvansGateToSilbury.186,gasoline_euro4,1.01,27784.994329,768332.274537,143.969498,15.628474,326.774946,245070.476021,0.0
SouthEvansGateToSilbury.183,3294.0,526_0,0.0,0.0,0.0,3624.0,215_1,19.43,11.98,330.0,1471.73,178.0,4,0.0,209.69,0,tripinfo_SouthEvansGateToSilbury.183 emissions_SouthEvansGateToSilbury.183,gasoline_euro4,0.88,35863.574121,868622.049346,183.416068,18.11241,373.491161,277061.642108,0.0
V6ToEastH6.292,3504.0,468_1,0.0,0.0,0.0,3624.0,522_1,56.88,14.13,120.0,1512.23,0.0,0,0.0,18.93,0,tripinfo_V6ToEastH6.292 emissions_V6ToEastH6.292,electric,1.09,0.0,0.0,0.0,0.0,0.0,0.0,0.0
SouthEvansGateToSilbury.185,3330.0,526_0,0.0,0.0,0.0,3625.0,215_0,19.43,12.08,295.0,1471.73,126.0,5,0.0,179.09,0,tripinfo_SouthEvansGateToSilbury.185 emissions_SouthEvansGateToSilbury.185,gasoline_euro4,0.92,29954.518533,818184.587991,155.46022,16.782233,350.586381,260971.604071,0.0
SouthEvansGateToSilbury.184,3312.0,526_0,0.0,0.0,0.0,3626.0,215_1,19.43,12.91,314.0,1471.71,147.0,5,0.0,205.97,0,tripinfo_SouthEvansGateToSilbury.184 emissions_SouthEvansGateToSilbury.184,gasoline_euro4,0.99,33308.076648,857407.512083,171.546384,18.002907,369.98427,273483.053964,0.0
SouthEvansGateToSilbury.187,3366.0,526_0,0.0,0.0,0.0,3628.0,215_1,19.43,12.88,262.0,1471.73,103.0,4,0.0,151.18,0,tripinfo_SouthEvansGateToSilbury.187 emissions_SouthEvansGateToSilbury.187,electric,0.96,0.0,0.0,0.0,0.0,0.0,0.0,0.0
EastA509ToH6.155,2790.0,770_0,0.0,0.0,0.0,3629.0,522_1,56.88,15.79,839.0,1483.69,662.0,9,0.0,744.95,0,tripinfo_EastA509ToH6.155 emissions_EastA509ToH6.155,gasoline_euro4,1.14,120984.97426,2295872.830426,604.451698,54.184428,1028.987662,732316.643618,0.0
EastA509ToH6.156,2808.0,770_0,0.0,0.0,0.0,3630.0,522_0,56.88,12.4,822.0,1483.64,637.0,11,0.0,711.58,0,tripinfo_EastA509ToH6.156 emissions_EastA509ToH6.156,electric,0.97,0.0,0.0,0.0,0.0,0.0,0.0,0.0
WestA509ToEastH6.72,2595.0,773_0,0.0,0.0,3.0,3635.0,522_0,56.88,12.43,1040.0,2755.17,689.0,19,0.0,830.71,0,tripinfo_WestA509ToEastH6.72 emissions_WestA509ToEastH6.72,gasoline_euro4,0.96,134936.158921,2747375.050491,677.918773,62.044208,1213.00895,876329.665711,0.0
V6ToEastH6.293,3516.0,468_1,0.0,0.0,0.0,3652.0,522_0,56.88,11.81,136.0,1512.23,0.0,0,0.0,12.17,0,tripinfo_V6ToEastH6.293 emissions_V6ToEastH6.293,electric,0.88,0.0,0.0,0.0,0.0,0.0,0.0,0.0
V6ToEastH6.294,3528.0,468_1,0.0,0.0,0.0,3653.0,522_1,56.88,13.11,125.0,1512.23,0.0,0,0.0,16.19,0,tripinfo_V6ToEastH6.294 emissions_V6ToEastH6.294,gasoline_euro4,1.0,4193.511723,368353.124756,27.178217,5.706985,143.151663,117487.794519,0.0
V6ToEastH6.295,3540.0,468_1,0.0,0.0,0.0,3658.0,522_1,56.88,14.35,118.0,1512.23,0.0,0,0.0,13.6,0,tripinfo_V6ToEastH6.295 emissions_V6ToEastH6.295,gasoline_euro4,1.05,3951.627721,372291.256582,25.792493,5.645689,142.397137,118743.863229,0.0
WestH6ToSaxonSt.195,2340.0,524_0,0.0,0.0,0.0,3661.0,771_1,56.88,12.29,1321.0,2555.04,985.0,19,0.0,1128.73,0,tripinfo_WestH6ToSaxonSt.195 emissions_WestH6ToSaxonSt.195,electric,0.97,0.0,0.0,0.0,0.0,0.0,0.0,0.0
WestH6ToSaxonSt.194,2328.0,524_0,0.0,0.0,0.0,3666.0,771_1,56.88,11.44,1338.0,2555.03,990.0,20,0.0,1128.46,0,tripinfo_WestH6ToSaxonSt.194 emissions_WestH6ToSaxonSt.194,gasoline_euro4,0.89,184384.263368,3470259.687317,920.464907,80.598057,1548.454171,1106914.350834,0.0
WestH6ToSaxonSt.197,2364.0,524_0,0.0,0.0,0.0,3667.0,771_1,56.88,12.51,1303.0,2555.04,970.0,21,0.0,1129.01,0,tripinfo_WestH6ToSaxonSt.197 emissions_WestH6ToSaxonSt.197,gasoline_euro4,1.07,180916.93285,3418026.377162,903.485791,79.883324,1527.263823,1090252.401958,0.0
WestH6ToSaxonSt.196,2352.0,524_0,0.0,0.0,0.0,3669.0,771_1,56.88,11.82,1317.0,2555.03,973.0,20,0.0,1118.78,0,tripinfo_WestH6ToSaxonSt.196 emissions_WestH6ToSaxonSt.196,gasoline_euro4,0.94,181955.486574,3436428.879828,908.501276,79.898988,1533.65496,1096122.753478,0.0
V6ToEastH6.296,3552.0,468_1,0.0,0.0,0.0,3669.0,522_1,56.88,13.3,117.0,1512.23,0.0,0,0.0,12.9,0,tripinfo_V6ToEastH6.296 emissions_V6ToEastH6.296,electric,1.05,0.0,0.0,0.0,0.0,0.0,0.0,0.0
EastAveburyToWestA509.303,3033.0,483_1,0.0,0.0,258.0,3670.0,774_1,29.75,13.18,637.0,2237.39,380.0,18,0.0,466.53,0,tripinfo_EastAveburyToWestA509.303 emissions_EastAveburyToWestA509.303,gasoline_euro4,0.97,77081.251449,1712527.201431,390.399316,37.29116,746.314379,546241.598522,0.0
WestH6ToSaxonSt.198,2376.0,524_0,0.0,0.0,0.0,3671.0,771_1,56.88,13.33,1295.0,2555.04,961.0,20,0.0,1103.05,0,tripinfo_WestH6ToSaxonSt.198 emissions_WestH6ToSaxonSt.198,gasoline_euro4,0.97,178745.755365,3369827.619458,892.195582,78.28326,1502.237884,1074879.191551,0.0
EastAveburyToWestA509.302,2963.0,483_1,0.0,0.0,196.0,3671.0,774_2,29.75,14.58,708.0,2237.39,456.0,17,0.0,556.24,0,tripinfo_EastAveburyToWestA509.302 emissions_EastAveburyToWestA509.302,electric,1.09,0.0,0.0,0.0,0.0,0.0,0.0,0.0
EastAveburyToWestA509.309,3052.0,483_1,0.0,0.0,226.0,3673.0,774_2,29.75,13.49,621.0,2237.39,376.0,18,0.0,455.83,0,tripinfo_EastAveburyToWestA509.309 emissions_EastAveburyToWestA509.309,gasoline_euro4,1.0,75694.092543,1675330.830584,383.142732,36.571549,730.141246,534377.230678,0.0
EastAveburyToWestA509.296,2945.0,483_1,0.0,0.0,229.0,3674.0,774_1,29.75,12.73,729.0,2241.02,460.0,14,0.0,560.2,0,tripinfo_EastAveburyToWestA509.296 emissions_EastAveburyToWestA509.296,electric,0.98,0.0,0.0,0.0,0.0,0.0,0.0,0.0
WestA509ToAvebury.144,2592.0,773_0,0.0,0.0,0.0,3675.0,213_0,19.13,13.95,1083.0,2327.58,793.0,21,0.0,926.29,0,tripinfo_WestA509ToAvebury.144 emissions_WestA509ToAvebury.144,gasoline_euro4,1.08,150171.437057,2914514.976003,751.248826,67.442783,1296.713619,929644.841371,0.0
WestA509ToAvebury.87,1566.0,773_0,0.0,0.0,0.0,3677.0,213_0,19.13,14.35,2111.0,2323.29,1770.0,33,0.0,1948.84,0,tripinfo_WestA509ToAvebury.87 emissions_WestA509ToAvebury.87,gasoline_euro4,1.04,318213.801888,5587412.558808,1579.076296,134.331068,2521.072319,1782234.334959,0.0
EastAveburyToWestA509.308,3049.0,483_1,0.0,0.0,231.0,3677.0,774_1,29.75,13.1,628.0,2237.39,380.0,14,0.0,456.99,0,tripinfo_EastAveburyToWestA509.308 emissions_EastAveburyToWestA509.308,gasoline_euro4,0.96,76077.186565,1688754.202252,385.220036,36.777495,735.732922,538658.81908,0.0
EastAveburyToWestA509.291,2865.0,483_1,0.0,0.0,192.0,3678.0,774_2,29.75,14.29,813.0,2237.39,547.0,16,0.0,659.43,0,tripinfo_EastAveburyToWestA509.291 emissions_EastAveburyToWestA509.291,electric,1.07,0.0,0.0,0.0,0.0,0.0,0.0,0.0
WestA509ToAvebury.131,2358.0,773_0,0.0,0.0,0.0,3681.0,213_0,19.13,14.0,1323.0,2327.58,991.0,22,0.0,1155.02,0,tripinfo_WestA509ToAvebury.131 emissions_WestA509ToAvebury.131,electric,1.01,0.0,0.0,0.0,0.0,0.0,0.0,0.0
EastAveburyToWestA509.297,2948.0,483_1,0.0,0.0,224.0,3683.0,774_1,29.75,12.4,735.0,2240.54,445.0,14,0.0,558.17,0,tripinfo_EastAveburyToWestA509.297 emissions_EastAveburyToWestA509.297,gasoline_euro4,0.94,91358.240906,1952319.695607,461.161745,43.289461,856.990684,622729.066398,0.0
EastAveburyToWestA509.225,2112.0,483_1,0.0,0.0,0.0,3684.0,774_1,29.75,13.12,1572.0,2244.08,1232.0,16,0.0,1405.66,0,tripinfo_EastAveburyToWestA509.225 emissions_EastAveburyToWestA509.225,gasoline_euro4,0.99,228720.312432,4159316.571674,1138.461169,98.895618,1870.972506,1326706.1369,0.0
EastAveburyToWestA509.222,2087.0,483_1,0.0,0.0,0.0,3685.0,774_2,29.75,11.98,1598.0,2237.61,1280.0,15,0.0,1418.43,0,tripinfo_EastAveburyToWestA509.222 emissions_EastAveburyToWestA509.222,gasoline_euro4,0.92,232065.98299,4159973.826059,1153.902142,98.623754,1869.414743,1326918.277343,0.0
EastAveburyToWestA509.293,2871.0,483_1,0.0,0.0,181.0,3687.0,774_1,29.75,13.95,816.0,2241.07,531.0,10,0.0,656.05,0,tripinfo_EastAveburyToWestA509.293 emissions_EastAveburyToWestA509.293,electric,1.03,0.0,0.0,0.0,0.0,0.0,0.0,0.0
EastAveburyToWestA509.298,2951.0,483_1,0.0,0.0,218.0,3689.0,774_1,29.75,11.47,738.0,2237.39,438.0,15,0.0,550.91,0,tripinfo_EastAveburyToWestA509.298 emissions_EastAveburyToWestA509.298,gasoline_euro4,0.89,89587.145276,1892186.989042,451.800221,41.345419,827.049605,603549.970689,0.0
EastAveburyToWestA509.311,3125.0,483_1,0.0,0.0,282.0,3691.0,774_1,29.75,11.67,566.0,2237.39,313.0,7,0.0,385.78,0,tripinfo_EastAveburyToWestA509.311 emissions_EastAveburyToWestA509.311,gasoline_euro4,0.92,64178.154188,1484873.69927,326.600805,31.734571,643.799801,473626.389027,0.0
V6ToEastH6.297,3564.0,468_1,0.0,0.0,0.0,3696.0,522_1,56.88,11.72,132.0,1512.23,0.0,0,0.0,12.59,0,tripinfo_V6ToEastH6.297 emissions_V6ToEastH6.297,gasoline_euro4,0.92,4130.149727,360267.995416,26.858346,5.354533,139.330493,114909.269004,0.0
EastA509ToH6.157,2826.0,770_0,0.0,0.0,0.0,3697.0,522_0,56.88,15.48,871.0,1483.69,698.0,9,0.0,777.0,0,tripinfo_EastA509ToH6.157 emissions_EastA509ToH6.157,gasoline_euro4,1.15,127322.557769,2398940.173425,635.69919,56.82116,1075.740596,765192.494782,0.0
EastA509ToH6.153,2754.0,770_0,0.0,0.0,0.0,3706.0,522_0,56.88,11.05,952.0,1483.64,769.0,8,0.0,828.64,0,tripinfo_EastA509ToH6.153 emissions_EastA509ToH6.153,electric,0.87,0.0,0.0,0.0,0.0,0.0,0.0,0.0
V6ToEastH6.298,3576.0,468_1,0.0,0.0,0.0,3709.0,522_1,56.88,11.66,133.0,1512.23,0.0,0,0.0,13.87,0,tripinfo_V6ToEastH6.298 emissions_V6ToEastH6.298,gasoline_euro4,0.92,3996.370814,360401.636558,25.952423,5.072932,136.858902,114952.171779,0.0
SouthEvansGateToSilbury.188,3384.0,526_0,0.0,0.0,0.0,3711.0,215_1,19.43,13.88,327.0,1471.73,188.0,4,0.0,221.25,0,tripinfo_SouthEvansGateToSilbury.188 emissions_SouthEvansGateToSilbury.188,gasoline_euro4,1.01,37785.023766,929297.85116,193.273249,19.674557,399.75566,296414.542718,0.0
SouthEvansGateToSilbury.189,3402.0,526_0,0.0,0.0,0.0,3711.0,215_0,19.43,13.95,309.0,1471.71,159.0,6,0.0,205.82,0,tripinfo_SouthEvansGateToSilbury.189 emissions_SouthEvansGateToSilbury.189,gasoline_euro4,1.04,34115.517951,884101.656244,175.682392,18.513209,379.929402,281997.520197,0.0
V6ToEastH6.299,3588.0,468_1,0.0,0.0,0.0,3711.0,522_1,56.88,12.57,123.0,1512.23,0.0,0,0.0,12.82,0,tripinfo_V6ToEastH6.299 emissions_V6ToEastH6.299,gasoline_euro4,0.99,3627.103623,346980.622616,23.795068,5.040131,131.983762,110671.129036,0.0
SouthEvansGateToSilbury.192,3456.0,526_0,0.0,0.0,0.0,3712.0,215_0,19.43,13.3,256.0,1471.76,107.0,5,0.0,152.93,0,tripinfo_SouthEvansGateToSilbury.192 emissions_SouthEvansGateToSilbury.192,gasoline_euro4,1.03,25863.311971,742789.329759,134.900849,15.054131,315.672559,236922.642862,0.0
EastA509ToH6.139,2502.0,770_0,0.0,0.0,0.0,3713.0,522_0,56.88,15.54,1211.0,1443.3,1032.0,10,0.0,1118.28,0,tripinfo_EastA509ToH6.139 emissions_EastA509ToH6.139,electric,1.12,0.0,0.0,0.0,0.0,0.0,0.0,0.0
SouthEvansGateToSilbury.190,3420.0,526_0,0.0,0.0,0.0,3713.0,215_1,19.43,13.09,293.0,1471.71,139.0,5,0.0,187.88,0,tripinfo_SouthEvansGateToSilbury.190 emissions_SouthEvansGateToSilbury.190,gasoline_euro4,1.01,31041.801057,828952.095828,160.331579,17.202239,354.932289,264406.314071,0.0
SouthEvansGateToSilbury.194,3492.0,526_0,0.0,0.0,0.0,3714.0,215_0,19.43,15.05,222.0,1471.73,84.0,5,0.0,130.97,0,tripinfo_SouthEvansGateToSilbury.194 emissions_SouthEvansGateToSilbury.194,gasoline_euro4,1.17,21897.025243,683215.141582,115.321059,13.791043,288.63951,217919.551789,0.0
SouthEvansGateToSilbury.191,3438.0,526_0,0.0,0.0,0.0,3715.0,215_1,19.43,12.39,277.0,1471.7,124.0,7,0.0,167.48,0,tripinfo_SouthEvansGateToSilbury.191 emissions_SouthEvansGateToSilbury.191,electric,0.97,0.0,0.0,0.0,0.0,0.0,0.0,0.0
EastA509ToH6.158,2844.0,770_0,0.0,0.0,0.0,3716.0,522_0,56.88,13.89,872.0,1483.69,678.0,11,0.0,769.59,0,tripinfo_EastA509ToH6.158 emissions_EastA509ToH6.158,electric,1.05,0.0,0.0,0.0,0.0,0.0,0.0,0.0
WestA509ToEastH6.73,2631.0,773_0,0.0,0.0,3.0,3718.0,522_0,56.88,13.84,1087.0,2755.17,727.0,21,0.0,899.59,0,tripinfo_WestA509ToEastH6.73 emissions_WestA509ToEastH6.73,gasoline_euro4,1.07,142430.334221,2874527.419228,715.24749,65.594921,1274.086623,916887.425836,0.0
WestH6ToSaxonSt.199,2388.0,524_0,0.0,0.0,0.0,3746.0,771_1,56.88,14.33,1358.0,2555.04,1036.0,19,0.0,1177.22,0,tripinfo_WestH6ToSaxonSt.199 emissions_WestH6ToSaxonSt.199,gasoline_euro4,1.03,191243.20999,3579530.351113,953.770956,83.643286,1597.781923,1141768.713416,0.0
WestA509ToAvebury.149,2682.0,773_0,0.0,0.0,0.0,3752.0,213_0,19.13,14.99,1070.0,2327.58,756.0,20,0.0,921.88,0,tripinfo_WestA509ToAvebury.149 emissions_WestA509ToAvebury.149,gasoline_euro4,1.14,148062.513216,2892620.78545,741.434768,67.120736,1288.00671,922660.456333,0.0
EastAveburyToWestA509.306,3043.0,483_1,0.0,0.0,242.0,3754.0,774_2,29.75,14.07,711.0,2237.39,458.0,16,0.0,556.49,0,tripinfo_EastAveburyToWestA509.306 emissions_EastAveburyToWestA509.306,gasoline_euro4,1.07,89694.855921,1914049.477964,452.196631,42.554266,838.922547,610522.015009,0.0
WestA509ToAvebury.130,2340.0,773_0,0.0,0.0,0.0,3755.0,213_0,19.13,13.58,1415.0,2327.58,1103.0,19,0.0,1246.89,0,tripinfo_WestA509ToAvebury.130 emissions_WestA509ToAvebury.130,electric,1.01,0.0,0.0,0.0,0.0,0.0,0.0,0.0
EastAveburyToWestA509.227,2129.0,483_1,0.0,0.0,0.0,3756.0,774_2,29.75,14.2,1627.0,2240.45,1305.0,20,0.0,1477.36,0,tripinfo_EastAveburyToWestA509.227 emissions_EastAveburyToWestA509.227,electric,1.11,0.0,0.0,0.0,0.0,0.0,0.0,0.0
EastAveburyToWestA509.295,2877.0,483_1,0.0,0.0,170.0,3759.0,774_2,29.75,14.31,882.0,2237.38,592.0,18,0.0,722.94,0,tripinfo_EastAveburyToWestA509.295 emissions_EastAveburyToWestA509.295,gasoline_euro4,1.04,117113.771508,2382213.338771,588.576698,54.203842,1054.028927,759853.74245,0.0
EastAveburyToWestA509.304,3036.0,483_1,0.0,0.0,252.0,3762.0,774_2,29.75,13.66,726.0,2237.44,442.0,14,0.0,560.26,0,tripinfo_EastAveburyToWestA509.304 emissions_EastAveburyToWestA509.304,gasoline_euro4,1.0,91758.467602,1924596.860551,462.177669,42.906405,845.185907,613887.190359,0.0
EastAveburyToWestA509.305,3040.0,483_1,0.0,0.0,248.0,3765.0,774_1,29.75,12.99,725.0,2237.87,468.0,12,0.0,561.26,0,tripinfo_EastAveburyToWestA509.305 emissions_EastAveburyToWestA509.305,gasoline_euro4,1.01,92705.305515,1973714.998834,467.553281,44.039057,866.703699,629553.42695,0.0
EastAveburyToWestA509.312,3128.0,483_1,0.0,0.0,276.0,3765.0,774_2,29.75,13.93,637.0,2237.39,390.0,12,0.0,478.03,0,tripinfo_EastAveburyToWestA509.312 emissions_EastAveburyToWestA509.312,gasoline_euro4,1.04,78034.366233,1732028.775901,395.411196,38.172826,757.739949,552461.519566,0.0
EastAveburyToWestA509.315,3137.0,483_1,0.0,0.0,260.0,3767.0,774_1,29.75,14.22,630.0,2241.02,370.0,9,0.0,472.1,0,tripinfo_EastAveburyToWestA509.315 emissions_EastAveburyToWestA509.315,gasoline_euro4,1.05,75847.814341,1725394.238587,385.117936,37.752067,753.232889,550344.382954,0.0
EastAveburyToWestA509.316,3140.0,483_1,0.0,0.0,254.0,3770.0,774_2,29.75,12.6,630.0,2237.39,374.0,11,0.0,459.74,0,tripinfo_EastAveburyToWestA509.316 emissions_EastAveburyToWestA509.316,gasoline_euro4,0.97,76249.281827,1688652.799416,386.146248,37.03024,737.929183,538626.269756,0.0
EastAveburyToWestA509.223,2095.0,483_1,0.0,0.0,0.0,3771.0,774_1,29.75,13.29,1676.0,2241.29,1342.0,21,0.0,1518.83,0,tripinfo_EastAveburyToWestA509.223 emissions_EastAveburyToWestA509.223,gasoline_euro4,1.04,246746.330471,4444780.843314,1227.529527,106.336473,2004.134209,1417762.031849,0.0
EastAveburyToWestA509.310,3121.0,483_1,0.0,0.0,286.0,3772.0,774_2,29.75,13.96,651.0,2237.39,383.0,13,0.0,495.99,0,tripinfo_EastAveburyToWestA509.310 emissions_EastAveburyToWestA509.310,gasoline_euro4,1.07,80184.168393,1766509.086093,406.204583,39.403548,776.723329,563459.441716,0.0
EastAveburyToWestA509.326,3304.0,483_1,0.0,0.0,333.0,3773.0,774_2,29.75,13.28,469.0,2237.39,228.0,10,0.0,307.55,0,tripinfo_EastAveburyToWestA509.326 emissions_EastAveburyToWestA509.326,gasoline_euro4,1.02,50676.739531,1285783.289668,260.521374,27.199868,555.06806,410120.250041,0.0
EastA509ToH6.160,2880.0,770_0,0.0,0.0,0.0,3795.0,522_0,56.88,12.13,915.0,1483.64,721.0,12,0.0,799.32,0,tripinfo_EastA509ToH6.160 emissions_EastA509ToH6.160,gasoline_euro4,0.93,131452.22009,2437992.96923,655.298549,57.178118,1091.182477,777651.128554,0.0
EastA509ToH6.161,2898.0,770_0,0.0,0.0,0.0,3796.0,522_1,56.88,14.63,898.0,1483.69,707.0,11,0.0,796.17,0,tripinfo_EastA509ToH6.161 emissions_EastA509ToH6.161,gasoline_euro4,1.06,130301.233822,2451791.944538,650.506528,57.925485,1100.195111,782050.888793,0.0
EastA509ToH6.162,2916.0,770_0,0.0,0.0,0.0,3798.0,522_0,56.88,12.97,882.0,1483.69,685.0,9,0.0,777.51,0,tripinfo_EastA509ToH6.162 emissions_EastA509ToH6.162,gasoline_euro4,1.03,127080.35684,2395072.012272,634.576149,56.43405,1073.868596,763958.920967,0.0
SouthEvansGateToSilbury.196,3528.0,526_0,0.0,0.0,0.0,3798.0,215_0,19.43,13.74,270.0,1471.73,132.0,3,0.0,164.99,0,tripinfo_SouthEvansGateToSilbury.196 emissions_SouthEvansGateToSilbury.196,electric,1.01,0.0,0.0,0.0,0.0,0.0,0.0,0.0
SouthEvansGateToSilbury.193,3474.0,526_0,0.0,0.0,0.0,3799.0,215_1,19.43,13.33,325.0,1471.71,174.0,5,0.0,214.15,0,tripinfo_SouthEvansGateToSilbury.193 emissions_SouthEvansGateToSilbury.193,gasoline_euro4,0.96,36071.105049,900093.89019,184.872096,18.824741,386.744262,287099.360806,0.0
EastA509ToH6.164,2952.0,770_0,0.0,0.0,0.0,3800.0,522_0,56.88,14.14,848.0,1483.69,646.0,9,0.0,747.96,0,tripinfo_EastA509ToH6.164 emissions_EastA509ToH6.164,electric,1.07,0.0,0.0,0.0,0.0,0.0,0.0,0.0
SouthEvansGateToSilbury.197,3546.0,526_0,0.0,0.0,0.0,3800.0,215_0,19.43,14.98,254.0,1471.74,115.0,5,0.0,160.42,0,tripinfo_SouthEvansGateToSilbury.197 emissions_SouthEvansGateToSilbury.197,electric,1.14,0.0,0.0,0.0,0.0,0.0,0.0,0.0
SouthEvansGateToSilbury.195,3510.0,526_0,0.0,0.0,0.0,3801.0,215_1,19.43,13.87,291.0,1471.73,135.0,5,0.0,192.43,0,tripinfo_SouthEvansGateToSilbury.195 emissions_SouthEvansGateToSilbury.195,electric,1.08,0.0,0.0,0.0,0.0,0.0,0.0,0.0
EastA509ToH6.166,2988.0,770_0,0.0,0.0,0.0,3802.0,522_0,56.88,15.43,814.0,1483.69,617.0,8,0.0,721.3,0,tripinfo_EastA509ToH6.166 emissions_EastA509ToH6.166,electric,1.16,0.0,0.0,0.0,0.0,0.0,0.0,0.0
EastA509ToH6.165,2970.0,770_0,0.0,0.0,0.0,3806.0,522_0,56.88,13.53,836.0,1483.69,638.0,8,0.0,734.69,0,tripinfo_EastA509ToH6.165 emissions_EastA509ToH6.165,gasoline_euro4,1.06,119197.168629,2261031.997342,595.404607,53.078352,1012.133317,721203.746414,0.0
WestH6ToSaxonSt.200,2400.0,524_0,0.0,0.0,0.0,3828.0,771_1,56.88,15.11,1428.0,2555.03,1094.0,24,0.0,1263.2,0,tripinfo_WestH6ToSaxonSt.200 emissions_WestH6ToSaxonSt.200,electric,1.13,0.0,0.0,0.0,0.0,0.0,0.0,0.0
WestH6ToSaxonSt.201,2412.0,524_0,0.0,0.0,0.0,3833.0,771_1,56.88,13.48,1421.0,2555.04,1085.0,22,0.0,1245.14,0,tripinfo_WestH6ToSaxonSt.201 emissions_WestH6ToSaxonSt.201,electric,1.06,0.0,0.0,0.0,0.0,0.0,0.0,0.0
WestA509ToAvebury.150,2700.0,773_0,0.0,0.0,0.0,3844.0,213_0,19.13,14.49,1144.0,2327.58,840.0,19,0.0,982.15,0,tripinfo_WestA509ToAvebury.150 emissions_WestA509ToAvebury.150,gasoline_euro4,1.05,160083.367521,3085427.391469,800.646015,71.891929,1376.887513,984161.015688,0.0
WestA509ToAvebury.142,2559.0,773_0,0.0,0.0,3.0,3846.0,213_0,19.13,13.97,1287.0,2327.58,955.0,23,0.0,1119.86,0,tripinfo_WestA509ToAvebury.142 emissions_WestA509ToAvebury.142,gasoline_euro4,1.01,180826.705372,3419280.488264,903.36028,80.0227,1530.662324,1090652.101989,0.0
EastAveburyToWestA509.319,3216.0,483_1,0.0,0.0,305.0,3847.0,774_1,29.75,12.74,631.0,2237.39,362.0,12,0.0,460.79,0,tripinfo_EastAveburyToWestA509.319 emissions_EastAveburyToWestA509.319,electric,0.97,0.0,0.0,0.0,0.0,0.0,0.0,0.0
EastAveburyToWestA509.327,3307.0,483_1,0.0,0.0,328.0,3848.0,774_1,29.75,12.34,541.0,2237.39,294.0,10,0.0,371.43,0,tripinfo_EastAveburyToWestA509.327 emissions_EastAveburyToWestA509.327,gasoline_euro4,0.97,60763.052684,1452425.121533,309.962106,30.678252,626.134033,463275.514515,0.0
EastAveburyToWestA509.328,3310.0,483_1,0.0,0.0,322.0,3849.0,774_2,29.75,14.43,539.0,2237.39,298.0,13,0.0,389.61,0,tripinfo_EastAveburyToWestA509.328 emissions_EastAveburyToWestA509.328,gasoline_euro4,1.1,63894.701875,1537528.419828,326.491791,33.341638,668.994051,490419.349087,0.0
WestA509ToAvebury.152,2736.0,773_0,0.0,0.0,0.0,3852.0,213_0,19.13,14.28,1116.0,2327.58,773.0,18,0.0,952.94,0,tripinfo_WestA509ToAvebury.152 emissions_WestA509ToAvebury.152,electric,1.04,0.0,0.0,0.0,0.0,0.0,0.0,0.0
EastAveburyToWestA509.325,3301.0,483_1,0.0,0.0,339.0,3852.0,774_1,29.75,12.49,551.0,2237.44,296.0,12,0.0,383.62,0,tripinfo_EastAveburyToWestA509.325 emissions_EastAveburyToWestA509.325,electric,0.99,0.0,0.0,0.0,0.0,0.0,0.0,0.0
EastAveburyToWestA509.318,3213.0,483_1,0.0,0.0,310.0,3853.0,774_2,29.75,15.42,640.0,2237.39,377.0,14,0.0,494.46,0,tripinfo_EastAveburyToWestA509.318 emissions_EastAveburyToWestA509.318,gasoline_euro4,1.14,79116.777243,1768459.369859,401.557116,39.176993,775.710874,564081.131721,0.0
WestA509ToAvebury.135,2430.0,773_0,0.0,0.0,0.0,3854.0,213_0,19.13,14.41,1424.0,2327.58,1078.0,29,0.0,1262.93,0,tripinfo_WestA509ToAvebury.135 emissions_WestA509ToAvebury.135,gasoline_euro4,1.05,203512.626487,3775568.039216,1014.661696,89.147528,1693.622315,1204299.157963,0.0
EastAveburyToWestA509.324,3297.0,483_1,0.0,0.0,343.0,3854.0,774_2,29.75,16.28,557.0,2237.44,314.0,13,0.0,423.15,0,tripinfo_EastAveburyToWestA509.324 emissions_EastAveburyToWestA509.324,gasoline_euro4,1.23,66205.715096,1570212.379248,337.956816,34.329817,685.093027,500844.728201,0.0
EastAveburyToWestA509.235,2197.0,483_1,0.0,0.0,0.0,3855.0,774_0,29.75,13.07,1658.0,2244.13,1288.0,27,0.0,1481.78,0,tripinfo_EastAveburyToWestA509.235 emissions_EastAveburyToWestA509.235,gasoline_euro4,0.94,240259.054689,4342171.101893,1195.684293,103.73085,1958.336685,1385031.946345,0.0
WestA509ToAvebury.137,2466.0,773_0,0.0,0.0,0.0,3856.0,213_0,19.13,13.4,1390.0,2327.58,1058.0,21,0.0,1221.24,0,tripinfo_WestA509ToAvebury.137 emissions_WestA509ToAvebury.137,electric,1.0,0.0,0.0,0.0,0.0,0.0,0.0,0.0
EastAveburyToWestA509.320,3219.0,483_1,0.0,0.0,299.0,3856.0,774_1,29.75,13.59,637.0,2241.07,345.0,14,0.0,470.27,0,tripinfo_EastAveburyToWestA509.320 emissions_EastAveburyToWestA509.320,electric,0.99,0.0,0.0,0.0,0.0,0.0,0.0,0.0
EastAveburyToWestA509.313,3131.0,483_1,0.0,0.0,271.0,3858.0,774_1,29.75,14.66,727.0,2241.02,440.0,11,0.0,572.62,0,tripinfo_EastAveburyToWestA509.313 emissions_EastAveburyToWestA509.313,electric,1.07,0.0,0.0,0.0,0.0,0.0,0.0,0.0
EastAveburyToWestA509.330,3315.0,483_1,0.0,0.0,310.0,3860.0,774_2,29.75,12.59,545.0,2237.39,306.0,8,0.0,371.66,0,tripinfo_EastAveburyToWestA509.330 emissions_EastAveburyToWestA509.330,gasoline_euro4,0.96,61880.989521,1441441.80734,314.870644,30.600573,622.586301,459773.033613,0.0
EastAveburyToWestA509.317,3210.0,483_1,0.0,0.0,316.0,3861.0,774_2,29.75,13.5,651.0,2240.59,370.0,13,0.0,493.76,0,tripinfo_EastAveburyToWestA509.317 emissions_EastAveburyToWestA509.317,electric,1.05,0.0,0.0,0.0,0.0,0.0,0.0,0.0
EastAveburyToWestA509.322,3225.0,483_1,0.0,0.0,288.0,3865.0,774_1,29.75,12.05,640.0,2237.39,357.0,10,0.0,459.62,0,tripinfo_EastAveburyToWestA509.322 emissions_EastAveburyToWestA509.322,electric,0.92,0.0,0.0,0.0,0.0,0.0,0.0,0.0
EastAveburyToWestA509.243,2265.0,483_1,0.0,0.0,0.0,3870.0,774_1,29.75,11.41,1605.0,2237.62,1253.0,22,0.0,1412.33,0,tripinfo_EastAveburyToWestA509.243 emissions_EastAveburyToWestA509.243,gasoline_euro4,0.85,231375.279288,4148018.854463,1150.607605,98.365944,1865.245019,1323104.872777,0.0
WestA509ToEastH6.76,2739.0,773_0,0.0,0.0,3.0,3886.0,522_1,56.88,13.33,1147.0,2755.17,770.0,15,0.0,949.61,0,tripinfo_WestA509ToEastH6.76 emissions_WestA509ToEastH6.76,electric,1.01,0.0,0.0,0.0,0.0,0.0,0.0,0.0
SouthEvansGateToSilbury.198,3564.0,526_0,0.0,0.0,0.0,3886.0,215_0,19.43,13.26,322.0,1471.74,180.0,5,0.0,219.23,0,tripinfo_SouthEvansGateToSilbury.198 emissions_SouthEvansGateToSilbury.198,gasoline_euro4,1.04,37175.606416,930308.517517,190.639296,19.828612,401.778285,296736.308234,0.0
SouthEvansGateToSilbury.199,3582.0,526_0,0.0,0.0,0.0,3887.0,215_1,19.43,12.99,305.0,1471.7,158.0,5,0.0,191.49,0,tripinfo_SouthEvansGateToSilbury.199 emissions_SouthEvansGateToSilbury.199,electric,0.94,0.0,0.0,0.0,0.0,0.0,0.0,0.0
WestA509ToEastH6.75,2703.0,773_0,0.0,0.0,3.0,3892.0,522_0,56.88,9.34,1189.0,2755.17,781.0,16,0.0,909.43,0,tripinfo_WestA509ToEastH6.75 emissions_WestA509ToEastH6.75,electric,0.71,0.0,0.0,0.0,0.0,0.0,0.0,0.0
WestH6ToSaxonSt.202,2424.0,524_0,0.0,0.0,0.0,3928.0,771_1,56.88,10.52,1504.0,2555.04,1114.0,26,0.0,1276.12,0,tripinfo_WestH6ToSaxonSt.202 emissions_WestH6ToSaxonSt.202,gasoline_euro4,0.82,207933.065982,3827691.324681,1036.305707,89.196061,1711.320159,1220927.360279,0.0
WestA509ToAvebury.153,2754.0,773_0,0.0,0.0,0.0,3934.0,213_0,19.13,10.94,1180.0,2327.58,825.0,20,0.0,968.17,0,tripinfo_WestA509ToAvebury.153 emissions_WestA509ToAvebury.153,gasoline_euro4,0.8,158010.515142,3005896.032317,789.781912,69.279183,1340.137477,958794.88428,0.0
WestA509ToAvebury.140,2520.0,773_0,0.0,0.0,0.0,3936.0,213_0,19.13,12.22,1416.0,2327.58,1052.0,25,0.0,1228.32,0,tripinfo_WestA509ToAvebury.140 emissions_WestA509ToAvebury.140,electric,0.9,0.0,0.0,0.0,0.0,0.0,0.0,0.0
EastAveburyToWestA509.301,2960.0,483_1,0.0,0.0,202.0,3936.0,774_1,29.75,13.1,976.0,2241.07,670.0,19,0.0,813.35,0,tripinfo_EastAveburyToWestA509.301 emissions_EastAveburyToWestA509.301,gasoline_euro4,1.02,132649.5048,2626182.92152,664.779235,60.405886,1166.483447,837674.074091,0.0
EastAveburyToWestA509.332,3385.0,483_1,0.0,0.0,363.0,3937.0,774_2,29.75,12.93,552.0,2237.39,301.0,14,0.0,374.79,0,tripinfo_EastAveburyToWestA509.332 emissions_EastAveburyToWestA509.332,gasoline_euro4,0.93,62497.56495,1471584.114341,318.479684,30.993057,634.3943,469387.302557,0.0
EastAveburyToWestA509.334,3392.0,483_1,0.0,0.0,353.0,3939.0,774_1,29.75,12.45,547.0,2237.39,297.0,9,0.0,371.91,0,tripinfo_EastAveburyToWestA509.334 emissions_EastAveburyToWestA509.334,electric,0.94,0.0,0.0,0.0,0.0,0.0,0.0,0.0
EastAveburyToWestA509.333,3389.0,483_1,0.0,0.0,359.0,3940.0,774_2,29.75,15.12,551.0,2237.44,304.0,8,0.0,399.54,0,tripinfo_EastAveburyToWestA509.333 emissions_EastAveburyToWestA509.333,electric,1.1,0.0,0.0,0.0,0.0,0.0,0.0,0.0
EastAveburyToWestA509.239,2247.0,483_1,0.0,0.0,16.0,3941.0,774_1,29.75,13.92,1694.0,2244.08,1351.0,28,0.0,1529.64,0,tripinfo_EastAveburyToWestA509.239 emissions_EastAveburyToWestA509.239,electric,1.01,0.0,0.0,0.0,0.0,0.0,0.0,0.0
WestA509ToAvebury.154,2775.0,773_0,0.0,0.0,3.0,3942.0,213_0,19.13,14.21,1167.0,2327.79,850.0,18,0.0,1007.82,0,tripinfo_WestA509ToAvebury.154 emissions_WestA509ToAvebury.154,gasoline_euro4,1.07,160162.809551,3090016.750551,801.007189,71.719513,1378.055985,985625.027678,0.0
EastAveburyToWestA509.323,3228.0,483_1,0.0,0.0,283.0,3942.0,774_2,29.75,13.32,714.0,2237.39,443.0,17,0.0,554.45,0,tripinfo_EastAveburyToWestA509.323 emissions_EastAveburyToWestA509.323,electric,1.04,0.0,0.0,0.0,0.0,0.0,0.0,0.0
EastAveburyToWestA509.299,2954.0,483_1,0.0,0.0,213.0,3944.0,774_2,29.75,13.01,990.0,2237.39,675.0,16,0.0,827.64,0,tripinfo_EastAveburyToWestA509.299 emissions_EastAveburyToWestA509.299,electric,1.02,0.0,0.0,0.0,0.0,0.0,0.0,0.0
WestA509ToAvebury.93,1674.0,773_0,0.0,0.0,0.0,3945.0,213_0,19.13,12.96,2271.0,2322.44,1930.0,27,0.0,2094.87,0,tripinfo_WestA509ToAvebury.93 emissions_WestA509ToAvebury.93,gasoline_euro4,0.96,341983.91025,5931735.262732,1695.74779,143.0294,2680.177596,1892066.22911,0.0
EastAveburyToWestA509.331,3318.0,483_1,0.0,0.0,305.0,3946.0,774_1,29.75,12.71,628.0,2237.39,376.0,9,0.0,459.95,0,tripinfo_EastAveburyToWestA509.331 emissions_EastAveburyToWestA509.331,electric,0.99,0.0,0.0,0.0,0.0,0.0,0.0,0.0
EastAveburyToWestA509.294,2874.0,483_1,0.0,0.0,175.0,3947.0,774_2,29.75,13.6,1073.0,2237.44,818.0,15,0.0,912.45,0,tripinfo_EastAveburyToWestA509.294 emissions_EastAveburyToWestA509.294,gasoline_euro4,1.03,150388.899377,2905074.42765,752.244257,67.482973,1294.494159,926633.773525,0.0
EastAveburyToWestA509.244,2329.0,483_1,0.0,0.0,55.0,3952.0,774_0,29.75,11.75,1623.0,2241.29,1279.0,25,0.0,1446.35,0,tripinfo_EastAveburyToWestA509.244 emissions_EastAveburyToWestA509.244,gasoline_euro4,0.93,236471.150508,4242710.750902,1175.728592,100.709851,1907.408607,1353308.80792,0.0
EastAveburyToWestA509.329,3313.0,483_1,0.0,0.0,317.0,3952.0,774_2,29.75,12.1,639.0,2237.39,356.0,18,0.0,460.86,0,tripinfo_EastAveburyToWestA509.329 emissions_EastAveburyToWestA509.329,electric,0.93,0.0,0.0,0.0,0.0,0.0,0.0,0.0
WestA509ToEastH6.77,2772.0,773_0,0.0,0.0,0.0,3962.0,522_0,56.88,13.58,1190.0,2755.17,822.0,14,0.0,992.15,0,tripinfo_WestA509ToEastH6.77 emissions_WestA509ToEastH6.77,gasoline_euro4,1.01,157895.263952,3111004.357067,791.057783,71.04642,1379.62661,992318.686371,0.0
WestA509ToEastH6.74,2664.0,773_0,0.0,0.0,0.0,3971.0,522_0,56.88,12.52,1307.0,2749.93,923.0,21,0.0,1106.13,0,tripinfo_WestA509ToEastH6.74 emissions_WestA509ToEastH6.74,gasoline_euro4,0.99,178127.233291,3441664.968588,891.080222,79.549943,1532.117676,1097790.845621,0.0
EastA509ToH6.163,2934.0,770_0,0.0,0.0,0.0,3971.0,522_1,56.88,14.82,1037.0,1483.69,841.0,11,0.0,941.36,0,tripinfo_EastA509ToH6.163 emissions_EastA509ToH6.163,electric,1.12,0.0,0.0,0.0,0.0,0.0,0.0,0.0
WestH6ToSaxonSt.204,2448.0,524_0,0.0,0.0,0.0,4006.0,771_1,56.88,12.5,1558.0,2555.04,1178.0,29,0.0,1359.46,0,tripinfo_WestH6ToSaxonSt.204 emissions_WestH6ToSaxonSt.204,gasoline_euro4,0.94,219727.617723,4040163.922118,1094.614833,94.793669,1808.43221,1288699.737217,0.0
WestH6ToSaxonSt.203,2436.0,524_0,0.0,0.0,0.0,4011.0,771_1,56.88,12.36,1575.0,2555.03,1173.0,33,0.0,1366.48,0,tripinfo_WestH6ToSaxonSt.203 emissions_WestH6ToSaxonSt.203,gasoline_euro4,0.89,222420.665367,4094672.744028,1108.3599,95.975679,1833.393057,1306086.4243,0.0
WestH6ToSaxonSt.205,2460.0,524_0,0.0,0.0,0.0,4013.0,771_1,56.88,12.87,1553.0,2555.07,1177.0,25,0.0,1366.95,0,tripinfo_WestH6ToSaxonSt.205 emissions_WestH6ToSaxonSt.205,electric,1.0,0.0,0.0,0.0,0.0,0.0,0.0,0.0
WestH6ToSaxonSt.206,2472.0,524_0,0.0,0.0,0.0,4015.0,771_1,56.88,12.38,1543.0,2555.04,1153.0,28,0.0,1352.85,0,tripinfo_WestH6ToSaxonSt.206 emissions_WestH6ToSaxonSt.206,gasoline_euro4,0.98,217390.073847,4001059.443403,1083.157571,94.383279,1794.087971,1276225.766206,0.0
WestA509ToAvebury.145,2610.0,773_0,0.0,0.0,0.0,4019.0,213_0,19.13,13.91,1409.0,2327.58,1053.0,24,0.0,1244.88,0,tripinfo_WestA509ToAvebury.145 emissions_WestA509ToAvebury.145,gasoline_euro4,1.04,200056.80537,3711924.319561,997.236552,87.268334,1661.462245,1183999.084193,0.0
WestA509ToAvebury.84,1515.0,773_0,0.0,0.0,3.0,4023.0,213_0,19.13,11.62,2508.0,2250.13,2170.0,27,0.0,2316.92,0,tripinfo_WestA509ToAvebury.84 emissions_WestA509ToAvebury.84,electric,0.85,0.0,0.0,0.0,0.0,0.0,0.0,0.0
EastAveburyToWestA509.335,3395.0,483_1,0.0,0.0,348.0,4023.0,774_1,29.75,13.27,628.0,2241.02,365.0,11,0.0,467.22,0,tripinfo_EastAveburyToWestA509.335 emissions_EastAveburyToWestA509.335,gasoline_euro4,1.03,76945.715631,1731047.43523,390.236348,38.299634,758.570832,552147.597998,0.0
WestA509ToAvebury.156,2811.0,773_0,0.0,0.0,3.0,4025.0,213_0,19.13,14.8,1214.0,2327.58,888.0,19,0.0,1067.04,0,tripinfo_WestA509ToAvebury.156 emissions_WestA509ToAvebury.156,gasoline_euro4,1.15,169915.611482,3293853.913475,850.532264,77.102515,1473.531703,1050641.9015,0.0
EastAveburyToWestA509.337,3401.0,483_1,0.0,0.0,337.0,4025.0,774_1,29.75,17.0,624.0,2237.39,372.0,10,0.0,488.5,0,tripinfo_EastAveburyToWestA509.337 emissions_EastAveburyToWestA509.337,electric,1.23,0.0,0.0,0.0,0.0,0.0,0.0,0.0
EastAveburyToWestA509.307,3046.0,483_1,0.0,0.0,237.0,4026.0,774_2,29.75,11.56,980.0,2237.39,664.0,18,0.0,800.78,0,tripinfo_EastAveburyToWestA509.307 emissions_EastAveburyToWestA509.307,electric,0.92,0.0,0.0,0.0,0.0,0.0,0.0,0.0
EastAveburyToWestA509.241,2253.0,483_1,0.0,0.0,5.0,4027.0,774_1,29.75,12.23,1774.0,2240.45,1411.0,26,0.0,1596.49,0,tripinfo_EastAveburyToWestA509.241 emissions_EastAveburyToWestA509.241,electric,0.93,0.0,0.0,0.0,0.0,0.0,0.0,0.0
WestA509ToAvebury.151,2718.0,773_0,0.0,0.0,0.0,4027.0,213_0,19.13,14.37,1309.0,2327.58,903.0,25,0.0,1152.73,0,tripinfo_WestA509ToAvebury.151 emissions_WestA509ToAvebury.151,electric,1.08,0.0,0.0,0.0,0.0,0.0,0.0,0.0
EastAveburyToWestA509.338,3404.0,483_1,0.0,0.0,331.0,4029.0,774_2,29.75,13.68,625.0,2237.39,373.0,11,0.0,463.56,0,tripinfo_EastAveburyToWestA509.338 emissions_EastAveburyToWestA509.338,gasoline_euro4,1.02,76296.021826,1709275.93799,386.94075,37.339225,745.882571,545204.001804,0.0
EastAveburyToWestA509.345,3492.0,483_1,0.0,0.0,360.0,4031.0,774_2,29.75,14.56,539.0,2237.39,308.0,7,0.0,382.51,0,tripinfo_EastAveburyToWestA509.345 emissions_EastAveburyToWestA509.345,gasoline_euro4,1.06,62882.374148,1478767.890692,320.255488,31.924145,641.243642,471677.865502,0.0
WestA509ToAvebury.158,2847.0,773_0,0.0,0.0,3.0,4033.0,213_0,19.13,14.36,1186.0,2328.43,853.0,24,0.0,1034.82,0,tripinfo_WestA509ToAvebury.158 emissions_WestA509ToAvebury.158,gasoline_euro4,1.12,164087.317587,3182407.314774,821.582738,74.431321,1424.333589,1015093.699697,0.0
EastAveburyToWestA509.342,3483.0,483_1,0.0,0.0,376.0,4035.0,774_1,29.75,12.23,552.0,2237.39,287.0,9,0.0,376.19,0,tripinfo_EastAveburyToWestA509.342 emissions_EastAveburyToWestA509.342,gasoline_euro4,0.94,61776.297319,1450361.273628,314.815628,31.100076,629.866347,462617.309709,0.0
EastAveburyToWestA509.349,3570.0,483_1,0.0,0.0,404.0,4036.0,774_2,29.75,14.49,466.0,2237.44,217.0,8,0.0,314.11,0,tripinfo_EastAveburyToWestA509.349 emissions_EastAveburyToWestA509.349,gasoline_euro4,1.09,50645.502122,1291602.600198,260.255193,27.288543,556.586339,411976.287513,0.0
EastAveburyToWestA509.346,3561.0,483_1,0.0,0.0,420.0,4038.0,774_2,29.75,14.82,477.0,2237.39,238.0,7,0.0,323.47,0,tripinfo_EastAveburyToWestA509.346 emissions_EastAveburyToWestA509.346,electric,1.09,0.0,0.0,0.0,0.0,0.0,0.0,0.0
EastAveburyToWestA509.253,2416.0,483_1,0.0,0.0,66.0,4039.0,774_0,29.75,10.48,1623.0,2244.09,1239.0,28,0.0,1425.32,0,tripinfo_EastAveburyToWestA509.253 emissions_EastAveburyToWestA509.253,electric,0.84,0.0,0.0,0.0,0.0,0.0,0.0,0.0
EastAveburyToWestA509.344,3489.0,483_1,0.0,0.0,365.0,4039.0,774_2,29.75,14.31,550.0,2237.38,309.0,8,0.0,396.37,0,tripinfo_EastAveburyToWestA509.344 emissions_EastAveburyToWestA509.344,gasoline_euro4,1.07,64940.81451,1543677.288217,331.252531,33.597276,671.877299,492380.992756,0.0
EastAveburyToWestA509.248,2308.0,483_0,0.0,0.0,0.0,4041.0,774_0,29.75,14.32,1733.0,2244.0,1400.0,33,0.0,1588.1,0,tripinfo_EastAveburyToWestA509.248 emissions_EastAveburyToWestA509.248,gasoline_euro4,1.13,259974.714424,4682999.977822,1293.068698,112.485896,2111.958259,1493746.877549,0.0
WestA509ToEastH6.78,2808.0,773_0,0.0,0.0,0.0,4050.0,522_0,56.88,13.27,1242.0,2755.17,878.0,18,0.0,1045.61,0,tripinfo_WestA509ToEastH6.78 emissions_WestA509ToEastH6.78,gasoline_euro4,1.02,167969.67721,3301205.986725,841.447302,76.116557,1468.6372,1052986.842944,0.0
WestA509ToEastH6.79,2844.0,773_0,0.0,0.0,0.0,4073.0,522_0,56.88,10.5,1229.0,2755.12,843.0,19,0.0,984.64,0,tripinfo_WestA509ToEastH6.79 emissions_WestA509ToEastH6.79,electric,0.82,0.0,0.0,0.0,0.0,0.0,0.0,0.0
WestH6ToSaxonSt.208,2496.0,524_0,0.0,0.0,0.0,4097.0,771_1,56.88,11.88,1601.0,2555.04,1184.0,28,0.0,1391.83,0,tripinfo_WestH6ToSaxonSt.208 emissions_WestH6ToSaxonSt.208,electric,0.89,0.0,0.0,0.0,0.0,0.0,0.0,0.0
WestH6ToSaxonSt.209,2508.0,524_0,0.0,0.0,0.0,4100.0,771_1,56.88,11.59,1592.0,2555.05,1175.0,26,0.0,1376.95,0,tripinfo_WestH6ToSaxonSt.209 emissions_WestH6ToSaxonSt.209,electric,0.87,0.0,0.0,0.0,0.0,0.0,0.0,0.0
EastAveburyToWestA509.343,3486.0,483_1,0.0,0.0,371.0,4100.0,774_2,29.75,16.3,614.0,2237.45,368.0,11,0.0,475.71,0,tripinfo_EastAveburyToWestA509.343 emissions_EastAveburyToWestA509.343,gasoline_euro4,1.19,75626.154244,1710817.994432,383.742204,37.826389,747.525771,545694.896426,0.0
WestH6ToSaxonSt.210,2520.0,524_0,0.0,0.0,0.0,4108.0,771_0,56.88,14.29,1588.0,2555.04,1194.0,28,0.0,1413.97,0,tripinfo_WestH6ToSaxonSt.210 emissions_WestH6ToSaxonSt.210,electric,1.07,0.0,0.0,0.0,0.0,0.0,0.0,0.0
WestA509ToAvebury.155,2790.0,773_0,0.0,0.0,0.0,4108.0,213_0,19.13,13.68,1318.0,2327.58,980.0,21,0.0,1156.52,0,tripinfo_WestA509ToAvebury.155 emissions_WestA509ToAvebury.155,gasoline_euro4,1.05,185472.392599,3498734.883747,926.008229,82.03309,1565.992997,1115995.875736,0.0
WestH6ToSaxonSt.207,2484.0,524_0,0.0,0.0,0.0,4109.0,771_1,56.88,10.26,1625.0,2555.03,1186.0,27,0.0,1383.81,0,tripinfo_WestH6ToSaxonSt.207 emissions_WestH6ToSaxonSt.207,gasoline_euro4,0.77,224639.123063,4090965.974039,1118.536266,95.703028,1832.727301,1304905.664302,0.0
WestA509ToAvebury.146,2628.0,773_0,0.0,0.0,0.0,4110.0,213_0,19.13,12.11,1482.0,2327.58,1112.0,27,0.0,1300.45,0,tripinfo_WestA509ToAvebury.146 emissions_WestA509ToAvebury.146,gasoline_euro4,0.93,209772.885869,3838555.245761,1044.618467,90.468619,1721.593954,1224392.305718,0.0
WestA509ToAvebury.163,2934.0,773_0,0.0,0.0,0.0,4118.0,213_0,19.13,14.16,1184.0,2327.58,831.0,24,0.0,1025.09,0,tripinfo_WestA509ToAvebury.163 emissions_WestA509ToAvebury.163,gasoline_euro4,1.06,162002.281028,3098383.354842,809.897825,71.845785,1383.013448,988294.664529,0.0
EastAveburyToWestA509.356,3658.0,483_1,0.0,0.0,432.0,4119.0,774_1,29.75,13.63,461.0,2241.02,215.0,7,0.0,303.03,0,tripinfo_EastAveburyToWestA509.356 emissions_EastAveburyToWestA509.356,gasoline_euro4,1.05,48881.783761,1267211.793748,251.835855,26.616405,545.638865,404196.120624,0.0
EastSilburyToEastAvebury.92,1872.0,317_0,0.0,0.0,0.0,4120.0,213_0,19.13,15.03,2248.0,1576.69,1963.0,36,0.0,2143.86,0,tripinfo_EastSilburyToEastAvebury.92 emissions_EastSilburyToEastAvebury.92,electric,1.11,0.0,0.0,0.0,0.0,0.0,0.0,0.0
EastAveburyToWestA509.354,3652.0,483_1,0.0,0.0,443.0,4122.0,774_2,29.75,13.23,470.0,2237.39,226.0,6,0.0,304.32,0,tripinfo_EastAveburyToWestA509.354 emissions_EastAveburyToWestA509.354,electric,1.0,0.0,0.0,0.0,0.0,0.0,0.0,0.0
EastAveburyToWestA509.340,3477.0,483_1,0.0,0.0,387.0,4124.0,774_2,29.75,15.79,647.0,2237.44,378.0,13,0.0,503.83,0,tripinfo_EastAveburyToWestA509.340 emissions_EastAveburyToWestA509.340,gasoline_euro4,1.16,79831.874394,1793944.683419,405.152786,39.772706,787.238292,572209.742721,0.0
EastAveburyToWestA509.278,2691.0,483_1,0.0,0.0,128.0,4126.0,774_0,29.75,14.51,1435.0,2221.18,1073.0,26,0.0,1289.93,0,tripinfo_EastAveburyToWestA509.278 emissions_EastAveburyToWestA509.278,electric,1.12,0.0,0.0,0.0,0.0,0.0,0.0,0.0
EastAveburyToWestA509.353,3649.0,483_1,0.0,0.0,449.0,4126.0,774_2,29.75,14.06,477.0,2237.44,231.0,11,0.0,313.47,0,tripinfo_EastAveburyToWestA509.353 emissions_EastAveburyToWestA509.353,electric,1.01,0.0,0.0,0.0,0.0,0.0,0.0,0.0
EastAveburyToWestA509.276,2684.0,483_1,0.0,0.0,138.0,4127.0,774_0,29.75,10.29,1443.0,2240.45,1053.0,23,0.0,1227.56,0,tripinfo_EastAveburyToWestA509.276 emissions_EastAveburyToWestA509.276,electric,0.77,0.0,0.0,0.0,0.0,0.0,0.0,0.0
EastAveburyToWestA509.339,3473.0,483_1,0.0,0.0,392.0,4127.0,774_2,29.75,14.53,654.0,2237.39,390.0,10,0.0,506.43,0,tripinfo_EastAveburyToWestA509.339 emissions_EastAveburyToWestA509.339,electric,1.12,0.0,0.0,0.0,0.0,0.0,0.0,0.0
EastAveburyToWestA509.348,3567.0,483_1,0.0,0.0,409.0,4128.0,774_1,29.75,13.9,561.0,2241.02,297.0,14,0.0,397.46,0,tripinfo_EastAveburyToWestA509.348 emissions_EastAveburyToWestA509.348,gasoline_euro4,1.01,65240.790218,1531384.454218,332.4923,33.274642,667.302046,488460.543952,0.0
EastAveburyToWestA509.355,3655.0,483_1,0.0,0.0,438.0,4133.0,774_1,29.75,12.87,478.0,2237.44,215.0,13,0.0,302.21,0,tripinfo_EastAveburyToWestA509.355 emissions_EastAveburyToWestA509.355,electric,0.94,0.0,0.0,0.0,0.0,0.0,0.0,0.0
EastAveburyToWestA509.357,3661.0,483_1,0.0,0.0,427.0,4135.0,774_1,29.75,13.34,474.0,2241.02,211.0,7,0.0,310.91,0,tripinfo_EastAveburyToWestA509.357 emissions_EastAveburyToWestA509.357,gasoline_euro4,1.02,50182.649629,1315218.894173,259.197786,27.888552,569.623718,419507.979188,0.0
EastAveburyToWestA509.314,3134.0,483_1,0.0,0.0,265.0,4136.0,774_1,29.75,12.21,1002.0,2240.45,661.0,19,0.0,820.39,0,tripinfo_EastAveburyToWestA509.314 emissions_EastAveburyToWestA509.314,gasoline_euro4,0.91,132478.249967,2581998.724472,663.313061,59.030705,1146.485435,823582.32952,0.0
WestA509ToEastH6.80,2883.0,773_0,0.0,0.0,3.0,4137.0,522_0,56.88,13.72,1254.0,2755.17,894.0,20,0.0,1061.94,0,tripinfo_WestA509ToEastH6.80 emissions_WestA509ToEastH6.80,gasoline_euro4,1.03,170647.500538,3339112.666522,854.955703,77.326389,1488.099119,1065078.083244,0.0
EastAveburyToWestA509.321,3222.0,483_1,0.0,0.0,294.0,4140.0,774_1,29.75,11.58,918.0,2240.45,586.0,20,0.0,729.88,0,tripinfo_EastAveburyToWestA509.321 emissions_EastAveburyToWestA509.321,gasoline_euro4,0.88,118306.055347,2346992.737112,593.396429,53.04925,1038.327731,748621.621662,0.0
EastAveburyToWestA509.292,2868.0,483_1,0.0,0.0,186.0,4143.0,774_1,29.75,11.05,1275.0,2217.5,924.0,19,0.0,1087.04,0,tripinfo_EastAveburyToWestA509.292 emissions_EastAveburyToWestA509.292,gasoline_euro4,0.86,175776.968541,3259267.388234,876.47277,75.773557,1455.643656,1039615.29733,0.0
WestA509ToEastH6.82,2952.0,773_0,0.0,0.0,0.0,4150.0,522_0,56.88,11.95,1198.0,2755.17,816.0,20,0.0,984.36,0,tripinfo_WestA509ToEastH6.82 emissions_WestA509ToEastH6.82,electric,0.94,0.0,0.0,0.0,0.0,0.0,0.0,0.0
WestA509ToEastH6.81,2919.0,773_0,0.0,0.0,3.0,4151.0,522_1,56.88,12.82,1232.0,2749.98,845.0,21,0.0,1026.53,0,tripinfo_WestA509ToEastH6.81 emissions_WestA509ToEastH6.81,electric,0.97,0.0,0.0,0.0,0.0,0.0,0.0,0.0
WestH6ToSaxonSt.212,2544.0,524_0,0.0,0.0,0.0,4179.0,771_1,56.88,13.91,1635.0,2555.04,1248.0,29,0.0,1452.56,0,tripinfo_WestH6ToSaxonSt.212 emissions_WestH6ToSaxonSt.212,gasoline_euro4,1.02,234251.154867,4286116.732776,1166.199716,101.162313,1921.464749,1367151.854888,0.0
WestH6ToSaxonSt.214,2568.0,524_0,0.0,0.0,0.0,4181.0,771_1,56.88,14.49,1613.0,2555.04,1239.0,28,0.0,1435.99,0,tripinfo_WestH6ToSaxonSt.214 emissions_WestH6ToSaxonSt.214,electric,1.05,0.0,0.0,0.0,0.0,0.0,0.0,0.0
WestH6ToSaxonSt.211,2532.0,524_0,0.0,0.0,0.0,4187.0,771_1,56.88,11.65,1655.0,2555.03,1252.0,28,0.0,1454.72,0,tripinfo_WestH6ToSaxonSt.211 emissions_WestH6ToSaxonSt.211,electric,0.93,0.0,0.0,0.0,0.0,0.0,0.0,0.0
WestH6ToSaxonSt.213,2556.0,524_0,0.0,0.0,0.0,4189.0,771_1,56.88,12.84,1633.0,2555.03,1234.0,29,0.0,1438.16,0,tripinfo_WestH6ToSaxonSt.213 emissions_WestH6ToSaxonSt.213,electric,0.96,0.0,0.0,0.0,0.0,0.0,0.0,0.0
WestH6ToSaxonSt.215,2580.0,524_0,0.0,0.0,0.0,4191.0,771_1,56.88,12.7,1611.0,2555.02,1221.0,27,0.0,1424.94,0,tripinfo_WestH6ToSaxonSt.215 emissions_WestH6ToSaxonSt.215,gasoline_euro4,1.0,230838.666693,4262381.023615,1150.531632,100.746435,1913.371922,1359579.264654,0.0
WestH6ToSaxonSt.216,2592.0,524_0,0.0,0.0,0.0,4192.0,771_1,56.88,14.57,1600.0,2555.04,1225.0,27,0.0,1435.4,0,tripinfo_WestH6ToSaxonSt.216 emissions_WestH6ToSaxonSt.216,electric,1.13,0.0,0.0,0.0,0.0,0.0,0.0,0.0
WestH6ToSaxonSt.217,2604.0,524_0,0.0,0.0,0.0,4194.0,771_1,56.88,13.28,1590.0,2555.04,1201.0,27,0.0,1412.57,0,tripinfo_WestH6ToSaxonSt.217 emissions_WestH6ToSaxonSt.217,gasoline_euro4,1.05,228100.022922,4226738.391042,1136.982477,99.552751,1893.936714,1348210.185828,0.0
WestA509ToAvebury.160,2880.0,773_0,0.0,0.0,0.0,4197.0,213_0,19.13,15.6,1317.0,2327.58,1002.0,20,0.0,1176.61,0,tripinfo_WestA509ToAvebury.160 emissions_WestA509ToAvebury.160,gasoline_euro4,1.21,187402.078693,3530347.199645,935.512733,83.129336,1581.55695,1126079.111319,0.0
WestA509ToAvebury.122,2196.0,773_0,0.0,0.0,0.0,4201.0,213_0,19.13,12.37,2005.0,2328.43,1638.0,32,0.0,1820.12,0,tripinfo_WestA509ToAvebury.122 emissions_WestA509ToAvebury.122,gasoline_euro4,0.91,297018.268653,5226332.07029,1474.572834,125.133531,2356.842926,1667059.544078,0.0
EastAveburyToWestA509.347,3564.0,483_1,0.0,0.0,415.0,4201.0,774_1,29.75,14.27,637.0,2244.08,372.0,11,0.0,475.88,0,tripinfo_EastAveburyToWestA509.347 emissions_EastAveburyToWestA509.347,gasoline_euro4,1.03,77907.267489,1744764.335724,395.027815,38.311316,762.21956,556523.462439,0.0
EastAveburyToWestA509.336,3398.0,483_1,0.0,0.0,342.0,4205.0,774_2,29.75,11.07,807.0,2240.45,503.0,15,0.0,618.27,0,tripinfo_EastAveburyToWestA509.336 emissions_EastAveburyToWestA509.336,gasoline_euro4,0.88,101297.350272,2076393.221591,509.623666,46.187154,913.367895,662307.086029,0.0
EastAveburyToWestA509.352,3579.0,483_1,0.0,0.0,387.0,4205.0,774_1,29.75,13.98,626.0,2244.08,368.0,10,0.0,465.19,0,tripinfo_EastAveburyToWestA509.352 emissions_EastAveburyToWestA509.352,electric,1.03,0.0,0.0,0.0,0.0,0.0,0.0,0.0
EastAveburyToWestA509.341,3480.0,483_1,0.0,0.0,382.0,4207.0,774_1,29.75,11.44,727.0,2240.5,426.0,13,0.0,539.15,0,tripinfo_EastAveburyToWestA509.341 emissions_EastAveburyToWestA509.341,electric,0.88,0.0,0.0,0.0,0.0,0.0,0.0,0.0
EastAveburyToWestA509.350,3573.0,483_1,0.0,0.0,398.0,4207.0,774_2,29.75,15.56,634.0,2240.45,377.0,10,0.0,487.17,0,tripinfo_EastAveburyToWestA509.350 emissions_EastAveburyToWestA509.350,gasoline_euro4,1.12,77709.328812,1746156.129497,394.374121,38.597474,764.854239,556966.932195,0.0
EastAveburyToWestA509.362,3743.0,483_1,0.0,0.0,466.0,4209.0,774_2,29.75,14.57,466.0,2237.61,214.0,5,0.0,316.41,0,tripinfo_EastAveburyToWestA509.362 emissions_EastAveburyToWestA509.362,electric,1.09,0.0,0.0,0.0,0.0,0.0,0.0,0.0
EastAveburyToWestA509.358,3664.0,483_1,0.0,0.0,421.0,4210.0,774_1,29.75,12.27,546.0,2240.45,289.0,7,0.0,366.99,0,tripinfo_EastAveburyToWestA509.358 emissions_EastAveburyToWestA509.358,gasoline_euro4,0.93,61139.404398,1437976.510955,311.382223,30.394853,620.870287,458667.450721,0.0
EastAveburyToWestA509.360,3737.0,483_1,0.0,0.0,477.0,4212.0,774_2,29.75,13.5,475.0,2237.39,223.0,6,0.0,315.66,0,tripinfo_EastAveburyToWestA509.360 emissions_EastAveburyToWestA509.360,electric,1.04,0.0,0.0,0.0,0.0,0.0,0.0,0.0
EastAveburyToWestA509.361,3740.0,483_1,0.0,0.0,472.0,4213.0,774_2,29.75,14.85,473.0,2237.67,217.0,5,0.0,325.23,0,tripinfo_EastAveburyToWestA509.361 emissions_EastAveburyToWestA509.361,electric,1.11,0.0,0.0,0.0,0.0,0.0,0.0,0.0
EastAveburyToWestA509.364,3749.0,483_1,0.0,0.0,455.0,4216.0,774_1,29.75,14.27,467.0,2241.25,207.0,5,0.0,310.32,0,tripinfo_EastAveburyToWestA509.364 emissions_EastAveburyToWestA509.364,electric,1.05,0.0,0.0,0.0,0.0,0.0,0.0,0.0
EastAveburyToWestA509.363,3746.0,483_1,0.0,0.0,461.0,4219.0,774_2,29.75,13.21,473.0,2240.45,206.0,5,0.0,314.66,0,tripinfo_EastAveburyToWestA509.363 emissions_EastAveburyToWestA509.363,electric,1.04,0.0,0.0,0.0,0.0,0.0,0.0,0.0
EastAveburyToWestA509.351,3576.0,483_1,0.0,0.0,393.0,4221.0,774_1,29.75,11.06,645.0,2243.6,344.0,8,0.0,443.55,0,tripinfo_EastAveburyToWestA509.351 emissions_EastAveburyToWestA509.351,gasoline_euro4,0.82,73672.403671,1628267.891048,373.400426,34.949909,708.630661,519366.308658,0.0
EastAveburyToWestA509.359,3667.0,483_1,0.0,0.0,416.0,4225.0,774_0,29.75,10.33,558.0,2237.39,288.0,6,0.0,348.24,0,tripinfo_EastAveburyToWestA509.359 emissions_EastAveburyToWestA509.359,electric,0.79,0.0,0.0,0.0,0.0,0.0,0.0,0.0
EastA509ToH6.167,3006.0,770_0,0.0,0.0,0.0,4230.0,522_0,56.88,12.62,1224.0,1483.64,1012.0,18,0.0,1107.95,0,tripinfo_EastA509ToH6.167 emissions_EastA509ToH6.167,electric,0.93,0.0,0.0,0.0,0.0,0.0,0.0,0.0
EastA509ToH6.169,3042.0,770_0,0.0,0.0,0.0,4230.0,522_1,56.88,12.94,1188.0,1483.69,974.0,17,0.0,1082.29,0,tripinfo_EastA509ToH6.169 emissions_EastA509ToH6.169,electric,1.01,0.0,0.0,0.0,0.0,0.0,0.0,0.0
WestA509ToEastH6.83,2991.0,773_0,0.0,0.0,3.0,4236.0,522_0,56.88,14.68,1245.0,2755.17,872.0,17,0.0,1061.0,0,tripinfo_WestA509ToEastH6.83 emissions_WestA509ToEastH6.83,electric,1.09,0.0,0.0,0.0,0.0,0.0,0.0,0.0
WestA509ToEastH6.84,3024.0,773_0,0.0,0.0,0.0,4238.0,522_0,56.88,13.95,1214.0,2755.17,841.0,16,0.0,1028.15,0,tripinfo_WestA509ToEastH6.84 emissions_WestA509ToEastH6.84,electric,1.08,0.0,0.0,0.0,0.0,0.0,0.0,0.0
WestA509ToEastH6.85,3060.0,773_0,0.0,0.0,0.0,4247.0,522_0,56.88,12.17,1187.0,2755.17,815.0,15,0.0,961.02,0,tripinfo_WestA509ToEastH6.85 emissions_WestA509ToEastH6.85,gasoline_euro4,0.89,155926.878548,3067027.0588,781.541566,69.933446,1360.644721,978291.55473,0.0
WestH6ToSaxonSt.218,2616.0,524_0,0.0,0.0,0.0,4263.0,771_1,56.88,14.69,1647.0,2555.05,1260.0,29,0.0,1482.32,0,tripinfo_WestH6ToSaxonSt.218 emissions_WestH6ToSaxonSt.218,gasoline_euro4,1.13,238268.54136,4393137.845866,1186.983809,103.99738,1970.213096,1401287.094999,0.0
WestH6ToSaxonSt.219,2628.0,524_0,0.0,0.0,0.0,4269.0,771_1,56.88,12.86,1641.0,2555.04,1239.0,29,0.0,1457.56,0,tripinfo_WestH6ToSaxonSt.219 emissions_WestH6ToSaxonSt.219,electric,1.01,0.0,0.0,0.0,0.0,0.0,0.0,0.0
WestH6ToSaxonSt.221,2652.0,524_0,0.0,0.0,0.0,4271.0,771_1,56.88,14.54,1619.0,2555.04,1217.0,31,0.0,1442.01,0,tripinfo_WestH6ToSaxonSt.221 emissions_WestH6ToSaxonSt.221,gasoline_euro4,1.05,231340.812199,4249846.292201,1152.216481,100.501801,1906.340206,1355581.783915,0.0
WestH6ToSaxonSt.220,2640.0,524_0,0.0,0.0,0.0,4275.0,771_1,56.88,13.05,1635.0,2555.03,1229.0,30,0.0,1445.49,0,tripinfo_WestH6ToSaxonSt.220 emissions_WestH6ToSaxonSt.220,electric,0.98,0.0,0.0,0.0,0.0,0.0,0.0,0.0
WestH6ToSaxonSt.224,2688.0,524_0,0.0,0.0,0.0,4276.0,771_1,56.88,16.28,1588.0,2555.04,1156.0,30,0.0,1437.48,0,tripinfo_WestH6ToSaxonSt.224 emissions_WestH6ToSaxonSt.224,electric,1.24,0.0,0.0,0.0,0.0,0.0,0.0,0.0
WestA509ToAvebury.98,1767.0,773_0,0.0,0.0,3.0,4281.0,213_0,19.13,13.84,2514.0,2323.29,2137.0,34,0.0,2346.88,0,tripinfo_WestA509ToAvebury.98 emissions_WestA509ToAvebury.98,gasoline_euro4,1.01,383238.142123,6611610.064549,1899.394847,160.204599,2992.894236,2108928.601589,0.0
WestA509ToAvebury.165,2970.0,773_0,0.0,0.0,0.0,4283.0,213_0,19.13,15.34,1313.0,2327.58,990.0,22,0.0,1159.95,0,tripinfo_WestA509ToAvebury.165 emissions_WestA509ToAvebury.165,gasoline_euro4,1.11,186948.768631,3534824.393936,933.670156,83.371377,1586.104103,1127506.491481,0.0
WestA509ToAvebury.167,3006.0,773_0,0.0,0.0,0.0,4286.0,213_0,19.13,12.5,1280.0,2327.58,954.0,23,0.0,1103.29,0,tripinfo_WestA509ToAvebury.167 emissions_WestA509ToAvebury.167,gasoline_euro4,0.96,179084.345954,3393623.299754,894.477953,79.215368,1517.395233,1082468.176058,0.0
WestH6ToSaxonSt.222,2664.0,524_0,0.0,0.0,0.0,4287.0,771_1,56.88,11.5,1623.0,2555.04,1186.0,30,0.0,1401.68,0,tripinfo_WestH6ToSaxonSt.222 emissions_WestH6ToSaxonSt.222,electric,0.84,0.0,0.0,0.0,0.0,0.0,0.0,0.0
EastAveburyToWestA509.368,3823.0,483_1,0.0,0.0,495.0,4287.0,774_1,29.75,14.7,464.0,2241.24,235.0,7,0.0,313.11,0,tripinfo_EastAveburyToWestA509.368 emissions_EastAveburyToWestA509.368,electric,1.08,0.0,0.0,0.0,0.0,0.0,0.0,0.0
WestA509ToAvebury.103,1854.0,773_0,0.0,0.0,0.0,4288.0,213_0,19.13,15.19,2434.0,2288.81,2138.0,29,0.0,2283.9,0,tripinfo_WestA509ToAvebury.103 emissions_WestA509ToAvebury.103,electric,1.11,0.0,0.0,0.0,0.0,0.0,0.0,0.0
EastAveburyToWestA509.367,3758.0,483_1,0.0,0.0,439.0,4290.0,774_1,29.75,15.9,532.0,2240.45,308.0,6,0.0,390.63,0,tripinfo_EastAveburyToWestA509.367 emissions_EastAveburyToWestA509.367,gasoline_euro4,1.18,62869.761558,1509867.252192,321.00875,32.582357,654.391215,481596.685557,0.0
EastAveburyToWestA509.365,3752.0,483_1,0.0,0.0,450.0,4293.0,774_1,29.75,11.86,541.0,2238.91,287.0,5,0.0,354.47,0,tripinfo_EastAveburyToWestA509.365 emissions_EastAveburyToWestA509.365,electric,0.88,0.0,0.0,0.0,0.0,0.0,0.0,0.0
EastAveburyToWestA509.366,3755.0,483_1,0.0,0.0,444.0,4294.0,774_2,29.75,13.27,539.0,2237.39,285.0,5,0.0,376.03,0,tripinfo_EastAveburyToWestA509.366 emissions_EastAveburyToWestA509.366,electric,1.02,0.0,0.0,0.0,0.0,0.0,0.0,0.0
EastAveburyToWestA509.371,3834.0,483_1,0.0,0.0,481.0,4295.0,774_2,29.75,14.54,461.0,2237.61,220.0,6,0.0,307.28,0,tripinfo_EastAveburyToWestA509.371 emissions_EastAveburyToWestA509.371,gasoline_euro4,1.07,48363.843244,1250307.051634,249.198174,26.069986,537.90658,398804.384669,0.0
WestA509ToAvebury.170,3063.0,773_0,0.0,0.0,3.0,4297.0,213_0,19.13,12.61,1234.0,2327.58,904.0,24,0.0,1059.24,0,tripinfo_WestA509ToAvebury.170 emissions_WestA509ToAvebury.170,gasoline_euro4,0.97,171604.009558,3290196.677235,858.302899,76.671654,1471.286208,1049476.888276,0.0
EastAveburyToWestA509.369,3828.0,483_1,0.0,0.0,492.0,4298.0,774_1,29.75,12.47,470.0,2243.6,222.0,6,0.0,299.42,0,tripinfo_EastAveburyToWestA509.369 emissions_EastAveburyToWestA509.369,electric,0.97,0.0,0.0,0.0,0.0,0.0,0.0,0.0
WestH6ToSaxonSt.223,2676.0,524_0,0.0,0.0,0.0,4300.0,771_0,56.88,9.4,1624.0,2555.03,1146.0,30,0.0,1362.39,0,tripinfo_WestH6ToSaxonSt.223 emissions_WestH6ToSaxonSt.223,electric,0.71,0.0,0.0,0.0,0.0,0.0,0.0,0.0
EastAveburyToWestA509.375,3911.0,483_1,0.0,0.0,524.0,4300.0,774_1,29.75,12.51,389.0,2237.87,163.0,5,0.0,220.82,0,tripinfo_EastAveburyToWestA509.375 emissions_EastAveburyToWestA509.375,electric,0.99,0.0,0.0,0.0,0.0,0.0,0.0,0.0
EastAveburyToWestA509.374,3843.0,483_1,0.0,0.0,464.0,4301.0,774_2,29.75,15.36,458.0,2237.39,210.0,5,0.0,308.85,0,tripinfo_EastAveburyToWestA509.374 emissions_EastAveburyToWestA509.374,electric,1.11,0.0,0.0,0.0,0.0,0.0,0.0,0.0
EastAveburyToWestA509.372,3836.0,483_1,0.0,0.0,474.0,4303.0,774_1,29.75,11.37,467.0,2240.45,215.0,5,0.0,274.49,0,tripinfo_EastAveburyToWestA509.372 emissions_EastAveburyToWestA509.372,electric,0.86,0.0,0.0,0.0,0.0,0.0,0.0,0.0
EastAveburyToWestA509.379,3924.0,483_1,0.0,0.0,503.0,4304.0,774_2,29.75,13.01,380.0,2237.61,147.0,4,0.0,219.22,0,tripinfo_EastAveburyToWestA509.379 emissions_EastAveburyToWestA509.379,electric,1.02,0.0,0.0,0.0,0.0,0.0,0.0,0.0
EastAveburyToWestA509.378,3920.0,483_1,0.0,0.0,507.0,4305.0,774_1,29.75,14.07,385.0,2238.23,154.0,4,0.0,230.81,0,tripinfo_EastAveburyToWestA509.378 emissions_EastAveburyToWestA509.378,gasoline_euro4,1.06,37363.587323,1082130.453547,194.935256,21.904877,459.624723,345159.859085,0.0
EastAveburyToWestA509.373,3840.0,483_1,0.0,0.0,470.0,4308.0,774_2,29.75,11.86,468.0,2240.46,209.0,5,0.0,287.67,0,tripinfo_EastAveburyToWestA509.373 emissions_EastAveburyToWestA509.373,gasoline_euro4,0.92,47217.916852,1217633.976744,243.279274,24.948603,521.378981,388383.388155,0.0
EastAveburyToWestA509.370,3831.0,483_1,0.0,0.0,486.0,4309.0,774_0,29.75,10.61,478.0,2244.09,208.0,6,0.0,278.6,0,tripinfo_EastAveburyToWestA509.370 emissions_EastAveburyToWestA509.370,gasoline_euro4,0.83,47481.421668,1217229.062917,244.506388,24.6821,520.036844,388254.685913,0.0
EastA509ToH6.170,3060.0,770_0,0.0,0.0,0.0,4325.0,522_0,56.88,13.41,1265.0,1483.69,1045.0,16,0.0,1161.85,0,tripinfo_EastA509ToH6.170 emissions_EastA509ToH6.170,gasoline_euro4,1.04,189362.690794,3373763.380378,941.164249,81.264003,1524.800175,1076137.778369,0.0
WestA509ToEastH6.86,3096.0,773_0,0.0,0.0,0.0,4340.0,522_0,56.88,10.21,1244.0,2755.17,846.0,16,0.0,981.31,0,tripinfo_WestA509ToEastH6.86 emissions_WestA509ToEastH6.86,electric,0.76,0.0,0.0,0.0,0.0,0.0,0.0,0.0
WestH6ToSaxonSt.226,2712.0,524_0,0.0,0.0,0.0,4352.0,771_1,56.88,15.31,1640.0,2555.04,1228.0,29,0.0,1471.59,0,tripinfo_WestH6ToSaxonSt.226 emissions_WestH6ToSaxonSt.226,gasoline_euro4,1.11,234663.738981,4324189.455879,1168.999336,102.103958,1938.516466,1379294.853899,0.0
WestH6ToSaxonSt.227,2724.0,524_0,0.0,0.0,0.0,4355.0,771_1,56.88,15.55,1631.0,2555.04,1216.0,31,0.0,1464.87,0,tripinfo_WestH6ToSaxonSt.227 emissions_WestH6ToSaxonSt.227,electric,1.12,0.0,0.0,0.0,0.0,0.0,0.0,0.0
WestH6ToSaxonSt.230,2760.0,524_0,0.0,0.0,0.0,4363.0,771_1,56.88,12.76,1603.0,2555.03,1172.0,32,0.0,1406.46,0,tripinfo_WestH6ToSaxonSt.230 emissions_WestH6ToSaxonSt.230,gasoline_euro4,0.95,226208.802953,4162601.59023,1126.926246,97.835518,1864.937444,1327753.570995,0.0
WestH6ToSaxonSt.229,2748.0,524_0,0.0,0.0,0.0,4365.0,771_1,56.88,13.07,1617.0,2555.0,1185.0,32,0.0,1426.36,0,tripinfo_WestH6ToSaxonSt.229 emissions_WestH6ToSaxonSt.229,electric,0.98,0.0,0.0,0.0,0.0,0.0,0.0,0.0
WestH6ToSaxonSt.232,2784.0,524_0,0.0,0.0,0.0,4366.0,771_1,56.88,14.21,1582.0,2555.02,1126.0,30,0.0,1408.95,0,tripinfo_WestH6ToSaxonSt.232 emissions_WestH6ToSaxonSt.232,gasoline_euro4,1.08,222042.195036,4103052.445472,1106.851008,96.895643,1841.25787,1308757.932904,0.0
EastAveburyToWestA509.383,4000.0,483_1,0.0,0.0,545.0,4369.0,774_2,29.75,14.62,369.0,2237.66,155.0,5,0.0,216.98,0,tripinfo_EastAveburyToWestA509.383 emissions_EastAveburyToWestA509.383,electric,1.08,0.0,0.0,0.0,0.0,0.0,0.0,0.0
WestA509ToAvebury.111,1998.0,773_0,0.0,0.0,0.0,4370.0,213_0,19.13,10.97,2372.0,2323.29,1987.0,31,0.0,2177.2,0,tripinfo_WestA509ToAvebury.111 emissions_WestA509ToAvebury.111,gasoline_euro4,0.87,354687.788454,6118601.381629,1758.341417,147.732853,2768.291564,1951672.461791,0.0
EastAveburyToWestA509.380,3927.0,483_1,0.0,0.0,497.0,4370.0,774_2,29.75,14.7,443.0,2237.39,208.0,8,0.0,294.77,0,tripinfo_EastAveburyToWestA509.380 emissions_EastAveburyToWestA509.380,electric,1.11,0.0,0.0,0.0,0.0,0.0,0.0,0.0
WestA509ToAvebury.159,2862.0,773_0,0.0,0.0,0.0,4372.0,213_0,19.13,13.18,1510.0,2327.58,1130.0,24,0.0,1337.56,0,tripinfo_WestA509ToAvebury.159 emissions_WestA509ToAvebury.159,gasoline_euro4,0.98,214102.285424,3935037.315653,1066.584487,92.824071,1765.646317,1255166.659924,0.0
WestH6ToSaxonSt.225,2700.0,524_0,0.0,0.0,0.0,4373.0,771_1,56.88,11.94,1673.0,2555.06,1229.0,28,0.0,1458.33,0,tripinfo_WestH6ToSaxonSt.225 emissions_WestH6ToSaxonSt.225,gasoline_euro4,0.87,235796.020797,4297740.987873,1174.155363,100.882094,1926.258647,1370860.799574,0.0
EastSilburyToEastAvebury.79,1664.0,317_0,0.0,0.0,0.0,4374.0,213_0,19.13,14.27,2710.0,680.89,2473.0,31,0.0,2662.54,0,tripinfo_EastSilburyToEastAvebury.79 emissions_EastSilburyToEastAvebury.79,electric,1.07,0.0,0.0,0.0,0.0,0.0,0.0,0.0
WestH6ToSaxonSt.228,2736.0,524_0,0.0,0.0,0.0,4375.0,771_1,56.88,12.6,1639.0,2555.04,1192.0,31,0.0,1440.79,0,tripinfo_WestH6ToSaxonSt.228 emissions_WestH6ToSaxonSt.228,gasoline_euro4,0.94,231861.190859,4264500.995217,1155.283524,100.524261,1913.726091,1360256.316263,0.0
EastAveburyToWestA509.377,3918.0,483_1,0.0,0.0,514.0,4375.0,774_2,29.75,13.48,457.0,2237.39,228.0,10,0.0,294.9,0,tripinfo_EastAveburyToWestA509.377 emissions_EastAveburyToWestA509.377,electric,1.02,0.0,0.0,0.0,0.0,0.0,0.0,0.0
WestA509ToAvebury.171,3078.0,773_0,0.0,0.0,0.0,4377.0,213_0,19.13,12.25,1299.0,2327.58,970.0,25,0.0,1119.57,0,tripinfo_WestA509ToAvebury.171 emissions_WestA509ToAvebury.171,gasoline_euro4,0.94,181409.150168,3438656.543241,906.357283,80.372659,1538.932022,1096832.317575,0.0
EastAveburyToWestA509.376,3914.0,483_1,0.0,0.0,518.0,4377.0,774_0,29.75,12.28,463.0,2241.02,241.0,8,0.0,291.48,0,tripinfo_EastAveburyToWestA509.376 emissions_EastAveburyToWestA509.376,electric,0.97,0.0,0.0,0.0,0.0,0.0,0.0,0.0
EastAveburyToWestA509.381,3930.0,483_1,0.0,0.0,492.0,4378.0,774_1,29.75,13.23,448.0,2241.02,203.0,6,0.0,285.14,0,tripinfo_EastAveburyToWestA509.381 emissions_EastAveburyToWestA509.381,gasoline_euro4,1.01,47069.650279,1251642.335538,243.039248,25.992533,536.544139,399229.595708,0.0
EastAveburyToWestA509.382,3933.0,483_1,0.0,0.0,486.0,4380.0,774_2,29.75,13.25,447.0,2240.45,208.0,7,0.0,277.45,0,tripinfo_EastAveburyToWestA509.382 emissions_EastAveburyToWestA509.382,electric,0.98,0.0,0.0,0.0,0.0,0.0,0.0,0.0
EastAveburyToWestA509.384,4003.0,483_1,0.0,0.0,539.0,4381.0,774_2,29.75,13.72,378.0,2237.62,142.0,5,0.0,219.5,0,tripinfo_EastAveburyToWestA509.384 emissions_EastAveburyToWestA509.384,gasoline_euro4,1.03,35549.157841,1048480.467892,185.764805,20.952573,443.219307,334426.65594,0.0
EastAveburyToWestA509.385,4007.0,483_1,0.0,0.0,535.0,4394.0,774_0,29.75,10.06,387.0,2240.45,128.0,2,0.0,181.16,0,tripinfo_EastAveburyToWestA509.385 emissions_EastAveburyToWestA509.385,gasoline_euro4,0.81,32029.787519,949428.47157,167.805885,17.820864,396.159369,302833.871419,0.0
WestA509ToEastH6.87,3135.0,773_0,0.0,0.0,3.0,4411.0,522_0,56.88,14.88,1276.0,2755.17,906.0,19,0.0,1098.11,0,tripinfo_WestA509ToEastH6.87 emissions_WestA509ToEastH6.87,gasoline_euro4,1.13,176280.422729,3479945.813714,883.244901,80.646091,1550.520667,1109998.507705,0.0
WestA509ToEastH6.88,3168.0,773_0,0.0,0.0,0.0,4414.0,522_0,56.88,15.45,1246.0,2755.17,882.0,18,0.0,1070.02,0,tripinfo_WestA509ToEastH6.88 emissions_WestA509ToEastH6.88,gasoline_euro4,1.13,171374.964513,3381003.886973,859.264695,78.441253,1507.100874,1078439.091244,0.0
WestH6ToSaxonSt.231,2772.0,524_0,0.0,0.0,0.0,4444.0,771_1,56.88,13.41,1672.0,2555.04,1218.0,32,0.0,1485.6,0,tripinfo_WestH6ToSaxonSt.231 emissions_WestH6ToSaxonSt.231,electric,1.0,0.0,0.0,0.0,0.0,0.0,0.0,0.0
WestH6ToSaxonSt.234,2808.0,524_0,0.0,0.0,0.0,4445.0,771_1,56.88,14.48,1637.0,2555.04,1174.0,31,0.0,1464.48,0,tripinfo_WestH6ToSaxonSt.234 emissions_WestH6ToSaxonSt.234,electric,1.08,0.0,0.0,0.0,0.0,0.0,0.0,0.0
WestH6ToSaxonSt.236,2832.0,524_0,0.0,0.0,0.0,4447.0,771_1,56.88,14.11,1615.0,2555.04,1179.0,31,0.0,1439.45,0,tripinfo_WestH6ToSaxonSt.236 emissions_WestH6ToSaxonSt.236,gasoline_euro4,1.06,230359.803594,4245723.098754,1147.323608,100.097495,1902.325143,1354266.409517,0.0
WestH6ToSaxonSt.237,2844.0,524_0,0.0,0.0,0.0,4449.0,771_1,56.88,14.79,1605.0,2555.04,1164.0,31,0.0,1430.06,0,tripinfo_WestH6ToSaxonSt.237 emissions_WestH6ToSaxonSt.237,electric,1.07,0.0,0.0,0.0,0.0,0.0,0.0,0.0
WestH6ToSaxonSt.238,2856.0,524_0,0.0,0.0,0.0,4451.0,771_1,56.88,14.1,1595.0,2555.04,1152.0,32,0.0,1422.82,0,tripinfo_WestH6ToSaxonSt.238 emissions_WestH6ToSaxonSt.238,electric,1.08,0.0,0.0,0.0,0.0,0.0,0.0,0.0
EastAveburyToWestA509.390,4022.0,483_1,0.0,0.0,507.0,4453.0,774_2,29.75,15.83,431.0,2237.67,224.0,5,0.0,291.48,0,tripinfo_EastAveburyToWestA509.390 emissions_EastAveburyToWestA509.390,gasoline_euro4,1.18,48371.420452,1268298.676167,249.132947,26.924514,545.414005,404542.180748,0.0
WestA509ToAvebury.174,3132.0,773_0,0.0,0.0,0.0,4457.0,213_0,19.13,13.46,1325.0,2327.58,972.0,22,0.0,1157.18,0,tripinfo_WestA509ToAvebury.174 emissions_WestA509ToAvebury.174,gasoline_euro4,1.01,185440.377389,3503930.827138,925.857765,81.94743,1567.833728,1117653.217006,0.0
WestA509ToAvebury.161,2898.0,773_0,0.0,0.0,0.0,4461.0,213_0,19.13,14.19,1563.0,2327.58,1184.0,33,0.0,1405.04,0,tripinfo_WestA509ToAvebury.161 emissions_WestA509ToAvebury.161,electric,1.07,0.0,0.0,0.0,0.0,0.0,0.0,0.0
WestH6ToSaxonSt.233,2796.0,524_0,0.0,0.0,0.0,4464.0,771_1,56.88,11.4,1668.0,2555.03,1189.0,31,0.0,1448.87,0,tripinfo_WestH6ToSaxonSt.233 emissions_WestH6ToSaxonSt.233,gasoline_euro4,0.85,233093.270202,4250662.506902,1160.833633,99.975145,1906.976498,1355843.726128,0.0
WestH6ToSaxonSt.240,2880.0,524_0,0.0,0.0,0.0,4465.0,771_1,56.88,12.8,1585.0,2555.04,1137.0,31,0.0,1416.44,0,tripinfo_WestH6ToSaxonSt.240 emissions_WestH6ToSaxonSt.240,gasoline_euro4,1.1,222880.496292,4137853.427263,1111.274804,97.338679,1853.995817,1319858.205143,0.0
EastAveburyToWestA509.387,4013.0,483_1,0.0,0.0,524.0,4467.0,774_1,29.75,13.1,454.0,2240.93,206.0,4,0.0,284.88,0,tripinfo_EastAveburyToWestA509.387 emissions_EastAveburyToWestA509.387,electric,0.98,0.0,0.0,0.0,0.0,0.0,0.0,0.0
EastAveburyToWestA509.386,4010.0,483_1,0.0,0.0,529.0,4470.0,774_1,29.75,11.64,460.0,2237.39,208.0,4,0.0,265.83,0,tripinfo_EastAveburyToWestA509.386 emissions_EastAveburyToWestA509.386,gasoline_euro4,0.85,44854.011704,1161701.783374,231.201105,23.28847,494.191532,370543.403327,0.0
EastAveburyToWestA509.391,4089.0,483_1,0.0,0.0,566.0,4471.0,774_2,29.75,12.6,382.0,2240.77,149.0,4,0.0,204.51,0,tripinfo_EastAveburyToWestA509.391 emissions_EastAveburyToWestA509.391,gasoline_euro4,0.92,34807.791721,1014691.875601,181.536455,19.64622,425.213095,323650.343,0.0
WestA509ToAvebury.176,3171.0,773_0,0.0,0.0,3.0,4472.0,213_0,19.13,15.2,1301.0,2327.58,968.0,22,0.0,1155.43,0,tripinfo_WestA509ToAvebury.176 emissions_WestA509ToAvebury.176,electric,1.16,0.0,0.0,0.0,0.0,0.0,0.0,0.0
EastAveburyToWestA509.388,4016.0,483_1,0.0,0.0,518.0,4472.0,774_1,29.75,13.35,456.0,2241.02,200.0,4,0.0,292.43,0,tripinfo_EastAveburyToWestA509.388 emissions_EastAveburyToWestA509.388,electric,1.01,0.0,0.0,0.0,0.0,0.0,0.0,0.0
EastAveburyToWestA509.392,4092.0,483_1,0.0,0.0,560.0,4473.0,774_2,29.75,12.33,381.0,2240.45,141.0,4,0.0,196.56,0,tripinfo_EastAveburyToWestA509.392 emissions_EastAveburyToWestA509.392,electric,0.9,0.0,0.0,0.0,0.0,0.0,0.0,0.0
EastAveburyToWestA509.389,4019.0,483_1,0.0,0.0,513.0,4475.0,774_2,29.75,13.47,456.0,2240.46,212.0,6,0.0,298.52,0,tripinfo_EastAveburyToWestA509.389 emissions_EastAveburyToWestA509.389,gasoline_euro4,1.05,47840.399107,1255802.904707,246.891122,26.009818,538.528067,400557.147733,0.0
EastA509ToH6.159,2862.0,770_0,0.0,0.0,0.0,4499.0,522_0,56.88,13.86,1637.0,1483.8,1406.0,20,0.0,1530.79,0,tripinfo_EastA509ToH6.159 emissions_EastA509ToH6.159,electric,1.01,0.0,0.0,0.0,0.0,0.0,0.0,0.0
EastA509ToH6.171,3078.0,770_0,0.0,0.0,0.0,4503.0,522_0,56.88,13.36,1425.0,1483.64,1185.0,17,0.0,1315.56,0,tripinfo_EastA509ToH6.171 emissions_EastA509ToH6.171,gasoline_euro4,0.98,215095.00563,3792309.495685,1068.060143,91.388714,1714.523069,1209643.854064,0.0
EastA509ToH6.168,3024.0,770_0,0.0,0.0,0.0,4504.0,522_1,56.88,14.76,1480.0,1483.8,1236.0,19,0.0,1384.19,0,tripinfo_EastA509ToH6.168 emissions_EastA509ToH6.168,electric,1.12,0.0,0.0,0.0,0.0,0.0,0.0,0.0
WestH6ToSaxonSt.235,2820.0,524_0,0.0,0.0,0.0,4537.0,771_1,56.88,11.89,1717.0,2555.03,1240.0,31,0.0,1506.78,0,tripinfo_WestH6ToSaxonSt.235 emissions_WestH6ToSaxonSt.235,gasoline_euro4,0.89,240242.869043,4378438.646916,1196.286759,103.31489,1966.418354,1396600.479479,0.0
WestH6ToSaxonSt.239,2868.0,524_0,0.0,0.0,0.0,4538.0,771_1,56.88,13.62,1670.0,2555.05,1208.0,31,0.0,1487.68,0,tripinfo_WestH6ToSaxonSt.239 emissions_WestH6ToSaxonSt.239,electric,1.02,0.0,0.0,0.0,0.0,0.0,0.0,0.0
WestH6ToSaxonSt.241,2892.0,524_0,0.0,0.0,0.0,4540.0,771_1,56.88,14.39,1648.0,2555.04,1190.0,31,0.0,1471.1,0,tripinfo_WestH6ToSaxonSt.241 emissions_WestH6ToSaxonSt.241,electric,1.05,0.0,0.0,0.0,0.0,0.0,0.0,0.0
WestH6ToSaxonSt.243,2916.0,524_0,0.0,0.0,0.0,4542.0,771_1,56.88,15.65,1626.0,2555.04,1149.0,32,0.0,1461.5,0,tripinfo_WestH6ToSaxonSt.243 emissions_WestH6ToSaxonSt.243,gasoline_euro4,1.14,228975.780304,4223894.013484,1140.924191,99.692247,1894.667376,1347303.250533,0.0
WestH6ToSaxonSt.244,2928.0,524_0,0.0,0.0,0.0,4543.0,771_1,56.88,13.2,1615.0,2555.04,1133.0,34,0.0,1432.69,0,tripinfo_WestH6ToSaxonSt.244 emissions_WestH6ToSaxonSt.244,gasoline_euro4,1.02,227687.805229,4221033.696606,1135.027719,99.302859,1891.936298,1346390.536119,0.0
EastAveburyToWestA509.394,4098.0,483_1,0.0,0.0,549.0,4544.0,774_2,29.75,14.35,446.0,2237.39,214.0,5,0.0,295.26,0,tripinfo_EastAveburyToWestA509.394 emissions_EastAveburyToWestA509.394,gasoline_euro4,1.09,47285.376068,1222846.455025,243.051768,25.363587,522.576208,390045.610803,0.0
WestA509ToAvebury.175,3150.0,773_0,0.0,0.0,0.0,4545.0,213_0,19.13,14.46,1395.0,2327.58,1050.0,24,0.0,1238.2,0,tripinfo_WestA509ToAvebury.175 emissions_WestA509ToAvebury.175,gasoline_euro4,1.08,197769.778518,3714756.109832,987.052501,87.436446,1665.049571,1184900.560376,0.0
EastSilburyToEastAvebury.113,2208.0,317_0,0.0,0.0,0.0,4546.0,213_0,19.13,14.24,2338.0,658.22,2148.0,40,0.0,2294.09,0,tripinfo_EastSilburyToEastAvebury.113 emissions_EastSilburyToEastAvebury.113,gasoline_euro4,1.09,375651.08735,6215406.951852,1856.517296,154.313961,2841.473932,1982555.670229,0.0
EastAveburyToWestA509.399,4180.0,483_1,0.0,0.0,589.0,4549.0,774_2,29.75,14.25,369.0,2237.66,156.0,6,0.0,210.65,0,tripinfo_EastAveburyToWestA509.399 emissions_EastAveburyToWestA509.399,electric,1.03,0.0,0.0,0.0,0.0,0.0,0.0,0.0
WestH6ToSaxonSt.245,2940.0,524_0,0.0,0.0,0.0,4550.0,771_1,56.88,11.67,1610.0,2555.06,1122.0,34,0.0,1390.92,0,tripinfo_WestH6ToSaxonSt.245 emissions_WestH6ToSaxonSt.245,gasoline_euro4,0.85,222348.263913,4096047.750384,1108.187293,95.680004,1833.112774,1306525.217827,0.0
EastAveburyToWestA509.393,4095.0,483_1,0.0,0.0,555.0,4550.0,774_1,29.75,13.2,455.0,2244.08,220.0,6,0.0,288.3,0,tripinfo_EastAveburyToWestA509.393 emissions_EastAveburyToWestA509.393,gasoline_euro4,0.99,47294.799994,1206992.981351,243.018065,24.958607,516.392695,384989.393195,0.0
EastAveburyToWestA509.397,4107.0,483_1,0.0,0.0,533.0,4551.0,774_2,29.75,14.38,444.0,2240.76,227.0,8,0.0,297.17,0,tripinfo_EastAveburyToWestA509.397 emissions_EastAveburyToWestA509.397,gasoline_euro4,1.12,49884.250031,1307310.434546,257.034946,27.662432,562.107357,416985.680248,0.0
WestH6ToSaxonSt.246,2952.0,524_0,0.0,0.0,0.0,4552.0,771_1,56.88,11.81,1600.0,2555.0,1118.0,34,0.0,1399.14,0,tripinfo_WestH6ToSaxonSt.246 emissions_WestH6ToSaxonSt.246,gasoline_euro4,0.93,223960.713638,4155585.65073,1116.994919,97.990175,1866.231306,1325514.011338,0.0
EastAveburyToWestA509.395,4101.0,483_1,0.0,0.0,544.0,4553.0,774_2,29.75,13.54,452.0,2237.39,212.0,5,0.0,288.19,0,tripinfo_EastAveburyToWestA509.395 emissions_EastAveburyToWestA509.395,gasoline_euro4,1.01,47027.383933,1214944.691962,242.17076,25.319006,521.415481,387525.121039,0.0
WestA509ToAvebury.177,3186.0,773_0,0.0,0.0,0.0,4556.0,213_0,19.13,11.55,1370.0,2327.58,1010.0,21,0.0,1179.66,0,tripinfo_WestA509ToAvebury.177 emissions_WestA509ToAvebury.177,gasoline_euro4,0.89,190878.807124,3580345.078595,952.796628,83.663972,1602.651477,1142028.159641,0.0
EastAveburyToWestA509.398,4176.0,483_1,0.0,0.0,593.0,4557.0,774_1,29.75,13.35,381.0,2240.45,152.0,4,0.0,212.1,0,tripinfo_EastAveburyToWestA509.398 emissions_EastAveburyToWestA509.398,electric,0.98,0.0,0.0,0.0,0.0,0.0,0.0,0.0
WestA509ToAvebury.172,3099.0,773_0,0.0,0.0,3.0,4558.0,213_0,19.13,12.74,1459.0,2327.58,1073.0,26,0.0,1284.66,0,tripinfo_WestA509ToAvebury.172 emissions_WestA509ToAvebury.172,gasoline_euro4,0.97,205878.43882,3847264.908015,1027.572318,90.344725,1726.205902,1227167.87391,0.0
EastAveburyToWestA509.396,4104.0,483_1,0.0,0.0,538.0,4558.0,774_2,29.75,14.41,454.0,2240.46,202.0,7,0.0,303.41,0,tripinfo_EastAveburyToWestA509.396 emissions_EastAveburyToWestA509.396,electric,1.1,0.0,0.0,0.0,0.0,0.0,0.0,0.0
WestA509ToAvebury.112,2019.0,773_0,0.0,0.0,3.0,4560.0,213_0,19.13,12.74,2541.0,2323.29,2140.0,41,0.0,2362.34,0,tripinfo_WestA509ToAvebury.112 emissions_WestA509ToAvebury.112,gasoline_euro4,0.95,384468.830916,6608544.396096,1905.162942,160.167356,2993.117245,2107951.555935,0.0
WestA509ToEastH6.89,3204.0,773_0,0.0,0.0,0.0,4584.0,522_0,56.88,12.74,1380.0,2755.17,999.0,19,0.0,1179.12,0,tripinfo_WestA509ToEastH6.89 emissions_WestA509ToEastH6.89,gasoline_euro4,0.99,188742.724886,3615011.035658,943.586326,83.771215,1611.581591,1153083.951828,0.0
WestA509ToEastH6.90,3243.0,773_0,0.0,0.0,3.0,4586.0,522_0,56.88,12.68,1343.0,2755.17,975.0,18,0.0,1140.89,0,tripinfo_WestA509ToEastH6.90 emissions_WestA509ToEastH6.90,gasoline_euro4,0.99,184679.254864,3566567.958291,923.992504,82.818805,1591.165237,1137630.841849,0.0
WestH6ToSaxonSt.247,2964.0,524_0,0.0,0.0,0.0,4617.0,771_1,56.88,14.09,1653.0,2555.02,1166.0,35,0.0,1482.1,0,tripinfo_WestH6ToSaxonSt.247 emissions_WestH6ToSaxonSt.247,electric,1.09,0.0,0.0,0.0,0.0,0.0,0.0,0.0
WestH6ToSaxonSt.242,2904.0,524_0,0.0,0.0,0.0,4628.0,771_1,56.88,11.56,1724.0,2555.07,1234.0,37,0.0,1505.67,0,tripinfo_WestH6ToSaxonSt.242 emissions_WestH6ToSaxonSt.242,gasoline_euro4,0.85,241810.243725,4412382.015756,1204.291207,104.071938,1982.090325,1407427.282092,0.0
WestH6ToSaxonSt.249,2988.0,524_0,0.0,0.0,0.0,4630.0,771_1,56.88,14.23,1642.0,2555.04,1183.0,32,0.0,1463.59,0,tripinfo_WestH6ToSaxonSt.249 emissions_WestH6ToSaxonSt.249,electric,1.05,0.0,0.0,0.0,0.0,0.0,0.0,0.0
WestH6ToSaxonSt.250,3000.0,524_0,0.0,0.0,0.0,4632.0,771_1,56.88,12.95,1632.0,2555.05,1168.0,31,0.0,1447.94,0,tripinfo_WestH6ToSaxonSt.250 emissions_WestH6ToSaxonSt.250,electric,1.02,0.0,0.0,0.0,0.0,0.0,0.0,0.0
WestH6ToSaxonSt.252,3024.0,524_0,0.0,0.0,0.0,4633.0,771_1,56.88,13.36,1609.0,2555.04,1138.0,31,0.0,1418.14,0,tripinfo_WestH6ToSaxonSt.252 emissions_WestH6ToSaxonSt.252,electric,0.98,0.0,0.0,0.0,0.0,0.0,0.0,0.0
WestH6ToSaxonSt.248,2976.0,524_0,0.0,0.0,0.0,4636.0,771_1,56.88,11.57,1660.0,2555.03,1183.0,33,0.0,1452.78,0,tripinfo_WestH6ToSaxonSt.248 emissions_WestH6ToSaxonSt.248,electric,0.9,0.0,0.0,0.0,0.0,0.0,0.0,0.0
WestH6ToSaxonSt.251,3012.0,524_0,0.0,0.0,0.0,4638.0,771_1,56.88,11.15,1626.0,2555.03,1148.0,33,0.0,1418.19,0,tripinfo_WestH6ToSaxonSt.251 emissions_WestH6ToSaxonSt.251,gasoline_euro4,0.9,227042.179096,4181017.579705,1131.464041,98.335836,1875.483682,1333627.498915,0.0
EastSilburyToEastAvebury.80,1680.0,317_0,0.0,0.0,0.0,4644.0,213_0,19.13,13.35,2964.0,680.89,2714.0,37,0.0,2912.55,0,tripinfo_EastSilburyToEastAvebury.80 emissions_EastSilburyToEastAvebury.80,gasoline_euro4,0.98,474358.96724,7760524.670647,2342.111782,192.941281,3548.753604,2475411.793414,0.0
WestA509ToAvebury.162,2916.0,773_0,0.0,0.0,0.0,4649.0,213_0,19.13,10.75,1733.0,2327.58,1279.0,35,0.0,1519.02,0,tripinfo_WestA509ToAvebury.162 emissions_WestA509ToAvebury.162,electric,0.79,0.0,0.0,0.0,0.0,0.0,0.0,0.0
WestA509ToAvebury.181,3258.0,773_0,0.0,0.0,0.0,4650.0,213_0,19.13,12.13,1392.0,2327.58,1053.0,25,0.0,1221.42,0,tripinfo_WestA509ToAvebury.181 emissions_WestA509ToAvebury.181,gasoline_euro4,0.99,197795.406693,3706522.059355,987.232855,87.188765,1662.209393,1182274.485343,0.0
WestA509ToEastH6.91,3279.0,773_0,0.0,0.0,3.0,4666.0,522_0,56.88,12.89,1387.0,2755.12,1013.0,21,0.0,1183.3,0,tripinfo_WestA509ToEastH6.91 emissions_WestA509ToEastH6.91,electric,0.98,0.0,0.0,0.0,0.0,0.0,0.0,0.0
EastA509ToH6.172,3096.0,770_0,0.0,0.0,0.0,4670.0,522_1,56.88,13.98,1574.0,1483.8,1312.0,26,0.0,1472.07,0,tripinfo_EastA509ToH6.172 emissions_EastA509ToH6.172,electric,1.05,0.0,0.0,0.0,0.0,0.0,0.0,0.0
EastA509ToH6.175,3150.0,770_0,0.0,0.0,0.0,4670.0,522_0,56.88,12.04,1520.0,1483.64,1261.0,26,0.0,1407.89,0,tripinfo_EastA509ToH6.175 emissions_EastA509ToH6.175,electric,0.95,0.0,0.0,0.0,0.0,0.0,0.0,0.0
EastA509ToH6.174,3132.0,770_0,0.0,0.0,0.0,4672.0,522_0,56.88,14.05,1540.0,1483.69,1298.0,19,0.0,1440.04,0,tripinfo_EastA509ToH6.174 emissions_EastA509ToH6.174,gasoline_euro4,1.07,233361.399554,4089581.631529,1158.106739,98.891516,1850.641706,1304466.09861,0.0
WestA509ToEastH6.92,3312.0,773_0,0.0,0.0,0.0,4676.0,522_0,56.88,13.7,1364.0,2755.17,985.0,18,0.0,1167.98,0,tripinfo_WestA509ToEastH6.92 emissions_WestA509ToEastH6.92,gasoline_euro4,1.02,187776.379083,3635782.464433,939.531681,84.462578,1621.566431,1159707.880084,0.0
WestH6ToSaxonSt.254,3048.0,524_0,0.0,0.0,0.0,4705.0,771_1,56.88,13.5,1657.0,2555.04,1190.0,33,0.0,1482.53,0,tripinfo_WestH6ToSaxonSt.254 emissions_WestH6ToSaxonSt.254,gasoline_euro4,1.06,235074.062315,4341474.731408,1171.663537,102.666915,1949.337032,1384807.796288,0.0
WestH6ToSaxonSt.253,3036.0,524_0,0.0,0.0,0.0,4710.0,771_1,56.88,13.49,1674.0,2555.05,1193.0,33,0.0,1484.62,0,tripinfo_WestH6ToSaxonSt.253 emissions_WestH6ToSaxonSt.253,electric,0.98,0.0,0.0,0.0,0.0,0.0,0.0,0.0
WestH6ToSaxonSt.256,3072.0,524_0,0.0,0.0,0.0,4711.0,771_1,56.88,14.31,1639.0,2555.04,1167.0,33,0.0,1470.15,0,tripinfo_WestH6ToSaxonSt.256 emissions_WestH6ToSaxonSt.256,gasoline_euro4,1.1,232687.76054,4303188.961553,1159.655063,101.620962,1930.945725,1372595.647396,0.0
WestH6ToSaxonSt.257,3084.0,524_0,0.0,0.0,0.0,4717.0,771_1,56.88,12.93,1633.0,2555.03,1160.0,33,0.0,1435.8,0,tripinfo_WestH6ToSaxonSt.257 emissions_WestH6ToSaxonSt.257,gasoline_euro4,0.95,228751.266548,4230366.816263,1140.064971,99.219966,1895.11675,1349368.213933,0.0
WestH6ToSaxonSt.259,3108.0,524_0,0.0,0.0,0.0,4719.0,771_1,56.88,12.99,1611.0,2555.0,1136.0,31,0.0,1416.52,0,tripinfo_WestH6ToSaxonSt.259 emissions_WestH6ToSaxonSt.259,electric,0.96,0.0,0.0,0.0,0.0,0.0,0.0,0.0
WestA509ToAvebury.126,2270.0,773_0,0.0,0.0,2.0,4724.0,213_0,19.13,12.26,2454.0,2276.66,2068.0,36,0.0,2270.54,0,tripinfo_WestA509ToAvebury.126 emissions_WestA509ToAvebury.126,gasoline_euro4,0.91,371028.997103,6395306.288986,1839.03681,154.696025,2895.016198,2039933.891364,0.0
WestH6ToSaxonSt.255,3060.0,524_0,0.0,0.0,0.0,4724.0,771_1,56.88,12.1,1664.0,2555.06,1174.0,33,0.0,1458.71,0,tripinfo_WestH6ToSaxonSt.255 emissions_WestH6ToSaxonSt.255,electric,0.91,0.0,0.0,0.0,0.0,0.0,0.0,0.0
WestH6ToSaxonSt.258,3096.0,524_0,0.0,0.0,0.0,4725.0,771_1,56.88,14.53,1629.0,2555.04,1164.0,32,0.0,1456.6,0,tripinfo_WestH6ToSaxonSt.258 emissions_WestH6ToSaxonSt.258,gasoline_euro4,1.08,229459.098063,4256419.356902,1144.210315,100.339197,1910.382165,1357677.20545,0.0
WestA509ToAvebury.185,3330.0,773_0,0.0,0.0,0.0,4725.0,213_0,19.13,14.2,1395.0,2327.58,1053.0,20,0.0,1240.13,0,tripinfo_WestA509ToAvebury.185 emissions_WestA509ToAvebury.185,electric,1.1,0.0,0.0,0.0,0.0,0.0,0.0,0.0
WestA509ToAvebury.173,3114.0,773_0,0.0,0.0,0.0,4734.0,213_0,19.13,10.98,1620.0,2327.58,1207.0,32,0.0,1420.45,0,tripinfo_WestA509ToAvebury.173 emissions_WestA509ToAvebury.173,gasoline_euro4,0.85,231435.324872,4211978.409277,1152.335672,99.213884,1890.60654,1343504.695547,0.0
WestA509ToAvebury.187,3366.0,773_0,0.0,0.0,0.0,4736.0,213_0,19.13,12.7,1370.0,2327.58,1003.0,23,0.0,1189.93,0,tripinfo_WestA509ToAvebury.187 emissions_WestA509ToAvebury.187,gasoline_euro4,0.94,191919.106237,3614017.864247,958.423505,84.773184,1620.040468,1152767.93127,0.0
WestA509ToEastH6.93,3348.0,773_0,0.0,0.0,0.0,4751.0,522_0,56.88,14.67,1403.0,2755.17,1017.0,19,0.0,1216.92,0,tripinfo_WestA509ToEastH6.93 emissions_WestA509ToEastH6.93,electric,1.07,0.0,0.0,0.0,0.0,0.0,0.0,0.0
EastA509ToH6.173,3114.0,770_0,0.0,0.0,0.0,4771.0,522_0,56.88,11.25,1657.0,1444.96,1408.0,17,0.0,1525.79,0,tripinfo_EastA509ToH6.173 emissions_EastA509ToH6.173,electric,0.85,0.0,0.0,0.0,0.0,0.0,0.0,0.0
WestH6ToSaxonSt.260,3120.0,524_0,0.0,0.0,0.0,4803.0,771_1,56.88,11.56,1683.0,2555.0,1166.0,31,0.0,1461.16,0,tripinfo_WestH6ToSaxonSt.260 emissions_WestH6ToSaxonSt.260,electric,0.84,0.0,0.0,0.0,0.0,0.0,0.0,0.0
WestH6ToSaxonSt.261,3132.0,524_0,0.0,0.0,0.0,4805.0,771_1,56.88,14.56,1673.0,2555.04,1169.0,32,0.0,1498.6,0,tripinfo_WestH6ToSaxonSt.261 emissions_WestH6ToSaxonSt.261,gasoline_euro4,1.07,234575.457033,4347775.750633,1169.708313,102.413999,1951.179887,1386817.492141,0.0
WestH6ToSaxonSt.262,3144.0,524_0,0.0,0.0,0.0,4806.0,771_1,56.88,12.85,1662.0,2555.04,1155.0,33,0.0,1472.13,0,tripinfo_WestH6ToSaxonSt.262 emissions_WestH6ToSaxonSt.262,gasoline_euro4,0.98,232681.821498,4275988.922387,1159.415695,100.851472,1920.002736,1363920.648992,0.0
WestH6ToSaxonSt.264,3168.0,524_0,0.0,0.0,0.0,4808.0,771_1,56.88,15.02,1640.0,2555.04,1133.0,34,0.0,1469.08,0,tripinfo_WestH6ToSaxonSt.264 emissions_WestH6ToSaxonSt.264,gasoline_euro4,1.09,230598.423311,4300193.48273,1150.574422,101.584257,1931.144295,1371638.898595,0.0
WestH6ToSaxonSt.266,3192.0,524_0,0.0,0.0,0.0,4810.0,771_1,56.88,14.18,1618.0,2555.04,1148.0,31,0.0,1437.79,0,tripinfo_WestH6ToSaxonSt.266 emissions_WestH6ToSaxonSt.266,gasoline_euro4,1.03,227869.499556,4235327.241861,1136.161138,99.660587,1899.15226,1350949.310297,0.0
WestH6ToSaxonSt.263,3156.0,524_0,0.0,0.0,0.0,4813.0,771_1,56.88,12.0,1657.0,2555.03,1135.0,33,0.0,1453.66,0,tripinfo_WestH6ToSaxonSt.263 emissions_WestH6ToSaxonSt.263,gasoline_euro4,0.92,230719.091352,4247142.550029,1149.890419,99.896343,1905.626023,1354719.524643,0.0
WestH6ToSaxonSt.265,3180.0,524_0,0.0,0.0,0.0,4815.0,771_1,56.88,12.07,1635.0,2555.03,1124.0,34,0.0,1429.56,0,tripinfo_WestH6ToSaxonSt.265 emissions_WestH6ToSaxonSt.265,electric,0.91,0.0,0.0,0.0,0.0,0.0,0.0,0.0
WestA509ToAvebury.183,3294.0,773_0,0.0,0.0,0.0,4816.0,213_0,19.13,12.22,1522.0,2327.58,1153.0,31,0.0,1345.14,0,tripinfo_WestA509ToAvebury.183 emissions_WestA509ToAvebury.183,electric,0.96,0.0,0.0,0.0,0.0,0.0,0.0,0.0
EastSilburyToEastAvebury.89,1824.0,317_0,0.0,0.0,0.0,4818.0,213_0,19.13,12.22,2994.0,642.19,2750.0,36,0.0,2945.45,0,tripinfo_EastSilburyToEastAvebury.89 emissions_EastSilburyToEastAvebury.89,gasoline_euro4,0.92,479217.374135,7805959.571799,2365.271796,194.32653,3571.310907,2489905.405798,0.0
WestA509ToAvebury.188,3384.0,773_0,0.0,0.0,0.0,4820.0,213_0,19.13,13.4,1436.0,2327.58,1090.0,22,0.0,1264.26,0,tripinfo_WestA509ToAvebury.188 emissions_WestA509ToAvebury.188,electric,0.99,0.0,0.0,0.0,0.0,0.0,0.0,0.0
WestA509ToAvebury.186,3351.0,773_0,0.0,0.0,3.0,4822.0,213_0,19.13,14.72,1471.0,2327.58,1105.0,23,0.0,1313.8,0,tripinfo_WestA509ToAvebury.186 emissions_WestA509ToAvebury.186,gasoline_euro4,1.08,209874.193067,3918535.866714,1047.044524,92.713664,1760.349005,1249900.662241,0.0
EastA509ToH6.176,3168.0,770_0,0.0,0.0,0.0,4842.0,522_0,56.88,13.54,1674.0,1443.3,1455.0,16,0.0,1572.71,0,tripinfo_EastA509ToH6.176 emissions_EastA509ToH6.176,gasoline_euro4,1.03,256173.668778,4436211.886415,1270.155973,107.81095,2011.222591,1415033.107937,0.0
EastA509ToH6.180,3240.0,770_0,0.0,0.0,0.0,4846.0,522_0,56.88,12.55,1606.0,1483.64,1378.0,16,0.0,1496.03,0,tripinfo_EastA509ToH6.180 emissions_EastA509ToH6.180,gasoline_euro4,0.98,243960.158973,4247660.757888,1210.234702,102.857092,1923.718224,1354889.924677,0.0
WestA509ToEastH6.94,3387.0,773_0,0.0,0.0,3.0,4848.0,522_0,56.88,13.57,1461.0,2755.17,1078.0,17,0.0,1265.84,0,tripinfo_WestA509ToEastH6.94 emissions_WestA509ToEastH6.94,electric,1.02,0.0,0.0,0.0,0.0,0.0,0.0,0.0
WestH6ToSaxonSt.267,3204.0,524_0,0.0,0.0,0.0,4888.0,771_1,56.88,12.25,1684.0,2555.04,1196.0,33,0.0,1478.47,0,tripinfo_WestH6ToSaxonSt.267 emissions_WestH6ToSaxonSt.267,gasoline_euro4,0.91,235661.920556,4335773.629026,1174.330713,101.757588,1943.755829,1382990.698432,0.0
WestH6ToSaxonSt.268,3216.0,524_0,0.0,0.0,0.0,4895.0,771_1,56.88,10.49,1679.0,2555.02,1168.0,33,0.0,1452.72,0,tripinfo_WestH6ToSaxonSt.268 emissions_WestH6ToSaxonSt.268,electric,0.82,0.0,0.0,0.0,0.0,0.0,0.0,0.0
WestH6ToSaxonSt.269,3228.0,524_0,0.0,0.0,0.0,4897.0,771_1,56.88,12.52,1669.0,2555.04,1195.0,30,0.0,1476.84,0,tripinfo_WestH6ToSaxonSt.269 emissions_WestH6ToSaxonSt.269,electric,0.97,0.0,0.0,0.0,0.0,0.0,0.0,0.0
WestH6ToSaxonSt.271,3252.0,524_0,0.0,0.0,0.0,4899.0,771_1,56.88,12.88,1647.0,2555.04,1173.0,33,0.0,1454.33,0,tripinfo_WestH6ToSaxonSt.271 emissions_WestH6ToSaxonSt.271,gasoline_euro4,0.97,230505.608282,4268566.51594,1149.197884,100.372442,1914.872931,1361552.293394,0.0
WestA509ToAvebury.189,3402.0,773_0,0.0,0.0,0.0,4899.0,213_0,19.13,14.44,1497.0,2327.58,1152.0,23,0.0,1341.03,0,tripinfo_WestA509ToAvebury.189 emissions_WestA509ToAvebury.189,gasoline_euro4,1.09,216239.153736,4044559.891745,1079.164823,95.828529,1817.569142,1290098.368517,0.0
WestH6ToSaxonSt.272,3264.0,524_0,0.0,0.0,0.0,4900.0,771_1,56.88,13.61,1636.0,2555.05,1169.0,31,0.0,1446.65,0,tripinfo_WestH6ToSaxonSt.272 emissions_WestH6ToSaxonSt.272,electric,0.98,0.0,0.0,0.0,0.0,0.0,0.0,0.0
WestH6ToSaxonSt.270,3240.0,524_0,0.0,0.0,0.0,4902.0,771_1,56.88,11.77,1662.0,2555.03,1175.0,31,0.0,1448.36,0,tripinfo_WestH6ToSaxonSt.270 emissions_WestH6ToSaxonSt.270,gasoline_euro4,0.87,230697.256875,4250259.179393,1149.961871,99.70142,1906.087751,1355713.778393,0.0
WestA509ToAvebury.190,3420.0,773_0,0.0,0.0,0.0,4902.0,213_0,19.13,13.05,1482.0,2327.58,1134.0,24,0.0,1306.03,0,tripinfo_WestA509ToAvebury.190 emissions_WestA509ToAvebury.190,gasoline_euro4,0.97,211921.300363,3935875.992691,1056.641939,92.676888,1765.232369,1255432.926176,0.0
WestH6ToSaxonSt.274,3288.0,524_0,0.0,0.0,0.0,4904.0,771_1,56.88,15.26,1616.0,2555.02,1155.0,32,0.0,1451.57,0,tripinfo_WestH6ToSaxonSt.274 emissions_WestH6ToSaxonSt.274,gasoline_euro4,1.13,226215.130717,4240269.279646,1129.306578,99.94897,1904.318084,1352524.2246,0.0
WestA509ToAvebury.193,3474.0,773_0,0.0,0.0,0.0,4909.0,213_0,19.13,13.05,1435.0,2327.58,1072.0,29,0.0,1263.69,0,tripinfo_WestA509ToAvebury.193 emissions_WestA509ToAvebury.193,gasoline_euro4,0.99,204517.888249,3823380.265703,1020.509919,90.184294,1716.197519,1219548.920451,0.0
WestA509ToAvebury.128,2304.0,773_0,0.0,0.0,0.0,4910.0,213_0,19.13,15.44,2606.0,2322.44,2220.0,35,0.0,2466.18,0,tripinfo_WestA509ToAvebury.128 emissions_WestA509ToAvebury.128,gasoline_euro4,1.21,397750.363087,6882508.864395,1972.156043,167.397952,3120.074575,2195336.663899,0.0
WestA509ToAvebury.136,2451.0,773_0,0.0,0.0,3.0,4913.0,213_0,19.13,12.97,2462.0,2322.44,2064.0,38,0.0,2294.54,0,tripinfo_WestA509ToAvebury.136 emissions_WestA509ToAvebury.136,gasoline_euro4,1.01,371909.914595,6445390.972973,1844.106975,155.99677,2917.297457,2055908.205806,0.0
WestA509ToEastH6.96,3456.0,773_0,0.0,0.0,0.0,4932.0,522_0,56.88,12.64,1476.0,2755.17,1075.0,22,0.0,1265.36,0,tripinfo_WestA509ToEastH6.96 emissions_WestA509ToEastH6.96,gasoline_euro4,0.95,205135.416879,3901230.319078,1025.193327,90.822687,1743.152254,1244380.031647,0.0
EastA509ToH6.181,3258.0,770_0,0.0,0.0,0.0,4940.0,522_0,56.88,13.42,1682.0,1483.69,1436.0,22,0.0,1573.89,0,tripinfo_EastA509ToH6.181 emissions_EastA509ToH6.181,electric,0.99,0.0,0.0,0.0,0.0,0.0,0.0,0.0
WestH6ToSaxonSt.275,3300.0,524_0,0.0,0.0,0.0,4978.0,771_1,56.88,11.54,1678.0,2555.0,1210.0,32,0.0,1461.42,0,tripinfo_WestH6ToSaxonSt.275 emissions_WestH6ToSaxonSt.275,electric,0.86,0.0,0.0,0.0,0.0,0.0,0.0,0.0
WestH6ToSaxonSt.273,3276.0,524_0,0.0,0.0,0.0,4980.0,771_1,56.88,11.64,1704.0,2555.06,1219.0,34,0.0,1493.19,0,tripinfo_WestH6ToSaxonSt.273 emissions_WestH6ToSaxonSt.273,electric,0.88,0.0,0.0,0.0,0.0,0.0,0.0,0.0
WestH6ToSaxonSt.276,3312.0,524_0,0.0,0.0,0.0,4982.0,771_1,56.88,13.36,1670.0,2555.04,1218.0,31,0.0,1488.36,0,tripinfo_WestH6ToSaxonSt.276 emissions_WestH6ToSaxonSt.276,gasoline_euro4,1.03,235653.075508,4342614.853687,1174.402547,102.588139,1950.538574,1385171.836442,0.0
WestH6ToSaxonSt.278,3336.0,524_0,0.0,0.0,0.0,4983.0,771_1,56.88,14.77,1647.0,2555.04,1190.0,32,0.0,1479.34,0,tripinfo_WestH6ToSaxonSt.278 emissions_WestH6ToSaxonSt.278,gasoline_euro4,1.11,230860.118119,4281273.97343,1151.266236,101.15096,1922.985138,1365604.899238,0.0
WestH6ToSaxonSt.277,3324.0,524_0,0.0,0.0,0.0,4985.0,771_1,56.88,13.84,1661.0,2555.05,1205.0,31,0.0,1476.86,0,tripinfo_WestH6ToSaxonSt.277 emissions_WestH6ToSaxonSt.277,gasoline_euro4,1.01,232402.46186,4298535.184352,1158.556613,101.333291,1929.447939,1371111.363238,0.0
WestH6ToSaxonSt.279,3348.0,524_0,0.0,0.0,0.0,4987.0,771_1,56.88,13.89,1639.0,2555.04,1187.0,32,0.0,1459.29,0,tripinfo_WestH6ToSaxonSt.279 emissions_WestH6ToSaxonSt.279,gasoline_euro4,1.04,231604.875633,4308876.450409,1155.416385,101.799491,1936.100027,1374408.804176,0.0
WestH6ToSaxonSt.280,3360.0,524_0,0.0,0.0,0.0,4990.0,771_1,56.88,12.72,1630.0,2555.03,1164.0,31,0.0,1427.67,0,tripinfo_WestH6ToSaxonSt.280 emissions_WestH6ToSaxonSt.280,gasoline_euro4,0.92,227371.518052,4208869.902435,1133.444042,98.570274,1885.367776,1342511.294718,0.0
WestA509ToEastH6.97,3495.0,773_0,0.0,0.0,3.0,5015.0,522_0,56.88,15.11,1520.0,2755.12,1134.0,23,0.0,1339.38,0,tripinfo_WestA509ToEastH6.97 emissions_WestA509ToEastH6.97,electric,1.1,0.0,0.0,0.0,0.0,0.0,0.0,0.0
EastA509ToH6.183,3294.0,770_0,0.0,0.0,0.0,5019.0,522_0,56.88,14.56,1725.0,1483.69,1474.0,21,0.0,1628.1,0,tripinfo_EastA509ToH6.183 emissions_EastA509ToH6.183,gasoline_euro4,1.11,264145.159645,4590894.0176,1310.15564,111.435236,2080.084307,1464372.13792,0.0
EastA509ToH6.185,3330.0,770_0,0.0,0.0,0.0,5024.0,522_0,56.88,13.21,1694.0,1483.69,1429.0,20,0.0,1583.05,0,tripinfo_EastA509ToH6.185 emissions_EastA509ToH6.185,gasoline_euro4,0.97,257651.932507,4465976.395135,1277.787965,108.324557,2024.205574,1424527.269412,0.0
EastA509ToH6.178,3204.0,770_0,0.0,0.0,0.0,5027.0,522_0,56.88,12.28,1823.0,1443.25,1580.0,18,0.0,1712.43,0,tripinfo_EastA509ToH6.178 emissions_EastA509ToH6.178,electric,0.94,0.0,0.0,0.0,0.0,0.0,0.0,0.0
EastA509ToH6.187,3366.0,770_0,0.0,0.0,0.0,5028.0,522_1,56.88,13.32,1662.0,1483.69,1403.0,20,0.0,1556.94,0,tripinfo_EastA509ToH6.187 emissions_EastA509ToH6.187,gasoline_euro4,1.02,253047.080944,4413732.879662,1255.514518,106.989177,1999.823371,1407862.046541,0.0
WestA509ToEastH6.98,3528.0,773_0,0.0,0.0,0.0,5031.0,522_0,56.88,13.28,1503.0,2755.17,1092.0,21,0.0,1308.58,0,tripinfo_WestA509ToEastH6.98 emissions_WestA509ToEastH6.98,electric,1.02,0.0,0.0,0.0,0.0,0.0,0.0,0.0
WestA509ToEastH6.99,3567.0,773_0,0.0,0.0,3.0,5042.0,522_0,56.88,10.35,1475.0,2755.12,1050.0,22,0.0,1224.67,0,tripinfo_WestA509ToEastH6.99 emissions_WestA509ToEastH6.99,gasoline_euro4,0.8,200024.495747,3767996.497269,998.960707,87.406279,1683.592614,1201883.729116,0.0
EastA509ToH6.189,3402.0,770_0,0.0,0.0,0.0,5043.0,522_1,56.88,10.43,1641.0,1483.69,1384.0,19,0.0,1510.89,0,tripinfo_EastA509ToH6.189 emissions_EastA509ToH6.189,gasoline_euro4,0.82,246858.464964,4291074.409517,1224.650792,103.502794,1942.219006,1368738.375638,0.0
WestH6ToSaxonSt.282,3384.0,524_0,0.0,0.0,0.0,5062.0,771_1,56.88,12.3,1678.0,2555.0,1195.0,32,0.0,1478.16,0,tripinfo_WestH6ToSaxonSt.282 emissions_WestH6ToSaxonSt.282,electric,0.93,0.0,0.0,0.0,0.0,0.0,0.0,0.0
WestH6ToSaxonSt.281,3372.0,524_0,0.0,0.0,0.0,5064.0,771_1,56.88,12.91,1692.0,2555.04,1205.0,33,0.0,1504.54,0,tripinfo_WestH6ToSaxonSt.281 emissions_WestH6ToSaxonSt.281,gasoline_euro4,1.0,237950.3205,4402089.332884,1186.37877,103.769795,1976.685545,1404142.166091,0.0
WestH6ToSaxonSt.283,3396.0,524_0,0.0,0.0,0.0,5065.0,771_1,56.88,13.81,1669.0,2555.04,1183.0,31,0.0,1491.07,0,tripinfo_WestH6ToSaxonSt.283 emissions_WestH6ToSaxonSt.283,electric,1.05,0.0,0.0,0.0,0.0,0.0,0.0,0.0
WestH6ToSaxonSt.284,3408.0,524_0,0.0,0.0,0.0,5067.0,771_1,56.88,14.34,1659.0,2555.05,1177.0,32,0.0,1482.77,0,tripinfo_WestH6ToSaxonSt.284 emissions_WestH6ToSaxonSt.284,electric,1.06,0.0,0.0,0.0,0.0,0.0,0.0,0.0
WestH6ToSaxonSt.285,3420.0,524_0,0.0,0.0,0.0,5069.0,771_1,56.88,14.47,1649.0,2555.04,1155.0,31,0.0,1474.23,0,tripinfo_WestH6ToSaxonSt.285 emissions_WestH6ToSaxonSt.285,gasoline_euro4,1.07,232043.59259,4299852.228953,1157.185194,101.467313,1930.886096,1371531.076612,0.0
WestA509ToAvebury.179,3222.0,773_0,0.0,0.0,0.0,5073.0,213_0,19.13,15.32,1851.0,2327.58,1453.0,33,0.0,1699.82,0,tripinfo_WestA509ToAvebury.179 emissions_WestA509ToAvebury.179,gasoline_euro4,1.12,273257.649684,4918082.311532,1359.222104,117.611037,2217.068259,1568732.280002,0.0
WestA509ToAvebury.194,3492.0,773_0,0.0,0.0,0.0,5075.0,213_0,19.13,13.89,1583.0,2327.58,1211.0,27,0.0,1413.62,0,tripinfo_WestA509ToAvebury.194 emissions_WestA509ToAvebury.194,gasoline_euro4,1.0,227748.179949,4191378.060348,1134.972873,99.357291,1884.600773,1336931.40167,0.0
WestH6ToSaxonSt.286,3432.0,524_0,0.0,0.0,0.0,5077.0,771_1,56.88,12.0,1645.0,2555.04,1153.0,32,0.0,1433.22,0,tripinfo_WestH6ToSaxonSt.286 emissions_WestH6ToSaxonSt.286,electric,0.88,0.0,0.0,0.0,0.0,0.0,0.0,0.0
WestA509ToAvebury.182,3276.0,773_0,0.0,0.0,0.0,5078.0,213_0,19.13,12.83,1802.0,2327.58,1403.0,30,0.0,1631.58,0,tripinfo_WestA509ToAvebury.182 emissions_WestA509ToAvebury.182,electric,0.99,0.0,0.0,0.0,0.0,0.0,0.0,0.0
WestH6ToSaxonSt.289,3468.0,524_0,0.0,0.0,0.0,5078.0,771_1,56.88,14.42,1610.0,2554.99,1084.0,31,0.0,1437.55,0,tripinfo_WestH6ToSaxonSt.289 emissions_WestH6ToSaxonSt.289,electric,1.08,0.0,0.0,0.0,0.0,0.0,0.0,0.0
EastSilburyToEastAvebury.108,2128.0,317_0,0.0,0.0,0.0,5080.0,213_0,19.13,12.74,2952.0,632.41,2797.0,20,0.0,2905.63,0,tripinfo_EastSilburyToEastAvebury.108 emissions_EastSilburyToEastAvebury.108,gasoline_euro4,0.93,476209.330535,7760519.941155,2350.489075,193.275275,3550.784706,2475411.084669,0.0
WestA509ToEastH6.95,3423.0,773_0,0.0,0.0,3.0,5110.0,522_0,56.88,15.48,1687.0,2749.98,1288.0,24,0.0,1513.12,0,tripinfo_WestA509ToEastH6.95 emissions_WestA509ToEastH6.95,gasoline_euro4,1.15,242733.940658,4553191.681251,1211.619939,107.674478,2044.180951,1452337.108385,0.0
EastA509ToH6.191,3438.0,770_0,0.0,0.0,0.0,5118.0,522_0,56.88,14.04,1680.0,1483.69,1433.0,20,0.0,1574.84,0,tripinfo_EastA509ToH6.191 emissions_EastA509ToH6.191,gasoline_euro4,1.02,256772.754419,4459176.327407,1273.466108,108.03168,2019.525089,1422358.086644,0.0
EastA509ToH6.193,3474.0,770_0,0.0,0.0,0.0,5120.0,522_0,56.88,13.84,1646.0,1483.69,1389.0,20,0.0,1540.98,0,tripinfo_EastA509ToH6.193 emissions_EastA509ToH6.193,electric,1.02,0.0,0.0,0.0,0.0,0.0,0.0,0.0
EastA509ToH6.194,3492.0,770_0,0.0,0.0,0.0,5123.0,522_0,56.88,13.44,1631.0,1483.69,1364.0,19,0.0,1525.61,0,tripinfo_EastA509ToH6.194 emissions_EastA509ToH6.194,electric,1.02,0.0,0.0,0.0,0.0,0.0,0.0,0.0
WestH6ToSaxonSt.287,3444.0,524_0,0.0,0.0,0.0,5157.0,771_1,56.88,10.16,1713.0,2555.03,1188.0,32,0.0,1485.89,0,tripinfo_WestH6ToSaxonSt.287 emissions_WestH6ToSaxonSt.287,gasoline_euro4,0.82,237392.589083,4361161.158351,1183.035842,102.459132,1957.827078,1391088.59049,0.0
WestH6ToSaxonSt.288,3456.0,524_0,0.0,0.0,0.0,5159.0,771_1,56.88,11.89,1703.0,2555.04,1173.0,33,0.0,1503.54,0,tripinfo_WestH6ToSaxonSt.288 emissions_WestH6ToSaxonSt.288,electric,0.93,0.0,0.0,0.0,0.0,0.0,0.0,0.0
WestH6ToSaxonSt.290,3480.0,524_0,0.0,0.0,0.0,5160.0,771_1,56.88,13.68,1680.0,2555.04,1166.0,32,0.0,1506.02,0,tripinfo_WestH6ToSaxonSt.290 emissions_WestH6ToSaxonSt.290,electric,1.07,0.0,0.0,0.0,0.0,0.0,0.0,0.0
WestH6ToSaxonSt.292,3504.0,524_0,0.0,0.0,0.0,5162.0,771_1,56.88,13.3,1658.0,2555.04,1142.0,32,0.0,1471.95,0,tripinfo_WestH6ToSaxonSt.292 emissions_WestH6ToSaxonSt.292,gasoline_euro4,1.0,230588.670628,4259835.794886,1149.456913,100.334752,1912.511947,1358767.565021,0.0
WestH6ToSaxonSt.291,3492.0,524_0,0.0,0.0,0.0,5164.0,771_1,56.88,11.57,1672.0,2555.03,1145.0,34,0.0,1465.43,0,tripinfo_WestH6ToSaxonSt.291 emissions_WestH6ToSaxonSt.291,gasoline_euro4,0.9,231584.296835,4272425.126474,1154.244337,100.210876,1915.89818,1362783.892645,0.0
WestH6ToSaxonSt.294,3528.0,524_0,0.0,0.0,0.0,5166.0,771_1,56.88,12.47,1638.0,2555.03,1119.0,30,0.0,1434.06,0,tripinfo_WestH6ToSaxonSt.294 emissions_WestH6ToSaxonSt.294,electric,0.92,0.0,0.0,0.0,0.0,0.0,0.0,0.0
WestH6ToSaxonSt.297,3564.0,524_0,0.0,0.0,0.0,5168.0,771_1,56.88,12.48,1604.0,2555.02,1066.0,31,0.0,1408.7,0,tripinfo_WestH6ToSaxonSt.297 emissions_WestH6ToSaxonSt.297,electric,0.96,0.0,0.0,0.0,0.0,0.0,0.0,0.0
EastSilburyToEastAvebury.110,2160.0,317_0,0.0,0.0,0.0,5178.0,213_0,19.13,10.61,3018.0,619.48,2853.0,22,0.0,2968.01,0,tripinfo_EastSilburyToEastAvebury.110 emissions_EastSilburyToEastAvebury.110,electric,0.84,0.0,0.0,0.0,0.0,0.0,0.0,0.0
EastA509ToH6.177,3186.0,770_0,0.0,0.0,0.0,5196.0,522_1,56.88,14.64,2010.0,1443.3,1748.0,16,0.0,1884.69,0,tripinfo_EastA509ToH6.177 emissions_EastA509ToH6.177,electric,1.1,0.0,0.0,0.0,0.0,0.0,0.0,0.0
EastA509ToH6.195,3510.0,770_0,0.0,0.0,0.0,5198.0,522_0,56.88,12.79,1688.0,1483.64,1438.0,18,0.0,1571.55,0,tripinfo_EastA509ToH6.195 emissions_EastA509ToH6.195,electric,0.92,0.0,0.0,0.0,0.0,0.0,0.0,0.0
EastA509ToH6.192,3456.0,770_0,0.0,0.0,0.0,5202.0,522_0,56.88,13.25,1746.0,1483.69,1494.0,18,0.0,1634.94,0,tripinfo_EastA509ToH6.192 emissions_EastA509ToH6.192,gasoline_euro4,0.97,266444.577619,4608818.594553,1321.156822,111.901515,2089.525633,1470090.357243,0.0
EastA509ToH6.198,3564.0,770_0,0.0,0.0,0.0,5204.0,522_1,56.88,16.87,1640.0,1483.69,1400.0,15,0.0,1553.41,0,tripinfo_EastA509ToH6.198 emissions_EastA509ToH6.198,electric,1.24,0.0,0.0,0.0,0.0,0.0,0.0,0.0
EastA509ToH6.196,3528.0,770_0,0.0,0.0,0.0,5205.0,522_0,56.88,12.64,1677.0,1483.64,1426.0,17,0.0,1561.76,0,tripinfo_EastA509ToH6.196 emissions_EastA509ToH6.196,gasoline_euro4,0.93,254202.367878,4411971.846295,1260.813107,106.807179,1998.77679,1407301.262758,0.0
EastA509ToH6.199,3582.0,770_0,0.0,0.0,0.0,5207.0,522_0,56.88,13.91,1625.0,1483.69,1381.0,14,0.0,1526.28,0,tripinfo_EastA509ToH6.199 emissions_EastA509ToH6.199,electric,1.09,0.0,0.0,0.0,0.0,0.0,0.0,0.0
EastA509ToH6.179,3222.0,770_0,0.0,0.0,0.0,5222.0,522_0,56.88,8.95,2000.0,1443.3,1756.0,13,0.0,1858.86,0,tripinfo_EastA509ToH6.179 emissions_EastA509ToH6.179,electric,0.73,0.0,0.0,0.0,0.0,0.0,0.0,0.0
WestH6ToSaxonSt.293,3516.0,524_0,0.0,0.0,0.0,5239.0,771_1,56.88,12.06,1723.0,2555.04,1208.0,32,0.0,1524.25,0,tripinfo_WestH6ToSaxonSt.293 emissions_WestH6ToSaxonSt.293,gasoline_euro4,0.94,241018.548006,4442494.978342,1201.140866,104.572091,1994.440116,1417031.109914,0.0
WestH6ToSaxonSt.295,3540.0,524_0,0.0,0.0,0.0,5241.0,771_1,56.88,14.39,1701.0,2555.04,1174.0,33,0.0,1522.49,0,tripinfo_WestH6ToSaxonSt.295 emissions_WestH6ToSaxonSt.295,electric,1.04,0.0,0.0,0.0,0.0,0.0,0.0,0.0
WestH6ToSaxonSt.296,3552.0,524_0,0.0,0.0,0.0,5243.0,771_1,56.88,12.81,1691.0,2555.04,1160.0,32,0.0,1497.23,0,tripinfo_WestH6ToSaxonSt.296 emissions_WestH6ToSaxonSt.296,electric,0.96,0.0,0.0,0.0,0.0,0.0,0.0,0.0
WestH6ToSaxonSt.298,3639.0,524_0,0.0,0.0,63.0,5245.0,771_1,56.88,13.74,1606.0,2555.04,1064.0,31,0.0,1418.18,0,tripinfo_WestH6ToSaxonSt.298 emissions_WestH6ToSaxonSt.298,electric,1.0,0.0,0.0,0.0,0.0,0.0,0.0,0.0
WestH6ToSaxonSt.299,3682.0,524_0,0.0,0.0,94.0,5246.0,771_1,56.88,13.16,1564.0,2555.05,1031.0,31,0.0,1381.26,0,tripinfo_WestH6ToSaxonSt.299 emissions_WestH6ToSaxonSt.299,gasoline_euro4,1.02,214723.717656,4001370.664093,1071.200588,93.988137,1794.432548,1276323.603342,0.0
WestA509ToAvebury.184,3315.0,773_0,0.0,0.0,3.0,5248.0,213_0,19.13,14.88,1933.0,2327.58,1511.0,35,0.0,1781.55,0,tripinfo_WestA509ToAvebury.184 emissions_WestA509ToAvebury.184,electric,1.12,0.0,0.0,0.0,0.0,0.0,0.0,0.0
WestA509ToAvebury.191,3438.0,773_0,0.0,0.0,0.0,5251.0,213_0,19.13,12.02,1813.0,2327.58,1405.0,29,0.0,1634.33,0,tripinfo_WestA509ToAvebury.191 emissions_WestA509ToAvebury.191,electric,0.95,0.0,0.0,0.0,0.0,0.0,0.0,0.0
EastSilburyToEastAvebury.109,2144.0,317_0,0.0,0.0,0.0,5254.0,213_0,19.13,11.75,3110.0,671.09,2935.0,23,0.0,3055.55,0,tripinfo_EastSilburyToEastAvebury.109 emissions_EastSilburyToEastAvebury.109,electric,0.9,0.0,0.0,0.0,0.0,0.0,0.0,0.0
EastA509ToH6.197,3546.0,770_0,0.0,0.0,0.0,5291.0,522_0,56.88,13.09,1745.0,1483.69,1508.0,20,0.0,1636.01,0,tripinfo_EastA509ToH6.197 emissions_EastA509ToH6.197,gasoline_euro4,0.99,266405.880881,4623115.842724,1321.268599,112.143063,2094.940094,1474650.378825,0.0
EastA509ToH6.186,3348.0,770_0,0.0,0.0,0.0,5292.0,522_1,56.88,15.87,1944.0,1483.69,1713.0,19,0.0,1851.74,0,tripinfo_EastA509ToH6.186 emissions_EastA509ToH6.186,gasoline_euro4,1.16,301126.484824,5202856.660434,1492.879433,126.809158,2360.317515,1659572.39013,0.0
EastA509ToH6.188,3384.0,770_0,0.0,0.0,0.0,5294.0,522_0,56.88,12.38,1910.0,1483.64,1666.0,20,0.0,1797.88,0,tripinfo_EastA509ToH6.188 emissions_EastA509ToH6.188,gasoline_euro4,0.96,293100.905318,5033391.447604,1452.496188,122.537349,2283.848412,1605518.781898,0.0
EastA509ToH6.182,3276.0,770_0,0.0,0.0,0.0,5296.0,522_0,56.88,16.07,2020.0,1443.3,1753.0,17,0.0,1886.87,0,tripinfo_EastA509ToH6.182 emissions_EastA509ToH6.182,gasoline_euro4,1.21,306725.403267,5270524.15913,1520.15456,128.8287,2393.835948,1681157.1724,0.0
EastA509ToH6.184,3312.0,770_0,0.0,0.0,0.0,5303.0,522_0,56.88,12.38,1991.0,1443.3,1773.0,17,0.0,1877.97,0,tripinfo_EastA509ToH6.184 emissions_EastA509ToH6.184,gasoline_euro4,0.92,307146.920444,5220480.038392,1520.747851,127.291158,2369.831255,1665196.893822,0.0
EastSilburyToEastAvebury.120,2320.0,317_0,0.0,0.0,0.0,5336.0,213_0,19.13,13.94,3016.0,658.22,2821.0,27,0.0,2972.46,0,tripinfo_EastSilburyToEastAvebury.120 emissions_EastSilburyToEastAvebury.120,gasoline_euro4,1.09,484914.883083,7944329.678348,2394.547784,197.57224,3633.589084,2534040.424982,0.0
EastSilburyToEastAvebury.83,1728.0,317_0,0.0,0.0,0.0,5338.0,213_0,19.13,14.34,3610.0,680.89,3340.0,34,0.0,3562.17,0,tripinfo_EastSilburyToEastAvebury.83 emissions_EastSilburyToEastAvebury.83,gasoline_euro4,1.05,580362.699852,9454647.281368,2864.637501,235.559783,4326.765745,3015795.201124,0.0
WestA509ToAvebury.178,3207.0,773_0,0.0,0.0,3.0,5344.0,213_0,19.13,12.02,2137.0,2311.23,1766.0,24,0.0,1957.82,0,tripinfo_WestA509ToAvebury.178 emissions_WestA509ToAvebury.178,gasoline_euro4,0.94,317139.114396,5576295.896699,1574.669735,134.452325,2522.299087,1778687.576109,0.0
WestA509ToAvebury.147,2646.0,773_0,0.0,0.0,0.0,5346.0,213_0,19.13,13.51,2700.0,2322.44,2263.0,47,0.0,2529.72,0,tripinfo_WestA509ToAvebury.147 emissions_WestA509ToAvebury.147,electric,1.0,0.0,0.0,0.0,0.0,0.0,0.0,0.0
EastSilburyToEastAvebury.117,2272.0,317_0,0.0,0.0,0.0,5349.0,213_0,19.13,11.62,3077.0,680.87,2883.0,29,0.0,3020.12,0,tripinfo_EastSilburyToEastAvebury.117 emissions_EastSilburyToEastAvebury.117,electric,0.89,0.0,0.0,0.0,0.0,0.0,0.0,0.0
WestA509ToAvebury.192,3459.0,773_0,0.0,0.0,3.0,5352.0,213_0,19.13,12.17,1893.0,2327.58,1447.0,33,0.0,1707.88,0,tripinfo_WestA509ToAvebury.192 emissions_WestA509ToAvebury.192,gasoline_euro4,0.92,275589.229926,4929110.737756,1370.16495,117.508883,2221.469696,1572251.478164,0.0
EastSilburyToEastAvebury.119,2304.0,317_0,0.0,0.0,0.0,5428.0,213_0,19.13,12.55,3124.0,680.87,2932.0,34,0.0,3072.97,0,tripinfo_EastSilburyToEastAvebury.119 emissions_EastSilburyToEastAvebury.119,gasoline_euro4,0.98,502844.507167,8232353.907807,2482.978127,204.902586,3766.344942,2625912.918864,0.0
WestA509ToAvebury.195,3510.0,773_0,0.0,0.0,0.0,5432.0,213_0,19.13,10.39,1922.0,2327.58,1483.0,28,0.0,1709.66,0,tripinfo_WestA509ToAvebury.195 emissions_WestA509ToAvebury.195,gasoline_euro4,0.8,278670.290505,4954193.103063,1384.954817,118.04082,2233.75248,1580253.122972,0.0
EastSilburyToEastAvebury.105,2080.0,317_0,0.0,0.0,0.0,5434.0,213_0,19.13,13.38,3354.0,680.87,3174.0,20,0.0,3304.65,0,tripinfo_EastSilburyToEastAvebury.105 emissions_EastSilburyToEastAvebury.105,electric,1.03,0.0,0.0,0.0,0.0,0.0,0.0,0.0
WestA509ToAvebury.198,3564.0,773_0,0.0,0.0,0.0,5436.0,213_0,19.13,13.58,1872.0,2327.58,1458.0,31,0.0,1704.05,0,tripinfo_WestA509ToAvebury.198 emissions_WestA509ToAvebury.198,gasoline_euro4,1.01,273944.515224,4913036.657578,1362.053482,117.262684,2213.935588,1567123.666547,0.0
WestA509ToAvebury.148,2667.0,773_0,0.0,0.0,3.0,5437.0,213_0,19.13,12.93,2770.0,2322.44,2298.0,42,0.0,2602.86,0,tripinfo_WestA509ToAvebury.148 emissions_WestA509ToAvebury.148,gasoline_euro4,1.01,421288.823129,7237033.074564,2087.158215,175.442664,3277.42643,2308422.95611,0.0
WestA509ToAvebury.157,2826.0,773_0,0.0,0.0,0.0,5439.0,213_0,19.13,13.08,2613.0,2322.44,2188.0,31,0.0,2446.24,0,tripinfo_WestA509ToAvebury.157 emissions_WestA509ToAvebury.157,gasoline_euro4,1.01,394772.416389,6826272.215303,1957.167636,165.416999,3092.405058,2177399.419822,0.0
EastA509ToH6.190,3420.0,770_0,0.0,0.0,0.0,5462.0,522_0,56.88,12.71,2042.0,1483.64,1804.0,25,0.0,1925.69,0,tripinfo_EastA509ToH6.190 emissions_EastA509ToH6.190,gasoline_euro4,0.92,314778.925186,5385865.715931,1559.458461,131.078877,2443.660633,1717949.52404,0.0
EastSilburyToEastAvebury.95,1920.0,317_0,0.0,0.0,0.0,5514.0,213_0,19.13,12.02,3594.0,642.19,3395.0,24,0.0,3541.05,0,tripinfo_EastSilburyToEastAvebury.95 emissions_EastSilburyToEastAvebury.95,gasoline_euro4,0.89,579467.673155,9394019.753677,2859.011452,234.068022,4298.315171,2996458.376756,0.0
WestA509ToAvebury.89,1602.0,773_0,0.0,0.0,0.0,5516.0,213_0,19.13,14.17,3914.0,2289.49,3519.0,40,0.0,3757.04,0,tripinfo_WestA509ToAvebury.89 emissions_WestA509ToAvebury.89,electric,1.06,0.0,0.0,0.0,0.0,0.0,0.0,0.0
EastSilburyToEastAvebury.116,2256.0,317_0,0.0,0.0,0.0,5518.0,213_0,19.13,11.72,3262.0,680.87,3066.0,24,0.0,3206.51,0,tripinfo_EastSilburyToEastAvebury.116 emissions_EastSilburyToEastAvebury.116,electric,0.91,0.0,0.0,0.0,0.0,0.0,0.0,0.0
EastSilburyToEastAvebury.114,2224.0,317_0,0.0,0.0,0.0,5521.0,213_0,19.13,12.02,3297.0,680.87,3108.0,25,0.0,3243.17,0,tripinfo_EastSilburyToEastAvebury.114 emissions_EastSilburyToEastAvebury.114,electric,0.94,0.0,0.0,0.0,0.0,0.0,0.0,0.0
EastSilburyToEastAvebury.124,2384.0,317_0,0.0,0.0,0.0,5523.0,213_0,19.13,12.28,3139.0,680.87,2891.0,30,0.0,3084.03,0,tripinfo_EastSilburyToEastAvebury.124 emissions_EastSilburyToEastAvebury.124,electric,0.91,0.0,0.0,0.0,0.0,0.0,0.0,0.0
EastSilburyToEastAvebury.107,2112.0,317_0,0.0,0.0,0.0,5529.0,213_0,19.13,9.97,3417.0,680.87,3220.0,20,0.0,3349.56,0,tripinfo_EastSilburyToEastAvebury.107 emissions_EastSilburyToEastAvebury.107,electric,0.75,0.0,0.0,0.0,0.0,0.0,0.0,0.0
WestA509ToAvebury.114,2055.0,773_0,0.0,0.0,3.0,5531.0,213_0,19.13,9.92,3476.0,2288.81,3114.0,23,0.0,3267.87,0,tripinfo_WestA509ToAvebury.114 emissions_WestA509ToAvebury.114,electric,0.8,0.0,0.0,0.0,0.0,0.0,0.0,0.0
WestA509ToAvebury.94,1695.0,773_0,0.0,0.0,3.0,5603.0,213_0,19.13,11.58,3908.0,2250.13,3513.0,33,0.0,3717.55,0,tripinfo_WestA509ToAvebury.94 emissions_WestA509ToAvebury.94,electric,0.86,0.0,0.0,0.0,0.0,0.0,0.0,0.0
EastSilburyToEastAvebury.122,2352.0,317_0,0.0,0.0,0.0,5604.0,213_0,19.13,12.56,3252.0,658.22,3030.0,32,0.0,3206.73,0,tripinfo_EastSilburyToEastAvebury.122 emissions_EastSilburyToEastAvebury.122,gasoline_euro4,1.06,522106.158098,8501292.87868,2576.94146,211.559022,3889.075962,2711699.510724,0.0
EastSilburyToEastAvebury.127,2613.0,317_0,0.0,0.0,181.0,5606.0,213_0,19.13,14.14,2993.0,680.87,2749.0,32,0.0,2943.66,0,tripinfo_EastSilburyToEastAvebury.127 emissions_EastSilburyToEastAvebury.127,gasoline_euro4,1.03,479035.110204,7824798.916051,2364.973333,194.645764,3579.013462,2495914.005014,0.0
WestA509ToAvebury.164,2955.0,773_0,0.0,0.0,3.0,5609.0,213_0,19.13,12.54,2654.0,2322.44,2231.0,32,0.0,2471.06,0,tripinfo_WestA509ToAvebury.164 emissions_WestA509ToAvebury.164,gasoline_euro4,0.92,400373.183576,6894263.546999,1984.46642,167.199774,3125.093461,2199087.737971,0.0
EastSilburyToEastAvebury.132,3540.0,317_0,0.0,0.0,1028.0,5612.0,213_0,19.13,13.5,2072.0,680.87,1894.0,16,0.0,2020.83,0,tripinfo_EastSilburyToEastAvebury.132 emissions_EastSilburyToEastAvebury.132,gasoline_euro4,1.0,329998.221433,5459990.421396,1630.773596,135.349013,2494.057479,1741597.419083,0.0
EastSilburyToEastAvebury.126,2416.0,317_0,0.0,0.0,0.0,5614.0,213_0,19.13,12.55,3198.0,680.87,2941.0,33,0.0,3145.1,0,tripinfo_EastSilburyToEastAvebury.126 emissions_EastSilburyToEastAvebury.126,electric,0.95,0.0,0.0,0.0,0.0,0.0,0.0,0.0
WestA509ToAvebury.199,3582.0,773_0,0.0,0.0,0.0,5616.0,213_0,19.13,13.14,2034.0,2327.58,1583.0,30,0.0,1858.97,0,tripinfo_WestA509ToAvebury.199 emissions_WestA509ToAvebury.199,electric,0.97,0.0,0.0,0.0,0.0,0.0,0.0,0.0
EastSilburyToEastAvebury.134,3717.0,317_0,0.0,0.0,1173.0,5690.0,213_0,19.13,11.92,1973.0,680.87,1795.0,17,0.0,1917.34,0,tripinfo_EastSilburyToEastAvebury.134 emissions_EastSilburyToEastAvebury.134,electric,0.92,0.0,0.0,0.0,0.0,0.0,0.0,0.0
EastSilburyToEastAvebury.118,2288.0,317_0,0.0,0.0,0.0,5692.0,213_0,19.13,11.94,3404.0,680.87,3157.0,32,0.0,3349.6,0,tripinfo_EastSilburyToEastAvebury.118 emissions_EastSilburyToEastAvebury.118,electric,0.93,0.0,0.0,0.0,0.0,0.0,0.0,0.0
EastSilburyToEastAvebury.129,3142.0,317_0,0.0,0.0,678.0,5693.0,213_0,19.13,13.71,2551.0,680.87,2308.0,30,0.0,2503.19,0,tripinfo_EastSilburyToEastAvebury.129 emissions_EastSilburyToEastAvebury.129,gasoline_euro4,1.06,404703.9427,6641658.322665,1998.611773,164.861682,3035.73935,2118521.085159,0.0
WestA509ToAvebury.166,2988.0,773_0,0.0,0.0,0.0,5695.0,213_0,19.13,13.64,2707.0,2322.44,2281.0,35,0.0,2547.0,0,tripinfo_WestA509ToAvebury.166 emissions_WestA509ToAvebury.166,electric,1.06,0.0,0.0,0.0,0.0,0.0,0.0,0.0
EastSilburyToEastAvebury.140,4862.0,317_0,0.0,0.0,2222.0,5697.0,213_0,19.13,14.43,835.0,680.87,702.0,11,0.0,786.12,0,tripinfo_EastSilburyToEastAvebury.140 emissions_EastSilburyToEastAvebury.140,electric,1.04,0.0,0.0,0.0,0.0,0.0,0.0,0.0
EastSilburyToEastAvebury.135,3979.0,317_0,0.0,0.0,1419.0,5700.0,213_0,19.13,14.65,1721.0,680.87,1520.0,17,0.0,1675.52,0,tripinfo_EastSilburyToEastAvebury.135 emissions_EastSilburyToEastAvebury.135,electric,1.12,0.0,0.0,0.0,0.0,0.0,0.0,0.0
EastSilburyToEastAvebury.125,2400.0,317_0,0.0,0.0,0.0,5705.0,213_0,19.13,11.58,3305.0,680.87,3023.0,38,0.0,3248.86,0,tripinfo_EastSilburyToEastAvebury.125 emissions_EastSilburyToEastAvebury.125,electric,0.91,0.0,0.0,0.0,0.0,0.0,0.0,0.0
WestA509ToAvebury.168,3027.0,773_0,0.0,0.0,3.0,5776.0,213_0,19.13,13.97,2749.0,2322.44,2294.0,35,0.0,2595.49,0,tripinfo_WestA509ToAvebury.168 emissions_WestA509ToAvebury.168,electric,1.1,0.0,0.0,0.0,0.0,0.0,0.0,0.0
EastSilburyToEastAvebury.131,3279.0,317_0,0.0,0.0,783.0,5779.0,213_0,19.13,13.18,2500.0,680.87,2273.0,25,0.0,2449.73,0,tripinfo_EastSilburyToEastAvebury.131 emissions_EastSilburyToEastAvebury.131,gasoline_euro4,1.01,398248.237231,6536786.073177,1966.79818,162.273153,2987.764183,2085069.444569,0.0
WestA509ToAvebury.169,3042.0,773_0,0.0,0.0,0.0,5780.0,213_0,19.13,13.05,2738.0,2322.44,2304.0,38,0.0,2573.05,0,tripinfo_WestA509ToAvebury.169 emissions_WestA509ToAvebury.169,electric,1.02,0.0,0.0,0.0,0.0,0.0,0.0,0.0
WestA509ToAvebury.180,3240.0,773_0,0.0,0.0,0.0,5783.0,213_0,19.13,11.98,2543.0,2322.44,2111.0,33,0.0,2364.97,0,tripinfo_WestA509ToAvebury.180 emissions_WestA509ToAvebury.180,gasoline_euro4,0.95,382776.420748,6631570.070337,1898.269288,160.57599,3004.278833,2115294.283115,0.0
EastSilburyToEastAvebury.94,1904.0,317_0,0.0,0.0,0.0,5785.0,213_0,19.13,15.81,3881.0,680.89,3629.0,33,0.0,3838.43,0,tripinfo_EastSilburyToEastAvebury.94 emissions_EastSilburyToEastAvebury.94,electric,1.2,0.0,0.0,0.0,0.0,0.0,0.0,0.0
WestA509ToAvebury.196,3531.0,773_0,0.0,0.0,3.0,5788.0,213_0,19.13,12.54,2257.0,2322.44,1833.0,32,0.0,2085.5,0,tripinfo_WestA509ToAvebury.196 emissions_WestA509ToAvebury.196,gasoline_euro4,0.99,335657.41295,5891708.265452,1666.134805,141.845988,2663.90209,1879296.143375,0.0
EastSilburyToEastAvebury.138,4638.0,317_0,0.0,0.0,2030.0,5790.0,213_0,19.13,13.93,1152.0,680.87,977.0,13,0.0,1102.13,0,tripinfo_EastSilburyToEastAvebury.138 emissions_EastSilburyToEastAvebury.138,electric,1.03,0.0,0.0,0.0,0.0,0.0,0.0,0.0
WestA509ToAvebury.197,3546.0,773_0,0.0,0.0,0.0,5793.0,213_0,19.13,13.31,2247.0,2322.44,1810.0,27,0.0,2078.08,0,tripinfo_WestA509ToAvebury.197 emissions_WestA509ToAvebury.197,gasoline_euro4,1.0,332714.808697,5851684.952793,1651.704016,140.853769,2645.721912,1866529.35159,0.0
EastSilburyToEastAvebury.130,3197.0,317_0,0.0,0.0,717.0,5865.0,213_0,19.13,14.01,2668.0,680.87,2419.0,23,0.0,2618.84,0,tripinfo_EastSilburyToEastAvebury.130 emissions_EastSilburyToEastAvebury.130,electric,1.02,0.0,0.0,0.0,0.0,0.0,0.0,0.0
WestA509ToAvebury.101,1818.0,773_0,0.0,0.0,0.0,5867.0,213_0,19.13,13.49,4049.0,2288.83,3679.0,29,0.0,3883.1,0,tripinfo_WestA509ToAvebury.101 emissions_WestA509ToAvebury.101,electric,1.0,0.0,0.0,0.0,0.0,0.0,0.0,0.0
EastSilburyToEastAvebury.136,4285.0,317_0,0.0,0.0,1709.0,5870.0,213_0,19.13,12.41,1585.0,680.87,1399.0,18,0.0,1530.87,0,tripinfo_EastSilburyToEastAvebury.136 emissions_EastSilburyToEastAvebury.136,gasoline_euro4,0.93,249054.818034,4150084.434582,1231.309347,102.219382,1891.796217,1323770.470649,0.0
EastSilburyToEastAvebury.121,2336.0,317_0,0.0,0.0,0.0,5872.0,213_0,19.13,13.39,3536.0,680.87,3272.0,34,0.0,3487.98,0,tripinfo_EastSilburyToEastAvebury.121 emissions_EastSilburyToEastAvebury.121,electric,1.05,0.0,0.0,0.0,0.0,0.0,0.0,0.0
EastSilburyToEastAvebury.97,1952.0,317_0,0.0,0.0,0.0,5874.0,213_0,19.13,14.69,3922.0,680.89,3686.0,34,0.0,3876.35,0,tripinfo_EastSilburyToEastAvebury.97 emissions_EastSilburyToEastAvebury.97,gasoline_euro4,1.12,632026.334269,10281549.357263,3119.206944,256.194908,4705.170875,3279556.751654,0.0
EastSilburyToEastAvebury.98,1968.0,317_0,0.0,0.0,0.0,5877.0,213_0,19.13,12.93,3909.0,680.89,3672.0,30,0.0,3857.25,0,tripinfo_EastSilburyToEastAvebury.98 emissions_EastSilburyToEastAvebury.98,electric,0.99,0.0,0.0,0.0,0.0,0.0,0.0,0.0
EastSilburyToEastAvebury.100,2000.0,317_0,0.0,0.0,0.0,5878.0,213_0,19.13,14.05,3878.0,680.89,3641.0,32,0.0,3831.92,0,tripinfo_EastSilburyToEastAvebury.100 emissions_EastSilburyToEastAvebury.100,electric,1.1,0.0,0.0,0.0,0.0,0.0,0.0,0.0
EastSilburyToEastAvebury.101,2016.0,317_0,0.0,0.0,0.0,5952.0,213_0,19.13,16.37,3936.0,680.89,3694.0,30,0.0,3894.47,0,tripinfo_EastSilburyToEastAvebury.101 emissions_EastSilburyToEastAvebury.101,electric,1.22,0.0,0.0,0.0,0.0,0.0,0.0,0.0
EastSilburyToEastAvebury.102,2032.0,317_0,0.0,0.0,0.0,5954.0,213_0,19.13,15.37,3922.0,680.89,3678.0,29,0.0,3877.71,0,tripinfo_EastSilburyToEastAvebury.102 emissions_EastSilburyToEastAvebury.102,gasoline_euro4,1.14,632907.683042,10304666.546938,3123.741681,256.787609,4715.682429,3286930.195601,0.0
EastSilburyToEastAvebury.139,4859.0,317_0,0.0,0.0,2235.0,5957.0,213_0,19.13,13.77,1098.0,680.87,927.0,17,0.0,1051.06,0,tripinfo_EastSilburyToEastAvebury.139 emissions_EastSilburyToEastAvebury.139,gasoline_euro4,1.08,169237.296709,2902295.378052,838.591154,70.836957,1318.905985,925755.344981,0.0
EastSilburyToEastAvebury.106,2096.0,317_0,0.0,0.0,0.0,5961.0,213_0,19.13,12.51,3865.0,680.89,3607.0,27,0.0,3808.42,0,tripinfo_EastSilburyToEastAvebury.106 emissions_EastSilburyToEastAvebury.106,electric,0.9,0.0,0.0,0.0,0.0,0.0,0.0,0.0
EastSilburyToEastAvebury.112,2192.0,317_0,0.0,0.0,0.0,5963.0,213_0,19.13,12.28,3771.0,680.89,3497.0,31,0.0,3715.68,0,tripinfo_EastSilburyToEastAvebury.112 emissions_EastSilburyToEastAvebury.112,electric,0.92,0.0,0.0,0.0,0.0,0.0,0.0,0.0
WestA509ToAvebury.110,1983.0,773_0,0.0,0.0,3.0,5964.0,213_0,19.13,12.32,3981.0,2288.83,3587.0,30,0.0,3810.68,0,tripinfo_WestA509ToAvebury.110 emissions_WestA509ToAvebury.110,electric,0.97,0.0,0.0,0.0,0.0,0.0,0.0,0.0
EastSilburyToEastAvebury.115,2240.0,317_0,0.0,0.0,0.0,5966.0,213_0,19.13,16.6,3726.0,680.89,3452.0,32,0.0,3686.09,0,tripinfo_EastSilburyToEastAvebury.115 emissions_EastSilburyToEastAvebury.115,gasoline_euro4,1.27,598924.625802,9766228.284047,2956.481572,243.362842,4469.88393,3115181.290912,0.0
EastSilburyToEastAvebury.123,2368.0,317_0,0.0,0.0,0.0,5971.0,213_0,19.13,10.95,3603.0,680.89,3293.0,37,0.0,3541.6,0,tripinfo_EastSilburyToEastAvebury.123 emissions_EastSilburyToEastAvebury.123,gasoline_euro4,0.82,575302.014039,9355323.557322,2839.196536,232.881292,4280.783754,2984114.256327,0.0
EastSilburyToEastAvebury.128,2836.0,317_0,0.0,0.0,388.0,6041.0,213_0,19.13,12.89,3205.0,680.89,2918.0,31,0.0,3152.6,0,tripinfo_EastSilburyToEastAvebury.128 emissions_EastSilburyToEastAvebury.128,electric,0.96,0.0,0.0,0.0,0.0,0.0,0.0,0.0
EastSilburyToEastAvebury.133,3548.0,317_0,0.0,0.0,1020.0,6043.0,213_0,19.13,13.12,2495.0,680.89,2224.0,22,0.0,2442.59,0,tripinfo_EastSilburyToEastAvebury.133 emissions_EastSilburyToEastAvebury.133,electric,0.96,0.0,0.0,0.0,0.0,0.0,0.0,0.0
EastSilburyToEastAvebury.137,4331.0,317_0,0.0,0.0,1739.0,6046.0,213_0,19.13,11.89,1715.0,680.89,1505.0,21,0.0,1661.57,0,tripinfo_EastSilburyToEastAvebury.137 emissions_EastSilburyToEastAvebury.137,gasoline_euro4,0.95,268379.441365,4473239.583913,1327.029043,110.397898,2041.143727,1426848.347674,0.0
