id,depart,departLane,departPos,departSpeed,departDelay,arrival,arrivalLane,arrivalPos,arrivalSpeed,duration,routeLength,waitingTime,waitingCount,stopTime,timeLoss,rerouteNo,devices,vType,speedFactor,CO_abs,CO2_abs,HC_abs,PMx_abs,NOx_abs,fuel_abs,electricity_abs
V6ToEastH6.0,0.0,468_1,0.0,0.0,0.0,114.0,522_1,56.88,14.72,114.0,1512.23,0.0,0,0.0,12.55,0,tripinfo_V6ToEastH6.0 emissions_V6ToEastH6.0,gasoline_euro4,1.08,3669.426105,363314.46352,24.216052,5.504637,138.608995,115880.554561,0.0
V6ToEastH6.2,24.0,468_1,0.0,0.0,0.0,141.0,522_1,56.88,14.27,117.0,1512.23,0.0,0,0.0,12.75,0,tripinfo_V6ToEastH6.2 emissions_V6ToEastH6.2,electric,1.05,0.0,0.0,0.0,0.0,0.0,0.0,0.0
V6ToEastH6.1,12.0,468_1,0.0,0.0,0.0,148.0,522_0,56.88,12.22,136.0,1512.23,0.0,0,0.0,12.43,0,tripinfo_V6ToEastH6.1 emissions_V6ToEastH6.1,electric,0.89,0.0,0.0,0.0,0.0,0.0,0.0,0.0
V6ToEastH6.3,36.0,468_1,0.0,0.0,0.0,165.0,522_1,56.88,13.06,129.0,1512.23,0.0,0,0.0,13.3,0,tripinfo_V6ToEastH6.3 emissions_V6ToEastH6.3,electric,0.94,0.0,0.0,0.0,0.0,0.0,0.0,0.0
V6ToEastH6.4,48.0,468_1,0.0,0.0,0.0,170.0,522_1,56.88,13.45,122.0,1512.23,0.0,0,0.0,14.5,0,tripinfo_V6ToEastH6.4 emissions_V6ToEastH6.4,gasoline_euro4,1.02,3784.473393,357411.49372,24.865194,5.290292,136.707399,113998.022096,0.0
V6ToEastH6.5,60.0,468_1,0.0,0.0,0.0,205.0,522_0,56.88,10.49,145.0,1512.23,0.0,0,0.0,12.53,0,tripinfo_V6ToEastH6.5 emissions_V6ToEastH6.5,gasoline_euro4,0.83,4003.809445,337970.076025,25.858193,4.323326,126.613734,107798.125676,0.0
V6ToEastH6.6,72.0,468_1,0.0,0.0,0.0,205.0,522_1,56.88,11.54,133.0,1512.23,0.0,0,0.0,14.18,0,tripinfo_V6ToEastH6.6 emissions_V6ToEastH6.6,electric,0.92,0.0,0.0,0.0,0.0,0.0,0.0,0.0
V6ToEastH6.7,84.0,468_1,0.0,0.0,0.0,207.0,522_0,56.88,15.5,123.0,1512.23,1.0,1,0.0,29.16,0,tripinfo_V6ToEastH6.7 emissions_V6ToEastH6.7,gasoline_euro4,1.17,6021.473424,439917.464849,37.3165,7.804631,177.398556,140313.034681,0.0
V6ToEastH6.8,96.0,468_1,0.0,0.0,0.0,207.0,522_1,56.88,15.18,111.0,1512.23,0.0,0,0.0,18.22,0,tripinfo_V6ToEastH6.8 emissions_V6ToEastH6.8,electric,1.18,0.0,0.0,0.0,0.0,0.0,0.0,0.0
V6ToEastH6.9,108.0,468_1,0.0,0.0,0.0,227.0,522_1,56.88,13.86,119.0,1512.23,0.0,0,0.0,12.48,0,tripinfo_V6ToEastH6.9 emissions_V6ToEastH6.9,gasoline_euro4,1.03,4074.388459,372229.449799,26.498922,5.799704,144.066087,118724.034449,0.0
V6ToEastH6.10,120.0,468_1,0.0,0.0,0.0,241.0,522_1,56.88,14.49,121.0,1512.23,1.0,1,0.0,20.15,0,tripinfo_V6ToEastH6.10 emissions_V6ToEastH6.10,electric,1.09,0.0,0.0,0.0,0.0,0.0,0.0,0.0
V6ToEastH6.11,132.0,468_1,0.0,0.0,0.0,243.0,522_1,56.88,15.12,111.0,1512.23,0.0,0,0.0,17.32,0,tripinfo_V6ToEastH6.11 emissions_V6ToEastH6.11,gasoline_euro4,1.17,4466.640279,392809.537527,29.045939,6.624777,154.321102,125287.721132,0.0
SouthEvansGateToSilbury.1,18.0,526_0,0.0,0.0,0.0,256.0,215_1,19.43,12.2,238.0,1477.55,96.0,3,0.0,124.11,0,tripinfo_SouthEvansGateToSilbury.1 emissions_SouthEvansGateToSilbury.1,electric,0.94,0.0,0.0,0.0,0.0,0.0,0.0,0.0
SouthEvansGateToSilbury.0,0.0,526_0,0.0,0.0,0.0,258.0,215_1,19.43,13.62,258.0,1477.59,123.0,2,0.0,153.86,0,tripinfo_SouthEvansGateToSilbury.0 emissions_SouthEvansGateToSilbury.0,electric,1.03,0.0,0.0,0.0,0.0,0.0,0.0,0.0
SouthEvansGateToSilbury.2,36.0,526_0,0.0,0.0,0.0,259.0,215_1,19.43,15.2,223.0,1477.52,86.0,3,0.0,127.88,0,tripinfo_SouthEvansGateToSilbury.2 emissions_SouthEvansGateToSilbury.2,electric,1.12,0.0,0.0,0.0,0.0,0.0,0.0,0.0
V6ToEastH6.12,144.0,468_1,0.0,0.0,0.0,267.0,522_1,56.88,12.58,123.0,1512.23,0.0,0,0.0,13.67,0,tripinfo_V6ToEastH6.12 emissions_V6ToEastH6.12,electric,1.0,0.0,0.0,0.0,0.0,0.0,0.0,0.0
WestH6ToSaxonSt.2,24.0,524_0,0.0,0.0,0.0,272.0,771_0,56.88,13.97,248.0,2608.48,35.0,1,0.0,62.01,0,tripinfo_WestH6ToSaxonSt.2 emissions_WestH6ToSaxonSt.2,electric,1.03,0.0,0.0,0.0,0.0,0.0,0.0,0.0
EastA509ToH6.0,0.0,770_0,0.0,0.0,0.0,276.0,522_0,56.88,10.57,276.0,1483.75,125.0,2,0.0,146.67,0,tripinfo_EastA509ToH6.0 emissions_EastA509ToH6.0,electric,0.83,0.0,0.0,0.0,0.0,0.0,0.0,0.0
V6ToEastH6.13,156.0,468_1,0.0,0.0,0.0,276.0,522_1,56.88,13.38,120.0,1512.23,0.0,0,0.0,12.78,0,tripinfo_V6ToEastH6.13 emissions_V6ToEastH6.13,gasoline_euro4,1.02,3964.998857,360033.929777,25.864602,5.588891,139.264243,114834.264315,0.0
WestA509ToAvebury.2,36.0,773_0,0.0,0.0,0.0,278.0,213_0,19.13,13.1,242.0,2337.25,49.0,1,0.0,70.5,0,tripinfo_WestA509ToAvebury.2 emissions_WestA509ToAvebury.2,gasoline_euro4,0.99,13659.857777,646800.051364,76.356783,10.663956,255.535712,206302.895082,0.0
WestA509ToEastH6.0,3.0,773_0,0.0,0.0,3.0,284.0,522_1,56.88,13.36,281.0,2762.5,43.0,2,0.0,81.96,0,tripinfo_WestA509ToEastH6.0 emissions_WestA509ToEastH6.0,electric,1.01,0.0,0.0,0.0,0.0,0.0,0.0,0.0
V6ToEastH6.14,168.0,468_1,0.0,0.0,0.0,292.0,522_1,56.88,12.92,124.0,1512.23,0.0,0,0.0,12.83,0,tripinfo_V6ToEastH6.14 emissions_V6ToEastH6.14,gasoline_euro4,0.99,3787.16381,359906.414111,25.152173,5.344786,138.150797,114793.772322,0.0
V6ToEastH6.15,180.0,468_1,0.0,0.0,0.0,312.0,522_1,56.88,11.48,132.0,1512.23,0.0,0,0.0,12.48,0,tripinfo_V6ToEastH6.15 emissions_V6ToEastH6.15,gasoline_euro4,0.91,3897.414543,350632.33107,25.668698,5.07274,134.502559,111836.040496,0.0
WestA509ToEastH6.1,36.0,773_1,0.0,0.0,0.0,320.0,522_1,56.88,12.81,284.0,3082.3,0.0,0,0.0,40.38,0,tripinfo_WestA509ToEastH6.1 emissions_WestA509ToEastH6.1,electric,0.93,0.0,0.0,0.0,0.0,0.0,0.0,0.0
V6ToEastH6.16,192.0,468_1,0.0,0.0,0.0,323.0,522_1,56.88,11.95,131.0,1512.23,0.0,0,0.0,14.43,0,tripinfo_V6ToEastH6.16 emissions_V6ToEastH6.16,gasoline_euro4,0.94,4201.738426,364053.680538,27.07338,5.428859,140.507978,116116.734789,0.0
V6ToEastH6.17,204.0,468_1,0.0,0.0,0.0,335.0,522_1,56.88,12.69,131.0,1512.23,0.0,0,0.0,19.87,0,tripinfo_V6ToEastH6.17 emissions_V6ToEastH6.17,electric,0.98,0.0,0.0,0.0,0.0,0.0,0.0,0.0
V6ToEastH6.18,216.0,468_1,0.0,0.0,0.0,339.0,522_1,56.88,13.98,123.0,1512.23,0.0,0,0.0,15.39,0,tripinfo_V6ToEastH6.18 emissions_V6ToEastH6.18,gasoline_euro4,1.02,4250.997087,382588.314629,27.790205,5.923207,148.323228,122028.138722,0.0
WestA509ToEastH6.2,75.0,773_0,0.0,0.0,3.0,341.0,522_0,56.88,14.88,266.0,2754.97,48.0,3,0.0,92.55,0,tripinfo_WestA509ToEastH6.2 emissions_WestA509ToEastH6.2,gasoline_euro4,1.15,16210.904033,810007.207326,91.258402,14.035006,321.955273,258357.960177,0.0
SouthEvansGateToSilbury.7,126.0,526_0,0.0,0.0,0.0,345.0,215_1,19.43,11.77,219.0,1477.55,70.0,3,0.0,93.24,0,tripinfo_SouthEvansGateToSilbury.7 emissions_SouthEvansGateToSilbury.7,electric,0.85,0.0,0.0,0.0,0.0,0.0,0.0,0.0
SouthEvansGateToSilbury.5,90.0,526_0,0.0,0.0,0.0,347.0,215_1,19.43,13.25,257.0,1477.59,124.0,2,0.0,151.72,0,tripinfo_SouthEvansGateToSilbury.5 emissions_SouthEvansGateToSilbury.5,electric,1.02,0.0,0.0,0.0,0.0,0.0,0.0,0.0
V6ToEastH6.19,228.0,468_1,0.0,0.0,0.0,347.0,522_1,56.88,13.38,119.0,1512.23,0.0,0,0.0,12.44,0,tripinfo_V6ToEastH6.19 emissions_V6ToEastH6.19,gasoline_euro4,1.02,3703.38801,353972.519376,24.644385,5.356698,136.070197,112901.019533,0.0
SouthEvansGateToSilbury.9,162.0,526_0,0.0,0.0,0.0,348.0,215_1,19.43,12.99,186.0,1477.59,56.0,1,0.0,81.13,0,tripinfo_SouthEvansGateToSilbury.9 emissions_SouthEvansGateToSilbury.9,electric,1.02,0.0,0.0,0.0,0.0,0.0,0.0,0.0
WestH6ToSaxonSt.0,0.0,524_0,0.0,0.0,0.0,350.0,771_0,56.88,14.08,350.0,2613.57,133.0,3,0.0,169.25,0,tripinfo_WestH6ToSaxonSt.0 emissions_WestH6ToSaxonSt.0,electric,1.06,0.0,0.0,0.0,0.0,0.0,0.0,0.0
WestH6ToSaxonSt.4,48.0,524_0,0.0,0.0,0.0,352.0,771_0,56.88,15.85,304.0,2607.22,95.0,3,0.0,138.38,0,tripinfo_WestH6ToSaxonSt.4 emissions_WestH6ToSaxonSt.4,electric,1.16,0.0,0.0,0.0,0.0,0.0,0.0,0.0
V6ToEastH6.20,240.0,468_1,0.0,0.0,0.0,354.0,522_1,56.88,14.46,114.0,1512.23,0.0,0,0.0,13.3,0,tripinfo_V6ToEastH6.20 emissions_V6ToEastH6.20,electric,1.09,0.0,0.0,0.0,0.0,0.0,0.0,0.0
WestH6ToSaxonSt.1,12.0,524_0,0.0,0.0,0.0,355.0,771_0,56.88,13.65,343.0,2602.68,111.0,6,0.0,162.74,0,tripinfo_WestH6ToSaxonSt.1 emissions_WestH6ToSaxonSt.1,electric,1.05,0.0,0.0,0.0,0.0,0.0,0.0,0.0
EastA509ToH6.3,54.0,770_0,0.0,0.0,0.0,359.0,522_0,56.88,13.76,305.0,1483.64,165.0,4,0.0,199.14,0,tripinfo_EastA509ToH6.3 emissions_EastA509ToH6.3,electric,1.01,0.0,0.0,0.0,0.0,0.0,0.0,0.0
EastA509ToH6.2,36.0,770_0,0.0,0.0,0.0,363.0,522_0,56.88,12.16,327.0,1483.64,179.0,3,0.0,212.22,0,tripinfo_EastA509ToH6.2 emissions_EastA509ToH6.2,electric,0.94,0.0,0.0,0.0,0.0,0.0,0.0,0.0
WestA509ToAvebury.5,90.0,773_0,0.0,0.0,0.0,366.0,213_1,19.13,13.3,276.0,2337.28,64.0,3,0.0,101.17,0,tripinfo_WestA509ToAvebury.5 emissions_WestA509ToAvebury.5,gasoline_euro4,0.97,18388.035493,761796.955545,100.865686,13.402458,308.952941,242982.611957,0.0
V6ToEastH6.21,252.0,468_1,0.0,0.0,0.0,366.0,522_1,56.88,14.99,114.0,1512.23,0.0,0,0.0,13.99,0,tripinfo_V6ToEastH6.21 emissions_V6ToEastH6.21,gasoline_euro4,1.1,4302.690306,385698.248026,27.773529,6.207899,149.584364,123019.793234,0.0
SouthEvansGateToSilbury.3,54.0,526_0,0.0,0.0,0.0,367.0,215_0,19.43,13.16,313.0,1471.76,172.0,4,0.0,203.9,0,tripinfo_SouthEvansGateToSilbury.3 emissions_SouthEvansGateToSilbury.3,gasoline_euro4,0.97,34989.417869,872478.290586,179.500701,18.289311,374.72883,278290.935821,0.0
WestA509ToAvebury.3,54.0,773_0,0.0,0.0,0.0,367.0,213_0,19.13,11.75,313.0,2337.25,91.0,3,0.0,121.9,0,tripinfo_WestA509ToAvebury.3 emissions_WestA509ToAvebury.3,gasoline_euro4,0.89,22673.857011,813189.795009,121.657125,14.28055,330.559435,259376.821053,0.0
SouthEvansGateToSilbury.6,108.0,526_0,0.0,0.0,0.0,367.0,215_1,19.43,12.59,259.0,1471.71,114.0,4,0.0,147.81,0,tripinfo_SouthEvansGateToSilbury.6 emissions_SouthEvansGateToSilbury.6,gasoline_euro4,0.96,25473.704113,714038.325656,132.262283,14.25016,301.826819,227752.766416,0.0
SouthEvansGateToSilbury.4,72.0,526_0,0.0,0.0,0.0,369.0,215_0,19.43,15.7,297.0,1471.73,151.0,4,0.0,202.48,0,tripinfo_SouthEvansGateToSilbury.4 emissions_SouthEvansGateToSilbury.4,gasoline_euro4,1.13,33489.670725,887825.121816,173.095891,18.913844,383.813055,283184.303125,0.0
SouthEvansGateToSilbury.8,144.0,526_0,0.0,0.0,0.0,369.0,215_1,19.43,15.38,225.0,1471.7,95.0,3,0.0,131.3,0,tripinfo_SouthEvansGateToSilbury.8 emissions_SouthEvansGateToSilbury.8,gasoline_euro4,1.14,22227.702216,685736.484419,116.617248,13.851185,289.597949,218723.870835,0.0
EastA509ToH6.5,90.0,770_0,0.0,0.0,0.0,372.0,522_0,56.88,12.66,282.0,1483.75,126.0,4,0.0,174.12,0,tripinfo_EastA509ToH6.5 emissions_EastA509ToH6.5,gasoline_euro4,0.99,28932.807643,799075.504285,149.910709,16.124878,339.139884,254876.63085,0.0
EastA509ToH6.6,108.0,770_0,0.0,0.0,0.0,374.0,522_1,56.88,14.19,266.0,1483.82,112.0,4,0.0,167.44,0,tripinfo_EastA509ToH6.6 emissions_EastA509ToH6.6,electric,1.09,0.0,0.0,0.0,0.0,0.0,0.0,0.0
EastA509ToH6.4,72.0,770_0,0.0,0.0,0.0,375.0,522_0,56.88,12.65,303.0,1483.77,136.0,5,0.0,189.5,0,tripinfo_EastA509ToH6.4 emissions_EastA509ToH6.4,electric,0.95,0.0,0.0,0.0,0.0,0.0,0.0,0.0
EastA509ToH6.9,162.0,770_0,0.0,0.0,0.0,378.0,522_1,56.88,13.9,216.0,1483.69,76.0,2,0.0,116.41,0,tripinfo_EastA509ToH6.9 emissions_EastA509ToH6.9,electric,1.08,0.0,0.0,0.0,0.0,0.0,0.0,0.0
EastA509ToH6.1,18.0,770_0,0.0,0.0,0.0,381.0,522_0,56.88,11.0,363.0,1483.82,194.0,4,0.0,237.45,0,tripinfo_EastA509ToH6.1 emissions_EastA509ToH6.1,gasoline_euro4,0.86,39785.673732,947043.839558,203.143906,19.707248,407.255085,302076.06627,0.0
V6ToEastH6.22,264.0,468_1,0.0,0.0,0.0,385.0,522_1,56.88,13.66,121.0,1512.23,0.0,0,0.0,13.15,0,tripinfo_V6ToEastH6.22 emissions_V6ToEastH6.22,gasoline_euro4,1.01,3538.0366,354157.005701,23.453046,4.979324,133.156082,112960.16188,0.0
V6ToEastH6.23,276.0,468_1,0.0,0.0,0.0,390.0,522_1,56.88,15.07,114.0,1512.23,0.0,0,0.0,14.79,0,tripinfo_V6ToEastH6.23 emissions_V6ToEastH6.23,gasoline_euro4,1.1,4627.928869,390087.30293,29.693236,6.615233,154.600325,124419.488199,0.0
WestH6ToSaxonSt.7,84.0,524_0,0.0,0.0,0.0,401.0,771_1,56.88,13.04,317.0,2767.88,58.0,3,0.0,110.99,0,tripinfo_WestH6ToSaxonSt.7 emissions_WestH6ToSaxonSt.7,gasoline_euro4,1.01,20515.560894,920927.653976,113.88719,16.051151,372.207707,293737.95716,0.0
WestH6ToSaxonSt.3,36.0,524_0,0.0,0.0,0.0,409.0,771_1,56.88,11.7,373.0,2767.85,89.0,3,0.0,136.5,0,tripinfo_WestH6ToSaxonSt.3 emissions_WestH6ToSaxonSt.3,gasoline_euro4,0.88,26244.810528,984036.877275,142.067567,17.704683,404.495779,313869.233117,0.0
WestA509ToEastH6.3,108.0,773_1,0.0,0.0,0.0,409.0,522_1,56.88,12.28,301.0,3082.3,14.0,1,0.0,51.45,0,tripinfo_WestA509ToEastH6.3 emissions_WestA509ToEastH6.3,electric,0.9,0.0,0.0,0.0,0.0,0.0,0.0,0.0
WestH6ToSaxonSt.8,96.0,524_0,0.0,0.0,0.0,410.0,771_1,56.88,13.9,314.0,2574.96,82.0,4,0.0,142.78,0,tripinfo_WestH6ToSaxonSt.8 emissions_WestH6ToSaxonSt.8,gasoline_euro4,1.1,24231.021446,932665.353497,131.373948,17.601829,385.676017,297482.457437,0.0
WestA509ToAvebury.1,18.0,773_0,0.0,0.0,0.0,415.0,213_0,19.13,14.39,397.0,2286.79,214.0,3,0.0,244.86,0,tripinfo_WestA509ToAvebury.1 emissions_WestA509ToAvebury.1,electric,1.09,0.0,0.0,0.0,0.0,0.0,0.0,0.0
V6ToEastH6.24,288.0,468_1,0.0,0.0,0.0,417.0,522_1,56.88,12.51,129.0,1512.23,0.0,0,0.0,13.32,0,tripinfo_V6ToEastH6.24 emissions_V6ToEastH6.24,electric,0.94,0.0,0.0,0.0,0.0,0.0,0.0,0.0
WestA509ToAvebury.0,0.0,773_0,0.0,0.0,0.0,419.0,213_0,19.13,12.52,419.0,2288.55,202.0,4,0.0,241.55,0,tripinfo_WestA509ToAvebury.0 emissions_WestA509ToAvebury.0,electric,0.94,0.0,0.0,0.0,0.0,0.0,0.0,0.0
WestA509ToAvebury.4,72.0,773_0,0.0,0.0,0.0,420.0,213_0,19.13,14.41,348.0,2288.57,162.0,4,0.0,207.25,0,tripinfo_WestA509ToAvebury.4 emissions_WestA509ToAvebury.4,electric,1.18,0.0,0.0,0.0,0.0,0.0,0.0,0.0
WestA509ToAvebury.6,108.0,773_0,0.0,0.0,0.0,422.0,213_0,19.13,13.45,314.0,2288.57,118.0,3,0.0,153.95,0,tripinfo_WestA509ToAvebury.6 emissions_WestA509ToAvebury.6,electric,1.04,0.0,0.0,0.0,0.0,0.0,0.0,0.0
V6ToEastH6.25,300.0,468_1,0.0,0.0,0.0,423.0,522_1,56.88,13.66,123.0,1512.23,0.0,0,0.0,16.57,0,tripinfo_V6ToEastH6.25 emissions_V6ToEastH6.25,gasoline_euro4,1.03,4430.724582,382502.548253,28.596074,6.057114,149.324539,122000.716814,0.0
SouthEvansGateToSilbury.11,198.0,526_0,0.0,0.0,0.0,431.0,215_1,19.43,13.12,233.0,1477.52,95.0,2,0.0,121.36,0,tripinfo_SouthEvansGateToSilbury.11 emissions_SouthEvansGateToSilbury.11,electric,0.96,0.0,0.0,0.0,0.0,0.0,0.0,0.0
V6ToEastH6.26,312.0,468_1,0.0,0.0,0.0,432.0,522_1,56.88,13.05,120.0,1512.23,0.0,0,0.0,11.39,0,tripinfo_V6ToEastH6.26 emissions_V6ToEastH6.26,electric,1.01,0.0,0.0,0.0,0.0,0.0,0.0,0.0
SouthEvansGateToSilbury.12,216.0,526_0,0.0,0.0,0.0,433.0,215_1,19.43,15.14,217.0,1477.56,79.0,4,0.0,123.63,0,tripinfo_SouthEvansGateToSilbury.12 emissions_SouthEvansGateToSilbury.12,electric,1.15,0.0,0.0,0.0,0.0,0.0,0.0,0.0
V6ToEastH6.27,324.0,468_1,0.0,0.0,0.0,433.0,522_1,56.88,16.71,109.0,1512.23,0.0,0,0.0,20.0,0,tripinfo_V6ToEastH6.27 emissions_V6ToEastH6.27,electric,1.23,0.0,0.0,0.0,0.0,0.0,0.0,0.0
SouthEvansGateToSilbury.10,180.0,526_0,0.0,0.0,0.0,436.0,215_1,19.43,12.09,256.0,1477.62,102.0,3,0.0,138.05,0,tripinfo_SouthEvansGateToSilbury.10 emissions_SouthEvansGateToSilbury.10,electric,0.91,0.0,0.0,0.0,0.0,0.0,0.0,0.0
SouthEvansGateToSilbury.13,234.0,526_0,0.0,0.0,0.0,438.0,215_1,19.43,14.06,204.0,1477.59,59.0,4,0.0,98.28,0,tripinfo_SouthEvansGateToSilbury.13 emissions_SouthEvansGateToSilbury.13,electric,1.02,0.0,0.0,0.0,0.0,0.0,0.0,0.0
WestH6ToSaxonSt.6,72.0,524_0,0.0,0.0,0.0,442.0,771_0,56.88,12.77,370.0,2613.57,129.0,2,0.0,164.47,0,tripinfo_WestH6ToSaxonSt.6 emissions_WestH6ToSaxonSt.6,electric,0.93,0.0,0.0,0.0,0.0,0.0,0.0,0.0
EastA509ToH6.10,180.0,770_0,0.0,0.0,0.0,442.0,522_0,56.88,14.14,262.0,1483.8,120.0,3,0.0,156.57,0,tripinfo_EastA509ToH6.10 emissions_EastA509ToH6.10,gasoline_euro4,1.02,26820.918435,759153.906263,139.32404,15.339446,321.416171,242142.652828,0.0
WestH6ToSaxonSt.13,156.0,524_0,0.0,0.0,0.0,444.0,771_0,56.88,12.45,288.0,2608.48,56.0,1,0.0,90.79,0,tripinfo_WestH6ToSaxonSt.13 emissions_WestH6ToSaxonSt.13,electric,0.97,0.0,0.0,0.0,0.0,0.0,0.0,0.0
WestH6ToSaxonSt.12,144.0,524_0,0.0,0.0,0.0,445.0,771_0,56.88,14.31,301.0,2599.3,80.0,3,0.0,129.71,0,tripinfo_WestH6ToSaxonSt.12 emissions_WestH6ToSaxonSt.12,electric,1.1,0.0,0.0,0.0,0.0,0.0,0.0,0.0
EastA509ToH6.7,126.0,770_0,0.0,0.0,0.0,450.0,522_0,56.88,12.2,324.0,1483.77,172.0,4,0.0,204.67,0,tripinfo_EastA509ToH6.7 emissions_EastA509ToH6.7,electric,0.9,0.0,0.0,0.0,0.0,0.0,0.0,0.0
EastA509ToH6.8,144.0,770_0,0.0,0.0,0.0,450.0,522_1,56.88,13.08,306.0,1483.82,154.0,4,0.0,198.72,0,tripinfo_EastA509ToH6.8 emissions_EastA509ToH6.8,gasoline_euro4,1.0,33222.408835,852149.388559,170.907314,17.822139,366.267253,271806.094333,0.0
WestH6ToSaxonSt.9,108.0,524_0,0.0,0.0,0.0,455.0,771_0,56.88,13.84,347.0,2602.68,108.0,5,0.0,166.34,0,tripinfo_WestH6ToSaxonSt.9 emissions_WestH6ToSaxonSt.9,electric,1.04,0.0,0.0,0.0,0.0,0.0,0.0,0.0
WestA509ToAvebury.8,147.0,773_0,0.0,0.0,3.0,455.0,213_0,19.13,12.14,308.0,2337.28,88.0,2,0.0,119.19,0,tripinfo_WestA509ToAvebury.8 emissions_WestA509ToAvebury.8,gasoline_euro4,0.9,22056.028552,804417.907593,118.7122,14.274818,327.917288,256578.510523,0.0
WestA509ToEastH6.6,216.0,773_0,0.0,0.0,0.0,456.0,522_1,56.88,13.4,240.0,2762.5,17.0,1,0.0,45.64,0,tripinfo_WestA509ToEastH6.6 emissions_WestA509ToEastH6.6,electric,1.03,0.0,0.0,0.0,0.0,0.0,0.0,0.0
V6ToEastH6.28,336.0,468_1,0.0,0.0,0.0,459.0,522_1,56.88,15.33,123.0,1512.23,0.0,0,0.0,25.09,0,tripinfo_V6ToEastH6.28 emissions_V6ToEastH6.28,gasoline_euro4,1.11,5599.931724,423017.520829,34.794226,7.154608,167.979249,134923.025351,0.0
WestH6ToSaxonSt.5,60.0,524_0,0.0,0.0,0.0,460.0,771_0,56.88,10.83,400.0,2602.7,137.0,5,0.0,184.49,0,tripinfo_WestH6ToSaxonSt.5 emissions_WestH6ToSaxonSt.5,electric,0.87,0.0,0.0,0.0,0.0,0.0,0.0,0.0
V6ToEastH6.29,348.0,468_1,0.0,0.0,0.0,470.0,522_1,56.88,13.56,122.0,1512.23,0.0,0,0.0,13.07,0,tripinfo_V6ToEastH6.29 emissions_V6ToEastH6.29,gasoline_euro4,1.0,3930.056974,359923.061056,25.78834,5.505539,139.100253,114798.99039,0.0
V6ToEastH6.30,360.0,468_1,0.0,0.0,0.0,487.0,522_1,56.88,12.24,127.0,1512.23,0.0,0,0.0,13.11,0,tripinfo_V6ToEastH6.30 emissions_V6ToEastH6.30,electric,0.96,0.0,0.0,0.0,0.0,0.0,0.0,0.0
WestH6ToSaxonSt.10,120.0,524_0,0.0,0.0,0.0,489.0,771_1,56.88,12.73,369.0,2767.88,96.0,4,0.0,161.81,0,tripinfo_WestH6ToSaxonSt.10 emissions_WestH6ToSaxonSt.10,gasoline_euro4,1.0,28537.96036,1076133.114611,154.346615,20.123037,445.278059,343243.395415,0.0
EastAveburyToWestA509.5,242.0,483_1,0.0,0.0,0.0,491.0,774_0,29.75,13.99,249.0,2311.97,25.0,4,0.0,78.01,0,tripinfo_EastAveburyToWestA509.5 emissions_EastAveburyToWestA509.5,electric,1.01,0.0,0.0,0.0,0.0,0.0,0.0,0.0
EastAveburyToWestA509.10,285.0,483_1,0.0,0.0,0.0,497.0,774_0,29.75,13.97,212.0,2241.69,12.0,1,0.0,61.26,0,tripinfo_EastAveburyToWestA509.10 emissions_EastAveburyToWestA509.10,electric,1.1,0.0,0.0,0.0,0.0,0.0,0.0,0.0
WestH6ToSaxonSt.11,132.0,524_0,0.0,0.0,0.0,498.0,771_1,56.88,10.82,366.0,2574.94,96.0,5,0.0,145.23,0,tripinfo_WestH6ToSaxonSt.11 emissions_WestH6ToSaxonSt.11,gasoline_euro4,0.85,26067.109767,904484.003414,139.447504,15.956979,369.297157,288496.632518,0.0
WestH6ToSaxonSt.17,204.0,524_0,0.0,0.0,0.0,499.0,771_1,56.88,13.24,295.0,2574.97,59.0,4,0.0,107.75,0,tripinfo_WestH6ToSaxonSt.17 emissions_WestH6ToSaxonSt.17,gasoline_euro4,1.01,18666.675955,829973.980497,103.5038,14.367792,334.288239,264727.760398,0.0
WestH6ToSaxonSt.14,168.0,524_0,0.0,0.0,0.0,501.0,771_1,56.88,12.5,333.0,2767.88,50.0,4,0.0,112.43,0,tripinfo_WestH6ToSaxonSt.14 emissions_WestH6ToSaxonSt.14,gasoline_euro4,0.94,20985.119272,922985.538634,116.476331,15.976355,374.207745,294394.690946,0.0
EastAveburyToWestA509.0,200.0,483_0,0.0,0.0,0.0,501.0,774_0,29.75,14.17,301.0,2254.73,104.0,3,0.0,141.4,0,tripinfo_EastAveburyToWestA509.0 emissions_EastAveburyToWestA509.0,gasoline_euro4,1.03,25930.873455,898593.328993,138.244918,17.301972,373.707877,286616.130185,0.0
WestA509ToEastH6.5,180.0,773_1,0.0,0.0,0.0,503.0,522_0,56.88,11.12,323.0,3082.3,29.0,2,0.0,67.29,0,tripinfo_WestA509ToEastH6.5 emissions_WestA509ToEastH6.5,electric,0.88,0.0,0.0,0.0,0.0,0.0,0.0,0.0
WestH6ToSaxonSt.16,192.0,524_0,0.0,0.0,0.0,503.0,771_1,56.88,12.97,311.0,2767.88,36.0,4,0.0,98.96,0,tripinfo_WestH6ToSaxonSt.16 emissions_WestH6ToSaxonSt.16,gasoline_euro4,0.97,18924.579242,914910.161449,107.037187,16.186489,373.019899,291817.396614,0.0
EastAveburyToWestA509.1,208.0,483_0,0.0,0.0,0.0,504.0,774_1,29.75,14.6,296.0,2264.23,95.0,3,0.0,144.16,0,tripinfo_EastAveburyToWestA509.1 emissions_EastAveburyToWestA509.1,gasoline_euro4,1.09,26192.548522,962860.281387,141.261792,18.978554,404.488914,307113.17712,0.0
EastAveburyToWestA509.3,225.0,483_0,0.0,0.0,0.0,504.0,774_0,29.75,14.48,279.0,2254.74,76.0,3,0.0,120.97,0,tripinfo_EastAveburyToWestA509.3 emissions_EastAveburyToWestA509.3,gasoline_euro4,1.04,22135.196364,857841.14188,120.153354,16.285568,355.701449,273616.343078,0.0
V6ToEastH6.31,372.0,468_1,0.0,0.0,0.0,505.0,522_1,56.88,11.5,133.0,1512.23,0.0,0,0.0,12.79,0,tripinfo_V6ToEastH6.31 emissions_V6ToEastH6.31,electric,0.91,0.0,0.0,0.0,0.0,0.0,0.0,0.0
V6ToEastH6.32,384.0,468_1,0.0,0.0,0.0,506.0,522_1,56.88,13.98,122.0,1512.23,0.0,0,0.0,18.5,0,tripinfo_V6ToEastH6.32 emissions_V6ToEastH6.32,electric,1.05,0.0,0.0,0.0,0.0,0.0,0.0,0.0
WestA509ToAvebury.7,126.0,773_0,0.0,0.0,0.0,509.0,213_0,19.13,11.74,383.0,2288.6,159.0,5,0.0,193.74,0,tripinfo_WestA509ToAvebury.7 emissions_WestA509ToAvebury.7,electric,0.88,0.0,0.0,0.0,0.0,0.0,0.0,0.0
WestA509ToEastH6.4,144.0,773_0,0.0,0.0,0.0,509.0,522_0,56.88,12.97,365.0,2755.0,123.0,3,0.0,168.19,0,tripinfo_WestA509ToEastH6.4 emissions_WestA509ToEastH6.4,gasoline_euro4,1.02,29433.281471,1020658.605389,156.877326,18.980046,419.748386,325550.968115,0.0
EastAveburyToWestA509.2,217.0,483_0,0.0,0.0,0.0,510.0,774_0,29.75,13.1,293.0,2257.78,84.0,3,0.0,128.39,0,tripinfo_EastAveburyToWestA509.2 emissions_EastAveburyToWestA509.2,gasoline_euro4,1.0,23431.15042,880287.682078,126.720974,16.585952,364.955044,280776.473857,0.0
WestA509ToAvebury.9,162.0,773_0,0.0,0.0,0.0,511.0,213_0,19.13,14.94,349.0,2288.55,150.0,5,0.0,200.12,0,tripinfo_WestA509ToAvebury.9 emissions_WestA509ToAvebury.9,electric,1.12,0.0,0.0,0.0,0.0,0.0,0.0,0.0
WestA509ToAvebury.10,180.0,773_0,0.0,0.0,0.0,513.0,213_0,19.13,14.12,333.0,2288.55,121.0,5,0.0,170.01,0,tripinfo_WestA509ToAvebury.10 emissions_WestA509ToAvebury.10,electric,1.02,0.0,0.0,0.0,0.0,0.0,0.0,0.0
WestA509ToEastH6.7,252.0,773_0,0.0,0.0,0.0,513.0,522_0,56.88,14.92,261.0,2755.0,52.0,2,0.0,82.35,0,tripinfo_WestA509ToEastH6.7 emissions_WestA509ToEastH6.7,gasoline_euro4,1.12,16272.819417,804785.687457,91.622022,14.222122,322.244351,256692.306148,0.0
EastAveburyToWestA509.7,259.0,483_1,0.0,0.0,0.0,516.0,774_0,29.75,11.26,257.0,2307.67,18.0,3,0.0,63.53,0,tripinfo_EastAveburyToWestA509.7 emissions_EastAveburyToWestA509.7,electric,0.89,0.0,0.0,0.0,0.0,0.0,0.0,0.0
V6ToEastH6.33,396.0,468_1,0.0,0.0,0.0,521.0,522_1,56.88,12.59,125.0,1512.23,0.0,0,0.0,13.5,0,tripinfo_V6ToEastH6.33 emissions_V6ToEastH6.33,gasoline_euro4,0.98,3932.814045,357923.130762,25.780732,5.412455,138.263436,114161.176373,0.0
V6ToEastH6.34,408.0,468_1,0.0,0.0,0.0,525.0,522_1,56.88,14.14,117.0,1512.23,0.0,0,0.0,16.91,0,tripinfo_V6ToEastH6.34 emissions_V6ToEastH6.34,electric,1.09,0.0,0.0,0.0,0.0,0.0,0.0,0.0
WestH6ToSaxonSt.15,180.0,524_0,0.0,0.0,0.0,527.0,771_0,56.88,13.28,347.0,2613.57,129.0,3,0.0,162.96,0,tripinfo_WestH6ToSaxonSt.15 emissions_WestH6ToSaxonSt.15,electric,1.04,0.0,0.0,0.0,0.0,0.0,0.0,0.0
SouthEvansGateToSilbury.21,378.0,526_0,0.0,0.0,0.0,530.0,215_1,19.43,13.7,152.0,1477.52,35.0,1,0.0,52.27,0,tripinfo_SouthEvansGateToSilbury.21 emissions_SouthEvansGateToSilbury.21,electric,1.08,0.0,0.0,0.0,0.0,0.0,0.0,0.0
V6ToEastH6.35,420.0,468_1,0.0,0.0,0.0,535.0,522_1,56.88,14.43,115.0,1512.23,0.0,0,0.0,13.65,0,tripinfo_V6ToEastH6.35 emissions_V6ToEastH6.35,electric,1.08,0.0,0.0,0.0,0.0,0.0,0.0,0.0
WestH6ToSaxonSt.19,228.0,524_0,0.0,0.0,0.0,540.0,771_0,56.88,13.3,312.0,2613.57,82.0,4,0.0,121.5,0,tripinfo_WestH6ToSaxonSt.19 emissions_WestH6ToSaxonSt.19,electric,1.01,0.0,0.0,0.0,0.0,0.0,0.0,0.0
EastA509ToH6.12,216.0,770_0,0.0,0.0,0.0,541.0,522_0,56.88,12.46,325.0,1483.64,177.0,4,0.0,214.19,0,tripinfo_EastA509ToH6.12 emissions_EastA509ToH6.12,gasoline_euro4,0.97,36441.649029,899011.023439,186.490978,18.812213,385.914176,286754.229111,0.0
WestH6ToSaxonSt.23,276.0,524_0,0.0,0.0,0.0,541.0,771_0,56.88,14.01,265.0,2608.48,46.0,1,0.0,75.91,0,tripinfo_WestH6ToSaxonSt.23 emissions_WestH6ToSaxonSt.23,electric,1.01,0.0,0.0,0.0,0.0,0.0,0.0,0.0
WestA509ToAvebury.14,255.0,773_0,0.0,0.0,3.0,542.0,213_0,19.13,13.43,287.0,2337.28,75.0,3,0.0,111.24,0,tripinfo_WestA509ToAvebury.14 emissions_WestA509ToAvebury.14,gasoline_euro4,0.97,20407.884507,784512.920103,110.635107,14.188671,320.722887,250228.596602,0.0
EastA509ToH6.16,288.0,770_0,0.0,0.0,0.0,542.0,522_1,56.88,16.33,254.0,1483.8,119.0,4,0.0,162.94,0,tripinfo_EastA509ToH6.16 emissions_EastA509ToH6.16,electric,1.18,0.0,0.0,0.0,0.0,0.0,0.0,0.0
EastA509ToH6.11,198.0,770_0,0.0,0.0,0.0,543.0,522_0,56.88,13.61,345.0,1483.75,200.0,4,0.0,235.88,0,tripinfo_EastA509ToH6.11 emissions_EastA509ToH6.11,gasoline_euro4,0.98,40080.820465,980762.512235,204.942013,20.781661,422.934005,312830.090272,0.0
SouthEvansGateToSilbury.14,252.0,526_0,0.0,0.0,0.0,543.0,215_1,19.43,13.2,291.0,1471.73,148.0,4,0.0,180.04,0,tripinfo_SouthEvansGateToSilbury.14 emissions_SouthEvansGateToSilbury.14,gasoline_euro4,0.96,30918.735193,803550.453763,159.210788,16.505952,342.984032,256304.843499,0.0
SouthEvansGateToSilbury.15,270.0,526_0,0.0,0.0,0.0,545.0,215_1,19.43,13.23,275.0,1471.71,123.0,4,0.0,164.1,0,tripinfo_SouthEvansGateToSilbury.15 emissions_SouthEvansGateToSilbury.15,gasoline_euro4,0.96,27604.872587,766700.748096,143.22169,15.347596,324.125303,244550.342199,0.0
SouthEvansGateToSilbury.16,288.0,526_0,0.0,0.0,0.0,547.0,215_1,19.43,12.98,259.0,1471.73,120.0,3,0.0,152.76,0,tripinfo_SouthEvansGateToSilbury.16 emissions_SouthEvansGateToSilbury.16,gasoline_euro4,1.0,25610.773604,707923.515837,132.747932,14.264986,299.781883,225802.448556,0.0
SouthEvansGateToSilbury.18,324.0,526_0,0.0,0.0,0.0,548.0,215_1,19.43,14.28,224.0,1471.7,94.0,3,0.0,129.29,0,tripinfo_SouthEvansGateToSilbury.18 emissions_SouthEvansGateToSilbury.18,gasoline_euro4,1.12,21859.778705,672814.461942,114.843535,13.45083,283.487581,214602.482984,0.0
EastA509ToH6.14,252.0,770_0,0.0,0.0,0.0,549.0,522_1,56.88,14.02,297.0,1483.82,129.0,5,0.0,196.07,0,tripinfo_EastA509ToH6.14 emissions_EastA509ToH6.14,electric,1.06,0.0,0.0,0.0,0.0,0.0,0.0,0.0
EastA509ToH6.13,234.0,770_0,0.0,0.0,0.0,550.0,522_0,56.88,11.33,316.0,1483.77,147.0,5,0.0,187.7,0,tripinfo_EastA509ToH6.13 emissions_EastA509ToH6.13,electric,0.83,0.0,0.0,0.0,0.0,0.0,0.0,0.0
EastA509ToH6.15,270.0,770_0,0.0,0.0,0.0,550.0,522_1,56.88,14.58,280.0,1483.82,113.0,4,0.0,179.67,0,tripinfo_EastA509ToH6.15 emissions_EastA509ToH6.15,gasoline_euro4,1.06,28278.809754,809333.286956,147.447955,16.576832,346.01804,258147.519472,0.0
EastAveburyToWestA509.11,293.0,483_1,0.0,0.0,0.0,573.0,774_0,29.75,14.86,280.0,2311.97,73.0,4,0.0,123.58,0,tripinfo_EastAveburyToWestA509.11 emissions_EastAveburyToWestA509.11,electric,1.1,0.0,0.0,0.0,0.0,0.0,0.0,0.0
V6ToEastH6.36,432.0,468_1,0.0,0.0,0.0,574.0,522_1,56.88,11.73,142.0,1512.23,3.0,1,0.0,20.95,0,tripinfo_V6ToEastH6.36 emissions_V6ToEastH6.36,electric,0.9,0.0,0.0,0.0,0.0,0.0,0.0,0.0
EastAveburyToWestA509.16,336.0,483_0,0.0,0.0,0.0,582.0,774_0,29.75,14.88,246.0,2254.71,60.0,5,0.0,104.52,0,tripinfo_EastAveburyToWestA509.16 emissions_EastAveburyToWestA509.16,gasoline_euro4,1.16,19365.244714,806350.144106,106.013984,15.312043,331.842724,257191.918355,0.0
V6ToEastH6.38,456.0,468_1,0.0,0.0,0.0,585.0,522_1,56.88,15.21,129.0,1512.23,2.0,1,0.0,30.69,0,tripinfo_V6ToEastH6.38 emissions_V6ToEastH6.38,electric,1.11,0.0,0.0,0.0,0.0,0.0,0.0,0.0
WestH6ToSaxonSt.18,216.0,524_0,0.0,0.0,0.0,586.0,771_1,56.88,13.15,370.0,2767.88,100.0,4,0.0,159.2,0,tripinfo_WestH6ToSaxonSt.18 emissions_WestH6ToSaxonSt.18,gasoline_euro4,0.98,29122.074244,1066490.37063,156.831335,20.162804,443.650254,340167.977225,0.0
V6ToEastH6.37,444.0,468_1,0.0,0.0,0.0,586.0,522_0,56.88,11.39,142.0,1512.23,0.0,0,0.0,12.33,0,tripinfo_V6ToEastH6.37 emissions_V6ToEastH6.37,gasoline_euro4,0.84,4043.244329,345383.413062,26.152423,4.607942,130.455492,110162.429391,0.0
EastAveburyToWestA509.13,310.0,483_1,0.0,0.0,0.0,587.0,774_0,29.75,15.45,277.0,2241.68,66.0,6,0.0,128.75,0,tripinfo_EastAveburyToWestA509.13 emissions_EastAveburyToWestA509.13,electric,1.12,0.0,0.0,0.0,0.0,0.0,0.0,0.0
V6ToEastH6.39,468.0,468_1,0.0,0.0,0.0,587.0,522_1,56.88,14.73,119.0,1512.23,0.0,0,0.0,20.09,0,tripinfo_V6ToEastH6.39 emissions_V6ToEastH6.39,electric,1.1,0.0,0.0,0.0,0.0,0.0,0.0,0.0
WestH6ToSaxonSt.22,264.0,524_0,0.0,0.0,0.0,588.0,771_1,56.88,14.82,324.0,2767.88,77.0,4,0.0,131.39,0,tripinfo_WestH6ToSaxonSt.22 emissions_WestH6ToSaxonSt.22,gasoline_euro4,1.07,24800.425641,1024349.818043,136.018882,19.223324,422.597324,326725.063631,0.0
EastAveburyToWestA509.14,319.0,483_0,0.0,0.0,0.0,591.0,774_0,29.75,14.53,272.0,2257.75,69.0,3,0.0,117.77,0,tripinfo_EastAveburyToWestA509.14 emissions_EastAveburyToWestA509.14,electric,1.07,0.0,0.0,0.0,0.0,0.0,0.0,0.0
WestA509ToAvebury.11,198.0,773_0,0.0,0.0,0.0,594.0,213_0,19.13,13.75,396.0,2288.57,174.0,7,0.0,238.74,0,tripinfo_WestA509ToAvebury.11 emissions_WestA509ToAvebury.11,electric,1.06,0.0,0.0,0.0,0.0,0.0,0.0,0.0
WestA509ToAvebury.12,219.0,773_0,0.0,0.0,3.0,597.0,213_0,19.13,13.82,378.0,2288.6,171.0,5,0.0,211.08,0,tripinfo_WestA509ToAvebury.12 emissions_WestA509ToAvebury.12,electric,1.0,0.0,0.0,0.0,0.0,0.0,0.0,0.0
EastAveburyToWestA509.15,327.0,483_0,0.0,0.0,0.0,597.0,774_0,29.75,13.06,270.0,2257.79,56.0,3,0.0,105.26,0,tripinfo_EastAveburyToWestA509.15 emissions_EastAveburyToWestA509.15,electric,1.0,0.0,0.0,0.0,0.0,0.0,0.0,0.0
WestA509ToAvebury.13,234.0,773_0,0.0,0.0,0.0,599.0,213_0,19.13,12.24,365.0,2288.75,142.0,5,0.0,185.05,0,tripinfo_WestA509ToAvebury.13 emissions_WestA509ToAvebury.13,electric,0.92,0.0,0.0,0.0,0.0,0.0,0.0,0.0
EastAveburyToWestA509.8,268.0,483_1,0.0,0.0,0.0,599.0,774_1,29.75,13.72,331.0,2219.98,133.0,4,0.0,175.46,0,tripinfo_EastAveburyToWestA509.8 emissions_EastAveburyToWestA509.8,electric,1.03,0.0,0.0,0.0,0.0,0.0,0.0,0.0
WestA509ToEastH6.8,288.0,773_0,0.0,0.0,0.0,600.0,522_0,56.88,12.31,312.0,2754.93,66.0,2,0.0,94.65,0,tripinfo_WestA509ToEastH6.8 emissions_WestA509ToEastH6.8,gasoline_euro4,0.92,18322.332939,808950.514105,101.670006,13.399145,322.370778,258022.953206,0.0
EastSilburyToEastAvebury.1,416.0,317_0,0.0,0.0,0.0,601.0,213_0,19.13,14.21,185.0,1576.67,27.0,5,0.0,72.15,0,tripinfo_EastSilburyToEastAvebury.1 emissions_EastSilburyToEastAvebury.1,electric,1.03,0.0,0.0,0.0,0.0,0.0,0.0,0.0
EastAveburyToWestA509.12,302.0,483_1,0.0,0.0,0.0,603.0,774_0,29.75,13.52,301.0,2309.99,82.0,6,0.0,137.36,0,tripinfo_EastAveburyToWestA509.12 emissions_EastAveburyToWestA509.12,electric,1.06,0.0,0.0,0.0,0.0,0.0,0.0,0.0
SouthEvansGateToSilbury.22,396.0,526_0,0.0,0.0,0.0,608.0,215_1,19.43,11.3,212.0,1477.55,68.0,3,0.0,92.62,0,tripinfo_SouthEvansGateToSilbury.22 emissions_SouthEvansGateToSilbury.22,electric,0.9,0.0,0.0,0.0,0.0,0.0,0.0,0.0
V6ToEastH6.40,480.0,468_1,0.0,0.0,0.0,608.0,522_1,56.88,13.06,128.0,1512.23,0.0,0,0.0,14.85,0,tripinfo_V6ToEastH6.40 emissions_V6ToEastH6.40,gasoline_euro4,0.97,4222.991128,367334.668407,27.403372,5.645082,142.831816,117163.031334,0.0
SouthEvansGateToSilbury.20,360.0,526_0,0.0,0.0,0.0,610.0,215_1,19.43,13.54,250.0,1477.59,116.0,2,0.0,149.03,0,tripinfo_SouthEvansGateToSilbury.20 emissions_SouthEvansGateToSilbury.20,electric,1.06,0.0,0.0,0.0,0.0,0.0,0.0,0.0
SouthEvansGateToSilbury.25,450.0,526_0,0.0,0.0,0.0,618.0,215_1,19.43,14.02,168.0,1477.52,51.0,1,0.0,67.45,0,tripinfo_SouthEvansGateToSilbury.25 emissions_SouthEvansGateToSilbury.25,electric,1.06,0.0,0.0,0.0,0.0,0.0,0.0,0.0
V6ToEastH6.42,504.0,468_1,0.0,0.0,0.0,620.0,522_1,56.88,14.42,116.0,1512.23,0.0,0,0.0,16.2,0,tripinfo_V6ToEastH6.42 emissions_V6ToEastH6.42,electric,1.09,0.0,0.0,0.0,0.0,0.0,0.0,0.0
WestH6ToSaxonSt.26,312.0,524_0,0.0,0.0,0.0,621.0,771_0,56.88,13.5,309.0,2614.23,81.0,3,0.0,123.52,0,tripinfo_WestH6ToSaxonSt.26 emissions_WestH6ToSaxonSt.26,electric,1.03,0.0,0.0,0.0,0.0,0.0,0.0,0.0
EastAveburyToWestA509.6,251.0,483_1,0.0,0.0,0.0,623.0,774_0,29.75,12.57,372.0,2328.55,124.0,4,0.0,181.02,0,tripinfo_EastAveburyToWestA509.6 emissions_EastAveburyToWestA509.6,gasoline_euro4,0.91,31961.087711,1015655.559578,168.82341,19.457477,425.31762,323956.074658,0.0
WestH6ToSaxonSt.21,252.0,524_0,0.0,0.0,0.0,624.0,771_0,56.88,12.34,372.0,2613.57,130.0,3,0.0,171.6,0,tripinfo_WestH6ToSaxonSt.21 emissions_WestH6ToSaxonSt.21,electric,0.95,0.0,0.0,0.0,0.0,0.0,0.0,0.0
WestH6ToSaxonSt.20,240.0,524_0,0.0,0.0,0.0,626.0,771_0,56.88,14.13,386.0,2602.68,153.0,4,0.0,207.66,0,tripinfo_WestH6ToSaxonSt.20 emissions_WestH6ToSaxonSt.20,electric,1.06,0.0,0.0,0.0,0.0,0.0,0.0,0.0
EastA509ToH6.18,324.0,770_0,0.0,0.0,0.0,626.0,522_0,56.88,14.33,302.0,1483.82,150.0,6,0.0,198.11,0,tripinfo_EastA509ToH6.18 emissions_EastA509ToH6.18,electric,1.04,0.0,0.0,0.0,0.0,0.0,0.0,0.0
WestH6ToSaxonSt.24,288.0,524_0,0.0,0.0,0.0,628.0,771_0,56.88,13.88,340.0,2601.22,102.0,3,0.0,164.46,0,tripinfo_WestH6ToSaxonSt.24 emissions_WestH6ToSaxonSt.24,electric,1.07,0.0,0.0,0.0,0.0,0.0,0.0,0.0
WestA509ToAvebury.19,342.0,773_0,0.0,0.0,0.0,629.0,213_0,19.13,14.76,287.0,2337.27,91.0,4,0.0,135.63,0,tripinfo_WestA509ToAvebury.19 emissions_WestA509ToAvebury.19,gasoline_euro4,1.13,23387.960741,863774.873493,125.816399,16.318481,355.533747,275509.83174,0.0
WestA509ToAvebury.20,360.0,773_0,0.0,0.0,0.0,629.0,213_1,19.13,14.08,269.0,2337.28,69.0,3,0.0,110.4,0,tripinfo_WestA509ToAvebury.20 emissions_WestA509ToAvebury.20,gasoline_euro4,1.07,19172.588636,782363.92902,104.442799,14.037197,316.880253,249542.538183,0.0
WestH6ToSaxonSt.31,372.0,524_0,0.0,0.0,0.0,630.0,771_0,56.88,13.96,258.0,2601.39,27.0,3,0.0,83.53,0,tripinfo_WestH6ToSaxonSt.31 emissions_WestH6ToSaxonSt.31,electric,1.08,0.0,0.0,0.0,0.0,0.0,0.0,0.0
SouthEvansGateToSilbury.19,342.0,526_0,0.0,0.0,0.0,631.0,215_1,19.43,12.32,289.0,1471.7,144.0,4,0.0,175.6,0,tripinfo_SouthEvansGateToSilbury.19 emissions_SouthEvansGateToSilbury.19,gasoline_euro4,0.94,30310.554814,793578.019927,156.24819,16.292782,338.982915,253123.836187,0.0
EastSilburyToEastAvebury.0,400.0,317_0,0.0,0.0,0.0,631.0,213_1,19.13,15.8,231.0,1590.8,96.0,5,0.0,129.26,0,tripinfo_EastSilburyToEastAvebury.0 emissions_EastSilburyToEastAvebury.0,electric,1.14,0.0,0.0,0.0,0.0,0.0,0.0,0.0
SouthEvansGateToSilbury.17,306.0,526_0,0.0,0.0,0.0,633.0,215_1,19.43,15.31,327.0,1471.73,182.0,4,0.0,234.35,0,tripinfo_SouthEvansGateToSilbury.17 emissions_SouthEvansGateToSilbury.17,gasoline_euro4,1.15,38444.018838,962397.221844,197.380558,20.857903,418.411498,306971.077801,0.0
WestA509ToAvebury.17,306.0,773_0,0.0,0.0,0.0,634.0,213_0,19.13,10.37,328.0,2337.22,92.0,2,0.0,121.21,0,tripinfo_WestA509ToAvebury.17 emissions_WestA509ToAvebury.17,gasoline_euro4,0.82,23133.372617,803270.329682,123.826012,14.097403,327.843117,256213.30007,0.0
V6ToEastH6.41,492.0,468_1,0.0,0.0,0.0,634.0,522_0,56.88,11.45,142.0,1512.23,0.0,0,0.0,11.67,0,tripinfo_V6ToEastH6.41 emissions_V6ToEastH6.41,electric,0.84,0.0,0.0,0.0,0.0,0.0,0.0,0.0
EastA509ToH6.20,360.0,770_0,0.0,0.0,0.0,636.0,522_1,56.88,13.62,276.0,1483.82,115.0,4,0.0,169.35,0,tripinfo_EastA509ToH6.20 emissions_EastA509ToH6.20,electric,1.0,0.0,0.0,0.0,0.0,0.0,0.0,0.0
EastA509ToH6.19,342.0,770_0,0.0,0.0,0.0,642.0,522_0,56.88,9.31,300.0,1483.75,116.0,5,0.0,154.07,0,tripinfo_EastA509ToH6.19 emissions_EastA509ToH6.19,electric,0.73,0.0,0.0,0.0,0.0,0.0,0.0,0.0
V6ToEastH6.43,516.0,468_1,0.0,0.0,0.0,643.0,522_1,56.88,13.28,127.0,1512.23,0.0,0,0.0,13.1,0,tripinfo_V6ToEastH6.43 emissions_V6ToEastH6.43,electric,0.96,0.0,0.0,0.0,0.0,0.0,0.0,0.0
EastA509ToH6.17,306.0,770_0,0.0,0.0,0.0,646.0,522_0,56.88,13.2,340.0,1483.82,185.0,6,0.0,235.77,0,tripinfo_EastA509ToH6.17 emissions_EastA509ToH6.17,electric,1.03,0.0,0.0,0.0,0.0,0.0,0.0,0.0
EastAveburyToWestA509.28,438.0,483_1,0.0,0.0,0.0,660.0,774_0,29.75,14.68,222.0,2308.45,10.0,1,0.0,61.36,0,tripinfo_EastAveburyToWestA509.28 emissions_EastAveburyToWestA509.28,electric,1.07,0.0,0.0,0.0,0.0,0.0,0.0,0.0
V6ToEastH6.44,528.0,468_1,0.0,0.0,0.0,662.0,522_1,56.88,12.39,134.0,1512.23,0.0,0,0.0,18.65,0,tripinfo_V6ToEastH6.44 emissions_V6ToEastH6.44,electric,0.95,0.0,0.0,0.0,0.0,0.0,0.0,0.0
WestA509ToEastH6.9,324.0,773_1,0.0,0.0,0.0,663.0,522_1,56.88,12.54,339.0,3082.3,63.0,1,0.0,104.09,0,tripinfo_WestA509ToEastH6.9 emissions_WestA509ToEastH6.9,electric,0.96,0.0,0.0,0.0,0.0,0.0,0.0,0.0
V6ToEastH6.45,540.0,468_1,0.0,0.0,0.0,665.0,522_1,56.88,13.01,125.0,1512.23,0.0,0,0.0,17.29,0,tripinfo_V6ToEastH6.45 emissions_V6ToEastH6.45,electric,1.01,0.0,0.0,0.0,0.0,0.0,0.0,0.0
WestA509ToEastH6.10,360.0,773_1,0.0,0.0,0.0,667.0,522_1,56.88,13.44,307.0,3080.82,35.0,2,0.0,90.18,0,tripinfo_WestA509ToEastH6.10 emissions_WestA509ToEastH6.10,electric,1.04,0.0,0.0,0.0,0.0,0.0,0.0,0.0
WestH6ToSaxonSt.25,300.0,524_0,0.0,0.0,0.0,668.0,771_1,56.88,13.99,368.0,2767.87,108.0,5,0.0,166.53,0,tripinfo_WestH6ToSaxonSt.25 emissions_WestH6ToSaxonSt.25,gasoline_euro4,1.02,30318.522912,1097748.1105,163.049881,20.985753,456.983625,350137.973351,0.0
WestH6ToSaxonSt.27,324.0,524_0,0.0,0.0,0.0,670.0,771_1,56.88,13.21,346.0,2767.88,90.0,6,0.0,142.66,0,tripinfo_WestH6ToSaxonSt.27 emissions_WestH6ToSaxonSt.27,gasoline_euro4,1.02,26703.261554,1030747.341045,144.385275,19.103564,424.035782,328766.937817,0.0
EastAveburyToWestA509.24,404.0,483_1,0.0,0.0,0.0,670.0,774_0,29.75,13.24,266.0,2311.97,37.0,3,0.0,84.06,0,tripinfo_EastAveburyToWestA509.24 emissions_EastAveburyToWestA509.24,electric,0.96,0.0,0.0,0.0,0.0,0.0,0.0,0.0
V6ToEastH6.47,564.0,468_1,0.0,0.0,0.0,678.0,522_1,56.88,15.16,114.0,1512.23,0.0,0,0.0,17.27,0,tripinfo_V6ToEastH6.47 emissions_V6ToEastH6.47,gasoline_euro4,1.13,4620.004147,395407.40901,29.677952,6.609625,155.280315,126116.427747,0.0
WestH6ToSaxonSt.29,348.0,524_0,0.0,0.0,0.0,679.0,771_1,56.88,11.8,331.0,2767.85,47.0,4,0.0,97.64,0,tripinfo_WestH6ToSaxonSt.29 emissions_WestH6ToSaxonSt.29,gasoline_euro4,0.89,19557.325317,884568.635093,109.187067,14.88989,356.17943,282141.420877,0.0
EastAveburyToWestA509.20,370.0,483_0,0.0,0.0,0.0,679.0,774_1,29.75,16.03,309.0,2260.84,116.0,4,0.0,167.85,0,tripinfo_EastAveburyToWestA509.20 emissions_EastAveburyToWestA509.20,electric,1.18,0.0,0.0,0.0,0.0,0.0,0.0,0.0
EastAveburyToWestA509.19,361.0,483_0,0.0,0.0,0.0,681.0,774_1,29.75,15.49,320.0,2258.0,119.0,3,0.0,173.26,0,tripinfo_EastAveburyToWestA509.19 emissions_EastAveburyToWestA509.19,electric,1.12,0.0,0.0,0.0,0.0,0.0,0.0,0.0
EastAveburyToWestA509.9,276.0,483_0,0.0,0.0,0.0,686.0,774_0,29.75,11.13,410.0,2257.77,168.0,5,0.0,219.27,0,tripinfo_EastAveburyToWestA509.9 emissions_EastAveburyToWestA509.9,gasoline_euro4,0.87,38260.899324,1065811.326337,198.769928,20.876939,449.284741,339956.389547,0.0
EastAveburyToWestA509.21,378.0,483_0,0.0,0.0,0.0,688.0,774_0,29.75,14.67,310.0,2257.78,110.0,4,0.0,165.38,0,tripinfo_EastAveburyToWestA509.21 emissions_EastAveburyToWestA509.21,gasoline_euro4,1.14,28767.13222,972753.853745,153.336962,19.672527,411.797036,310269.751226,0.0
V6ToEastH6.46,552.0,468_1,0.0,0.0,0.0,688.0,522_0,56.88,12.04,136.0,1512.23,0.0,0,0.0,11.77,0,tripinfo_V6ToEastH6.46 emissions_V6ToEastH6.46,gasoline_euro4,0.88,3786.00306,338378.400667,24.870795,4.66622,128.612806,107927.845897,0.0
WestH6ToSaxonSt.32,384.0,524_0,0.0,0.0,0.0,696.0,771_0,56.88,15.63,312.0,2614.23,100.0,3,0.0,142.09,0,tripinfo_WestH6ToSaxonSt.32 emissions_WestH6ToSaxonSt.32,electric,1.13,0.0,0.0,0.0,0.0,0.0,0.0,0.0
SouthEvansGateToSilbury.24,432.0,526_0,0.0,0.0,0.0,696.0,215_1,19.43,12.44,264.0,1477.62,128.0,2,0.0,148.64,0,tripinfo_SouthEvansGateToSilbury.24 emissions_SouthEvansGateToSilbury.24,electric,0.93,0.0,0.0,0.0,0.0,0.0,0.0,0.0
WestH6ToSaxonSt.28,336.0,524_0,0.0,0.0,0.0,702.0,771_0,56.88,11.97,366.0,2613.57,129.0,4,0.0,165.82,0,tripinfo_WestH6ToSaxonSt.28 emissions_WestH6ToSaxonSt.28,electric,0.95,0.0,0.0,0.0,0.0,0.0,0.0,0.0
V6ToEastH6.48,576.0,468_1,0.0,0.0,0.0,703.0,522_1,56.88,12.16,127.0,1512.23,0.0,0,0.0,13.65,0,tripinfo_V6ToEastH6.48 emissions_V6ToEastH6.48,electric,0.96,0.0,0.0,0.0,0.0,0.0,0.0,0.0
V6ToEastH6.49,588.0,468_1,0.0,0.0,0.0,706.0,522_1,56.88,13.7,118.0,1512.23,0.0,0,0.0,14.32,0,tripinfo_V6ToEastH6.49 emissions_V6ToEastH6.49,electric,1.05,0.0,0.0,0.0,0.0,0.0,0.0,0.0
WestH6ToSaxonSt.30,360.0,524_0,0.0,0.0,0.0,709.0,771_0,56.88,12.56,349.0,2608.48,111.0,2,0.0,143.22,0,tripinfo_WestH6ToSaxonSt.30 emissions_WestH6ToSaxonSt.30,electric,0.93,0.0,0.0,0.0,0.0,0.0,0.0,0.0
EastAveburyToWestA509.4,234.0,483_1,0.0,0.0,0.0,712.0,774_0,29.75,11.23,478.0,2328.56,212.0,7,0.0,283.65,0,tripinfo_EastAveburyToWestA509.4 emissions_EastAveburyToWestA509.4,gasoline_euro4,0.89,48095.254914,1273084.707885,248.3289,26.025491,544.493674,406069.527136,0.0
EastA509ToH6.22,396.0,770_0,0.0,0.0,0.0,712.0,522_1,56.88,14.81,316.0,1483.82,160.0,4,0.0,217.53,0,tripinfo_EastA509ToH6.22 emissions_EastA509ToH6.22,electric,1.09,0.0,0.0,0.0,0.0,0.0,0.0,0.0
EastA509ToH6.25,450.0,770_0,0.0,0.0,0.0,713.0,522_0,56.88,12.78,263.0,1483.75,113.0,3,0.0,149.35,0,tripinfo_EastA509ToH6.25 emissions_EastA509ToH6.25,gasoline_euro4,0.95,25714.305886,721111.043652,133.581744,14.521903,305.743945,230008.559515,0.0
EastA509ToH6.23,414.0,770_0,0.0,0.0,0.0,715.0,522_0,56.88,13.78,301.0,1483.82,142.0,5,0.0,199.79,0,tripinfo_EastA509ToH6.23 emissions_EastA509ToH6.23,gasoline_euro4,1.06,32634.482594,865639.278191,168.408682,18.148328,371.917581,276108.123308,0.0
WestA509ToAvebury.23,414.0,773_0,0.0,0.0,0.0,717.0,213_0,19.13,14.45,303.0,2337.3,106.0,3,0.0,148.62,0,tripinfo_WestA509ToAvebury.23 emissions_WestA509ToAvebury.23,gasoline_euro4,1.1,25360.161803,884886.30143,135.11261,16.842424,365.227739,282244.273999,0.0
SouthEvansGateToSilbury.23,414.0,526_0,0.0,0.0,0.0,718.0,215_1,19.43,14.53,304.0,1471.71,173.0,4,0.0,205.69,0,tripinfo_SouthEvansGateToSilbury.23 emissions_SouthEvansGateToSilbury.23,gasoline_euro4,1.08,35335.288986,912502.640867,182.070273,19.499984,393.8385,291056.129009,0.0
EastA509ToH6.24,432.0,770_0,0.0,0.0,0.0,719.0,522_0,56.88,13.2,287.0,1483.82,122.0,7,0.0,176.46,0,tripinfo_EastA509ToH6.24 emissions_EastA509ToH6.24,electric,0.97,0.0,0.0,0.0,0.0,0.0,0.0,0.0
EastA509ToH6.21,378.0,770_0,0.0,0.0,0.0,721.0,522_0,56.88,13.38,343.0,1483.82,199.0,4,0.0,234.57,0,tripinfo_EastA509ToH6.21 emissions_EastA509ToH6.21,electric,0.99,0.0,0.0,0.0,0.0,0.0,0.0,0.0
EastA509ToH6.27,486.0,770_0,0.0,0.0,0.0,721.0,522_1,56.88,14.18,235.0,1483.69,108.0,3,0.0,134.97,0,tripinfo_EastA509ToH6.27 emissions_EastA509ToH6.27,gasoline_euro4,1.07,23286.395717,687159.072836,121.550861,13.793122,289.411865,219178.424512,0.0
WestA509ToAvebury.24,432.0,773_0,0.0,0.0,0.0,722.0,213_0,19.13,11.97,290.0,2337.25,64.0,2,0.0,98.75,0,tripinfo_WestA509ToAvebury.24 emissions_WestA509ToAvebury.24,gasoline_euro4,0.89,17941.329985,730966.433705,98.190471,12.090825,291.83855,233150.017545,0.0
WestA509ToAvebury.26,468.0,773_0,0.0,0.0,0.0,723.0,213_0,19.13,13.73,255.0,2337.3,46.0,1,0.0,91.3,0,tripinfo_WestA509ToAvebury.26 emissions_WestA509ToAvebury.26,gasoline_euro4,1.04,15802.588009,731623.380667,88.167278,12.688978,294.533018,233357.485591,0.0
V6ToEastH6.50,600.0,468_1,0.0,0.0,0.0,729.0,522_1,56.88,13.61,129.0,1512.23,1.0,1,0.0,19.09,0,tripinfo_V6ToEastH6.50 emissions_V6ToEastH6.50,electric,0.99,0.0,0.0,0.0,0.0,0.0,0.0,0.0
V6ToEastH6.51,612.0,468_1,0.0,0.0,0.0,736.0,522_1,56.88,13.37,124.0,1512.23,0.0,0,0.0,12.11,0,tripinfo_V6ToEastH6.51 emissions_V6ToEastH6.51,electric,0.98,0.0,0.0,0.0,0.0,0.0,0.0,0.0
WestA509ToEastH6.12,432.0,773_1,0.0,0.0,0.0,742.0,522_1,56.88,14.1,310.0,3082.3,56.0,2,0.0,100.54,0,tripinfo_WestA509ToEastH6.12 emissions_WestA509ToEastH6.12,electric,1.08,0.0,0.0,0.0,0.0,0.0,0.0,0.0
V6ToEastH6.52,624.0,468_1,0.0,0.0,0.0,745.0,522_1,56.88,14.59,121.0,1512.23,0.0,0,0.0,24.18,0,tripinfo_V6ToEastH6.52 emissions_V6ToEastH6.52,gasoline_euro4,1.14,5588.652678,430297.502151,34.867717,7.355893,171.048305,137244.846922,0.0
EastAveburyToWestA509.36,506.0,483_1,0.0,0.0,0.0,747.0,774_0,29.75,15.62,241.0,2311.97,31.0,4,0.0,89.72,0,tripinfo_EastAveburyToWestA509.36 emissions_EastAveburyToWestA509.36,electric,1.14,0.0,0.0,0.0,0.0,0.0,0.0,0.0
WestA509ToEastH6.13,468.0,773_1,0.0,0.0,0.0,750.0,522_1,56.88,13.36,282.0,3082.3,15.0,2,0.0,56.48,0,tripinfo_WestA509ToEastH6.13 emissions_WestA509ToEastH6.13,electric,1.0,0.0,0.0,0.0,0.0,0.0,0.0,0.0
V6ToEastH6.53,636.0,468_1,0.0,0.0,0.0,753.0,522_1,56.88,13.68,117.0,1512.23,0.0,0,0.0,14.73,0,tripinfo_V6ToEastH6.53 emissions_V6ToEastH6.53,electric,1.07,0.0,0.0,0.0,0.0,0.0,0.0,0.0
EastAveburyToWestA509.37,514.0,483_1,0.0,0.0,0.0,754.0,774_0,29.75,15.08,240.0,2308.45,21.0,5,0.0,91.54,0,tripinfo_EastAveburyToWestA509.37 emissions_EastAveburyToWestA509.37,electric,1.15,0.0,0.0,0.0,0.0,0.0,0.0,0.0
WestH6ToSaxonSt.34,408.0,524_0,0.0,0.0,0.0,757.0,771_1,56.88,12.72,349.0,2574.97,97.0,5,0.0,143.25,0,tripinfo_WestH6ToSaxonSt.34 emissions_WestH6ToSaxonSt.34,gasoline_euro4,0.92,25704.200124,915482.674633,137.794566,16.533651,375.209424,292003.954211,0.0
WestH6ToSaxonSt.37,444.0,524_0,0.0,0.0,0.0,761.0,771_1,56.88,13.55,317.0,2574.97,88.0,4,0.0,128.06,0,tripinfo_WestH6ToSaxonSt.37 emissions_WestH6ToSaxonSt.37,gasoline_euro4,1.0,23554.285391,898317.659291,127.322322,16.371842,367.355567,286527.7792,0.0
WestH6ToSaxonSt.33,396.0,524_0,0.0,0.0,0.0,768.0,771_1,56.88,11.42,372.0,2767.85,84.0,5,0.0,139.96,0,tripinfo_WestH6ToSaxonSt.33 emissions_WestH6ToSaxonSt.33,gasoline_euro4,0.89,26560.90863,1005601.190255,143.94588,18.039411,412.69244,320747.327252,0.0
EastAveburyToWestA509.34,489.0,483_1,0.0,0.0,0.0,769.0,774_1,29.75,13.27,280.0,2241.69,67.0,6,0.0,114.18,0,tripinfo_EastAveburyToWestA509.34 emissions_EastAveburyToWestA509.34,electric,1.0,0.0,0.0,0.0,0.0,0.0,0.0,0.0
EastAveburyToWestA509.22,387.0,483_0,0.0,0.0,0.0,771.0,774_0,29.75,11.56,384.0,2257.81,155.0,6,0.0,203.38,0,tripinfo_EastAveburyToWestA509.22 emissions_EastAveburyToWestA509.22,gasoline_euro4,0.91,35555.790733,1036451.70839,185.631366,20.14278,434.725646,330590.90311,0.0
EastAveburyToWestA509.29,446.0,483_0,0.0,0.0,0.0,772.0,774_0,29.75,13.24,326.0,2254.71,123.0,3,0.0,166.44,0,tripinfo_EastAveburyToWestA509.29 emissions_EastAveburyToWestA509.29,electric,1.03,0.0,0.0,0.0,0.0,0.0,0.0,0.0
EastSilburyToEastAvebury.2,432.0,317_0,0.0,0.0,0.0,774.0,213_0,19.13,12.84,342.0,1581.85,177.0,5,0.0,223.0,0,tripinfo_EastSilburyToEastAvebury.2 emissions_EastSilburyToEastAvebury.2,electric,0.97,0.0,0.0,0.0,0.0,0.0,0.0,0.0
V6ToEastH6.54,648.0,468_1,0.0,0.0,0.0,775.0,522_1,56.88,12.98,127.0,1512.23,0.0,0,0.0,12.72,0,tripinfo_V6ToEastH6.54 emissions_V6ToEastH6.54,gasoline_euro4,0.96,4053.121795,364795.558783,26.531623,5.491981,140.871107,116353.232451,0.0
V6ToEastH6.55,660.0,468_1,0.0,0.0,0.0,777.0,522_1,56.88,14.42,117.0,1512.23,0.0,0,0.0,15.01,0,tripinfo_V6ToEastH6.55 emissions_V6ToEastH6.55,electric,1.07,0.0,0.0,0.0,0.0,0.0,0.0,0.0
EastAveburyToWestA509.17,344.0,483_1,0.0,0.0,0.0,782.0,774_0,29.75,15.15,438.0,2328.54,218.0,9,0.0,286.32,0,tripinfo_EastAveburyToWestA509.17 emissions_EastAveburyToWestA509.17,gasoline_euro4,1.14,49326.675157,1362234.45348,255.439177,28.510322,582.89533,434503.147726,0.0
WestA509ToEastH6.11,396.0,773_0,0.0,0.0,0.0,782.0,522_0,56.88,13.88,386.0,2755.0,142.0,5,0.0,192.14,0,tripinfo_WestA509ToEastH6.11 emissions_WestA509ToEastH6.11,gasoline_euro4,1.03,33461.306747,1099679.283708,176.714502,20.801478,453.945253,350756.230999,0.0
SouthEvansGateToSilbury.30,540.0,526_0,0.0,0.0,0.0,785.0,215_1,19.43,12.26,245.0,1477.52,107.0,2,0.0,135.44,0,tripinfo_SouthEvansGateToSilbury.30 emissions_SouthEvansGateToSilbury.30,gasoline_euro4,0.97,23995.972033,691915.724033,125.1544,13.933297,293.500557,220695.858252,0.0
V6ToEastH6.56,672.0,468_1,0.0,0.0,0.0,786.0,522_1,56.88,14.83,114.0,1512.23,0.0,0,0.0,17.12,0,tripinfo_V6ToEastH6.56 emissions_V6ToEastH6.56,electric,1.13,0.0,0.0,0.0,0.0,0.0,0.0,0.0
SouthEvansGateToSilbury.31,558.0,526_0,0.0,0.0,0.0,787.0,215_1,19.43,14.01,229.0,1477.55,87.0,3,0.0,123.44,0,tripinfo_SouthEvansGateToSilbury.31 emissions_SouthEvansGateToSilbury.31,electric,1.01,0.0,0.0,0.0,0.0,0.0,0.0,0.0
EastAveburyToWestA509.18,353.0,483_1,0.0,0.0,0.0,789.0,774_0,29.75,12.59,436.0,2219.98,211.0,7,0.0,269.65,0,tripinfo_EastAveburyToWestA509.18 emissions_EastAveburyToWestA509.18,electric,0.97,0.0,0.0,0.0,0.0,0.0,0.0,0.0
WestH6ToSaxonSt.39,468.0,524_0,0.0,0.0,0.0,789.0,771_0,56.88,13.14,321.0,2608.48,92.0,3,0.0,124.3,0,tripinfo_WestH6ToSaxonSt.39 emissions_WestH6ToSaxonSt.39,electric,0.97,0.0,0.0,0.0,0.0,0.0,0.0,0.0
SouthEvansGateToSilbury.33,594.0,526_0,0.0,0.0,0.0,789.0,215_1,19.43,13.33,195.0,1477.56,53.0,1,0.0,86.72,0,tripinfo_SouthEvansGateToSilbury.33 emissions_SouthEvansGateToSilbury.33,electric,0.99,0.0,0.0,0.0,0.0,0.0,0.0,0.0
WestH6ToSaxonSt.38,456.0,524_0,0.0,0.0,0.0,791.0,771_0,56.88,13.26,335.0,2602.68,107.0,3,0.0,153.46,0,tripinfo_WestH6ToSaxonSt.38 emissions_WestH6ToSaxonSt.38,electric,1.03,0.0,0.0,0.0,0.0,0.0,0.0,0.0
EastA509ToH6.29,522.0,770_0,0.0,0.0,0.0,791.0,522_0,56.88,15.03,269.0,1483.69,138.0,4,0.0,171.13,0,tripinfo_EastA509ToH6.29 emissions_EastA509ToH6.29,electric,1.1,0.0,0.0,0.0,0.0,0.0,0.0,0.0
SouthEvansGateToSilbury.29,522.0,526_0,0.0,0.0,0.0,792.0,215_1,19.43,12.25,270.0,1477.6,121.0,2,0.0,148.8,0,tripinfo_SouthEvansGateToSilbury.29 emissions_SouthEvansGateToSilbury.29,gasoline_euro4,0.88,26183.563296,731269.864944,136.086773,14.412485,308.702093,233249.274838,0.0
WestH6ToSaxonSt.35,420.0,524_0,0.0,0.0,0.0,793.0,771_0,56.88,13.65,373.0,2603.34,137.0,5,0.0,190.45,0,tripinfo_WestH6ToSaxonSt.35 emissions_WestH6ToSaxonSt.35,electric,1.03,0.0,0.0,0.0,0.0,0.0,0.0,0.0
SouthEvansGateToSilbury.32,576.0,526_0,0.0,0.0,0.0,794.0,215_1,19.43,12.4,218.0,1477.59,63.0,3,0.0,100.52,0,tripinfo_SouthEvansGateToSilbury.32 emissions_SouthEvansGateToSilbury.32,gasoline_euro4,0.92,17660.161495,611129.004479,94.5419,11.384576,253.657031,194926.651134,0.0
EastA509ToH6.28,504.0,770_0,0.0,0.0,0.0,795.0,522_0,56.88,13.96,291.0,1483.8,150.0,3,0.0,188.22,0,tripinfo_EastA509ToH6.28 emissions_EastA509ToH6.28,electric,1.04,0.0,0.0,0.0,0.0,0.0,0.0,0.0
SouthEvansGateToSilbury.37,666.0,526_0,0.0,0.0,0.0,795.0,215_1,19.43,12.5,129.0,1477.52,13.0,1,0.0,34.78,0,tripinfo_SouthEvansGateToSilbury.37 emissions_SouthEvansGateToSilbury.37,gasoline_euro4,1.13,6776.771572,416548.842675,39.905287,7.034347,164.016969,132860.666665,0.0
EastA509ToH6.26,468.0,770_0,0.0,0.0,0.0,800.0,522_0,56.88,12.07,332.0,1483.82,185.0,4,0.0,220.67,0,tripinfo_EastA509ToH6.26 emissions_EastA509ToH6.26,gasoline_euro4,0.96,36910.836691,900999.803395,188.685511,18.856581,386.830459,287388.840894,0.0
WestA509ToAvebury.27,486.0,773_0,0.0,0.0,0.0,805.0,213_1,19.13,14.07,319.0,2336.43,125.0,3,0.0,159.98,0,tripinfo_WestA509ToAvebury.27 emissions_WestA509ToAvebury.27,gasoline_euro4,1.07,28429.106859,922944.220483,149.896511,17.756947,382.409464,294384.286014,0.0
EastA509ToH6.31,558.0,770_0,0.0,0.0,0.0,805.0,522_0,56.88,17.33,247.0,1483.77,111.0,5,0.0,164.79,0,tripinfo_EastA509ToH6.31 emissions_EastA509ToH6.31,gasoline_euro4,1.3,28165.523833,830267.381999,147.410119,17.726437,357.088861,264823.471305,0.0
V6ToEastH6.57,684.0,468_1,0.0,0.0,0.0,805.0,522_1,56.88,13.78,121.0,1512.23,0.0,0,0.0,12.47,0,tripinfo_V6ToEastH6.57 emissions_V6ToEastH6.57,gasoline_euro4,1.01,3760.530601,350790.156493,24.583483,5.269227,134.589649,111886.066077,0.0
EastSilburyToEastAvebury.4,464.0,317_0,0.0,0.0,0.0,806.0,213_0,19.13,13.27,342.0,2473.2,117.0,5,0.0,164.18,0,tripinfo_EastSilburyToEastAvebury.4 emissions_EastSilburyToEastAvebury.4,gasoline_euro4,1.02,28614.69999,965898.659138,151.603588,18.050037,397.501885,308084.97794,0.0
SouthEvansGateToSilbury.26,468.0,526_0,0.0,0.0,0.0,807.0,215_1,19.43,13.21,339.0,1471.73,202.0,4,0.0,230.73,0,tripinfo_SouthEvansGateToSilbury.26 emissions_SouthEvansGateToSilbury.26,gasoline_euro4,0.98,39511.158498,939903.198615,201.492734,20.120069,406.510837,299797.837874,0.0
EastA509ToH6.30,540.0,770_0,0.0,0.0,0.0,809.0,522_0,56.88,15.27,269.0,1483.82,110.0,4,0.0,174.72,0,tripinfo_EastA509ToH6.30 emissions_EastA509ToH6.30,gasoline_euro4,1.14,27681.131832,793981.438042,144.440139,16.324281,339.169433,253250.776572,0.0
WestA509ToAvebury.30,543.0,773_0,0.0,0.0,3.0,809.0,213_0,19.13,12.37,266.0,2337.25,47.0,2,0.0,82.8,0,tripinfo_WestA509ToAvebury.30 emissions_WestA509ToAvebury.30,gasoline_euro4,0.93,15555.169853,695901.675013,86.507313,11.802364,279.596946,221964.385313,0.0
EastSilburyToEastAvebury.5,480.0,317_0,0.0,0.0,0.0,810.0,213_0,19.13,14.39,330.0,1590.82,170.0,4,0.0,223.41,0,tripinfo_EastSilburyToEastAvebury.5 emissions_EastSilburyToEastAvebury.5,electric,1.09,0.0,0.0,0.0,0.0,0.0,0.0,0.0
SouthEvansGateToSilbury.27,486.0,526_0,0.0,0.0,0.0,810.0,215_1,19.43,12.37,324.0,1471.7,172.0,4,0.0,206.64,0,tripinfo_SouthEvansGateToSilbury.27 emissions_SouthEvansGateToSilbury.27,gasoline_euro4,0.91,35469.063054,873101.937498,181.629727,18.0687,374.01504,278490.390457,0.0
SouthEvansGateToSilbury.28,504.0,526_0,0.0,0.0,0.0,811.0,215_1,19.43,14.58,307.0,1471.68,156.0,5,0.0,211.18,0,tripinfo_SouthEvansGateToSilbury.28 emissions_SouthEvansGateToSilbury.28,gasoline_euro4,1.11,34353.555302,886828.99373,176.916255,18.835539,383.01859,282867.217555,0.0
V6ToEastH6.58,696.0,468_1,0.0,0.0,0.0,816.0,522_1,56.88,13.43,120.0,1512.23,0.0,0,0.0,12.91,0,tripinfo_V6ToEastH6.58 emissions_V6ToEastH6.58,electric,1.02,0.0,0.0,0.0,0.0,0.0,0.0,0.0
EastA509ToH6.33,594.0,770_0,0.0,0.0,0.0,817.0,522_0,56.88,16.65,223.0,1483.69,94.0,4,0.0,134.25,0,tripinfo_EastA509ToH6.33 emissions_EastA509ToH6.33,electric,1.21,0.0,0.0,0.0,0.0,0.0,0.0,0.0
V6ToEastH6.60,720.0,468_1,0.0,0.0,0.0,833.0,522_1,56.88,15.59,113.0,1512.23,0.0,0,0.0,16.78,0,tripinfo_V6ToEastH6.60 emissions_V6ToEastH6.60,electric,1.13,0.0,0.0,0.0,0.0,0.0,0.0,0.0
V6ToEastH6.59,708.0,468_1,0.0,0.0,0.0,839.0,522_1,56.88,13.12,131.0,1512.23,0.0,0,0.0,17.68,0,tripinfo_V6ToEastH6.59 emissions_V6ToEastH6.59,electric,0.96,0.0,0.0,0.0,0.0,0.0,0.0,0.0
WestH6ToSaxonSt.36,432.0,524_0,0.0,0.0,0.0,844.0,771_1,56.88,14.25,412.0,2767.85,151.0,7,0.0,223.43,0,tripinfo_WestH6ToSaxonSt.36 emissions_WestH6ToSaxonSt.36,gasoline_euro4,1.1,38594.22292,1241280.537774,203.968125,24.677136,522.785591,395920.74963,0.0
WestH6ToSaxonSt.41,492.0,524_0,0.0,0.0,0.0,845.0,771_1,56.88,15.88,353.0,2574.97,124.0,6,0.0,189.02,0,tripinfo_WestH6ToSaxonSt.41 emissions_WestH6ToSaxonSt.41,gasoline_euro4,1.15,32458.842391,1083572.049935,171.994311,21.37765,452.459717,345617.261799,0.0
EastAveburyToWestA509.44,574.0,483_1,0.0,0.0,0.0,848.0,774_0,29.75,12.39,274.0,2308.45,49.0,4,0.0,95.77,0,tripinfo_EastAveburyToWestA509.44 emissions_EastAveburyToWestA509.44,electric,0.96,0.0,0.0,0.0,0.0,0.0,0.0,0.0
EastAveburyToWestA509.38,523.0,483_1,0.0,0.0,0.0,849.0,774_0,29.75,14.61,326.0,2241.68,100.0,7,0.0,179.87,0,tripinfo_EastAveburyToWestA509.38 emissions_EastAveburyToWestA509.38,electric,1.13,0.0,0.0,0.0,0.0,0.0,0.0,0.0
EastAveburyToWestA509.48,608.0,483_1,0.0,0.0,0.0,853.0,774_0,29.75,13.62,245.0,2311.97,17.0,3,0.0,75.21,0,tripinfo_EastAveburyToWestA509.48 emissions_EastAveburyToWestA509.48,electric,1.02,0.0,0.0,0.0,0.0,0.0,0.0,0.0
EastAveburyToWestA509.31,463.0,483_0,0.0,0.0,0.0,860.0,774_1,29.75,14.0,397.0,2264.22,173.0,6,0.0,242.19,0,tripinfo_EastAveburyToWestA509.31 emissions_EastAveburyToWestA509.31,electric,1.07,0.0,0.0,0.0,0.0,0.0,0.0,0.0
WestA509ToEastH6.15,540.0,773_0,0.0,0.0,0.0,861.0,522_0,56.88,13.6,321.0,2754.97,78.0,4,0.0,125.21,0,tripinfo_WestA509ToEastH6.15 emissions_WestA509ToEastH6.15,gasoline_euro4,1.02,22527.207398,907005.853374,122.813935,16.349493,368.727127,289298.427607,0.0
EastAveburyToWestA509.33,480.0,483_0,0.0,0.0,0.0,862.0,774_1,29.75,14.1,382.0,2254.7,142.0,5,0.0,232.46,0,tripinfo_EastAveburyToWestA509.33 emissions_EastAveburyToWestA509.33,gasoline_euro4,1.1,36680.193092,1081882.968232,191.911828,22.129802,461.49402,345080.193279,0.0
EastAveburyToWestA509.30,455.0,483_0,0.0,0.0,0.0,865.0,774_0,29.75,10.9,410.0,2257.81,169.0,5,0.0,221.77,0,tripinfo_EastAveburyToWestA509.30 emissions_EastAveburyToWestA509.30,electric,0.87,0.0,0.0,0.0,0.0,0.0,0.0,0.0
WestA509ToEastH6.14,504.0,773_0,0.0,0.0,0.0,865.0,522_0,56.88,13.08,361.0,2754.98,109.0,4,0.0,154.94,0,tripinfo_WestA509ToEastH6.14 emissions_WestA509ToEastH6.14,gasoline_euro4,0.97,27323.155688,978659.920289,146.38213,17.782727,399.932381,312154.93709,0.0
EastAveburyToWestA509.32,472.0,483_0,0.0,0.0,0.0,867.0,774_0,29.75,12.8,395.0,2264.91,144.0,7,0.0,230.46,0,tripinfo_EastAveburyToWestA509.32 emissions_EastAveburyToWestA509.32,gasoline_euro4,1.0,37550.357475,1094544.118077,196.328727,22.232925,466.750729,349119.075777,0.0
EastAveburyToWestA509.35,497.0,483_1,0.0,0.0,0.0,868.0,774_1,29.75,13.9,371.0,2219.98,159.0,6,0.0,212.2,0,tripinfo_EastAveburyToWestA509.35 emissions_EastAveburyToWestA509.35,electric,1.02,0.0,0.0,0.0,0.0,0.0,0.0,0.0
EastAveburyToWestA509.40,540.0,483_0,0.0,0.0,0.0,869.0,774_0,29.75,14.5,329.0,2257.77,128.0,4,0.0,180.84,0,tripinfo_EastAveburyToWestA509.40 emissions_EastAveburyToWestA509.40,electric,1.11,0.0,0.0,0.0,0.0,0.0,0.0,0.0
SouthEvansGateToSilbury.36,648.0,526_0,0.0,0.0,0.0,872.0,215_1,19.43,14.32,224.0,1477.59,97.0,3,0.0,122.47,0,tripinfo_SouthEvansGateToSilbury.36 emissions_SouthEvansGateToSilbury.36,electric,1.06,0.0,0.0,0.0,0.0,0.0,0.0,0.0
SouthEvansGateToSilbury.38,684.0,526_0,0.0,0.0,0.0,875.0,215_1,19.43,11.9,191.0,1477.59,57.0,1,0.0,76.34,0,tripinfo_SouthEvansGateToSilbury.38 emissions_SouthEvansGateToSilbury.38,electric,0.94,0.0,0.0,0.0,0.0,0.0,0.0,0.0
WestH6ToSaxonSt.45,540.0,524_0,0.0,0.0,0.0,877.0,771_0,56.88,13.16,337.0,2609.14,113.0,2,0.0,153.99,0,tripinfo_WestH6ToSaxonSt.45 emissions_WestH6ToSaxonSt.45,electric,1.04,0.0,0.0,0.0,0.0,0.0,0.0,0.0
EastAveburyToWestA509.25,412.0,483_1,0.0,0.0,0.0,879.0,774_0,29.75,13.03,467.0,2328.54,234.0,8,0.0,298.61,0,tripinfo_EastAveburyToWestA509.25 emissions_EastAveburyToWestA509.25,gasoline_euro4,1.03,51514.449817,1367768.387001,265.953363,28.761458,588.453949,436269.317963,0.0
V6ToEastH6.61,732.0,468_1,0.0,0.0,0.0,879.0,522_0,56.88,11.27,147.0,1512.23,0.0,0,0.0,12.48,0,tripinfo_V6ToEastH6.61 emissions_V6ToEastH6.61,electric,0.82,0.0,0.0,0.0,0.0,0.0,0.0,0.0
V6ToEastH6.62,744.0,468_1,0.0,0.0,0.0,879.0,522_1,56.88,12.3,135.0,1512.23,0.0,0,0.0,19.81,0,tripinfo_V6ToEastH6.62 emissions_V6ToEastH6.62,gasoline_euro4,0.95,4570.63089,368211.955165,29.11654,5.681072,143.988488,117443.011059,0.0
WestH6ToSaxonSt.43,516.0,524_0,0.0,0.0,0.0,883.0,771_0,56.88,12.35,367.0,2613.57,124.0,2,0.0,157.03,0,tripinfo_WestH6ToSaxonSt.43 emissions_WestH6ToSaxonSt.43,electric,0.91,0.0,0.0,0.0,0.0,0.0,0.0,0.0
V6ToEastH6.63,756.0,468_1,0.0,0.0,0.0,888.0,522_1,56.88,12.3,132.0,1512.23,0.0,0,0.0,11.49,0,tripinfo_V6ToEastH6.63 emissions_V6ToEastH6.63,gasoline_euro4,0.9,3693.76081,336906.770695,24.338367,4.76137,128.512559,107458.287812,0.0
EastA509ToH6.35,630.0,770_0,0.0,0.0,0.0,890.0,522_1,56.88,15.01,260.0,1483.8,119.0,3,0.0,162.88,0,tripinfo_EastA509ToH6.35 emissions_EastA509ToH6.35,electric,1.1,0.0,0.0,0.0,0.0,0.0,0.0,0.0
EastA509ToH6.34,612.0,770_0,0.0,0.0,0.0,893.0,522_0,56.88,11.47,281.0,1483.64,128.0,4,0.0,160.09,0,tripinfo_EastA509ToH6.34 emissions_EastA509ToH6.34,gasoline_euro4,0.89,27630.473227,754926.087662,143.147615,14.984583,319.051327,240795.060409,0.0
WestA509ToAvebury.32,579.0,773_0,0.0,0.0,3.0,894.0,213_0,19.13,13.34,315.0,2337.28,110.0,3,0.0,142.07,0,tripinfo_WestA509ToAvebury.32 emissions_WestA509ToAvebury.32,gasoline_euro4,0.98,25322.580478,847725.889784,134.242253,15.876533,349.649664,270392.479687,0.0
SouthEvansGateToSilbury.34,612.0,526_0,0.0,0.0,0.0,894.0,215_1,19.43,15.25,282.0,1471.7,153.0,4,0.0,185.29,0,tripinfo_SouthEvansGateToSilbury.34 emissions_SouthEvansGateToSilbury.34,gasoline_euro4,1.1,31861.16739,853477.628194,164.428188,17.898447,365.62861,272228.828862,0.0
SouthEvansGateToSilbury.35,630.0,526_0,0.0,0.0,0.0,897.0,215_1,19.43,12.86,267.0,1471.7,129.0,3,0.0,158.44,0,tripinfo_SouthEvansGateToSilbury.35 emissions_SouthEvansGateToSilbury.35,gasoline_euro4,0.98,27437.813523,742036.458041,141.848102,15.142732,315.473441,236683.420473,0.0
EastSilburyToEastAvebury.9,544.0,317_0,0.0,0.0,0.0,898.0,213_0,19.13,11.95,354.0,2473.15,109.0,4,0.0,146.81,0,tripinfo_EastSilburyToEastAvebury.9 emissions_EastSilburyToEastAvebury.9,gasoline_euro4,0.88,26635.395308,895741.321934,141.782056,16.096117,367.21031,285708.243057,0.0
V6ToEastH6.64,768.0,468_1,0.0,0.0,0.0,898.0,522_1,56.88,12.83,130.0,1512.23,0.0,0,0.0,12.76,0,tripinfo_V6ToEastH6.64 emissions_V6ToEastH6.64,gasoline_euro4,0.94,3782.448553,344796.208096,24.660171,4.945496,131.67344,109974.567676,0.0
WestH6ToSaxonSt.42,504.0,524_0,0.0,0.0,0.0,899.0,771_0,56.88,13.43,395.0,2599.3,151.0,5,0.0,206.2,0,tripinfo_WestH6ToSaxonSt.42 emissions_WestH6ToSaxonSt.42,electric,0.99,0.0,0.0,0.0,0.0,0.0,0.0,0.0
EastSilburyToEastAvebury.11,576.0,317_0,0.0,0.0,0.0,899.0,213_0,19.13,13.3,323.0,2473.23,79.0,5,0.0,179.56,0,tripinfo_EastSilburyToEastAvebury.11 emissions_EastSilburyToEastAvebury.11,gasoline_euro4,1.26,24456.655855,920855.171708,132.680374,17.402501,383.154448,293715.735066,0.0
EastA509ToH6.37,666.0,770_0,0.0,0.0,0.0,900.0,522_1,56.88,15.83,234.0,1483.69,106.0,5,0.0,141.09,0,tripinfo_EastA509ToH6.37 emissions_EastA509ToH6.37,electric,1.15,0.0,0.0,0.0,0.0,0.0,0.0,0.0
EastA509ToH6.32,576.0,770_0,0.0,0.0,0.0,901.0,522_0,56.88,12.39,325.0,1483.71,164.0,5,0.0,214.47,0,tripinfo_EastA509ToH6.32 emissions_EastA509ToH6.32,electric,0.97,0.0,0.0,0.0,0.0,0.0,0.0,0.0
WestH6ToSaxonSt.49,588.0,524_0,0.0,0.0,0.0,902.0,771_0,56.88,12.56,314.0,2608.48,53.0,2,0.0,119.38,0,tripinfo_WestH6ToSaxonSt.49 emissions_WestH6ToSaxonSt.49,electric,0.98,0.0,0.0,0.0,0.0,0.0,0.0,0.0
WestA509ToAvebury.35,630.0,773_0,0.0,0.0,0.0,903.0,213_0,19.13,12.31,273.0,2336.45,53.0,2,0.0,96.1,0,tripinfo_WestA509ToAvebury.35 emissions_WestA509ToAvebury.35,gasoline_euro4,0.96,16418.073721,702782.123474,90.393555,11.953713,282.354764,224159.370052,0.0
WestH6ToSaxonSt.46,552.0,524_0,0.0,0.0,0.0,904.0,771_0,56.88,12.83,352.0,2601.42,101.0,4,0.0,159.93,0,tripinfo_WestH6ToSaxonSt.46 emissions_WestH6ToSaxonSt.46,electric,0.98,0.0,0.0,0.0,0.0,0.0,0.0,0.0
WestA509ToAvebury.33,594.0,773_0,0.0,0.0,0.0,907.0,213_0,19.13,11.14,313.0,2337.28,86.0,2,0.0,117.15,0,tripinfo_WestA509ToAvebury.33 emissions_WestA509ToAvebury.33,gasoline_euro4,0.87,21340.964997,786546.68866,115.091326,13.48822,317.758806,250878.685542,0.0
WestH6ToSaxonSt.52,624.0,524_0,0.0,0.0,0.0,907.0,771_1,56.88,14.62,283.0,2603.34,48.0,3,0.0,111.3,0,tripinfo_WestH6ToSaxonSt.52 emissions_WestH6ToSaxonSt.52,electric,1.09,0.0,0.0,0.0,0.0,0.0,0.0,0.0
WestA509ToEastH6.18,648.0,773_1,0.0,0.0,0.0,909.0,522_1,56.88,14.38,261.0,3082.3,9.0,1,0.0,44.72,0,tripinfo_WestA509ToEastH6.18 emissions_WestA509ToEastH6.18,electric,1.04,0.0,0.0,0.0,0.0,0.0,0.0,0.0
EastSilburyToEastAvebury.13,608.0,317_0,0.0,0.0,0.0,910.0,213_0,19.13,12.45,302.0,2473.2,51.0,3,0.0,110.15,0,tripinfo_EastSilburyToEastAvebury.13 emissions_EastSilburyToEastAvebury.13,gasoline_euro4,0.95,18810.074546,775973.11682,102.941815,13.485948,313.852933,247504.474849,0.0
WestH6ToSaxonSt.53,636.0,524_0,0.0,0.0,0.0,911.0,771_1,56.88,15.08,275.0,2613.57,45.0,2,0.0,108.89,0,tripinfo_WestH6ToSaxonSt.53 emissions_WestH6ToSaxonSt.53,electric,1.16,0.0,0.0,0.0,0.0,0.0,0.0,0.0
WestH6ToSaxonSt.47,564.0,524_0,0.0,0.0,0.0,912.0,771_0,56.88,10.06,348.0,2608.48,56.0,3,0.0,94.36,0,tripinfo_WestH6ToSaxonSt.47 emissions_WestH6ToSaxonSt.47,electric,0.75,0.0,0.0,0.0,0.0,0.0,0.0,0.0
WestH6ToSaxonSt.48,576.0,524_0,0.0,0.0,0.0,914.0,771_0,56.88,12.56,338.0,2602.68,82.0,2,0.0,142.39,0,tripinfo_WestH6ToSaxonSt.48 emissions_WestH6ToSaxonSt.48,electric,0.96,0.0,0.0,0.0,0.0,0.0,0.0,0.0
V6ToEastH6.65,780.0,468_1,0.0,0.0,0.0,914.0,522_1,56.88,12.74,134.0,1512.23,0.0,0,0.0,15.75,0,tripinfo_V6ToEastH6.65 emissions_V6ToEastH6.65,gasoline_euro4,0.92,4433.178264,377225.114226,28.50772,5.547328,145.402932,120317.968211,0.0
V6ToEastH6.66,792.0,468_1,0.0,0.0,0.0,916.0,522_1,56.88,13.45,124.0,1512.23,0.0,0,0.0,13.83,0,tripinfo_V6ToEastH6.66 emissions_V6ToEastH6.66,gasoline_euro4,0.99,3877.169777,365314.307231,25.446709,5.37944,139.634334,116518.705438,0.0
V6ToEastH6.67,804.0,468_1,0.0,0.0,0.0,925.0,522_1,56.88,14.56,121.0,1512.23,0.0,0,0.0,18.9,0,tripinfo_V6ToEastH6.67 emissions_V6ToEastH6.67,gasoline_euro4,1.07,4844.765935,404559.404785,30.823317,6.558872,158.698702,129035.734833,0.0
WestH6ToSaxonSt.44,528.0,524_0,0.0,0.0,0.0,930.0,771_1,56.88,13.41,402.0,2767.88,138.0,6,0.0,197.38,0,tripinfo_WestH6ToSaxonSt.44 emissions_WestH6ToSaxonSt.44,gasoline_euro4,1.01,35365.500289,1161190.424311,187.337462,22.443333,485.364195,370375.315353,0.0
EastAveburyToWestA509.55,667.0,483_1,0.0,0.0,0.0,935.0,774_0,29.75,12.68,268.0,2311.97,38.0,3,0.0,91.99,0,tripinfo_EastAveburyToWestA509.55 emissions_EastAveburyToWestA509.55,electric,0.98,0.0,0.0,0.0,0.0,0.0,0.0,0.0
V6ToEastH6.68,816.0,468_1,0.0,0.0,0.0,940.0,522_1,56.88,13.54,124.0,1512.23,0.0,0,0.0,12.47,0,tripinfo_V6ToEastH6.68 emissions_V6ToEastH6.68,electric,0.98,0.0,0.0,0.0,0.0,0.0,0.0,0.0
EastAveburyToWestA509.41,548.0,483_0,0.0,0.0,0.0,941.0,774_0,29.75,13.14,393.0,2257.79,178.0,6,0.0,226.19,0,tripinfo_EastAveburyToWestA509.41 emissions_EastAveburyToWestA509.41,gasoline_euro4,0.99,38740.252015,1086692.9337,201.295416,21.715814,459.245301,346616.279745,0.0
WestA509ToAvebury.15,270.0,773_0,0.0,0.0,0.0,942.0,213_0,19.13,12.72,672.0,2288.6,447.0,7,0.0,493.16,0,tripinfo_WestA509ToAvebury.15 emissions_WestA509ToAvebury.15,electric,0.93,0.0,0.0,0.0,0.0,0.0,0.0,0.0
EastAveburyToWestA509.43,565.0,483_0,0.0,0.0,0.0,943.0,774_0,29.75,13.34,378.0,2260.95,154.0,7,0.0,219.47,0,tripinfo_EastAveburyToWestA509.43 emissions_EastAveburyToWestA509.43,gasoline_euro4,1.04,37061.053546,1083270.944777,193.405557,21.981705,459.742773,345523.370302,0.0
WestH6ToSaxonSt.40,480.0,524_0,0.0,0.0,0.0,946.0,771_1,56.88,10.54,466.0,2767.85,155.0,9,0.0,217.93,0,tripinfo_WestH6ToSaxonSt.40 emissions_WestH6ToSaxonSt.40,gasoline_euro4,0.83,40013.553017,1217692.023569,210.377756,22.753688,507.368058,388399.820851,0.0
WestA509ToEastH6.16,576.0,773_0,0.0,0.0,0.0,946.0,522_0,56.88,14.51,370.0,2754.15,143.0,3,0.0,191.94,0,tripinfo_WestA509ToEastH6.16 emissions_WestA509ToEastH6.16,gasoline_euro4,1.13,33336.785679,1104783.56169,176.894,21.729208,460.878815,352383.241131,0.0
EastAveburyToWestA509.47,599.0,483_0,0.0,0.0,0.0,947.0,774_0,29.75,12.32,348.0,2254.69,119.0,7,0.0,178.29,0,tripinfo_EastAveburyToWestA509.47 emissions_EastAveburyToWestA509.47,gasoline_euro4,0.97,30239.645827,946492.46011,159.105141,18.257547,395.457521,301895.847879,0.0
WestH6ToSaxonSt.51,612.0,524_0,0.0,0.0,0.0,948.0,771_1,56.88,13.25,336.0,2574.97,94.0,4,0.0,153.97,0,tripinfo_WestH6ToSaxonSt.51 emissions_WestH6ToSaxonSt.51,gasoline_euro4,1.04,26451.107021,958029.580256,142.074196,18.051107,396.56536,305573.637558,0.0
V6ToEastH6.69,828.0,468_1,0.0,0.0,0.0,954.0,522_1,56.88,12.78,126.0,1512.23,0.0,0,0.0,11.54,0,tripinfo_V6ToEastH6.69 emissions_V6ToEastH6.69,gasoline_euro4,0.95,3387.638463,334744.830728,22.71977,4.65492,126.30232,106768.667416,0.0
WestH6ToSaxonSt.55,660.0,524_0,0.0,0.0,0.0,956.0,771_0,56.88,14.22,296.0,2613.57,90.0,2,0.0,124.12,0,tripinfo_WestH6ToSaxonSt.55 emissions_WestH6ToSaxonSt.55,electric,1.11,0.0,0.0,0.0,0.0,0.0,0.0,0.0
WestH6ToSaxonSt.56,672.0,524_0,0.0,0.0,0.0,958.0,771_0,56.88,15.82,286.0,2603.34,84.0,2,0.0,126.14,0,tripinfo_WestH6ToSaxonSt.56 emissions_WestH6ToSaxonSt.56,electric,1.18,0.0,0.0,0.0,0.0,0.0,0.0,0.0
WestH6ToSaxonSt.59,708.0,524_0,0.0,0.0,0.0,960.0,771_0,56.88,15.51,252.0,2600.56,48.0,2,0.0,90.57,0,tripinfo_WestH6ToSaxonSt.59 emissions_WestH6ToSaxonSt.59,electric,1.17,0.0,0.0,0.0,0.0,0.0,0.0,0.0
SouthEvansGateToSilbury.41,738.0,526_0,0.0,0.0,0.0,962.0,215_1,19.43,13.16,224.0,1477.59,94.0,2,0.0,120.05,0,tripinfo_SouthEvansGateToSilbury.41 emissions_SouthEvansGateToSilbury.41,electric,1.03,0.0,0.0,0.0,0.0,0.0,0.0,0.0
SouthEvansGateToSilbury.42,756.0,526_0,0.0,0.0,0.0,963.0,215_1,19.43,15.47,207.0,1477.55,70.0,3,0.0,111.04,0,tripinfo_SouthEvansGateToSilbury.42 emissions_SouthEvansGateToSilbury.42,electric,1.11,0.0,0.0,0.0,0.0,0.0,0.0,0.0
V6ToEastH6.70,840.0,468_1,0.0,0.0,0.0,963.0,522_1,56.88,13.23,123.0,1512.23,0.0,0,0.0,13.36,0,tripinfo_V6ToEastH6.70 emissions_V6ToEastH6.70,electric,0.99,0.0,0.0,0.0,0.0,0.0,0.0,0.0
WestA509ToEastH6.17,612.0,773_0,0.0,0.0,0.0,964.0,522_0,56.88,10.14,352.0,2754.98,47.0,3,0.0,88.23,0,tripinfo_WestA509ToEastH6.17 emissions_WestA509ToEastH6.17,gasoline_euro4,0.76,18383.415247,791618.023732,101.739382,12.039572,311.869859,252495.889134,0.0
V6ToEastH6.71,852.0,468_1,0.0,0.0,0.0,965.0,522_1,56.88,14.84,113.0,1512.23,0.0,0,0.0,15.89,0,tripinfo_V6ToEastH6.71 emissions_V6ToEastH6.71,electric,1.13,0.0,0.0,0.0,0.0,0.0,0.0,0.0
SouthEvansGateToSilbury.43,774.0,526_0,0.0,0.0,0.0,966.0,215_1,19.43,12.56,192.0,1477.59,54.0,1,0.0,77.09,0,tripinfo_SouthEvansGateToSilbury.43 emissions_SouthEvansGateToSilbury.43,electric,0.93,0.0,0.0,0.0,0.0,0.0,0.0,0.0
SouthEvansGateToSilbury.44,792.0,526_0,0.0,0.0,0.0,968.0,215_1,19.43,15.13,176.0,1477.59,63.0,1,0.0,78.9,0,tripinfo_SouthEvansGateToSilbury.44 emissions_SouthEvansGateToSilbury.44,electric,1.1,0.0,0.0,0.0,0.0,0.0,0.0,0.0
EastA509ToH6.38,684.0,770_0,0.0,0.0,0.0,970.0,522_0,56.88,13.26,286.0,1483.8,141.0,4,0.0,178.96,0,tripinfo_EastA509ToH6.38 emissions_EastA509ToH6.38,electric,1.0,0.0,0.0,0.0,0.0,0.0,0.0,0.0
EastAveburyToWestA509.42,557.0,483_0,0.0,0.0,0.0,972.0,774_0,29.75,8.73,415.0,2257.77,134.0,4,0.0,181.64,0,tripinfo_EastAveburyToWestA509.42 emissions_EastAveburyToWestA509.42,electric,0.71,0.0,0.0,0.0,0.0,0.0,0.0,0.0
EastAveburyToWestA509.57,684.0,483_1,0.0,0.0,0.0,973.0,774_1,29.75,11.29,289.0,2311.97,21.0,4,0.0,78.85,0,tripinfo_EastAveburyToWestA509.57 emissions_EastAveburyToWestA509.57,electric,0.82,0.0,0.0,0.0,0.0,0.0,0.0,0.0
EastAveburyToWestA509.26,421.0,483_1,0.0,0.0,0.0,974.0,774_0,29.75,12.25,553.0,2328.55,291.0,7,0.0,368.12,0,tripinfo_EastAveburyToWestA509.26 emissions_EastAveburyToWestA509.26,gasoline_euro4,0.94,62665.036299,1514425.761695,320.44191,32.408989,657.343237,483050.675815,0.0
EastAveburyToWestA509.23,395.0,483_1,0.0,0.0,0.0,975.0,774_0,29.75,13.4,580.0,2328.56,312.0,7,0.0,407.7,0,tripinfo_EastAveburyToWestA509.23 emissions_EastAveburyToWestA509.23,gasoline_euro4,1.0,66865.451101,1623215.922002,342.097708,34.909757,705.588631,517750.655865,0.0
WestH6ToSaxonSt.61,732.0,524_0,0.0,0.0,0.0,977.0,771_0,56.88,13.2,245.0,2613.57,28.0,1,0.0,56.93,0,tripinfo_WestH6ToSaxonSt.61 emissions_WestH6ToSaxonSt.61,electric,1.02,0.0,0.0,0.0,0.0,0.0,0.0,0.0
EastAveburyToWestA509.27,429.0,483_1,0.0,0.0,0.0,978.0,774_0,29.75,12.42,549.0,2328.54,282.0,6,0.0,359.38,0,tripinfo_EastAveburyToWestA509.27 emissions_EastAveburyToWestA509.27,gasoline_euro4,0.92,59716.376996,1459722.107325,305.558985,30.401235,627.736413,465602.604435,0.0
EastA509ToH6.39,702.0,770_0,0.0,0.0,0.0,978.0,522_0,56.88,11.91,276.0,1483.8,118.0,4,0.0,155.53,0,tripinfo_EastA509ToH6.39 emissions_EastA509ToH6.39,electric,0.89,0.0,0.0,0.0,0.0,0.0,0.0,0.0
EastAveburyToWestA509.39,531.0,483_1,0.0,0.0,0.0,980.0,774_0,29.75,13.41,449.0,2328.54,194.0,7,0.0,273.78,0,tripinfo_EastAveburyToWestA509.39 emissions_EastAveburyToWestA509.39,gasoline_euro4,0.99,45458.660864,1243012.98476,235.38122,25.086967,528.186894,396477.147482,0.0
WestA509ToAvebury.37,666.0,773_0,0.0,0.0,0.0,981.0,213_0,19.13,15.75,315.0,2336.42,140.0,3,0.0,174.42,0,tripinfo_WestA509ToAvebury.37 emissions_WestA509ToAvebury.37,gasoline_euro4,1.21,31174.886957,1005001.07188,164.514187,20.216086,421.064556,320556.528102,0.0
EastA509ToH6.40,720.0,770_0,0.0,0.0,0.0,981.0,522_0,56.88,12.17,261.0,1483.8,113.0,4,0.0,146.65,0,tripinfo_EastA509ToH6.40 emissions_EastA509ToH6.40,gasoline_euro4,0.94,24725.32384,692893.697791,128.420995,13.818289,293.09761,221008.398384,0.0
SouthEvansGateToSilbury.39,702.0,526_0,0.0,0.0,0.0,982.0,215_1,19.43,15.88,280.0,1471.7,153.0,4,0.0,187.79,0,tripinfo_SouthEvansGateToSilbury.39 emissions_SouthEvansGateToSilbury.39,gasoline_euro4,1.16,32209.023542,864421.383895,166.740881,18.311719,371.030111,275719.351677,0.0
EastSilburyToEastAvebury.19,704.0,317_0,0.0,0.0,0.0,982.0,213_1,19.13,13.28,278.0,2473.18,61.0,3,0.0,101.0,0,tripinfo_EastSilburyToEastAvebury.19 emissions_EastSilburyToEastAvebury.19,gasoline_euro4,1.02,17950.890971,769845.406409,98.45442,13.333056,308.149058,245549.666652,0.0
WestA509ToAvebury.39,702.0,773_0,0.0,0.0,0.0,983.0,213_1,19.13,16.04,281.0,2336.43,86.0,3,0.0,137.4,0,tripinfo_WestA509ToAvebury.39 emissions_WestA509ToAvebury.39,gasoline_euro4,1.18,22777.625964,867313.932086,122.666688,16.093131,354.321974,276638.484971,0.0
WestA509ToAvebury.38,684.0,773_0,0.0,0.0,0.0,985.0,213_0,19.13,12.87,301.0,2337.25,82.0,4,0.0,121.96,0,tripinfo_WestA509ToAvebury.38 emissions_WestA509ToAvebury.38,gasoline_euro4,0.95,21740.732127,817404.588181,117.342485,14.288672,330.7062,260720.631675,0.0
SouthEvansGateToSilbury.40,720.0,526_0,0.0,0.0,0.0,985.0,215_1,19.43,12.85,265.0,1471.7,127.0,4,0.0,152.89,0,tripinfo_SouthEvansGateToSilbury.40 emissions_SouthEvansGateToSilbury.40,gasoline_euro4,0.95,26522.496353,720581.741935,137.133781,14.319699,303.415118,229840.534508,0.0
WestA509ToAvebury.40,723.0,773_0,0.0,0.0,3.0,986.0,213_0,19.13,13.47,263.0,2336.45,44.0,2,0.0,89.65,0,tripinfo_WestA509ToAvebury.40 emissions_WestA509ToAvebury.40,gasoline_euro4,0.98,16037.947754,722786.675481,89.205699,12.535896,291.574233,230539.225357,0.0
V6ToEastH6.72,864.0,468_1,0.0,0.0,0.0,986.0,522_1,56.88,13.52,122.0,1512.23,0.0,0,0.0,12.83,0,tripinfo_V6ToEastH6.72 emissions_V6ToEastH6.72,electric,1.01,0.0,0.0,0.0,0.0,0.0,0.0,0.0
EastA509ToH6.36,648.0,770_0,0.0,0.0,0.0,990.0,522_0,56.88,13.76,342.0,1483.82,188.0,5,0.0,233.66,0,tripinfo_EastA509ToH6.36 emissions_EastA509ToH6.36,gasoline_euro4,0.99,39594.782586,977894.477701,202.606563,20.755974,421.932631,311914.984897,0.0
EastSilburyToEastAvebury.18,688.0,317_0,0.0,0.0,0.0,991.0,213_0,19.13,11.71,303.0,1590.81,129.0,7,0.0,173.81,0,tripinfo_EastSilburyToEastAvebury.18 emissions_EastSilburyToEastAvebury.18,electric,0.9,0.0,0.0,0.0,0.0,0.0,0.0,0.0
EastSilburyToEastAvebury.14,624.0,317_0,0.0,0.0,0.0,994.0,213_0,19.13,12.34,370.0,1590.82,213.0,6,0.0,250.25,0,tripinfo_EastSilburyToEastAvebury.14 emissions_EastSilburyToEastAvebury.14,electric,0.97,0.0,0.0,0.0,0.0,0.0,0.0,0.0
V6ToEastH6.73,876.0,468_1,0.0,0.0,0.0,1002.0,522_1,56.88,13.39,126.0,1512.23,0.0,0,0.0,13.05,0,tripinfo_V6ToEastH6.73 emissions_V6ToEastH6.73,electric,0.97,0.0,0.0,0.0,0.0,0.0,0.0,0.0
EastAveburyToWestA509.65,752.0,483_1,0.0,0.0,0.0,1017.0,774_0,29.75,15.71,265.0,2308.5,56.0,5,0.0,121.38,0,tripinfo_EastAveburyToWestA509.65 emissions_EastAveburyToWestA509.65,electric,1.19,0.0,0.0,0.0,0.0,0.0,0.0,0.0
WestH6ToSaxonSt.54,648.0,524_0,0.0,0.0,0.0,1018.0,771_1,56.88,13.55,370.0,2767.85,99.0,6,0.0,159.8,0,tripinfo_WestH6ToSaxonSt.54 emissions_WestH6ToSaxonSt.54,gasoline_euro4,0.98,29116.15054,1064868.485666,156.695291,19.995009,441.544696,339650.871966,0.0
WestH6ToSaxonSt.50,600.0,524_0,0.0,0.0,0.0,1020.0,771_1,56.88,14.58,420.0,2767.88,157.0,7,0.0,228.25,0,tripinfo_WestH6ToSaxonSt.50 emissions_WestH6ToSaxonSt.50,gasoline_euro4,1.08,39795.390683,1257847.882448,209.909489,25.231981,531.663539,401205.253327,0.0
WestH6ToSaxonSt.58,696.0,524_0,0.0,0.0,0.0,1022.0,771_1,56.88,13.32,326.0,2574.97,100.0,4,0.0,139.25,0,tripinfo_WestH6ToSaxonSt.58 emissions_WestH6ToSaxonSt.58,gasoline_euro4,1.01,25645.450137,934477.974376,137.627936,17.385012,384.225139,298061.815264,0.0
V6ToEastH6.74,888.0,468_1,0.0,0.0,0.0,1024.0,522_0,56.88,11.49,136.0,1512.23,0.0,0,0.0,12.24,0,tripinfo_V6ToEastH6.74 emissions_V6ToEastH6.74,gasoline_euro4,0.88,3918.628249,351967.602286,25.738183,4.818853,133.376668,112262.247228,0.0
EastAveburyToWestA509.50,625.0,483_0,0.0,0.0,0.0,1026.0,774_0,29.75,14.21,401.0,2260.8,197.0,5,0.0,243.69,0,tripinfo_EastAveburyToWestA509.50 emissions_EastAveburyToWestA509.50,gasoline_euro4,1.05,42098.403215,1171476.867013,218.144559,23.946939,497.460114,373658.903325,0.0
V6ToEastH6.75,900.0,468_1,0.0,0.0,0.0,1026.0,522_1,56.88,12.96,126.0,1512.23,0.0,0,0.0,13.22,0,tripinfo_V6ToEastH6.75 emissions_V6ToEastH6.75,electric,0.97,0.0,0.0,0.0,0.0,0.0,0.0,0.0
EastAveburyToWestA509.54,659.0,483_0,0.0,0.0,0.0,1028.0,774_0,29.75,14.97,369.0,2254.71,147.0,6,0.0,218.43,0,tripinfo_EastAveburyToWestA509.54 emissions_EastAveburyToWestA509.54,gasoline_euro4,1.09,35971.948698,1075503.337459,188.095527,21.661324,454.442053,343045.459033,0.0
WestH6ToSaxonSt.57,684.0,524_0,0.0,0.0,0.0,1028.0,771_1,56.88,12.78,344.0,2767.88,66.0,4,0.0,119.52,0,tripinfo_WestH6ToSaxonSt.57 emissions_WestH6ToSaxonSt.57,gasoline_euro4,0.93,23062.470902,960789.333317,126.875444,16.872388,391.456749,306453.037811,0.0
WestA509ToAvebury.16,291.0,773_0,0.0,0.0,3.0,1032.0,213_0,19.13,12.7,741.0,2288.55,519.0,7,0.0,572.91,0,tripinfo_WestA509ToAvebury.16 emissions_WestA509ToAvebury.16,electric,0.99,0.0,0.0,0.0,0.0,0.0,0.0,0.0
EastAveburyToWestA509.60,710.0,483_0,0.0,0.0,0.0,1033.0,774_1,29.75,14.08,323.0,2254.72,104.0,6,0.0,173.77,0,tripinfo_EastAveburyToWestA509.60 emissions_EastAveburyToWestA509.60,electric,1.11,0.0,0.0,0.0,0.0,0.0,0.0,0.0
EastAveburyToWestA509.51,633.0,483_0,0.0,0.0,0.0,1034.0,774_0,29.75,12.52,401.0,2257.79,175.0,7,0.0,233.21,0,tripinfo_EastAveburyToWestA509.51 emissions_EastAveburyToWestA509.51,electric,0.98,0.0,0.0,0.0,0.0,0.0,0.0,0.0
WestA509ToEastH6.19,684.0,773_1,0.0,0.0,0.0,1035.0,522_0,56.88,11.27,351.0,3082.3,51.0,2,0.0,90.52,0,tripinfo_WestA509ToEastH6.19 emissions_WestA509ToEastH6.19,electric,0.87,0.0,0.0,0.0,0.0,0.0,0.0,0.0
V6ToEastH6.76,912.0,468_1,0.0,0.0,0.0,1035.0,522_1,56.88,15.7,123.0,1512.23,2.0,1,0.0,31.35,0,tripinfo_V6ToEastH6.76 emissions_V6ToEastH6.76,electric,1.2,0.0,0.0,0.0,0.0,0.0,0.0,0.0
EastAveburyToWestA509.66,761.0,483_1,0.0,0.0,0.0,1038.0,774_1,29.75,15.58,277.0,2238.63,61.0,6,0.0,131.53,0,tripinfo_EastAveburyToWestA509.66 emissions_EastAveburyToWestA509.66,electric,1.14,0.0,0.0,0.0,0.0,0.0,0.0,0.0
EastAveburyToWestA509.58,693.0,483_0,0.0,0.0,0.0,1040.0,774_0,29.75,12.71,347.0,2260.78,100.0,6,0.0,173.31,0,tripinfo_EastAveburyToWestA509.58 emissions_EastAveburyToWestA509.58,gasoline_euro4,0.96,29175.59738,948689.08436,154.466753,18.299041,397.325401,302595.720421,0.0
V6ToEastH6.77,924.0,468_1,0.0,0.0,0.0,1040.0,522_1,56.88,14.73,116.0,1512.23,0.0,0,0.0,14.16,0,tripinfo_V6ToEastH6.77 emissions_V6ToEastH6.77,electric,1.08,0.0,0.0,0.0,0.0,0.0,0.0,0.0
EastAveburyToWestA509.52,642.0,483_1,0.0,0.0,0.0,1044.0,774_0,29.75,12.98,402.0,2241.68,180.0,7,0.0,233.6,0,tripinfo_EastAveburyToWestA509.52 emissions_EastAveburyToWestA509.52,electric,0.98,0.0,0.0,0.0,0.0,0.0,0.0,0.0
EastAveburyToWestA509.53,650.0,483_0,0.0,0.0,0.0,1044.0,774_1,29.75,14.15,394.0,2264.22,164.0,5,0.0,235.58,0,tripinfo_EastAveburyToWestA509.53 emissions_EastAveburyToWestA509.53,gasoline_euro4,1.05,40453.404555,1191448.532691,211.600552,24.590396,509.100506,380027.319994,0.0
WestH6ToSaxonSt.63,756.0,524_0,0.0,0.0,0.0,1044.0,771_0,56.88,14.66,288.0,2613.57,83.0,2,0.0,116.56,0,tripinfo_WestH6ToSaxonSt.63 emissions_WestH6ToSaxonSt.63,electric,1.12,0.0,0.0,0.0,0.0,0.0,0.0,0.0
WestA509ToEastH6.21,756.0,773_0,0.0,0.0,0.0,1045.0,522_1,56.88,16.57,289.0,2754.15,82.0,3,0.0,121.93,0,tripinfo_WestA509ToEastH6.21 emissions_WestA509ToEastH6.21,gasoline_euro4,1.2,22786.740913,934309.612726,124.409618,17.632108,380.653003,298006.156779,0.0
WestA509ToEastH6.20,720.0,773_0,0.0,0.0,0.0,1046.0,522_0,56.88,13.57,326.0,2754.12,72.0,5,0.0,126.37,0,tripinfo_WestA509ToEastH6.20 emissions_WestA509ToEastH6.20,gasoline_euro4,1.0,22406.452509,912922.454958,122.517653,16.312642,370.918009,291185.572524,0.0
EastAveburyToWestA509.49,616.0,483_1,0.0,0.0,0.0,1047.0,774_1,29.75,12.85,431.0,2219.98,211.0,7,0.0,265.28,0,tripinfo_EastAveburyToWestA509.49 emissions_EastAveburyToWestA509.49,electric,0.97,0.0,0.0,0.0,0.0,0.0,0.0,0.0
SouthEvansGateToSilbury.47,846.0,526_0,0.0,0.0,0.0,1048.0,215_1,19.43,12.92,202.0,1477.55,67.0,2,0.0,92.99,0,tripinfo_SouthEvansGateToSilbury.47 emissions_SouthEvansGateToSilbury.47,electric,0.98,0.0,0.0,0.0,0.0,0.0,0.0,0.0
EastA509ToH6.42,756.0,770_0,0.0,0.0,0.0,1060.0,522_0,56.88,13.33,304.0,1483.69,164.0,4,0.0,195.77,0,tripinfo_EastA509ToH6.42 emissions_EastA509ToH6.42,gasoline_euro4,0.99,33520.067588,864119.815415,172.440328,17.940699,369.5646,275624.348844,0.0
EastA509ToH6.44,792.0,770_0,0.0,0.0,0.0,1060.0,522_1,56.88,15.65,268.0,1483.69,133.0,3,0.0,173.29,0,tripinfo_EastA509ToH6.44 emissions_EastA509ToH6.44,electric,1.14,0.0,0.0,0.0,0.0,0.0,0.0,0.0
EastA509ToH6.45,810.0,770_0,0.0,0.0,0.0,1061.0,522_0,56.88,15.7,251.0,1483.8,120.0,3,0.0,160.86,0,tripinfo_EastA509ToH6.45 emissions_EastA509ToH6.45,gasoline_euro4,1.19,26771.499515,758957.967211,139.266604,15.861921,324.454126,242079.558591,0.0
EastA509ToH6.41,738.0,770_0,0.0,0.0,0.0,1069.0,522_0,56.88,13.52,331.0,1483.77,180.0,4,0.0,221.42,0,tripinfo_EastA509ToH6.41 emissions_EastA509ToH6.41,gasoline_euro4,0.98,37772.783437,948848.533643,193.982644,20.063021,409.353386,302650.030689,0.0
EastSilburyToEastAvebury.20,720.0,317_0,0.0,0.0,0.0,1070.0,213_1,19.13,14.77,350.0,2473.18,142.0,5,0.0,185.22,0,tripinfo_EastSilburyToEastAvebury.20 emissions_EastSilburyToEastAvebury.20,gasoline_euro4,1.11,33019.328644,1066515.881236,173.991396,20.89145,444.152063,340177.865836,0.0
WestA509ToAvebury.44,792.0,773_0,0.0,0.0,0.0,1070.0,213_0,19.13,13.99,278.0,2336.45,75.0,4,0.0,116.33,0,tripinfo_WestA509ToAvebury.44 emissions_WestA509ToAvebury.44,gasoline_euro4,1.06,20890.373104,814033.39593,112.69125,14.571062,329.240947,259644.42123,0.0
SouthEvansGateToSilbury.45,810.0,526_0,0.0,0.0,0.0,1070.0,215_1,19.43,12.82,260.0,1471.71,127.0,3,0.0,153.42,0,tripinfo_SouthEvansGateToSilbury.45 emissions_SouthEvansGateToSilbury.45,gasoline_euro4,1.0,26563.356925,727966.299004,137.325818,14.652038,307.430779,232195.56008,0.0
WestA509ToAvebury.45,810.0,773_0,0.0,0.0,0.0,1071.0,213_1,19.13,15.0,261.0,2336.43,61.0,4,0.0,109.39,0,tripinfo_WestA509ToAvebury.45 emissions_WestA509ToAvebury.45,gasoline_euro4,1.12,20099.17963,825590.755151,110.272042,15.650512,340.829968,263329.120639,0.0
SouthEvansGateToSilbury.46,828.0,526_0,0.0,0.0,0.0,1072.0,215_1,19.43,14.15,244.0,1471.73,118.0,3,0.0,147.2,0,tripinfo_SouthEvansGateToSilbury.46 emissions_SouthEvansGateToSilbury.46,gasoline_euro4,1.1,25487.307498,713224.636138,132.263589,14.715189,303.430787,227492.744325,0.0
WestA509ToAvebury.43,774.0,773_0,0.0,0.0,0.0,1073.0,213_0,19.13,11.89,299.0,2337.25,81.0,3,0.0,111.66,0,tripinfo_WestA509ToAvebury.43 emissions_WestA509ToAvebury.43,gasoline_euro4,0.91,20980.308719,774937.885693,112.9825,13.779752,315.769836,247175.326281,0.0
EastSilburyToEastAvebury.22,752.0,317_0,0.0,0.0,0.0,1074.0,213_1,19.13,12.92,322.0,2473.18,85.0,5,0.0,131.57,0,tripinfo_EastSilburyToEastAvebury.22 emissions_EastSilburyToEastAvebury.22,gasoline_euro4,0.95,23855.072149,859000.486112,128.06438,15.712557,352.873801,273987.917173,0.0
V6ToEastH6.78,936.0,468_1,0.0,0.0,0.0,1075.0,522_1,56.88,11.95,139.0,1512.23,1.0,1,0.0,20.52,0,tripinfo_V6ToEastH6.78 emissions_V6ToEastH6.78,electric,0.92,0.0,0.0,0.0,0.0,0.0,0.0,0.0
EastSilburyToEastAvebury.24,784.0,317_0,0.0,0.0,0.0,1076.0,213_0,19.13,10.8,292.0,2473.18,44.0,2,0.0,76.24,0,tripinfo_EastSilburyToEastAvebury.24 emissions_EastSilburyToEastAvebury.24,gasoline_euro4,0.84,15153.447824,673612.029903,84.373703,10.778212,267.454049,214855.671741,0.0
V6ToEastH6.79,948.0,468_1,0.0,0.0,0.0,1077.0,522_1,56.88,13.29,129.0,1512.23,0.0,0,0.0,19.32,0,tripinfo_V6ToEastH6.79 emissions_V6ToEastH6.79,electric,1.0,0.0,0.0,0.0,0.0,0.0,0.0,0.0
EastSilburyToEastAvebury.15,640.0,317_0,0.0,0.0,0.0,1078.0,213_0,19.13,12.53,438.0,1590.81,254.0,9,0.0,313.84,0,tripinfo_EastSilburyToEastAvebury.15 emissions_EastSilburyToEastAvebury.15,electric,0.94,0.0,0.0,0.0,0.0,0.0,0.0,0.0
EastA509ToH6.43,774.0,770_0,0.0,0.0,0.0,1086.0,522_0,56.88,10.3,312.0,1483.77,132.0,5,0.0,180.17,0,tripinfo_EastA509ToH6.43 emissions_EastA509ToH6.43,gasoline_euro4,0.81,31157.471691,804415.746346,160.587144,16.2649,343.718813,256581.155319,0.0
V6ToEastH6.80,960.0,468_1,0.0,0.0,0.0,1093.0,522_1,56.88,12.41,133.0,1512.23,0.0,0,0.0,18.15,0,tripinfo_V6ToEastH6.80 emissions_V6ToEastH6.80,gasoline_euro4,0.96,4482.058165,373274.708076,28.568501,5.535275,143.682619,119057.986718,0.0
V6ToEastH6.81,972.0,468_1,0.0,0.0,0.0,1097.0,522_1,56.88,13.4,125.0,1512.23,0.0,0,0.0,15.35,0,tripinfo_V6ToEastH6.81 emissions_V6ToEastH6.81,gasoline_euro4,0.99,4192.343767,371828.249325,27.012994,5.586427,143.204427,118596.354114,0.0
WestH6ToSaxonSt.62,744.0,524_0,0.0,0.0,0.0,1103.0,771_1,56.88,13.97,359.0,2765.43,97.0,2,0.0,168.22,0,tripinfo_WestH6ToSaxonSt.62 emissions_WestH6ToSaxonSt.62,gasoline_euro4,1.08,28010.14804,1031824.44065,151.046564,19.652021,429.474668,329110.675999,0.0
WestA509ToEastH6.22,792.0,773_1,0.0,0.0,0.0,1108.0,522_1,56.88,12.27,316.0,3082.3,38.0,2,0.0,81.22,0,tripinfo_WestA509ToEastH6.22 emissions_WestA509ToEastH6.22,electric,0.96,0.0,0.0,0.0,0.0,0.0,0.0,0.0
EastAveburyToWestA509.75,837.0,483_1,0.0,0.0,0.0,1109.0,774_0,29.75,14.07,272.0,2308.5,48.0,2,0.0,103.93,0,tripinfo_EastAveburyToWestA509.75 emissions_EastAveburyToWestA509.75,electric,1.01,0.0,0.0,0.0,0.0,0.0,0.0,0.0
WestA509ToEastH6.23,828.0,773_1,0.0,0.0,0.0,1111.0,522_1,56.88,12.9,283.0,3082.3,3.0,2,0.0,52.75,0,tripinfo_WestA509ToEastH6.23 emissions_WestA509ToEastH6.23,electric,0.98,0.0,0.0,0.0,0.0,0.0,0.0,0.0
WestA509ToAvebury.18,324.0,773_0,0.0,0.0,0.0,1114.0,213_0,19.13,13.1,790.0,2288.55,563.0,9,0.0,625.85,0,tripinfo_WestA509ToAvebury.18 emissions_WestA509ToAvebury.18,electric,1.01,0.0,0.0,0.0,0.0,0.0,0.0,0.0
EastAveburyToWestA509.73,820.0,483_1,0.0,0.0,0.0,1114.0,774_0,29.75,14.61,294.0,2311.97,74.0,5,0.0,130.52,0,tripinfo_EastAveburyToWestA509.73 emissions_EastAveburyToWestA509.73,electric,1.07,0.0,0.0,0.0,0.0,0.0,0.0,0.0
EastSilburyToEastAvebury.6,496.0,317_0,0.0,0.0,0.0,1116.0,213_0,19.13,14.15,620.0,680.89,498.0,10,0.0,572.16,0,tripinfo_EastSilburyToEastAvebury.6 emissions_EastSilburyToEastAvebury.6,electric,1.06,0.0,0.0,0.0,0.0,0.0,0.0,0.0
V6ToEastH6.84,1008.0,468_1,0.0,0.0,0.0,1117.0,522_1,56.88,16.65,109.0,1512.23,0.0,0,0.0,20.04,0,tripinfo_V6ToEastH6.84 emissions_V6ToEastH6.84,gasoline_euro4,1.24,4906.184528,417476.417368,31.432511,7.158388,164.88495,133155.247229,0.0
EastAveburyToWestA509.63,735.0,483_0,0.0,0.0,0.0,1119.0,774_0,29.75,12.23,384.0,2257.76,161.0,5,0.0,213.96,0,tripinfo_EastAveburyToWestA509.63 emissions_EastAveburyToWestA509.63,gasoline_euro4,0.97,37121.242649,1060179.869243,193.357548,21.275777,449.126701,338159.003108,0.0
WestH6ToSaxonSt.65,780.0,524_0,0.0,0.0,0.0,1120.0,771_0,56.88,13.87,340.0,2767.88,69.0,2,0.0,149.13,0,tripinfo_WestH6ToSaxonSt.65 emissions_WestH6ToSaxonSt.65,gasoline_euro4,1.08,24988.174936,1025970.538028,137.172816,19.347975,426.082873,327241.88327,0.0
WestH6ToSaxonSt.60,720.0,524_0,0.0,0.0,0.0,1121.0,771_1,56.88,10.69,401.0,2767.87,95.0,3,0.0,147.87,0,tripinfo_WestH6ToSaxonSt.60 emissions_WestH6ToSaxonSt.60,gasoline_euro4,0.82,27953.406127,972994.774657,149.739624,17.297974,399.593469,310348.692137,0.0
EastAveburyToWestA509.67,769.0,483_0,0.0,0.0,0.0,1121.0,774_0,29.75,13.62,352.0,2254.71,130.0,6,0.0,189.08,0,tripinfo_EastAveburyToWestA509.67 emissions_EastAveburyToWestA509.67,gasoline_euro4,1.01,32451.92495,996637.962337,170.450566,19.672133,419.197058,317890.264321,0.0
EastAveburyToWestA509.80,880.0,483_1,0.0,0.0,0.0,1128.0,774_1,29.75,17.34,248.0,2215.5,71.0,3,0.0,126.44,0,tripinfo_EastAveburyToWestA509.80 emissions_EastAveburyToWestA509.80,electric,1.32,0.0,0.0,0.0,0.0,0.0,0.0,0.0
EastAveburyToWestA509.61,718.0,483_1,0.0,0.0,0.0,1130.0,774_0,29.75,11.73,412.0,2241.7,157.0,6,0.0,220.34,0,tripinfo_EastAveburyToWestA509.61 emissions_EastAveburyToWestA509.61,electric,0.86,0.0,0.0,0.0,0.0,0.0,0.0,0.0
EastAveburyToWestA509.62,727.0,483_0,0.0,0.0,0.0,1132.0,774_0,29.75,11.88,405.0,2257.77,154.0,5,0.0,221.0,0,tripinfo_EastAveburyToWestA509.62 emissions_EastAveburyToWestA509.62,gasoline_euro4,0.9,37301.19763,1069334.383022,194.335168,20.957272,450.85188,341079.404122,0.0
WestH6ToSaxonSt.70,840.0,524_0,0.0,0.0,0.0,1133.0,771_0,56.88,14.95,293.0,2602.7,88.0,3,0.0,122.67,0,tripinfo_WestH6ToSaxonSt.70 emissions_WestH6ToSaxonSt.70,electric,1.1,0.0,0.0,0.0,0.0,0.0,0.0,0.0
EastAveburyToWestA509.70,795.0,483_0,0.0,0.0,0.0,1134.0,774_0,29.75,11.43,339.0,2257.77,87.0,3,0.0,154.23,0,tripinfo_EastAveburyToWestA509.70 emissions_EastAveburyToWestA509.70,gasoline_euro4,0.9,26390.304048,892200.634358,140.665937,16.642239,370.649099,284578.033063,0.0
V6ToEastH6.83,996.0,468_1,0.0,0.0,0.0,1136.0,522_0,56.88,10.8,140.0,1512.23,0.0,0,0.0,12.3,0,tripinfo_V6ToEastH6.83 emissions_V6ToEastH6.83,electric,0.85,0.0,0.0,0.0,0.0,0.0,0.0,0.0
SouthEvansGateToSilbury.49,882.0,526_0,0.0,0.0,0.0,1137.0,215_1,19.43,13.31,255.0,1477.52,125.0,2,0.0,152.77,0,tripinfo_SouthEvansGateToSilbury.49 emissions_SouthEvansGateToSilbury.49,gasoline_euro4,1.05,26536.487403,750619.876283,137.936713,15.257999,318.225154,239420.535863,0.0
EastAveburyToWestA509.64,744.0,483_0,0.0,0.0,0.0,1138.0,774_0,29.75,10.72,394.0,2254.83,146.0,4,0.0,202.18,0,tripinfo_EastAveburyToWestA509.64 emissions_EastAveburyToWestA509.64,gasoline_euro4,0.86,34634.338377,1002244.723091,180.789288,19.171149,419.405183,319680.56356,0.0
EastAveburyToWestA509.59,701.0,483_1,0.0,0.0,0.0,1139.0,774_1,29.75,12.86,438.0,2218.32,209.0,5,0.0,265.94,0,tripinfo_EastAveburyToWestA509.59 emissions_EastAveburyToWestA509.59,electric,0.93,0.0,0.0,0.0,0.0,0.0,0.0,0.0
WestH6ToSaxonSt.64,768.0,524_0,0.0,0.0,0.0,1139.0,771_0,56.88,13.27,371.0,2602.65,142.0,5,0.0,185.59,0,tripinfo_WestH6ToSaxonSt.64 emissions_WestH6ToSaxonSt.64,electric,1.02,0.0,0.0,0.0,0.0,0.0,0.0,0.0
WestH6ToSaxonSt.67,804.0,524_0,0.0,0.0,0.0,1140.0,771_0,56.88,14.49,336.0,2601.19,114.0,5,0.0,166.78,0,tripinfo_WestH6ToSaxonSt.67 emissions_WestH6ToSaxonSt.67,electric,1.11,0.0,0.0,0.0,0.0,0.0,0.0,0.0
SouthEvansGateToSilbury.48,864.0,526_0,0.0,0.0,0.0,1141.0,215_1,19.43,12.07,277.0,1477.63,128.0,3,0.0,154.89,0,tripinfo_SouthEvansGateToSilbury.48 emissions_SouthEvansGateToSilbury.48,electric,0.88,0.0,0.0,0.0,0.0,0.0,0.0,0.0
V6ToEastH6.85,1020.0,468_1,0.0,0.0,0.0,1141.0,522_1,56.88,13.9,121.0,1512.23,0.0,0,0.0,12.97,0,tripinfo_V6ToEastH6.85 emissions_V6ToEastH6.85,gasoline_euro4,1.01,3970.346782,363686.742042,25.654321,5.467923,139.473978,115999.487774,0.0
EastAveburyToWestA509.69,786.0,483_0,0.0,0.0,0.0,1142.0,774_0,29.75,11.37,356.0,2260.8,94.0,6,0.0,161.62,0,tripinfo_EastAveburyToWestA509.69 emissions_EastAveburyToWestA509.69,gasoline_euro4,0.85,27392.323359,882410.096558,145.029881,16.320748,365.927713,281456.218858,0.0
SouthEvansGateToSilbury.51,918.0,526_0,0.0,0.0,0.0,1142.0,215_1,19.43,12.39,224.0,1477.62,77.0,3,0.0,115.63,0,tripinfo_SouthEvansGateToSilbury.51 emissions_SouthEvansGateToSilbury.51,gasoline_euro4,0.99,19692.541688,640663.46317,104.220519,12.335189,268.035835,204347.283706,0.0
SouthEvansGateToSilbury.52,936.0,526_0,0.0,0.0,0.0,1144.0,215_1,19.43,14.33,208.0,1477.52,70.0,3,0.0,112.71,0,tripinfo_SouthEvansGateToSilbury.52 emissions_SouthEvansGateToSilbury.52,electric,1.12,0.0,0.0,0.0,0.0,0.0,0.0,0.0
SouthEvansGateToSilbury.53,954.0,526_0,0.0,0.0,0.0,1146.0,215_1,19.43,14.3,192.0,1477.59,54.0,1,0.0,88.32,0,tripinfo_SouthEvansGateToSilbury.53 emissions_SouthEvansGateToSilbury.53,electric,1.04,0.0,0.0,0.0,0.0,0.0,0.0,0.0
WestH6ToSaxonSt.73,876.0,524_0,0.0,0.0,0.0,1148.0,771_0,56.88,15.87,272.0,2602.68,72.0,3,0.0,118.54,0,tripinfo_WestH6ToSaxonSt.73 emissions_WestH6ToSaxonSt.73,electric,1.23,0.0,0.0,0.0,0.0,0.0,0.0,0.0
V6ToEastH6.86,1032.0,468_1,0.0,0.0,0.0,1148.0,522_1,56.88,14.72,116.0,1512.23,0.0,0,0.0,13.87,0,tripinfo_V6ToEastH6.86 emissions_V6ToEastH6.86,gasoline_euro4,1.07,3929.404012,371448.908922,25.738541,5.733717,142.973122,118475.057324,0.0
EastA509ToH6.49,882.0,770_0,0.0,0.0,0.0,1151.0,522_0,56.88,13.55,269.0,1483.69,134.0,4,0.0,167.05,0,tripinfo_EastA509ToH6.49 emissions_EastA509ToH6.49,electric,1.05,0.0,0.0,0.0,0.0,0.0,0.0,0.0
EastA509ToH6.46,828.0,770_0,0.0,0.0,0.0,1155.0,522_0,56.88,13.99,327.0,1483.8,186.0,5,0.0,221.15,0,tripinfo_EastA509ToH6.46 emissions_EastA509ToH6.46,electric,1.02,0.0,0.0,0.0,0.0,0.0,0.0,0.0
EastSilburyToEastAvebury.26,816.0,317_0,0.0,0.0,0.0,1156.0,213_0,19.13,16.22,340.0,2473.2,143.0,6,0.0,196.04,0,tripinfo_EastSilburyToEastAvebury.26 emissions_EastSilburyToEastAvebury.26,gasoline_euro4,1.26,34955.438093,1120360.756282,184.583345,23.008646,472.179668,357351.382439,0.0
V6ToEastH6.87,1044.0,468_1,0.0,0.0,0.0,1157.0,522_1,56.88,14.9,113.0,1512.23,0.0,0,0.0,14.95,0,tripinfo_V6ToEastH6.87 emissions_V6ToEastH6.87,electric,1.11,0.0,0.0,0.0,0.0,0.0,0.0,0.0
EastAveburyToWestA509.45,582.0,483_1,0.0,0.0,0.0,1158.0,774_0,29.75,11.08,576.0,2328.54,305.0,9,0.0,375.68,0,tripinfo_EastAveburyToWestA509.45 emissions_EastAveburyToWestA509.45,gasoline_euro4,0.87,63426.984274,1500604.903213,323.716191,31.621303,648.681376,478643.696042,0.0
WestA509ToAvebury.48,864.0,773_0,0.0,0.0,0.0,1158.0,213_1,19.13,13.56,294.0,2337.28,90.0,3,0.0,125.4,0,tripinfo_WestA509ToAvebury.48 emissions_WestA509ToAvebury.48,gasoline_euro4,1.01,22527.988542,813349.173533,120.614499,15.010687,333.765418,259426.723464,0.0
SouthEvansGateToSilbury.50,900.0,526_0,0.0,0.0,0.0,1159.0,215_1,19.43,12.66,259.0,1471.73,123.0,3,0.0,148.05,0,tripinfo_SouthEvansGateToSilbury.50 emissions_SouthEvansGateToSilbury.50,gasoline_euro4,0.96,25406.709512,703046.575779,131.615591,13.991478,296.558184,224247.064204,0.0
WestA509ToAvebury.47,846.0,773_0,0.0,0.0,0.0,1160.0,213_0,19.13,12.26,314.0,2336.4,106.0,3,0.0,138.21,0,tripinfo_WestA509ToAvebury.47 emissions_WestA509ToAvebury.47,gasoline_euro4,0.97,24794.783233,852310.579778,132.067967,15.756974,350.229941,271854.672464,0.0
WestA509ToAvebury.50,903.0,773_0,0.0,0.0,3.0,1160.0,213_1,19.13,15.0,257.0,2336.43,47.0,1,0.0,103.13,0,tripinfo_WestA509ToAvebury.50 emissions_WestA509ToAvebury.50,gasoline_euro4,1.11,16049.084108,716262.598478,88.93517,12.698187,290.284916,228458.064321,0.0
EastA509ToH6.48,864.0,770_0,0.0,0.0,0.0,1163.0,522_0,56.88,13.74,299.0,1483.8,140.0,4,0.0,196.85,0,tripinfo_EastA509ToH6.48 emissions_EastA509ToH6.48,electric,1.05,0.0,0.0,0.0,0.0,0.0,0.0,0.0
WestA509ToAvebury.49,882.0,773_0,0.0,0.0,0.0,1165.0,213_0,19.13,10.39,283.0,2337.25,31.0,1,0.0,60.04,0,tripinfo_WestA509ToAvebury.49 emissions_WestA509ToAvebury.49,gasoline_euro4,0.76,13339.427412,619743.113591,74.898638,9.470248,244.62262,197673.622273,0.0
EastSilburyToEastAvebury.31,896.0,317_0,0.0,0.0,0.0,1166.0,213_0,19.13,12.06,270.0,1590.82,132.0,4,0.0,170.81,0,tripinfo_EastSilburyToEastAvebury.31 emissions_EastSilburyToEastAvebury.31,electric,1.17,0.0,0.0,0.0,0.0,0.0,0.0,0.0
EastSilburyToEastAvebury.33,928.0,317_0,0.0,0.0,0.0,1168.0,213_0,19.13,13.71,240.0,1590.82,94.0,5,0.0,135.37,0,tripinfo_EastSilburyToEastAvebury.33 emissions_EastSilburyToEastAvebury.33,electric,1.11,0.0,0.0,0.0,0.0,0.0,0.0,0.0
EastA509ToH6.47,846.0,770_0,0.0,0.0,0.0,1171.0,522_0,56.88,10.96,325.0,1483.75,152.0,4,0.0,191.28,0,tripinfo_EastA509ToH6.47 emissions_EastA509ToH6.47,electric,0.8,0.0,0.0,0.0,0.0,0.0,0.0,0.0
V6ToEastH6.88,1056.0,468_1,0.0,0.0,0.0,1177.0,522_1,56.88,13.09,121.0,1512.23,0.0,0,0.0,13.35,0,tripinfo_V6ToEastH6.88 emissions_V6ToEastH6.88,electric,1.01,0.0,0.0,0.0,0.0,0.0,0.0,0.0
WestA509ToEastH6.24,864.0,773_1,0.0,0.0,0.0,1200.0,522_1,56.88,12.45,336.0,3082.3,52.0,2,0.0,96.95,0,tripinfo_WestA509ToEastH6.24 emissions_WestA509ToEastH6.24,electric,0.94,0.0,0.0,0.0,0.0,0.0,0.0,0.0
V6ToEastH6.89,1068.0,468_1,0.0,0.0,0.0,1202.0,522_1,56.88,12.69,134.0,1512.23,0.0,0,0.0,23.72,0,tripinfo_V6ToEastH6.89 emissions_V6ToEastH6.89,electric,0.99,0.0,0.0,0.0,0.0,0.0,0.0,0.0
WestH6ToSaxonSt.66,792.0,524_0,0.0,0.0,0.0,1204.0,771_1,56.88,10.72,412.0,2574.94,141.0,5,0.0,190.64,0,tripinfo_WestH6ToSaxonSt.66 emissions_WestH6ToSaxonSt.66,gasoline_euro4,0.85,33853.715494,1018293.883276,177.556688,19.092645,423.453516,324799.2844,0.0
EastAveburyToWestA509.72,812.0,483_0,0.0,0.0,0.0,1204.0,774_1,29.75,15.17,392.0,2254.74,186.0,5,0.0,247.68,0,tripinfo_EastAveburyToWestA509.72 emissions_EastAveburyToWestA509.72,gasoline_euro4,1.14,41944.056,1185781.962163,217.870984,24.456058,503.978619,378221.079565,0.0
V6ToEastH6.90,1080.0,468_1,0.0,0.0,0.0,1204.0,522_1,56.88,14.48,124.0,1512.23,0.0,0,0.0,25.98,0,tripinfo_V6ToEastH6.90 emissions_V6ToEastH6.90,gasoline_euro4,1.12,5413.680493,426670.244147,34.292892,7.287107,170.433668,136087.859852,0.0
WestH6ToSaxonSt.69,828.0,524_0,0.0,0.0,0.0,1205.0,771_0,56.88,13.15,377.0,2574.94,131.0,5,0.0,194.06,0,tripinfo_WestH6ToSaxonSt.69 emissions_WestH6ToSaxonSt.69,gasoline_euro4,1.03,32724.692435,1047095.578231,172.725509,20.41577,438.541254,333983.776669,0.0
WestH6ToSaxonSt.68,816.0,524_0,0.0,0.0,0.0,1206.0,771_1,56.88,14.75,390.0,2767.88,117.0,5,0.0,205.4,0,tripinfo_WestH6ToSaxonSt.68 emissions_WestH6ToSaxonSt.68,gasoline_euro4,1.12,34707.919449,1210648.796295,185.917771,23.943393,510.454873,386148.619505,0.0
EastAveburyToWestA509.74,829.0,483_1,0.0,0.0,0.0,1207.0,774_0,29.75,12.23,378.0,2241.68,134.0,5,0.0,205.58,0,tripinfo_EastAveburyToWestA509.74 emissions_EastAveburyToWestA509.74,electric,0.96,0.0,0.0,0.0,0.0,0.0,0.0,0.0
EastAveburyToWestA509.76,846.0,483_0,0.0,0.0,0.0,1210.0,774_0,29.75,12.7,364.0,2260.93,139.0,5,0.0,198.79,0,tripinfo_EastAveburyToWestA509.76 emissions_EastAveburyToWestA509.76,gasoline_euro4,1.0,34261.716562,1025190.485191,179.463616,20.535957,433.524089,326997.673219,0.0
EastSilburyToEastAvebury.27,832.0,317_0,0.0,0.0,0.0,1215.0,213_0,19.13,10.72,383.0,1581.81,213.0,7,0.0,248.69,0,tripinfo_EastSilburyToEastAvebury.27 emissions_EastSilburyToEastAvebury.27,electric,0.86,0.0,0.0,0.0,0.0,0.0,0.0,0.0
V6ToEastH6.91,1092.0,468_1,0.0,0.0,0.0,1215.0,522_1,56.88,13.8,123.0,1512.23,0.0,0,0.0,13.9,0,tripinfo_V6ToEastH6.91 emissions_V6ToEastH6.91,electric,1.0,0.0,0.0,0.0,0.0,0.0,0.0,0.0
EastAveburyToWestA509.77,854.0,483_0,0.0,0.0,0.0,1216.0,774_0,29.75,12.82,362.0,2257.77,118.0,6,0.0,183.48,0,tripinfo_EastAveburyToWestA509.77 emissions_EastAveburyToWestA509.77,gasoline_euro4,0.92,30632.131156,970774.377324,161.644332,18.413556,404.822492,309640.938893,0.0
EastAveburyToWestA509.71,803.0,483_0,0.0,0.0,0.0,1219.0,774_0,29.75,12.32,416.0,2257.77,180.0,5,0.0,237.29,0,tripinfo_EastAveburyToWestA509.71 emissions_EastAveburyToWestA509.71,gasoline_euro4,0.93,40024.230787,1098940.234098,207.421013,22.010459,465.819094,350523.164709,0.0
WestH6ToSaxonSt.75,900.0,524_0,0.0,0.0,0.0,1219.0,771_0,56.88,16.78,319.0,2609.14,116.0,5,0.0,164.07,0,tripinfo_WestH6ToSaxonSt.75 emissions_WestH6ToSaxonSt.75,electric,1.24,0.0,0.0,0.0,0.0,0.0,0.0,0.0
V6ToEastH6.82,984.0,468_1,0.0,0.0,0.0,1219.0,522_0,56.88,14.71,235.0,2023.91,63.0,3,0.0,99.1,0,tripinfo_V6ToEastH6.82 emissions_V6ToEastH6.82,gasoline_euro4,1.09,17656.454416,691789.091137,95.713182,12.835088,283.357484,220652.781137,0.0
WestA509ToEastH6.25,900.0,773_0,0.0,0.0,0.0,1224.0,522_0,56.88,11.75,324.0,2754.05,50.0,3,0.0,100.93,0,tripinfo_WestA509ToEastH6.25 emissions_WestA509ToEastH6.25,gasoline_euro4,0.89,18282.176023,820613.506892,101.645018,13.441201,326.876863,261742.91776,0.0
SouthEvansGateToSilbury.54,972.0,526_0,0.0,0.0,0.0,1224.0,215_1,19.43,13.21,252.0,1477.59,124.0,2,0.0,149.6,0,tripinfo_SouthEvansGateToSilbury.54 emissions_SouthEvansGateToSilbury.54,electric,1.04,0.0,0.0,0.0,0.0,0.0,0.0,0.0
WestH6ToSaxonSt.72,864.0,524_0,0.0,0.0,0.0,1225.0,771_0,56.88,13.87,361.0,2608.48,136.0,4,0.0,179.58,0,tripinfo_WestH6ToSaxonSt.72 emissions_WestH6ToSaxonSt.72,electric,1.05,0.0,0.0,0.0,0.0,0.0,0.0,0.0
EastAveburyToWestA509.85,922.0,483_1,0.0,0.0,0.0,1225.0,774_0,29.75,11.1,303.0,2311.97,54.0,5,0.0,102.84,0,tripinfo_EastAveburyToWestA509.85 emissions_EastAveburyToWestA509.85,electric,0.86,0.0,0.0,0.0,0.0,0.0,0.0,0.0
SouthEvansGateToSilbury.56,1008.0,526_0,0.0,0.0,0.0,1227.0,215_1,19.43,12.99,219.0,1477.52,81.0,2,0.0,107.0,0,tripinfo_SouthEvansGateToSilbury.56 emissions_SouthEvansGateToSilbury.56,electric,0.96,0.0,0.0,0.0,0.0,0.0,0.0,0.0
EastA509ToH6.51,918.0,770_0,0.0,0.0,0.0,1236.0,522_0,56.88,12.62,318.0,1483.69,176.0,4,0.0,207.55,0,tripinfo_EastA509ToH6.51 emissions_EastA509ToH6.51,gasoline_euro4,0.98,35667.711584,878154.713048,182.509702,18.387597,376.824536,280101.819215,0.0
WestH6ToSaxonSt.77,924.0,524_0,0.0,0.0,0.0,1241.0,771_0,56.88,11.63,317.0,2608.48,62.0,5,0.0,101.77,0,tripinfo_WestH6ToSaxonSt.77 emissions_WestH6ToSaxonSt.77,electric,0.89,0.0,0.0,0.0,0.0,0.0,0.0,0.0
V6ToEastH6.93,1116.0,468_1,0.0,0.0,0.0,1243.0,522_1,56.88,12.97,127.0,1512.23,0.0,0,0.0,11.52,0,tripinfo_V6ToEastH6.93 emissions_V6ToEastH6.93,gasoline_euro4,0.95,3599.456169,345816.106622,23.878301,4.909548,131.237671,110299.851239,0.0
WestA509ToAvebury.52,939.0,773_0,0.0,0.0,3.0,1245.0,213_0,19.13,15.97,306.0,2336.45,99.0,3,0.0,159.17,0,tripinfo_WestA509ToAvebury.52 emissions_WestA509ToAvebury.52,gasoline_euro4,1.16,26031.974908,917702.089369,139.317875,17.970099,384.386418,292710.35405,0.0
EastAveburyToWestA509.46,591.0,483_1,0.0,0.0,0.0,1246.0,774_0,29.75,11.05,655.0,2328.54,370.0,11,0.0,452.0,0,tripinfo_EastAveburyToWestA509.46 emissions_EastAveburyToWestA509.46,gasoline_euro4,0.85,76377.876834,1718806.61233,387.751591,37.006184,748.246905,548244.345156,0.0
SouthEvansGateToSilbury.55,990.0,526_0,0.0,0.0,0.0,1246.0,215_1,19.43,13.33,256.0,1471.71,129.0,3,0.0,153.93,0,tripinfo_SouthEvansGateToSilbury.55 emissions_SouthEvansGateToSilbury.55,gasoline_euro4,1.04,26670.166157,729719.764935,137.746758,14.92002,309.444965,232754.584415,0.0
WestA509ToAvebury.51,918.0,773_0,0.0,0.0,0.0,1247.0,213_1,19.13,11.14,329.0,2337.26,106.0,3,0.0,137.68,0,tripinfo_WestA509ToAvebury.51 emissions_WestA509ToAvebury.51,gasoline_euro4,0.89,25015.879867,837406.486597,132.96997,15.196578,343.659711,267101.545195,0.0
SouthEvansGateToSilbury.59,1062.0,526_0,0.0,0.0,0.0,1247.0,215_1,19.43,15.81,185.0,1471.7,65.0,3,0.0,97.32,0,tripinfo_SouthEvansGateToSilbury.59 emissions_SouthEvansGateToSilbury.59,gasoline_euro4,1.21,16958.059755,598906.418218,90.790712,11.979973,251.606313,191026.999225,0.0
EastA509ToH6.50,900.0,770_0,0.0,0.0,0.0,1248.0,522_0,56.88,11.83,348.0,1483.75,190.0,5,0.0,231.93,0,tripinfo_EastA509ToH6.50 emissions_EastA509ToH6.50,gasoline_euro4,0.93,39440.858813,952173.729471,201.636647,20.152865,411.187834,303711.597513,0.0
EastA509ToH6.52,936.0,770_0,0.0,0.0,0.0,1248.0,522_1,56.88,13.37,312.0,1483.8,152.0,5,0.0,205.03,0,tripinfo_EastA509ToH6.52 emissions_EastA509ToH6.52,electric,1.01,0.0,0.0,0.0,0.0,0.0,0.0,0.0
WestA509ToAvebury.53,954.0,773_0,0.0,0.0,0.0,1249.0,213_1,19.13,12.64,295.0,2336.43,77.0,2,0.0,113.89,0,tripinfo_WestA509ToAvebury.53 emissions_WestA509ToAvebury.53,gasoline_euro4,0.94,20208.682304,772116.67544,109.354661,13.614861,313.317443,246275.179051,0.0
EastSilburyToEastAvebury.30,880.0,317_0,0.0,0.0,0.0,1250.0,213_0,19.13,11.23,370.0,2473.15,118.0,3,0.0,152.37,0,tripinfo_EastSilburyToEastAvebury.30 emissions_EastSilburyToEastAvebury.30,gasoline_euro4,0.83,27757.523439,893168.245533,146.886854,15.929134,365.711443,284888.440917,0.0
EastSilburyToEastAvebury.32,912.0,317_0,0.0,0.0,0.0,1252.0,213_0,19.13,11.49,340.0,2473.18,88.0,5,0.0,132.03,0,tripinfo_EastSilburyToEastAvebury.32 emissions_EastSilburyToEastAvebury.32,gasoline_euro4,0.88,24228.228196,860898.811943,130.095239,15.357017,352.445543,274594.025243,0.0
WestA509ToAvebury.56,1011.0,773_0,0.0,0.0,3.0,1253.0,213_0,19.13,14.03,242.0,2336.45,28.0,1,0.0,89.02,0,tripinfo_WestA509ToAvebury.56 emissions_WestA509ToAvebury.56,gasoline_euro4,1.11,13205.634055,682061.64282,75.265091,11.552069,273.008801,217548.668216,0.0
V6ToEastH6.94,1128.0,468_1,0.0,0.0,0.0,1254.0,522_1,56.88,13.21,126.0,1512.23,0.0,0,0.0,14.54,0,tripinfo_V6ToEastH6.94 emissions_V6ToEastH6.94,gasoline_euro4,0.98,4066.805652,359611.399228,26.447128,5.467982,139.379908,114699.676017,0.0
V6ToEastH6.95,1140.0,468_1,0.0,0.0,0.0,1256.0,522_1,56.88,13.74,116.0,1512.23,0.0,0,0.0,12.8,0,tripinfo_V6ToEastH6.95 emissions_V6ToEastH6.95,gasoline_euro4,1.06,3759.616931,358666.385043,24.77341,5.543519,138.058502,114397.999079,0.0
EastA509ToH6.54,972.0,770_0,0.0,0.0,0.0,1260.0,522_0,56.88,13.81,288.0,1483.8,125.0,5,0.0,188.34,0,tripinfo_EastA509ToH6.54 emissions_EastA509ToH6.54,gasoline_euro4,1.08,31147.276882,852682.313781,161.618861,18.079894,368.245397,271974.453542,0.0
EastA509ToH6.53,954.0,770_0,0.0,0.0,0.0,1262.0,522_0,56.88,13.76,308.0,1483.8,140.0,6,0.0,204.9,0,tripinfo_EastA509ToH6.53 emissions_EastA509ToH6.53,gasoline_euro4,1.04,33923.514299,882667.208288,174.927607,18.739946,381.518897,281539.570045,0.0
EastA509ToH6.55,990.0,770_0,0.0,0.0,0.0,1263.0,522_1,56.88,14.74,273.0,1483.8,115.0,5,0.0,174.12,0,tripinfo_EastA509ToH6.55 emissions_EastA509ToH6.55,electric,1.08,0.0,0.0,0.0,0.0,0.0,0.0,0.0
V6ToEastH6.96,1152.0,468_1,0.0,0.0,0.0,1273.0,522_1,56.88,13.26,121.0,1512.23,0.0,0,0.0,13.6,0,tripinfo_V6ToEastH6.96 emissions_V6ToEastH6.96,gasoline_euro4,1.02,3880.515499,363817.485818,25.353004,5.417334,138.769494,116041.247989,0.0
V6ToEastH6.98,1176.0,468_1,0.0,0.0,0.0,1280.0,522_1,56.88,17.17,104.0,1512.23,0.0,0,0.0,16.61,0,tripinfo_V6ToEastH6.98 emissions_V6ToEastH6.98,electric,1.25,0.0,0.0,0.0,0.0,0.0,0.0,0.0
WestH6ToSaxonSt.71,852.0,524_0,0.0,0.0,0.0,1285.0,771_1,56.88,14.9,433.0,2767.88,180.0,7,0.0,246.1,0,tripinfo_WestH6ToSaxonSt.71 emissions_WestH6ToSaxonSt.71,gasoline_euro4,1.11,43751.338889,1347476.17726,230.123533,27.605831,573.00362,429793.315951,0.0
V6ToEastH6.97,1164.0,468_1,0.0,0.0,0.0,1287.0,522_1,56.88,12.98,123.0,1512.23,0.0,0,0.0,13.15,0,tripinfo_V6ToEastH6.97 emissions_V6ToEastH6.97,gasoline_euro4,1.0,3856.072039,364345.550694,25.175889,5.352285,138.594657,116209.739674,0.0
WestH6ToSaxonSt.74,888.0,524_0,0.0,0.0,0.0,1290.0,771_1,56.88,13.44,402.0,2767.87,140.0,5,0.0,203.11,0,tripinfo_WestH6ToSaxonSt.74 emissions_WestH6ToSaxonSt.74,gasoline_euro4,1.04,36428.59347,1203845.259298,193.351921,23.705345,506.026625,383979.954469,0.0
EastAveburyToWestA509.84,914.0,483_1,0.0,0.0,0.0,1301.0,774_1,29.75,14.68,387.0,2219.98,193.0,5,0.0,236.3,0,tripinfo_EastAveburyToWestA509.84 emissions_EastAveburyToWestA509.84,electric,1.07,0.0,0.0,0.0,0.0,0.0,0.0,0.0
EastAveburyToWestA509.99,1041.0,483_1,0.0,0.0,0.0,1301.0,774_0,29.75,12.58,260.0,2311.97,21.0,3,0.0,71.8,0,tripinfo_EastAveburyToWestA509.99 emissions_EastAveburyToWestA509.99,electric,0.92,0.0,0.0,0.0,0.0,0.0,0.0,0.0
WestA509ToEastH6.28,1008.0,773_0,0.0,0.0,0.0,1302.0,522_1,56.88,16.13,294.0,2754.12,45.0,2,0.0,123.14,0,tripinfo_WestA509ToEastH6.28 emissions_WestA509ToEastH6.28,gasoline_euro4,1.17,17523.331818,802897.754117,97.529323,14.10163,323.559634,256090.955814,0.0
EastAveburyToWestA509.83,905.0,483_0,0.0,0.0,0.0,1303.0,774_0,29.75,14.02,398.0,2254.71,186.0,6,0.0,235.76,0,tripinfo_EastAveburyToWestA509.83 emissions_EastAveburyToWestA509.83,gasoline_euro4,1.02,40464.79934,1117510.108605,209.697857,22.876073,475.429999,356445.624872,0.0
WestH6ToSaxonSt.83,996.0,524_0,0.0,0.0,0.0,1305.0,771_0,56.88,15.36,309.0,2608.48,108.0,4,0.0,147.07,0,tripinfo_WestH6ToSaxonSt.83 emissions_WestH6ToSaxonSt.83,electric,1.18,0.0,0.0,0.0,0.0,0.0,0.0,0.0
EastSilburyToEastAvebury.3,448.0,317_0,0.0,0.0,0.0,1306.0,213_0,19.13,11.99,858.0,1581.85,661.0,12,0.0,724.92,0,tripinfo_EastSilburyToEastAvebury.3 emissions_EastSilburyToEastAvebury.3,electric,0.87,0.0,0.0,0.0,0.0,0.0,0.0,0.0
WestA509ToEastH6.27,972.0,773_0,0.0,0.0,0.0,1306.0,522_0,56.88,10.99,334.0,2754.07,64.0,3,0.0,106.63,0,tripinfo_WestA509ToEastH6.27 emissions_WestA509ToEastH6.27,gasoline_euro4,0.88,19917.351591,830883.861723,109.662326,13.950957,333.84257,265019.224509,0.0
EastAveburyToWestA509.100,1050.0,483_1,0.0,0.0,0.0,1306.0,774_0,29.75,12.47,256.0,2308.5,17.0,3,0.0,80.82,0,tripinfo_EastAveburyToWestA509.100 emissions_EastAveburyToWestA509.100,electric,0.97,0.0,0.0,0.0,0.0,0.0,0.0,0.0
WestH6ToSaxonSt.86,1032.0,524_0,0.0,0.0,0.0,1311.0,771_0,56.88,14.33,279.0,2613.57,69.0,3,0.0,101.84,0,tripinfo_WestH6ToSaxonSt.86 emissions_WestH6ToSaxonSt.86,electric,1.08,0.0,0.0,0.0,0.0,0.0,0.0,0.0
V6ToEastH6.99,1188.0,468_1,0.0,0.0,0.0,1311.0,522_1,56.88,13.26,123.0,1512.23,0.0,0,0.0,13.73,0,tripinfo_V6ToEastH6.99 emissions_V6ToEastH6.99,gasoline_euro4,1.0,3954.224191,358257.596378,25.873327,5.47253,138.494429,114267.814428,0.0
SouthEvansGateToSilbury.60,1080.0,526_0,0.0,0.0,0.0,1313.0,215_1,19.43,13.74,233.0,1477.52,100.0,3,0.0,127.09,0,tripinfo_SouthEvansGateToSilbury.60 emissions_SouthEvansGateToSilbury.60,electric,1.02,0.0,0.0,0.0,0.0,0.0,0.0,0.0
EastAveburyToWestA509.88,948.0,483_1,0.0,0.0,0.0,1316.0,774_0,29.75,12.11,368.0,2241.68,110.0,9,0.0,178.22,0,tripinfo_EastAveburyToWestA509.88 emissions_EastAveburyToWestA509.88,electric,0.87,0.0,0.0,0.0,0.0,0.0,0.0,0.0
SouthEvansGateToSilbury.58,1044.0,526_0,0.0,0.0,0.0,1316.0,215_1,19.43,11.55,272.0,1477.6,123.0,2,0.0,148.28,0,tripinfo_SouthEvansGateToSilbury.58 emissions_SouthEvansGateToSilbury.58,electric,0.86,0.0,0.0,0.0,0.0,0.0,0.0,0.0
SouthEvansGateToSilbury.62,1116.0,526_0,0.0,0.0,0.0,1318.0,215_1,19.43,12.71,202.0,1477.59,64.0,1,0.0,86.67,0,tripinfo_SouthEvansGateToSilbury.62 emissions_SouthEvansGateToSilbury.62,electric,0.93,0.0,0.0,0.0,0.0,0.0,0.0,0.0
WestA509ToEastH6.26,936.0,773_0,0.0,0.0,0.0,1322.0,522_0,56.88,10.15,386.0,2754.89,82.0,4,0.0,125.8,0,tripinfo_WestA509ToEastH6.26 emissions_WestA509ToEastH6.26,gasoline_euro4,0.77,24678.236065,888981.964508,132.757957,14.868379,359.040234,283552.28425,0.0
V6ToEastH6.101,1212.0,468_1,0.0,0.0,0.0,1324.0,522_1,56.88,14.42,112.0,1512.23,0.0,0,0.0,15.34,0,tripinfo_V6ToEastH6.101 emissions_V6ToEastH6.101,gasoline_euro4,1.13,4584.019859,394073.726831,29.463609,6.619824,155.20253,125690.987829,0.0
WestH6ToSaxonSt.87,1044.0,524_0,0.0,0.0,0.0,1331.0,771_0,56.88,14.27,287.0,2603.31,62.0,5,0.0,107.83,0,tripinfo_WestH6ToSaxonSt.87 emissions_WestH6ToSaxonSt.87,electric,1.05,0.0,0.0,0.0,0.0,0.0,0.0,0.0
EastSilburyToEastAvebury.37,992.0,317_0,0.0,0.0,0.0,1333.0,213_0,19.13,15.05,341.0,2473.21,131.0,6,0.0,180.72,0,tripinfo_EastSilburyToEastAvebury.37 emissions_EastSilburyToEastAvebury.37,gasoline_euro4,1.13,31844.740322,1037258.366296,168.234942,20.506139,433.468885,330845.455514,0.0
V6ToEastH6.100,1200.0,468_1,0.0,0.0,0.0,1333.0,522_1,56.88,12.42,133.0,1512.23,0.0,0,0.0,14.46,0,tripinfo_V6ToEastH6.100 emissions_V6ToEastH6.100,electric,0.92,0.0,0.0,0.0,0.0,0.0,0.0,0.0
SouthEvansGateToSilbury.57,1026.0,526_0,0.0,0.0,0.0,1334.0,215_1,19.43,12.81,308.0,1471.73,170.0,4,0.0,202.34,0,tripinfo_SouthEvansGateToSilbury.57 emissions_SouthEvansGateToSilbury.57,gasoline_euro4,1.01,34475.92503,870478.069483,176.857704,18.318417,373.889138,277652.556918,0.0
EastA509ToH6.57,1026.0,770_0,0.0,0.0,0.0,1336.0,522_0,56.88,13.26,310.0,1483.69,167.0,5,0.0,203.12,0,tripinfo_EastA509ToH6.57 emissions_EastA509ToH6.57,gasoline_euro4,1.01,34492.988152,880126.262238,177.194932,18.296046,376.609199,280730.032233,0.0
EastSilburyToEastAvebury.40,1040.0,317_0,0.0,0.0,0.0,1337.0,213_0,19.13,11.61,297.0,2473.18,55.0,5,0.0,98.59,0,tripinfo_EastSilburyToEastAvebury.40 emissions_EastSilburyToEastAvebury.40,gasoline_euro4,0.91,18178.056022,777196.139401,100.154346,12.832932,310.091356,247894.934233,0.0
EastA509ToH6.56,1008.0,770_0,0.0,0.0,0.0,1339.0,522_0,56.88,12.29,331.0,1483.75,176.0,5,0.0,215.51,0,tripinfo_EastA509ToH6.56 emissions_EastA509ToH6.56,gasoline_euro4,0.93,36735.195003,908623.676978,188.257275,18.971187,390.547142,289820.317578,0.0
EastSilburyToEastAvebury.41,1056.0,317_0,0.0,0.0,0.0,1339.0,213_0,19.13,12.81,283.0,1590.82,133.0,3,0.0,166.16,0,tripinfo_EastSilburyToEastAvebury.41 emissions_EastSilburyToEastAvebury.41,electric,0.99,0.0,0.0,0.0,0.0,0.0,0.0,0.0
EastA509ToH6.58,1044.0,770_0,0.0,0.0,0.0,1340.0,522_1,56.88,13.44,296.0,1483.8,142.0,5,0.0,192.14,0,tripinfo_EastA509ToH6.58 emissions_EastA509ToH6.58,electric,1.03,0.0,0.0,0.0,0.0,0.0,0.0,0.0
EastSilburyToEastAvebury.44,1104.0,317_0,0.0,0.0,0.0,1341.0,213_0,19.13,14.02,237.0,1590.85,85.0,5,0.0,123.08,0,tripinfo_EastSilburyToEastAvebury.44 emissions_EastSilburyToEastAvebury.44,electric,1.02,0.0,0.0,0.0,0.0,0.0,0.0,0.0
WestA509ToAvebury.59,1062.0,773_0,0.0,0.0,0.0,1344.0,213_0,19.13,13.32,282.0,2336.45,75.0,3,0.0,114.78,0,tripinfo_WestA509ToAvebury.59 emissions_WestA509ToAvebury.59,gasoline_euro4,1.02,20557.854626,798949.625813,111.539807,14.541834,326.570226,254833.095935,0.0
WestH6ToSaxonSt.84,1008.0,524_0,0.0,0.0,0.0,1345.0,771_0,56.88,11.65,337.0,2602.68,94.0,4,0.0,131.65,0,tripinfo_WestH6ToSaxonSt.84 emissions_WestH6ToSaxonSt.84,electric,0.92,0.0,0.0,0.0,0.0,0.0,0.0,0.0
WestH6ToSaxonSt.89,1068.0,524_0,0.0,0.0,0.0,1346.0,771_0,56.88,13.6,278.0,2613.57,53.0,3,0.0,93.58,0,tripinfo_WestH6ToSaxonSt.89 emissions_WestH6ToSaxonSt.89,electric,1.04,0.0,0.0,0.0,0.0,0.0,0.0,0.0
V6ToEastH6.102,1224.0,468_1,0.0,0.0,0.0,1347.0,522_1,56.88,13.66,123.0,1512.23,0.0,0,0.0,12.71,0,tripinfo_V6ToEastH6.102 emissions_V6ToEastH6.102,electric,1.0,0.0,0.0,0.0,0.0,0.0,0.0,0.0
WestA509ToAvebury.60,1083.0,773_0,0.0,0.0,3.0,1348.0,213_0,19.13,16.04,265.0,2336.48,65.0,4,0.0,118.74,0,tripinfo_WestA509ToAvebury.60 emissions_WestA509ToAvebury.60,gasoline_euro4,1.17,20392.470527,853417.138203,112.071903,16.28091,352.574859,272204.222511,0.0
V6ToEastH6.103,1236.0,468_1,0.0,0.0,0.0,1348.0,522_1,56.88,15.28,112.0,1512.23,0.0,0,0.0,15.12,0,tripinfo_V6ToEastH6.103 emissions_V6ToEastH6.103,electric,1.13,0.0,0.0,0.0,0.0,0.0,0.0,0.0
EastA509ToH6.59,1062.0,770_0,0.0,0.0,0.0,1354.0,522_0,56.88,12.96,292.0,1483.75,131.0,6,0.0,183.63,0,tripinfo_EastA509ToH6.59 emissions_EastA509ToH6.59,electric,0.99,0.0,0.0,0.0,0.0,0.0,0.0,0.0
EastA509ToH6.60,1080.0,770_0,0.0,0.0,0.0,1354.0,522_1,56.88,14.7,274.0,1483.8,117.0,6,0.0,176.55,0,tripinfo_EastA509ToH6.60 emissions_EastA509ToH6.60,electric,1.1,0.0,0.0,0.0,0.0,0.0,0.0,0.0
WestA509ToEastH6.29,1044.0,773_1,0.0,0.0,0.0,1360.0,522_1,56.88,14.03,316.0,3082.3,53.0,1,0.0,96.47,0,tripinfo_WestA509ToEastH6.29 emissions_WestA509ToEastH6.29,electric,1.03,0.0,0.0,0.0,0.0,0.0,0.0,0.0
EastA509ToH6.61,1098.0,770_0,0.0,0.0,0.0,1362.0,522_0,56.88,15.15,264.0,1483.69,116.0,5,0.0,171.87,0,tripinfo_EastA509ToH6.61 emissions_EastA509ToH6.61,electric,1.17,0.0,0.0,0.0,0.0,0.0,0.0,0.0
WestH6ToSaxonSt.76,912.0,524_0,0.0,0.0,0.0,1367.0,771_1,56.88,14.58,455.0,2767.88,187.0,8,0.0,271.95,0,tripinfo_WestH6ToSaxonSt.76 emissions_WestH6ToSaxonSt.76,gasoline_euro4,1.12,46183.534208,1379249.736705,242.098173,28.394224,588.049038,439928.584159,0.0
V6ToEastH6.104,1248.0,468_1,0.0,0.0,0.0,1367.0,522_1,56.88,13.89,119.0,1512.23,0.0,0,0.0,14.71,0,tripinfo_V6ToEastH6.104 emissions_V6ToEastH6.104,gasoline_euro4,1.05,4191.548899,367372.552442,27.141189,5.879122,143.354879,117174.843283,0.0
WestH6ToSaxonSt.79,948.0,524_0,0.0,0.0,0.0,1372.0,771_1,56.88,14.14,424.0,2574.94,189.0,8,0.0,245.31,0,tripinfo_WestH6ToSaxonSt.79 emissions_WestH6ToSaxonSt.79,gasoline_euro4,1.06,43067.277794,1243874.477919,224.348037,25.093307,525.285774,396750.543485,0.0
WestH6ToSaxonSt.78,936.0,524_0,0.0,0.0,0.0,1373.0,771_1,56.88,15.86,437.0,2765.47,183.0,7,0.0,265.31,0,tripinfo_WestH6ToSaxonSt.78 emissions_WestH6ToSaxonSt.78,gasoline_euro4,1.21,45780.936802,1418742.576749,241.065801,29.312842,604.518316,452524.131509,0.0
WestH6ToSaxonSt.81,972.0,524_0,0.0,0.0,0.0,1377.0,771_1,56.88,13.47,405.0,2574.96,167.0,7,0.0,221.09,0,tripinfo_WestH6ToSaxonSt.81 emissions_WestH6ToSaxonSt.81,gasoline_euro4,1.03,38623.508847,1142248.377039,201.752543,22.67202,480.322131,364335.363863,0.0
EastAveburyToWestA509.105,1092.0,483_1,0.0,0.0,0.0,1377.0,774_0,29.75,14.19,285.0,2311.97,62.0,4,0.0,118.42,0,tripinfo_EastAveburyToWestA509.105 emissions_EastAveburyToWestA509.105,electric,1.04,0.0,0.0,0.0,0.0,0.0,0.0,0.0
V6ToEastH6.105,1260.0,468_1,0.0,0.0,0.0,1383.0,522_1,56.88,12.84,123.0,1512.23,0.0,0,0.0,11.26,0,tripinfo_V6ToEastH6.105 emissions_V6ToEastH6.105,gasoline_euro4,0.98,3458.562076,330026.142139,22.769873,4.806469,125.595159,105263.431258,0.0
EastSilburyToEastAvebury.7,512.0,317_0,0.0,0.0,0.0,1385.0,213_0,19.13,12.95,873.0,1576.67,673.0,16,0.0,753.68,0,tripinfo_EastSilburyToEastAvebury.7 emissions_EastSilburyToEastAvebury.7,electric,0.97,0.0,0.0,0.0,0.0,0.0,0.0,0.0
WestA509ToAvebury.22,399.0,773_0,0.0,0.0,3.0,1387.0,213_0,19.13,12.84,988.0,2288.57,730.0,12,0.0,811.24,0,tripinfo_WestA509ToAvebury.22 emissions_WestA509ToAvebury.22,electric,0.94,0.0,0.0,0.0,0.0,0.0,0.0,0.0
WestA509ToAvebury.21,378.0,773_0,0.0,0.0,0.0,1390.0,213_0,19.13,11.79,1012.0,2288.83,734.0,13,0.0,822.97,0,tripinfo_WestA509ToAvebury.21 emissions_WestA509ToAvebury.21,electric,0.88,0.0,0.0,0.0,0.0,0.0,0.0,0.0
EastAveburyToWestA509.90,965.0,483_0,0.0,0.0,0.0,1390.0,774_0,29.75,13.08,425.0,2254.68,192.0,8,0.0,259.07,0,tripinfo_EastAveburyToWestA509.90 emissions_EastAveburyToWestA509.90,gasoline_euro4,0.99,44125.793763,1170035.001278,227.969478,24.215599,500.705536,373199.978558,0.0
EastSilburyToEastAvebury.12,592.0,317_0,0.0,0.0,0.0,1392.0,213_0,19.13,12.26,800.0,680.92,653.0,13,0.0,748.01,0,tripinfo_EastSilburyToEastAvebury.12 emissions_EastSilburyToEastAvebury.12,electric,0.97,0.0,0.0,0.0,0.0,0.0,0.0,0.0
V6ToEastH6.92,1104.0,468_1,0.0,0.0,0.0,1394.0,522_0,56.88,11.67,290.0,2023.92,100.0,2,0.0,126.47,0,tripinfo_V6ToEastH6.92 emissions_V6ToEastH6.92,gasoline_euro4,0.9,22655.888978,747488.645838,119.958756,13.423972,305.409855,238421.462572,0.0
EastAveburyToWestA509.82,897.0,483_0,0.0,0.0,0.0,1395.0,774_0,29.75,11.95,498.0,2260.84,248.0,7,0.0,319.99,0,tripinfo_EastAveburyToWestA509.82 emissions_EastAveburyToWestA509.82,gasoline_euro4,0.93,54155.48723,1336592.663373,277.421247,28.016144,575.449016,426327.920065,0.0
EastAveburyToWestA509.91,973.0,483_0,0.0,0.0,0.0,1398.0,774_0,29.75,13.59,425.0,2257.77,186.0,8,0.0,256.71,0,tripinfo_EastAveburyToWestA509.91 emissions_EastAveburyToWestA509.91,gasoline_euro4,0.98,42390.999085,1145080.559357,219.126605,23.213434,486.624648,365240.412142,0.0
WestA509ToEastH6.30,1080.0,773_0,0.0,0.0,0.0,1399.0,522_0,56.88,11.21,319.0,2754.93,50.0,2,0.0,82.99,0,tripinfo_WestA509ToEastH6.30 emissions_WestA509ToEastH6.30,gasoline_euro4,0.85,16911.847304,771908.900967,94.694712,12.303163,305.846294,246208.298606,0.0
SouthEvansGateToSilbury.64,1152.0,526_0,0.0,0.0,0.0,1401.0,215_1,19.43,12.9,249.0,1477.59,111.0,2,0.0,139.54,0,tripinfo_SouthEvansGateToSilbury.64 emissions_SouthEvansGateToSilbury.64,electric,0.98,0.0,0.0,0.0,0.0,0.0,0.0,0.0
EastAveburyToWestA509.56,676.0,483_1,0.0,0.0,0.0,1403.0,774_0,29.75,11.89,727.0,2328.55,436.0,11,0.0,527.92,0,tripinfo_EastAveburyToWestA509.56 emissions_EastAveburyToWestA509.56,gasoline_euro4,0.87,88208.275273,1915516.063508,446.258105,42.039655,839.086456,610989.411463,0.0
SouthEvansGateToSilbury.65,1170.0,526_0,0.0,0.0,0.0,1403.0,215_1,19.43,11.82,233.0,1477.55,87.0,3,0.0,118.02,0,tripinfo_SouthEvansGateToSilbury.65 emissions_SouthEvansGateToSilbury.65,electric,0.93,0.0,0.0,0.0,0.0,0.0,0.0,0.0
SouthEvansGateToSilbury.68,1224.0,526_0,0.0,0.0,0.0,1405.0,215_1,19.43,15.22,181.0,1477.52,56.0,1,0.0,84.01,0,tripinfo_SouthEvansGateToSilbury.68 emissions_SouthEvansGateToSilbury.68,electric,1.11,0.0,0.0,0.0,0.0,0.0,0.0,0.0
V6ToEastH6.106,1272.0,468_1,0.0,0.0,0.0,1405.0,522_1,56.88,11.53,133.0,1512.23,0.0,0,0.0,12.69,0,tripinfo_V6ToEastH6.106 emissions_V6ToEastH6.106,electric,0.91,0.0,0.0,0.0,0.0,0.0,0.0,0.0
EastAveburyToWestA509.98,1033.0,483_1,0.0,0.0,0.0,1406.0,774_0,29.75,12.01,373.0,2219.9,147.0,6,0.0,196.06,0,tripinfo_EastAveburyToWestA509.98 emissions_EastAveburyToWestA509.98,electric,0.91,0.0,0.0,0.0,0.0,0.0,0.0,0.0
EastAveburyToWestA509.68,778.0,483_1,0.0,0.0,0.0,1407.0,774_0,29.75,14.01,629.0,2328.54,360.0,13,0.0,470.8,0,tripinfo_EastAveburyToWestA509.68 emissions_EastAveburyToWestA509.68,gasoline_euro4,1.1,76638.722592,1786806.014742,390.310438,39.125092,780.131441,569931.477769,0.0
V6ToEastH6.107,1284.0,468_1,0.0,0.0,0.0,1407.0,522_1,56.88,13.6,123.0,1512.23,0.0,0,0.0,14.64,0,tripinfo_V6ToEastH6.107 emissions_V6ToEastH6.107,electric,1.01,0.0,0.0,0.0,0.0,0.0,0.0,0.0
WestH6ToSaxonSt.90,1080.0,524_0,0.0,0.0,0.0,1409.0,771_0,56.88,12.14,329.0,2602.68,89.0,3,0.0,126.66,0,tripinfo_WestH6ToSaxonSt.90 emissions_WestH6ToSaxonSt.90,electric,0.93,0.0,0.0,0.0,0.0,0.0,0.0,0.0
WestA509ToEastH6.31,1116.0,773_0,0.0,0.0,0.0,1411.0,522_0,56.88,13.48,295.0,2754.97,57.0,3,0.0,96.18,0,tripinfo_WestA509ToEastH6.31 emissions_WestA509ToEastH6.31,gasoline_euro4,1.0,17751.454513,815213.310625,98.560084,13.740491,324.565324,260019.80981,0.0
EastA509ToH6.62,1116.0,770_0,0.0,0.0,0.0,1415.0,522_0,56.88,12.83,299.0,1483.69,154.0,4,0.0,187.01,0,tripinfo_EastA509ToH6.62 emissions_EastA509ToH6.62,gasoline_euro4,0.96,31611.598307,819920.586844,162.683789,16.794889,349.451837,261526.445485,0.0
EastA509ToH6.63,1134.0,770_0,0.0,0.0,0.0,1419.0,522_0,56.88,11.02,285.0,1483.75,129.0,4,0.0,160.79,0,tripinfo_EastA509ToH6.63 emissions_EastA509ToH6.63,gasoline_euro4,0.86,28144.340546,754705.337616,145.583415,15.068899,320.155172,240724.839177,0.0
V6ToEastH6.108,1296.0,468_1,0.0,0.0,0.0,1419.0,522_1,56.88,13.39,123.0,1512.23,0.0,0,0.0,13.53,0,tripinfo_V6ToEastH6.108 emissions_V6ToEastH6.108,gasoline_euro4,1.0,4093.35957,377516.699903,26.930785,5.698505,145.344678,120410.628855,0.0
WestA509ToAvebury.62,1119.0,773_0,0.0,0.0,3.0,1421.0,213_1,19.13,15.63,302.0,2336.43,100.0,3,0.0,151.41,0,tripinfo_WestA509ToAvebury.62 emissions_WestA509ToAvebury.62,gasoline_euro4,1.13,25100.134526,900783.519472,134.921268,17.357581,374.870138,287314.187823,0.0
SouthEvansGateToSilbury.61,1098.0,526_0,0.0,0.0,0.0,1423.0,215_1,19.43,12.06,325.0,1471.73,183.0,4,0.0,213.71,0,tripinfo_SouthEvansGateToSilbury.61 emissions_SouthEvansGateToSilbury.61,gasoline_euro4,0.96,36483.93491,905140.583468,186.996765,18.925268,388.522395,288709.261295,0.0
WestA509ToAvebury.61,1098.0,773_0,0.0,0.0,0.0,1423.0,213_0,19.13,12.16,325.0,2336.4,117.0,3,0.0,149.21,0,tripinfo_WestA509ToAvebury.61 emissions_WestA509ToAvebury.61,gasoline_euro4,0.97,26752.139761,889076.220898,141.668907,16.513236,366.071753,283581.953732,0.0
V6ToEastH6.109,1308.0,468_1,0.0,0.0,0.0,1423.0,522_1,56.88,15.94,115.0,1512.23,1.0,1,0.0,22.82,0,tripinfo_V6ToEastH6.109 emissions_V6ToEastH6.109,electric,1.19,0.0,0.0,0.0,0.0,0.0,0.0,0.0
WestA509ToAvebury.63,1134.0,773_0,0.0,0.0,0.0,1424.0,213_0,19.13,14.2,290.0,2336.42,84.0,3,0.0,130.44,0,tripinfo_WestA509ToAvebury.63 emissions_WestA509ToAvebury.63,gasoline_euro4,1.07,22253.43196,825669.352671,119.919298,15.399132,339.724293,263355.838791,0.0
EastA509ToH6.64,1152.0,770_0,0.0,0.0,0.0,1424.0,522_0,56.88,12.76,272.0,1483.8,114.0,3,0.0,159.34,0,tripinfo_EastA509ToH6.64 emissions_EastA509ToH6.64,gasoline_euro4,0.95,27326.775474,767542.956756,142.191931,15.611141,327.457654,244818.424048,0.0
SouthEvansGateToSilbury.63,1134.0,526_0,0.0,0.0,0.0,1426.0,215_1,19.43,11.19,292.0,1471.68,133.0,6,0.0,167.99,0,tripinfo_SouthEvansGateToSilbury.63 emissions_SouthEvansGateToSilbury.63,gasoline_euro4,0.86,29288.235153,767247.679212,151.143338,15.574353,327.407928,244725.528533,0.0
EastSilburyToEastAvebury.46,1136.0,317_0,0.0,0.0,0.0,1426.0,213_0,19.13,13.89,290.0,1590.82,135.0,3,0.0,177.19,0,tripinfo_EastSilburyToEastAvebury.46 emissions_EastSilburyToEastAvebury.46,electric,1.03,0.0,0.0,0.0,0.0,0.0,0.0,0.0
WestA509ToAvebury.64,1152.0,773_0,0.0,0.0,0.0,1426.0,213_1,19.13,12.01,274.0,2336.38,53.0,2,0.0,88.5,0,tripinfo_WestA509ToAvebury.64 emissions_WestA509ToAvebury.64,gasoline_euro4,0.92,16209.824346,696165.906437,89.538278,11.690958,278.935427,222049.232429,0.0
V6ToEastH6.110,1320.0,468_1,0.0,0.0,0.0,1435.0,522_1,56.88,13.64,115.0,1512.23,0.0,0,0.0,13.32,0,tripinfo_V6ToEastH6.110 emissions_V6ToEastH6.110,gasoline_euro4,1.07,3854.206814,371113.219055,25.613021,5.758716,143.040419,118367.944484,0.0
WestA509ToEastH6.32,1152.0,773_1,0.0,0.0,0.0,1453.0,522_1,56.88,12.88,301.0,3082.3,28.0,1,0.0,68.32,0,tripinfo_WestA509ToEastH6.32 emissions_WestA509ToEastH6.32,electric,0.97,0.0,0.0,0.0,0.0,0.0,0.0,0.0
WestA509ToEastH6.33,1188.0,773_1,0.0,0.0,0.0,1459.0,522_1,56.88,12.57,271.0,3082.3,4.0,1,0.0,39.34,0,tripinfo_WestA509ToEastH6.33 emissions_WestA509ToEastH6.33,electric,0.97,0.0,0.0,0.0,0.0,0.0,0.0,0.0
V6ToEastH6.112,1344.0,468_1,0.0,0.0,0.0,1464.0,522_1,56.88,15.67,120.0,1512.23,3.0,1,0.0,23.06,0,tripinfo_V6ToEastH6.112 emissions_V6ToEastH6.112,electric,1.13,0.0,0.0,0.0,0.0,0.0,0.0,0.0
WestH6ToSaxonSt.80,960.0,524_0,0.0,0.0,0.0,1466.0,771_1,56.88,12.94,506.0,2767.87,223.0,9,0.0,296.77,0,tripinfo_WestH6ToSaxonSt.80 emissions_WestH6ToSaxonSt.80,gasoline_euro4,0.98,51423.163602,1432282.278786,266.747164,29.053303,608.881964,456846.585838,0.0
EastAveburyToWestA509.87,939.0,483_0,0.0,0.0,0.0,1467.0,774_0,29.75,13.62,528.0,2260.92,272.0,10,0.0,371.34,0,tripinfo_EastAveburyToWestA509.87 emissions_EastAveburyToWestA509.87,gasoline_euro4,1.06,60302.674812,1475970.528192,308.349839,31.529166,638.229142,470784.354488,0.0
WestH6ToSaxonSt.82,984.0,524_0,0.0,0.0,0.0,1468.0,771_1,56.88,13.92,484.0,2767.88,206.0,8,0.0,288.11,0,tripinfo_WestH6ToSaxonSt.82 emissions_WestH6ToSaxonSt.82,gasoline_euro4,1.06,49251.924218,1420188.914084,256.784743,28.919403,603.576362,452988.070589,0.0
EastAveburyToWestA509.111,1143.0,483_1,0.0,0.0,0.0,1474.0,774_0,29.75,11.79,331.0,2307.67,75.0,4,0.0,136.86,0,tripinfo_EastAveburyToWestA509.111 emissions_EastAveburyToWestA509.111,electric,0.9,0.0,0.0,0.0,0.0,0.0,0.0,0.0
EastAveburyToWestA509.121,1228.0,483_1,0.0,0.0,0.0,1475.0,774_0,29.75,12.93,247.0,2311.97,14.0,2,0.0,76.98,0,tripinfo_EastAveburyToWestA509.121 emissions_EastAveburyToWestA509.121,electric,1.02,0.0,0.0,0.0,0.0,0.0,0.0,0.0
WestA509ToAvebury.28,507.0,773_0,0.0,0.0,3.0,1477.0,213_0,19.13,16.69,970.0,2288.57,741.0,13,0.0,835.99,0,tripinfo_WestA509ToAvebury.28 emissions_WestA509ToAvebury.28,electric,1.24,0.0,0.0,0.0,0.0,0.0,0.0,0.0
EastAveburyToWestA509.101,1058.0,483_1,0.0,0.0,0.0,1480.0,774_1,29.75,14.08,422.0,2219.98,212.0,6,0.0,263.4,0,tripinfo_EastAveburyToWestA509.101 emissions_EastAveburyToWestA509.101,electric,1.02,0.0,0.0,0.0,0.0,0.0,0.0,0.0
EastSilburyToEastAvebury.10,560.0,317_0,0.0,0.0,0.0,1482.0,213_0,19.13,11.21,922.0,1581.86,687.0,13,0.0,783.41,0,tripinfo_EastSilburyToEastAvebury.10 emissions_EastSilburyToEastAvebury.10,electric,0.84,0.0,0.0,0.0,0.0,0.0,0.0,0.0
EastAveburyToWestA509.95,1007.0,483_1,0.0,0.0,0.0,1485.0,774_1,29.75,12.12,478.0,2241.71,212.0,7,0.0,299.54,0,tripinfo_EastAveburyToWestA509.95 emissions_EastAveburyToWestA509.95,electric,0.93,0.0,0.0,0.0,0.0,0.0,0.0,0.0
EastAveburyToWestA509.86,931.0,483_0,0.0,0.0,0.0,1487.0,774_0,29.75,10.53,556.0,2261.52,264.0,8,0.0,347.93,0,tripinfo_EastAveburyToWestA509.86 emissions_EastAveburyToWestA509.86,gasoline_euro4,0.8,58505.368199,1385465.207687,298.599756,28.618174,595.97985,441918.474018,0.0
EastAveburyToWestA509.115,1177.0,483_0,0.0,0.0,0.0,1487.0,774_1,29.75,13.77,310.0,2254.74,98.0,7,0.0,154.6,0,tripinfo_EastAveburyToWestA509.115 emissions_EastAveburyToWestA509.115,gasoline_euro4,1.06,26398.653398,911428.566789,140.991517,17.669247,381.523423,290709.935771,0.0
EastAveburyToWestA509.92,982.0,483_0,0.0,0.0,0.0,1488.0,774_1,29.75,15.8,506.0,2257.77,264.0,7,0.0,373.44,0,tripinfo_EastAveburyToWestA509.92 emissions_EastAveburyToWestA509.92,gasoline_euro4,1.24,59346.19679,1512321.717331,305.076203,32.666592,655.511056,482377.209479,0.0
SouthEvansGateToSilbury.69,1242.0,526_0,0.0,0.0,0.0,1488.0,215_1,19.43,14.28,246.0,1477.59,116.0,2,0.0,144.31,0,tripinfo_SouthEvansGateToSilbury.69 emissions_SouthEvansGateToSilbury.69,electric,1.05,0.0,0.0,0.0,0.0,0.0,0.0,0.0
EastAveburyToWestA509.106,1101.0,483_0,0.0,0.0,0.0,1489.0,774_0,29.75,11.09,388.0,2254.73,148.0,5,0.0,202.08,0,tripinfo_EastAveburyToWestA509.106 emissions_EastAveburyToWestA509.106,gasoline_euro4,0.89,35209.695917,1053258.513153,184.665716,20.484962,443.659114,335950.952904,0.0
SouthEvansGateToSilbury.70,1260.0,526_0,0.0,0.0,0.0,1491.0,215_1,19.43,13.45,231.0,1477.55,87.0,3,0.0,122.36,0,tripinfo_SouthEvansGateToSilbury.70 emissions_SouthEvansGateToSilbury.70,electric,0.99,0.0,0.0,0.0,0.0,0.0,0.0,0.0
V6ToEastH6.113,1356.0,468_1,0.0,0.0,0.0,1491.0,522_1,56.88,11.86,135.0,1512.23,0.0,0,0.0,12.69,0,tripinfo_V6ToEastH6.113 emissions_V6ToEastH6.113,electric,0.9,0.0,0.0,0.0,0.0,0.0,0.0,0.0
EastAveburyToWestA509.93,990.0,483_0,0.0,0.0,0.0,1492.0,774_0,29.75,13.06,502.0,2254.73,248.0,7,0.0,327.25,0,tripinfo_EastAveburyToWestA509.93 emissions_EastAveburyToWestA509.93,electric,0.94,0.0,0.0,0.0,0.0,0.0,0.0,0.0
V6ToEastH6.111,1332.0,468_1,0.0,0.0,0.0,1492.0,522_1,56.88,14.89,160.0,2060.88,0.0,0,0.0,26.4,0,tripinfo_V6ToEastH6.111 emissions_V6ToEastH6.111,electric,1.13,0.0,0.0,0.0,0.0,0.0,0.0,0.0
EastAveburyToWestA509.97,1024.0,483_1,0.0,0.0,0.0,1493.0,774_0,29.75,14.08,469.0,2325.49,238.0,6,0.0,303.56,0,tripinfo_EastAveburyToWestA509.97 emissions_EastAveburyToWestA509.97,gasoline_euro4,1.05,51708.208595,1373082.128802,267.029009,28.684995,589.200125,437964.460978,0.0
SouthEvansGateToSilbury.71,1278.0,526_0,0.0,0.0,0.0,1493.0,215_1,19.43,12.62,215.0,1477.6,73.0,2,0.0,104.64,0,tripinfo_SouthEvansGateToSilbury.71 emissions_SouthEvansGateToSilbury.71,gasoline_euro4,0.97,18378.139901,607469.550986,97.615837,11.700303,253.772076,193759.546185,0.0
V6ToEastH6.114,1368.0,468_1,0.0,0.0,0.0,1495.0,522_1,56.88,13.04,127.0,1512.23,0.0,0,0.0,15.85,0,tripinfo_V6ToEastH6.114 emissions_V6ToEastH6.114,electric,0.98,0.0,0.0,0.0,0.0,0.0,0.0,0.0
SouthEvansGateToSilbury.76,1368.0,526_0,0.0,0.0,0.0,1495.0,215_1,19.43,15.89,127.0,1477.52,18.0,1,0.0,36.79,0,tripinfo_SouthEvansGateToSilbury.76 emissions_SouthEvansGateToSilbury.76,electric,1.19,0.0,0.0,0.0,0.0,0.0,0.0,0.0
WestH6ToSaxonSt.93,1116.0,524_0,0.0,0.0,0.0,1499.0,771_0,56.88,12.56,383.0,2603.34,148.0,3,0.0,191.86,0,tripinfo_WestH6ToSaxonSt.93 emissions_WestH6ToSaxonSt.93,electric,0.99,0.0,0.0,0.0,0.0,0.0,0.0,0.0
WestH6ToSaxonSt.98,1176.0,524_0,0.0,0.0,0.0,1501.0,771_0,56.88,14.38,325.0,2600.53,92.0,3,0.0,146.33,0,tripinfo_WestH6ToSaxonSt.98 emissions_WestH6ToSaxonSt.98,electric,1.06,0.0,0.0,0.0,0.0,0.0,0.0,0.0
EastA509ToH6.66,1188.0,770_0,0.0,0.0,0.0,1502.0,522_0,56.88,12.28,314.0,1483.64,168.0,4,0.0,197.94,0,tripinfo_EastA509ToH6.66 emissions_EastA509ToH6.66,gasoline_euro4,0.93,34065.589146,844260.975515,174.529417,17.639928,362.699328,269290.738414,0.0
EastA509ToH6.68,1224.0,770_0,0.0,0.0,0.0,1502.0,522_1,56.88,13.07,278.0,1483.69,133.0,4,0.0,171.5,0,tripinfo_EastA509ToH6.68 emissions_EastA509ToH6.68,gasoline_euro4,1.01,29028.455024,786562.841099,150.018382,15.990794,334.188513,250885.773431,0.0
WestH6ToSaxonSt.92,1104.0,524_0,0.0,0.0,0.0,1507.0,771_0,56.88,11.22,403.0,2613.57,141.0,3,0.0,176.52,0,tripinfo_WestH6ToSaxonSt.92 emissions_WestH6ToSaxonSt.92,electric,0.84,0.0,0.0,0.0,0.0,0.0,0.0,0.0
EastSilburyToEastAvebury.48,1168.0,317_0,0.0,0.0,0.0,1510.0,213_0,19.13,14.67,342.0,2473.2,128.0,6,0.0,175.22,0,tripinfo_EastSilburyToEastAvebury.48 emissions_EastSilburyToEastAvebury.48,gasoline_euro4,1.09,30911.99926,1014193.427799,163.545539,19.704452,421.931046,323488.918181,0.0
V6ToEastH6.115,1380.0,468_1,0.0,0.0,0.0,1510.0,522_1,56.88,12.45,130.0,1512.23,0.0,0,0.0,11.9,0,tripinfo_V6ToEastH6.115 emissions_V6ToEastH6.115,electric,0.93,0.0,0.0,0.0,0.0,0.0,0.0,0.0
EastSilburyToEastAvebury.47,1152.0,317_0,0.0,0.0,0.0,1511.0,213_1,19.13,11.99,359.0,2473.16,123.0,4,0.0,163.44,0,tripinfo_EastSilburyToEastAvebury.47 emissions_EastSilburyToEastAvebury.47,gasoline_euro4,0.93,29260.160905,957389.886753,154.954246,17.917122,396.307524,305371.561416,0.0
SouthEvansGateToSilbury.67,1206.0,526_0,0.0,0.0,0.0,1511.0,215_1,19.43,12.16,305.0,1471.7,161.0,4,0.0,191.32,0,tripinfo_SouthEvansGateToSilbury.67 emissions_SouthEvansGateToSilbury.67,gasoline_euro4,0.94,33173.267292,843276.144937,170.423145,17.536098,361.760371,268976.161068,0.0
EastA509ToH6.65,1170.0,770_0,0.0,0.0,0.0,1512.0,522_0,56.88,13.75,342.0,1483.8,192.0,5,0.0,240.87,0,tripinfo_EastA509ToH6.65 emissions_EastA509ToH6.65,gasoline_euro4,1.06,40538.80046,1002817.174964,207.656366,21.615684,434.884047,319864.052768,0.0
WestA509ToAvebury.67,1206.0,773_0,0.0,0.0,0.0,1513.0,213_0,19.13,12.14,307.0,2336.4,90.0,3,0.0,123.87,0,tripinfo_WestA509ToAvebury.67 emissions_WestA509ToAvebury.67,gasoline_euro4,0.93,22796.589459,812838.129102,122.352354,14.774262,333.472207,259264.167156,0.0
V6ToEastH6.117,1404.0,468_1,0.0,0.0,0.0,1513.0,522_1,56.88,15.29,109.0,1511.92,0.0,0,0.0,13.58,0,tripinfo_V6ToEastH6.117 emissions_V6ToEastH6.117,gasoline_euro4,1.14,3917.208384,359503.769342,25.500865,5.847504,139.441895,114664.869331,0.0
SouthEvansGateToSilbury.66,1188.0,526_0,0.0,0.0,0.0,1514.0,215_1,19.43,11.98,326.0,1471.73,167.0,4,0.0,203.69,0,tripinfo_SouthEvansGateToSilbury.66 emissions_SouthEvansGateToSilbury.66,gasoline_euro4,0.87,35161.685614,875806.243762,180.4678,18.121403,375.837096,279352.688793,0.0
EastSilburyToEastAvebury.51,1216.0,317_0,0.0,0.0,0.0,1515.0,213_0,19.13,12.25,299.0,2473.16,56.0,5,0.0,109.9,0,tripinfo_EastSilburyToEastAvebury.51 emissions_EastSilburyToEastAvebury.51,gasoline_euro4,0.96,19708.127801,801599.74007,107.718549,14.348991,327.474311,255677.994525,0.0
SouthEvansGateToSilbury.72,1296.0,526_0,0.0,0.0,0.0,1516.0,215_1,19.43,14.5,220.0,1471.73,82.0,3,0.0,122.9,0,tripinfo_SouthEvansGateToSilbury.72 emissions_SouthEvansGateToSilbury.72,gasoline_euro4,1.1,20586.03972,655787.160255,108.834698,13.110562,276.949477,209170.934958,0.0
EastSilburyToEastAvebury.49,1184.0,317_0,0.0,0.0,0.0,1519.0,213_0,19.13,14.47,335.0,2473.2,91.0,6,0.0,161.13,0,tripinfo_EastSilburyToEastAvebury.49 emissions_EastSilburyToEastAvebury.49,gasoline_euro4,1.05,26511.714401,953968.933384,142.20191,17.82277,394.335161,304278.698542,0.0
EastA509ToH6.67,1206.0,770_0,0.0,0.0,0.0,1520.0,522_0,56.88,13.78,314.0,1483.8,154.0,6,0.0,212.83,0,tripinfo_EastA509ToH6.67 emissions_EastA509ToH6.67,gasoline_euro4,1.06,35640.164977,932614.600524,183.718795,19.731856,402.14084,297470.968505,0.0
EastA509ToH6.69,1242.0,770_0,0.0,0.0,0.0,1525.0,522_0,56.88,12.2,283.0,1483.8,115.0,5,0.0,163.69,0,tripinfo_EastA509ToH6.69 emissions_EastA509ToH6.69,gasoline_euro4,0.9,27840.656236,762373.393571,144.310643,15.171841,322.79391,243170.373129,0.0
WestA509ToEastH6.35,1260.0,773_1,0.0,0.0,0.0,1542.0,522_1,56.88,13.24,282.0,3082.3,13.0,2,0.0,63.95,0,tripinfo_WestA509ToEastH6.35 emissions_WestA509ToEastH6.35,electric,1.03,0.0,0.0,0.0,0.0,0.0,0.0,0.0
V6ToEastH6.116,1392.0,468_1,0.0,0.0,0.0,1543.0,522_0,56.88,9.97,151.0,1512.23,0.0,0,0.0,13.55,0,tripinfo_V6ToEastH6.116 emissions_V6ToEastH6.116,gasoline_euro4,0.79,4431.942457,335436.011419,27.814245,4.502412,127.813511,106989.850561,0.0
WestH6ToSaxonSt.88,1056.0,524_0,0.0,0.0,0.0,1547.0,771_1,56.88,13.12,491.0,2767.88,189.0,7,0.0,289.12,0,tripinfo_WestH6ToSaxonSt.88 emissions_WestH6ToSaxonSt.88,gasoline_euro4,1.02,46246.180569,1334880.297731,241.356514,26.738806,566.418529,425778.141033,0.0
WestH6ToSaxonSt.91,1092.0,524_0,0.0,0.0,0.0,1551.0,771_1,56.88,13.6,459.0,2767.88,177.0,6,0.0,248.21,0,tripinfo_WestH6ToSaxonSt.91 emissions_WestH6ToSaxonSt.91,gasoline_euro4,0.98,42603.32166,1261436.67362,222.908449,24.845251,531.472152,402352.159718,0.0
EastAveburyToWestA509.120,1220.0,483_0,0.0,0.0,0.0,1551.0,774_0,29.75,14.92,331.0,2254.71,122.0,8,0.0,186.4,0,tripinfo_EastAveburyToWestA509.120 emissions_EastAveburyToWestA509.120,gasoline_euro4,1.14,31629.504665,1015004.409273,167.062689,20.389056,428.102637,323747.191049,0.0
V6ToEastH6.118,1416.0,468_1,0.0,0.0,0.0,1553.0,522_0,56.88,10.93,137.0,1512.23,0.0,0,0.0,11.79,0,tripinfo_V6ToEastH6.118 emissions_V6ToEastH6.118,gasoline_euro4,0.87,4108.165391,353257.262368,26.633125,4.998639,135.149814,112673.500077,0.0
EastSilburyToEastAvebury.8,528.0,317_0,0.0,0.0,0.0,1554.0,213_0,19.13,12.41,1026.0,1576.66,795.0,15,0.0,907.08,0,tripinfo_EastSilburyToEastAvebury.8 emissions_EastSilburyToEastAvebury.8,electric,0.97,0.0,0.0,0.0,0.0,0.0,0.0,0.0
V6ToEastH6.119,1428.0,468_1,0.0,0.0,0.0,1554.0,522_1,56.88,12.75,126.0,1512.23,0.0,0,0.0,18.0,0,tripinfo_V6ToEastH6.119 emissions_V6ToEastH6.119,electric,1.01,0.0,0.0,0.0,0.0,0.0,0.0,0.0
EastAveburyToWestA509.94,999.0,483_0,0.0,0.0,0.0,1555.0,774_0,29.75,15.14,556.0,2260.94,300.0,10,0.0,405.98,0,tripinfo_EastAveburyToWestA509.94 emissions_EastAveburyToWestA509.94,gasoline_euro4,1.11,64670.336374,1542667.513741,329.570261,33.284788,668.725969,492059.073132,0.0
WestA509ToAvebury.42,759.0,773_0,0.0,0.0,3.0,1556.0,213_0,19.13,13.02,797.0,2288.55,569.0,9,0.0,629.81,0,tripinfo_WestA509ToAvebury.42 emissions_WestA509ToAvebury.42,electric,1.0,0.0,0.0,0.0,0.0,0.0,0.0,0.0
EastSilburyToEastAvebury.53,1248.0,317_0,0.0,0.0,0.0,1557.0,213_0,19.13,15.31,309.0,1581.8,164.0,8,0.0,214.67,0,tripinfo_EastSilburyToEastAvebury.53 emissions_EastSilburyToEastAvebury.53,electric,1.22,0.0,0.0,0.0,0.0,0.0,0.0,0.0
EastAveburyToWestA509.129,1296.0,483_1,0.0,0.0,0.0,1558.0,774_0,29.75,13.01,262.0,2308.45,32.0,6,0.0,90.38,0,tripinfo_EastAveburyToWestA509.129 emissions_EastAveburyToWestA509.129,electric,1.0,0.0,0.0,0.0,0.0,0.0,0.0,0.0
WestA509ToAvebury.25,450.0,773_0,0.0,0.0,0.0,1563.0,213_0,19.13,11.27,1113.0,2288.83,803.0,16,0.0,912.45,0,tripinfo_WestA509ToAvebury.25 emissions_WestA509ToAvebury.25,electric,0.83,0.0,0.0,0.0,0.0,0.0,0.0,0.0
EastAveburyToWestA509.107,1109.0,483_0,0.0,0.0,0.0,1564.0,774_0,29.75,15.12,455.0,2254.71,232.0,9,0.0,309.6,0,tripinfo_EastAveburyToWestA509.107 emissions_EastAveburyToWestA509.107,gasoline_euro4,1.13,51305.485953,1343423.19811,263.956132,28.297829,576.176885,428504.481678,0.0
EastAveburyToWestA509.110,1135.0,483_1,0.0,0.0,0.0,1564.0,774_2,29.75,16.35,429.0,2215.02,225.0,8,0.0,299.61,0,tripinfo_EastAveburyToWestA509.110 emissions_EastAveburyToWestA509.110,electric,1.24,0.0,0.0,0.0,0.0,0.0,0.0,0.0
V6ToEastH6.120,1440.0,468_1,0.0,0.0,0.0,1568.0,522_1,56.88,13.04,128.0,1512.23,0.0,0,0.0,12.71,0,tripinfo_V6ToEastH6.120 emissions_V6ToEastH6.120,gasoline_euro4,0.95,4071.330239,356997.372081,26.357947,5.410209,138.165279,113865.980794,0.0
WestH6ToSaxonSt.85,1020.0,524_0,0.0,0.0,0.0,1571.0,771_0,56.88,9.13,551.0,2767.87,179.0,7,0.0,250.17,0,tripinfo_WestH6ToSaxonSt.85 emissions_WestH6ToSaxonSt.85,gasoline_euro4,0.69,47563.101989,1295124.563721,246.411515,24.377847,543.599137,413100.754345,0.0
EastAveburyToWestA509.117,1194.0,483_1,0.0,0.0,0.0,1572.0,774_2,29.75,14.18,378.0,2218.4,169.0,6,0.0,224.42,0,tripinfo_EastAveburyToWestA509.117 emissions_EastAveburyToWestA509.117,electric,1.05,0.0,0.0,0.0,0.0,0.0,0.0,0.0
WestA509ToEastH6.34,1224.0,773_0,0.0,0.0,0.0,1573.0,522_0,56.88,13.31,349.0,2754.97,96.0,5,0.0,147.72,0,tripinfo_WestA509ToEastH6.34 emissions_WestA509ToEastH6.34,gasoline_euro4,1.0,25872.793761,964685.079259,139.300956,17.564587,394.780271,307696.717125,0.0
V6ToEastH6.121,1452.0,468_1,0.0,0.0,0.0,1575.0,522_1,56.88,12.52,123.0,1512.23,0.0,0,0.0,12.18,0,tripinfo_V6ToEastH6.121 emissions_V6ToEastH6.121,gasoline_euro4,0.99,3583.282086,350588.172892,23.700837,5.047557,132.831918,111821.796445,0.0
SouthEvansGateToSilbury.74,1332.0,526_0,0.0,0.0,0.0,1576.0,215_1,19.43,13.29,244.0,1477.59,110.0,2,0.0,135.57,0,tripinfo_SouthEvansGateToSilbury.74 emissions_SouthEvansGateToSilbury.74,electric,0.99,0.0,0.0,0.0,0.0,0.0,0.0,0.0
EastAveburyToWestA509.104,1084.0,483_1,0.0,0.0,0.0,1578.0,774_0,29.75,11.91,494.0,2241.68,224.0,12,0.0,310.36,0,tripinfo_EastAveburyToWestA509.104 emissions_EastAveburyToWestA509.104,electric,0.9,0.0,0.0,0.0,0.0,0.0,0.0,0.0
SouthEvansGateToSilbury.77,1386.0,526_0,0.0,0.0,0.0,1578.0,215_1,19.43,13.23,192.0,1477.59,64.0,1,0.0,84.65,0,tripinfo_SouthEvansGateToSilbury.77 emissions_SouthEvansGateToSilbury.77,electric,1.0,0.0,0.0,0.0,0.0,0.0,0.0,0.0
EastAveburyToWestA509.78,863.0,483_1,0.0,0.0,0.0,1580.0,774_0,29.75,13.26,717.0,2328.54,440.0,13,0.0,549.2,0,tripinfo_EastAveburyToWestA509.78 emissions_EastAveburyToWestA509.78,gasoline_euro4,1.03,89586.590463,1971189.775643,453.292372,43.560807,863.185036,628746.503454,0.0
EastAveburyToWestA509.81,888.0,483_1,0.0,0.0,0.0,1581.0,774_0,29.75,14.52,693.0,2325.7,435.0,7,0.0,531.33,0,tripinfo_EastAveburyToWestA509.81 emissions_EastAveburyToWestA509.81,gasoline_euro4,1.06,87195.326747,1925162.669396,441.719012,42.843325,844.719408,614064.857853,0.0
WestH6ToSaxonSt.104,1248.0,524_0,0.0,0.0,0.0,1584.0,771_0,56.88,13.37,336.0,2609.14,114.0,2,0.0,150.03,0,tripinfo_WestH6ToSaxonSt.104 emissions_WestH6ToSaxonSt.104,electric,1.03,0.0,0.0,0.0,0.0,0.0,0.0,0.0
WestH6ToSaxonSt.102,1224.0,524_0,0.0,0.0,0.0,1589.0,771_0,56.88,11.89,365.0,2613.57,121.0,2,0.0,152.0,0,tripinfo_WestH6ToSaxonSt.102 emissions_WestH6ToSaxonSt.102,electric,0.9,0.0,0.0,0.0,0.0,0.0,0.0,0.0
WestH6ToSaxonSt.108,1296.0,524_0,0.0,0.0,0.0,1590.0,771_0,56.88,12.88,294.0,2613.57,61.0,1,0.0,100.07,0,tripinfo_WestH6ToSaxonSt.108 emissions_WestH6ToSaxonSt.108,electric,0.98,0.0,0.0,0.0,0.0,0.0,0.0,0.0
WestH6ToSaxonSt.111,1332.0,524_0,0.0,0.0,0.0,1592.0,771_0,56.88,15.27,260.0,2608.48,64.0,1,0.0,97.49,0,tripinfo_WestH6ToSaxonSt.111 emissions_WestH6ToSaxonSt.111,electric,1.18,0.0,0.0,0.0,0.0,0.0,0.0,0.0
V6ToEastH6.122,1464.0,468_1,0.0,0.0,0.0,1595.0,522_1,56.88,12.7,131.0,1512.23,0.0,0,0.0,18.87,0,tripinfo_V6ToEastH6.122 emissions_V6ToEastH6.122,gasoline_euro4,0.98,4675.208184,372899.929781,29.282298,5.693189,144.299026,118938.366926,0.0
V6ToEastH6.123,1476.0,468_1,0.0,0.0,0.0,1597.0,522_1,56.88,14.25,121.0,1512.23,0.0,0,0.0,15.48,0,tripinfo_V6ToEastH6.123 emissions_V6ToEastH6.123,electric,1.03,0.0,0.0,0.0,0.0,0.0,0.0,0.0
EastSilburyToEastAvebury.54,1264.0,317_0,0.0,0.0,0.0,1598.0,213_0,19.13,13.82,334.0,2473.18,116.0,6,0.0,161.31,0,tripinfo_EastSilburyToEastAvebury.54 emissions_EastSilburyToEastAvebury.54,gasoline_euro4,1.06,28765.989617,970473.244066,152.528073,18.548073,401.927151,309543.633924,0.0
WestA509ToAvebury.73,1314.0,773_0,0.0,0.0,0.0,1598.0,213_1,19.13,13.57,284.0,2337.28,80.0,3,0.0,123.28,0,tripinfo_WestA509ToAvebury.73 emissions_WestA509ToAvebury.73,gasoline_euro4,1.06,21240.001506,808881.087908,114.786838,15.025977,332.31087,258000.743795,0.0
SouthEvansGateToSilbury.73,1314.0,526_0,0.0,0.0,0.0,1599.0,215_1,19.43,14.87,285.0,1471.71,152.0,4,0.0,185.42,0,tripinfo_SouthEvansGateToSilbury.73 emissions_SouthEvansGateToSilbury.73,gasoline_euro4,1.07,31898.771939,843778.313579,164.427961,17.608149,360.891727,269135.460023,0.0
WestA509ToAvebury.74,1332.0,773_0,0.0,0.0,0.0,1600.0,213_1,19.13,14.1,268.0,2337.28,59.0,2,0.0,101.71,0,tripinfo_WestA509ToAvebury.74 emissions_WestA509ToAvebury.74,gasoline_euro4,1.02,17783.218534,748713.017619,97.487304,13.155781,302.481952,238809.19327,0.0
SouthEvansGateToSilbury.75,1350.0,526_0,0.0,0.0,0.0,1600.0,215_1,19.43,14.56,250.0,1471.73,122.0,3,0.0,153.39,0,tripinfo_SouthEvansGateToSilbury.75 emissions_SouthEvansGateToSilbury.75,gasoline_euro4,1.1,26423.04098,731786.604083,136.93622,15.013784,310.3408,233413.620477,0.0
WestA509ToAvebury.71,1278.0,773_0,0.0,0.0,0.0,1602.0,213_0,19.13,10.82,324.0,2337.25,90.0,2,0.0,122.05,0,tripinfo_WestA509ToAvebury.71 emissions_WestA509ToAvebury.71,gasoline_euro4,0.84,22762.20721,798371.292911,122.012712,14.04075,325.803173,254650.525405,0.0
EastA509ToH6.71,1278.0,770_0,0.0,0.0,0.0,1602.0,522_0,56.88,13.43,324.0,1483.69,164.0,7,0.0,220.96,0,tripinfo_EastA509ToH6.71 emissions_EastA509ToH6.71,gasoline_euro4,1.04,36810.580842,934030.961398,189.20023,19.90767,403.663084,297923.312466,0.0
WestA509ToAvebury.75,1350.0,773_0,0.0,0.0,0.0,1604.0,213_0,19.13,11.36,254.0,2337.25,41.0,1,0.0,62.67,0,tripinfo_WestA509ToAvebury.75 emissions_WestA509ToAvebury.75,gasoline_euro4,0.89,12581.868574,613360.742171,71.005771,9.569799,240.417527,195637.479389,0.0
EastA509ToH6.72,1296.0,770_0,0.0,0.0,0.0,1611.0,522_0,56.88,11.21,315.0,1483.64,132.0,6,0.0,185.81,0,tripinfo_EastA509ToH6.72 emissions_EastA509ToH6.72,electric,0.83,0.0,0.0,0.0,0.0,0.0,0.0,0.0
V6ToEastH6.125,1500.0,468_1,0.0,0.0,0.0,1623.0,522_1,56.88,13.59,123.0,1512.23,0.0,0,0.0,14.21,0,tripinfo_V6ToEastH6.125 emissions_V6ToEastH6.125,gasoline_euro4,1.01,3810.581698,358133.809224,24.996531,5.315688,137.140371,114228.400501,0.0
EastAveburyToWestA509.138,1373.0,483_1,0.0,0.0,0.0,1639.0,774_0,29.75,15.0,266.0,2311.97,47.0,4,0.0,107.7,0,tripinfo_EastAveburyToWestA509.138 emissions_EastAveburyToWestA509.138,electric,1.1,0.0,0.0,0.0,0.0,0.0,0.0,0.0
WestH6ToSaxonSt.95,1140.0,524_0,0.0,0.0,0.0,1644.0,771_1,56.88,12.84,504.0,2574.97,247.0,8,0.0,302.29,0,tripinfo_WestH6ToSaxonSt.95 emissions_WestH6ToSaxonSt.95,gasoline_euro4,0.93,52251.940836,1339092.785934,268.607404,27.418091,570.783946,427124.94527,0.0
EastAveburyToWestA509.131,1313.0,483_0,0.0,0.0,0.0,1645.0,774_0,29.75,13.73,332.0,2254.71,116.0,8,0.0,166.71,0,tripinfo_EastAveburyToWestA509.131 emissions_EastAveburyToWestA509.131,gasoline_euro4,1.0,29067.816282,955746.364561,154.01445,18.39995,398.954414,304846.603987,0.0
WestH6ToSaxonSt.97,1164.0,524_0,0.0,0.0,0.0,1646.0,771_1,56.88,14.5,482.0,2574.96,235.0,9,0.0,313.22,0,tripinfo_WestH6ToSaxonSt.97 emissions_WestH6ToSaxonSt.97,gasoline_euro4,1.12,51708.076269,1378463.429621,266.693256,28.714887,589.439787,439680.912959,0.0
EastSilburyToEastAvebury.57,1312.0,317_0,0.0,0.0,0.0,1647.0,213_0,19.13,13.76,335.0,1581.8,173.0,8,0.0,224.48,0,tripinfo_EastSilburyToEastAvebury.57 emissions_EastSilburyToEastAvebury.57,electric,1.05,0.0,0.0,0.0,0.0,0.0,0.0,0.0
WestA509ToAvebury.29,522.0,773_0,0.0,0.0,0.0,1649.0,213_0,19.13,13.75,1127.0,2288.68,842.0,19,0.0,967.4,0,tripinfo_WestA509ToAvebury.29 emissions_WestA509ToAvebury.29,electric,1.04,0.0,0.0,0.0,0.0,0.0,0.0,0.0
WestA509ToAvebury.58,1044.0,773_0,0.0,0.0,0.0,1652.0,213_0,19.13,13.2,608.0,2288.66,366.0,9,0.0,437.91,0,tripinfo_WestA509ToAvebury.58 emissions_WestA509ToAvebury.58,electric,0.98,0.0,0.0,0.0,0.0,0.0,0.0,0.0
EastAveburyToWestA509.103,1075.0,483_0,0.0,0.0,0.0,1652.0,774_0,29.75,12.51,577.0,2257.76,307.0,7,0.0,402.46,0,tripinfo_EastAveburyToWestA509.103 emissions_EastAveburyToWestA509.103,gasoline_euro4,0.95,65532.622476,1524696.149146,333.295879,32.204586,657.88407,486328.671776,0.0
EastAveburyToWestA509.102,1067.0,483_0,0.0,0.0,0.0,1653.0,774_1,29.75,12.57,586.0,2260.93,310.0,9,0.0,414.91,0,tripinfo_EastAveburyToWestA509.102 emissions_EastAveburyToWestA509.102,gasoline_euro4,0.97,67881.526348,1603240.001486,346.14659,34.520822,696.861138,511380.158024,0.0
EastSilburyToEastAvebury.43,1088.0,317_0,0.0,0.0,0.0,1654.0,213_0,19.13,13.23,566.0,680.87,468.0,10,0.0,515.93,0,tripinfo_EastSilburyToEastAvebury.43 emissions_EastSilburyToEastAvebury.43,electric,1.01,0.0,0.0,0.0,0.0,0.0,0.0,0.0
WestA509ToEastH6.36,1296.0,773_1,0.0,0.0,0.0,1654.0,522_0,56.88,11.04,358.0,3082.3,57.0,2,0.0,100.9,0,tripinfo_WestA509ToEastH6.36 emissions_WestA509ToEastH6.36,electric,0.87,0.0,0.0,0.0,0.0,0.0,0.0,0.0
V6ToEastH6.127,1524.0,468_1,0.0,0.0,0.0,1656.0,522_1,56.88,13.17,132.0,1512.23,0.0,0,0.0,20.14,0,tripinfo_V6ToEastH6.127 emissions_V6ToEastH6.127,electric,0.98,0.0,0.0,0.0,0.0,0.0,0.0,0.0
EastAveburyToWestA509.139,1381.0,483_1,0.0,0.0,0.0,1657.0,774_0,29.75,13.18,276.0,2307.67,41.0,4,0.0,99.82,0,tripinfo_EastAveburyToWestA509.139 emissions_EastAveburyToWestA509.139,electric,0.98,0.0,0.0,0.0,0.0,0.0,0.0,0.0
WestA509ToEastH6.37,1332.0,773_1,0.0,0.0,0.0,1660.0,522_1,56.88,11.54,328.0,3082.3,23.0,2,0.0,74.06,0,tripinfo_WestA509ToEastH6.37 emissions_WestA509ToEastH6.37,electric,0.89,0.0,0.0,0.0,0.0,0.0,0.0,0.0
V6ToEastH6.128,1536.0,468_1,0.0,0.0,0.0,1661.0,522_0,56.88,13.91,125.0,1512.23,0.0,0,0.0,18.94,0,tripinfo_V6ToEastH6.128 emissions_V6ToEastH6.128,gasoline_euro4,1.03,4268.730222,363508.274,27.546685,5.701061,141.664844,115942.514384,0.0
EastAveburyToWestA509.119,1211.0,483_1,0.0,0.0,0.0,1664.0,774_0,29.75,14.5,453.0,2325.48,213.0,8,0.0,288.4,0,tripinfo_EastAveburyToWestA509.119 emissions_EastAveburyToWestA509.119,gasoline_euro4,1.05,49030.913698,1328543.990149,253.847384,27.855471,571.682742,423757.559944,0.0
SouthEvansGateToSilbury.79,1422.0,526_0,0.0,0.0,0.0,1664.0,215_1,19.43,14.78,242.0,1477.59,115.0,2,0.0,141.71,0,tripinfo_SouthEvansGateToSilbury.79 emissions_SouthEvansGateToSilbury.79,electric,1.07,0.0,0.0,0.0,0.0,0.0,0.0,0.0
SouthEvansGateToSilbury.80,1440.0,526_0,0.0,0.0,0.0,1667.0,215_1,19.43,12.7,227.0,1477.55,83.0,3,0.0,120.71,0,tripinfo_SouthEvansGateToSilbury.80 emissions_SouthEvansGateToSilbury.80,gasoline_euro4,1.01,21458.039873,676140.751966,113.056031,13.486796,285.616018,215663.093699,0.0
V6ToEastH6.124,1488.0,468_1,0.0,0.0,0.0,1667.0,522_1,56.88,12.42,179.0,2060.88,0.0,0,0.0,20.82,0,tripinfo_V6ToEastH6.124 emissions_V6ToEastH6.124,electric,0.95,0.0,0.0,0.0,0.0,0.0,0.0,0.0
EastAveburyToWestA509.79,871.0,483_1,0.0,0.0,0.0,1668.0,774_0,29.75,13.4,797.0,2328.54,512.0,14,0.0,630.65,0,tripinfo_EastAveburyToWestA509.79 emissions_EastAveburyToWestA509.79,gasoline_euro4,1.05,102729.366813,2174221.784864,518.2092,49.192389,960.158218,693508.392764,0.0
V6ToEastH6.129,1548.0,468_1,0.0,0.0,0.0,1669.0,522_1,56.88,13.56,121.0,1512.23,0.0,0,0.0,13.05,0,tripinfo_V6ToEastH6.129 emissions_V6ToEastH6.129,electric,1.01,0.0,0.0,0.0,0.0,0.0,0.0,0.0
SouthEvansGateToSilbury.83,1494.0,526_0,0.0,0.0,0.0,1675.0,215_1,19.43,14.07,181.0,1477.59,63.0,1,0.0,78.58,0,tripinfo_SouthEvansGateToSilbury.83 emissions_SouthEvansGateToSilbury.83,electric,1.05,0.0,0.0,0.0,0.0,0.0,0.0,0.0
WestA509ToEastH6.38,1368.0,773_1,0.0,0.0,0.0,1679.0,522_1,56.88,11.91,311.0,3087.16,24.0,3,0.0,68.57,0,tripinfo_WestA509ToEastH6.38 emissions_WestA509ToEastH6.38,electric,0.93,0.0,0.0,0.0,0.0,0.0,0.0,0.0
EastA509ToH6.70,1260.0,770_0,0.0,0.0,0.0,1683.0,522_1,56.88,13.47,423.0,1483.8,244.0,8,0.0,318.12,0,tripinfo_EastA509ToH6.70 emissions_EastA509ToH6.70,electric,1.02,0.0,0.0,0.0,0.0,0.0,0.0,0.0
WestH6ToSaxonSt.109,1308.0,524_0,0.0,0.0,0.0,1683.0,771_0,56.88,12.17,375.0,2603.31,121.0,4,0.0,161.23,0,tripinfo_WestH6ToSaxonSt.109 emissions_WestH6ToSaxonSt.109,electric,0.88,0.0,0.0,0.0,0.0,0.0,0.0,0.0
EastA509ToH6.73,1314.0,770_0,0.0,0.0,0.0,1683.0,522_0,56.88,12.61,369.0,1483.64,186.0,6,0.0,254.61,0,tripinfo_EastA509ToH6.73 emissions_EastA509ToH6.73,electric,0.94,0.0,0.0,0.0,0.0,0.0,0.0,0.0
WestA509ToAvebury.76,1368.0,773_0,0.0,0.0,0.0,1685.0,213_1,19.13,14.36,317.0,2337.28,116.0,4,0.0,157.24,0,tripinfo_WestA509ToAvebury.76 emissions_WestA509ToAvebury.76,gasoline_euro4,1.06,27224.406203,909772.826736,144.148454,17.27303,376.113854,290182.83011,0.0
EastSilburyToEastAvebury.58,1328.0,317_0,0.0,0.0,0.0,1687.0,213_0,19.13,11.34,359.0,2473.15,110.0,4,0.0,153.87,0,tripinfo_EastSilburyToEastAvebury.58 emissions_EastSilburyToEastAvebury.58,gasoline_euro4,0.88,27797.239801,922267.542759,147.51484,16.649107,378.288899,294169.294889,0.0
SouthEvansGateToSilbury.78,1404.0,526_0,0.0,0.0,0.0,1687.0,215_1,19.43,12.68,283.0,1471.7,144.0,4,0.0,175.24,0,tripinfo_SouthEvansGateToSilbury.78 emissions_SouthEvansGateToSilbury.78,gasoline_euro4,0.99,30425.693614,813929.377004,157.164986,16.812303,347.813733,259614.668659,0.0
WestH6ToSaxonSt.113,1356.0,524_0,0.0,0.0,0.0,1688.0,771_0,56.88,9.91,332.0,2608.48,59.0,3,0.0,89.66,0,tripinfo_WestH6ToSaxonSt.113 emissions_WestH6ToSaxonSt.113,electric,0.79,0.0,0.0,0.0,0.0,0.0,0.0,0.0
WestH6ToSaxonSt.122,1464.0,524_0,0.0,0.0,0.0,1688.0,771_1,56.88,15.34,224.0,2614.23,8.0,1,0.0,52.21,0,tripinfo_WestH6ToSaxonSt.122 emissions_WestH6ToSaxonSt.122,electric,1.12,0.0,0.0,0.0,0.0,0.0,0.0,0.0
V6ToEastH6.130,1560.0,468_1,0.0,0.0,0.0,1688.0,522_1,56.88,12.39,128.0,1512.23,0.0,0,0.0,12.96,0,tripinfo_V6ToEastH6.130 emissions_V6ToEastH6.130,gasoline_euro4,0.95,3696.310346,339852.165853,24.383934,4.908567,129.898318,108397.615415,0.0
EastSilburyToEastAvebury.60,1360.0,317_0,0.0,0.0,0.0,1689.0,213_0,19.13,15.1,329.0,2473.2,89.0,4,0.0,163.35,0,tripinfo_EastSilburyToEastAvebury.60 emissions_EastSilburyToEastAvebury.60,gasoline_euro4,1.1,25835.717448,937271.885821,139.212667,18.232162,393.402528,298952.001233,0.0
WestH6ToSaxonSt.112,1344.0,524_0,0.0,0.0,0.0,1690.0,771_0,56.88,12.97,346.0,2600.56,90.0,3,0.0,150.84,0,tripinfo_WestH6ToSaxonSt.112 emissions_WestH6ToSaxonSt.112,electric,0.97,0.0,0.0,0.0,0.0,0.0,0.0,0.0
EastA509ToH6.74,1332.0,770_0,0.0,0.0,0.0,1691.0,522_0,56.88,13.01,359.0,1483.75,169.0,5,0.0,251.19,0,tripinfo_EastA509ToH6.74 emissions_EastA509ToH6.74,electric,0.99,0.0,0.0,0.0,0.0,0.0,0.0,0.0
EastSilburyToEastAvebury.62,1392.0,317_0,0.0,0.0,0.0,1691.0,213_0,19.13,13.42,299.0,2473.21,59.0,3,0.0,125.1,0,tripinfo_EastSilburyToEastAvebury.62 emissions_EastSilburyToEastAvebury.62,gasoline_euro4,1.05,20625.204288,855965.695871,113.127069,15.3747,349.845376,273018.198227,0.0
EastSilburyToEastAvebury.63,1408.0,317_0,0.0,0.0,0.0,1693.0,213_0,19.13,11.57,285.0,2473.15,52.0,2,0.0,85.5,0,tripinfo_EastSilburyToEastAvebury.63 emissions_EastSilburyToEastAvebury.63,gasoline_euro4,0.91,15783.970829,699565.818771,87.555498,11.462556,278.216979,223133.684878,0.0
EastA509ToH6.77,1386.0,770_0,0.0,0.0,0.0,1694.0,522_0,56.88,13.92,308.0,1483.69,157.0,6,0.0,200.74,0,tripinfo_EastA509ToH6.77 emissions_EastA509ToH6.77,electric,1.0,0.0,0.0,0.0,0.0,0.0,0.0,0.0
WestA509ToAvebury.78,1407.0,773_0,0.0,0.0,3.0,1698.0,213_0,19.13,14.81,291.0,2336.45,70.0,3,0.0,133.2,0,tripinfo_WestA509ToAvebury.78 emissions_WestA509ToAvebury.78,gasoline_euro4,1.08,23125.837656,882462.838708,125.347961,16.963375,367.666519,281469.636721,0.0
V6ToEastH6.126,1512.0,468_1,0.0,0.0,0.0,1700.0,522_0,56.88,11.64,188.0,2060.88,0.0,0,0.0,18.54,0,tripinfo_V6ToEastH6.126 emissions_V6ToEastH6.126,electric,0.89,0.0,0.0,0.0,0.0,0.0,0.0,0.0
V6ToEastH6.131,1572.0,468_1,0.0,0.0,0.0,1702.0,522_1,56.88,13.46,130.0,1512.23,3.0,1,0.0,21.25,0,tripinfo_V6ToEastH6.131 emissions_V6ToEastH6.131,gasoline_euro4,1.01,4920.491001,385243.522165,30.721117,6.014008,149.807497,122875.333036,0.0
V6ToEastH6.133,1596.0,468_1,0.0,0.0,0.0,1719.0,522_1,56.88,13.86,123.0,1512.23,0.0,0,0.0,22.47,0,tripinfo_V6ToEastH6.133 emissions_V6ToEastH6.133,electric,1.09,0.0,0.0,0.0,0.0,0.0,0.0,0.0
WestH6ToSaxonSt.96,1152.0,524_0,0.0,0.0,0.0,1722.0,771_1,56.88,13.29,570.0,2767.87,273.0,10,0.0,355.81,0,tripinfo_WestH6ToSaxonSt.96 emissions_WestH6ToSaxonSt.96,gasoline_euro4,0.97,60747.73895,1586163.590631,313.163509,32.691781,678.461756,505931.046927,0.0
WestH6ToSaxonSt.94,1128.0,524_0,0.0,0.0,0.0,1727.0,771_1,56.88,12.64,599.0,2767.88,291.0,10,0.0,376.19,0,tripinfo_WestH6ToSaxonSt.94 emissions_WestH6ToSaxonSt.94,gasoline_euro4,0.93,63589.393176,1600299.148294,326.489647,33.087786,685.921401,510441.115173,0.0
V6ToEastH6.132,1584.0,468_1,0.0,0.0,0.0,1728.0,522_0,56.88,11.2,144.0,1512.23,0.0,0,0.0,14.33,0,tripinfo_V6ToEastH6.132 emissions_V6ToEastH6.132,gasoline_euro4,0.84,4491.157909,352611.029856,28.50564,5.070361,136.101513,112467.494787,0.0
V6ToEastH6.134,1608.0,468_1,0.0,0.0,0.0,1728.0,522_1,56.88,14.54,120.0,1512.23,0.0,0,0.0,21.5,0,tripinfo_V6ToEastH6.134 emissions_V6ToEastH6.134,electric,1.11,0.0,0.0,0.0,0.0,0.0,0.0,0.0
WestH6ToSaxonSt.100,1200.0,524_0,0.0,0.0,0.0,1730.0,771_1,56.88,11.16,530.0,2574.97,248.0,8,0.0,319.48,0,tripinfo_WestH6ToSaxonSt.100 emissions_WestH6ToSaxonSt.100,gasoline_euro4,0.9,54303.888302,1363703.790775,278.716322,27.928703,582.601609,434975.634053,0.0
WestH6ToSaxonSt.99,1188.0,524_0,0.0,0.0,0.0,1732.0,771_1,56.88,14.12,544.0,2767.87,261.0,6,0.0,356.9,0,tripinfo_WestH6ToSaxonSt.99 emissions_WestH6ToSaxonSt.99,gasoline_euro4,1.11,58888.321591,1573136.270564,304.413733,33.177421,677.368524,501774.029904,0.0
EastAveburyToWestA509.133,1330.0,483_0,0.0,0.0,0.0,1732.0,774_0,29.75,13.59,402.0,2254.71,191.0,5,0.0,240.26,0,tripinfo_EastAveburyToWestA509.133 emissions_EastAveburyToWestA509.133,electric,1.02,0.0,0.0,0.0,0.0,0.0,0.0,0.0
EastAveburyToWestA509.136,1356.0,483_0,0.0,0.0,0.0,1733.0,774_0,29.75,16.65,377.0,2258.77,166.0,8,0.0,241.14,0,tripinfo_EastAveburyToWestA509.136 emissions_EastAveburyToWestA509.136,gasoline_euro4,1.22,40890.244219,1203335.602048,213.973887,25.343062,516.324303,383818.335977,0.0
WestA509ToAvebury.70,1260.0,773_0,0.0,0.0,0.0,1734.0,213_0,19.13,14.57,474.0,2286.89,268.0,7,0.0,316.82,0,tripinfo_WestA509ToAvebury.70 emissions_WestA509ToAvebury.70,electric,1.05,0.0,0.0,0.0,0.0,0.0,0.0,0.0
EastAveburyToWestA509.116,1186.0,483_1,0.0,0.0,0.0,1735.0,774_0,29.75,15.13,549.0,2238.89,290.0,9,0.0,402.77,0,tripinfo_EastAveburyToWestA509.116 emissions_EastAveburyToWestA509.116,electric,1.12,0.0,0.0,0.0,0.0,0.0,0.0,0.0
EastAveburyToWestA509.113,1160.0,483_0,0.0,0.0,0.0,1737.0,774_0,29.75,14.26,577.0,2260.8,330.0,9,0.0,423.37,0,tripinfo_EastAveburyToWestA509.113 emissions_EastAveburyToWestA509.113,electric,1.07,0.0,0.0,0.0,0.0,0.0,0.0,0.0
EastAveburyToWestA509.137,1364.0,483_0,0.0,0.0,0.0,1741.0,774_0,29.75,14.0,377.0,2258.77,156.0,10,0.0,224.69,0,tripinfo_EastAveburyToWestA509.137 emissions_EastAveburyToWestA509.137,gasoline_euro4,1.09,37702.613311,1119490.431643,197.628973,22.984007,477.484913,357075.394341,0.0
EastSilburyToEastAvebury.17,672.0,317_0,0.0,0.0,0.0,1743.0,213_0,19.13,14.93,1071.0,680.89,911.0,19,0.0,1027.33,0,tripinfo_EastSilburyToEastAvebury.17 emissions_EastSilburyToEastAvebury.17,electric,1.16,0.0,0.0,0.0,0.0,0.0,0.0,0.0
V6ToEastH6.135,1620.0,468_1,0.0,0.0,0.0,1743.0,522_1,56.88,13.03,123.0,1512.23,0.0,0,0.0,13.29,0,tripinfo_V6ToEastH6.135 emissions_V6ToEastH6.135,electric,1.0,0.0,0.0,0.0,0.0,0.0,0.0,0.0
EastAveburyToWestA509.114,1169.0,483_0,0.0,0.0,0.0,1746.0,774_0,29.75,13.6,577.0,2260.95,319.0,12,0.0,413.41,0,tripinfo_EastAveburyToWestA509.114 emissions_EastAveburyToWestA509.114,gasoline_euro4,1.01,67644.830551,1562252.059985,344.075051,33.948969,680.028973,498307.017994,0.0
WestA509ToEastH6.39,1404.0,773_0,0.0,0.0,0.0,1748.0,522_0,56.88,13.14,344.0,2754.92,92.0,6,0.0,145.01,0,tripinfo_WestA509ToEastH6.39 emissions_WestA509ToEastH6.39,gasoline_euro4,1.01,25730.49682,969340.032838,138.796405,17.809187,396.895788,309181.155095,0.0
V6ToEastH6.136,1632.0,468_1,0.0,0.0,0.0,1750.0,522_1,56.88,15.21,118.0,1512.23,1.0,1,0.0,22.97,0,tripinfo_V6ToEastH6.136 emissions_V6ToEastH6.136,gasoline_euro4,1.15,5303.83512,404587.61073,32.823497,6.805913,159.541686,129044.742152,0.0
EastAveburyToWestA509.134,1339.0,483_1,0.0,0.0,0.0,1752.0,774_1,29.75,13.92,413.0,2219.98,209.0,7,0.0,255.33,0,tripinfo_EastAveburyToWestA509.134 emissions_EastAveburyToWestA509.134,electric,1.02,0.0,0.0,0.0,0.0,0.0,0.0,0.0
WestA509ToEastH6.40,1440.0,773_0,0.0,0.0,0.0,1753.0,522_0,56.88,17.68,313.0,2754.11,70.0,4,0.0,160.61,0,tripinfo_WestA509ToEastH6.40 emissions_WestA509ToEastH6.40,gasoline_euro4,1.31,25095.461908,1037194.995102,137.787173,20.036993,430.100509,330821.587193,0.0
SouthEvansGateToSilbury.84,1512.0,526_0,0.0,0.0,0.0,1753.0,215_1,19.43,15.1,241.0,1477.55,115.0,3,0.0,146.87,0,tripinfo_SouthEvansGateToSilbury.84 emissions_SouthEvansGateToSilbury.84,electric,1.14,0.0,0.0,0.0,0.0,0.0,0.0,0.0
WestH6ToSaxonSt.117,1404.0,524_0,0.0,0.0,0.0,1757.0,771_0,56.88,13.06,353.0,2608.48,126.0,2,0.0,159.05,0,tripinfo_WestH6ToSaxonSt.117 emissions_WestH6ToSaxonSt.117,electric,0.99,0.0,0.0,0.0,0.0,0.0,0.0,0.0
WestH6ToSaxonSt.116,1392.0,524_0,0.0,0.0,0.0,1758.0,771_0,56.88,14.8,366.0,2603.34,146.0,3,0.0,193.67,0,tripinfo_WestH6ToSaxonSt.116 emissions_WestH6ToSaxonSt.116,electric,1.09,0.0,0.0,0.0,0.0,0.0,0.0,0.0
EastAveburyToWestA509.147,1449.0,483_0,0.0,0.0,0.0,1758.0,774_0,29.75,11.06,309.0,2258.65,80.0,3,0.0,119.45,0,tripinfo_EastAveburyToWestA509.147 emissions_EastAveburyToWestA509.147,gasoline_euro4,0.87,22052.644555,807270.528085,118.924834,14.189751,329.217377,257488.443183,0.0
EastA509ToH6.75,1350.0,770_0,0.0,0.0,0.0,1759.0,522_0,56.88,14.36,409.0,1483.8,245.0,5,0.0,312.74,0,tripinfo_EastA509ToH6.75 emissions_EastA509ToH6.75,gasoline_euro4,1.11,50845.186174,1180949.183058,258.673367,26.0367,516.598473,376683.269648,0.0
SouthEvansGateToSilbury.85,1530.0,526_0,0.0,0.0,0.0,1759.0,215_1,19.43,9.81,229.0,1477.52,64.0,3,0.0,89.81,0,tripinfo_SouthEvansGateToSilbury.85 emissions_SouthEvansGateToSilbury.85,electric,0.77,0.0,0.0,0.0,0.0,0.0,0.0,0.0
EastAveburyToWestA509.89,956.0,483_1,0.0,0.0,0.0,1760.0,774_0,29.75,13.98,804.0,2328.54,508.0,13,0.0,634.21,0,tripinfo_EastAveburyToWestA509.89 emissions_EastAveburyToWestA509.89,gasoline_euro4,1.02,103106.012275,2187807.154495,520.217467,49.038791,963.486263,697842.054364,0.0
WestH6ToSaxonSt.121,1452.0,524_0,0.0,0.0,0.0,1760.0,771_0,56.88,14.81,308.0,2601.42,87.0,3,0.0,136.23,0,tripinfo_WestH6ToSaxonSt.121 emissions_WestH6ToSaxonSt.121,electric,1.1,0.0,0.0,0.0,0.0,0.0,0.0,0.0
EastA509ToH6.78,1404.0,770_0,0.0,0.0,0.0,1761.0,522_0,56.88,16.08,357.0,1483.8,192.0,6,0.0,266.19,0,tripinfo_EastA509ToH6.78 emissions_EastA509ToH6.78,gasoline_euro4,1.18,42677.629835,1063435.134899,218.860814,23.140147,462.573157,339198.613028,0.0
WestH6ToSaxonSt.125,1500.0,524_0,0.0,0.0,0.0,1762.0,771_0,56.88,14.74,262.0,2602.65,47.0,3,0.0,96.36,0,tripinfo_WestH6ToSaxonSt.125 emissions_WestH6ToSaxonSt.125,electric,1.14,0.0,0.0,0.0,0.0,0.0,0.0,0.0
SouthEvansGateToSilbury.90,1620.0,526_0,0.0,0.0,0.0,1763.0,215_1,19.43,13.68,143.0,1477.52,20.0,1,0.0,37.81,0,tripinfo_SouthEvansGateToSilbury.90 emissions_SouthEvansGateToSilbury.90,gasoline_euro4,1.02,7626.349193,414995.801757,43.712251,6.949495,164.672222,132365.88854,0.0
EastA509ToH6.79,1422.0,770_0,0.0,0.0,0.0,1765.0,522_0,56.88,15.39,343.0,1483.8,175.0,4,0.0,246.29,0,tripinfo_EastA509ToH6.79 emissions_EastA509ToH6.79,electric,1.11,0.0,0.0,0.0,0.0,0.0,0.0,0.0
WestH6ToSaxonSt.118,1416.0,524_0,0.0,0.0,0.0,1767.0,771_0,56.88,12.56,351.0,2602.65,104.0,4,0.0,147.8,0,tripinfo_WestH6ToSaxonSt.118 emissions_WestH6ToSaxonSt.118,electric,0.93,0.0,0.0,0.0,0.0,0.0,0.0,0.0
SouthEvansGateToSilbury.81,1458.0,526_0,0.0,0.0,0.0,1774.0,215_1,19.43,12.98,316.0,1471.7,176.0,5,0.0,209.44,0,tripinfo_SouthEvansGateToSilbury.81 emissions_SouthEvansGateToSilbury.81,gasoline_euro4,1.0,35948.318165,902127.586327,184.368293,18.950545,387.174439,287747.869374,0.0
WestA509ToAvebury.81,1458.0,773_0,0.0,0.0,0.0,1774.0,213_0,19.13,13.64,316.0,2337.27,121.0,3,0.0,154.45,0,tripinfo_WestA509ToAvebury.81 emissions_WestA509ToAvebury.81,gasoline_euro4,1.05,27167.461189,907317.897299,143.976851,17.290252,375.035546,289399.801109,0.0
WestA509ToAvebury.82,1476.0,773_0,0.0,0.0,0.0,1774.0,213_1,19.13,13.19,298.0,2337.26,88.0,3,0.0,123.66,0,tripinfo_WestA509ToAvebury.82 emissions_WestA509ToAvebury.82,gasoline_euro4,0.97,22080.090861,797125.836728,118.482973,14.436385,325.834299,254252.45586,0.0
V6ToEastH6.137,1644.0,468_1,0.0,0.0,0.0,1774.0,522_1,56.88,12.4,130.0,1512.23,0.0,0,0.0,17.52,0,tripinfo_V6ToEastH6.137 emissions_V6ToEastH6.137,gasoline_euro4,0.97,4513.842736,377400.44046,28.898754,5.712488,146.203346,120373.757858,0.0
WestA509ToAvebury.85,1530.0,773_0,0.0,0.0,0.0,1776.0,213_0,19.13,13.1,246.0,2336.42,50.0,1,0.0,81.85,0,tripinfo_WestA509ToAvebury.85 emissions_WestA509ToAvebury.85,gasoline_euro4,1.04,14957.563084,699663.139131,83.457942,11.880954,278.555089,223163.766475,0.0
SouthEvansGateToSilbury.82,1476.0,526_0,0.0,0.0,0.0,1777.0,215_1,19.43,11.94,301.0,1471.73,149.0,4,0.0,185.87,0,tripinfo_SouthEvansGateToSilbury.82 emissions_SouthEvansGateToSilbury.82,gasoline_euro4,0.93,31625.890682,814675.879525,162.931956,16.906799,349.663284,259853.412957,0.0
EastA509ToH6.76,1368.0,770_0,0.0,0.0,0.0,1779.0,522_0,56.88,12.65,411.0,1483.8,217.0,7,0.0,298.47,0,tripinfo_EastA509ToH6.76 emissions_EastA509ToH6.76,gasoline_euro4,0.95,47804.678923,1110809.640023,243.449231,24.201767,485.476319,354311.38921,0.0
V6ToEastH6.138,1656.0,468_1,0.0,0.0,0.0,1783.0,522_1,56.88,12.57,127.0,1512.23,0.0,0,0.0,16.51,0,tripinfo_V6ToEastH6.138 emissions_V6ToEastH6.138,electric,0.99,0.0,0.0,0.0,0.0,0.0,0.0,0.0
V6ToEastH6.139,1668.0,468_1,0.0,0.0,0.0,1785.0,522_1,56.88,15.14,117.0,1512.23,0.0,0,0.0,23.48,0,tripinfo_V6ToEastH6.139 emissions_V6ToEastH6.139,gasoline_euro4,1.17,4693.689525,404070.408831,30.134556,6.602472,157.38899,128879.681291,0.0
V6ToEastH6.140,1680.0,468_1,0.0,0.0,0.0,1804.0,522_1,56.88,12.7,124.0,1512.23,0.0,0,0.0,12.32,0,tripinfo_V6ToEastH6.140 emissions_V6ToEastH6.140,gasoline_euro4,0.98,3614.793558,346619.158495,23.818695,4.981562,131.733442,110555.896143,0.0
WestH6ToSaxonSt.101,1212.0,524_0,0.0,0.0,0.0,1810.0,771_1,56.88,13.12,598.0,2767.88,314.0,8,0.0,394.44,0,tripinfo_WestH6ToSaxonSt.101 emissions_WestH6ToSaxonSt.101,gasoline_euro4,1.02,66967.961839,1677033.193335,343.214632,35.382499,721.818371,534916.075767,0.0
WestA509ToEastH6.41,1476.0,773_1,0.0,0.0,0.0,1817.0,522_0,56.88,11.59,341.0,3082.3,50.0,1,0.0,85.12,0,tripinfo_WestA509ToEastH6.41 emissions_WestA509ToEastH6.41,electric,0.88,0.0,0.0,0.0,0.0,0.0,0.0,0.0
WestH6ToSaxonSt.106,1272.0,524_0,0.0,0.0,0.0,1819.0,771_1,56.88,12.93,547.0,2574.96,274.0,7,0.0,348.63,0,tripinfo_WestH6ToSaxonSt.106 emissions_WestH6ToSaxonSt.106,gasoline_euro4,0.95,58442.047618,1450219.129228,299.330921,29.818257,618.680038,462571.496789,0.0
WestH6ToSaxonSt.103,1236.0,524_0,0.0,0.0,0.0,1820.0,771_1,56.88,14.58,584.0,2767.88,295.0,10,0.0,395.64,0,tripinfo_WestH6ToSaxonSt.103 emissions_WestH6ToSaxonSt.103,gasoline_euro4,1.1,66039.318143,1706225.879152,340.075928,36.314982,736.667644,544225.855244,0.0
EastAveburyToWestA509.122,1237.0,483_0,0.0,0.0,0.0,1822.0,774_1,29.75,14.79,585.0,2261.72,320.0,11,0.0,432.62,0,tripinfo_EastAveburyToWestA509.122 emissions_EastAveburyToWestA509.122,gasoline_euro4,1.08,70550.24511,1647237.183313,359.484068,36.160091,719.049449,525413.60971,0.0
EastAveburyToWestA509.112,1152.0,483_0,0.0,0.0,0.0,1823.0,774_0,29.75,12.81,671.0,2264.23,398.0,12,0.0,502.39,0,tripinfo_EastAveburyToWestA509.112 emissions_EastAveburyToWestA509.112,gasoline_euro4,0.98,82313.405333,1830098.822217,417.124412,40.502104,802.258133,583742.389842,0.0
V6ToEastH6.142,1704.0,468_1,0.0,0.0,0.0,1829.0,522_1,56.88,13.05,125.0,1512.23,0.0,0,0.0,15.6,0,tripinfo_V6ToEastH6.142 emissions_V6ToEastH6.142,electric,1.0,0.0,0.0,0.0,0.0,0.0,0.0,0.0
EastAveburyToWestA509.125,1262.0,483_1,0.0,0.0,0.0,1830.0,774_0,29.75,12.8,568.0,2241.68,302.0,11,0.0,389.69,0,tripinfo_EastAveburyToWestA509.125 emissions_EastAveburyToWestA509.125,electric,0.93,0.0,0.0,0.0,0.0,0.0,0.0,0.0
EastAveburyToWestA509.126,1271.0,483_0,0.0,0.0,0.0,1830.0,774_1,29.75,14.85,559.0,2260.82,306.0,11,0.0,408.11,0,tripinfo_EastAveburyToWestA509.126 emissions_EastAveburyToWestA509.126,electric,1.1,0.0,0.0,0.0,0.0,0.0,0.0,0.0
EastAveburyToWestA509.142,1407.0,483_1,0.0,0.0,0.0,1831.0,774_1,29.75,15.72,424.0,2219.98,221.0,7,0.0,282.89,0,tripinfo_EastAveburyToWestA509.142 emissions_EastAveburyToWestA509.142,electric,1.14,0.0,0.0,0.0,0.0,0.0,0.0,0.0
EastAveburyToWestA509.150,1475.0,483_0,0.0,0.0,0.0,1832.0,774_0,29.75,13.53,357.0,2254.71,129.0,8,0.0,200.58,0,tripinfo_EastAveburyToWestA509.150 emissions_EastAveburyToWestA509.150,gasoline_euro4,1.06,32896.469549,1018149.929946,173.185488,20.399921,431.555005,324751.207556,0.0
EastAveburyToWestA509.152,1492.0,483_0,0.0,0.0,0.0,1835.0,774_0,29.75,12.81,343.0,2254.72,123.0,5,0.0,177.11,0,tripinfo_EastAveburyToWestA509.152 emissions_EastAveburyToWestA509.152,gasoline_euro4,0.99,30841.147635,976660.420936,162.744458,19.17069,410.657621,311517.680451,0.0
V6ToEastH6.141,1692.0,468_1,0.0,0.0,0.0,1836.0,522_0,56.88,11.68,144.0,1512.23,0.0,0,0.0,16.15,0,tripinfo_V6ToEastH6.141 emissions_V6ToEastH6.141,electric,0.86,0.0,0.0,0.0,0.0,0.0,0.0,0.0
V6ToEastH6.143,1716.0,468_1,0.0,0.0,0.0,1836.0,522_1,56.88,13.52,120.0,1512.23,0.0,0,0.0,11.79,0,tripinfo_V6ToEastH6.143 emissions_V6ToEastH6.143,gasoline_euro4,1.01,3863.112274,363943.758443,25.535051,5.563769,140.383656,116081.338107,0.0
SouthEvansGateToSilbury.89,1602.0,526_0,0.0,0.0,0.0,1840.0,215_1,19.43,13.66,238.0,1477.59,105.0,3,0.0,134.01,0,tripinfo_SouthEvansGateToSilbury.89 emissions_SouthEvansGateToSilbury.89,gasoline_euro4,1.03,23719.898821,704499.470556,123.975777,14.200435,298.101314,224709.146182,0.0
WestA509ToEastH6.42,1512.0,773_0,0.0,0.0,0.0,1841.0,522_0,56.88,13.28,329.0,2754.07,78.0,5,0.0,122.42,0,tripinfo_WestA509ToEastH6.42 emissions_WestA509ToEastH6.42,gasoline_euro4,0.97,22150.952955,889877.068394,120.594541,15.43884,358.228649,283835.771363,0.0
EastAveburyToWestA509.159,1551.0,483_1,0.0,0.0,0.0,1841.0,774_0,29.75,11.75,290.0,2311.97,48.0,4,0.0,94.04,0,tripinfo_EastAveburyToWestA509.159 emissions_EastAveburyToWestA509.159,electric,0.89,0.0,0.0,0.0,0.0,0.0,0.0,0.0
EastAveburyToWestA509.163,1585.0,483_1,0.0,0.0,0.0,1842.0,774_0,29.75,13.22,257.0,2308.5,24.0,5,0.0,92.62,0,tripinfo_EastAveburyToWestA509.163 emissions_EastAveburyToWestA509.163,electric,1.03,0.0,0.0,0.0,0.0,0.0,0.0,0.0
SouthEvansGateToSilbury.92,1656.0,526_0,0.0,0.0,0.0,1842.0,215_1,19.43,12.86,186.0,1477.59,56.0,1,0.0,75.01,0,tripinfo_SouthEvansGateToSilbury.92 emissions_SouthEvansGateToSilbury.92,electric,0.96,0.0,0.0,0.0,0.0,0.0,0.0,0.0
WestH6ToSaxonSt.129,1548.0,524_0,0.0,0.0,0.0,1845.0,771_0,56.88,13.53,297.0,2613.57,61.0,1,0.0,103.13,0,tripinfo_WestH6ToSaxonSt.129 emissions_WestH6ToSaxonSt.129,electric,0.99,0.0,0.0,0.0,0.0,0.0,0.0,0.0
WestH6ToSaxonSt.127,1524.0,524_0,0.0,0.0,0.0,1848.0,771_0,56.88,13.92,324.0,2603.34,98.0,4,0.0,148.16,0,tripinfo_WestH6ToSaxonSt.127 emissions_WestH6ToSaxonSt.127,electric,1.07,0.0,0.0,0.0,0.0,0.0,0.0,0.0
WestA509ToEastH6.43,1548.0,773_1,0.0,0.0,0.0,1848.0,522_1,56.88,13.02,300.0,3082.3,33.0,1,0.0,68.57,0,tripinfo_WestA509ToEastH6.43 emissions_WestA509ToEastH6.43,electric,0.97,0.0,0.0,0.0,0.0,0.0,0.0,0.0
SouthEvansGateToSilbury.93,1674.0,526_0,0.0,0.0,0.0,1850.0,215_1,19.43,14.79,176.0,1477.59,60.0,1,0.0,75.18,0,tripinfo_SouthEvansGateToSilbury.93 emissions_SouthEvansGateToSilbury.93,electric,1.07,0.0,0.0,0.0,0.0,0.0,0.0,0.0
V6ToEastH6.144,1728.0,468_1,0.0,0.0,0.0,1851.0,522_1,56.88,14.19,123.0,1512.23,0.0,0,0.0,15.7,0,tripinfo_V6ToEastH6.144 emissions_V6ToEastH6.144,gasoline_euro4,1.02,4226.069209,370131.544989,27.438619,5.848276,144.612887,118054.909605,0.0
EastA509ToH6.83,1494.0,770_0,0.0,0.0,0.0,1857.0,522_1,56.88,14.23,363.0,1483.69,195.0,7,0.0,261.36,0,tripinfo_EastA509ToH6.83 emissions_EastA509ToH6.83,gasoline_euro4,1.06,42586.371859,1015977.601923,217.350261,21.936069,441.176116,324062.696178,0.0
EastA509ToH6.81,1458.0,770_0,0.0,0.0,0.0,1858.0,522_0,56.88,12.51,400.0,1483.69,229.0,9,0.0,282.7,0,tripinfo_EastA509ToH6.81 emissions_EastA509ToH6.81,gasoline_euro4,0.92,47058.134915,1068057.167494,239.0831,23.038113,464.600926,340675.804127,0.0
WestH6ToSaxonSt.126,1512.0,524_0,0.0,0.0,0.0,1858.0,771_0,56.88,11.72,346.0,2608.48,87.0,3,0.0,122.63,0,tripinfo_WestH6ToSaxonSt.126 emissions_WestH6ToSaxonSt.126,electric,0.85,0.0,0.0,0.0,0.0,0.0,0.0,0.0
EastA509ToH6.80,1440.0,770_0,0.0,0.0,0.0,1860.0,522_0,56.88,12.76,420.0,1483.8,240.0,8,0.0,311.42,0,tripinfo_EastA509ToH6.80 emissions_EastA509ToH6.80,gasoline_euro4,0.99,50700.828511,1155032.516029,257.592033,25.313517,504.757487,368417.547171,0.0
EastSilburyToEastAvebury.69,1504.0,317_0,0.0,0.0,0.0,1862.0,213_0,19.13,12.78,358.0,2473.15,125.0,4,0.0,169.66,0,tripinfo_EastSilburyToEastAvebury.69 emissions_EastSilburyToEastAvebury.69,gasoline_euro4,0.96,29750.53434,966244.350872,156.978483,18.072703,399.268154,308195.916926,0.0
EastA509ToH6.84,1512.0,770_0,0.0,0.0,0.0,1863.0,522_1,56.88,14.9,351.0,1483.8,173.0,8,0.0,256.67,0,tripinfo_EastA509ToH6.84 emissions_EastA509ToH6.84,electric,1.14,0.0,0.0,0.0,0.0,0.0,0.0,0.0
EastSilburyToEastAvebury.71,1536.0,317_0,0.0,0.0,0.0,1863.0,213_1,19.13,12.88,327.0,2473.21,91.0,5,0.0,137.17,0,tripinfo_EastSilburyToEastAvebury.71 emissions_EastSilburyToEastAvebury.71,gasoline_euro4,0.96,25088.490174,898261.189915,134.415917,16.446722,368.499363,286510.656625,0.0
SouthEvansGateToSilbury.86,1548.0,526_0,0.0,0.0,0.0,1863.0,215_1,19.43,12.43,315.0,1471.73,172.0,4,0.0,203.58,0,tripinfo_SouthEvansGateToSilbury.86 emissions_SouthEvansGateToSilbury.86,gasoline_euro4,0.95,35134.387428,880453.773681,180.229352,18.418763,378.15457,280834.758904,0.0
EastA509ToH6.82,1476.0,770_0,0.0,0.0,0.0,1864.0,522_0,56.88,12.09,388.0,1483.8,197.0,8,0.0,268.32,0,tripinfo_EastA509ToH6.82 emissions_EastA509ToH6.82,gasoline_euro4,0.9,43843.958184,1031798.021775,223.543412,22.005459,447.468784,329109.548181,0.0
WestA509ToAvebury.86,1548.0,773_0,0.0,0.0,0.0,1864.0,213_1,19.13,12.88,316.0,2337.28,106.0,3,0.0,141.89,0,tripinfo_WestA509ToAvebury.86 emissions_WestA509ToAvebury.86,gasoline_euro4,0.97,25239.242373,874458.16668,133.84806,15.79829,355.970576,278919.157068,0.0
WestA509ToAvebury.87,1566.0,773_0,0.0,0.0,0.0,1865.0,213_0,19.13,11.78,299.0,2337.25,72.0,2,0.0,102.86,0,tripinfo_WestA509ToAvebury.87 emissions_WestA509ToAvebury.87,gasoline_euro4,0.87,19387.803538,751569.266519,105.2994,12.895434,303.673737,239721.562501,0.0
SouthEvansGateToSilbury.88,1584.0,526_0,0.0,0.0,0.0,1865.0,215_1,19.43,15.37,281.0,1471.7,141.0,4,0.0,185.89,0,tripinfo_SouthEvansGateToSilbury.88 emissions_SouthEvansGateToSilbury.88,gasoline_euro4,1.12,30905.940271,841904.566035,160.271691,17.732852,362.356449,268537.013571,0.0
SouthEvansGateToSilbury.87,1566.0,526_0,0.0,0.0,0.0,1867.0,215_1,19.43,14.35,301.0,1471.71,148.0,6,0.0,198.52,0,tripinfo_SouthEvansGateToSilbury.87 emissions_SouthEvansGateToSilbury.87,gasoline_euro4,1.04,33009.363098,878568.292112,170.655568,18.562179,378.894266,280231.818635,0.0
EastSilburyToEastAvebury.74,1584.0,317_0,0.0,0.0,0.0,1867.0,213_0,19.13,11.64,283.0,2473.15,56.0,2,0.0,83.49,0,tripinfo_EastSilburyToEastAvebury.74 emissions_EastSilburyToEastAvebury.74,gasoline_euro4,0.91,15755.435665,695399.183866,87.40258,11.224723,275.227631,221804.951899,0.0
SouthEvansGateToSilbury.91,1638.0,526_0,0.0,0.0,0.0,1868.0,215_1,19.43,14.63,230.0,1471.73,95.0,3,0.0,131.76,0,tripinfo_SouthEvansGateToSilbury.91 emissions_SouthEvansGateToSilbury.91,gasoline_euro4,1.08,22548.916886,687068.583367,118.419034,13.937133,291.278839,219148.90512,0.0
V6ToEastH6.145,1740.0,468_1,0.0,0.0,0.0,1877.0,522_0,56.88,11.36,137.0,1512.23,0.0,0,0.0,12.2,0,tripinfo_V6ToEastH6.145 emissions_V6ToEastH6.145,gasoline_euro4,0.88,3569.802725,326013.896726,23.51904,4.297168,122.378131,103984.312448,0.0
V6ToEastH6.147,1764.0,468_1,0.0,0.0,0.0,1881.0,522_1,56.88,14.01,117.0,1511.92,0.0,0,0.0,16.28,0,tripinfo_V6ToEastH6.147 emissions_V6ToEastH6.147,electric,1.09,0.0,0.0,0.0,0.0,0.0,0.0,0.0
WestA509ToEastH6.44,1584.0,773_1,0.0,0.0,0.0,1886.0,522_1,56.88,15.54,302.0,3082.3,50.0,2,0.0,103.99,0,tripinfo_WestA509ToEastH6.44 emissions_WestA509ToEastH6.44,electric,1.14,0.0,0.0,0.0,0.0,0.0,0.0,0.0
EastAveburyToWestA509.168,1628.0,483_1,0.0,0.0,0.0,1894.0,774_0,29.75,13.39,266.0,2311.97,54.0,4,0.0,99.54,0,tripinfo_EastAveburyToWestA509.168 emissions_EastAveburyToWestA509.168,electric,1.04,0.0,0.0,0.0,0.0,0.0,0.0,0.0
WestH6ToSaxonSt.105,1260.0,524_0,0.0,0.0,0.0,1901.0,771_1,56.88,14.53,641.0,2767.87,360.0,9,0.0,458.82,0,tripinfo_WestH6ToSaxonSt.105 emissions_WestH6ToSaxonSt.105,gasoline_euro4,1.13,77481.084669,1912870.898988,397.086689,41.553349,831.140409,610139.569012,0.0
V6ToEastH6.146,1752.0,468_1,0.0,0.0,0.0,1904.0,522_0,56.88,10.63,152.0,1512.23,0.0,0,0.0,12.88,0,tripinfo_V6ToEastH6.146 emissions_V6ToEastH6.146,electric,0.78,0.0,0.0,0.0,0.0,0.0,0.0,0.0
WestA509ToAvebury.31,558.0,773_0,0.0,0.0,0.0,1906.0,213_0,19.13,12.7,1348.0,2288.72,1047.0,21,0.0,1175.72,0,tripinfo_WestA509ToAvebury.31 emissions_WestA509ToAvebury.31,electric,0.96,0.0,0.0,0.0,0.0,0.0,0.0,0.0
EastAveburyToWestA509.124,1254.0,483_0,0.0,0.0,0.0,1908.0,774_0,29.75,13.91,654.0,2264.89,392.0,12,0.0,490.87,0,tripinfo_EastAveburyToWestA509.124 emissions_EastAveburyToWestA509.124,gasoline_euro4,1.01,81200.478187,1795848.968336,411.289062,39.561945,785.43986,572818.319916,0.0
EastSilburyToEastAvebury.64,1424.0,317_0,0.0,0.0,0.0,1908.0,213_0,19.13,13.2,484.0,1581.8,318.0,11,0.0,368.1,0,tripinfo_EastSilburyToEastAvebury.64 emissions_EastSilburyToEastAvebury.64,electric,1.0,0.0,0.0,0.0,0.0,0.0,0.0,0.0
WestA509ToAvebury.34,615.0,773_0,0.0,0.0,3.0,1909.0,213_0,19.13,15.69,1294.0,2289.23,1004.0,20,0.0,1155.02,0,tripinfo_WestA509ToAvebury.34 emissions_WestA509ToAvebury.34,electric,1.19,0.0,0.0,0.0,0.0,0.0,0.0,0.0
EastAveburyToWestA509.155,1517.0,483_0,0.0,0.0,0.0,1911.0,774_0,29.75,13.82,394.0,2254.73,185.0,9,0.0,234.53,0,tripinfo_EastAveburyToWestA509.155 emissions_EastAveburyToWestA509.155,gasoline_euro4,1.03,40719.916018,1147940.740044,211.633282,23.463429,487.759751,366151.43104,0.0
EastAveburyToWestA509.162,1577.0,483_0,0.0,0.0,0.0,1918.0,774_1,29.75,12.46,341.0,2254.72,129.0,4,0.0,173.99,0,tripinfo_EastAveburyToWestA509.162 emissions_EastAveburyToWestA509.162,gasoline_euro4,0.98,30524.081199,943830.456128,160.766681,18.704747,398.570645,301046.405832,0.0
EastAveburyToWestA509.123,1245.0,483_0,0.0,0.0,0.0,1919.0,774_0,29.75,11.73,674.0,2257.77,394.0,11,0.0,490.91,0,tripinfo_EastAveburyToWestA509.123 emissions_EastAveburyToWestA509.123,gasoline_euro4,0.9,80768.089014,1755412.041288,408.44691,38.128901,765.487087,559921.718121,0.0
WestA509ToAvebury.80,1443.0,773_0,0.0,0.0,3.0,1921.0,213_0,19.13,14.19,478.0,2286.74,272.0,7,0.0,316.67,0,tripinfo_WestA509ToAvebury.80 emissions_WestA509ToAvebury.80,electric,1.03,0.0,0.0,0.0,0.0,0.0,0.0,0.0
V6ToEastH6.148,1776.0,468_1,0.0,0.0,0.0,1921.0,522_0,56.88,10.49,145.0,1512.23,0.0,0,0.0,12.11,0,tripinfo_V6ToEastH6.148 emissions_V6ToEastH6.148,electric,0.82,0.0,0.0,0.0,0.0,0.0,0.0,0.0
EastAveburyToWestA509.127,1279.0,483_0,0.0,0.0,0.0,1922.0,774_0,29.75,12.24,643.0,2264.21,352.0,13,0.0,470.31,0,tripinfo_EastAveburyToWestA509.127 emissions_EastAveburyToWestA509.127,gasoline_euro4,0.96,76828.830564,1731039.468103,390.079125,37.770881,755.677958,552145.646558,0.0
EastAveburyToWestA509.161,1568.0,483_1,0.0,0.0,0.0,1923.0,774_1,29.75,13.22,355.0,2219.98,143.0,6,0.0,194.22,0,tripinfo_EastAveburyToWestA509.161 emissions_EastAveburyToWestA509.161,electric,1.0,0.0,0.0,0.0,0.0,0.0,0.0,0.0
V6ToEastH6.149,1788.0,468_1,0.0,0.0,0.0,1924.0,522_1,56.88,11.74,136.0,1512.23,0.0,0,0.0,12.8,0,tripinfo_V6ToEastH6.149 emissions_V6ToEastH6.149,electric,0.89,0.0,0.0,0.0,0.0,0.0,0.0,0.0
WestA509ToEastH6.45,1620.0,773_0,0.0,0.0,0.0,1925.0,522_0,56.88,13.53,305.0,2754.92,60.0,3,0.0,103.83,0,tripinfo_WestA509ToEastH6.45 emissions_WestA509ToEastH6.45,gasoline_euro4,0.99,18516.547003,817790.934088,102.672719,14.020887,327.911599,260842.176219,0.0
SouthEvansGateToSilbury.94,1692.0,526_0,0.0,0.0,0.0,1928.0,215_1,19.43,13.35,236.0,1477.52,104.0,2,0.0,134.23,0,tripinfo_SouthEvansGateToSilbury.94 emissions_SouthEvansGateToSilbury.94,electric,1.05,0.0,0.0,0.0,0.0,0.0,0.0,0.0
WestH6ToSaxonSt.134,1608.0,524_0,0.0,0.0,0.0,1929.0,771_0,56.88,15.31,321.0,2603.31,107.0,4,0.0,150.56,0,tripinfo_WestH6ToSaxonSt.134 emissions_WestH6ToSaxonSt.134,electric,1.1,0.0,0.0,0.0,0.0,0.0,0.0,0.0
SouthEvansGateToSilbury.95,1710.0,526_0,0.0,0.0,0.0,1930.0,215_1,19.43,13.09,220.0,1477.62,77.0,3,0.0,111.42,0,tripinfo_SouthEvansGateToSilbury.95 emissions_SouthEvansGateToSilbury.95,gasoline_euro4,0.98,19749.979374,635899.569129,104.474439,12.508448,267.318192,202827.650566,0.0
EastAveburyToWestA509.154,1509.0,483_0,0.0,0.0,0.0,1931.0,774_0,29.75,12.82,422.0,2258.77,185.0,9,0.0,246.63,0,tripinfo_EastAveburyToWestA509.154 emissions_EastAveburyToWestA509.154,gasoline_euro4,0.94,41842.493114,1140908.218419,216.544967,22.959455,484.325144,363909.509383,0.0
WestH6ToSaxonSt.135,1620.0,524_0,0.0,0.0,0.0,1932.0,771_0,56.88,13.03,312.0,2608.48,83.0,3,0.0,119.99,0,tripinfo_WestH6ToSaxonSt.135 emissions_WestH6ToSaxonSt.135,electric,0.99,0.0,0.0,0.0,0.0,0.0,0.0,0.0
SouthEvansGateToSilbury.97,1746.0,526_0,0.0,0.0,0.0,1933.0,215_1,19.43,12.95,187.0,1477.59,52.0,1,0.0,73.35,0,tripinfo_SouthEvansGateToSilbury.97 emissions_SouthEvansGateToSilbury.97,gasoline_euro4,0.94,13774.258518,525629.29191,74.5483,9.554838,215.398768,167654.952591,0.0
V6ToEastH6.150,1800.0,468_1,0.0,0.0,0.0,1933.0,522_1,56.88,12.65,133.0,1512.23,0.0,0,0.0,13.76,0,tripinfo_V6ToEastH6.150 emissions_V6ToEastH6.150,electric,0.92,0.0,0.0,0.0,0.0,0.0,0.0,0.0
WestH6ToSaxonSt.140,1680.0,524_0,0.0,0.0,0.0,1934.0,771_0,56.88,15.95,254.0,2600.53,48.0,3,0.0,92.97,0,tripinfo_WestH6ToSaxonSt.140 emissions_WestH6ToSaxonSt.140,electric,1.17,0.0,0.0,0.0,0.0,0.0,0.0,0.0
EastAveburyToWestA509.130,1305.0,483_1,0.0,0.0,0.0,1936.0,774_0,29.75,14.01,631.0,2325.48,390.0,14,0.0,467.17,0,tripinfo_EastAveburyToWestA509.130 emissions_EastAveburyToWestA509.130,gasoline_euro4,1.06,78602.124905,1807068.090722,399.840677,39.764945,789.603153,576394.9743,0.0
EastA509ToH6.86,1548.0,770_0,0.0,0.0,0.0,1946.0,522_0,56.88,13.87,398.0,1483.69,246.0,6,0.0,294.09,0,tripinfo_EastA509ToH6.86 emissions_EastA509ToH6.86,electric,1.04,0.0,0.0,0.0,0.0,0.0,0.0,0.0
V6ToEastH6.151,1812.0,468_1,0.0,0.0,0.0,1946.0,522_1,56.88,11.87,134.0,1512.23,0.0,0,0.0,12.46,0,tripinfo_V6ToEastH6.151 emissions_V6ToEastH6.151,gasoline_euro4,0.9,3777.685334,344340.269325,24.806132,4.784385,130.576838,109829.363511,0.0
EastSilburyToEastAvebury.77,1632.0,317_0,0.0,0.0,0.0,1949.0,213_1,19.13,15.63,317.0,2473.21,92.0,4,0.0,163.18,0,tripinfo_EastSilburyToEastAvebury.77 emissions_EastSilburyToEastAvebury.77,gasoline_euro4,1.18,25773.552303,935749.405231,138.660021,18.157624,390.609021,298466.500185,0.0
EastSilburyToEastAvebury.75,1600.0,317_0,0.0,0.0,0.0,1950.0,213_0,19.13,12.06,350.0,2473.15,117.0,4,0.0,159.09,0,tripinfo_EastSilburyToEastAvebury.75 emissions_EastSilburyToEastAvebury.75,gasoline_euro4,0.95,28374.538161,950345.783009,150.834136,17.690784,392.539403,303124.45375,0.0
WestA509ToAvebury.92,1656.0,773_0,0.0,0.0,0.0,1953.0,213_1,19.13,12.78,297.0,2337.28,80.0,2,0.0,118.71,0,tripinfo_WestA509ToAvebury.92 emissions_WestA509ToAvebury.92,gasoline_euro4,0.96,20468.968331,785200.743601,110.840873,13.66588,317.36414,250448.646259,0.0
WestA509ToAvebury.93,1674.0,773_0,0.0,0.0,0.0,1953.0,213_0,19.13,11.68,279.0,2337.3,53.0,2,0.0,93.02,0,tripinfo_WestA509ToAvebury.93 emissions_WestA509ToAvebury.93,gasoline_euro4,0.92,16743.200887,705063.382916,92.267094,12.010649,284.125895,224887.151591,0.0
V6ToEastH6.152,1824.0,468_1,0.0,0.0,0.0,1956.0,522_1,56.88,11.62,132.0,1512.23,0.0,0,0.0,13.3,0,tripinfo_V6ToEastH6.152 emissions_V6ToEastH6.152,gasoline_euro4,0.92,4040.254471,356073.491262,26.347857,5.183324,136.817792,113571.527753,0.0
WestA509ToAvebury.91,1638.0,773_0,0.0,0.0,0.0,1957.0,213_0,19.13,9.82,319.0,2337.25,73.0,2,0.0,102.81,0,tripinfo_WestA509ToAvebury.91 emissions_WestA509ToAvebury.91,gasoline_euro4,0.79,20315.110428,751264.286823,109.741604,12.489948,302.63068,239625.211519,0.0
V6ToEastH6.153,1836.0,468_1,0.0,0.0,0.0,1958.0,522_1,56.88,13.36,122.0,1512.23,0.0,0,0.0,16.16,0,tripinfo_V6ToEastH6.153 emissions_V6ToEastH6.153,electric,1.04,0.0,0.0,0.0,0.0,0.0,0.0,0.0
EastA509ToH6.85,1530.0,770_0,0.0,0.0,0.0,1963.0,522_0,56.88,11.18,433.0,1483.75,258.0,7,0.0,311.66,0,tripinfo_EastA509ToH6.85 emissions_EastA509ToH6.85,electric,0.88,0.0,0.0,0.0,0.0,0.0,0.0,0.0
EastA509ToH6.87,1566.0,770_0,0.0,0.0,0.0,1963.0,522_1,56.88,12.35,397.0,1483.8,221.0,7,0.0,284.65,0,tripinfo_EastA509ToH6.87 emissions_EastA509ToH6.87,electric,0.95,0.0,0.0,0.0,0.0,0.0,0.0,0.0
EastA509ToH6.88,1584.0,770_0,0.0,0.0,0.0,1967.0,522_0,56.88,11.64,383.0,1483.8,193.0,7,0.0,259.67,0,tripinfo_EastA509ToH6.88 emissions_EastA509ToH6.88,gasoline_euro4,0.87,43375.67005,1011213.511599,220.989501,21.473241,438.232499,322544.123851,0.0
V6ToEastH6.154,1848.0,468_1,0.0,0.0,0.0,1972.0,522_1,56.88,13.35,124.0,1512.23,0.0,0,0.0,12.29,0,tripinfo_V6ToEastH6.154 emissions_V6ToEastH6.154,electric,0.98,0.0,0.0,0.0,0.0,0.0,0.0,0.0
WestH6ToSaxonSt.107,1284.0,524_0,0.0,0.0,0.0,1980.0,771_1,56.88,13.26,696.0,2767.87,414.0,8,0.0,496.35,0,tripinfo_WestH6ToSaxonSt.107 emissions_WestH6ToSaxonSt.107,gasoline_euro4,1.04,83797.929118,1961090.312223,426.74055,42.499617,852.365956,625522.734662,0.0
WestH6ToSaxonSt.110,1320.0,524_0,0.0,0.0,0.0,1986.0,771_1,56.88,13.69,666.0,2767.87,370.0,9,0.0,461.07,0,tripinfo_WestH6ToSaxonSt.110 emissions_WestH6ToSaxonSt.110,gasoline_euro4,1.0,78384.281679,1883515.909814,400.245182,40.275306,814.983727,600778.372245,0.0
EastAveburyToWestA509.132,1322.0,483_0,0.0,0.0,0.0,1990.0,774_0,29.75,14.82,668.0,2262.7,398.0,17,0.0,523.45,0,tripinfo_EastAveburyToWestA509.132 emissions_EastAveburyToWestA509.132,gasoline_euro4,1.14,84195.049809,1856239.497983,425.880958,41.219837,812.308851,592080.723327,0.0
WestH6ToSaxonSt.115,1380.0,524_0,0.0,0.0,0.0,1991.0,771_1,56.88,12.24,611.0,2574.97,331.0,9,0.0,408.94,0,tripinfo_WestH6ToSaxonSt.115 emissions_WestH6ToSaxonSt.115,gasoline_euro4,0.94,68554.613293,1586344.939158,348.587897,33.382736,682.685705,505993.101046,0.0
WestH6ToSaxonSt.114,1368.0,524_0,0.0,0.0,0.0,1993.0,771_1,56.88,14.92,625.0,2767.88,338.0,9,0.0,437.2,0,tripinfo_WestH6ToSaxonSt.114 emissions_WestH6ToSaxonSt.114,gasoline_euro4,1.1,72559.151885,1792640.683863,371.664906,38.511375,776.316554,571790.73835,0.0
WestH6ToSaxonSt.120,1440.0,524_0,0.0,0.0,0.0,1997.0,771_1,56.88,12.23,557.0,2574.96,275.0,6,0.0,355.01,0,tripinfo_WestH6ToSaxonSt.120 emissions_WestH6ToSaxonSt.120,gasoline_euro4,0.94,59502.091029,1465315.510923,304.48105,30.130312,625.742612,467386.98316,0.0
V6ToEastH6.155,1860.0,468_1,0.0,0.0,0.0,2000.0,522_0,56.88,11.08,140.0,1512.23,0.0,0,0.0,11.69,0,tripinfo_V6ToEastH6.155 emissions_V6ToEastH6.155,gasoline_euro4,0.85,3857.34469,339096.579878,25.288561,4.538607,128.370261,108157.087481,0.0
EastSilburyToEastAvebury.21,736.0,317_0,0.0,0.0,0.0,2010.0,213_0,19.13,13.83,1274.0,680.89,1092.0,20,0.0,1224.86,0,tripinfo_EastSilburyToEastAvebury.21 emissions_EastSilburyToEastAvebury.21,electric,1.03,0.0,0.0,0.0,0.0,0.0,0.0,0.0
SouthEvansGateToSilbury.101,1818.0,526_0,0.0,0.0,0.0,2016.0,215_1,19.43,14.1,198.0,1477.63,63.0,3,0.0,98.27,0,tripinfo_SouthEvansGateToSilbury.101 emissions_SouthEvansGateToSilbury.101,electric,1.07,0.0,0.0,0.0,0.0,0.0,0.0,0.0
SouthEvansGateToSilbury.99,1782.0,526_0,0.0,0.0,0.0,2020.0,215_1,19.43,12.02,238.0,1477.52,94.0,2,0.0,119.6,0,tripinfo_SouthEvansGateToSilbury.99 emissions_SouthEvansGateToSilbury.99,electric,0.91,0.0,0.0,0.0,0.0,0.0,0.0,0.0
SouthEvansGateToSilbury.100,1800.0,526_0,0.0,0.0,0.0,2021.0,215_1,19.43,12.41,221.0,1477.55,69.0,3,0.0,109.98,0,tripinfo_SouthEvansGateToSilbury.100 emissions_SouthEvansGateToSilbury.100,electric,0.96,0.0,0.0,0.0,0.0,0.0,0.0,0.0
V6ToEastH6.156,1872.0,468_1,0.0,0.0,0.0,2021.0,522_0,56.88,10.71,149.0,1512.23,3.0,1,0.0,20.61,0,tripinfo_V6ToEastH6.156 emissions_V6ToEastH6.156,gasoline_euro4,0.85,4835.637356,356742.884685,30.057639,4.812134,135.221286,113785.959881,0.0
SouthEvansGateToSilbury.98,1764.0,526_0,0.0,0.0,0.0,2023.0,215_1,19.43,13.6,259.0,1477.59,112.0,3,0.0,152.66,0,tripinfo_SouthEvansGateToSilbury.98 emissions_SouthEvansGateToSilbury.98,gasoline_euro4,1.01,25830.365697,753026.38064,134.845285,15.24606,320.08304,240187.626126,0.0
EastAveburyToWestA509.170,1645.0,483_1,0.0,0.0,0.0,2024.0,774_0,29.75,10.44,379.0,2311.97,103.0,5,0.0,149.75,0,tripinfo_EastAveburyToWestA509.170 emissions_EastAveburyToWestA509.170,electric,0.76,0.0,0.0,0.0,0.0,0.0,0.0,0.0
V6ToEastH6.157,1884.0,468_1,0.0,0.0,0.0,2024.0,522_1,56.88,12.5,140.0,1512.23,0.0,0,0.0,25.79,0,tripinfo_V6ToEastH6.157 emissions_V6ToEastH6.157,gasoline_euro4,0.96,4961.872758,379049.062262,30.991396,5.79533,147.854235,120899.756731,0.0
SouthEvansGateToSilbury.104,1872.0,526_0,0.0,0.0,0.0,2025.0,215_1,19.43,13.73,153.0,1477.59,37.0,1,0.0,53.64,0,tripinfo_SouthEvansGateToSilbury.104 emissions_SouthEvansGateToSilbury.104,electric,1.08,0.0,0.0,0.0,0.0,0.0,0.0,0.0
EastAveburyToWestA509.179,1721.0,483_1,0.0,0.0,0.0,2027.0,774_1,29.75,11.93,306.0,2311.97,42.0,4,0.0,119.23,0,tripinfo_EastAveburyToWestA509.179 emissions_EastAveburyToWestA509.179,electric,0.92,0.0,0.0,0.0,0.0,0.0,0.0,0.0
EastAveburyToWestA509.173,1670.0,483_1,0.0,0.0,0.0,2028.0,774_0,29.75,9.74,358.0,2307.67,82.0,5,0.0,137.6,0,tripinfo_EastAveburyToWestA509.173 emissions_EastAveburyToWestA509.173,electric,0.79,0.0,0.0,0.0,0.0,0.0,0.0,0.0
EastAveburyToWestA509.96,1016.0,483_1,0.0,0.0,0.0,2029.0,774_0,29.75,12.69,1013.0,2328.54,710.0,15,0.0,842.57,0,tripinfo_EastAveburyToWestA509.96 emissions_EastAveburyToWestA509.96,gasoline_euro4,1.02,137017.218838,2732534.838006,687.415913,62.73719,1214.106224,871596.633784,0.0
WestH6ToSaxonSt.142,1704.0,524_0,0.0,0.0,0.0,2032.0,771_0,56.88,12.4,328.0,2609.14,77.0,3,0.0,117.35,0,tripinfo_WestH6ToSaxonSt.142 emissions_WestH6ToSaxonSt.142,electric,0.91,0.0,0.0,0.0,0.0,0.0,0.0,0.0
V6ToEastH6.158,1896.0,468_1,0.0,0.0,0.0,2032.0,522_1,56.88,12.19,136.0,1512.23,0.0,0,0.0,18.03,0,tripinfo_V6ToEastH6.158 emissions_V6ToEastH6.158,gasoline_euro4,0.93,4451.703865,363166.729428,28.314242,5.438028,140.700903,115833.968019,0.0
EastA509ToH6.91,1638.0,770_0,0.0,0.0,0.0,2034.0,522_0,56.88,13.95,396.0,1483.64,229.0,9,0.0,289.72,0,tripinfo_EastA509ToH6.91 emissions_EastA509ToH6.91,electric,1.01,0.0,0.0,0.0,0.0,0.0,0.0,0.0
V6ToEastH6.159,1908.0,468_1,0.0,0.0,0.0,2034.0,522_1,56.88,16.9,126.0,1512.23,0.0,0,0.0,38.35,0,tripinfo_V6ToEastH6.159 emissions_V6ToEastH6.159,gasoline_euro4,1.26,6614.567084,461954.605109,40.700268,8.429086,188.279173,147341.759418,0.0
WestH6ToSaxonSt.139,1668.0,524_0,0.0,0.0,0.0,2035.0,771_0,56.88,11.4,367.0,2613.57,104.0,3,0.0,141.49,0,tripinfo_WestH6ToSaxonSt.139 emissions_WestH6ToSaxonSt.139,electric,0.84,0.0,0.0,0.0,0.0,0.0,0.0,0.0
EastAveburyToWestA509.109,1126.0,483_1,0.0,0.0,0.0,2037.0,774_0,29.75,10.65,911.0,2325.7,575.0,14,0.0,704.86,0,tripinfo_EastAveburyToWestA509.109 emissions_EastAveburyToWestA509.109,gasoline_euro4,0.83,114953.000492,2336602.581981,577.993101,52.188285,1030.243265,745306.360756,0.0
WestH6ToSaxonSt.138,1656.0,524_0,0.0,0.0,0.0,2037.0,771_0,56.88,11.75,381.0,2602.68,134.0,3,0.0,174.22,0,tripinfo_WestH6ToSaxonSt.138 emissions_WestH6ToSaxonSt.138,electric,0.91,0.0,0.0,0.0,0.0,0.0,0.0,0.0
EastSilburyToEastAvebury.80,1680.0,317_0,0.0,0.0,0.0,2037.0,213_0,19.13,15.61,357.0,2473.17,158.0,5,0.0,202.31,0,tripinfo_EastSilburyToEastAvebury.80 emissions_EastSilburyToEastAvebury.80,gasoline_euro4,1.17,35794.551016,1113728.690809,188.468175,22.510409,468.7376,355237.095121,0.0
EastSilburyToEastAvebury.81,1696.0,317_0,0.0,0.0,0.0,2038.0,213_1,19.13,13.76,342.0,2473.19,125.0,6,0.0,171.5,0,tripinfo_EastSilburyToEastAvebury.81 emissions_EastSilburyToEastAvebury.81,gasoline_euro4,1.07,30074.306955,1002468.81962,159.219749,19.117255,414.402287,319749.30573,0.0
SouthEvansGateToSilbury.96,1728.0,526_0,0.0,0.0,0.0,2038.0,215_1,19.43,13.82,310.0,1471.73,174.0,4,0.0,208.19,0,tripinfo_SouthEvansGateToSilbury.96 emissions_SouthEvansGateToSilbury.96,gasoline_euro4,1.05,35498.983517,896459.973473,182.423232,19.063205,386.661762,285939.676932,0.0
WestH6ToSaxonSt.143,1716.0,524_0,0.0,0.0,0.0,2039.0,771_0,56.88,15.16,323.0,2603.34,89.0,3,0.0,158.09,0,tripinfo_WestH6ToSaxonSt.143 emissions_WestH6ToSaxonSt.143,electric,1.14,0.0,0.0,0.0,0.0,0.0,0.0,0.0
EastA509ToH6.92,1656.0,770_0,0.0,0.0,0.0,2040.0,522_0,56.88,15.04,384.0,1483.69,214.0,10,0.0,286.15,0,tripinfo_EastA509ToH6.92 emissions_EastA509ToH6.92,gasoline_euro4,1.1,46315.812852,1099336.759195,236.246468,23.969276,478.97927,350651.316472,0.0
WestA509ToAvebury.95,1710.0,773_0,0.0,0.0,0.0,2040.0,213_0,19.13,12.92,330.0,2337.25,122.0,3,0.0,153.61,0,tripinfo_WestA509ToAvebury.95 emissions_WestA509ToAvebury.95,gasoline_euro4,0.96,27209.329614,892109.470361,143.820034,16.50364,366.814744,284549.76188,0.0
EastSilburyToEastAvebury.83,1728.0,317_0,0.0,0.0,0.0,2040.0,213_1,19.13,14.13,312.0,2473.19,85.0,5,0.0,138.48,0,tripinfo_EastSilburyToEastAvebury.83 emissions_EastSilburyToEastAvebury.83,gasoline_euro4,1.05,24310.45063,903137.895661,130.936166,16.775575,370.541466,288065.303023,0.0
WestA509ToAvebury.96,1731.0,773_0,0.0,0.0,3.0,2042.0,213_0,19.13,13.21,311.0,2337.25,100.0,3,0.0,136.29,0,tripinfo_WestA509ToAvebury.96 emissions_WestA509ToAvebury.96,gasoline_euro4,0.97,23851.352807,823549.581592,126.969999,15.026407,337.400015,262681.11979,0.0
EastA509ToH6.89,1602.0,770_0,0.0,0.0,0.0,2043.0,522_0,56.88,13.67,441.0,1483.8,268.0,9,0.0,339.55,0,tripinfo_EastA509ToH6.89 emissions_EastA509ToH6.89,gasoline_euro4,1.06,55450.933673,1242258.730856,281.346074,27.620862,545.260275,396239.987451,0.0
WestA509ToAvebury.99,1782.0,773_0,0.0,0.0,0.0,2044.0,213_0,19.13,12.42,262.0,2336.4,47.0,2,0.0,86.81,0,tripinfo_WestA509ToAvebury.99 emissions_WestA509ToAvebury.99,gasoline_euro4,0.97,15672.83174,702682.647626,86.85738,11.86419,280.94352,224127.298,0.0
EastA509ToH6.94,1692.0,770_0,0.0,0.0,0.0,2045.0,522_0,56.88,13.04,353.0,1483.69,195.0,5,0.0,247.33,0,tripinfo_EastA509ToH6.94 emissions_EastA509ToH6.94,gasoline_euro4,1.01,41252.472049,994435.083463,210.666334,21.314134,430.81916,317191.260134,0.0
EastA509ToH6.95,1710.0,770_0,0.0,0.0,0.0,2046.0,522_1,56.88,14.23,336.0,1483.69,178.0,5,0.0,234.81,0,tripinfo_EastA509ToH6.95 emissions_EastA509ToH6.95,gasoline_euro4,1.06,38273.70713,960197.900481,196.426598,20.538883,415.408965,306269.825688,0.0
EastSilburyToEastAvebury.82,1712.0,317_0,0.0,0.0,0.0,2046.0,213_0,19.13,15.81,334.0,1590.82,196.0,5,0.0,242.54,0,tripinfo_EastSilburyToEastAvebury.82 emissions_EastSilburyToEastAvebury.82,electric,1.27,0.0,0.0,0.0,0.0,0.0,0.0,0.0
EastSilburyToEastAvebury.84,1744.0,317_0,0.0,0.0,0.0,2050.0,213_0,19.13,11.07,306.0,1590.8,121.0,5,0.0,162.53,0,tripinfo_EastSilburyToEastAvebury.84 emissions_EastSilburyToEastAvebury.84,electric,0.81,0.0,0.0,0.0,0.0,0.0,0.0,0.0
V6ToEastH6.161,1932.0,468_1,0.0,0.0,0.0,2051.0,522_1,56.88,13.75,119.0,1512.23,0.0,0,0.0,13.46,0,tripinfo_V6ToEastH6.161 emissions_V6ToEastH6.161,electric,1.03,0.0,0.0,0.0,0.0,0.0,0.0,0.0
WestA509ToAvebury.97,1746.0,773_0,0.0,0.0,0.0,2052.0,213_0,19.13,13.75,306.0,2337.3,92.0,4,0.0,139.58,0,tripinfo_WestA509ToAvebury.97 emissions_WestA509ToAvebury.97,gasoline_euro4,1.02,24623.969921,861471.864986,131.463136,16.265436,356.051581,274776.05459,0.0
EastA509ToH6.96,1728.0,770_0,0.0,0.0,0.0,2055.0,522_0,56.88,14.46,327.0,1483.69,160.0,6,0.0,225.59,0,tripinfo_EastA509ToH6.96 emissions_EastA509ToH6.96,gasoline_euro4,1.06,36770.560094,937944.171199,188.963032,20.018934,405.817693,299171.276319,0.0
EastA509ToH6.97,1746.0,770_0,0.0,0.0,0.0,2058.0,522_0,56.88,13.18,312.0,1483.69,142.0,5,0.0,202.36,0,tripinfo_EastA509ToH6.97 emissions_EastA509ToH6.97,gasoline_euro4,0.97,33296.963111,859566.364975,171.357356,17.888864,368.944588,274171.80413,0.0
V6ToEastH6.162,1944.0,468_1,0.0,0.0,0.0,2062.0,522_1,56.88,14.34,118.0,1512.23,0.0,0,0.0,17.45,0,tripinfo_V6ToEastH6.162 emissions_V6ToEastH6.162,electric,1.09,0.0,0.0,0.0,0.0,0.0,0.0,0.0
EastA509ToH6.93,1674.0,770_0,0.0,0.0,0.0,2068.0,522_0,56.88,12.76,394.0,1483.8,199.0,5,0.0,282.97,0,tripinfo_EastA509ToH6.93 emissions_EastA509ToH6.93,gasoline_euro4,0.96,45867.668602,1093016.729026,234.014919,23.349184,473.667059,348635.884819,0.0
WestH6ToSaxonSt.119,1428.0,524_0,0.0,0.0,0.0,2075.0,771_1,56.88,14.53,647.0,2767.88,352.0,8,0.0,456.84,0,tripinfo_WestH6ToSaxonSt.119 emissions_WestH6ToSaxonSt.119,gasoline_euro4,1.09,75436.129578,1834623.288015,385.842256,39.721763,796.969705,585182.119349,0.0
WestH6ToSaxonSt.124,1488.0,524_0,0.0,0.0,0.0,2077.0,771_1,56.88,15.18,589.0,2574.97,338.0,9,0.0,422.16,0,tripinfo_WestH6ToSaxonSt.124 emissions_WestH6ToSaxonSt.124,gasoline_euro4,1.13,70023.02023,1681604.4688,356.997119,36.217865,725.92221,536375.206168,0.0
V6ToEastH6.160,1920.0,468_1,0.0,0.0,0.0,2079.0,522_0,56.88,10.21,159.0,1512.23,0.0,0,0.0,16.88,0,tripinfo_V6ToEastH6.160 emissions_V6ToEastH6.160,electric,0.77,0.0,0.0,0.0,0.0,0.0,0.0,0.0
V6ToEastH6.164,1968.0,468_1,0.0,0.0,0.0,2084.0,522_1,56.88,14.62,116.0,1512.23,0.0,0,0.0,15.74,0,tripinfo_V6ToEastH6.164 emissions_V6ToEastH6.164,electric,1.09,0.0,0.0,0.0,0.0,0.0,0.0,0.0
EastSilburyToEastAvebury.23,768.0,317_0,0.0,0.0,0.0,2085.0,213_0,19.13,15.36,1317.0,680.89,1121.0,23,0.0,1271.37,0,tripinfo_EastSilburyToEastAvebury.23 emissions_EastSilburyToEastAvebury.23,gasoline_euro4,1.11,205894.144606,3493557.01422,1019.501287,85.824249,1591.112772,1114352.926905,0.0
EastAveburyToWestA509.167,1619.0,483_0,0.0,0.0,0.0,2086.0,774_0,29.75,13.31,467.0,2254.7,245.0,5,0.0,300.28,0,tripinfo_EastAveburyToWestA509.167 emissions_EastAveburyToWestA509.167,gasoline_euro4,0.99,51413.357342,1320190.013482,264.51325,27.794719,568.692067,421094.55881,0.0
WestA509ToEastH6.48,1728.0,773_0,0.0,0.0,0.0,2093.0,522_0,56.88,12.94,365.0,2754.97,123.0,4,0.0,167.37,0,tripinfo_WestA509ToEastH6.48 emissions_WestA509ToEastH6.48,gasoline_euro4,1.01,29405.478205,1006746.105119,156.083395,18.601854,412.683285,321113.773725,0.0
V6ToEastH6.163,1956.0,468_1,0.0,0.0,0.0,2093.0,522_1,56.88,12.11,137.0,1512.23,0.0,0,0.0,11.94,0,tripinfo_V6ToEastH6.163 emissions_V6ToEastH6.163,electric,0.87,0.0,0.0,0.0,0.0,0.0,0.0,0.0
EastSilburyToEastAvebury.16,656.0,317_0,0.0,0.0,0.0,2094.0,213_0,19.13,12.35,1438.0,1576.66,1147.0,23,0.0,1309.86,0,tripinfo_EastSilburyToEastAvebury.16 emissions_EastSilburyToEastAvebury.16,electric,0.9,0.0,0.0,0.0,0.0,0.0,0.0,0.0
WestA509ToAvebury.36,648.0,773_0,0.0,0.0,0.0,2096.0,213_0,19.13,12.72,1448.0,2288.57,1122.0,22,0.0,1280.19,0,tripinfo_WestA509ToAvebury.36 emissions_WestA509ToAvebury.36,electric,0.99,0.0,0.0,0.0,0.0,0.0,0.0,0.0
EastAveburyToWestA509.140,1390.0,483_0,0.0,0.0,0.0,2096.0,774_1,29.75,12.62,706.0,2257.78,407.0,15,0.0,538.89,0,tripinfo_EastAveburyToWestA509.140 emissions_EastAveburyToWestA509.140,gasoline_euro4,0.99,86667.671826,1871663.426808,438.042758,41.43991,820.877684,597001.729078,0.0
EastAveburyToWestA509.166,1611.0,483_0,0.0,0.0,0.0,2096.0,774_0,29.75,11.54,485.0,2258.79,238.0,8,0.0,296.16,0,tripinfo_EastAveburyToWestA509.166 emissions_EastAveburyToWestA509.166,gasoline_euro4,0.88,50773.814783,1275548.670417,260.650117,26.258606,546.637962,406856.897814,0.0
EastAveburyToWestA509.135,1347.0,483_1,0.0,0.0,0.0,2098.0,774_0,29.75,11.64,751.0,2241.73,451.0,15,0.0,570.33,0,tripinfo_EastAveburyToWestA509.135 emissions_EastAveburyToWestA509.135,electric,0.92,0.0,0.0,0.0,0.0,0.0,0.0,0.0
V6ToEastH6.165,1980.0,468_1,0.0,0.0,0.0,2100.0,522_1,56.88,13.23,120.0,1512.23,0.0,0,0.0,12.39,0,tripinfo_V6ToEastH6.165 emissions_V6ToEastH6.165,gasoline_euro4,1.02,3562.643953,356249.200248,23.730751,5.158375,134.841068,113627.334425,0.0
SouthEvansGateToSilbury.106,1908.0,526_0,0.0,0.0,0.0,2104.0,215_1,19.43,13.17,196.0,1477.6,66.0,1,0.0,92.38,0,tripinfo_SouthEvansGateToSilbury.106 emissions_SouthEvansGateToSilbury.106,electric,1.03,0.0,0.0,0.0,0.0,0.0,0.0,0.0
EastAveburyToWestA509.180,1730.0,483_1,0.0,0.0,0.0,2107.0,774_2,29.75,13.83,377.0,2215.02,157.0,8,0.0,227.98,0,tripinfo_EastAveburyToWestA509.180 emissions_EastAveburyToWestA509.180,electric,1.08,0.0,0.0,0.0,0.0,0.0,0.0,0.0
SouthEvansGateToSilbury.105,1890.0,526_0,0.0,0.0,0.0,2107.0,215_1,19.43,12.9,217.0,1477.52,75.0,2,0.0,106.43,0,tripinfo_SouthEvansGateToSilbury.105 emissions_SouthEvansGateToSilbury.105,electric,0.97,0.0,0.0,0.0,0.0,0.0,0.0,0.0
V6ToEastH6.166,1992.0,468_1,0.0,0.0,0.0,2112.0,522_1,56.88,13.4,120.0,1512.23,1.0,1,0.0,16.25,0,tripinfo_V6ToEastH6.166 emissions_V6ToEastH6.166,gasoline_euro4,1.05,4453.89624,376376.182303,28.291023,5.951939,145.806831,120046.775897,0.0
EastAveburyToWestA509.171,1653.0,483_1,0.0,0.0,0.0,2113.0,774_1,29.75,12.71,460.0,2218.4,233.0,9,0.0,293.95,0,tripinfo_EastAveburyToWestA509.171 emissions_EastAveburyToWestA509.171,electric,0.97,0.0,0.0,0.0,0.0,0.0,0.0,0.0
EastAveburyToWestA509.158,1543.0,483_1,0.0,0.0,0.0,2117.0,774_0,29.75,13.8,574.0,2325.5,316.0,14,0.0,400.01,0,tripinfo_EastAveburyToWestA509.158 emissions_EastAveburyToWestA509.158,gasoline_euro4,1.0,66379.012918,1603437.084316,339.188022,34.254228,694.915949,511442.34971,0.0
WestH6ToSaxonSt.145,1740.0,524_0,0.0,0.0,0.0,2118.0,771_0,56.88,11.84,378.0,2613.57,140.0,4,0.0,175.39,0,tripinfo_WestH6ToSaxonSt.145 emissions_WestH6ToSaxonSt.145,electric,0.94,0.0,0.0,0.0,0.0,0.0,0.0,0.0
EastAveburyToWestA509.108,1118.0,483_1,0.0,0.0,0.0,2119.0,774_0,29.75,13.32,1001.0,2328.54,663.0,18,0.0,826.66,0,tripinfo_EastAveburyToWestA509.108 emissions_EastAveburyToWestA509.108,gasoline_euro4,0.99,132295.86046,2649439.782354,664.23146,60.689105,1177.178236,845091.599462,0.0
WestH6ToSaxonSt.148,1776.0,524_0,0.0,0.0,0.0,2120.0,771_0,56.88,12.15,344.0,2600.53,101.0,4,0.0,145.79,0,tripinfo_WestH6ToSaxonSt.148 emissions_WestH6ToSaxonSt.148,electric,0.95,0.0,0.0,0.0,0.0,0.0,0.0,0.0
EastAveburyToWestA509.118,1203.0,483_1,0.0,0.0,0.0,2123.0,774_0,29.75,12.3,920.0,2328.54,596.0,19,0.0,736.91,0,tripinfo_EastAveburyToWestA509.118 emissions_EastAveburyToWestA509.118,gasoline_euro4,0.95,119674.287593,2422744.385045,601.282752,54.922834,1072.392457,772782.423406,0.0
WestH6ToSaxonSt.150,1800.0,524_0,0.0,0.0,0.0,2124.0,771_0,56.88,11.45,324.0,2601.42,76.0,2,0.0,110.11,0,tripinfo_WestH6ToSaxonSt.150 emissions_WestH6ToSaxonSt.150,electric,0.88,0.0,0.0,0.0,0.0,0.0,0.0,0.0
EastAveburyToWestA509.128,1288.0,483_1,0.0,0.0,0.0,2125.0,774_0,29.75,12.77,837.0,2328.54,507.0,24,0.0,658.38,0,tripinfo_EastAveburyToWestA509.128 emissions_EastAveburyToWestA509.128,gasoline_euro4,0.97,106818.543536,2232536.18233,538.200572,50.298553,985.973786,712109.887557,0.0
EastSilburyToEastAvebury.85,1760.0,317_0,0.0,0.0,0.0,2126.0,213_0,19.13,13.94,366.0,1590.88,189.0,5,0.0,254.35,0,tripinfo_EastSilburyToEastAvebury.85 emissions_EastSilburyToEastAvebury.85,electric,1.04,0.0,0.0,0.0,0.0,0.0,0.0,0.0
WestA509ToAvebury.98,1764.0,773_0,0.0,0.0,0.0,2126.0,213_1,19.13,13.73,362.0,2336.46,142.0,7,0.0,202.0,0,tripinfo_WestA509ToAvebury.98 emissions_WestA509ToAvebury.98,gasoline_euro4,1.06,34257.85682,1031886.161793,179.624763,20.792246,436.432625,329133.093664,0.0
EastSilburyToEastAvebury.89,1824.0,317_0,0.0,0.0,0.0,2127.0,213_1,19.13,14.7,303.0,2473.19,81.0,6,0.0,139.53,0,tripinfo_EastSilburyToEastAvebury.89 emissions_EastSilburyToEastAvebury.89,gasoline_euro4,1.11,23897.931405,903664.701691,129.319309,17.518233,376.732013,288232.15032,0.0
SouthEvansGateToSilbury.102,1836.0,526_0,0.0,0.0,0.0,2127.0,215_1,19.43,12.49,291.0,1471.73,142.0,4,0.0,173.85,0,tripinfo_SouthEvansGateToSilbury.102 emissions_SouthEvansGateToSilbury.102,gasoline_euro4,0.91,30173.974111,792639.39991,155.573349,15.996603,336.563087,252824.723572,0.0
EastSilburyToEastAvebury.87,1792.0,317_0,0.0,0.0,0.0,2128.0,213_0,19.13,12.95,336.0,2473.16,105.0,6,0.0,149.95,0,tripinfo_EastSilburyToEastAvebury.87 emissions_EastSilburyToEastAvebury.87,gasoline_euro4,0.97,26490.014503,916488.898568,141.234894,16.973535,377.379444,292324.916182,0.0
SouthEvansGateToSilbury.103,1854.0,526_0,0.0,0.0,0.0,2129.0,215_1,19.43,15.21,275.0,1471.73,131.0,4,0.0,184.13,0,tripinfo_SouthEvansGateToSilbury.103 emissions_SouthEvansGateToSilbury.103,gasoline_euro4,1.17,29727.361113,828978.974341,154.485461,17.280373,355.202242,264413.976002,0.0
WestA509ToAvebury.100,1802.0,773_0,0.0,0.0,2.0,2130.0,213_1,19.13,13.55,328.0,2336.43,111.0,3,0.0,157.39,0,tripinfo_WestA509ToAvebury.100 emissions_WestA509ToAvebury.100,gasoline_euro4,1.0,27223.161032,895157.437341,144.297579,17.249085,373.602843,285521.047813,0.0
WestA509ToAvebury.104,1872.0,773_0,0.0,0.0,0.0,2130.0,213_0,19.13,14.34,258.0,2336.45,47.0,2,0.0,105.14,0,tripinfo_WestA509ToAvebury.104 emissions_WestA509ToAvebury.104,gasoline_euro4,1.11,16814.033617,758896.199446,93.459966,13.531643,307.874939,242056.184438,0.0
EastSilburyToEastAvebury.90,1840.0,317_0,0.0,0.0,0.0,2132.0,213_0,19.13,13.84,292.0,2473.2,48.0,2,0.0,114.85,0,tripinfo_EastSilburyToEastAvebury.90 emissions_EastSilburyToEastAvebury.90,gasoline_euro4,1.03,19163.576651,828277.504694,106.124307,15.173229,340.904902,264185.942776,0.0
WestA509ToAvebury.102,1839.0,773_0,0.0,0.0,3.0,2137.0,213_0,19.13,9.98,298.0,2337.25,51.0,2,0.0,83.59,0,tripinfo_WestA509ToAvebury.102 emissions_WestA509ToAvebury.102,gasoline_euro4,0.79,16370.287131,671108.860225,89.916551,10.754429,267.559271,214057.975931,0.0
V6ToEastH6.167,2004.0,468_1,0.0,0.0,0.0,2137.0,522_1,56.88,13.04,133.0,1512.23,3.0,1,0.0,18.77,0,tripinfo_V6ToEastH6.167 emissions_V6ToEastH6.167,electric,0.96,0.0,0.0,0.0,0.0,0.0,0.0,0.0
EastSilburyToEastAvebury.88,1808.0,317_0,0.0,0.0,0.0,2138.0,213_0,19.13,12.19,330.0,2473.2,81.0,5,0.0,152.55,0,tripinfo_EastSilburyToEastAvebury.88 emissions_EastSilburyToEastAvebury.88,gasoline_euro4,1.02,25067.96965,923512.37993,135.108749,17.464798,384.094428,294563.585939,0.0
V6ToEastH6.168,2016.0,468_1,0.0,0.0,0.0,2143.0,522_1,56.88,13.32,127.0,1512.23,0.0,0,0.0,15.31,0,tripinfo_V6ToEastH6.168 emissions_V6ToEastH6.168,gasoline_euro4,0.98,4371.542966,377476.206165,28.358028,5.898495,147.419316,120397.629055,0.0
V6ToEastH6.169,2028.0,468_1,0.0,0.0,0.0,2151.0,522_1,56.88,13.83,123.0,1512.23,0.0,0,0.0,18.41,0,tripinfo_V6ToEastH6.169 emissions_V6ToEastH6.169,electric,1.05,0.0,0.0,0.0,0.0,0.0,0.0,0.0
WestH6ToSaxonSt.123,1476.0,524_0,0.0,0.0,0.0,2167.0,771_1,56.88,14.42,691.0,2767.87,397.0,12,0.0,492.3,0,tripinfo_WestH6ToSaxonSt.123 emissions_WestH6ToSaxonSt.123,gasoline_euro4,1.04,82255.386583,1948507.741063,419.455701,42.055681,845.427936,621508.899578,0.0
WestH6ToSaxonSt.131,1572.0,524_0,0.0,0.0,0.0,2169.0,771_1,56.88,15.33,597.0,2574.97,339.0,8,0.0,433.85,0,tripinfo_WestH6ToSaxonSt.131 emissions_WestH6ToSaxonSt.131,gasoline_euro4,1.16,70658.033309,1703240.479917,361.030647,37.048278,739.230187,543275.8004,0.0
V6ToEastH6.170,2040.0,468_1,0.0,0.0,0.0,2171.0,522_1,56.88,11.98,131.0,1512.23,0.0,0,0.0,13.67,0,tripinfo_V6ToEastH6.170 emissions_V6ToEastH6.170,gasoline_euro4,0.94,3868.54697,357044.545188,25.168136,4.988488,135.175772,113881.374386,0.0
V6ToEastH6.171,2052.0,468_1,0.0,0.0,0.0,2172.0,522_1,56.88,14.03,120.0,1512.23,0.0,0,0.0,16.99,0,tripinfo_V6ToEastH6.171 emissions_V6ToEastH6.171,electric,1.06,0.0,0.0,0.0,0.0,0.0,0.0,0.0
EastAveburyToWestA509.149,1466.0,483_0,0.0,0.0,0.0,2176.0,774_0,29.75,13.16,710.0,2262.59,423.0,11,0.0,536.67,0,tripinfo_EastAveburyToWestA509.149 emissions_EastAveburyToWestA509.149,gasoline_euro4,0.95,87272.64797,1876404.893347,441.059829,41.716659,824.555626,598514.154396,0.0
EastAveburyToWestA509.145,1432.0,483_0,0.0,0.0,0.0,2177.0,774_0,29.75,12.8,745.0,2260.94,467.0,14,0.0,581.65,0,tripinfo_EastAveburyToWestA509.145 emissions_EastAveburyToWestA509.145,gasoline_euro4,1.01,94583.265492,1991263.511506,476.527125,44.538241,875.908858,635151.348085,0.0
EastAveburyToWestA509.151,1483.0,483_0,0.0,0.0,0.0,2179.0,774_0,29.75,13.01,696.0,2261.17,397.0,14,0.0,530.7,0,tripinfo_EastAveburyToWestA509.151 emissions_EastAveburyToWestA509.151,gasoline_euro4,1.0,85225.156265,1878085.183834,431.589882,41.554886,824.067355,599048.934601,0.0
EastAveburyToWestA509.176,1696.0,483_1,0.0,0.0,0.0,2179.0,774_1,29.75,15.47,483.0,2238.68,231.0,9,0.0,335.21,0,tripinfo_EastAveburyToWestA509.176 emissions_EastAveburyToWestA509.176,electric,1.12,0.0,0.0,0.0,0.0,0.0,0.0,0.0
EastAveburyToWestA509.146,1441.0,483_0,0.0,0.0,0.0,2181.0,774_0,29.75,14.11,740.0,2261.85,461.0,13,0.0,587.34,0,tripinfo_EastAveburyToWestA509.146 emissions_EastAveburyToWestA509.146,gasoline_euro4,1.08,94232.861331,2016523.070189,475.916976,45.262129,887.804849,643207.250762,0.0
V6ToEastH6.172,2064.0,468_1,0.0,0.0,0.0,2185.0,522_1,56.88,14.74,121.0,1512.23,0.0,0,0.0,18.47,0,tripinfo_V6ToEastH6.172 emissions_V6ToEastH6.172,gasoline_euro4,1.06,4713.372725,401154.114532,30.2224,6.462055,157.034471,127949.621681,0.0
EastAveburyToWestA509.143,1415.0,483_0,0.0,0.0,0.0,2187.0,774_0,29.75,13.94,772.0,2261.83,494.0,12,0.0,607.93,0,tripinfo_EastAveburyToWestA509.143 emissions_EastAveburyToWestA509.143,gasoline_euro4,1.01,98815.501161,2081822.446572,498.091096,46.756049,916.816875,664036.617323,0.0
V6ToEastH6.173,2076.0,468_1,0.0,0.0,0.0,2188.0,522_1,56.88,14.6,112.0,1512.23,0.0,0,0.0,14.65,0,tripinfo_V6ToEastH6.173 emissions_V6ToEastH6.173,gasoline_euro4,1.12,4539.511049,393081.392538,29.398391,6.637009,155.627094,125374.421293,0.0
EastAveburyToWestA509.190,1815.0,483_1,0.0,0.0,0.0,2189.0,774_2,29.75,13.06,374.0,2215.02,170.0,6,0.0,213.65,0,tripinfo_EastAveburyToWestA509.190 emissions_EastAveburyToWestA509.190,electric,1.0,0.0,0.0,0.0,0.0,0.0,0.0,0.0
WestH6ToSaxonSt.163,1956.0,524_0,0.0,0.0,0.0,2189.0,771_0,56.88,14.72,233.0,2600.53,29.0,3,0.0,60.24,0,tripinfo_WestH6ToSaxonSt.163 emissions_WestH6ToSaxonSt.163,electric,1.09,0.0,0.0,0.0,0.0,0.0,0.0,0.0
SouthEvansGateToSilbury.109,1962.0,526_0,0.0,0.0,0.0,2193.0,215_1,19.43,13.43,231.0,1477.52,97.0,3,0.0,122.21,0,tripinfo_SouthEvansGateToSilbury.109 emissions_SouthEvansGateToSilbury.109,electric,0.99,0.0,0.0,0.0,0.0,0.0,0.0,0.0
EastAveburyToWestA509.184,1764.0,483_1,0.0,0.0,0.0,2195.0,774_1,29.75,12.7,431.0,2218.32,199.0,6,0.0,257.39,0,tripinfo_EastAveburyToWestA509.184 emissions_EastAveburyToWestA509.184,gasoline_euro4,0.93,43260.928797,1133538.364024,222.916912,22.919041,481.278108,361559.805616,0.0
WestA509ToEastH6.51,1836.0,773_0,0.0,0.0,0.0,2195.0,522_1,56.88,14.69,359.0,2754.12,101.0,5,0.0,172.84,0,tripinfo_WestA509ToEastH6.51 emissions_WestA509ToEastH6.51,gasoline_euro4,1.08,28477.45002,1029144.898245,152.820882,19.438839,425.609935,328256.611405,0.0
SouthEvansGateToSilbury.110,1980.0,526_0,0.0,0.0,0.0,2195.0,215_1,19.43,13.25,215.0,1477.63,74.0,2,0.0,105.08,0,tripinfo_SouthEvansGateToSilbury.110 emissions_SouthEvansGateToSilbury.110,electric,0.97,0.0,0.0,0.0,0.0,0.0,0.0,0.0
WestA509ToEastH6.50,1800.0,773_0,0.0,0.0,0.0,2197.0,522_0,56.88,11.94,397.0,2754.93,127.0,5,0.0,173.37,0,tripinfo_WestA509ToEastH6.50 emissions_WestA509ToEastH6.50,gasoline_euro4,0.9,31022.300602,1019725.083978,164.617937,18.80168,421.109827,325254.358162,0.0
EastAveburyToWestA509.191,1823.0,483_1,0.0,0.0,0.0,2198.0,774_0,29.75,13.57,375.0,2311.97,117.0,6,0.0,201.0,0,tripinfo_EastAveburyToWestA509.191 emissions_EastAveburyToWestA509.191,electric,1.0,0.0,0.0,0.0,0.0,0.0,0.0,0.0
SouthEvansGateToSilbury.107,1926.0,526_0,0.0,0.0,0.0,2201.0,215_1,19.43,9.36,275.0,1477.6,105.0,2,0.0,128.44,0,tripinfo_SouthEvansGateToSilbury.107 emissions_SouthEvansGateToSilbury.107,electric,0.73,0.0,0.0,0.0,0.0,0.0,0.0,0.0
SouthEvansGateToSilbury.108,1944.0,526_0,0.0,0.0,0.0,2203.0,215_1,19.43,9.99,259.0,1477.55,88.0,3,0.0,121.72,0,tripinfo_SouthEvansGateToSilbury.108 emissions_SouthEvansGateToSilbury.108,electric,0.78,0.0,0.0,0.0,0.0,0.0,0.0,0.0
EastA509ToH6.99,1782.0,770_0,0.0,0.0,0.0,2204.0,522_0,56.88,12.56,422.0,1483.69,263.0,8,0.0,312.76,0,tripinfo_EastA509ToH6.99 emissions_EastA509ToH6.99,gasoline_euro4,0.99,52131.387435,1161939.39758,264.408033,25.646856,508.631898,370621.16907,0.0
SouthEvansGateToSilbury.111,1998.0,526_0,0.0,0.0,0.0,2205.0,215_1,19.43,11.44,207.0,1477.59,54.0,2,0.0,84.47,0,tripinfo_SouthEvansGateToSilbury.111 emissions_SouthEvansGateToSilbury.111,gasoline_euro4,0.87,14823.991169,522783.805501,79.522446,9.32694,214.420126,166748.215758,0.0
EastA509ToH6.102,1836.0,770_0,0.0,0.0,0.0,2206.0,522_1,56.88,14.99,370.0,1483.69,204.0,7,0.0,274.84,0,tripinfo_EastA509ToH6.102 emissions_EastA509ToH6.102,electric,1.13,0.0,0.0,0.0,0.0,0.0,0.0,0.0
EastA509ToH6.100,1800.0,770_0,0.0,0.0,0.0,2207.0,522_0,56.88,12.98,407.0,1483.64,239.0,7,0.0,294.01,0,tripinfo_EastA509ToH6.100 emissions_EastA509ToH6.100,electric,0.95,0.0,0.0,0.0,0.0,0.0,0.0,0.0
EastAveburyToWestA509.198,1883.0,483_1,0.0,0.0,0.0,2207.0,774_0,29.75,15.23,324.0,2311.97,111.0,5,0.0,173.0,0,tripinfo_EastAveburyToWestA509.198 emissions_EastAveburyToWestA509.198,electric,1.15,0.0,0.0,0.0,0.0,0.0,0.0,0.0
EastA509ToH6.104,1872.0,770_0,0.0,0.0,0.0,2213.0,522_1,56.88,14.99,341.0,1483.64,184.0,5,0.0,242.62,0,tripinfo_EastA509ToH6.104 emissions_EastA509ToH6.104,electric,1.09,0.0,0.0,0.0,0.0,0.0,0.0,0.0
EastSilburyToEastAvebury.94,1904.0,317_0,0.0,0.0,0.0,2213.0,213_1,19.13,15.48,309.0,1590.87,151.0,7,0.0,211.78,0,tripinfo_EastSilburyToEastAvebury.94 emissions_EastSilburyToEastAvebury.94,electric,1.2,0.0,0.0,0.0,0.0,0.0,0.0,0.0
EastA509ToH6.101,1818.0,770_0,0.0,0.0,0.0,2214.0,522_0,56.88,11.32,396.0,1483.64,220.0,5,0.0,275.55,0,tripinfo_EastA509ToH6.101 emissions_EastA509ToH6.101,gasoline_euro4,0.89,46145.231052,1049461.444441,234.500672,22.467375,455.476287,334744.507046,0.0
EastSilburyToEastAvebury.92,1872.0,317_0,0.0,0.0,0.0,2214.0,213_0,19.13,12.57,342.0,1590.83,187.0,6,0.0,225.41,0,tripinfo_EastSilburyToEastAvebury.92 emissions_EastSilburyToEastAvebury.92,electric,0.99,0.0,0.0,0.0,0.0,0.0,0.0,0.0
EastSilburyToEastAvebury.99,1984.0,317_0,0.0,0.0,0.0,2215.0,213_1,19.13,15.14,231.0,1590.85,90.0,5,0.0,132.59,0,tripinfo_EastSilburyToEastAvebury.99 emissions_EastSilburyToEastAvebury.99,electric,1.18,0.0,0.0,0.0,0.0,0.0,0.0,0.0
EastA509ToH6.103,1854.0,770_0,0.0,0.0,0.0,2216.0,522_0,56.88,14.02,362.0,1483.69,190.0,6,0.0,258.23,0,tripinfo_EastA509ToH6.103 emissions_EastA509ToH6.103,electric,1.03,0.0,0.0,0.0,0.0,0.0,0.0,0.0
EastA509ToH6.90,1620.0,770_0,0.0,0.0,0.0,2227.0,522_0,56.88,9.49,607.0,1444.96,424.0,5,0.0,470.34,0,tripinfo_EastA509ToH6.90 emissions_EastA509ToH6.90,electric,0.76,0.0,0.0,0.0,0.0,0.0,0.0,0.0
V6ToEastH6.175,2100.0,468_1,0.0,0.0,0.0,2227.0,522_1,56.88,12.59,127.0,1512.23,0.0,0,0.0,15.04,0,tripinfo_V6ToEastH6.175 emissions_V6ToEastH6.175,electric,0.98,0.0,0.0,0.0,0.0,0.0,0.0,0.0
EastAveburyToWestA509.201,1908.0,483_1,0.0,0.0,0.0,2228.0,774_0,29.75,13.21,320.0,2311.97,78.0,5,0.0,148.73,0,tripinfo_EastAveburyToWestA509.201 emissions_EastAveburyToWestA509.201,electric,1.01,0.0,0.0,0.0,0.0,0.0,0.0,0.0
EastA509ToH6.105,1890.0,770_0,0.0,0.0,0.0,2234.0,522_0,56.88,13.7,344.0,1483.69,183.0,5,0.0,244.27,0,tripinfo_EastA509ToH6.105 emissions_EastA509ToH6.105,gasoline_euro4,1.07,39591.534268,989663.022701,203.061302,21.180329,428.498151,315668.234323,0.0
V6ToEastH6.174,2088.0,468_1,0.0,0.0,0.0,2234.0,522_1,56.88,11.18,146.0,1512.23,0.0,0,0.0,17.05,0,tripinfo_V6ToEastH6.174 emissions_V6ToEastH6.174,electric,0.84,0.0,0.0,0.0,0.0,0.0,0.0,0.0
EastA509ToH6.107,1926.0,770_0,0.0,0.0,0.0,2239.0,522_0,56.88,12.49,313.0,1483.69,137.0,4,0.0,197.68,0,tripinfo_EastA509ToH6.107 emissions_EastA509ToH6.107,electric,0.93,0.0,0.0,0.0,0.0,0.0,0.0,0.0
EastAveburyToWestA509.208,1968.0,483_1,0.0,0.0,0.0,2245.0,774_0,29.75,15.31,277.0,2311.97,71.0,6,0.0,122.6,0,tripinfo_EastAveburyToWestA509.208 emissions_EastAveburyToWestA509.208,electric,1.12,0.0,0.0,0.0,0.0,0.0,0.0,0.0
V6ToEastH6.176,2112.0,468_1,0.0,0.0,0.0,2247.0,522_1,56.88,11.86,135.0,1512.23,0.0,0,0.0,15.28,0,tripinfo_V6ToEastH6.176 emissions_V6ToEastH6.176,gasoline_euro4,0.92,4384.5131,369717.004026,28.22182,5.46285,142.677705,117923.226608,0.0
WestH6ToSaxonSt.128,1536.0,524_0,0.0,0.0,0.0,2250.0,771_1,56.88,12.84,714.0,2767.88,407.0,11,0.0,502.91,0,tripinfo_WestH6ToSaxonSt.128 emissions_WestH6ToSaxonSt.128,gasoline_euro4,0.98,83678.102024,1926236.364087,425.280527,41.762959,837.956916,614406.312239,0.0
WestH6ToSaxonSt.133,1596.0,524_0,0.0,0.0,0.0,2252.0,771_1,56.88,14.32,656.0,2574.97,392.0,11,0.0,483.46,0,tripinfo_WestH6ToSaxonSt.133 emissions_WestH6ToSaxonSt.133,gasoline_euro4,1.1,79978.062641,1814701.348028,405.635931,39.727659,789.337058,578830.660297,0.0
WestH6ToSaxonSt.137,1644.0,524_0,0.0,0.0,0.0,2255.0,771_1,56.88,14.97,611.0,2574.96,340.0,11,0.0,437.31,0,tripinfo_WestH6ToSaxonSt.137 emissions_WestH6ToSaxonSt.137,gasoline_euro4,1.09,72635.271511,1704332.314879,369.699887,36.711605,736.779773,543625.688819,0.0
EastSilburyToEastAvebury.86,1776.0,317_0,0.0,0.0,0.0,2260.0,213_0,19.13,12.43,484.0,1581.8,311.0,8,0.0,357.15,0,tripinfo_EastSilburyToEastAvebury.86 emissions_EastSilburyToEastAvebury.86,electric,0.91,0.0,0.0,0.0,0.0,0.0,0.0,0.0
EastAveburyToWestA509.156,1526.0,483_0,0.0,0.0,0.0,2268.0,774_0,29.75,13.43,742.0,2261.83,455.0,11,0.0,576.99,0,tripinfo_EastAveburyToWestA509.156 emissions_EastAveburyToWestA509.156,gasoline_euro4,1.0,93413.61035,1987797.580697,471.040064,44.096197,871.527121,634045.635922,0.0
WestA509ToEastH6.46,1656.0,773_1,0.0,0.0,0.0,2268.0,522_0,56.88,11.53,612.0,3082.34,273.0,7,0.0,350.64,0,tripinfo_WestA509ToEastH6.46 emissions_WestA509ToEastH6.46,electric,0.86,0.0,0.0,0.0,0.0,0.0,0.0,0.0
V6ToEastH6.178,2136.0,468_1,0.0,0.0,0.0,2268.0,522_1,56.88,14.1,132.0,1512.23,0.0,0,0.0,32.45,0,tripinfo_V6ToEastH6.178 emissions_V6ToEastH6.178,gasoline_euro4,1.1,5530.526769,408922.811126,34.322441,6.779728,162.551809,130427.661364,0.0
V6ToEastH6.177,2124.0,468_1,0.0,0.0,0.0,2274.0,522_0,56.88,11.31,150.0,1512.23,1.0,1,0.0,23.61,0,tripinfo_V6ToEastH6.177 emissions_V6ToEastH6.177,gasoline_euro4,0.87,5661.835766,382725.559187,34.588605,5.93723,150.922149,122072.682706,0.0
SouthEvansGateToSilbury.113,2034.0,526_0,0.0,0.0,0.0,2280.0,215_1,19.43,13.9,246.0,1477.52,114.0,2,0.0,142.36,0,tripinfo_SouthEvansGateToSilbury.113 emissions_SouthEvansGateToSilbury.113,electric,1.03,0.0,0.0,0.0,0.0,0.0,0.0,0.0
SouthEvansGateToSilbury.112,2016.0,526_0,0.0,0.0,0.0,2283.0,215_1,19.43,12.76,267.0,1477.59,126.0,2,0.0,153.96,0,tripinfo_SouthEvansGateToSilbury.112 emissions_SouthEvansGateToSilbury.112,electric,0.95,0.0,0.0,0.0,0.0,0.0,0.0,0.0
V6ToEastH6.179,2148.0,468_1,0.0,0.0,0.0,2284.0,522_1,56.88,11.92,136.0,1512.23,0.0,0,0.0,15.89,0,tripinfo_V6ToEastH6.179 emissions_V6ToEastH6.179,gasoline_euro4,0.91,4233.940483,360965.099252,27.341391,5.20366,138.541439,115131.880277,0.0
V6ToEastH6.180,2160.0,468_1,0.0,0.0,0.0,2286.0,522_1,56.88,13.7,126.0,1512.23,0.0,0,0.0,23.13,0,tripinfo_V6ToEastH6.180 emissions_V6ToEastH6.180,gasoline_euro4,1.07,4866.208179,381247.345186,30.697245,6.390934,151.892916,121600.189874,0.0
SouthEvansGateToSilbury.114,2052.0,526_0,0.0,0.0,0.0,2287.0,215_1,19.43,9.92,235.0,1477.62,74.0,3,0.0,101.33,0,tripinfo_SouthEvansGateToSilbury.114 emissions_SouthEvansGateToSilbury.114,electric,0.8,0.0,0.0,0.0,0.0,0.0,0.0,0.0
WestH6ToSaxonSt.161,1932.0,524_0,0.0,0.0,0.0,2288.0,771_0,56.88,12.89,356.0,2602.68,122.0,3,0.0,156.07,0,tripinfo_WestH6ToSaxonSt.161 emissions_WestH6ToSaxonSt.161,electric,0.94,0.0,0.0,0.0,0.0,0.0,0.0,0.0
EastAveburyToWestA509.144,1424.0,483_1,0.0,0.0,0.0,2289.0,774_0,29.75,10.97,865.0,2325.5,541.0,16,0.0,653.28,0,tripinfo_EastAveburyToWestA509.144 emissions_EastAveburyToWestA509.144,gasoline_euro4,0.82,108358.87252,2209586.559977,544.995935,49.320577,974.167295,704791.856199,0.0
EastA509ToH6.106,1908.0,770_0,0.0,0.0,0.0,2289.0,522_0,56.88,14.75,381.0,1483.69,224.0,4,0.0,284.16,0,tripinfo_EastA509ToH6.106 emissions_EastA509ToH6.106,gasoline_euro4,1.11,46371.713397,1093449.053743,236.348081,23.808465,475.480176,348773.621074,0.0
SouthEvansGateToSilbury.116,2088.0,526_0,0.0,0.0,0.0,2289.0,215_1,19.43,13.49,201.0,1477.52,64.0,1,0.0,97.97,0,tripinfo_SouthEvansGateToSilbury.116 emissions_SouthEvansGateToSilbury.116,electric,1.04,0.0,0.0,0.0,0.0,0.0,0.0,0.0
WestA509ToEastH6.47,1692.0,773_1,0.0,0.0,0.0,2290.0,522_1,56.88,11.18,598.0,3086.9,286.0,6,0.0,341.83,0,tripinfo_WestA509ToEastH6.47 emissions_WestA509ToEastH6.47,electric,0.88,0.0,0.0,0.0,0.0,0.0,0.0,0.0
WestH6ToSaxonSt.149,1788.0,524_0,0.0,0.0,0.0,2290.0,771_0,56.88,15.28,502.0,2608.48,242.0,6,0.0,330.98,0,tripinfo_WestH6ToSaxonSt.149 emissions_WestH6ToSaxonSt.149,electric,1.12,0.0,0.0,0.0,0.0,0.0,0.0,0.0
EastAveburyToWestA509.141,1398.0,483_1,0.0,0.0,0.0,2291.0,774_0,29.75,14.82,893.0,2328.54,569.0,18,0.0,740.03,0,tripinfo_EastAveburyToWestA509.141 emissions_EastAveburyToWestA509.141,gasoline_euro4,1.14,117709.723886,2422810.131896,592.356984,54.974937,1071.720357,772802.089338,0.0
EastAveburyToWestA509.181,1738.0,483_1,0.0,0.0,0.0,2294.0,774_0,29.75,12.96,556.0,2325.49,273.0,10,0.0,385.58,0,tripinfo_EastAveburyToWestA509.181 emissions_EastAveburyToWestA509.181,gasoline_euro4,1.02,62804.989556,1535966.826321,321.525576,32.984262,666.971728,489920.927627,0.0
V6ToEastH6.182,2184.0,468_1,0.0,0.0,0.0,2295.0,522_1,56.88,15.24,111.0,1512.23,0.0,0,0.0,14.87,0,tripinfo_V6ToEastH6.182 emissions_V6ToEastH6.182,gasoline_euro4,1.14,3876.347398,381902.498296,25.565739,5.885263,145.657462,121809.18817,0.0
EastAveburyToWestA509.148,1458.0,483_1,0.0,0.0,0.0,2298.0,774_0,29.75,13.17,840.0,2328.56,500.0,15,0.0,658.47,0,tripinfo_EastAveburyToWestA509.148 emissions_EastAveburyToWestA509.148,gasoline_euro4,0.95,105127.671544,2209168.458732,530.242789,49.605692,975.944071,704656.083442,0.0
WestA509ToAvebury.107,1926.0,773_0,0.0,0.0,0.0,2300.0,213_1,19.13,16.02,374.0,2336.43,156.0,4,0.0,228.76,0,tripinfo_WestA509ToAvebury.107 emissions_WestA509ToAvebury.107,gasoline_euro4,1.17,37893.754254,1078022.047867,196.760604,22.044583,455.812901,343849.701498,0.0
EastA509ToH6.108,1944.0,770_0,0.0,0.0,0.0,2301.0,522_0,56.88,13.2,357.0,1483.69,203.0,6,0.0,253.14,0,tripinfo_EastA509ToH6.108 emissions_EastA509ToH6.108,electric,1.03,0.0,0.0,0.0,0.0,0.0,0.0,0.0
WestA509ToAvebury.105,1890.0,773_0,0.0,0.0,0.0,2302.0,213_0,19.13,13.93,412.0,2336.42,187.0,5,0.0,242.34,0,tripinfo_WestA509ToAvebury.105 emissions_WestA509ToAvebury.105,gasoline_euro4,1.0,40722.253249,1117488.31043,210.176758,22.045144,468.296968,356439.811731,0.0
EastA509ToH6.109,1962.0,770_0,0.0,0.0,0.0,2302.0,522_1,56.88,15.1,340.0,1483.69,191.0,4,0.0,243.84,0,tripinfo_EastA509ToH6.109 emissions_EastA509ToH6.109,electric,1.11,0.0,0.0,0.0,0.0,0.0,0.0,0.0
EastAveburyToWestA509.209,1976.0,483_1,0.0,0.0,0.0,2302.0,774_0,29.75,12.16,326.0,2312.75,79.0,6,0.0,140.4,0,tripinfo_EastAveburyToWestA509.209 emissions_EastAveburyToWestA509.209,electric,0.92,0.0,0.0,0.0,0.0,0.0,0.0,0.0
WestA509ToAvebury.109,1962.0,773_0,0.0,0.0,0.0,2303.0,213_1,19.13,14.73,341.0,2336.43,118.0,4,0.0,186.08,0,tripinfo_WestA509ToAvebury.109 emissions_WestA509ToAvebury.109,gasoline_euro4,1.1,31439.005817,983305.482171,165.516922,19.426836,411.918727,313637.409419,0.0
WestA509ToAvebury.106,1908.0,773_0,0.0,0.0,0.0,2304.0,213_0,19.13,12.38,396.0,2336.4,162.0,4,0.0,221.91,0,tripinfo_WestA509ToAvebury.106 emissions_WestA509ToAvebury.106,gasoline_euro4,0.98,37494.528083,1047500.05178,194.203349,20.68139,439.87899,334115.552578,0.0
EastSilburyToEastAvebury.95,1920.0,317_0,0.0,0.0,0.0,2307.0,213_1,19.13,12.41,387.0,2473.18,131.0,4,0.0,183.64,0,tripinfo_EastSilburyToEastAvebury.95 emissions_EastSilburyToEastAvebury.95,gasoline_euro4,0.89,31640.711644,983900.87124,166.505091,18.365842,407.978353,313828.577338,0.0
EastSilburyToEastAvebury.93,1888.0,317_0,0.0,0.0,0.0,2308.0,213_0,19.13,11.1,420.0,2473.15,163.0,4,0.0,207.15,0,tripinfo_EastSilburyToEastAvebury.93 emissions_EastSilburyToEastAvebury.93,gasoline_euro4,0.85,36471.937411,1045815.194796,190.263018,19.857477,436.802785,333578.369183,0.0
EastSilburyToEastAvebury.97,1952.0,317_0,0.0,0.0,0.0,2309.0,213_1,19.13,14.86,357.0,2473.21,130.0,6,0.0,193.84,0,tripinfo_EastSilburyToEastAvebury.97 emissions_EastSilburyToEastAvebury.97,gasoline_euro4,1.12,32773.756379,1055117.086202,173.213354,20.875711,443.31902,336541.903331,0.0
WestA509ToAvebury.112,2016.0,773_0,0.0,0.0,0.0,2310.0,213_0,19.13,12.73,294.0,2337.3,69.0,3,0.0,116.49,0,tripinfo_WestA509ToAvebury.112 emissions_WestA509ToAvebury.112,gasoline_euro4,0.96,19385.66045,769667.299103,105.529766,13.379807,311.211586,245493.638255,0.0
V6ToEastH6.181,2172.0,468_1,0.0,0.0,0.0,2311.0,522_0,56.88,11.78,139.0,1512.23,0.0,0,0.0,12.88,0,tripinfo_V6ToEastH6.181 emissions_V6ToEastH6.181,gasoline_euro4,0.86,4091.827535,346180.015254,26.468372,4.83815,132.287079,110416.26801,0.0
WestA509ToEastH6.52,1872.0,773_1,0.0,0.0,0.0,2314.0,522_1,56.88,13.8,442.0,3088.43,164.0,5,0.0,227.04,0,tripinfo_WestA509ToEastH6.52 emissions_WestA509ToEastH6.52,electric,1.05,0.0,0.0,0.0,0.0,0.0,0.0,0.0
WestA509ToAvebury.111,1998.0,773_0,0.0,0.0,0.0,2314.0,213_0,19.13,9.88,316.0,2337.25,56.0,2,0.0,87.02,0,tripinfo_WestA509ToAvebury.111 emissions_WestA509ToAvebury.111,gasoline_euro4,0.74,18416.359392,697902.620404,99.872783,11.599948,282.034805,222604.474204,0.0
EastA509ToH6.110,1980.0,770_0,0.0,0.0,0.0,2315.0,522_0,56.88,12.18,335.0,1483.69,167.0,5,0.0,215.64,0,tripinfo_EastA509ToH6.110 emissions_EastA509ToH6.110,gasoline_euro4,0.9,36162.831495,897125.120884,185.48036,18.728863,386.168351,286152.572311,0.0
WestA509ToAvebury.115,2070.0,773_0,0.0,0.0,0.0,2316.0,213_0,19.13,12.82,246.0,2336.45,40.0,2,0.0,99.76,0,tripinfo_WestA509ToAvebury.115 emissions_WestA509ToAvebury.115,gasoline_euro4,1.17,15411.579216,719843.51803,86.168461,12.906693,291.597999,229599.654962,0.0
V6ToEastH6.183,2196.0,468_1,0.0,0.0,0.0,2316.0,522_1,56.88,14.4,120.0,1512.23,0.0,0,0.0,23.16,0,tripinfo_V6ToEastH6.183 emissions_V6ToEastH6.183,electric,1.13,0.0,0.0,0.0,0.0,0.0,0.0,0.0
EastSilburyToEastAvebury.98,1968.0,317_0,0.0,0.0,0.0,2317.0,213_0,19.13,12.52,349.0,1590.83,186.0,6,0.0,231.49,0,tripinfo_EastSilburyToEastAvebury.98 emissions_EastSilburyToEastAvebury.98,electric,0.99,0.0,0.0,0.0,0.0,0.0,0.0,0.0
EastA509ToH6.112,2016.0,770_0,0.0,0.0,0.0,2320.0,522_1,56.88,15.97,304.0,1483.69,143.0,4,0.0,216.25,0,tripinfo_EastA509ToH6.112 emissions_EastA509ToH6.112,gasoline_euro4,1.22,34285.752528,915557.510223,177.434386,19.551131,395.654429,292029.753438,0.0
EastA509ToH6.113,2034.0,770_0,0.0,0.0,0.0,2323.0,522_1,56.88,16.14,289.0,1483.69,130.0,6,0.0,198.76,0,tripinfo_EastA509ToH6.113 emissions_EastA509ToH6.113,electric,1.19,0.0,0.0,0.0,0.0,0.0,0.0,0.0
EastA509ToH6.111,1998.0,770_0,0.0,0.0,0.0,2325.0,522_0,56.88,11.3,327.0,1483.64,152.0,6,0.0,202.76,0,tripinfo_EastA509ToH6.111 emissions_EastA509ToH6.111,gasoline_euro4,0.87,33678.422829,851657.126663,173.011715,17.157361,362.389545,271650.137547,0.0
V6ToEastH6.184,2208.0,468_1,0.0,0.0,0.0,2336.0,522_1,56.88,12.69,128.0,1512.23,0.0,0,0.0,14.26,0,tripinfo_V6ToEastH6.184 emissions_V6ToEastH6.184,gasoline_euro4,0.96,3917.51637,357390.261152,25.284822,5.097356,135.125659,113991.586095,0.0
V6ToEastH6.185,2220.0,468_1,0.0,0.0,0.0,2338.0,522_1,56.88,14.2,118.0,1512.23,0.0,0,0.0,14.2,0,tripinfo_V6ToEastH6.185 emissions_V6ToEastH6.185,gasoline_euro4,1.06,3784.850589,355956.752672,25.025119,5.541457,137.589425,113533.7615,0.0
WestH6ToSaxonSt.132,1584.0,524_0,0.0,0.0,0.0,2341.0,771_1,56.88,15.65,757.0,2767.88,448.0,16,0.0,575.68,0,tripinfo_WestH6ToSaxonSt.132 emissions_WestH6ToSaxonSt.132,gasoline_euro4,1.14,94543.417684,2176537.452037,481.106958,48.254051,953.631932,694242.979014,0.0
EastSilburyToEastAvebury.29,864.0,317_0,0.0,0.0,0.0,2348.0,213_0,19.13,13.09,1484.0,1576.69,1220.0,24,0.0,1364.4,0,tripinfo_EastSilburyToEastAvebury.29 emissions_EastSilburyToEastAvebury.29,electric,0.97,0.0,0.0,0.0,0.0,0.0,0.0,0.0
EastSilburyToEastAvebury.35,960.0,317_0,0.0,0.0,0.0,2350.0,213_0,19.13,13.98,1390.0,642.19,1249.0,18,0.0,1343.78,0,tripinfo_EastSilburyToEastAvebury.35 emissions_EastSilburyToEastAvebury.35,electric,1.04,0.0,0.0,0.0,0.0,0.0,0.0,0.0
WestH6ToSaxonSt.130,1560.0,524_0,0.0,0.0,0.0,2350.0,771_1,56.88,12.05,790.0,2767.87,465.0,13,0.0,568.08,0,tripinfo_WestH6ToSaxonSt.130 emissions_WestH6ToSaxonSt.130,gasoline_euro4,0.93,94253.977415,2094610.009544,477.735872,45.743944,915.043778,668113.643782,0.0
EastAveburyToWestA509.204,1934.0,483_1,0.0,0.0,0.0,2358.0,774_1,29.75,14.09,424.0,2219.98,209.0,6,0.0,269.26,0,tripinfo_EastAveburyToWestA509.204 emissions_EastAveburyToWestA509.204,electric,1.04,0.0,0.0,0.0,0.0,0.0,0.0,0.0
V6ToEastH6.186,2232.0,468_1,0.0,0.0,0.0,2361.0,522_1,56.88,12.51,129.0,1512.23,0.0,0,0.0,15.44,0,tripinfo_V6ToEastH6.186 emissions_V6ToEastH6.186,electric,0.96,0.0,0.0,0.0,0.0,0.0,0.0,0.0
V6ToEastH6.187,2244.0,468_1,0.0,0.0,0.0,2363.0,522_1,56.88,13.89,119.0,1512.23,0.0,0,0.0,14.98,0,tripinfo_V6ToEastH6.187 emissions_V6ToEastH6.187,gasoline_euro4,1.05,4189.365941,371537.626372,26.867971,5.817284,143.677295,118503.39156,0.0
EastAveburyToWestA509.210,1985.0,483_1,0.0,0.0,0.0,2365.0,774_1,29.75,13.39,380.0,2219.98,168.0,6,0.0,218.93,0,tripinfo_EastAveburyToWestA509.210 emissions_EastAveburyToWestA509.210,electric,1.0,0.0,0.0,0.0,0.0,0.0,0.0,0.0
WestA509ToEastH6.56,2019.0,773_0,0.0,0.0,3.0,2368.0,522_0,56.88,13.36,349.0,2754.07,84.0,5,0.0,147.13,0,tripinfo_WestA509ToEastH6.56 emissions_WestA509ToEastH6.56,gasoline_euro4,0.99,24354.668583,943215.226765,132.338809,16.946281,385.351637,300848.339482,0.0
EastAveburyToWestA509.153,1500.0,483_1,0.0,0.0,0.0,2369.0,774_0,29.75,13.22,869.0,2328.61,545.0,15,0.0,699.08,0,tripinfo_EastAveburyToWestA509.153 emissions_EastAveburyToWestA509.153,gasoline_euro4,1.02,111700.315937,2328155.733638,562.665975,52.546843,1028.18512,742609.682879,0.0
WestA509ToEastH6.57,2052.0,773_0,0.0,0.0,0.0,2369.0,522_1,56.88,13.5,317.0,2754.12,58.0,4,0.0,124.33,0,tripinfo_WestA509ToEastH6.57 emissions_WestA509ToEastH6.57,gasoline_euro4,1.04,20463.203709,888053.865963,113.114212,15.716533,360.147264,283252.778962,0.0
SouthEvansGateToSilbury.117,2106.0,526_0,0.0,0.0,0.0,2369.0,215_1,19.43,13.74,263.0,1477.62,125.0,4,0.0,156.15,0,tripinfo_SouthEvansGateToSilbury.117 emissions_SouthEvansGateToSilbury.117,gasoline_euro4,1.01,27223.522733,761857.935333,141.396974,15.458852,323.025803,243005.297097,0.0
SouthEvansGateToSilbury.119,2142.0,526_0,0.0,0.0,0.0,2371.0,215_1,19.43,12.7,229.0,1477.55,83.0,3,0.0,118.64,0,tripinfo_SouthEvansGateToSilbury.119 emissions_SouthEvansGateToSilbury.119,gasoline_euro4,0.97,20539.332045,654770.416611,108.195873,12.538034,272.961257,208847.217465,0.0
SouthEvansGateToSilbury.118,2124.0,526_0,0.0,0.0,0.0,2372.0,215_1,19.43,14.03,248.0,1477.52,115.0,2,0.0,144.34,0,tripinfo_SouthEvansGateToSilbury.118 emissions_SouthEvansGateToSilbury.118,electric,1.03,0.0,0.0,0.0,0.0,0.0,0.0,0.0
EastAveburyToWestA509.160,1560.0,483_1,0.0,0.0,0.0,2375.0,774_0,29.75,12.68,815.0,2328.55,498.0,13,0.0,636.77,0,tripinfo_EastAveburyToWestA509.160 emissions_EastAveburyToWestA509.160,gasoline_euro4,0.97,103175.654365,2170974.909206,520.097365,48.669497,956.835601,692473.604026,0.0
SouthEvansGateToSilbury.120,2160.0,526_0,0.0,0.0,0.0,2375.0,215_1,19.43,12.31,215.0,1477.59,68.0,3,0.0,102.24,0,tripinfo_SouthEvansGateToSilbury.120 emissions_SouthEvansGateToSilbury.120,electric,0.95,0.0,0.0,0.0,0.0,0.0,0.0,0.0
SouthEvansGateToSilbury.121,2178.0,526_0,0.0,0.0,0.0,2376.0,215_1,19.43,13.57,198.0,1477.52,56.0,2,0.0,96.79,0,tripinfo_SouthEvansGateToSilbury.121 emissions_SouthEvansGateToSilbury.121,electric,1.06,0.0,0.0,0.0,0.0,0.0,0.0,0.0
WestH6ToSaxonSt.147,1764.0,524_0,0.0,0.0,0.0,2379.0,771_0,56.88,12.22,615.0,2613.57,324.0,9,0.0,404.49,0,tripinfo_WestH6ToSaxonSt.147 emissions_WestH6ToSaxonSt.147,electric,0.91,0.0,0.0,0.0,0.0,0.0,0.0,0.0
EastA509ToH6.114,2052.0,770_0,0.0,0.0,0.0,2382.0,522_1,56.88,14.92,330.0,1483.69,189.0,6,0.0,233.22,0,tripinfo_EastA509ToH6.114 emissions_EastA509ToH6.114,gasoline_euro4,1.11,39390.955328,983983.059219,201.782308,21.128184,425.509343,313856.478198,0.0
WestH6ToSaxonSt.154,1848.0,524_0,0.0,0.0,0.0,2383.0,771_0,56.88,11.69,535.0,2613.57,247.0,4,0.0,325.06,0,tripinfo_WestH6ToSaxonSt.154 emissions_WestH6ToSaxonSt.154,electric,0.91,0.0,0.0,0.0,0.0,0.0,0.0,0.0
EastAveburyToWestA509.157,1534.0,483_0,0.0,0.0,0.0,2384.0,774_0,29.75,9.25,850.0,2261.7,509.0,20,0.0,628.83,0,tripinfo_EastAveburyToWestA509.157 emissions_EastAveburyToWestA509.157,gasoline_euro4,0.75,104815.344529,2119753.728483,526.674582,46.972805,933.290835,676138.726776,0.0
EastA509ToH6.98,1764.0,770_0,0.0,0.0,0.0,2384.0,522_0,56.88,11.91,620.0,1443.25,453.0,5,0.0,503.53,0,tripinfo_EastA509ToH6.98 emissions_EastA509ToH6.98,electric,0.9,0.0,0.0,0.0,0.0,0.0,0.0,0.0
WestH6ToSaxonSt.162,1944.0,524_0,0.0,0.0,0.0,2384.0,771_0,56.88,13.48,440.0,2612.31,180.0,4,0.0,271.11,0,tripinfo_WestH6ToSaxonSt.162 emissions_WestH6ToSaxonSt.162,electric,1.13,0.0,0.0,0.0,0.0,0.0,0.0,0.0
WestH6ToSaxonSt.156,1872.0,524_0,0.0,0.0,0.0,2386.0,771_0,56.88,14.2,514.0,2608.48,238.0,4,0.0,338.57,0,tripinfo_WestH6ToSaxonSt.156 emissions_WestH6ToSaxonSt.156,electric,1.09,0.0,0.0,0.0,0.0,0.0,0.0,0.0
EastSilburyToEastAvebury.100,2000.0,317_0,0.0,0.0,0.0,2389.0,213_0,19.13,14.38,389.0,1590.91,226.0,6,0.0,283.4,0,tripinfo_EastSilburyToEastAvebury.100 emissions_EastSilburyToEastAvebury.100,electric,1.1,0.0,0.0,0.0,0.0,0.0,0.0,0.0
EastSilburyToEastAvebury.102,2032.0,317_0,0.0,0.0,0.0,2389.0,213_1,19.13,15.01,357.0,2473.21,151.0,6,0.0,198.06,0,tripinfo_EastSilburyToEastAvebury.102 emissions_EastSilburyToEastAvebury.102,gasoline_euro4,1.14,34427.319086,1089231.7259,181.453254,21.825403,457.634094,347423.303072,0.0
SouthEvansGateToSilbury.115,2070.0,526_0,0.0,0.0,0.0,2390.0,215_1,19.43,12.99,320.0,1471.7,180.0,4,0.0,213.9,0,tripinfo_SouthEvansGateToSilbury.115 emissions_SouthEvansGateToSilbury.115,gasoline_euro4,1.0,36171.885238,895423.732766,185.105722,18.666548,383.542036,285610.019041,0.0
EastSilburyToEastAvebury.104,2064.0,317_0,0.0,0.0,0.0,2391.0,213_0,19.13,15.7,327.0,2473.2,114.0,6,0.0,174.01,0,tripinfo_EastSilburyToEastAvebury.104 emissions_EastSilburyToEastAvebury.104,gasoline_euro4,1.19,30299.283182,1035492.347644,161.318717,20.568655,433.686645,330281.102869,0.0
SouthEvansGateToSilbury.123,2214.0,526_0,0.0,0.0,0.0,2392.0,215_1,19.43,16.3,178.0,1471.73,59.0,2,0.0,90.95,0,tripinfo_SouthEvansGateToSilbury.123 emissions_SouthEvansGateToSilbury.123,gasoline_euro4,1.22,15356.496775,547092.865555,82.299288,10.776304,227.926675,174500.728871,0.0
WestH6ToSaxonSt.152,1824.0,524_0,0.0,0.0,0.0,2393.0,771_0,56.88,10.26,569.0,2608.48,267.0,6,0.0,338.95,0,tripinfo_WestH6ToSaxonSt.152 emissions_WestH6ToSaxonSt.152,electric,0.83,0.0,0.0,0.0,0.0,0.0,0.0,0.0
WestH6ToSaxonSt.164,1968.0,524_0,0.0,0.0,0.0,2394.0,771_1,56.88,12.64,426.0,2613.57,147.0,5,0.0,223.39,0,tripinfo_WestH6ToSaxonSt.164 emissions_WestH6ToSaxonSt.164,electric,0.94,0.0,0.0,0.0,0.0,0.0,0.0,0.0
WestH6ToSaxonSt.166,1992.0,524_0,0.0,0.0,0.0,2394.0,771_0,56.88,12.63,402.0,2609.14,130.0,7,0.0,233.4,0,tripinfo_WestH6ToSaxonSt.166 emissions_WestH6ToSaxonSt.166,electric,1.13,0.0,0.0,0.0,0.0,0.0,0.0,0.0
V6ToEastH6.188,2256.0,468_1,0.0,0.0,0.0,2394.0,522_1,56.88,11.45,138.0,1512.23,0.0,0,0.0,17.01,0,tripinfo_V6ToEastH6.188 emissions_V6ToEastH6.188,electric,0.9,0.0,0.0,0.0,0.0,0.0,0.0,0.0
WestA509ToAvebury.117,2106.0,773_0,0.0,0.0,0.0,2395.0,213_0,19.13,11.1,289.0,2337.25,61.0,3,0.0,92.67,0,tripinfo_WestA509ToAvebury.117 emissions_WestA509ToAvebury.117,gasoline_euro4,0.87,17884.44965,744925.278038,98.298019,12.205004,297.090661,237602.209634,0.0
WestH6ToSaxonSt.169,2028.0,524_0,0.0,0.0,0.0,2396.0,771_0,56.88,14.56,368.0,2603.34,125.0,3,0.0,189.26,0,tripinfo_WestH6ToSaxonSt.169 emissions_WestH6ToSaxonSt.169,electric,1.05,0.0,0.0,0.0,0.0,0.0,0.0,0.0
V6ToEastH6.189,2268.0,468_1,0.0,0.0,0.0,2396.0,522_1,56.88,12.63,128.0,1512.23,0.0,0,0.0,16.89,0,tripinfo_V6ToEastH6.189 emissions_V6ToEastH6.189,electric,0.98,0.0,0.0,0.0,0.0,0.0,0.0,0.0
EastSilburyToEastAvebury.106,2096.0,317_0,0.0,0.0,0.0,2397.0,213_0,19.13,12.37,301.0,1590.83,130.0,4,0.0,172.64,0,tripinfo_EastSilburyToEastAvebury.106 emissions_EastSilburyToEastAvebury.106,electric,0.9,0.0,0.0,0.0,0.0,0.0,0.0,0.0
WestH6ToSaxonSt.167,2004.0,524_0,0.0,0.0,0.0,2399.0,771_0,56.88,12.42,395.0,2602.68,145.0,3,0.0,197.46,0,tripinfo_WestH6ToSaxonSt.167 emissions_WestH6ToSaxonSt.167,electric,0.95,0.0,0.0,0.0,0.0,0.0,0.0,0.0
EastSilburyToEastAvebury.103,2048.0,317_0,0.0,0.0,0.0,2399.0,213_0,19.13,15.93,351.0,2473.2,133.0,5,0.0,201.45,0,tripinfo_EastSilburyToEastAvebury.103 emissions_EastSilburyToEastAvebury.103,gasoline_euro4,1.21,34140.233201,1110968.387567,180.551353,22.29836,466.98364,354355.747429,0.0
EastA509ToH6.115,2070.0,770_0,0.0,0.0,0.0,2403.0,522_0,56.88,11.86,333.0,1483.69,167.0,6,0.0,211.35,0,tripinfo_EastA509ToH6.115 emissions_EastA509ToH6.115,gasoline_euro4,0.88,35884.77575,884700.893194,183.90665,18.49961,381.202575,282189.75803,0.0
V6ToEastH6.190,2280.0,468_1,0.0,0.0,0.0,2405.0,522_1,56.88,12.93,125.0,1512.23,0.0,0,0.0,16.73,0,tripinfo_V6ToEastH6.190 emissions_V6ToEastH6.190,gasoline_euro4,1.01,4280.617945,374073.442427,27.655932,5.752378,144.694393,119312.391501,0.0
EastA509ToH6.117,2106.0,770_0,0.0,0.0,0.0,2411.0,522_0,56.88,11.26,305.0,1483.69,127.0,5,0.0,185.98,0,tripinfo_EastA509ToH6.117 emissions_EastA509ToH6.117,gasoline_euro4,0.9,30085.512788,792980.805883,155.310808,16.064598,338.59492,252933.385856,0.0
EastA509ToH6.116,2088.0,770_0,0.0,0.0,0.0,2421.0,522_0,56.88,9.34,333.0,1483.64,128.0,6,0.0,174.61,0,tripinfo_EastA509ToH6.116 emissions_EastA509ToH6.116,electric,0.68,0.0,0.0,0.0,0.0,0.0,0.0,0.0
V6ToEastH6.191,2292.0,468_1,0.0,0.0,0.0,2421.0,522_1,56.88,13.06,129.0,1512.23,0.0,0,0.0,13.28,0,tripinfo_V6ToEastH6.191 emissions_V6ToEastH6.191,electric,0.94,0.0,0.0,0.0,0.0,0.0,0.0,0.0
V6ToEastH6.192,2304.0,468_1,0.0,0.0,0.0,2427.0,522_1,56.88,13.22,123.0,1512.23,0.0,0,0.0,11.29,0,tripinfo_V6ToEastH6.192 emissions_V6ToEastH6.192,electric,0.98,0.0,0.0,0.0,0.0,0.0,0.0,0.0
V6ToEastH6.193,2316.0,468_1,0.0,0.0,0.0,2432.0,522_1,56.88,14.19,116.0,1512.23,0.0,0,0.0,18.13,0,tripinfo_V6ToEastH6.193 emissions_V6ToEastH6.193,gasoline_euro4,1.11,4861.38649,394870.840202,30.751019,6.601471,155.531839,125945.42087,0.0
EastSilburyToEastAvebury.107,2112.0,317_0,0.0,0.0,0.0,2434.0,213_0,19.13,12.38,322.0,1581.8,168.0,7,0.0,204.14,0,tripinfo_EastSilburyToEastAvebury.107 emissions_EastSilburyToEastAvebury.107,electric,0.98,0.0,0.0,0.0,0.0,0.0,0.0,0.0
EastSilburyToEastAvebury.45,1120.0,317_0,0.0,0.0,0.0,2438.0,213_0,19.13,13.66,1318.0,680.87,1125.0,24,0.0,1266.6,0,tripinfo_EastSilburyToEastAvebury.45 emissions_EastSilburyToEastAvebury.45,electric,1.0,0.0,0.0,0.0,0.0,0.0,0.0,0.0
EastAveburyToWestA509.164,1594.0,483_0,0.0,0.0,0.0,2440.0,774_1,29.75,13.34,846.0,2261.7,562.0,14,0.0,688.46,0,tripinfo_EastAveburyToWestA509.164 emissions_EastAveburyToWestA509.164,gasoline_euro4,1.05,112089.677178,2292154.135688,563.642973,52.522282,1016.673452,731126.761815,0.0
EastAveburyToWestA509.165,1602.0,483_0,0.0,0.0,0.0,2441.0,774_0,29.75,11.81,839.0,2261.87,534.0,16,0.0,658.71,0,tripinfo_EastAveburyToWestA509.165 emissions_EastAveburyToWestA509.165,gasoline_euro4,0.92,106675.15391,2178842.795468,536.134222,48.829543,959.766123,694985.285801,0.0
V6ToEastH6.194,2328.0,468_1,0.0,0.0,0.0,2446.0,522_1,56.88,14.29,118.0,1512.23,0.0,0,0.0,13.11,0,tripinfo_V6ToEastH6.194 emissions_V6ToEastH6.194,gasoline_euro4,1.04,4067.537432,371292.828279,26.523235,5.812745,143.919987,118425.272451,0.0
WestA509ToEastH6.58,2088.0,773_0,0.0,0.0,0.0,2451.0,522_0,56.88,13.44,363.0,2754.15,120.0,6,0.0,167.82,0,tripinfo_WestA509ToEastH6.58 emissions_WestA509ToEastH6.58,gasoline_euro4,1.03,29559.844287,1021539.689749,157.48977,19.160693,420.94282,325831.892293,0.0
WestH6ToSaxonSt.174,2088.0,524_0,0.0,0.0,0.0,2454.0,771_0,56.88,14.23,366.0,2602.7,149.0,3,0.0,192.8,0,tripinfo_WestH6ToSaxonSt.174 emissions_WestH6ToSaxonSt.174,electric,1.09,0.0,0.0,0.0,0.0,0.0,0.0,0.0
SouthEvansGateToSilbury.124,2232.0,526_0,0.0,0.0,0.0,2457.0,215_1,19.43,12.64,225.0,1477.52,87.0,2,0.0,110.62,0,tripinfo_SouthEvansGateToSilbury.124 emissions_SouthEvansGateToSilbury.124,electric,0.94,0.0,0.0,0.0,0.0,0.0,0.0,0.0
EastAveburyToWestA509.182,1747.0,483_1,0.0,0.0,0.0,2459.0,774_0,29.75,14.25,712.0,2325.53,423.0,13,0.0,546.1,0,tripinfo_EastAveburyToWestA509.182 emissions_EastAveburyToWestA509.182,gasoline_euro4,1.05,89397.217401,1985907.073628,453.25667,44.434282,874.254758,633439.656142,0.0
SouthEvansGateToSilbury.127,2286.0,526_0,0.0,0.0,0.0,2459.0,215_1,19.43,16.27,173.0,1477.55,54.0,2,0.0,81.66,0,tripinfo_SouthEvansGateToSilbury.127 emissions_SouthEvansGateToSilbury.127,electric,1.18,0.0,0.0,0.0,0.0,0.0,0.0,0.0
EastAveburyToWestA509.213,2010.0,483_1,0.0,0.0,0.0,2461.0,774_0,29.75,16.37,451.0,2325.48,229.0,14,0.0,308.92,0,tripinfo_EastAveburyToWestA509.213 emissions_EastAveburyToWestA509.213,gasoline_euro4,1.22,51815.371434,1387606.31826,267.704866,29.54695,597.387234,442596.27996,0.0
V6ToEastH6.195,2340.0,468_1,0.0,0.0,0.0,2461.0,522_1,56.88,13.66,121.0,1512.23,0.0,0,0.0,13.17,0,tripinfo_V6ToEastH6.195 emissions_V6ToEastH6.195,gasoline_euro4,1.01,3881.149612,367870.648406,25.64972,5.490652,141.115827,117333.963514,0.0
SouthEvansGateToSilbury.122,2196.0,526_0,0.0,0.0,0.0,2462.0,215_1,19.43,11.72,266.0,1477.59,115.0,2,0.0,142.91,0,tripinfo_SouthEvansGateToSilbury.122 emissions_SouthEvansGateToSilbury.122,electric,0.87,0.0,0.0,0.0,0.0,0.0,0.0,0.0
V6ToEastH6.196,2352.0,468_1,0.0,0.0,0.0,2471.0,522_1,56.88,14.4,119.0,1512.23,0.0,0,0.0,15.78,0,tripinfo_V6ToEastH6.196 emissions_V6ToEastH6.196,gasoline_euro4,1.06,4295.903888,383550.606537,27.758908,6.00182,148.30671,122334.991234,0.0
EastA509ToH6.118,2124.0,770_0,0.0,0.0,0.0,2474.0,522_0,56.88,13.79,350.0,1483.69,205.0,6,0.0,248.22,0,tripinfo_EastA509ToH6.118 emissions_EastA509ToH6.118,electric,1.05,0.0,0.0,0.0,0.0,0.0,0.0,0.0
SouthEvansGateToSilbury.125,2250.0,526_0,0.0,0.0,0.0,2477.0,215_1,19.43,15.45,227.0,1471.73,106.0,3,0.0,133.75,0,tripinfo_SouthEvansGateToSilbury.125 emissions_SouthEvansGateToSilbury.125,gasoline_euro4,1.14,23236.13718,693415.183769,121.663389,14.101671,292.598395,221173.557631,0.0
WestA509ToAvebury.121,2178.0,773_0,0.0,0.0,0.0,2478.0,213_0,19.13,14.28,300.0,2336.42,102.0,3,0.0,137.68,0,tripinfo_WestA509ToAvebury.121 emissions_WestA509ToAvebury.121,gasoline_euro4,1.05,24749.961968,875510.674346,132.568038,16.583533,361.592941,279253.738527,0.0
EastA509ToH6.119,2142.0,770_0,0.0,0.0,0.0,2479.0,522_0,56.88,13.22,337.0,1483.69,181.0,5,0.0,228.71,0,tripinfo_EastA509ToH6.119 emissions_EastA509ToH6.119,electric,0.99,0.0,0.0,0.0,0.0,0.0,0.0,0.0
WestA509ToAvebury.122,2196.0,773_0,0.0,0.0,0.0,2481.0,213_0,19.13,11.57,285.0,2336.4,62.0,3,0.0,99.61,0,tripinfo_WestA509ToAvebury.122 emissions_WestA509ToAvebury.122,gasoline_euro4,0.91,18753.677867,749717.277353,102.458047,13.087299,304.217101,239130.213856,0.0
EastSilburyToEastAvebury.111,2176.0,317_0,0.0,0.0,0.0,2483.0,213_0,19.13,14.13,307.0,2473.23,68.0,4,0.0,140.46,0,tripinfo_EastSilburyToEastAvebury.111 emissions_EastSilburyToEastAvebury.111,gasoline_euro4,1.09,22462.347175,896682.455192,122.334129,16.302086,366.463319,286005.56138,0.0
WestH6ToSaxonSt.168,2016.0,524_0,0.0,0.0,0.0,2484.0,771_0,56.88,10.43,468.0,2613.57,160.0,4,0.0,218.28,0,tripinfo_WestH6ToSaxonSt.168 emissions_WestH6ToSaxonSt.168,electric,0.77,0.0,0.0,0.0,0.0,0.0,0.0,0.0
EastSilburyToEastAvebury.108,2128.0,317_0,0.0,0.0,0.0,2485.0,213_0,19.13,12.75,357.0,2473.15,121.0,5,0.0,161.66,0,tripinfo_EastSilburyToEastAvebury.108 emissions_EastSilburyToEastAvebury.108,gasoline_euro4,0.93,28910.538195,938995.920765,152.96767,17.491783,388.256724,299504.792709,0.0
WestA509ToAvebury.123,2214.0,773_0,0.0,0.0,0.0,2487.0,213_0,19.13,14.16,273.0,2336.45,66.0,2,0.0,113.26,0,tripinfo_WestA509ToAvebury.123 emissions_WestA509ToAvebury.123,gasoline_euro4,1.07,18510.217124,753580.160137,101.100907,13.521692,306.844732,240361.668612,0.0
EastA509ToH6.120,2160.0,770_0,0.0,0.0,0.0,2488.0,522_0,56.88,11.2,328.0,1483.64,157.0,6,0.0,200.69,0,tripinfo_EastA509ToH6.120 emissions_EastA509ToH6.120,electric,0.84,0.0,0.0,0.0,0.0,0.0,0.0,0.0
EastA509ToH6.121,2178.0,770_0,0.0,0.0,0.0,2488.0,522_1,56.88,12.71,310.0,1483.69,143.0,5,0.0,195.1,0,tripinfo_EastA509ToH6.121 emissions_EastA509ToH6.121,gasoline_euro4,0.93,33286.394338,876082.923504,171.899266,18.217193,376.918335,279439.579124,0.0
EastSilburyToEastAvebury.112,2192.0,317_0,0.0,0.0,0.0,2490.0,213_0,19.13,12.11,298.0,1590.83,130.0,6,0.0,172.14,0,tripinfo_EastSilburyToEastAvebury.112 emissions_EastSilburyToEastAvebury.112,electric,0.92,0.0,0.0,0.0,0.0,0.0,0.0,0.0
V6ToEastH6.197,2364.0,468_1,0.0,0.0,0.0,2493.0,522_1,56.88,13.14,129.0,1512.23,0.0,0,0.0,16.61,0,tripinfo_V6ToEastH6.197 emissions_V6ToEastH6.197,electric,0.97,0.0,0.0,0.0,0.0,0.0,0.0,0.0
V6ToEastH6.198,2376.0,468_1,0.0,0.0,0.0,2507.0,522_1,56.88,12.22,131.0,1512.23,0.0,0,0.0,12.93,0,tripinfo_V6ToEastH6.198 emissions_V6ToEastH6.198,electric,0.93,0.0,0.0,0.0,0.0,0.0,0.0,0.0
V6ToEastH6.199,2388.0,468_1,0.0,0.0,0.0,2509.0,522_1,56.88,13.17,121.0,1512.23,0.0,0,0.0,14.5,0,tripinfo_V6ToEastH6.199 emissions_V6ToEastH6.199,gasoline_euro4,1.03,4066.561435,365057.821059,26.483286,5.684562,141.156235,116436.698144,0.0
EastAveburyToWestA509.196,1866.0,483_1,0.0,0.0,0.0,2518.0,774_0,29.75,15.51,652.0,2238.67,441.0,13,0.0,509.42,0,tripinfo_EastAveburyToWestA509.196 emissions_EastAveburyToWestA509.196,electric,1.15,0.0,0.0,0.0,0.0,0.0,0.0,0.0
WestH6ToSaxonSt.141,1692.0,524_0,0.0,0.0,0.0,2520.0,771_1,56.88,13.99,828.0,2767.85,509.0,12,0.0,623.13,0,tripinfo_WestH6ToSaxonSt.141 emissions_WestH6ToSaxonSt.141,gasoline_euro4,1.01,102875.140771,2270232.57355,520.993319,50.133365,994.653986,724131.454255,0.0
WestH6ToSaxonSt.136,1632.0,524_0,0.0,0.0,0.0,2523.0,771_1,56.88,13.82,891.0,2767.88,568.0,11,0.0,684.34,0,tripinfo_WestH6ToSaxonSt.136 emissions_WestH6ToSaxonSt.136,gasoline_euro4,1.0,112663.510233,2418920.972594,569.220251,54.201027,1065.322215,771559.320677,0.0
EastSilburyToEastAvebury.105,2080.0,317_0,0.0,0.0,0.0,2526.0,213_0,19.13,14.09,446.0,1581.83,279.0,7,0.0,332.84,0,tripinfo_EastSilburyToEastAvebury.105 emissions_EastSilburyToEastAvebury.105,electric,1.03,0.0,0.0,0.0,0.0,0.0,0.0,0.0
EastAveburyToWestA509.177,1704.0,483_0,0.0,0.0,0.0,2528.0,774_1,29.75,15.39,824.0,2263.34,538.0,16,0.0,677.25,0,tripinfo_EastAveburyToWestA509.177 emissions_EastAveburyToWestA509.177,gasoline_euro4,1.13,109364.809127,2277111.671205,550.729424,51.815767,1006.634599,726327.843067,0.0
EastSilburyToEastAvebury.78,1648.0,317_0,0.0,0.0,0.0,2529.0,213_0,19.13,12.43,881.0,1581.8,655.0,15,0.0,751.7,0,tripinfo_EastSilburyToEastAvebury.78 emissions_EastSilburyToEastAvebury.78,electric,0.9,0.0,0.0,0.0,0.0,0.0,0.0,0.0
EastAveburyToWestA509.200,1900.0,483_0,0.0,0.0,0.0,2533.0,774_0,29.75,12.17,633.0,2258.77,358.0,16,0.0,449.39,0,tripinfo_EastAveburyToWestA509.200 emissions_EastAveburyToWestA509.200,gasoline_euro4,0.9,75157.097389,1676148.678459,381.222262,36.580371,732.271615,534637.715708,0.0
V6ToEastH6.202,2424.0,468_1,0.0,0.0,0.0,2533.0,522_0,56.88,17.37,109.0,1512.23,0.0,0,0.0,25.1,0,tripinfo_V6ToEastH6.202 emissions_V6ToEastH6.202,electric,1.3,0.0,0.0,0.0,0.0,0.0,0.0,0.0
V6ToEastH6.200,2400.0,468_1,0.0,0.0,0.0,2534.0,522_1,56.88,11.47,134.0,1512.23,0.0,0,0.0,13.2,0,tripinfo_V6ToEastH6.200 emissions_V6ToEastH6.200,gasoline_euro4,0.91,3987.249806,342449.11888,25.83693,5.029188,132.073632,109225.968383,0.0
EastAveburyToWestA509.194,1849.0,483_0,0.0,0.0,0.0,2535.0,774_0,29.75,12.93,686.0,2263.1,436.0,17,0.0,517.48,0,tripinfo_EastAveburyToWestA509.194 emissions_EastAveburyToWestA509.194,gasoline_euro4,0.98,85201.039586,1842716.109088,430.377654,40.586963,805.900804,587768.624108,0.0
EastAveburyToWestA509.207,1959.0,483_0,0.0,0.0,0.0,2535.0,774_1,29.75,16.59,576.0,2258.78,370.0,9,0.0,441.84,0,tripinfo_EastAveburyToWestA509.207 emissions_EastAveburyToWestA509.207,gasoline_euro4,1.23,73770.778297,1736407.486813,375.611103,38.396231,757.289558,553855.226082,0.0
V6ToEastH6.201,2412.0,468_1,0.0,0.0,0.0,2536.0,522_1,56.88,12.91,124.0,1512.23,0.0,0,0.0,14.53,0,tripinfo_V6ToEastH6.201 emissions_V6ToEastH6.201,gasoline_euro4,1.0,4145.857613,368297.403653,26.973938,5.694173,142.952877,117470.012828,0.0
WestA509ToAvebury.119,2142.0,773_0,0.0,0.0,0.0,2537.0,213_0,19.13,13.85,395.0,2289.21,196.0,7,0.0,240.55,0,tripinfo_WestA509ToAvebury.119 emissions_WestA509ToAvebury.119,electric,1.07,0.0,0.0,0.0,0.0,0.0,0.0,0.0
EastAveburyToWestA509.199,1891.0,483_0,0.0,0.0,0.0,2539.0,774_0,29.75,12.77,648.0,2258.77,396.0,13,0.0,468.56,0,tripinfo_EastAveburyToWestA509.199 emissions_EastAveburyToWestA509.199,electric,0.92,0.0,0.0,0.0,0.0,0.0,0.0,0.0
WestA509ToEastH6.62,2232.0,773_0,0.0,0.0,0.0,2540.0,522_1,56.88,15.49,308.0,2754.12,60.0,2,0.0,133.43,0,tripinfo_WestA509ToEastH6.62 emissions_WestA509ToEastH6.62,gasoline_euro4,1.15,20893.656585,908930.905858,115.636501,16.667524,371.883356,289911.012304,0.0
EastAveburyToWestA509.205,1942.0,483_0,0.0,0.0,0.0,2541.0,774_0,29.75,12.24,599.0,2254.83,325.0,15,0.0,426.28,0,tripinfo_EastAveburyToWestA509.205 emissions_EastAveburyToWestA509.205,gasoline_euro4,0.96,70317.558435,1593198.80635,357.056304,34.677349,694.634709,508178.778987,0.0
EastAveburyToWestA509.206,1951.0,483_0,0.0,0.0,0.0,2542.0,774_0,29.75,13.04,591.0,2254.85,375.0,9,0.0,431.54,0,tripinfo_EastAveburyToWestA509.206 emissions_EastAveburyToWestA509.206,electric,1.03,0.0,0.0,0.0,0.0,0.0,0.0,0.0
WestA509ToEastH6.61,2199.0,773_0,0.0,0.0,3.0,2542.0,522_0,56.88,12.08,343.0,2754.07,84.0,2,0.0,126.83,0,tripinfo_WestA509ToEastH6.61 emissions_WestA509ToEastH6.61,gasoline_euro4,0.92,23048.774788,894239.125452,124.969712,15.524171,361.452782,285227.530326,0.0
SouthEvansGateToSilbury.129,2322.0,526_0,0.0,0.0,0.0,2543.0,215_1,19.43,13.9,221.0,1477.52,90.0,2,0.0,116.8,0,tripinfo_SouthEvansGateToSilbury.129 emissions_SouthEvansGateToSilbury.129,electric,1.03,0.0,0.0,0.0,0.0,0.0,0.0,0.0
EastAveburyToWestA509.234,2189.0,483_1,0.0,0.0,0.0,2545.0,774_1,29.75,12.91,356.0,2218.32,137.0,5,0.0,188.53,0,tripinfo_EastAveburyToWestA509.234 emissions_EastAveburyToWestA509.234,electric,0.96,0.0,0.0,0.0,0.0,0.0,0.0,0.0
EastAveburyToWestA509.224,2104.0,483_1,0.0,0.0,0.0,2546.0,774_2,29.75,14.23,442.0,2219.5,221.0,8,0.0,284.57,0,tripinfo_EastAveburyToWestA509.224 emissions_EastAveburyToWestA509.224,electric,1.03,0.0,0.0,0.0,0.0,0.0,0.0,0.0
SouthEvansGateToSilbury.128,2304.0,526_0,0.0,0.0,0.0,2548.0,215_1,19.43,10.62,244.0,1477.63,89.0,3,0.0,115.59,0,tripinfo_SouthEvansGateToSilbury.128 emissions_SouthEvansGateToSilbury.128,electric,0.83,0.0,0.0,0.0,0.0,0.0,0.0,0.0
EastA509ToH6.122,2196.0,770_0,0.0,0.0,0.0,2550.0,522_0,56.88,15.39,354.0,1483.69,197.0,6,0.0,258.21,0,tripinfo_EastA509ToH6.122 emissions_EastA509ToH6.122,electric,1.12,0.0,0.0,0.0,0.0,0.0,0.0,0.0
SouthEvansGateToSilbury.130,2340.0,526_0,0.0,0.0,0.0,2550.0,215_1,19.43,13.72,210.0,1477.52,70.0,3,0.0,109.52,0,tripinfo_SouthEvansGateToSilbury.130 emissions_SouthEvansGateToSilbury.130,electric,1.07,0.0,0.0,0.0,0.0,0.0,0.0,0.0
EastAveburyToWestA509.203,1925.0,483_1,0.0,0.0,0.0,2554.0,774_0,29.75,14.0,629.0,2325.53,387.0,15,0.0,464.13,0,tripinfo_EastAveburyToWestA509.203 emissions_EastAveburyToWestA509.203,gasoline_euro4,1.05,78253.940948,1801641.14507,397.773779,39.649281,787.524854,574663.794062,0.0
EastA509ToH6.123,2214.0,770_0,0.0,0.0,0.0,2555.0,522_0,56.88,13.46,341.0,1483.69,188.0,4,0.0,239.6,0,tripinfo_EastA509ToH6.123 emissions_EastA509ToH6.123,electric,1.06,0.0,0.0,0.0,0.0,0.0,0.0,0.0
EastSilburyToEastAvebury.116,2256.0,317_0,0.0,0.0,0.0,2565.0,213_1,19.13,14.86,309.0,1590.89,156.0,6,0.0,204.01,0,tripinfo_EastSilburyToEastAvebury.116 emissions_EastSilburyToEastAvebury.116,electric,1.1,0.0,0.0,0.0,0.0,0.0,0.0,0.0
EastSilburyToEastAvebury.109,2144.0,317_0,0.0,0.0,0.0,2567.0,213_0,19.13,12.37,423.0,1590.83,244.0,6,0.0,294.71,0,tripinfo_EastSilburyToEastAvebury.109 emissions_EastSilburyToEastAvebury.109,electric,0.9,0.0,0.0,0.0,0.0,0.0,0.0,0.0
SouthEvansGateToSilbury.126,2268.0,526_0,0.0,0.0,0.0,2567.0,215_1,19.43,12.39,299.0,1471.68,160.0,4,0.0,189.77,0,tripinfo_SouthEvansGateToSilbury.126 emissions_SouthEvansGateToSilbury.126,gasoline_euro4,0.97,32941.818206,842590.67789,169.262877,17.555695,361.194917,268757.354914,0.0
SouthEvansGateToSilbury.132,2376.0,526_0,0.0,0.0,0.0,2568.0,215_1,19.43,14.7,192.0,1471.7,64.0,3,0.0,93.89,0,tripinfo_SouthEvansGateToSilbury.132 emissions_SouthEvansGateToSilbury.132,gasoline_euro4,1.08,16638.856228,576613.956005,88.740558,11.132649,239.760965,183917.277276,0.0
EastSilburyToEastAvebury.114,2224.0,317_0,0.0,0.0,0.0,2569.0,213_0,19.13,12.9,345.0,1590.83,176.0,5,0.0,221.58,0,tripinfo_EastSilburyToEastAvebury.114 emissions_EastSilburyToEastAvebury.114,electric,0.94,0.0,0.0,0.0,0.0,0.0,0.0,0.0
V6ToEastH6.204,2448.0,468_1,0.0,0.0,0.0,2570.0,522_1,56.88,13.47,122.0,1512.23,0.0,0,0.0,13.73,0,tripinfo_V6ToEastH6.204 emissions_V6ToEastH6.204,electric,1.01,0.0,0.0,0.0,0.0,0.0,0.0,0.0
V6ToEastH6.203,2436.0,468_1,0.0,0.0,0.0,2576.0,522_1,56.88,12.12,140.0,1512.23,0.0,0,0.0,17.71,0,tripinfo_V6ToEastH6.203 emissions_V6ToEastH6.203,gasoline_euro4,0.89,4704.722371,373974.175497,29.823288,5.526162,144.736485,119281.229768,0.0
V6ToEastH6.205,2460.0,468_1,0.0,0.0,0.0,2578.0,522_1,56.88,15.27,118.0,1512.23,1.0,1,0.0,21.93,0,tripinfo_V6ToEastH6.205 emissions_V6ToEastH6.205,gasoline_euro4,1.14,5383.766627,418336.593041,33.587428,7.111054,165.751515,133429.886738,0.0
EastA509ToH6.125,2250.0,770_0,0.0,0.0,0.0,2582.0,522_1,56.88,15.2,332.0,1483.69,167.0,7,0.0,239.83,0,tripinfo_EastA509ToH6.125 emissions_EastA509ToH6.125,electric,1.16,0.0,0.0,0.0,0.0,0.0,0.0,0.0
EastA509ToH6.124,2232.0,770_0,0.0,0.0,0.0,2585.0,522_0,56.88,11.27,353.0,1483.64,187.0,8,0.0,232.92,0,tripinfo_EastA509ToH6.124 emissions_EastA509ToH6.124,gasoline_euro4,0.89,39457.574408,946467.039665,201.571968,19.780125,407.363664,301891.797605,0.0
EastA509ToH6.127,2286.0,770_0,0.0,0.0,0.0,2587.0,522_0,56.88,14.22,301.0,1483.54,136.0,6,0.0,197.66,0,tripinfo_EastA509ToH6.127 emissions_EastA509ToH6.127,gasoline_euro4,1.04,32718.25443,873528.889274,169.288141,18.516691,377.701327,278624.245648,0.0
WestH6ToSaxonSt.158,1896.0,524_0,0.0,0.0,0.0,2597.0,771_1,56.88,15.2,701.0,2574.96,461.0,10,0.0,542.17,0,tripinfo_WestH6ToSaxonSt.158 emissions_WestH6ToSaxonSt.158,gasoline_euro4,1.19,89761.633148,1982196.691191,454.067869,44.191667,866.343315,632256.878769,0.0
V6ToEastH6.206,2472.0,468_1,0.0,0.0,0.0,2600.0,522_1,56.88,12.77,128.0,1512.23,0.0,0,0.0,16.25,0,tripinfo_V6ToEastH6.206 emissions_V6ToEastH6.206,gasoline_euro4,0.98,4485.940535,376777.394466,28.643948,5.930838,147.197086,120174.758046,0.0
WestH6ToSaxonSt.160,1920.0,524_0,0.0,0.0,0.0,2602.0,771_1,56.88,14.26,682.0,2574.96,422.0,10,0.0,507.59,0,tripinfo_WestH6ToSaxonSt.160 emissions_WestH6ToSaxonSt.160,gasoline_euro4,1.08,83608.857208,1854178.262972,422.917748,40.662371,806.578501,591423.616719,0.0
V6ToEastH6.207,2484.0,468_1,0.0,0.0,0.0,2603.0,522_1,56.88,13.38,119.0,1512.23,0.0,0,0.0,12.34,0,tripinfo_V6ToEastH6.207 emissions_V6ToEastH6.207,gasoline_euro4,1.02,3886.057663,363849.592773,25.476038,5.536144,139.869381,116051.338929,0.0
EastSilburyToEastAvebury.55,1280.0,317_0,0.0,0.0,0.0,2612.0,213_0,19.13,11.28,1332.0,680.87,1109.0,27,0.0,1269.6,0,tripinfo_EastSilburyToEastAvebury.55 emissions_EastSilburyToEastAvebury.55,electric,0.81,0.0,0.0,0.0,0.0,0.0,0.0,0.0
EastAveburyToWestA509.188,1798.0,483_0,0.0,0.0,0.0,2612.0,774_0,29.75,14.25,814.0,2257.87,559.0,19,0.0,657.06,0,tripinfo_EastAveburyToWestA509.188 emissions_EastAveburyToWestA509.188,gasoline_euro4,1.05,107898.888769,2234749.10724,543.119843,50.668159,987.253395,712816.09508,0.0
EastSilburyToEastAvebury.25,800.0,317_0,0.0,0.0,0.0,2614.0,213_0,19.13,15.92,1814.0,680.89,1591.0,30,0.0,1771.09,0,tripinfo_EastSilburyToEastAvebury.25 emissions_EastSilburyToEastAvebury.25,electric,1.19,0.0,0.0,0.0,0.0,0.0,0.0,0.0
V6ToEastH6.208,2496.0,468_1,0.0,0.0,0.0,2614.0,522_1,56.88,14.88,118.0,1512.23,0.0,0,0.0,19.38,0,tripinfo_V6ToEastH6.208 emissions_V6ToEastH6.208,gasoline_euro4,1.11,4868.114922,404763.916661,30.752645,6.542442,157.847798,129101.017702,0.0
WestA509ToAvebury.68,1227.0,773_0,0.0,0.0,3.0,2615.0,213_0,19.13,15.09,1388.0,2288.81,1133.0,14,0.0,1247.22,0,tripinfo_WestA509ToAvebury.68 emissions_WestA509ToAvebury.68,electric,1.18,0.0,0.0,0.0,0.0,0.0,0.0,0.0
EastSilburyToEastAvebury.28,848.0,317_0,0.0,0.0,0.0,2617.0,213_0,19.13,13.96,1769.0,680.89,1544.0,30,0.0,1721.39,0,tripinfo_EastSilburyToEastAvebury.28 emissions_EastSilburyToEastAvebury.28,gasoline_euro4,1.07,278101.712417,4634259.802964,1374.945935,114.346101,2113.483655,1478209.774843,0.0
EastSilburyToEastAvebury.36,976.0,317_0,0.0,0.0,0.0,2618.0,213_0,19.13,15.02,1642.0,1576.66,1371.0,22,0.0,1535.57,0,tripinfo_EastSilburyToEastAvebury.36 emissions_EastSilburyToEastAvebury.36,electric,1.08,0.0,0.0,0.0,0.0,0.0,0.0,0.0
WestH6ToSaxonSt.144,1728.0,524_0,0.0,0.0,0.0,2620.0,771_1,56.88,9.53,892.0,2767.88,539.0,14,0.0,622.01,0,tripinfo_WestH6ToSaxonSt.144 emissions_WestH6ToSaxonSt.144,gasoline_euro4,0.77,106299.136384,2228667.225497,535.915588,48.454916,974.473907,710877.55684,0.0
EastAveburyToWestA509.212,2002.0,483_0,0.0,0.0,0.0,2620.0,774_0,29.75,12.19,618.0,2258.79,378.0,8,0.0,440.48,0,tripinfo_EastAveburyToWestA509.212 emissions_EastAveburyToWestA509.212,gasoline_euro4,0.93,73644.138077,1650319.414232,373.54696,35.824539,718.726872,526399.053224,0.0
WestH6ToSaxonSt.171,2052.0,524_0,0.0,0.0,0.0,2620.0,771_0,56.88,12.79,568.0,2574.94,271.0,8,0.0,363.54,0,tripinfo_WestH6ToSaxonSt.171 emissions_WestH6ToSaxonSt.171,gasoline_euro4,0.92,60019.234031,1488462.724376,307.675381,30.706344,638.272959,474769.684499,0.0
EastAveburyToWestA509.195,1857.0,483_0,0.0,0.0,0.0,2621.0,774_1,29.75,13.81,764.0,2258.78,511.0,11,0.0,609.08,0,tripinfo_EastAveburyToWestA509.195 emissions_EastAveburyToWestA509.195,gasoline_euro4,1.07,100077.346546,2104168.039723,504.520149,47.400319,926.730235,671164.199519,0.0
EastAveburyToWestA509.178,1713.0,483_0,0.0,0.0,0.0,2622.0,774_0,29.75,13.2,909.0,2263.33,608.0,13,0.0,735.94,0,tripinfo_EastAveburyToWestA509.178 emissions_EastAveburyToWestA509.178,gasoline_euro4,0.95,119642.707981,2403222.114164,600.551637,54.483865,1062.892814,766556.05294,0.0
EastSilburyToEastAvebury.42,1072.0,317_0,0.0,0.0,0.0,2623.0,213_0,19.13,11.62,1551.0,1576.66,1278.0,17,0.0,1417.0,0,tripinfo_EastSilburyToEastAvebury.42 emissions_EastSilburyToEastAvebury.42,electric,0.86,0.0,0.0,0.0,0.0,0.0,0.0,0.0
WestA509ToAvebury.66,1188.0,773_0,0.0,0.0,0.0,2625.0,213_0,19.13,13.57,1437.0,2288.66,1164.0,12,0.0,1269.66,0,tripinfo_WestA509ToAvebury.66 emissions_WestA509ToAvebury.66,electric,0.99,0.0,0.0,0.0,0.0,0.0,0.0,0.0
EastAveburyToWestA509.183,1755.0,483_0,0.0,0.0,0.0,2627.0,774_0,29.75,12.14,872.0,2264.88,585.0,10,0.0,696.71,0,tripinfo_EastAveburyToWestA509.183 emissions_EastAveburyToWestA509.183,gasoline_euro4,0.94,112669.259136,2273053.565407,565.76785,51.392103,1004.563914,725036.017585,0.0
EastAveburyToWestA509.186,1781.0,483_0,0.0,0.0,0.0,2627.0,774_1,29.75,14.08,846.0,2264.89,583.0,10,0.0,693.92,0,tripinfo_EastAveburyToWestA509.186 emissions_EastAveburyToWestA509.186,gasoline_euro4,1.09,112503.916139,2303589.763632,565.591889,52.661353,1020.270776,734774.420102,0.0
EastAveburyToWestA509.202,1917.0,483_0,0.0,0.0,0.0,2631.0,774_0,29.75,12.56,714.0,2258.77,417.0,19,0.0,531.53,0,tripinfo_EastAveburyToWestA509.202 emissions_EastAveburyToWestA509.202,gasoline_euro4,0.9,88053.931831,1893208.62719,444.785845,41.598707,828.879575,603874.564445,0.0
SouthEvansGateToSilbury.134,2412.0,526_0,0.0,0.0,0.0,2633.0,215_1,19.43,13.21,221.0,1477.62,85.0,2,0.0,111.52,0,tripinfo_SouthEvansGateToSilbury.134 emissions_SouthEvansGateToSilbury.134,electric,0.98,0.0,0.0,0.0,0.0,0.0,0.0,0.0
WestH6ToSaxonSt.195,2340.0,524_0,0.0,0.0,0.0,2634.0,771_0,56.88,13.9,294.0,2602.68,77.0,3,0.0,108.02,0,tripinfo_WestH6ToSaxonSt.195 emissions_WestH6ToSaxonSt.195,electric,1.01,0.0,0.0,0.0,0.0,0.0,0.0,0.0
V6ToEastH6.209,2508.0,468_1,0.0,0.0,0.0,2638.0,522_1,56.88,12.85,130.0,1512.23,1.0,1,0.0,20.65,0,tripinfo_V6ToEastH6.209 emissions_V6ToEastH6.209,gasoline_euro4,1.0,4943.402253,378115.235691,30.767059,5.959875,147.416357,120601.754098,0.0
SouthEvansGateToSilbury.139,2502.0,526_0,0.0,0.0,0.0,2640.0,215_1,19.43,15.52,138.0,1477.59,27.0,1,0.0,42.24,0,tripinfo_SouthEvansGateToSilbury.139 emissions_SouthEvansGateToSilbury.139,electric,1.12,0.0,0.0,0.0,0.0,0.0,0.0,0.0
V6ToEastH6.210,2520.0,468_1,0.0,0.0,0.0,2641.0,522_1,56.88,13.65,121.0,1512.23,0.0,0,0.0,14.1,0,tripinfo_V6ToEastH6.210 emissions_V6ToEastH6.210,electric,1.02,0.0,0.0,0.0,0.0,0.0,0.0,0.0
SouthEvansGateToSilbury.131,2358.0,526_0,0.0,0.0,0.0,2655.0,215_1,19.43,13.79,297.0,1471.73,157.0,4,0.0,191.72,0,tripinfo_SouthEvansGateToSilbury.131 emissions_SouthEvansGateToSilbury.131,gasoline_euro4,1.01,32949.388067,855454.578033,169.648419,17.881769,366.77606,272860.13713,0.0
SouthEvansGateToSilbury.133,2394.0,526_0,0.0,0.0,0.0,2658.0,215_1,19.43,11.35,264.0,1471.71,118.0,4,0.0,145.2,0,tripinfo_SouthEvansGateToSilbury.133 emissions_SouthEvansGateToSilbury.133,gasoline_euro4,0.9,25235.231158,689907.835519,130.708599,13.476016,289.999275,220056.740226,0.0
V6ToEastH6.214,2568.0,468_1,0.0,0.0,0.0,2686.0,522_1,56.88,14.96,118.0,1512.23,0.0,0,0.0,21.82,0,tripinfo_V6ToEastH6.214 emissions_V6ToEastH6.214,gasoline_euro4,1.14,4993.790249,397166.292889,31.639586,6.732319,157.427199,126677.557948,0.0
WestH6ToSaxonSt.173,2076.0,524_0,0.0,0.0,0.0,2689.0,771_1,56.88,13.68,613.0,2574.97,326.0,10,0.0,430.49,0,tripinfo_WestH6ToSaxonSt.173 emissions_WestH6ToSaxonSt.173,gasoline_euro4,1.03,69597.860631,1672002.837583,355.371535,35.501072,721.90042,533313.093361,0.0
WestH6ToSaxonSt.146,1752.0,524_0,0.0,0.0,0.0,2691.0,771_1,56.88,14.04,939.0,2767.87,639.0,11,0.0,739.62,0,tripinfo_WestH6ToSaxonSt.146 emissions_WestH6ToSaxonSt.146,gasoline_euro4,1.04,122326.912359,2557968.405677,615.872491,57.454603,1125.454119,815912.975604,0.0
V6ToEastH6.215,2580.0,468_1,0.0,0.0,0.0,2699.0,522_1,56.88,13.74,119.0,1512.23,0.0,0,0.0,12.4,0,tripinfo_V6ToEastH6.215 emissions_V6ToEastH6.215,electric,1.03,0.0,0.0,0.0,0.0,0.0,0.0,0.0
EastAveburyToWestA509.174,1679.0,483_0,0.0,0.0,0.0,2704.0,774_0,29.75,13.09,1025.0,2261.71,733.0,12,0.0,858.94,0,tripinfo_EastAveburyToWestA509.174 emissions_EastAveburyToWestA509.174,gasoline_euro4,0.99,139966.109702,2737220.266225,700.789946,62.906624,1215.289654,873092.884854,0.0
WestA509ToAvebury.41,738.0,773_0,0.0,0.0,0.0,2708.0,213_0,19.13,12.37,1970.0,2250.07,1659.0,25,0.0,1800.79,0,tripinfo_WestA509ToAvebury.41 emissions_WestA509ToAvebury.41,electric,0.96,0.0,0.0,0.0,0.0,0.0,0.0,0.0
EastSilburyToEastAvebury.52,1232.0,317_0,0.0,0.0,0.0,2710.0,213_0,19.13,13.52,1478.0,1576.66,1241.0,22,0.0,1364.66,0,tripinfo_EastSilburyToEastAvebury.52 emissions_EastSilburyToEastAvebury.52,electric,1.02,0.0,0.0,0.0,0.0,0.0,0.0,0.0
EastAveburyToWestA509.215,2027.0,483_0,0.0,0.0,0.0,2712.0,774_2,29.75,15.01,685.0,2261.19,418.0,10,0.0,539.89,0,tripinfo_EastAveburyToWestA509.215 emissions_EastAveburyToWestA509.215,gasoline_euro4,1.14,87226.719518,1933769.973335,442.12068,43.532059,851.558736,616809.478396,0.0
EastAveburyToWestA509.197,1874.0,483_1,0.0,0.0,0.0,2713.0,774_1,29.75,13.13,839.0,2241.74,555.0,11,0.0,669.88,0,tripinfo_EastAveburyToWestA509.197 emissions_EastAveburyToWestA509.197,electric,0.98,0.0,0.0,0.0,0.0,0.0,0.0,0.0
EastSilburyToEastAvebury.118,2288.0,317_0,0.0,0.0,0.0,2713.0,213_0,19.13,12.39,425.0,1581.83,254.0,7,0.0,301.15,0,tripinfo_EastSilburyToEastAvebury.118 emissions_EastSilburyToEastAvebury.118,electric,0.93,0.0,0.0,0.0,0.0,0.0,0.0,0.0
EastAveburyToWestA509.193,1840.0,483_0,0.0,0.0,0.0,2714.0,774_1,29.75,15.3,874.0,2264.85,591.0,14,0.0,729.44,0,tripinfo_EastAveburyToWestA509.193 emissions_EastAveburyToWestA509.193,gasoline_euro4,1.14,116381.073793,2400730.101768,586.017539,55.083372,1066.677452,765758.36157,0.0
WestH6ToSaxonSt.200,2400.0,524_0,0.0,0.0,0.0,2715.0,771_0,56.88,14.98,315.0,2602.68,102.0,4,0.0,148.17,0,tripinfo_WestH6ToSaxonSt.200 emissions_WestH6ToSaxonSt.200,electric,1.13,0.0,0.0,0.0,0.0,0.0,0.0,0.0
EastAveburyToWestA509.175,1687.0,483_0,0.0,0.0,0.0,2721.0,774_0,29.75,10.13,1034.0,2263.35,705.0,14,0.0,813.56,0,tripinfo_EastAveburyToWestA509.175 emissions_EastAveburyToWestA509.175,electric,0.75,0.0,0.0,0.0,0.0,0.0,0.0,0.0
EastAveburyToWestA509.189,1806.0,483_0,0.0,0.0,0.0,2722.0,774_1,29.75,12.27,916.0,2264.87,605.0,13,0.0,732.74,0,tripinfo_EastAveburyToWestA509.189 emissions_EastAveburyToWestA509.189,gasoline_euro4,0.9,118114.299497,2367440.052281,592.99821,53.750039,1048.802318,755142.672138,0.0
EastAveburyToWestA509.211,1993.0,483_1,0.0,0.0,0.0,2723.0,774_0,29.75,12.99,730.0,2241.68,433.0,12,0.0,557.42,0,tripinfo_EastAveburyToWestA509.211 emissions_EastAveburyToWestA509.211,electric,0.96,0.0,0.0,0.0,0.0,0.0,0.0,0.0
EastAveburyToWestA509.187,1789.0,483_0,0.0,0.0,0.0,2725.0,774_0,29.75,12.2,936.0,2260.93,656.0,13,0.0,765.61,0,tripinfo_EastAveburyToWestA509.187 emissions_EastAveburyToWestA509.187,gasoline_euro4,0.97,124894.4965,2482953.475849,626.190153,56.622884,1100.551281,791988.368353,0.0
EastAveburyToWestA509.242,2257.0,483_1,0.0,0.0,0.0,2725.0,774_1,29.75,13.64,468.0,2219.98,254.0,7,0.0,311.99,0,tripinfo_EastAveburyToWestA509.242 emissions_EastAveburyToWestA509.242,electric,1.03,0.0,0.0,0.0,0.0,0.0,0.0,0.0
SouthEvansGateToSilbury.144,2592.0,526_0,0.0,0.0,0.0,2727.0,215_1,19.43,15.61,135.0,1477.52,24.0,1,0.0,40.44,0,tripinfo_SouthEvansGateToSilbury.144 emissions_SouthEvansGateToSilbury.144,electric,1.13,0.0,0.0,0.0,0.0,0.0,0.0,0.0
EastA509ToH6.128,2304.0,770_0,0.0,0.0,0.0,2732.0,522_0,56.88,13.01,428.0,1483.54,274.0,5,0.0,320.05,0,tripinfo_EastA509ToH6.128 emissions_EastA509ToH6.128,electric,1.0,0.0,0.0,0.0,0.0,0.0,0.0,0.0
V6ToEastH6.217,2604.0,468_1,0.0,0.0,0.0,2738.0,522_1,56.88,11.62,134.0,1512.23,0.0,0,0.0,15.56,0,tripinfo_V6ToEastH6.217 emissions_V6ToEastH6.217,electric,0.92,0.0,0.0,0.0,0.0,0.0,0.0,0.0
V6ToEastH6.218,2616.0,468_1,0.0,0.0,0.0,2740.0,522_1,56.88,15.27,124.0,1512.23,0.0,0,0.0,26.77,0,tripinfo_V6ToEastH6.218 emissions_V6ToEastH6.218,electric,1.13,0.0,0.0,0.0,0.0,0.0,0.0,0.0
SouthEvansGateToSilbury.136,2448.0,526_0,0.0,0.0,0.0,2743.0,215_1,19.43,12.15,295.0,1471.7,155.0,4,0.0,184.16,0,tripinfo_SouthEvansGateToSilbury.136 emissions_SouthEvansGateToSilbury.136,gasoline_euro4,0.96,31951.806464,821263.805215,164.34444,17.097625,352.116497,261954.744561,0.0
SouthEvansGateToSilbury.137,2466.0,526_0,0.0,0.0,0.0,2743.0,215_0,19.43,13.77,277.0,1471.73,136.0,4,0.0,174.82,0,tripinfo_SouthEvansGateToSilbury.137 emissions_SouthEvansGateToSilbury.137,gasoline_euro4,1.05,29812.031834,809325.431356,154.458894,16.909895,347.13089,258145.693344,0.0
SouthEvansGateToSilbury.140,2520.0,526_0,0.0,0.0,0.0,2744.0,215_0,19.43,13.88,224.0,1471.73,92.0,3,0.0,125.05,0,tripinfo_SouthEvansGateToSilbury.140 emissions_SouthEvansGateToSilbury.140,gasoline_euro4,1.07,21338.132217,651824.483527,111.986284,12.967973,274.131156,207907.638198,0.0
SouthEvansGateToSilbury.135,2430.0,526_0,0.0,0.0,0.0,2746.0,215_1,19.43,11.23,316.0,1471.71,153.0,5,0.0,195.14,0,tripinfo_SouthEvansGateToSilbury.135 emissions_SouthEvansGateToSilbury.135,gasoline_euro4,0.88,33669.295123,846199.883206,173.000675,17.634168,364.281457,269908.886201,0.0
EastA509ToH6.129,2322.0,770_0,0.0,0.0,0.0,2749.0,522_0,56.88,13.07,427.0,1483.54,264.0,6,0.0,318.83,0,tripinfo_EastA509ToH6.129 emissions_EastA509ToH6.129,electric,0.99,0.0,0.0,0.0,0.0,0.0,0.0,0.0
V6ToEastH6.216,2592.0,468_1,0.0,0.0,0.0,2751.0,522_0,56.88,10.27,159.0,1512.23,0.0,0,0.0,14.4,0,tripinfo_V6ToEastH6.216 emissions_V6ToEastH6.216,electric,0.75,0.0,0.0,0.0,0.0,0.0,0.0,0.0
V6ToEastH6.219,2628.0,468_1,0.0,0.0,0.0,2751.0,522_1,56.88,12.99,123.0,1512.23,0.0,0,0.0,15.61,0,tripinfo_V6ToEastH6.219 emissions_V6ToEastH6.219,electric,1.01,0.0,0.0,0.0,0.0,0.0,0.0,0.0
EastA509ToH6.130,2340.0,770_0,0.0,0.0,0.0,2756.0,522_0,56.88,12.2,416.0,1483.54,246.0,6,0.0,305.83,0,tripinfo_EastA509ToH6.130 emissions_EastA509ToH6.130,electric,0.97,0.0,0.0,0.0,0.0,0.0,0.0,0.0
EastA509ToH6.131,2358.0,770_0,0.0,0.0,0.0,2758.0,522_1,56.88,13.62,400.0,1483.54,230.0,6,0.0,292.45,0,tripinfo_EastA509ToH6.131 emissions_EastA509ToH6.131,gasoline_euro4,1.0,48536.794598,1138408.169238,247.431817,24.810329,496.419631,363114.183214,0.0
V6ToEastH6.220,2640.0,468_1,0.0,0.0,0.0,2769.0,522_1,56.88,12.68,129.0,1512.23,0.0,0,0.0,17.77,0,tripinfo_V6ToEastH6.220 emissions_V6ToEastH6.220,electric,0.98,0.0,0.0,0.0,0.0,0.0,0.0,0.0
V6ToEastH6.221,2652.0,468_1,0.0,0.0,0.0,2770.0,522_1,56.88,13.62,118.0,1512.23,0.0,0,0.0,14.69,0,tripinfo_V6ToEastH6.221 emissions_V6ToEastH6.221,electric,1.05,0.0,0.0,0.0,0.0,0.0,0.0,0.0
EastAveburyToWestA509.231,2163.0,483_1,0.0,0.0,0.0,2775.0,774_0,29.75,12.36,612.0,2292.47,361.0,6,0.0,427.7,0,tripinfo_EastAveburyToWestA509.231 emissions_EastAveburyToWestA509.231,electric,0.93,0.0,0.0,0.0,0.0,0.0,0.0,0.0
V6ToEastH6.222,2664.0,468_1,0.0,0.0,0.0,2788.0,522_1,56.88,13.47,124.0,1512.23,0.0,0,0.0,14.18,0,tripinfo_V6ToEastH6.222 emissions_V6ToEastH6.222,electric,0.99,0.0,0.0,0.0,0.0,0.0,0.0,0.0
EastSilburyToEastAvebury.56,1296.0,317_0,0.0,0.0,0.0,2789.0,213_0,19.13,14.17,1493.0,1576.67,1247.0,28,0.0,1380.58,0,tripinfo_EastSilburyToEastAvebury.56 emissions_EastSilburyToEastAvebury.56,electric,1.03,0.0,0.0,0.0,0.0,0.0,0.0,0.0
WestA509ToAvebury.124,2235.0,773_0,0.0,0.0,3.0,2790.0,213_0,19.13,15.72,555.0,2288.55,356.0,11,0.0,410.1,0,tripinfo_WestA509ToAvebury.124 emissions_WestA509ToAvebury.124,electric,1.15,0.0,0.0,0.0,0.0,0.0,0.0,0.0
EastSilburyToEastAvebury.126,2416.0,317_0,0.0,0.0,0.0,2794.0,213_0,19.13,12.47,378.0,1581.83,209.0,8,0.0,256.78,0,tripinfo_EastSilburyToEastAvebury.126 emissions_EastSilburyToEastAvebury.126,electric,0.95,0.0,0.0,0.0,0.0,0.0,0.0,0.0
EastSilburyToEastAvebury.38,1008.0,317_0,0.0,0.0,0.0,2796.0,213_0,19.13,14.48,1788.0,680.89,1606.0,25,0.0,1740.2,0,tripinfo_EastSilburyToEastAvebury.38 emissions_EastSilburyToEastAvebury.38,electric,1.07,0.0,0.0,0.0,0.0,0.0,0.0,0.0
EastSilburyToEastAvebury.130,2480.0,317_0,0.0,0.0,0.0,2798.0,213_0,19.13,14.12,318.0,1581.8,161.0,9,0.0,204.72,0,tripinfo_EastSilburyToEastAvebury.130 emissions_EastSilburyToEastAvebury.130,electric,1.02,0.0,0.0,0.0,0.0,0.0,0.0,0.0
EastSilburyToEastAvebury.134,2544.0,317_0,0.0,0.0,0.0,2800.0,213_0,19.13,12.95,256.0,1581.8,85.0,9,0.0,142.27,0,tripinfo_EastSilburyToEastAvebury.134 emissions_EastSilburyToEastAvebury.134,electric,1.02,0.0,0.0,0.0,0.0,0.0,0.0,0.0
WestA509ToEastH6.53,1908.0,773_1,0.0,0.0,0.0,2801.0,522_1,56.88,14.33,893.0,3074.94,589.0,10,0.0,675.65,0,tripinfo_WestA509ToEastH6.53 emissions_WestA509ToEastH6.53,electric,1.03,0.0,0.0,0.0,0.0,0.0,0.0,0.0
EastAveburyToWestA509.169,1636.0,483_1,0.0,0.0,0.0,2805.0,774_0,29.75,12.88,1169.0,2328.54,841.0,22,0.0,995.49,0,tripinfo_EastAveburyToWestA509.169 emissions_EastAveburyToWestA509.169,gasoline_euro4,1.0,163028.167259,3155241.488698,815.518339,73.073036,1405.815978,1006429.713741,0.0
V6ToEastH6.223,2676.0,468_1,0.0,0.0,0.0,2805.0,522_1,56.88,12.85,129.0,1512.23,0.0,0,0.0,15.85,0,tripinfo_V6ToEastH6.223 emissions_V6ToEastH6.223,electric,0.96,0.0,0.0,0.0,0.0,0.0,0.0,0.0
SouthEvansGateToSilbury.143,2574.0,526_0,0.0,0.0,0.0,2808.0,215_1,19.43,13.55,234.0,1477.59,105.0,2,0.0,132.77,0,tripinfo_SouthEvansGateToSilbury.143 emissions_SouthEvansGateToSilbury.143,electric,1.06,0.0,0.0,0.0,0.0,0.0,0.0,0.0
V6ToEastH6.224,2688.0,468_1,0.0,0.0,0.0,2808.0,522_1,56.88,14.0,120.0,1512.23,0.0,0,0.0,13.94,0,tripinfo_V6ToEastH6.224 emissions_V6ToEastH6.224,gasoline_euro4,1.03,4281.043909,362226.164694,27.581427,5.968814,143.033089,115533.270095,0.0
EastAveburyToWestA509.251,2333.0,483_1,0.0,0.0,0.0,2810.0,774_0,29.75,12.04,477.0,2219.87,248.0,8,0.0,303.05,0,tripinfo_EastAveburyToWestA509.251 emissions_EastAveburyToWestA509.251,electric,0.92,0.0,0.0,0.0,0.0,0.0,0.0,0.0
SouthEvansGateToSilbury.145,2610.0,526_0,0.0,0.0,0.0,2810.0,215_1,19.43,14.08,200.0,1477.52,67.0,2,0.0,96.23,0,tripinfo_SouthEvansGateToSilbury.145 emissions_SouthEvansGateToSilbury.145,electric,1.03,0.0,0.0,0.0,0.0,0.0,0.0,0.0
EastAveburyToWestA509.172,1662.0,483_1,0.0,0.0,0.0,2812.0,774_0,29.75,14.1,1150.0,2328.54,810.0,27,0.0,981.76,0,tripinfo_EastAveburyToWestA509.172 emissions_EastAveburyToWestA509.172,gasoline_euro4,1.03,159454.288385,3102212.106021,798.305944,71.878105,1382.603062,989514.341803,0.0
WestH6ToSaxonSt.208,2496.0,524_0,0.0,0.0,0.0,2812.0,771_0,56.88,12.89,316.0,2600.56,79.0,2,0.0,129.93,0,tripinfo_WestH6ToSaxonSt.208 emissions_WestH6ToSaxonSt.208,electric,1.01,0.0,0.0,0.0,0.0,0.0,0.0,0.0
V6ToEastH6.225,2700.0,468_1,0.0,0.0,0.0,2815.0,522_1,56.88,15.24,115.0,1512.23,0.0,0,0.0,15.99,0,tripinfo_V6ToEastH6.225 emissions_V6ToEastH6.225,gasoline_euro4,1.11,4471.962964,388735.426192,28.870864,6.388817,152.547176,123988.443631,0.0
SouthEvansGateToSilbury.147,2646.0,526_0,0.0,0.0,0.0,2817.0,215_1,19.43,14.95,171.0,1477.52,57.0,1,0.0,73.26,0,tripinfo_SouthEvansGateToSilbury.147 emissions_SouthEvansGateToSilbury.147,electric,1.1,0.0,0.0,0.0,0.0,0.0,0.0,0.0
EastAveburyToWestA509.256,2376.0,483_1,0.0,0.0,0.0,2828.0,774_0,29.75,10.83,452.0,2219.89,195.0,6,0.0,248.36,0,tripinfo_EastAveburyToWestA509.256 emissions_EastAveburyToWestA509.256,electric,0.79,0.0,0.0,0.0,0.0,0.0,0.0,0.0
SouthEvansGateToSilbury.141,2538.0,526_0,0.0,0.0,0.0,2830.0,215_0,19.43,13.87,292.0,1471.73,148.0,4,0.0,191.26,0,tripinfo_SouthEvansGateToSilbury.141 emissions_SouthEvansGateToSilbury.141,gasoline_euro4,1.05,31034.418028,815071.591151,159.964889,16.820714,348.533604,259979.349342,0.0
SouthEvansGateToSilbury.142,2556.0,526_0,0.0,0.0,0.0,2832.0,215_1,19.43,12.08,276.0,1471.71,112.0,4,0.0,157.39,0,tripinfo_SouthEvansGateToSilbury.142 emissions_SouthEvansGateToSilbury.142,gasoline_euro4,0.9,26211.890676,740364.889173,136.428672,14.729077,314.024709,236149.875027,0.0
SouthEvansGateToSilbury.138,2484.0,526_0,0.0,0.0,0.0,2836.0,215_0,19.43,9.83,352.0,1471.8,184.0,4,0.0,213.84,0,tripinfo_SouthEvansGateToSilbury.138 emissions_SouthEvansGateToSilbury.138,gasoline_euro4,0.77,37537.745833,879861.743484,191.371004,18.200019,378.59733,280647.577259,0.0
V6ToEastH6.230,2760.0,468_1,0.0,0.0,0.0,2877.0,522_1,56.88,14.46,117.0,1512.23,0.0,0,0.0,14.26,0,tripinfo_V6ToEastH6.230 emissions_V6ToEastH6.230,gasoline_euro4,1.06,4195.249808,372174.022005,27.088529,5.929779,144.878411,118706.271489,0.0
EastSilburyToEastAvebury.34,944.0,317_0,0.0,0.0,0.0,2879.0,213_0,19.13,13.11,1935.0,680.89,1745.0,29,0.0,1884.03,0,tripinfo_EastSilburyToEastAvebury.34 emissions_EastSilburyToEastAvebury.34,gasoline_euro4,0.99,306495.345848,5079880.282814,1514.764629,125.672141,2319.239189,1620351.911726,0.0
V6ToEastH6.231,2772.0,468_1,0.0,0.0,0.0,2882.0,522_1,56.88,15.22,110.0,1512.23,0.0,0,0.0,14.26,0,tripinfo_V6ToEastH6.231 emissions_V6ToEastH6.231,electric,1.14,0.0,0.0,0.0,0.0,0.0,0.0,0.0
EastSilburyToEastAvebury.124,2384.0,317_0,0.0,0.0,0.0,2885.0,213_0,19.13,14.74,501.0,1581.83,333.0,13,0.0,395.25,0,tripinfo_EastSilburyToEastAvebury.124 emissions_EastSilburyToEastAvebury.124,electric,1.1,0.0,0.0,0.0,0.0,0.0,0.0,0.0
EastAveburyToWestA509.192,1832.0,483_1,0.0,0.0,0.0,2886.0,774_0,29.75,14.58,1054.0,2325.48,742.0,20,0.0,896.08,0,tripinfo_EastAveburyToWestA509.192 emissions_EastAveburyToWestA509.192,gasoline_euro4,1.09,145758.541223,2880769.323627,730.755177,66.765096,1283.549771,918879.13326,0.0
SouthEvansGateToSilbury.146,2628.0,526_0,0.0,0.0,0.0,2896.0,215_1,19.43,12.76,268.0,1477.59,129.0,2,0.0,153.09,0,tripinfo_SouthEvansGateToSilbury.146 emissions_SouthEvansGateToSilbury.146,electric,0.93,0.0,0.0,0.0,0.0,0.0,0.0,0.0
SouthEvansGateToSilbury.149,2682.0,526_0,0.0,0.0,0.0,2899.0,215_1,19.43,11.42,217.0,1477.55,67.0,3,0.0,92.87,0,tripinfo_SouthEvansGateToSilbury.149 emissions_SouthEvansGateToSilbury.149,electric,0.86,0.0,0.0,0.0,0.0,0.0,0.0,0.0
SouthEvansGateToSilbury.148,2664.0,526_0,0.0,0.0,0.0,2901.0,215_1,19.43,11.66,237.0,1477.6,84.0,3,0.0,110.94,0,tripinfo_SouthEvansGateToSilbury.148 emissions_SouthEvansGateToSilbury.148,electric,0.85,0.0,0.0,0.0,0.0,0.0,0.0,0.0
EastAveburyToWestA509.264,2444.0,483_1,0.0,0.0,0.0,2903.0,774_0,29.75,12.76,459.0,2219.9,226.0,9,0.0,289.9,0,tripinfo_EastAveburyToWestA509.264 emissions_EastAveburyToWestA509.264,electric,0.95,0.0,0.0,0.0,0.0,0.0,0.0,0.0
WestH6ToSaxonSt.210,2520.0,524_0,0.0,0.0,0.0,2907.0,771_0,56.88,12.31,387.0,2602.7,146.0,3,0.0,181.2,0,tripinfo_WestH6ToSaxonSt.210 emissions_WestH6ToSaxonSt.210,electric,0.91,0.0,0.0,0.0,0.0,0.0,0.0,0.0
EastAveburyToWestA509.185,1772.0,483_1,0.0,0.0,0.0,2908.0,774_0,29.75,11.76,1136.0,2328.6,815.0,16,0.0,946.58,0,tripinfo_EastAveburyToWestA509.185 emissions_EastAveburyToWestA509.185,gasoline_euro4,0.92,154676.397662,3001839.498429,774.127794,69.054619,1335.26859,957499.252284,0.0
WestH6ToSaxonSt.213,2556.0,524_0,0.0,0.0,0.0,2909.0,771_0,56.88,13.27,353.0,2602.65,105.0,5,0.0,157.95,0,tripinfo_WestH6ToSaxonSt.213 emissions_WestH6ToSaxonSt.213,electric,0.96,0.0,0.0,0.0,0.0,0.0,0.0,0.0
EastAveburyToWestA509.214,2019.0,483_1,0.0,0.0,0.0,2910.0,774_0,29.75,12.48,891.0,2328.55,563.0,14,0.0,698.91,0,tripinfo_EastAveburyToWestA509.214 emissions_EastAveburyToWestA509.214,gasoline_euro4,0.91,113454.140207,2322741.279818,570.635987,52.258886,1025.819359,740884.096717,0.0
EastAveburyToWestA509.218,2053.0,483_1,0.0,0.0,0.0,2911.0,774_0,29.75,12.61,858.0,2309.99,622.0,7,0.0,675.08,0,tripinfo_EastAveburyToWestA509.218 emissions_EastAveburyToWestA509.218,electric,0.94,0.0,0.0,0.0,0.0,0.0,0.0,0.0
WestA509ToAvebury.125,2250.0,773_0,0.0,0.0,0.0,2918.0,213_0,19.13,14.39,668.0,2325.94,476.0,4,0.0,507.99,0,tripinfo_WestA509ToAvebury.125 emissions_WestA509ToAvebury.125,gasoline_euro4,1.06,84989.625243,1796268.874893,427.605948,39.608119,782.002741,572954.71178,0.0
WestA509ToAvebury.126,2268.0,773_0,0.0,0.0,0.0,2918.0,213_1,19.13,13.27,650.0,2326.78,445.0,4,0.0,479.17,0,tripinfo_WestA509ToAvebury.126 emissions_WestA509ToAvebury.126,gasoline_euro4,0.98,79846.12922,1699913.228361,402.34513,37.116367,739.101498,542220.275016,0.0
V6ToEastH6.233,2796.0,468_1,0.0,0.0,0.0,2929.0,522_1,56.88,12.79,133.0,1512.23,0.0,0,0.0,14.75,0,tripinfo_V6ToEastH6.233 emissions_V6ToEastH6.233,gasoline_euro4,0.92,4452.832065,364156.786997,28.464067,5.60736,142.18271,116149.572395,0.0
V6ToEastH6.234,2808.0,468_1,0.0,0.0,0.0,2931.0,522_1,56.88,14.04,123.0,1512.23,0.0,0,0.0,14.8,0,tripinfo_V6ToEastH6.234 emissions_V6ToEastH6.234,electric,1.01,0.0,0.0,0.0,0.0,0.0,0.0,0.0
WestA509ToEastH6.59,2124.0,773_1,0.0,0.0,0.0,2942.0,522_1,56.88,13.98,818.0,3010.41,532.0,6,0.0,598.66,0,tripinfo_WestA509ToEastH6.59 emissions_WestA509ToEastH6.59,electric,1.03,0.0,0.0,0.0,0.0,0.0,0.0,0.0
V6ToEastH6.236,2832.0,468_1,0.0,0.0,0.0,2964.0,522_1,56.88,13.99,132.0,1512.23,2.0,1,0.0,30.36,0,tripinfo_V6ToEastH6.236 emissions_V6ToEastH6.236,electric,1.08,0.0,0.0,0.0,0.0,0.0,0.0,0.0
V6ToEastH6.235,2820.0,468_1,0.0,0.0,0.0,2965.0,522_0,56.88,10.74,145.0,1512.23,0.0,0,0.0,11.15,0,tripinfo_V6ToEastH6.235 emissions_V6ToEastH6.235,gasoline_euro4,0.82,3839.178492,330400.976914,24.932679,4.153662,123.360648,105383.935599,0.0
WestA509ToAvebury.118,2124.0,773_0,0.0,0.0,0.0,2970.0,213_0,19.13,10.8,846.0,2288.7,582.0,18,0.0,642.06,0,tripinfo_WestA509ToAvebury.118 emissions_WestA509ToAvebury.118,electric,0.81,0.0,0.0,0.0,0.0,0.0,0.0,0.0
V6ToEastH6.237,2844.0,468_1,0.0,0.0,0.0,2983.0,522_1,56.88,12.15,139.0,1512.23,2.0,1,0.0,20.33,0,tripinfo_V6ToEastH6.237 emissions_V6ToEastH6.237,gasoline_euro4,0.92,5073.068561,379742.880209,31.396969,5.57636,145.92343,121121.459421,0.0
WestH6ToSaxonSt.219,2628.0,524_0,0.0,0.0,0.0,2984.0,771_0,56.88,13.76,356.0,2602.68,144.0,3,0.0,179.2,0,tripinfo_WestH6ToSaxonSt.219 emissions_WestH6ToSaxonSt.219,electric,1.07,0.0,0.0,0.0,0.0,0.0,0.0,0.0
WestH6ToSaxonSt.223,2676.0,524_0,0.0,0.0,0.0,2985.0,771_0,56.88,15.08,309.0,2602.68,90.0,4,0.0,143.49,0,tripinfo_WestH6ToSaxonSt.223 emissions_WestH6ToSaxonSt.223,electric,1.14,0.0,0.0,0.0,0.0,0.0,0.0,0.0
SouthEvansGateToSilbury.153,2754.0,526_0,0.0,0.0,0.0,2985.0,215_1,19.43,13.98,231.0,1477.55,97.0,4,0.0,129.69,0,tripinfo_SouthEvansGateToSilbury.153 emissions_SouthEvansGateToSilbury.153,gasoline_euro4,1.06,22960.857844,704748.725432,120.848559,14.31471,299.156828,224788.07521,0.0
V6ToEastH6.238,2856.0,468_1,0.0,0.0,0.0,2985.0,522_1,56.88,12.69,129.0,1512.23,0.0,0,0.0,15.09,0,tripinfo_V6ToEastH6.238 emissions_V6ToEastH6.238,electric,0.96,0.0,0.0,0.0,0.0,0.0,0.0,0.0
V6ToEastH6.239,2868.0,468_1,0.0,0.0,0.0,2987.0,522_1,56.88,14.42,119.0,1512.23,0.0,0,0.0,17.1,0,tripinfo_V6ToEastH6.239 emissions_V6ToEastH6.239,electric,1.07,0.0,0.0,0.0,0.0,0.0,0.0,0.0
SouthEvansGateToSilbury.151,2718.0,526_0,0.0,0.0,0.0,2988.0,215_1,19.43,11.75,270.0,1477.52,127.0,2,0.0,155.62,0,tripinfo_SouthEvansGateToSilbury.151 emissions_SouthEvansGateToSilbury.151,electric,0.94,0.0,0.0,0.0,0.0,0.0,0.0,0.0
SouthEvansGateToSilbury.156,2808.0,526_0,0.0,0.0,0.0,2989.0,215_1,19.43,14.91,181.0,1477.56,50.0,1,0.0,87.85,0,tripinfo_SouthEvansGateToSilbury.156 emissions_SouthEvansGateToSilbury.156,gasoline_euro4,1.15,14878.365258,549618.510505,79.975229,10.487888,227.109074,175306.290522,0.0
SouthEvansGateToSilbury.150,2700.0,526_0,0.0,0.0,0.0,2996.0,215_1,19.43,8.81,296.0,1477.63,114.0,3,0.0,145.85,0,tripinfo_SouthEvansGateToSilbury.150 emissions_SouthEvansGateToSilbury.150,electric,0.71,0.0,0.0,0.0,0.0,0.0,0.0,0.0
SouthEvansGateToSilbury.155,2790.0,526_0,0.0,0.0,0.0,2997.0,215_1,19.43,10.29,207.0,1477.52,65.0,3,0.0,112.2,0,tripinfo_SouthEvansGateToSilbury.155 emissions_SouthEvansGateToSilbury.155,electric,1.13,0.0,0.0,0.0,0.0,0.0,0.0,0.0
SouthEvansGateToSilbury.154,2772.0,526_0,0.0,0.0,0.0,2999.0,215_1,19.43,12.67,227.0,1477.59,71.0,2,0.0,125.22,0,tripinfo_SouthEvansGateToSilbury.154 emissions_SouthEvansGateToSilbury.154,gasoline_euro4,1.05,19561.802798,632745.600926,103.510643,12.217049,265.43883,201821.773314,0.0
SouthEvansGateToSilbury.158,2844.0,526_0,0.0,0.0,0.0,3001.0,215_1,19.43,14.21,157.0,1477.52,37.0,1,0.0,67.93,0,tripinfo_SouthEvansGateToSilbury.158 emissions_SouthEvansGateToSilbury.158,electric,1.21,0.0,0.0,0.0,0.0,0.0,0.0,0.0
V6ToEastH6.241,2892.0,468_1,0.0,0.0,0.0,3001.0,522_1,56.88,14.67,109.0,1511.92,0.0,0,0.0,12.41,0,tripinfo_V6ToEastH6.241 emissions_V6ToEastH6.241,electric,1.14,0.0,0.0,0.0,0.0,0.0,0.0,0.0
EastA509ToH6.132,2376.0,770_0,0.0,0.0,0.0,3002.0,522_0,56.88,10.79,626.0,1483.49,423.0,14,0.0,500.43,0,tripinfo_EastA509ToH6.132 emissions_EastA509ToH6.132,gasoline_euro4,0.85,83016.188457,1650968.221359,416.599678,37.467839,731.683412,526609.965362,0.0
EastAveburyToWestA509.276,2546.0,483_1,0.0,0.0,0.0,3006.0,774_0,29.75,10.22,460.0,2219.89,213.0,6,0.0,251.35,0,tripinfo_EastAveburyToWestA509.276 emissions_EastAveburyToWestA509.276,electric,0.77,0.0,0.0,0.0,0.0,0.0,0.0,0.0
SouthEvansGateToSilbury.152,2736.0,526_0,0.0,0.0,0.0,3007.0,215_0,19.43,12.34,271.0,1471.73,133.0,3,0.0,158.54,0,tripinfo_SouthEvansGateToSilbury.152 emissions_SouthEvansGateToSilbury.152,gasoline_euro4,0.94,27221.183799,729923.731791,140.558403,14.554179,308.033514,232820.454167,0.0
EastA509ToH6.133,2394.0,770_0,0.0,0.0,0.0,3008.0,522_0,56.88,12.19,614.0,1483.69,411.0,13,0.0,503.22,0,tripinfo_EastA509ToH6.133 emissions_EastA509ToH6.133,electric,0.97,0.0,0.0,0.0,0.0,0.0,0.0,0.0
EastA509ToH6.126,2268.0,770_0,0.0,0.0,0.0,3011.0,522_0,56.88,11.76,743.0,1483.64,525.0,16,0.0,625.89,0,tripinfo_EastA509ToH6.126 emissions_EastA509ToH6.126,electric,0.91,0.0,0.0,0.0,0.0,0.0,0.0,0.0
EastA509ToH6.134,2412.0,770_0,0.0,0.0,0.0,3013.0,522_0,56.88,12.6,601.0,1483.69,389.0,12,0.0,485.46,0,tripinfo_EastA509ToH6.134 emissions_EastA509ToH6.134,electric,0.93,0.0,0.0,0.0,0.0,0.0,0.0,0.0
EastA509ToH6.136,2448.0,770_0,0.0,0.0,0.0,3013.0,522_1,56.88,14.16,565.0,1483.69,353.0,9,0.0,463.58,0,tripinfo_EastA509ToH6.136 emissions_EastA509ToH6.136,gasoline_euro4,1.06,74135.135083,1540913.556818,373.232791,34.933592,681.624002,491503.700589,0.0
EastA509ToH6.135,2430.0,770_0,0.0,0.0,0.0,3016.0,522_0,56.88,14.3,586.0,1483.69,374.0,8,0.0,483.69,0,tripinfo_EastA509ToH6.135 emissions_EastA509ToH6.135,electric,1.05,0.0,0.0,0.0,0.0,0.0,0.0,0.0
V6ToEastH6.240,2880.0,468_1,0.0,0.0,0.0,3030.0,522_0,56.88,10.92,150.0,1512.23,0.0,0,0.0,12.4,0,tripinfo_V6ToEastH6.240 emissions_V6ToEastH6.240,electric,0.79,0.0,0.0,0.0,0.0,0.0,0.0,0.0
V6ToEastH6.243,2916.0,468_1,0.0,0.0,0.0,3036.0,522_1,56.88,14.03,120.0,1512.23,0.0,0,0.0,17.02,0,tripinfo_V6ToEastH6.243 emissions_V6ToEastH6.243,electric,1.06,0.0,0.0,0.0,0.0,0.0,0.0,0.0
V6ToEastH6.242,2904.0,468_1,0.0,0.0,0.0,3045.0,522_0,56.88,11.43,141.0,1512.23,0.0,0,0.0,12.14,0,tripinfo_V6ToEastH6.242 emissions_V6ToEastH6.242,gasoline_euro4,0.85,3985.573941,344116.166055,25.848532,4.634365,130.233164,109758.152348,0.0
V6ToEastH6.245,2940.0,468_1,0.0,0.0,0.0,3052.0,522_1,56.88,15.83,112.0,1512.23,0.0,0,0.0,20.89,0,tripinfo_V6ToEastH6.245 emissions_V6ToEastH6.245,electric,1.2,0.0,0.0,0.0,0.0,0.0,0.0,0.0
WestA509ToAvebury.114,2055.0,773_0,0.0,0.0,3.0,3056.0,213_0,19.13,12.11,1001.0,2288.7,765.0,16,0.0,827.5,0,tripinfo_WestA509ToAvebury.114 emissions_WestA509ToAvebury.114,electric,0.96,0.0,0.0,0.0,0.0,0.0,0.0,0.0
EastAveburyToWestA509.220,2070.0,483_1,0.0,0.0,0.0,3058.0,774_0,29.75,12.02,988.0,2232.29,759.0,8,0.0,814.22,0,tripinfo_EastAveburyToWestA509.220 emissions_EastAveburyToWestA509.220,electric,0.94,0.0,0.0,0.0,0.0,0.0,0.0,0.0
EastA509ToH6.151,2718.0,770_0,0.0,0.0,0.0,3066.0,522_0,56.88,12.26,348.0,2393.63,109.0,4,0.0,151.96,0,tripinfo_EastA509ToH6.151 emissions_EastA509ToH6.151,gasoline_euro4,0.89,27341.828485,907150.101138,145.393878,16.890005,376.032855,289346.758128,0.0
SouthEvansGateToSilbury.157,2826.0,526_0,0.0,0.0,0.0,3072.0,215_1,19.43,15.49,246.0,1477.59,120.0,2,0.0,150.31,0,tripinfo_SouthEvansGateToSilbury.157 emissions_SouthEvansGateToSilbury.157,electric,1.12,0.0,0.0,0.0,0.0,0.0,0.0,0.0
WestH6ToSaxonSt.227,2724.0,524_0,0.0,0.0,0.0,3075.0,771_0,56.88,13.27,351.0,2602.68,127.0,3,0.0,164.71,0,tripinfo_WestH6ToSaxonSt.227 emissions_WestH6ToSaxonSt.227,electric,1.01,0.0,0.0,0.0,0.0,0.0,0.0,0.0
SouthEvansGateToSilbury.160,2880.0,526_0,0.0,0.0,0.0,3075.0,215_1,19.43,13.16,195.0,1477.52,65.0,1,0.0,90.63,0,tripinfo_SouthEvansGateToSilbury.160 emissions_SouthEvansGateToSilbury.160,electric,1.03,0.0,0.0,0.0,0.0,0.0,0.0,0.0
SouthEvansGateToSilbury.161,2898.0,526_0,0.0,0.0,0.0,3076.0,215_1,19.43,15.4,178.0,1477.55,53.0,2,0.0,88.32,0,tripinfo_SouthEvansGateToSilbury.161 emissions_SouthEvansGateToSilbury.161,gasoline_euro4,1.19,15361.273176,579368.089605,83.149488,11.180658,239.959801,184794.936997,0.0
WestH6ToSaxonSt.234,2808.0,524_0,0.0,0.0,0.0,3077.0,771_0,56.88,13.57,269.0,2603.36,58.0,2,0.0,91.62,0,tripinfo_WestH6ToSaxonSt.234 emissions_WestH6ToSaxonSt.234,electric,1.06,0.0,0.0,0.0,0.0,0.0,0.0,0.0
SouthEvansGateToSilbury.159,2862.0,526_0,0.0,0.0,0.0,3079.0,215_1,19.43,13.81,217.0,1477.59,77.0,2,0.0,111.24,0,tripinfo_SouthEvansGateToSilbury.159 emissions_SouthEvansGateToSilbury.159,gasoline_euro4,1.02,19622.075354,646277.682337,104.24374,12.66774,271.498902,206137.641295,0.0
EastAveburyToWestA509.307,2809.0,483_1,0.0,0.0,0.0,3080.0,774_1,29.75,14.15,271.0,2215.47,66.0,5,0.0,120.0,0,tripinfo_EastAveburyToWestA509.307 emissions_EastAveburyToWestA509.307,electric,1.07,0.0,0.0,0.0,0.0,0.0,0.0,0.0
V6ToEastH6.246,2952.0,468_1,0.0,0.0,0.0,3082.0,522_1,56.88,12.82,130.0,1512.23,0.0,0,0.0,12.46,0,tripinfo_V6ToEastH6.246 emissions_V6ToEastH6.246,electric,0.93,0.0,0.0,0.0,0.0,0.0,0.0,0.0
EastA509ToH6.137,2466.0,770_0,0.0,0.0,0.0,3083.0,522_0,56.88,12.77,617.0,1483.69,400.0,9,0.0,509.9,0,tripinfo_EastA509ToH6.137 emissions_EastA509ToH6.137,gasoline_euro4,1.0,81949.014176,1642875.179935,411.368331,37.71869,730.246824,524027.602924,0.0
EastA509ToH6.138,2484.0,770_0,0.0,0.0,0.0,3084.0,522_0,56.88,14.55,600.0,1483.69,383.0,9,0.0,498.28,0,tripinfo_EastA509ToH6.138 emissions_EastA509ToH6.138,electric,1.05,0.0,0.0,0.0,0.0,0.0,0.0,0.0
EastA509ToH6.139,2502.0,770_0,0.0,0.0,0.0,3087.0,522_0,56.88,13.33,585.0,1483.69,390.0,9,0.0,478.01,0,tripinfo_EastA509ToH6.139 emissions_EastA509ToH6.139,electric,1.0,0.0,0.0,0.0,0.0,0.0,0.0,0.0
EastAveburyToWestA509.285,2622.0,483_1,0.0,0.0,0.0,3087.0,774_1,29.75,11.4,465.0,2218.32,229.0,9,0.0,283.81,0,tripinfo_EastAveburyToWestA509.285 emissions_EastAveburyToWestA509.285,electric,0.89,0.0,0.0,0.0,0.0,0.0,0.0,0.0
EastA509ToH6.140,2520.0,770_0,0.0,0.0,0.0,3089.0,522_0,56.88,15.89,569.0,1483.69,370.0,9,0.0,475.19,0,tripinfo_EastA509ToH6.140 emissions_EastA509ToH6.140,electric,1.15,0.0,0.0,0.0,0.0,0.0,0.0,0.0
EastAveburyToWestA509.291,2673.0,483_1,0.0,0.0,0.0,3090.0,774_1,29.75,11.23,417.0,2215.02,185.0,6,0.0,230.51,0,tripinfo_EastAveburyToWestA509.291 emissions_EastAveburyToWestA509.291,electric,0.86,0.0,0.0,0.0,0.0,0.0,0.0,0.0
EastAveburyToWestA509.232,2172.0,483_1,0.0,0.0,0.0,3092.0,774_0,29.75,12.42,920.0,2292.52,663.0,6,0.0,735.25,0,tripinfo_EastAveburyToWestA509.232 emissions_EastAveburyToWestA509.232,electric,0.95,0.0,0.0,0.0,0.0,0.0,0.0,0.0
EastA509ToH6.142,2556.0,770_0,0.0,0.0,0.0,3094.0,522_0,56.88,13.65,538.0,1483.69,347.0,8,0.0,433.47,0,tripinfo_EastA509ToH6.142 emissions_EastA509ToH6.142,gasoline_euro4,1.02,69675.113752,1460351.23907,350.976515,32.933198,644.318385,465806.659657,0.0
EastA509ToH6.141,2538.0,770_0,0.0,0.0,0.0,3095.0,522_1,56.88,15.13,557.0,1483.69,365.0,8,0.0,459.58,0,tripinfo_EastA509ToH6.141 emissions_EastA509ToH6.141,gasoline_euro4,1.1,73704.839918,1545670.315743,371.578978,35.130566,684.078437,493020.470597,0.0
EastSilburyToEastAvebury.150,2800.0,317_0,0.0,0.0,0.0,3095.0,213_0,19.13,11.08,295.0,1590.85,122.0,3,0.0,164.5,0,tripinfo_EastSilburyToEastAvebury.150 emissions_EastSilburyToEastAvebury.150,electric,0.89,0.0,0.0,0.0,0.0,0.0,0.0,0.0
EastA509ToH6.156,2808.0,770_0,0.0,0.0,0.0,3117.0,522_1,56.88,13.23,309.0,2408.83,100.0,4,0.0,139.36,0,tripinfo_EastA509ToH6.156 emissions_EastA509ToH6.156,electric,1.03,0.0,0.0,0.0,0.0,0.0,0.0,0.0
EastAveburyToWestA509.241,2248.0,483_1,0.0,0.0,0.0,3119.0,774_0,29.75,11.89,871.0,2311.97,611.0,7,0.0,685.45,0,tripinfo_EastAveburyToWestA509.241 emissions_EastAveburyToWestA509.241,electric,0.93,0.0,0.0,0.0,0.0,0.0,0.0,0.0
EastA509ToH6.158,2844.0,770_0,0.0,0.0,0.0,3119.0,522_1,56.88,13.83,275.0,2408.87,59.0,4,0.0,110.23,0,tripinfo_EastA509ToH6.158 emissions_EastA509ToH6.158,electric,1.05,0.0,0.0,0.0,0.0,0.0,0.0,0.0
WestA509ToEastH6.49,1764.0,773_1,0.0,0.0,0.0,3121.0,522_1,56.88,16.73,1357.0,3089.62,1039.0,16,0.0,1170.82,0,tripinfo_WestA509ToEastH6.49 emissions_WestA509ToEastH6.49,electric,1.21,0.0,0.0,0.0,0.0,0.0,0.0,0.0
EastAveburyToWestA509.239,2231.0,483_1,0.0,0.0,0.0,3122.0,774_0,29.75,12.97,891.0,2307.67,639.0,9,0.0,720.07,0,tripinfo_EastAveburyToWestA509.239 emissions_EastAveburyToWestA509.239,electric,1.01,0.0,0.0,0.0,0.0,0.0,0.0,0.0
EastA509ToH6.161,2898.0,770_0,0.0,0.0,0.0,3128.0,522_1,56.88,15.11,230.0,2408.85,34.0,4,0.0,74.5,0,tripinfo_EastA509ToH6.161 emissions_EastA509ToH6.161,gasoline_euro4,1.12,14399.166001,736810.855049,81.626089,13.105727,296.626296,235010.766898,0.0
WestA509ToAvebury.69,1242.0,773_0,0.0,0.0,0.0,3138.0,213_0,19.13,12.1,1896.0,2288.55,1578.0,21,0.0,1717.05,0,tripinfo_WestA509ToAvebury.69 emissions_WestA509ToAvebury.69,electric,0.93,0.0,0.0,0.0,0.0,0.0,0.0,0.0
EastSilburyToEastAvebury.96,1936.0,317_0,0.0,0.0,0.0,3140.0,213_0,19.13,12.65,1204.0,680.87,1063.0,15,0.0,1153.35,0,tripinfo_EastSilburyToEastAvebury.96 emissions_EastSilburyToEastAvebury.96,electric,0.99,0.0,0.0,0.0,0.0,0.0,0.0,0.0
WestA509ToEastH6.55,1980.0,773_1,0.0,0.0,0.0,3140.0,522_1,56.88,13.27,1160.0,3094.48,790.0,13,0.0,942.79,0,tripinfo_WestA509ToEastH6.55 emissions_WestA509ToEastH6.55,electric,1.04,0.0,0.0,0.0,0.0,0.0,0.0,0.0
EastAveburyToWestA509.225,2112.0,483_0,0.0,0.0,0.0,3143.0,774_0,29.75,13.56,1031.0,2254.71,778.0,8,0.0,864.8,0,tripinfo_EastAveburyToWestA509.225 emissions_EastAveburyToWestA509.225,gasoline_euro4,0.99,142978.41883,2754405.132724,715.056405,63.744831,1225.406971,878575.263137,0.0
EastSilburyToEastAvebury.148,2768.0,317_0,0.0,0.0,0.0,3143.0,213_0,19.13,14.06,375.0,1581.83,198.0,11,0.0,266.93,0,tripinfo_EastSilburyToEastAvebury.148 emissions_EastSilburyToEastAvebury.148,electric,1.08,0.0,0.0,0.0,0.0,0.0,0.0,0.0
WestA509ToAvebury.103,1854.0,773_0,0.0,0.0,0.0,3144.0,213_0,19.13,14.86,1290.0,2288.81,1025.0,22,0.0,1140.49,0,tripinfo_WestA509ToAvebury.103 emissions_WestA509ToAvebury.103,electric,1.11,0.0,0.0,0.0,0.0,0.0,0.0,0.0
EastAveburyToWestA509.216,2036.0,483_0,0.0,0.0,0.0,3144.0,774_0,29.75,12.95,1108.0,2261.15,852.0,13,0.0,944.75,0,tripinfo_EastAveburyToWestA509.216 emissions_EastAveburyToWestA509.216,gasoline_euro4,1.01,156945.488278,3039449.519104,785.155685,70.790885,1355.540059,969495.025649,0.0
EastSilburyToEastAvebury.66,1456.0,317_0,0.0,0.0,0.0,3147.0,213_0,19.13,13.82,1691.0,680.87,1524.0,23,0.0,1642.94,0,tripinfo_EastSilburyToEastAvebury.66 emissions_EastSilburyToEastAvebury.66,electric,1.04,0.0,0.0,0.0,0.0,0.0,0.0,0.0
EastAveburyToWestA509.217,2044.0,483_0,0.0,0.0,0.0,3147.0,774_0,29.75,12.79,1103.0,2260.95,851.0,11,0.0,939.83,0,tripinfo_EastAveburyToWestA509.217 emissions_EastAveburyToWestA509.217,gasoline_euro4,1.01,154717.860897,2955041.403084,772.935104,68.522276,1315.710107,942573.041273,0.0
EastAveburyToWestA509.219,2061.0,483_0,0.0,0.0,0.0,3150.0,774_0,29.75,14.16,1089.0,2260.81,825.0,11,0.0,927.26,0,tripinfo_EastAveburyToWestA509.219 emissions_EastAveburyToWestA509.219,gasoline_euro4,1.02,152008.766224,2921868.866801,760.166013,67.967427,1302.740913,931991.106767,0.0
WestA509ToEastH6.54,1944.0,773_1,0.0,0.0,0.0,3152.0,522_1,56.88,11.4,1208.0,3089.62,829.0,13,0.0,957.73,0,tripinfo_WestA509ToEastH6.54 emissions_WestA509ToEastH6.54,electric,0.9,0.0,0.0,0.0,0.0,0.0,0.0,0.0
EastA509ToH6.157,2826.0,770_0,0.0,0.0,0.0,3155.0,522_0,56.88,11.99,329.0,2393.61,96.0,5,0.0,142.26,0,tripinfo_EastA509ToH6.157 emissions_EastA509ToH6.157,gasoline_euro4,0.93,24955.316685,877677.367648,133.474942,15.838696,359.163538,279945.739452,0.0
EastAveburyToWestA509.221,2078.0,483_0,0.0,0.0,0.0,3156.0,774_0,29.75,11.9,1078.0,2258.77,814.0,13,0.0,901.24,0,tripinfo_EastAveburyToWestA509.221 emissions_EastAveburyToWestA509.221,gasoline_euro4,0.94,148593.625549,2835417.687807,742.611683,65.541251,1262.005108,904416.862971,0.0
EastA509ToH6.155,2790.0,770_0,0.0,0.0,0.0,3156.0,522_1,56.88,13.84,366.0,2393.68,136.0,5,0.0,195.29,0,tripinfo_EastA509ToH6.155 emissions_EastA509ToH6.155,gasoline_euro4,1.02,33889.596984,1082639.438845,179.299576,21.594001,457.681089,345320.384295,0.0
WestH6ToSaxonSt.237,2844.0,524_0,0.0,0.0,0.0,3161.0,771_0,56.88,13.97,317.0,2600.55,94.0,4,0.0,132.26,0,tripinfo_WestH6ToSaxonSt.237 emissions_WestH6ToSaxonSt.237,electric,1.02,0.0,0.0,0.0,0.0,0.0,0.0,0.0
SouthEvansGateToSilbury.163,2934.0,526_0,0.0,0.0,0.0,3161.0,215_1,19.43,13.1,227.0,1477.52,94.0,2,0.0,122.01,0,tripinfo_SouthEvansGateToSilbury.163 emissions_SouthEvansGateToSilbury.163,gasoline_euro4,1.02,21448.9806,658883.562557,112.578106,13.019903,276.688129,210159.235651,0.0
EastAveburyToWestA509.265,2452.0,483_1,0.0,0.0,0.0,3162.0,774_0,29.75,11.92,710.0,2311.97,422.0,8,0.0,515.13,0,tripinfo_EastAveburyToWestA509.265 emissions_EastAveburyToWestA509.265,electric,0.89,0.0,0.0,0.0,0.0,0.0,0.0,0.0
SouthEvansGateToSilbury.164,2952.0,526_0,0.0,0.0,0.0,3162.0,215_1,19.43,13.37,210.0,1477.62,70.0,3,0.0,105.91,0,tripinfo_SouthEvansGateToSilbury.164 emissions_SouthEvansGateToSilbury.164,electric,1.03,0.0,0.0,0.0,0.0,0.0,0.0,0.0
WestH6ToSaxonSt.239,2868.0,524_0,0.0,0.0,0.0,3163.0,771_0,56.88,13.62,295.0,2602.68,81.0,2,0.0,116.26,0,tripinfo_WestH6ToSaxonSt.239 emissions_WestH6ToSaxonSt.239,electric,1.06,0.0,0.0,0.0,0.0,0.0,0.0,0.0
SouthEvansGateToSilbury.162,2916.0,526_0,0.0,0.0,0.0,3165.0,215_1,19.43,12.29,249.0,1477.59,105.0,2,0.0,135.19,0,tripinfo_SouthEvansGateToSilbury.162 emissions_SouthEvansGateToSilbury.162,electric,0.94,0.0,0.0,0.0,0.0,0.0,0.0,0.0
V6ToEastH6.253,3036.0,468_1,0.0,0.0,0.0,3165.0,522_1,56.88,12.46,129.0,1512.23,0.0,0,0.0,13.63,0,tripinfo_V6ToEastH6.253 emissions_V6ToEastH6.253,gasoline_euro4,0.95,4142.292703,351271.240399,26.615537,5.360912,136.166455,112039.654378,0.0
EastAveburyToWestA509.249,2316.0,483_1,0.0,0.0,0.0,3166.0,774_0,29.75,12.74,850.0,2308.45,560.0,13,0.0,673.09,0,tripinfo_EastAveburyToWestA509.249 emissions_EastAveburyToWestA509.249,electric,0.96,0.0,0.0,0.0,0.0,0.0,0.0,0.0
SouthEvansGateToSilbury.165,2970.0,526_0,0.0,0.0,0.0,3168.0,215_1,19.43,11.83,198.0,1477.62,53.0,2,0.0,78.33,0,tripinfo_SouthEvansGateToSilbury.165 emissions_SouthEvansGateToSilbury.165,gasoline_euro4,0.9,14483.72184,513992.871906,77.692811,9.481528,212.228076,163943.868915,0.0
WestA509ToEastH6.60,2160.0,773_1,0.0,0.0,0.0,3172.0,522_1,56.88,16.78,1012.0,3093.62,716.0,8,0.0,829.36,0,tripinfo_WestA509ToEastH6.60 emissions_WestA509ToEastH6.60,electric,1.24,0.0,0.0,0.0,0.0,0.0,0.0,0.0
EastAveburyToWestA509.222,2087.0,483_1,0.0,0.0,0.0,3174.0,774_0,29.75,12.19,1087.0,2319.19,816.0,11,0.0,899.08,0,tripinfo_EastAveburyToWestA509.222 emissions_EastAveburyToWestA509.222,gasoline_euro4,0.92,149345.023634,2882197.727037,747.216347,66.470774,1282.466142,919337.414996,0.0
EastAveburyToWestA509.252,2342.0,483_1,0.0,0.0,0.0,3179.0,774_0,29.75,13.05,837.0,2308.45,527.0,11,0.0,658.41,0,tripinfo_EastAveburyToWestA509.252 emissions_EastAveburyToWestA509.252,electric,0.96,0.0,0.0,0.0,0.0,0.0,0.0,0.0
EastSilburyToEastAvebury.115,2240.0,317_0,0.0,0.0,0.0,3180.0,213_0,19.13,16.73,940.0,2473.2,733.0,8,0.0,797.7,0,tripinfo_EastSilburyToEastAvebury.115 emissions_EastSilburyToEastAvebury.115,gasoline_euro4,1.27,133763.346431,2710520.427111,671.654544,62.882129,1201.334724,864572.884069,0.0
EastAveburyToWestA509.271,2503.0,483_1,0.0,0.0,0.0,3181.0,774_0,29.75,14.88,678.0,2311.97,396.0,9,0.0,519.56,0,tripinfo_EastAveburyToWestA509.271 emissions_EastAveburyToWestA509.271,electric,1.1,0.0,0.0,0.0,0.0,0.0,0.0,0.0
V6ToEastH6.247,2964.0,468_1,0.0,0.0,0.0,3181.0,522_1,56.88,13.03,217.0,2062.34,24.0,3,0.0,60.13,0,tripinfo_V6ToEastH6.247 emissions_V6ToEastH6.247,electric,0.96,0.0,0.0,0.0,0.0,0.0,0.0,0.0
EastSilburyToEastAvebury.113,2208.0,317_0,0.0,0.0,0.0,3182.0,213_1,19.13,14.27,974.0,2473.19,750.0,8,0.0,806.73,0,tripinfo_EastSilburyToEastAvebury.113 emissions_EastSilburyToEastAvebury.113,gasoline_euro4,1.09,134390.652956,2674580.876255,673.556939,61.325845,1183.041922,853111.533136,0.0
EastSilburyToEastAvebury.120,2320.0,317_0,0.0,0.0,0.0,3183.0,213_1,19.13,14.95,863.0,2473.21,621.0,9,0.0,697.08,0,tripinfo_EastSilburyToEastAvebury.120 emissions_EastSilburyToEastAvebury.120,gasoline_euro4,1.09,115510.175737,2370576.73172,580.709873,53.771004,1044.903034,756141.678358,0.0
V6ToEastH6.248,2976.0,468_1,0.0,0.0,0.0,3183.0,522_1,56.88,13.92,207.0,2064.33,14.0,3,0.0,59.7,0,tripinfo_V6ToEastH6.248 emissions_V6ToEastH6.248,electric,1.03,0.0,0.0,0.0,0.0,0.0,0.0,0.0
V6ToEastH6.244,2928.0,468_1,0.0,0.0,0.0,3184.0,522_1,56.88,14.25,256.0,2060.81,75.0,2,0.0,118.36,0,tripinfo_V6ToEastH6.244 emissions_V6ToEastH6.244,electric,1.09,0.0,0.0,0.0,0.0,0.0,0.0,0.0
WestA509ToAvebury.127,2286.0,773_0,0.0,0.0,0.0,3185.0,213_0,19.13,12.35,899.0,2336.4,669.0,6,0.0,719.2,0,tripinfo_WestA509ToAvebury.127 emissions_WestA509ToAvebury.127,gasoline_euro4,0.95,119351.170062,2351865.018539,597.778812,53.210222,1037.637118,750176.357858,0.0
WestA509ToAvebury.128,2307.0,773_0,0.0,0.0,3.0,3187.0,213_0,19.13,13.63,880.0,2336.44,650.0,6,0.0,706.39,0,tripinfo_WestA509ToAvebury.128 emissions_WestA509ToAvebury.128,gasoline_euro4,0.98,117510.100513,2339479.411021,589.053383,53.214615,1033.78696,746224.598099,0.0
V6ToEastH6.256,3072.0,468_1,0.0,0.0,0.0,3188.0,522_1,56.88,14.7,116.0,1512.23,0.0,0,0.0,14.34,0,tripinfo_V6ToEastH6.256 emissions_V6ToEastH6.256,gasoline_euro4,1.07,4292.589528,369223.801784,27.643062,6.050893,144.862759,117765.190836,0.0
EastAveburyToWestA509.261,2418.0,483_1,0.0,0.0,0.0,3189.0,774_0,29.75,13.03,771.0,2308.45,464.0,14,0.0,589.43,0,tripinfo_EastAveburyToWestA509.261 emissions_EastAveburyToWestA509.261,electric,0.94,0.0,0.0,0.0,0.0,0.0,0.0,0.0
EastAveburyToWestA509.272,2512.0,483_1,0.0,0.0,0.0,3191.0,774_0,29.75,12.75,679.0,2312.02,379.0,9,0.0,504.34,0,tripinfo_EastAveburyToWestA509.272 emissions_EastAveburyToWestA509.272,electric,1.0,0.0,0.0,0.0,0.0,0.0,0.0,0.0
EastSilburyToEastAvebury.119,2304.0,317_0,0.0,0.0,0.0,3192.0,213_0,19.13,13.72,888.0,2473.21,628.0,7,0.0,708.94,0,tripinfo_EastSilburyToEastAvebury.119 emissions_EastSilburyToEastAvebury.119,gasoline_euro4,1.02,116579.476992,2363226.000824,585.132156,53.185308,1039.906322,753798.344173,0.0
EastAveburyToWestA509.266,2461.0,483_1,0.0,0.0,0.0,3195.0,774_0,29.75,13.2,734.0,2308.5,412.0,11,0.0,568.51,0,tripinfo_EastAveburyToWestA509.266 emissions_EastAveburyToWestA509.266,electric,1.03,0.0,0.0,0.0,0.0,0.0,0.0,0.0
V6ToEastH6.257,3084.0,468_1,0.0,0.0,0.0,3197.0,522_1,56.88,14.35,113.0,1512.23,0.0,0,0.0,12.76,0,tripinfo_V6ToEastH6.257 emissions_V6ToEastH6.257,gasoline_euro4,1.09,3854.911567,366221.031759,25.46288,5.730057,141.228416,116807.537575,0.0
EastA509ToH6.159,2862.0,770_0,0.0,0.0,0.0,3208.0,522_1,56.88,13.35,346.0,2408.85,134.0,3,0.0,166.12,0,tripinfo_EastA509ToH6.159 emissions_EastA509ToH6.159,electric,0.97,0.0,0.0,0.0,0.0,0.0,0.0,0.0
EastA509ToH6.163,2934.0,770_0,0.0,0.0,0.0,3210.0,522_1,56.88,14.61,276.0,2408.85,67.0,2,0.0,118.44,0,tripinfo_EastA509ToH6.163 emissions_EastA509ToH6.163,electric,1.11,0.0,0.0,0.0,0.0,0.0,0.0,0.0
EastAveburyToWestA509.296,2716.0,483_1,0.0,0.0,0.0,3213.0,774_0,29.75,15.29,497.0,2311.97,217.0,10,0.0,342.29,0,tripinfo_EastAveburyToWestA509.296 emissions_EastAveburyToWestA509.296,electric,1.12,0.0,0.0,0.0,0.0,0.0,0.0,0.0
WestH6ToSaxonSt.155,1860.0,524_0,0.0,0.0,0.0,3214.0,771_1,56.88,16.52,1354.0,2748.71,1080.0,12,0.0,1185.93,0,tripinfo_WestH6ToSaxonSt.155 emissions_WestH6ToSaxonSt.155,gasoline_euro4,1.23,194136.54426,3743176.259986,971.340908,87.843492,1672.710365,1193963.041289,0.0
EastA509ToH6.160,2880.0,770_0,0.0,0.0,0.0,3215.0,522_1,56.88,12.5,335.0,2408.85,100.0,4,0.0,155.16,0,tripinfo_EastA509ToH6.160 emissions_EastA509ToH6.160,gasoline_euro4,0.97,27166.504942,933326.057384,144.986028,17.782484,388.900118,297694.811665,0.0
WestH6ToSaxonSt.151,1812.0,524_0,0.0,0.0,0.0,3219.0,771_1,56.88,15.4,1407.0,2767.88,1120.0,10,0.0,1221.34,0,tripinfo_WestH6ToSaxonSt.151 emissions_WestH6ToSaxonSt.151,gasoline_euro4,1.11,200516.611205,3837302.109155,1002.572436,89.797125,1714.579133,1223987.590509,0.0
WestA509ToEastH6.79,2844.0,773_0,0.0,0.0,0.0,3219.0,522_1,56.88,12.64,375.0,2720.9,111.0,4,0.0,159.31,0,tripinfo_WestA509ToEastH6.79 emissions_WestA509ToEastH6.79,electric,0.91,0.0,0.0,0.0,0.0,0.0,0.0,0.0
WestH6ToSaxonSt.153,1836.0,524_0,0.0,0.0,0.0,3224.0,771_1,56.88,13.67,1388.0,2767.88,1084.0,13,0.0,1191.6,0,tripinfo_WestH6ToSaxonSt.153 emissions_WestH6ToSaxonSt.153,gasoline_euro4,1.06,195448.245042,3749215.617519,977.209374,87.327731,1672.797788,1195890.699761,0.0
V6ToEastH6.250,3000.0,468_1,0.0,0.0,0.0,3224.0,522_1,56.88,13.25,224.0,2063.88,31.0,3,0.0,76.69,0,tripinfo_V6ToEastH6.250 emissions_V6ToEastH6.250,electric,1.02,0.0,0.0,0.0,0.0,0.0,0.0,0.0
EastSilburyToEastAvebury.59,1344.0,317_0,0.0,0.0,0.0,3226.0,213_0,19.13,12.22,1882.0,1576.69,1607.0,27,0.0,1763.24,0,tripinfo_EastSilburyToEastAvebury.59 emissions_EastSilburyToEastAvebury.59,electric,0.97,0.0,0.0,0.0,0.0,0.0,0.0,0.0
EastSilburyToEastAvebury.153,2848.0,317_0,0.0,0.0,0.0,3228.0,213_0,19.13,14.08,380.0,1581.83,212.0,12,0.0,274.94,0,tripinfo_EastSilburyToEastAvebury.153 emissions_EastSilburyToEastAvebury.153,electric,1.1,0.0,0.0,0.0,0.0,0.0,0.0,0.0
EastAveburyToWestA509.226,2121.0,483_0,0.0,0.0,0.0,3229.0,774_0,29.75,13.19,1108.0,2263.13,839.0,15,0.0,944.37,0,tripinfo_EastAveburyToWestA509.226 emissions_EastAveburyToWestA509.226,electric,1.01,0.0,0.0,0.0,0.0,0.0,0.0,0.0
EastSilburyToEastAvebury.156,2896.0,317_0,0.0,0.0,0.0,3230.0,213_0,19.13,13.23,334.0,1581.83,168.0,13,0.0,218.55,0,tripinfo_EastSilburyToEastAvebury.156 emissions_EastSilburyToEastAvebury.156,electric,1.0,0.0,0.0,0.0,0.0,0.0,0.0,0.0
EastSilburyToEastAvebury.65,1440.0,317_0,0.0,0.0,0.0,3232.0,213_0,19.13,15.5,1792.0,1576.69,1526.0,26,0.0,1689.23,0,tripinfo_EastSilburyToEastAvebury.65 emissions_EastSilburyToEastAvebury.65,electric,1.12,0.0,0.0,0.0,0.0,0.0,0.0,0.0
WestA509ToEastH6.64,2304.0,773_0,0.0,0.0,0.0,3233.0,522_0,56.88,15.34,929.0,2754.12,683.0,7,0.0,753.08,0,tripinfo_WestA509ToEastH6.64 emissions_WestA509ToEastH6.64,gasoline_euro4,1.14,124169.282486,2538882.040554,623.482156,57.483268,1116.460368,809826.35893,0.0
EastAveburyToWestA509.320,2920.0,483_1,0.0,0.0,0.0,3234.0,774_2,29.75,16.12,314.0,2215.02,140.0,4,0.0,183.22,0,tripinfo_EastAveburyToWestA509.320 emissions_EastAveburyToWestA509.320,electric,1.23,0.0,0.0,0.0,0.0,0.0,0.0,0.0
V6ToEastH6.228,2736.0,468_1,0.0,0.0,0.0,3237.0,522_0,56.88,10.7,501.0,2061.86,268.0,3,0.0,312.55,0,tripinfo_V6ToEastH6.228 emissions_V6ToEastH6.228,electric,0.8,0.0,0.0,0.0,0.0,0.0,0.0,0.0
EastA509ToH6.162,2916.0,770_0,0.0,0.0,0.0,3237.0,522_1,56.88,13.76,321.0,2393.68,92.0,4,0.0,158.43,0,tripinfo_EastA509ToH6.162 emissions_EastA509ToH6.162,gasoline_euro4,1.07,26356.470543,922051.151195,140.996625,17.81397,384.946445,294097.990376,0.0
WestH6ToSaxonSt.176,2112.0,524_0,0.0,0.0,0.0,3241.0,771_0,56.88,10.04,1129.0,2574.94,824.0,7,0.0,877.82,0,tripinfo_WestH6ToSaxonSt.176 emissions_WestH6ToSaxonSt.176,gasoline_euro4,0.75,148305.930344,2834973.556895,741.374048,63.975094,1254.030097,904276.669167,0.0
EastSilburyToEastAvebury.70,1520.0,317_0,0.0,0.0,0.0,3245.0,213_0,19.13,10.34,1725.0,1576.69,1412.0,26,0.0,1573.33,0,tripinfo_EastSilburyToEastAvebury.70 emissions_EastSilburyToEastAvebury.70,electric,0.76,0.0,0.0,0.0,0.0,0.0,0.0,0.0
SouthEvansGateToSilbury.166,2988.0,526_0,0.0,0.0,0.0,3247.0,215_1,19.43,12.29,259.0,1477.59,121.0,2,0.0,145.97,0,tripinfo_SouthEvansGateToSilbury.166 emissions_SouthEvansGateToSilbury.166,gasoline_euro4,0.94,25294.181118,708790.766511,131.383087,14.036489,298.813903,226079.138139,0.0
V6ToEastH6.254,3048.0,468_1,0.0,0.0,0.0,3247.0,522_1,56.88,13.99,199.0,2062.34,20.0,3,0.0,61.35,0,tripinfo_V6ToEastH6.254 emissions_V6ToEastH6.254,electric,1.09,0.0,0.0,0.0,0.0,0.0,0.0,0.0
SouthEvansGateToSilbury.168,3024.0,526_0,0.0,0.0,0.0,3249.0,215_1,19.43,13.24,225.0,1477.55,85.0,3,0.0,115.1,0,tripinfo_SouthEvansGateToSilbury.168 emissions_SouthEvansGateToSilbury.168,electric,0.97,0.0,0.0,0.0,0.0,0.0,0.0,0.0
WestH6ToSaxonSt.180,2160.0,524_0,0.0,0.0,0.0,3251.0,771_0,56.88,14.13,1091.0,2612.31,826.0,6,0.0,910.18,0,tripinfo_WestH6ToSaxonSt.180 emissions_WestH6ToSaxonSt.180,electric,1.06,0.0,0.0,0.0,0.0,0.0,0.0,0.0
V6ToEastH6.227,2724.0,468_1,0.0,0.0,0.0,3251.0,522_1,56.88,13.3,527.0,2063.8,327.0,4,0.0,380.0,0,tripinfo_V6ToEastH6.227 emissions_V6ToEastH6.227,electric,1.02,0.0,0.0,0.0,0.0,0.0,0.0,0.0
SouthEvansGateToSilbury.170,3060.0,526_0,0.0,0.0,0.0,3252.0,215_1,19.43,11.76,192.0,1477.62,51.0,2,0.0,67.78,0,tripinfo_SouthEvansGateToSilbury.170 emissions_SouthEvansGateToSilbury.170,electric,0.86,0.0,0.0,0.0,0.0,0.0,0.0,0.0
WestA509ToEastH6.63,2268.0,773_1,0.0,0.0,0.0,3253.0,522_1,56.88,13.96,985.0,3095.96,677.0,8,0.0,765.57,0,tripinfo_WestA509ToEastH6.63 emissions_WestA509ToEastH6.63,electric,1.03,0.0,0.0,0.0,0.0,0.0,0.0,0.0
SouthEvansGateToSilbury.167,3006.0,526_0,0.0,0.0,0.0,3254.0,215_1,19.43,11.2,248.0,1477.52,100.0,2,0.0,126.28,0,tripinfo_SouthEvansGateToSilbury.167 emissions_SouthEvansGateToSilbury.167,electric,0.88,0.0,0.0,0.0,0.0,0.0,0.0,0.0
WestH6ToSaxonSt.178,2136.0,524_0,0.0,0.0,0.0,3255.0,771_0,56.88,12.74,1119.0,2613.57,848.0,7,0.0,920.09,0,tripinfo_WestH6ToSaxonSt.178 emissions_WestH6ToSaxonSt.178,electric,0.96,0.0,0.0,0.0,0.0,0.0,0.0,0.0
SouthEvansGateToSilbury.173,3114.0,526_0,0.0,0.0,0.0,3256.0,215_1,19.43,15.84,142.0,1477.52,30.0,1,0.0,49.5,0,tripinfo_SouthEvansGateToSilbury.173 emissions_SouthEvansGateToSilbury.173,electric,1.16,0.0,0.0,0.0,0.0,0.0,0.0,0.0
WestH6ToSaxonSt.182,2184.0,524_0,0.0,0.0,0.0,3257.0,771_0,56.88,14.89,1073.0,2613.57,798.0,8,0.0,896.4,0,tripinfo_WestH6ToSaxonSt.182 emissions_WestH6ToSaxonSt.182,electric,1.09,0.0,0.0,0.0,0.0,0.0,0.0,0.0
WestA509ToEastH6.71,2559.0,773_0,0.0,0.0,3.0,3257.0,522_0,56.88,13.57,698.0,2739.29,448.0,7,0.0,502.75,0,tripinfo_WestA509ToEastH6.71 emissions_WestA509ToEastH6.71,gasoline_euro4,1.01,83920.663556,1881288.666237,424.736476,40.343161,811.926649,600071.521343,0.0
WestH6ToSaxonSt.186,2232.0,524_0,0.0,0.0,0.0,3259.0,771_0,56.88,15.31,1027.0,2608.48,763.0,10,0.0,861.24,0,tripinfo_WestH6ToSaxonSt.186 emissions_WestH6ToSaxonSt.186,electric,1.15,0.0,0.0,0.0,0.0,0.0,0.0,0.0
WestH6ToSaxonSt.184,2208.0,524_0,0.0,0.0,0.0,3264.0,771_0,56.88,12.43,1056.0,2612.31,776.0,8,0.0,855.76,0,tripinfo_WestH6ToSaxonSt.184 emissions_WestH6ToSaxonSt.184,electric,0.95,0.0,0.0,0.0,0.0,0.0,0.0,0.0
WestH6ToSaxonSt.241,2892.0,524_0,0.0,0.0,0.0,3266.0,771_0,56.88,13.13,374.0,2602.68,139.0,4,0.0,184.0,0,tripinfo_WestH6ToSaxonSt.241 emissions_WestH6ToSaxonSt.241,electric,0.99,0.0,0.0,0.0,0.0,0.0,0.0,0.0
V6ToEastH6.263,3156.0,468_1,0.0,0.0,0.0,3266.0,522_1,56.88,14.61,110.0,1512.23,0.0,0,0.0,12.91,0,tripinfo_V6ToEastH6.263 emissions_V6ToEastH6.263,electric,1.12,0.0,0.0,0.0,0.0,0.0,0.0,0.0
WestH6ToSaxonSt.192,2304.0,524_0,0.0,0.0,0.0,3268.0,771_0,56.88,16.61,964.0,2614.23,701.0,10,0.0,805.12,0,tripinfo_WestH6ToSaxonSt.192 emissions_WestH6ToSaxonSt.192,electric,1.21,0.0,0.0,0.0,0.0,0.0,0.0,0.0
SouthEvansGateToSilbury.169,3042.0,526_0,0.0,0.0,0.0,3270.0,215_1,19.43,13.87,228.0,1471.7,99.0,4,0.0,129.33,0,tripinfo_SouthEvansGateToSilbury.169 emissions_SouthEvansGateToSilbury.169,gasoline_euro4,1.08,22750.597004,687985.771423,119.083511,13.746564,289.351461,219441.805573,0.0
EastSilburyToEastAvebury.122,2352.0,317_0,0.0,0.0,0.0,3271.0,213_0,19.13,11.85,919.0,2473.18,651.0,9,0.0,725.83,0,tripinfo_EastSilburyToEastAvebury.122 emissions_EastSilburyToEastAvebury.122,gasoline_euro4,0.94,120029.390814,2415364.614793,602.464218,54.578584,1065.847912,770429.301242,0.0
WestA509ToAvebury.132,2376.0,773_0,0.0,0.0,0.0,3273.0,213_0,19.13,13.08,897.0,2337.25,666.0,9,0.0,721.81,0,tripinfo_WestA509ToAvebury.132 emissions_WestA509ToAvebury.132,gasoline_euro4,0.97,119821.691778,2383214.944356,600.681496,54.076504,1052.578919,760175.153549,0.0
V6ToEastH6.262,3144.0,468_1,0.0,0.0,0.0,3274.0,522_1,56.88,12.15,130.0,1512.23,0.0,0,0.0,12.84,0,tripinfo_V6ToEastH6.262 emissions_V6ToEastH6.262,electric,0.94,0.0,0.0,0.0,0.0,0.0,0.0,0.0
EastSilburyToEastAvebury.123,2368.0,317_0,0.0,0.0,0.0,3277.0,213_0,19.13,10.17,909.0,2473.18,597.0,10,0.0,688.79,0,tripinfo_EastSilburyToEastAvebury.123 emissions_EastSilburyToEastAvebury.123,gasoline_euro4,0.82,115008.651627,2332980.766514,578.136709,51.970121,1027.193056,744151.455949,0.0
EastSilburyToEastAvebury.129,2464.0,317_0,0.0,0.0,0.0,3278.0,213_0,19.13,11.7,814.0,2473.17,516.0,7,0.0,642.6,0,tripinfo_EastSilburyToEastAvebury.129 emissions_EastSilburyToEastAvebury.129,gasoline_euro4,1.06,102160.106705,2151074.445816,514.67949,47.935666,944.896905,686126.269756,0.0
EastSilburyToEastAvebury.131,2496.0,317_0,0.0,0.0,0.0,3280.0,213_0,19.13,12.11,784.0,2473.16,469.0,11,0.0,580.21,0,tripinfo_EastSilburyToEastAvebury.131 emissions_EastSilburyToEastAvebury.131,gasoline_euro4,0.89,94509.91166,2020659.924501,477.224687,44.227768,883.602052,644528.108057,0.0
WestA509ToAvebury.135,2430.0,773_0,0.0,0.0,0.0,3282.0,213_0,19.13,15.71,852.0,2336.42,596.0,8,0.0,703.08,0,tripinfo_WestA509ToAvebury.135 emissions_WestA509ToAvebury.135,gasoline_euro4,1.14,113829.383802,2346365.386789,572.740897,53.450431,1037.5344,748418.347435,0.0
EastSilburyToEastAvebury.136,2576.0,317_0,0.0,0.0,0.0,3284.0,213_0,19.13,12.47,708.0,2473.16,401.0,9,0.0,513.02,0,tripinfo_EastSilburyToEastAvebury.136 emissions_EastSilburyToEastAvebury.136,gasoline_euro4,0.93,83913.285977,1861304.93985,425.188547,40.492407,811.759476,593697.078661,0.0
V6ToEastH6.226,2712.0,468_1,0.0,0.0,0.0,3284.0,522_1,56.88,13.83,572.0,2060.88,386.0,5,0.0,428.41,0,tripinfo_V6ToEastH6.226 emissions_V6ToEastH6.226,electric,1.05,0.0,0.0,0.0,0.0,0.0,0.0,0.0
WestA509ToAvebury.136,2451.0,773_0,0.0,0.0,3.0,3286.0,213_0,19.13,12.3,835.0,2337.25,568.0,8,0.0,653.75,0,tripinfo_WestA509ToAvebury.136 emissions_WestA509ToAvebury.136,gasoline_euro4,0.94,108113.280379,2204478.611876,543.456171,49.892388,973.905611,703161.91672,0.0
EastSilburyToEastAvebury.161,2976.0,317_0,0.0,0.0,0.0,3288.0,213_0,19.13,13.73,312.0,1590.85,157.0,6,0.0,204.0,0,tripinfo_EastSilburyToEastAvebury.161 emissions_EastSilburyToEastAvebury.161,gasoline_euro4,1.08,34243.926612,927922.133088,176.953368,19.298268,397.226294,295973.84948,0.0
V6ToEastH6.264,3168.0,468_1,0.0,0.0,0.0,3293.0,522_1,56.88,12.59,125.0,1512.23,0.0,0,0.0,11.9,0,tripinfo_V6ToEastH6.264 emissions_V6ToEastH6.264,gasoline_euro4,0.97,4006.443635,356316.428241,26.094029,5.48159,138.228371,113648.662617,0.0
V6ToEastH6.259,3108.0,468_1,0.0,0.0,0.0,3295.0,522_1,56.88,14.27,187.0,2061.26,13.0,1,0.0,40.15,0,tripinfo_V6ToEastH6.259 emissions_V6ToEastH6.259,electric,1.03,0.0,0.0,0.0,0.0,0.0,0.0,0.0
V6ToEastH6.258,3096.0,468_1,0.0,0.0,0.0,3298.0,522_1,56.88,14.38,202.0,2061.26,25.0,1,0.0,59.22,0,tripinfo_V6ToEastH6.258 emissions_V6ToEastH6.258,electric,1.06,0.0,0.0,0.0,0.0,0.0,0.0,0.0
EastA509ToH6.165,2970.0,770_0,0.0,0.0,0.0,3302.0,522_1,56.88,12.42,332.0,2408.85,99.0,4,0.0,143.97,0,tripinfo_EastA509ToH6.165 emissions_EastA509ToH6.165,gasoline_euro4,0.93,25461.480128,897254.100047,136.201508,16.369139,368.698947,286189.707968,0.0
V6ToEastH6.260,3120.0,468_1,0.0,0.0,0.0,3304.0,522_1,56.88,14.21,184.0,2061.26,4.0,1,0.0,46.56,0,tripinfo_V6ToEastH6.260 emissions_V6ToEastH6.260,electric,1.1,0.0,0.0,0.0,0.0,0.0,0.0,0.0
EastA509ToH6.166,2988.0,770_0,0.0,0.0,0.0,3305.0,522_1,56.88,15.45,317.0,2408.85,91.0,4,0.0,161.23,0,tripinfo_EastA509ToH6.166 emissions_EastA509ToH6.166,electric,1.12,0.0,0.0,0.0,0.0,0.0,0.0,0.0
WestH6ToSaxonSt.188,2256.0,524_0,0.0,0.0,0.0,3307.0,771_1,56.88,12.64,1051.0,2574.97,761.0,11,0.0,843.54,0,tripinfo_WestH6ToSaxonSt.188 emissions_WestH6ToSaxonSt.188,gasoline_euro4,0.91,139483.5896,2735581.152365,698.664692,62.246501,1210.834259,872570.573527,0.0
EastA509ToH6.167,3006.0,770_0,0.0,0.0,0.0,3309.0,522_1,56.88,13.74,303.0,2408.87,75.0,2,0.0,132.58,0,tripinfo_EastA509ToH6.167 emissions_EastA509ToH6.167,electric,1.02,0.0,0.0,0.0,0.0,0.0,0.0,0.0
WestH6ToSaxonSt.190,2280.0,524_0,0.0,0.0,0.0,3311.0,771_1,56.88,13.42,1031.0,2574.97,746.0,14,0.0,838.11,0,tripinfo_WestH6ToSaxonSt.190 emissions_WestH6ToSaxonSt.190,gasoline_euro4,0.97,138443.048791,2728636.302954,693.593991,62.260588,1207.9726,870354.732158,0.0
EastA509ToH6.164,2952.0,770_0,0.0,0.0,0.0,3311.0,522_1,56.88,13.68,359.0,2408.87,135.0,5,0.0,194.44,0,tripinfo_EastA509ToH6.164 emissions_EastA509ToH6.164,electric,1.06,0.0,0.0,0.0,0.0,0.0,0.0,0.0
WestH6ToSaxonSt.199,2388.0,524_0,0.0,0.0,0.0,3313.0,771_1,56.88,13.42,925.0,2574.97,630.0,12,0.0,741.51,0,tripinfo_WestH6ToSaxonSt.199 emissions_WestH6ToSaxonSt.199,gasoline_euro4,1.03,120574.517201,2461635.211237,605.599293,55.40461,1083.400637,785187.35975,0.0
WestA509ToAvebury.83,1494.0,773_0,0.0,0.0,0.0,3317.0,213_0,19.13,12.8,1823.0,2279.03,1558.0,20,0.0,1652.86,0,tripinfo_WestA509ToAvebury.83 emissions_WestA509ToAvebury.83,electric,0.94,0.0,0.0,0.0,0.0,0.0,0.0,0.0
V6ToEastH6.265,3180.0,468_1,0.0,0.0,0.0,3317.0,522_1,56.88,11.89,137.0,1512.23,0.0,0,0.0,19.15,0,tripinfo_V6ToEastH6.265 emissions_V6ToEastH6.265,gasoline_euro4,0.93,4067.989404,350016.647004,26.125871,4.789516,132.311044,111640.081089,0.0
V6ToEastH6.261,3132.0,468_1,0.0,0.0,0.0,3319.0,522_1,56.88,13.17,187.0,2062.34,0.0,0,0.0,37.83,0,tripinfo_V6ToEastH6.261 emissions_V6ToEastH6.261,electric,1.01,0.0,0.0,0.0,0.0,0.0,0.0,0.0
WestH6ToSaxonSt.194,2328.0,524_0,0.0,0.0,0.0,3320.0,771_1,56.88,11.92,992.0,2574.94,683.0,11,0.0,780.66,0,tripinfo_WestH6ToSaxonSt.194 emissions_WestH6ToSaxonSt.194,gasoline_euro4,0.89,128704.039699,2564118.162612,645.603067,57.835743,1131.911839,817878.159916,0.0
WestA509ToEastH6.66,2379.0,773_0,0.0,0.0,3.0,3322.0,522_0,56.88,14.76,943.0,2754.12,683.0,9,0.0,766.13,0,tripinfo_WestA509ToEastH6.66 emissions_WestA509ToEastH6.66,gasoline_euro4,1.13,125742.016692,2586863.367764,632.475487,58.839042,1141.460617,825130.130595,0.0
EastSilburyToEastAvebury.76,1616.0,317_0,0.0,0.0,0.0,3326.0,213_0,19.13,10.29,1710.0,1576.69,1404.0,31,0.0,1567.22,0,tripinfo_EastSilburyToEastAvebury.76 emissions_EastSilburyToEastAvebury.76,electric,0.81,0.0,0.0,0.0,0.0,0.0,0.0,0.0
WestA509ToAvebury.88,1584.0,773_0,0.0,0.0,0.0,3328.0,213_0,19.13,13.97,1744.0,2266.1,1481.0,25,0.0,1608.68,0,tripinfo_WestA509ToAvebury.88 emissions_WestA509ToAvebury.88,electric,1.19,0.0,0.0,0.0,0.0,0.0,0.0,0.0
EastSilburyToEastAvebury.159,2944.0,317_0,0.0,0.0,0.0,3329.0,213_0,19.13,14.44,385.0,1581.83,220.0,15,0.0,280.21,0,tripinfo_EastSilburyToEastAvebury.159 emissions_EastSilburyToEastAvebury.159,electric,1.1,0.0,0.0,0.0,0.0,0.0,0.0,0.0
EastAveburyToWestA509.223,2095.0,483_1,0.0,0.0,0.0,3333.0,774_0,29.75,13.42,1238.0,2322.69,950.0,17,0.0,1073.35,0,tripinfo_EastAveburyToWestA509.223 emissions_EastAveburyToWestA509.223,gasoline_euro4,1.04,176672.207331,3354159.304051,882.390405,78.484067,1498.704744,1069879.960659,0.0
WestH6ToSaxonSt.249,2988.0,524_0,0.0,0.0,0.0,3335.0,771_0,56.88,15.72,347.0,2603.34,144.0,3,0.0,181.5,0,tripinfo_WestH6ToSaxonSt.249 emissions_WestH6ToSaxonSt.249,electric,1.14,0.0,0.0,0.0,0.0,0.0,0.0,0.0
SouthEvansGateToSilbury.171,3078.0,526_0,0.0,0.0,0.0,3337.0,215_1,19.43,13.28,259.0,1477.59,125.0,2,0.0,152.88,0,tripinfo_SouthEvansGateToSilbury.171 emissions_SouthEvansGateToSilbury.171,electric,1.01,0.0,0.0,0.0,0.0,0.0,0.0,0.0
SouthEvansGateToSilbury.174,3132.0,526_0,0.0,0.0,0.0,3338.0,215_1,19.43,14.55,206.0,1477.55,69.0,3,0.0,109.14,0,tripinfo_SouthEvansGateToSilbury.174 emissions_SouthEvansGateToSilbury.174,electric,1.1,0.0,0.0,0.0,0.0,0.0,0.0,0.0
V6ToEastH6.267,3204.0,468_1,0.0,0.0,0.0,3338.0,522_1,56.88,12.26,134.0,1512.23,0.0,0,0.0,11.77,0,tripinfo_V6ToEastH6.267 emissions_V6ToEastH6.267,gasoline_euro4,0.9,3862.350871,339817.961264,25.326344,4.934088,130.789255,108386.756722,0.0
V6ToEastH6.268,3216.0,468_1,0.0,0.0,0.0,3339.0,522_1,56.88,13.95,123.0,1512.23,2.0,1,0.0,26.85,0,tripinfo_V6ToEastH6.268 emissions_V6ToEastH6.268,gasoline_euro4,1.13,5672.516618,420901.339214,35.228681,7.25681,168.124371,134247.974447,0.0
EastAveburyToWestA509.235,2197.0,483_1,0.0,0.0,0.0,3341.0,774_0,29.75,12.12,1144.0,2322.64,852.0,16,0.0,961.84,0,tripinfo_EastAveburyToWestA509.235 emissions_EastAveburyToWestA509.235,gasoline_euro4,0.94,158362.766686,3039098.301462,792.172605,70.796473,1357.605754,969383.861258,0.0
WestH6ToSaxonSt.201,2412.0,524_0,0.0,0.0,0.0,3341.0,771_0,56.88,13.42,929.0,2613.57,633.0,11,0.0,735.3,0,tripinfo_WestH6ToSaxonSt.201 emissions_WestH6ToSaxonSt.201,electric,0.99,0.0,0.0,0.0,0.0,0.0,0.0,0.0
SouthEvansGateToSilbury.175,3150.0,526_0,0.0,0.0,0.0,3341.0,215_1,19.43,12.61,191.0,1477.59,52.0,1,0.0,77.03,0,tripinfo_SouthEvansGateToSilbury.175 emissions_SouthEvansGateToSilbury.175,electric,0.94,0.0,0.0,0.0,0.0,0.0,0.0,0.0
WestH6ToSaxonSt.253,3036.0,524_0,0.0,0.0,0.0,3343.0,771_0,56.88,15.23,307.0,2602.7,83.0,5,0.0,136.94,0,tripinfo_WestH6ToSaxonSt.253 emissions_WestH6ToSaxonSt.253,electric,1.11,0.0,0.0,0.0,0.0,0.0,0.0,0.0
EastAveburyToWestA509.230,2155.0,483_1,0.0,0.0,0.0,3346.0,774_0,29.75,14.16,1191.0,2325.77,882.0,19,0.0,1022.6,0,tripinfo_EastAveburyToWestA509.230 emissions_EastAveburyToWestA509.230,gasoline_euro4,1.02,167882.793781,3232871.967119,839.938944,75.508374,1444.370723,1031191.447301,0.0
WestH6ToSaxonSt.252,3024.0,524_0,0.0,0.0,0.0,3348.0,771_0,56.88,12.96,324.0,2602.68,87.0,2,0.0,131.63,0,tripinfo_WestH6ToSaxonSt.252 emissions_WestH6ToSaxonSt.252,electric,0.98,0.0,0.0,0.0,0.0,0.0,0.0,0.0
V6ToEastH6.269,3228.0,468_1,0.0,0.0,0.0,3348.0,522_1,56.88,13.32,120.0,1512.23,0.0,0,0.0,12.52,0,tripinfo_V6ToEastH6.269 emissions_V6ToEastH6.269,gasoline_euro4,1.02,3774.962714,344265.90103,24.767403,5.334837,133.178974,109805.010983,0.0
WestH6ToSaxonSt.205,2460.0,524_0,0.0,0.0,0.0,3354.0,771_0,56.88,13.86,894.0,2613.57,597.0,9,0.0,703.26,0,tripinfo_WestH6ToSaxonSt.205 emissions_WestH6ToSaxonSt.205,electric,1.0,0.0,0.0,0.0,0.0,0.0,0.0,0.0
V6ToEastH6.270,3240.0,468_1,0.0,0.0,0.0,3356.0,522_1,56.88,15.44,116.0,1512.23,0.0,0,0.0,18.14,0,tripinfo_V6ToEastH6.270 emissions_V6ToEastH6.270,gasoline_euro4,1.12,4499.783416,387831.082412,29.064206,6.421541,152.135966,123700.004836,0.0
WestA509ToAvebury.133,2394.0,773_0,0.0,0.0,0.0,3358.0,213_1,19.13,13.45,964.0,2337.28,717.0,10,0.0,793.89,0,tripinfo_WestA509ToAvebury.133 emissions_WestA509ToAvebury.133,gasoline_euro4,1.0,131259.262784,2574252.477903,657.152454,58.857887,1139.14107,821111.149119,0.0
EastSilburyToEastAvebury.162,2992.0,317_0,0.0,0.0,0.0,3358.0,213_0,19.13,13.59,366.0,1590.85,205.0,7,0.0,251.58,0,tripinfo_EastSilburyToEastAvebury.162 emissions_EastSilburyToEastAvebury.162,gasoline_euro4,1.01,42327.227745,1029269.197513,216.302446,21.880293,444.329278,328302.155785,0.0
EastSilburyToEastAvebury.127,2432.0,317_0,0.0,0.0,0.0,3360.0,213_1,19.13,13.78,928.0,2473.18,637.0,10,0.0,750.59,0,tripinfo_EastSilburyToEastAvebury.127 emissions_EastSilburyToEastAvebury.127,gasoline_euro4,1.03,122793.244813,2485171.959258,616.673377,56.529815,1099.208238,792694.812098,0.0
EastSilburyToEastAvebury.132,2512.0,317_0,0.0,0.0,0.0,3360.0,213_0,19.13,14.97,848.0,2473.2,555.0,11,0.0,682.75,0,tripinfo_EastSilburyToEastAvebury.132 emissions_EastSilburyToEastAvebury.132,gasoline_euro4,1.1,111260.709371,2338925.859192,560.903583,52.776796,1030.81603,746044.555237,0.0
EastSilburyToEastAvebury.137,2592.0,317_0,0.0,0.0,0.0,3362.0,213_0,19.13,12.83,770.0,2473.23,471.0,9,0.0,580.0,0,tripinfo_EastSilburyToEastAvebury.137 emissions_EastSilburyToEastAvebury.137,gasoline_euro4,0.96,94516.993672,2015892.246828,477.172703,44.571125,883.733811,643007.023737,0.0
WestA509ToAvebury.142,2556.0,773_0,0.0,0.0,0.0,3364.0,213_0,19.13,13.1,808.0,2336.44,540.0,10,0.0,640.32,0,tripinfo_WestA509ToAvebury.142 emissions_WestA509ToAvebury.142,gasoline_euro4,1.01,105076.706991,2166835.398866,528.556724,48.868447,955.360354,691154.304026,0.0
WestA509ToAvebury.144,2595.0,773_0,0.0,0.0,3.0,3366.0,213_0,19.13,12.66,771.0,2336.4,516.0,10,0.0,594.11,0,tripinfo_WestA509ToAvebury.144 emissions_WestA509ToAvebury.144,gasoline_euro4,0.96,98157.444516,2059372.790963,494.523027,45.798172,903.882959,656876.696316,0.0
WestA509ToAvebury.145,2610.0,773_0,0.0,0.0,0.0,3368.0,213_0,19.13,14.13,758.0,2336.45,500.0,9,0.0,594.35,0,tripinfo_WestA509ToAvebury.145 emissions_WestA509ToAvebury.145,gasoline_euro4,1.04,97227.106212,2064096.890449,490.178628,46.189864,907.138327,658382.435659,0.0
V6ToEastH6.271,3252.0,468_1,0.0,0.0,0.0,3369.0,522_1,56.88,14.03,117.0,1512.23,0.0,0,0.0,16.7,0,tripinfo_V6ToEastH6.271 emissions_V6ToEastH6.271,gasoline_euro4,1.1,4344.559299,382408.904134,27.937163,6.123191,148.657702,121970.711721,0.0
WestA509ToAvebury.146,2631.0,773_0,0.0,0.0,3.0,3371.0,213_0,19.13,11.37,740.0,2336.4,466.0,10,0.0,545.6,0,tripinfo_WestA509ToAvebury.146 emissions_WestA509ToAvebury.146,gasoline_euro4,0.87,90450.79462,1912048.388472,456.318995,41.79836,835.604428,609885.111597,0.0
WestA509ToAvebury.148,2664.0,773_0,0.0,0.0,0.0,3374.0,213_0,19.13,10.55,710.0,2336.4,429.0,9,0.0,507.94,0,tripinfo_WestA509ToAvebury.148 emissions_WestA509ToAvebury.148,gasoline_euro4,0.84,84070.06428,1794541.336083,424.546447,38.666823,780.885413,572404.054662,0.0
WestA509ToAvebury.154,2772.0,773_0,0.0,0.0,0.0,3375.0,213_0,19.13,12.44,603.0,2336.4,350.0,7,0.0,432.71,0,tripinfo_WestA509ToAvebury.154 emissions_WestA509ToAvebury.154,gasoline_euro4,1.0,70172.663264,1598365.82407,356.487872,34.477238,694.082985,509827.058635,0.0
V6ToEastH6.272,3264.0,468_1,0.0,0.0,0.0,3383.0,522_1,56.88,13.99,119.0,1512.23,0.0,0,0.0,14.03,0,tripinfo_V6ToEastH6.272 emissions_V6ToEastH6.272,gasoline_euro4,1.04,3883.846394,366393.070826,25.600804,5.544495,140.78306,116862.618148,0.0
EastA509ToH6.168,3024.0,770_0,0.0,0.0,0.0,3389.0,522_1,56.88,13.1,365.0,2408.83,138.0,4,0.0,180.21,0,tripinfo_EastA509ToH6.168 emissions_EastA509ToH6.168,electric,0.94,0.0,0.0,0.0,0.0,0.0,0.0,0.0
EastA509ToH6.172,3096.0,770_0,0.0,0.0,0.0,3391.0,522_1,56.88,12.93,295.0,2408.85,71.0,2,0.0,111.48,0,tripinfo_EastA509ToH6.172 emissions_EastA509ToH6.172,electric,0.95,0.0,0.0,0.0,0.0,0.0,0.0,0.0
WestH6ToSaxonSt.197,2364.0,524_0,0.0,0.0,0.0,3395.0,771_1,56.88,13.82,1031.0,2574.93,719.0,14,0.0,854.74,0,tripinfo_WestH6ToSaxonSt.197 emissions_WestH6ToSaxonSt.197,gasoline_euro4,1.07,138868.844795,2785479.647143,697.082115,63.980882,1236.016355,888484.023191,0.0
EastA509ToH6.169,3042.0,770_0,0.0,0.0,0.0,3395.0,522_1,56.88,12.02,353.0,2408.83,112.0,5,0.0,164.21,0,tripinfo_EastA509ToH6.169 emissions_EastA509ToH6.169,electric,0.93,0.0,0.0,0.0,0.0,0.0,0.0,0.0
WestH6ToSaxonSt.157,1884.0,524_0,0.0,0.0,0.0,3397.0,771_1,56.88,15.9,1513.0,2767.88,1190.0,19,0.0,1338.76,0,tripinfo_WestH6ToSaxonSt.157 emissions_WestH6ToSaxonSt.157,gasoline_euro4,1.18,218714.532458,4162790.031456,1093.144693,98.028852,1864.215432,1327808.776964,0.0
V6ToEastH6.211,2532.0,468_1,0.0,0.0,0.0,3397.0,522_1,56.88,13.86,865.0,2483.76,581.0,8,0.0,685.16,0,tripinfo_V6ToEastH6.211 emissions_V6ToEastH6.211,gasoline_euro4,1.01,111257.410002,2320784.635144,560.003704,51.749505,1018.897117,740259.274306,0.0
EastA509ToH6.173,3114.0,770_0,0.0,0.0,0.0,3399.0,522_1,56.88,14.83,285.0,2408.85,84.0,4,0.0,130.79,0,tripinfo_EastA509ToH6.173 emissions_EastA509ToH6.173,electric,1.13,0.0,0.0,0.0,0.0,0.0,0.0,0.0
WestH6ToSaxonSt.159,1908.0,524_0,0.0,0.0,0.0,3400.0,771_1,56.88,13.66,1492.0,2767.88,1144.0,16,0.0,1284.37,0,tripinfo_WestH6ToSaxonSt.159 emissions_WestH6ToSaxonSt.159,gasoline_euro4,1.0,210681.581767,3995382.916341,1052.591239,93.519358,1786.584006,1274411.905313,0.0
EastAveburyToWestA509.236,2206.0,483_0,0.0,0.0,0.0,3405.0,774_0,29.75,13.4,1199.0,2263.11,921.0,15,0.0,1034.09,0,tripinfo_EastAveburyToWestA509.236 emissions_EastAveburyToWestA509.236,gasoline_euro4,1.0,169885.05755,3190555.382325,847.694025,74.589468,1424.873338,1017696.327031,0.0
EastSilburyToEastAvebury.91,1856.0,317_0,0.0,0.0,0.0,3408.0,213_0,19.13,15.11,1552.0,1576.66,1272.0,31,0.0,1445.96,0,tripinfo_EastSilburyToEastAvebury.91 emissions_EastSilburyToEastAvebury.91,electric,1.09,0.0,0.0,0.0,0.0,0.0,0.0,0.0
WestH6ToSaxonSt.203,2436.0,524_0,0.0,0.0,0.0,3409.0,771_1,56.88,10.05,973.0,2574.94,629.0,15,0.0,741.14,0,tripinfo_WestH6ToSaxonSt.203 emissions_WestH6ToSaxonSt.203,gasoline_euro4,0.81,122705.076463,2450025.699363,615.822609,54.464266,1077.966715,781486.666023,0.0
EastAveburyToWestA509.227,2129.0,483_0,0.0,0.0,0.0,3410.0,774_1,29.75,14.7,1281.0,2264.88,993.0,17,0.0,1132.09,0,tripinfo_EastAveburyToWestA509.227 emissions_EastAveburyToWestA509.227,electric,1.11,0.0,0.0,0.0,0.0,0.0,0.0,0.0
WestA509ToAvebury.108,1944.0,773_0,0.0,0.0,0.0,3411.0,213_0,19.13,11.92,1467.0,2288.81,1161.0,32,0.0,1282.58,0,tripinfo_WestA509ToAvebury.108 emissions_WestA509ToAvebury.108,electric,0.9,0.0,0.0,0.0,0.0,0.0,0.0,0.0
EastAveburyToWestA509.293,2690.0,483_1,0.0,0.0,0.0,3411.0,774_0,29.75,11.58,721.0,2238.62,435.0,13,0.0,540.72,0,tripinfo_EastAveburyToWestA509.293 emissions_EastAveburyToWestA509.293,electric,0.92,0.0,0.0,0.0,0.0,0.0,0.0,0.0
WestH6ToSaxonSt.207,2484.0,524_0,0.0,0.0,0.0,3412.0,771_1,56.88,10.28,928.0,2574.97,595.0,9,0.0,694.65,0,tripinfo_WestH6ToSaxonSt.207 emissions_WestH6ToSaxonSt.207,gasoline_euro4,0.81,115291.901134,2348391.822837,579.777063,52.199231,1033.658579,749066.915066,0.0
EastAveburyToWestA509.279,2571.0,483_0,0.0,0.0,0.0,3412.0,774_0,29.75,13.05,841.0,2254.73,591.0,10,0.0,683.52,0,tripinfo_EastAveburyToWestA509.279 emissions_EastAveburyToWestA509.279,gasoline_euro4,1.04,112180.499385,2286915.237888,563.82047,52.197846,1013.050627,729456.176513,0.0
EastAveburyToWestA509.254,2359.0,483_0,0.0,0.0,0.0,3414.0,774_0,29.75,14.29,1055.0,2258.65,771.0,11,0.0,900.53,0,tripinfo_EastAveburyToWestA509.254 emissions_EastAveburyToWestA509.254,gasoline_euro4,1.07,146381.726025,2865961.78764,733.15808,66.443427,1276.699886,914156.852342,0.0
V6ToEastH6.273,3276.0,468_1,0.0,0.0,0.0,3414.0,522_1,56.88,12.14,138.0,1512.23,1.0,1,0.0,19.48,0,tripinfo_V6ToEastH6.273 emissions_V6ToEastH6.273,gasoline_euro4,0.92,4719.988872,378214.272496,29.762432,5.461038,144.748201,120633.781042,0.0
WestA509ToEastH6.67,2415.0,773_0,0.0,0.0,3.0,3418.0,522_0,56.88,15.21,1003.0,2754.12,719.0,11,0.0,826.97,0,tripinfo_WestA509ToEastH6.67 emissions_WestA509ToEastH6.67,gasoline_euro4,1.13,134346.317447,2738738.294548,674.831132,62.436125,1209.376717,873574.152235,0.0
V6ToEastH6.274,3288.0,468_1,0.0,0.0,0.0,3418.0,522_1,56.88,11.59,130.0,1512.23,0.0,0,0.0,11.44,0,tripinfo_V6ToEastH6.274 emissions_V6ToEastH6.274,gasoline_euro4,0.92,3699.760568,342601.673441,24.322893,4.834299,130.442709,109274.669466,0.0
EastAveburyToWestA509.339,3081.0,483_1,0.0,0.0,0.0,3419.0,774_1,29.75,14.75,338.0,2215.5,140.0,4,0.0,195.28,0,tripinfo_EastAveburyToWestA509.339 emissions_EastAveburyToWestA509.339,electric,1.13,0.0,0.0,0.0,0.0,0.0,0.0,0.0
EastAveburyToWestA509.248,2308.0,483_0,0.0,0.0,0.0,3421.0,774_1,29.75,14.56,1113.0,2242.49,833.0,17,0.0,968.36,0,tripinfo_EastAveburyToWestA509.248 emissions_EastAveburyToWestA509.248,gasoline_euro4,1.13,157314.487205,3034714.048383,787.008361,70.963674,1355.170601,967984.639306,0.0
WestA509ToEastH6.68,2448.0,773_0,0.0,0.0,0.0,3421.0,522_0,56.88,14.43,973.0,2754.07,668.0,14,0.0,787.31,0,tripinfo_WestA509ToEastH6.68 emissions_WestA509ToEastH6.68,gasoline_euro4,1.08,128201.475851,2644535.70368,644.878506,59.957489,1166.633779,843525.775897,0.0
WestA509ToEastH6.69,2484.0,773_0,0.0,0.0,0.0,3423.0,522_0,56.88,16.42,939.0,2754.12,637.0,12,0.0,776.73,0,tripinfo_WestA509ToEastH6.69 emissions_WestA509ToEastH6.69,gasoline_euro4,1.24,124505.80428,2605262.237377,627.072479,59.096799,1148.56504,830997.624399,0.0
SouthEvansGateToSilbury.176,3168.0,526_0,0.0,0.0,0.0,3424.0,215_1,19.43,14.08,256.0,1477.59,122.0,2,0.0,151.02,0,tripinfo_SouthEvansGateToSilbury.176 emissions_SouthEvansGateToSilbury.176,electric,1.02,0.0,0.0,0.0,0.0,0.0,0.0,0.0
EastAveburyToWestA509.269,2486.0,483_0,0.0,0.0,0.0,3425.0,774_0,29.75,11.69,939.0,2258.64,639.0,12,0.0,745.82,0,tripinfo_EastAveburyToWestA509.269 emissions_EastAveburyToWestA509.269,electric,0.86,0.0,0.0,0.0,0.0,0.0,0.0,0.0
EastAveburyToWestA509.325,2962.0,483_1,0.0,0.0,0.0,3426.0,774_1,29.75,12.99,464.0,2218.32,245.0,7,0.0,296.13,0,tripinfo_EastAveburyToWestA509.325 emissions_EastAveburyToWestA509.325,electric,0.96,0.0,0.0,0.0,0.0,0.0,0.0,0.0
SouthEvansGateToSilbury.178,3204.0,526_0,0.0,0.0,0.0,3428.0,215_1,19.43,12.09,224.0,1477.52,78.0,2,0.0,102.69,0,tripinfo_SouthEvansGateToSilbury.178 emissions_SouthEvansGateToSilbury.178,electric,0.88,0.0,0.0,0.0,0.0,0.0,0.0,0.0
WestH6ToSaxonSt.260,3120.0,524_0,0.0,0.0,0.0,3429.0,771_0,56.88,13.36,309.0,2603.34,88.0,2,0.0,128.44,0,tripinfo_WestH6ToSaxonSt.260 emissions_WestH6ToSaxonSt.260,electric,1.04,0.0,0.0,0.0,0.0,0.0,0.0,0.0
SouthEvansGateToSilbury.179,3222.0,526_0,0.0,0.0,0.0,3430.0,215_1,19.43,13.33,208.0,1477.52,65.0,2,0.0,105.55,0,tripinfo_SouthEvansGateToSilbury.179 emissions_SouthEvansGateToSilbury.179,electric,1.05,0.0,0.0,0.0,0.0,0.0,0.0,0.0
SouthEvansGateToSilbury.180,3240.0,526_0,0.0,0.0,0.0,3431.0,215_1,19.43,13.38,191.0,1477.59,56.0,2,0.0,87.34,0,tripinfo_SouthEvansGateToSilbury.180 emissions_SouthEvansGateToSilbury.180,electric,1.03,0.0,0.0,0.0,0.0,0.0,0.0,0.0
V6ToEastH6.275,3300.0,468_1,0.0,0.0,0.0,3431.0,522_1,56.88,13.19,131.0,1512.23,2.0,1,0.0,16.72,0,tripinfo_V6ToEastH6.275 emissions_V6ToEastH6.275,gasoline_euro4,0.96,4638.711729,374447.237854,29.41861,5.765417,145.778639,119431.809297,0.0
WestH6ToSaxonSt.211,2532.0,524_0,0.0,0.0,0.0,3434.0,771_0,56.88,11.89,902.0,2613.57,589.0,9,0.0,695.54,0,tripinfo_WestH6ToSaxonSt.211 emissions_WestH6ToSaxonSt.211,electric,0.93,0.0,0.0,0.0,0.0,0.0,0.0,0.0
WestA509ToEastH6.72,2592.0,773_0,0.0,0.0,0.0,3434.0,522_0,56.88,14.51,842.0,2754.12,544.0,11,0.0,656.55,0,tripinfo_WestA509ToEastH6.72 emissions_WestA509ToEastH6.72,gasoline_euro4,1.08,106717.517601,2286805.182027,538.317227,50.859691,1000.993953,729419.212264,0.0
WestA509ToEastH6.73,2628.0,773_0,0.0,0.0,0.0,3435.0,522_0,56.88,14.91,807.0,2754.15,497.0,13,0.0,621.54,0,tripinfo_WestA509ToEastH6.73 emissions_WestA509ToEastH6.73,gasoline_euro4,1.08,100457.186334,2216623.269261,508.556527,48.886969,968.581837,707031.959657,0.0
WestA509ToEastH6.74,2667.0,773_0,0.0,0.0,3.0,3437.0,522_0,56.88,14.22,770.0,2754.12,438.0,12,0.0,578.56,0,tripinfo_WestA509ToEastH6.74 emissions_WestA509ToEastH6.74,gasoline_euro4,1.04,92664.895267,2083714.880603,470.202036,45.667357,910.535733,664637.556561,0.0
WestH6ToSaxonSt.214,2568.0,524_0,0.0,0.0,0.0,3438.0,771_0,56.88,14.05,870.0,2613.57,578.0,9,0.0,688.31,0,tripinfo_WestH6ToSaxonSt.214 emissions_WestH6ToSaxonSt.214,electric,1.05,0.0,0.0,0.0,0.0,0.0,0.0,0.0
SouthEvansGateToSilbury.177,3186.0,526_0,0.0,0.0,0.0,3446.0,215_1,19.43,13.78,260.0,1471.73,129.0,3,0.0,152.98,0,tripinfo_SouthEvansGateToSilbury.177 emissions_SouthEvansGateToSilbury.177,gasoline_euro4,0.99,26715.594898,734007.424241,138.066093,14.727359,309.866095,234122.458308,0.0
V6ToEastH6.277,3324.0,468_1,0.0,0.0,0.0,3446.0,522_1,56.88,13.73,122.0,1512.23,1.0,1,0.0,18.68,0,tripinfo_V6ToEastH6.277 emissions_V6ToEastH6.277,gasoline_euro4,1.06,4660.57669,383725.0062,29.203485,5.89264,147.320338,122390.958873,0.0
WestA509ToAvebury.153,2754.0,773_0,0.0,0.0,0.0,3447.0,213_1,19.13,12.42,693.0,2336.43,422.0,8,0.0,508.09,0,tripinfo_WestA509ToAvebury.153 emissions_WestA509ToAvebury.153,gasoline_euro4,0.92,83700.808343,1826427.823305,423.363709,39.763103,796.684244,582573.229449,0.0
WestA509ToAvebury.155,2790.0,773_0,0.0,0.0,0.0,3447.0,213_0,19.13,13.11,657.0,2336.4,393.0,9,0.0,482.33,0,tripinfo_WestA509ToAvebury.155 emissions_WestA509ToAvebury.155,gasoline_euro4,0.97,79277.876302,1774660.135524,401.873957,38.422066,771.963422,566059.914425,0.0
SouthEvansGateToSilbury.172,3096.0,526_0,0.0,0.0,0.0,3447.0,215_0,19.43,12.1,351.0,1471.76,209.0,4,0.0,235.16,0,tripinfo_SouthEvansGateToSilbury.172 emissions_SouthEvansGateToSilbury.172,gasoline_euro4,0.92,40226.074526,933867.452152,204.715283,19.880331,403.606419,297873.382911,0.0
EastA509ToH6.143,2574.0,770_0,0.0,0.0,0.0,3449.0,522_0,56.88,15.47,875.0,1483.69,680.0,17,0.0,783.55,0,tripinfo_EastA509ToH6.143 emissions_EastA509ToH6.143,gasoline_euro4,1.18,127712.46216,2438587.173219,638.26969,57.625439,1093.311372,777837.739339,0.0
WestA509ToAvebury.157,2826.0,773_0,0.0,0.0,0.0,3449.0,213_0,19.13,13.67,623.0,2336.42,351.0,8,0.0,459.49,0,tripinfo_WestA509ToAvebury.157 emissions_WestA509ToAvebury.157,gasoline_euro4,1.04,73738.45696,1695417.073314,374.743136,36.804732,738.076095,540782.478983,0.0
WestA509ToAvebury.156,2811.0,773_0,0.0,0.0,3.0,3450.0,213_0,19.13,13.43,639.0,2336.45,367.0,9,0.0,469.6,0,tripinfo_WestA509ToAvebury.156 emissions_WestA509ToAvebury.156,gasoline_euro4,1.0,76319.301699,1743931.871676,388.005545,38.115334,761.727095,556257.112368,0.0
EastSilburyToEastAvebury.146,2736.0,317_0,0.0,0.0,0.0,3452.0,213_0,19.13,14.06,716.0,2473.19,401.0,15,0.0,546.68,0,tripinfo_EastSilburyToEastAvebury.146 emissions_EastSilburyToEastAvebury.146,gasoline_euro4,1.07,87777.63684,1987639.10849,445.93276,43.986219,872.13582,633991.574046,0.0
WestA509ToAvebury.150,2700.0,773_0,0.0,0.0,0.0,3454.0,213_0,19.13,15.22,754.0,2336.45,476.0,12,0.0,599.96,0,tripinfo_WestA509ToAvebury.150 emissions_WestA509ToAvebury.150,gasoline_euro4,1.11,95824.956181,2055605.203366,484.079993,46.187289,904.979368,655673.041486,0.0
V6ToEastH6.278,3336.0,468_1,0.0,0.0,0.0,3456.0,522_1,56.88,13.16,120.0,1512.23,0.0,0,0.0,12.94,0,tripinfo_V6ToEastH6.278 emissions_V6ToEastH6.278,gasoline_euro4,1.02,3754.49236,353149.51684,24.585148,5.276344,134.769763,112638.631812,0.0
EastA509ToH6.144,2592.0,770_0,0.0,0.0,0.0,3463.0,522_0,56.88,12.73,871.0,1483.69,649.0,18,0.0,757.75,0,tripinfo_EastA509ToH6.144 emissions_EastA509ToH6.144,electric,0.95,0.0,0.0,0.0,0.0,0.0,0.0,0.0
EastSilburyToEastAvebury.165,3040.0,317_0,0.0,0.0,0.0,3463.0,213_0,19.13,10.43,423.0,1590.83,199.0,9,0.0,269.82,0,tripinfo_EastSilburyToEastAvebury.165 emissions_EastSilburyToEastAvebury.165,electric,0.76,0.0,0.0,0.0,0.0,0.0,0.0,0.0
WestA509ToAvebury.166,2988.0,773_0,0.0,0.0,0.0,3464.0,213_0,19.13,12.03,476.0,2913.6,198.0,5,0.0,281.47,0,tripinfo_WestA509ToAvebury.166 emissions_WestA509ToAvebury.166,electric,1.1,0.0,0.0,0.0,0.0,0.0,0.0,0.0
V6ToEastH6.279,3348.0,468_1,0.0,0.0,0.0,3474.0,522_1,56.88,13.49,126.0,1512.23,0.0,0,0.0,13.33,0,tripinfo_V6ToEastH6.279 emissions_V6ToEastH6.279,gasoline_euro4,0.97,4088.073355,364957.241172,26.510739,5.505485,140.70458,116404.795325,0.0
WestH6ToSaxonSt.165,1980.0,524_0,0.0,0.0,0.0,3476.0,771_1,56.88,14.49,1496.0,2767.88,1166.0,16,0.0,1310.91,0,tripinfo_WestH6ToSaxonSt.165 emissions_WestH6ToSaxonSt.165,gasoline_euro4,1.11,214765.500971,4090096.617548,1073.12842,96.004723,1829.361004,1304621.978109,0.0
V6ToEastH6.212,2544.0,468_1,0.0,0.0,0.0,3479.0,522_1,56.88,12.31,935.0,2488.97,620.0,10,0.0,736.93,0,tripinfo_V6ToEastH6.212 emissions_V6ToEastH6.212,gasoline_euro4,0.92,119345.696291,2432028.457805,599.765545,54.513104,1071.651484,775744.033704,0.0
V6ToEastH6.213,2556.0,468_1,0.0,0.0,0.0,3485.0,522_1,56.88,12.96,929.0,2483.76,629.0,13,0.0,739.83,0,tripinfo_V6ToEastH6.213 emissions_V6ToEastH6.213,gasoline_euro4,0.96,121434.599695,2483852.188087,610.748086,56.312782,1098.803303,792273.216485,0.0
EastA509ToH6.179,3222.0,770_0,0.0,0.0,0.0,3487.0,522_1,56.88,14.9,265.0,2408.85,57.0,3,0.0,108.38,0,tripinfo_EastA509ToH6.179 emissions_EastA509ToH6.179,electric,1.11,0.0,0.0,0.0,0.0,0.0,0.0,0.0
V6ToEastH6.280,3360.0,468_1,0.0,0.0,0.0,3491.0,522_1,56.88,12.53,131.0,1512.23,0.0,0,0.0,17.52,0,tripinfo_V6ToEastH6.280 emissions_V6ToEastH6.280,electric,0.97,0.0,0.0,0.0,0.0,0.0,0.0,0.0
WestA509ToAvebury.116,2091.0,773_0,0.0,0.0,3.0,3495.0,213_0,19.13,14.53,1404.0,2288.7,1118.0,31,0.0,1249.69,0,tripinfo_WestA509ToAvebury.116 emissions_WestA509ToAvebury.116,electric,1.08,0.0,0.0,0.0,0.0,0.0,0.0,0.0
EastAveburyToWestA509.259,2401.0,483_0,0.0,0.0,0.0,3496.0,774_0,29.75,12.26,1095.0,2258.11,818.0,13,0.0,921.94,0,tripinfo_EastAveburyToWestA509.259 emissions_EastAveburyToWestA509.259,gasoline_euro4,0.96,152426.898832,2946771.061661,762.675714,68.433933,1314.421155,939933.681506,0.0
EastSilburyToEastAvebury.128,2448.0,317_0,0.0,0.0,0.0,3498.0,213_0,19.13,12.33,1050.0,1565.48,827.0,26,0.0,925.69,0,tripinfo_EastSilburyToEastAvebury.128 emissions_EastSilburyToEastAvebury.128,electric,0.92,0.0,0.0,0.0,0.0,0.0,0.0,0.0
EastAveburyToWestA509.282,2597.0,483_0,0.0,0.0,0.0,3500.0,774_1,29.75,14.08,903.0,2258.63,623.0,18,0.0,745.35,0,tripinfo_EastAveburyToWestA509.282 emissions_EastAveburyToWestA509.282,gasoline_euro4,1.05,122109.175861,2454635.127238,613.098575,56.280014,1089.640032,782954.46913,0.0
WestA509ToEastH6.77,2775.0,773_0,0.0,0.0,3.0,3500.0,522_0,56.88,13.97,725.0,2754.15,414.0,9,0.0,526.29,0,tripinfo_WestA509ToEastH6.77 emissions_WestA509ToEastH6.77,gasoline_euro4,1.01,85554.625647,1966114.28181,434.941795,42.627306,855.148627,627126.176502,0.0
WestA509ToAvebury.46,828.0,773_0,0.0,0.0,0.0,3501.0,213_0,19.13,14.72,2673.0,2288.57,2305.0,36,0.0,2521.05,0,tripinfo_WestA509ToAvebury.46 emissions_WestA509ToAvebury.46,electric,1.09,0.0,0.0,0.0,0.0,0.0,0.0,0.0
EastAveburyToWestA509.250,2325.0,483_1,0.0,0.0,0.0,3503.0,774_0,29.75,11.78,1178.0,2235.85,841.0,22,0.0,992.18,0,tripinfo_EastAveburyToWestA509.250 emissions_EastAveburyToWestA509.250,electric,0.88,0.0,0.0,0.0,0.0,0.0,0.0,0.0
EastAveburyToWestA509.297,2724.0,483_0,0.0,0.0,0.0,3507.0,774_0,29.75,12.01,783.0,2254.71,516.0,7,0.0,600.95,0,tripinfo_EastAveburyToWestA509.297 emissions_EastAveburyToWestA509.297,gasoline_euro4,0.9,99014.576242,2054395.609936,498.532945,45.669217,902.700913,655289.804075,0.0
V6ToEastH6.281,3372.0,468_1,0.0,0.0,0.0,3508.0,522_0,56.88,12.19,136.0,1512.23,0.0,0,0.0,12.45,0,tripinfo_V6ToEastH6.281 emissions_V6ToEastH6.281,gasoline_euro4,0.88,3895.513177,342413.736082,25.468583,4.796178,130.556739,109214.911954,0.0
EastAveburyToWestA509.287,2639.0,483_0,0.0,0.0,0.0,3509.0,774_0,29.75,12.03,870.0,2258.65,560.0,12,0.0,691.73,0,tripinfo_EastAveburyToWestA509.287 emissions_EastAveburyToWestA509.287,gasoline_euro4,0.93,114202.387658,2312238.782275,573.993135,52.605174,1024.619611,737534.281037,0.0
V6ToEastH6.282,3384.0,468_1,0.0,0.0,0.0,3511.0,522_1,56.88,12.24,127.0,1512.23,0.0,0,0.0,13.5,0,tripinfo_V6ToEastH6.282 emissions_V6ToEastH6.282,electric,0.96,0.0,0.0,0.0,0.0,0.0,0.0,0.0
SouthEvansGateToSilbury.184,3312.0,526_0,0.0,0.0,0.0,3512.0,215_1,19.43,13.16,200.0,1477.63,60.0,2,0.0,89.49,0,tripinfo_SouthEvansGateToSilbury.184 emissions_SouthEvansGateToSilbury.184,gasoline_euro4,0.97,15799.174469,577138.017873,85.037703,10.640997,237.85347,184084.433912,0.0
WestA509ToEastH6.78,2808.0,773_0,0.0,0.0,0.0,3514.0,522_0,56.88,13.61,706.0,2754.12,381.0,12,0.0,507.52,0,tripinfo_WestA509ToEastH6.78 emissions_WestA509ToEastH6.78,gasoline_euro4,1.0,81508.577377,1900492.573832,414.998119,41.002123,826.059224,606194.421797,0.0
SouthEvansGateToSilbury.183,3294.0,526_0,0.0,0.0,0.0,3514.0,215_1,19.43,15.15,220.0,1477.55,82.0,3,0.0,123.14,0,tripinfo_SouthEvansGateToSilbury.183 emissions_SouthEvansGateToSilbury.183,gasoline_euro4,1.11,20992.758306,682143.473111,111.035223,13.677713,288.22249,217577.224187,0.0
EastAveburyToWestA509.277,2554.0,483_1,0.0,0.0,0.0,3515.0,774_0,29.75,14.03,961.0,2325.48,683.0,13,0.0,794.56,0,tripinfo_EastAveburyToWestA509.277 emissions_EastAveburyToWestA509.277,gasoline_euro4,1.04,130391.442921,2641784.893285,655.142566,60.828308,1174.410904,842648.618346,0.0
EastA509ToH6.171,3078.0,770_0,0.0,0.0,0.0,3516.0,522_1,56.88,14.6,438.0,2393.66,166.0,7,0.0,273.29,0,tripinfo_EastA509ToH6.171 emissions_EastA509ToH6.171,gasoline_euro4,1.06,42860.36903,1211018.932265,223.22722,24.813823,517.229142,386270.860441,0.0
SouthEvansGateToSilbury.181,3258.0,526_0,0.0,0.0,0.0,3516.0,215_1,19.43,12.41,258.0,1477.59,117.0,2,0.0,146.35,0,tripinfo_SouthEvansGateToSilbury.181 emissions_SouthEvansGateToSilbury.181,gasoline_euro4,0.96,25451.070459,726213.848428,132.648708,14.653936,308.634203,231635.825971,0.0
SouthEvansGateToSilbury.182,3276.0,526_0,0.0,0.0,0.0,3518.0,215_1,19.43,12.12,242.0,1477.52,95.0,3,0.0,128.73,0,tripinfo_SouthEvansGateToSilbury.182 emissions_SouthEvansGateToSilbury.182,electric,0.94,0.0,0.0,0.0,0.0,0.0,0.0,0.0
EastA509ToH6.145,2610.0,770_0,0.0,0.0,0.0,3519.0,522_1,56.88,15.42,909.0,1483.69,695.0,16,0.0,817.71,0,tripinfo_EastA509ToH6.145 emissions_EastA509ToH6.145,gasoline_euro4,1.18,131621.577925,2488314.063583,657.343531,58.765716,1116.169409,793700.005573,0.0
EastAveburyToWestA509.346,3141.0,483_1,0.0,0.0,0.0,3519.0,774_1,29.75,13.05,378.0,2219.98,169.0,6,0.0,215.77,0,tripinfo_EastAveburyToWestA509.346 emissions_EastAveburyToWestA509.346,electric,0.99,0.0,0.0,0.0,0.0,0.0,0.0,0.0
SouthEvansGateToSilbury.185,3330.0,526_0,0.0,0.0,0.0,3520.0,215_1,19.43,15.15,190.0,1477.59,53.0,2,0.0,96.02,0,tripinfo_SouthEvansGateToSilbury.185 emissions_SouthEvansGateToSilbury.185,gasoline_euro4,1.15,15342.073544,570479.772522,82.784994,10.829474,235.941855,181960.198565,0.0
EastA509ToH6.170,3060.0,770_0,0.0,0.0,0.0,3522.0,522_0,56.88,11.11,462.0,2393.63,170.0,8,0.0,256.22,0,tripinfo_EastA509ToH6.170 emissions_EastA509ToH6.170,gasoline_euro4,0.85,43050.104866,1181897.306826,223.464374,23.380283,500.870103,376983.802789,0.0
EastA509ToH6.146,2628.0,770_0,0.0,0.0,0.0,3524.0,522_0,56.88,13.63,896.0,1483.69,669.0,16,0.0,792.63,0,tripinfo_EastA509ToH6.146 emissions_EastA509ToH6.146,electric,1.04,0.0,0.0,0.0,0.0,0.0,0.0,0.0
EastA509ToH6.147,2646.0,770_0,0.0,0.0,0.0,3525.0,522_0,56.88,14.05,879.0,1483.69,667.0,14,0.0,782.34,0,tripinfo_EastA509ToH6.147 emissions_EastA509ToH6.147,gasoline_euro4,1.11,126343.3018,2387932.340057,630.970506,56.4627,1071.918007,761681.092457,0.0
WestH6ToSaxonSt.209,2508.0,524_0,0.0,0.0,0.0,3527.0,771_0,56.88,11.08,1019.0,2608.48,713.0,9,0.0,799.12,0,tripinfo_WestH6ToSaxonSt.209 emissions_WestH6ToSaxonSt.209,electric,0.87,0.0,0.0,0.0,0.0,0.0,0.0,0.0
EastAveburyToWestA509.245,2282.0,483_1,0.0,0.0,0.0,3529.0,774_0,29.75,11.84,1247.0,2327.94,919.0,17,0.0,1049.11,0,tripinfo_EastAveburyToWestA509.245 emissions_EastAveburyToWestA509.245,gasoline_euro4,0.87,172502.996253,3242867.666872,861.307359,75.478899,1448.933286,1034382.627041,0.0
WestH6ToSaxonSt.220,2640.0,524_0,0.0,0.0,0.0,3529.0,771_0,56.88,12.19,889.0,2613.57,571.0,11,0.0,690.47,0,tripinfo_WestH6ToSaxonSt.220 emissions_WestH6ToSaxonSt.220,electric,0.97,0.0,0.0,0.0,0.0,0.0,0.0,0.0
WestH6ToSaxonSt.216,2592.0,524_0,0.0,0.0,0.0,3531.0,771_0,56.88,11.78,939.0,2614.23,616.0,10,0.0,724.13,0,tripinfo_WestH6ToSaxonSt.216 emissions_WestH6ToSaxonSt.216,electric,0.89,0.0,0.0,0.0,0.0,0.0,0.0,0.0
WestH6ToSaxonSt.268,3216.0,524_0,0.0,0.0,0.0,3532.0,771_0,56.88,14.17,316.0,2601.22,92.0,3,0.0,144.04,0,tripinfo_WestH6ToSaxonSt.268 emissions_WestH6ToSaxonSt.268,electric,1.09,0.0,0.0,0.0,0.0,0.0,0.0,0.0
WestA509ToAvebury.149,2682.0,773_0,0.0,0.0,0.0,3534.0,213_0,19.13,13.89,852.0,2336.45,555.0,17,0.0,685.4,0,tripinfo_WestA509ToAvebury.149 emissions_WestA509ToAvebury.149,gasoline_euro4,1.02,110364.37434,2276062.646611,555.005346,51.290985,1003.078611,725994.474036,0.0
EastSilburyToEastAvebury.167,3072.0,317_0,0.0,0.0,0.0,3534.0,213_1,19.13,14.82,462.0,1590.83,289.0,5,0.0,353.65,0,tripinfo_EastSilburyToEastAvebury.167 emissions_EastSilburyToEastAvebury.167,electric,1.07,0.0,0.0,0.0,0.0,0.0,0.0,0.0
EastAveburyToWestA509.233,2180.0,483_1,0.0,0.0,0.0,3535.0,774_0,29.75,10.55,1355.0,2325.7,994.0,18,0.0,1153.78,0,tripinfo_EastAveburyToWestA509.233 emissions_EastAveburyToWestA509.233,gasoline_euro4,0.85,188855.785801,3492643.710731,941.564125,81.445861,1561.751223,1114055.842961,0.0
WestA509ToAvebury.169,3042.0,773_0,0.0,0.0,0.0,3536.0,213_0,19.13,14.04,494.0,2913.6,225.0,4,0.0,289.78,0,tripinfo_WestA509ToAvebury.169 emissions_WestA509ToAvebury.169,electric,1.05,0.0,0.0,0.0,0.0,0.0,0.0,0.0
WestH6ToSaxonSt.265,3180.0,524_0,0.0,0.0,0.0,3544.0,771_0,56.88,10.64,364.0,2602.7,91.0,3,0.0,125.2,0,tripinfo_WestH6ToSaxonSt.265 emissions_WestH6ToSaxonSt.265,electric,0.79,0.0,0.0,0.0,0.0,0.0,0.0,0.0
V6ToEastH6.285,3420.0,468_1,0.0,0.0,0.0,3552.0,522_1,56.88,12.32,132.0,1512.23,0.0,0,0.0,13.9,0,tripinfo_V6ToEastH6.285 emissions_V6ToEastH6.285,electric,0.92,0.0,0.0,0.0,0.0,0.0,0.0,0.0
EastAveburyToWestA509.284,2614.0,483_1,0.0,0.0,0.0,3555.0,774_0,29.75,15.95,941.0,2308.5,635.0,12,0.0,794.0,0,tripinfo_EastAveburyToWestA509.284 emissions_EastAveburyToWestA509.284,electric,1.15,0.0,0.0,0.0,0.0,0.0,0.0,0.0
V6ToEastH6.284,3408.0,468_1,0.0,0.0,0.0,3558.0,522_0,56.88,10.71,150.0,1512.23,0.0,0,0.0,13.54,0,tripinfo_V6ToEastH6.284 emissions_V6ToEastH6.284,electric,0.8,0.0,0.0,0.0,0.0,0.0,0.0,0.0
V6ToEastH6.286,3432.0,468_1,0.0,0.0,0.0,3558.0,522_1,56.88,12.65,126.0,1512.23,0.0,0,0.0,15.6,0,tripinfo_V6ToEastH6.286 emissions_V6ToEastH6.286,electric,0.99,0.0,0.0,0.0,0.0,0.0,0.0,0.0
EastA509ToH6.178,3204.0,770_0,0.0,0.0,0.0,3562.0,522_1,56.88,12.67,358.0,2408.85,129.0,4,0.0,182.81,0,tripinfo_EastA509ToH6.178 emissions_EastA509ToH6.178,electric,0.99,0.0,0.0,0.0,0.0,0.0,0.0,0.0
EastA509ToH6.181,3258.0,770_0,0.0,0.0,0.0,3564.0,522_1,56.88,14.35,306.0,2408.85,86.0,3,0.0,148.52,0,tripinfo_EastA509ToH6.181 emissions_EastA509ToH6.181,electric,1.11,0.0,0.0,0.0,0.0,0.0,0.0,0.0
WestH6ToSaxonSt.170,2040.0,524_0,0.0,0.0,0.0,3569.0,771_1,56.88,12.52,1529.0,2767.88,1171.0,17,0.0,1313.63,0,tripinfo_WestH6ToSaxonSt.170 emissions_WestH6ToSaxonSt.170,gasoline_euro4,0.96,216122.510386,4072797.332691,1078.990603,95.291276,1821.183923,1299105.759455,0.0
V6ToEastH6.287,3444.0,468_1,0.0,0.0,0.0,3577.0,522_1,56.88,13.68,133.0,1512.23,1.0,1,0.0,24.58,0,tripinfo_V6ToEastH6.287 emissions_V6ToEastH6.287,electric,1.0,0.0,0.0,0.0,0.0,0.0,0.0,0.0
EastA509ToH6.175,3150.0,770_0,0.0,0.0,0.0,3578.0,522_0,56.88,11.13,428.0,2408.87,174.0,7,0.0,216.34,0,tripinfo_EastA509ToH6.175 emissions_EastA509ToH6.175,electric,0.82,0.0,0.0,0.0,0.0,0.0,0.0,0.0
WestH6ToSaxonSt.218,2616.0,524_0,0.0,0.0,0.0,3579.0,771_1,56.88,13.12,963.0,2574.97,640.0,14,0.0,764.5,0,tripinfo_WestH6ToSaxonSt.218 emissions_WestH6ToSaxonSt.218,gasoline_euro4,0.95,124209.628452,2521720.755158,624.034683,56.952121,1113.686026,804352.989417,0.0
V6ToEastH6.288,3456.0,468_1,0.0,0.0,0.0,3582.0,522_1,56.88,12.88,126.0,1512.23,0.0,0,0.0,11.83,0,tripinfo_V6ToEastH6.288 emissions_V6ToEastH6.288,gasoline_euro4,0.96,3761.830613,352196.723993,24.721618,5.117603,134.445231,112334.89074,0.0
EastAveburyToWestA509.240,2240.0,483_1,0.0,0.0,0.0,3587.0,774_0,29.75,11.89,1347.0,2238.89,1023.0,21,0.0,1167.3,0,tripinfo_EastAveburyToWestA509.240 emissions_EastAveburyToWestA509.240,electric,0.91,0.0,0.0,0.0,0.0,0.0,0.0,0.0
WestA509ToAvebury.57,1026.0,773_0,0.0,0.0,0.0,3589.0,213_0,19.13,15.07,2563.0,2249.98,2292.0,20,0.0,2413.62,0,tripinfo_WestA509ToAvebury.57 emissions_WestA509ToAvebury.57,electric,1.09,0.0,0.0,0.0,0.0,0.0,0.0,0.0
V6ToEastH6.289,3468.0,468_1,0.0,0.0,0.0,3589.0,522_1,56.88,14.97,121.0,1512.23,0.0,0,0.0,23.36,0,tripinfo_V6ToEastH6.289 emissions_V6ToEastH6.289,gasoline_euro4,1.12,5304.393944,406267.971899,33.204642,6.868185,161.412209,129580.663582,0.0
EastAveburyToWestA509.253,2350.0,483_0,0.0,0.0,0.0,3594.0,774_0,29.75,10.72,1244.0,2257.23,945.0,14,0.0,1047.89,0,tripinfo_EastAveburyToWestA509.253 emissions_EastAveburyToWestA509.253,electric,0.84,0.0,0.0,0.0,0.0,0.0,0.0,0.0
EastA509ToH6.174,3132.0,770_0,0.0,0.0,0.0,3595.0,522_0,56.88,13.6,463.0,2393.68,230.0,8,0.0,294.93,0,tripinfo_EastA509ToH6.174 emissions_EastA509ToH6.174,gasoline_euro4,1.03,49829.8141,1303517.516634,256.583098,27.161687,558.09705,415776.389236,0.0
EastA509ToH6.180,3240.0,770_0,0.0,0.0,0.0,3597.0,522_0,56.88,12.74,357.0,2393.68,122.0,7,0.0,184.39,0,tripinfo_EastA509ToH6.180 emissions_EastA509ToH6.180,gasoline_euro4,1.01,31426.032113,989532.918307,165.550585,19.39802,415.275716,315623.663742,0.0
WestH6ToSaxonSt.272,3264.0,524_0,0.0,0.0,0.0,3600.0,771_0,56.88,13.71,336.0,2602.68,125.0,3,0.0,159.97,0,tripinfo_WestH6ToSaxonSt.272 emissions_WestH6ToSaxonSt.272,electric,1.07,0.0,0.0,0.0,0.0,0.0,0.0,0.0
SouthEvansGateToSilbury.186,3348.0,526_0,0.0,0.0,0.0,3601.0,215_1,19.43,12.93,253.0,1477.59,118.0,2,0.0,139.65,0,tripinfo_SouthEvansGateToSilbury.186 emissions_SouthEvansGateToSilbury.186,gasoline_euro4,0.95,24799.226376,714955.449816,129.227919,14.126692,301.033019,228045.035357,0.0
V6ToEastH6.290,3480.0,468_1,0.0,0.0,0.0,3601.0,522_1,56.88,13.65,121.0,1512.23,0.0,0,0.0,13.45,0,tripinfo_V6ToEastH6.290 emissions_V6ToEastH6.290,electric,1.02,0.0,0.0,0.0,0.0,0.0,0.0,0.0
SouthEvansGateToSilbury.189,3402.0,526_0,0.0,0.0,0.0,3602.0,215_1,19.43,14.23,200.0,1477.6,67.0,2,0.0,103.33,0,tripinfo_SouthEvansGateToSilbury.189 emissions_SouthEvansGateToSilbury.189,gasoline_euro4,1.1,18030.022919,622045.294404,96.346418,12.405214,262.175998,198407.649974,0.0
SouthEvansGateToSilbury.187,3366.0,526_0,0.0,0.0,0.0,3606.0,215_1,19.43,10.76,240.0,1477.52,86.0,2,0.0,109.81,0,tripinfo_SouthEvansGateToSilbury.187 emissions_SouthEvansGateToSilbury.187,electric,0.82,0.0,0.0,0.0,0.0,0.0,0.0,0.0
EastA509ToH6.148,2664.0,770_0,0.0,0.0,0.0,3607.0,522_0,56.88,14.81,943.0,1483.69,733.0,16,0.0,844.88,0,tripinfo_EastA509ToH6.148 emissions_EastA509ToH6.148,electric,1.09,0.0,0.0,0.0,0.0,0.0,0.0,0.0
SouthEvansGateToSilbury.188,3384.0,526_0,0.0,0.0,0.0,3608.0,215_1,19.43,14.53,224.0,1477.52,82.0,4,0.0,123.37,0,tripinfo_SouthEvansGateToSilbury.188 emissions_SouthEvansGateToSilbury.188,gasoline_euro4,1.07,20384.587248,640557.469459,107.525085,12.586239,269.360726,204313.659638,0.0
EastA509ToH6.149,2682.0,770_0,0.0,0.0,0.0,3609.0,522_0,56.88,15.92,927.0,1483.69,717.0,16,0.0,839.85,0,tripinfo_EastA509ToH6.149 emissions_EastA509ToH6.149,gasoline_euro4,1.24,135381.556397,2572391.414362,676.595712,61.056569,1156.396611,820517.459644,0.0
EastAveburyToWestA509.246,2291.0,483_1,0.0,0.0,0.0,3611.0,774_0,29.75,11.81,1320.0,2322.69,974.0,20,0.0,1134.31,0,tripinfo_EastAveburyToWestA509.246 emissions_EastAveburyToWestA509.246,gasoline_euro4,0.92,184321.073031,3451789.292892,920.046512,80.81089,1544.928442,1101022.620655,0.0
EastAveburyToWestA509.295,2707.0,483_1,0.0,0.0,0.0,3613.0,774_0,29.75,12.51,906.0,2325.48,601.0,18,0.0,725.44,0,tripinfo_EastAveburyToWestA509.295 emissions_EastAveburyToWestA509.295,gasoline_euro4,0.96,119124.52965,2442698.985269,598.944578,55.113028,1078.942809,779146.668868,0.0
EastA509ToH6.153,2754.0,770_0,0.0,0.0,0.0,3614.0,522_0,56.88,13.27,860.0,1483.69,650.0,12,0.0,752.88,0,tripinfo_EastA509ToH6.153 emissions_EastA509ToH6.153,electric,1.0,0.0,0.0,0.0,0.0,0.0,0.0,0.0
EastAveburyToWestA509.306,2801.0,483_1,0.0,0.0,0.0,3616.0,774_0,29.75,14.27,815.0,2284.71,515.0,17,0.0,652.53,0,tripinfo_EastAveburyToWestA509.306 emissions_EastAveburyToWestA509.306,gasoline_euro4,1.03,104862.185622,2200080.781215,528.745629,49.901942,973.939368,701756.979822,0.0
EastA509ToH6.154,2772.0,770_0,0.0,0.0,0.0,3617.0,522_0,56.88,13.81,845.0,1483.69,631.0,12,0.0,740.71,0,tripinfo_EastA509ToH6.154 emissions_EastA509ToH6.154,gasoline_euro4,1.03,119518.180869,2271247.706331,597.268499,53.217768,1016.770475,724462.222239,0.0
EastA509ToH6.150,2700.0,770_0,0.0,0.0,0.0,3621.0,522_0,56.88,13.12,921.0,1483.69,713.0,14,0.0,809.14,0,tripinfo_EastA509ToH6.150 emissions_EastA509ToH6.150,electric,0.96,0.0,0.0,0.0,0.0,0.0,0.0,0.0
WestA509ToAvebury.182,3276.0,773_0,0.0,0.0,0.0,3621.0,213_0,19.13,13.3,345.0,2287.98,136.0,5,0.0,180.22,0,tripinfo_WestA509ToAvebury.182 emissions_WestA509ToAvebury.182,electric,1.01,0.0,0.0,0.0,0.0,0.0,0.0,0.0
EastA509ToH6.152,2736.0,770_0,0.0,0.0,0.0,3626.0,522_0,56.88,11.21,890.0,1483.69,670.0,13,0.0,766.89,0,tripinfo_EastA509ToH6.152 emissions_EastA509ToH6.152,electric,0.87,0.0,0.0,0.0,0.0,0.0,0.0,0.0
WestA509ToAvebury.176,3171.0,773_0,0.0,0.0,3.0,3629.0,213_0,19.13,11.96,458.0,2287.98,221.0,5,0.0,283.69,0,tripinfo_WestA509ToAvebury.176 emissions_WestA509ToAvebury.176,electric,0.95,0.0,0.0,0.0,0.0,0.0,0.0,0.0
V6ToEastH6.291,3492.0,468_1,0.0,0.0,0.0,3634.0,522_0,56.88,11.34,142.0,1512.23,2.0,1,0.0,18.6,0,tripinfo_V6ToEastH6.291 emissions_V6ToEastH6.291,gasoline_euro4,0.88,4727.992728,367301.232642,29.616333,5.121036,139.789796,117153.292436,0.0
V6ToEastH6.292,3504.0,468_1,0.0,0.0,0.0,3636.0,522_1,56.88,12.58,132.0,1512.23,0.0,0,0.0,13.64,0,tripinfo_V6ToEastH6.292 emissions_V6ToEastH6.292,electric,0.92,0.0,0.0,0.0,0.0,0.0,0.0,0.0
WestA509ToEastH6.65,2340.0,773_1,0.0,0.0,0.0,3670.0,522_1,56.88,12.35,1330.0,3094.48,977.0,10,0.0,1077.39,0,tripinfo_WestA509ToEastH6.65 emissions_WestA509ToEastH6.65,electric,0.89,0.0,0.0,0.0,0.0,0.0,0.0,0.0
WestA509ToAvebury.129,2322.0,773_0,0.0,0.0,0.0,3671.0,213_0,19.13,13.76,1349.0,2288.55,1058.0,26,0.0,1187.16,0,tripinfo_WestA509ToAvebury.129 emissions_WestA509ToAvebury.129,electric,1.03,0.0,0.0,0.0,0.0,0.0,0.0,0.0
WestA509ToEastH6.75,2700.0,773_1,0.0,0.0,0.0,3672.0,522_1,56.88,14.02,972.0,3094.48,632.0,10,0.0,754.72,0,tripinfo_WestA509ToEastH6.75 emissions_WestA509ToEastH6.75,electric,1.04,0.0,0.0,0.0,0.0,0.0,0.0,0.0
EastAveburyToWestA509.310,2835.0,483_0,0.0,0.0,0.0,3673.0,774_0,29.75,12.95,838.0,2254.71,547.0,21,0.0,675.42,0,tripinfo_EastAveburyToWestA509.310 emissions_EastAveburyToWestA509.310,gasoline_euro4,1.01,109283.758027,2234789.756299,549.198013,50.555339,986.543118,712830.044086,0.0
EastSilburyToEastAvebury.101,2016.0,317_0,0.0,0.0,0.0,3675.0,213_0,19.13,10.98,1659.0,1576.69,1355.0,30,0.0,1523.65,0,tripinfo_EastSilburyToEastAvebury.101 emissions_EastSilburyToEastAvebury.101,electric,0.86,0.0,0.0,0.0,0.0,0.0,0.0,0.0
WestA509ToEastH6.70,2520.0,773_1,0.0,0.0,0.0,3675.0,522_1,56.88,12.35,1155.0,3094.48,779.0,11,0.0,904.05,0,tripinfo_WestA509ToEastH6.70 emissions_WestA509ToEastH6.70,electric,0.9,0.0,0.0,0.0,0.0,0.0,0.0,0.0
WestA509ToAvebury.167,3006.0,773_0,0.0,0.0,0.0,3676.0,213_0,19.13,11.88,670.0,2331.2,414.0,14,0.0,479.49,0,tripinfo_WestA509ToAvebury.167 emissions_WestA509ToAvebury.167,gasoline_euro4,0.89,80624.783532,1760825.436812,408.015135,38.356114,768.431017,561648.06872,0.0
WestA509ToAvebury.110,1980.0,773_0,0.0,0.0,0.0,3678.0,213_0,19.13,13.62,1698.0,2288.81,1368.0,33,0.0,1530.34,0,tripinfo_WestA509ToAvebury.110 emissions_WestA509ToAvebury.110,electric,0.99,0.0,0.0,0.0,0.0,0.0,0.0,0.0
EastAveburyToWestA509.289,2656.0,483_1,0.0,0.0,0.0,3678.0,774_0,29.75,14.86,1022.0,2325.5,722.0,19,0.0,865.98,0,tripinfo_EastAveburyToWestA509.289 emissions_EastAveburyToWestA509.289,gasoline_euro4,1.11,140352.798171,2778665.031527,703.758138,64.35321,1237.371026,886310.826727,0.0
EastA509ToH6.183,3294.0,770_0,0.0,0.0,0.0,3678.0,522_0,56.88,13.33,384.0,2393.68,168.0,5,0.0,208.24,0,tripinfo_EastA509ToH6.183 emissions_EastA509ToH6.183,gasoline_euro4,0.99,36314.564515,1071918.20946,189.617094,21.085934,450.156101,341902.861815,0.0
WestA509ToAvebury.84,1515.0,773_0,0.0,0.0,3.0,3680.0,213_0,19.13,13.1,2165.0,2288.81,1800.0,29,0.0,2004.31,0,tripinfo_WestA509ToAvebury.84 emissions_WestA509ToAvebury.84,electric,1.03,0.0,0.0,0.0,0.0,0.0,0.0,0.0
EastAveburyToWestA509.229,2146.0,483_0,0.0,0.0,0.0,3683.0,774_1,29.75,12.39,1537.0,2260.84,1229.0,18,0.0,1365.22,0,tripinfo_EastAveburyToWestA509.229 emissions_EastAveburyToWestA509.229,gasoline_euro4,0.96,222634.908389,4044793.012241,1108.291014,95.880488,1817.277198,1290176.847551,0.0
EastAveburyToWestA509.270,2495.0,483_1,0.0,0.0,0.0,3684.0,774_0,29.75,11.5,1189.0,2235.85,821.0,15,0.0,1003.97,0,tripinfo_EastAveburyToWestA509.270 emissions_EastAveburyToWestA509.270,electric,0.88,0.0,0.0,0.0,0.0,0.0,0.0,0.0
EastAveburyToWestA509.364,3294.0,483_1,0.0,0.0,0.0,3685.0,774_2,29.75,12.77,391.0,2214.99,179.0,6,0.0,229.43,0,tripinfo_EastAveburyToWestA509.364 emissions_EastAveburyToWestA509.364,electric,1.0,0.0,0.0,0.0,0.0,0.0,0.0,0.0
EastAveburyToWestA509.312,2852.0,483_0,0.0,0.0,0.0,3686.0,774_0,29.75,14.09,834.0,2254.71,532.0,23,0.0,674.57,0,tripinfo_EastAveburyToWestA509.312 emissions_EastAveburyToWestA509.312,gasoline_euro4,1.03,108177.445971,2266728.185361,545.299796,51.337795,1002.218262,723015.628992,0.0
EastA509ToH6.184,3312.0,770_0,0.0,0.0,0.0,3688.0,522_0,56.88,13.38,376.0,2393.68,145.0,7,0.0,210.04,0,tripinfo_EastA509ToH6.184 emissions_EastA509ToH6.184,gasoline_euro4,1.05,35375.678867,1089129.9069,185.850764,21.53321,458.225175,347391.644466,0.0
SouthEvansGateToSilbury.190,3420.0,526_0,0.0,0.0,0.0,3688.0,215_1,19.43,12.22,268.0,1477.62,125.0,3,0.0,151.44,0,tripinfo_SouthEvansGateToSilbury.190 emissions_SouthEvansGateToSilbury.190,gasoline_euro4,0.92,26454.64612,725211.298831,137.242829,14.594822,307.801149,231316.788108,0.0
SouthEvansGateToSilbury.192,3456.0,526_0,0.0,0.0,0.0,3690.0,215_1,19.43,13.84,234.0,1477.55,90.0,3,0.0,127.62,0,tripinfo_SouthEvansGateToSilbury.192 emissions_SouthEvansGateToSilbury.192,gasoline_euro4,1.01,22099.835235,690835.535075,116.547401,13.869417,292.671492,220350.191301,0.0
V6ToEastH6.295,3540.0,468_1,0.0,0.0,0.0,3690.0,522_0,56.88,10.96,150.0,1512.23,0.0,0,0.0,14.73,0,tripinfo_V6ToEastH6.295 emissions_V6ToEastH6.295,gasoline_euro4,0.81,4513.080779,350097.679091,28.503566,4.65428,132.911167,111666.297494,0.0
EastAveburyToWestA509.359,3251.0,483_1,0.0,0.0,0.0,3692.0,774_1,29.75,12.1,441.0,2218.32,211.0,5,0.0,265.0,0,tripinfo_EastAveburyToWestA509.359 emissions_EastAveburyToWestA509.359,electric,0.92,0.0,0.0,0.0,0.0,0.0,0.0,0.0
WestH6ToSaxonSt.282,3384.0,524_0,0.0,0.0,0.0,3692.0,771_0,56.88,12.9,308.0,2602.68,84.0,2,0.0,117.34,0,tripinfo_WestH6ToSaxonSt.282 emissions_WestH6ToSaxonSt.282,electric,0.99,0.0,0.0,0.0,0.0,0.0,0.0,0.0
SouthEvansGateToSilbury.191,3438.0,526_0,0.0,0.0,0.0,3692.0,215_1,19.43,13.97,254.0,1477.52,121.0,2,0.0,151.1,0,tripinfo_SouthEvansGateToSilbury.191 emissions_SouthEvansGateToSilbury.191,electric,1.05,0.0,0.0,0.0,0.0,0.0,0.0,0.0
SouthEvansGateToSilbury.193,3474.0,526_0,0.0,0.0,0.0,3693.0,215_1,19.43,12.93,219.0,1477.59,71.0,3,0.0,105.33,0,tripinfo_SouthEvansGateToSilbury.193 emissions_SouthEvansGateToSilbury.193,gasoline_euro4,0.94,18534.288278,618495.628033,98.567296,11.662478,257.243893,197276.588843,0.0
EastAveburyToWestA509.255,2367.0,483_1,0.0,0.0,0.0,3695.0,774_0,29.75,13.03,1328.0,2325.75,982.0,19,0.0,1153.29,0,tripinfo_EastAveburyToWestA509.255 emissions_EastAveburyToWestA509.255,gasoline_euro4,0.98,187903.829096,3535726.850327,937.881533,82.91758,1582.881718,1127795.536769,0.0
SouthEvansGateToSilbury.194,3492.0,526_0,0.0,0.0,0.0,3695.0,215_1,19.43,13.59,203.0,1477.52,56.0,3,0.0,95.44,0,tripinfo_SouthEvansGateToSilbury.194 emissions_SouthEvansGateToSilbury.194,gasoline_euro4,1.0,16310.563856,584199.311519,87.767484,11.227877,244.534483,186336.348781,0.0
EastAveburyToWestA509.304,2784.0,483_1,0.0,0.0,0.0,3696.0,774_0,29.75,14.79,912.0,2284.71,616.0,21,0.0,753.04,0,tripinfo_EastAveburyToWestA509.304 emissions_EastAveburyToWestA509.304,gasoline_euro4,1.08,122668.899147,2494501.386183,616.536205,57.29577,1107.801885,795669.549589,0.0
V6ToEastH6.296,3552.0,468_1,0.0,0.0,0.0,3697.0,522_0,56.88,11.35,145.0,1512.23,0.0,0,0.0,15.94,0,tripinfo_V6ToEastH6.296 emissions_V6ToEastH6.296,electric,0.85,0.0,0.0,0.0,0.0,0.0,0.0,0.0
V6ToEastH6.297,3564.0,468_1,0.0,0.0,0.0,3698.0,522_1,56.88,12.06,134.0,1512.23,0.0,0,0.0,17.42,0,tripinfo_V6ToEastH6.297 emissions_V6ToEastH6.297,gasoline_euro4,0.94,4385.749752,360245.88677,27.963051,5.421353,139.507486,114902.324553,0.0
V6ToEastH6.298,3576.0,468_1,0.0,0.0,0.0,3699.0,522_0,56.88,14.22,123.0,1512.23,0.0,0,0.0,22.76,0,tripinfo_V6ToEastH6.298 emissions_V6ToEastH6.298,gasoline_euro4,1.09,4858.872713,385335.353979,30.725704,6.516657,153.121913,122904.035626,0.0
V6ToEastH6.283,3396.0,468_1,0.0,0.0,0.0,3701.0,522_1,56.88,13.07,305.0,2065.87,102.0,5,0.0,146.79,0,tripinfo_V6ToEastH6.283 emissions_V6ToEastH6.283,electric,0.95,0.0,0.0,0.0,0.0,0.0,0.0,0.0
WestA509ToEastH6.84,3024.0,773_0,0.0,0.0,0.0,3704.0,522_1,56.88,16.55,680.0,2761.65,426.0,8,0.0,516.23,0,tripinfo_WestA509ToEastH6.84 emissions_WestA509ToEastH6.84,electric,1.23,0.0,0.0,0.0,0.0,0.0,0.0,0.0
WestH6ToSaxonSt.222,2664.0,524_0,0.0,0.0,0.0,3706.0,771_0,56.88,13.49,1042.0,2613.57,754.0,9,0.0,853.5,0,tripinfo_WestH6ToSaxonSt.222 emissions_WestH6ToSaxonSt.222,electric,1.01,0.0,0.0,0.0,0.0,0.0,0.0,0.0
EastA509ToH6.182,3276.0,770_0,0.0,0.0,0.0,3707.0,522_0,56.88,11.23,431.0,2393.57,163.0,8,0.0,227.77,0,tripinfo_EastA509ToH6.182 emissions_EastA509ToH6.182,gasoline_euro4,0.86,39582.480693,1097868.029818,205.576431,21.443492,462.556034,350181.525346,0.0
EastSilburyToEastAvebury.152,2832.0,317_0,0.0,0.0,0.0,3710.0,213_0,19.13,14.24,878.0,2473.2,552.0,16,0.0,707.97,0,tripinfo_EastSilburyToEastAvebury.152 emissions_EastSilburyToEastAvebury.152,gasoline_euro4,1.07,113238.886937,2366675.828881,569.869855,53.192162,1040.853747,754896.511654,0.0
WestA509ToAvebury.158,2847.0,773_0,0.0,0.0,3.0,3711.0,213_1,19.13,12.5,864.0,2336.41,605.0,8,0.0,677.38,0,tripinfo_WestA509ToAvebury.158 emissions_WestA509ToAvebury.158,gasoline_euro4,0.91,112745.015583,2265791.509655,566.055377,50.892667,998.004712,722720.410873,0.0
EastA509ToH6.186,3348.0,770_0,0.0,0.0,0.0,3711.0,522_0,56.88,13.07,363.0,2393.68,102.0,6,0.0,191.96,0,tripinfo_EastA509ToH6.186 emissions_EastA509ToH6.186,gasoline_euro4,1.02,31022.760038,1010773.209857,164.329397,19.770489,424.979935,322397.817283,0.0
EastSilburyToEastAvebury.151,2816.0,317_0,0.0,0.0,0.0,3713.0,213_0,19.13,11.62,897.0,2473.16,560.0,16,0.0,699.67,0,tripinfo_EastSilburyToEastAvebury.151 emissions_EastSilburyToEastAvebury.151,gasoline_euro4,0.92,112935.500491,2325167.10168,568.031097,51.828459,1022.695089,741658.057527,0.0
EastSilburyToEastAvebury.155,2880.0,317_0,0.0,0.0,0.0,3715.0,213_0,19.13,11.43,835.0,2473.18,482.0,15,0.0,636.27,0,tripinfo_EastSilburyToEastAvebury.155 emissions_EastSilburyToEastAvebury.155,gasoline_euro4,0.91,101799.200241,2149070.108983,513.21624,47.199096,940.986132,685487.576876,0.0
V6ToEastH6.249,2988.0,468_1,0.0,0.0,0.0,3716.0,522_1,56.88,13.3,728.0,2031.44,487.0,11,0.0,578.41,0,tripinfo_V6ToEastH6.249 emissions_V6ToEastH6.249,gasoline_euro4,0.98,94122.156087,1933055.932688,473.166959,43.554861,851.975664,616586.089138,0.0
WestA509ToAvebury.171,3078.0,773_0,0.0,0.0,0.0,3717.0,213_0,19.13,13.96,639.0,2336.48,389.0,9,0.0,482.59,0,tripinfo_WestA509ToAvebury.171 emissions_WestA509ToAvebury.171,gasoline_euro4,1.09,78555.674777,1768458.939959,398.474886,38.741723,770.876444,564081.18588,0.0
EastSilburyToEastAvebury.170,3120.0,317_0,0.0,0.0,0.0,3720.0,213_0,19.13,10.87,600.0,2492.56,304.0,6,0.0,380.14,0,tripinfo_EastSilburyToEastAvebury.170 emissions_EastSilburyToEastAvebury.170,gasoline_euro4,0.82,64255.719974,1500789.816145,327.458462,31.195432,645.833844,478703.710425,0.0
WestA509ToAvebury.185,3330.0,773_0,0.0,0.0,0.0,3722.0,213_0,19.13,14.13,392.0,2332.43,173.0,8,0.0,233.57,0,tripinfo_WestA509ToAvebury.185 emissions_WestA509ToAvebury.185,electric,1.07,0.0,0.0,0.0,0.0,0.0,0.0,0.0
WestA509ToAvebury.183,3294.0,773_0,0.0,0.0,0.0,3724.0,213_0,19.13,13.9,430.0,2332.45,212.0,7,0.0,262.26,0,tripinfo_WestA509ToAvebury.183 emissions_WestA509ToAvebury.183,electric,1.01,0.0,0.0,0.0,0.0,0.0,0.0,0.0
WestA509ToAvebury.184,3315.0,773_0,0.0,0.0,3.0,3726.0,213_0,19.13,11.21,411.0,2332.44,157.0,7,0.0,205.56,0,tripinfo_WestA509ToAvebury.184 emissions_WestA509ToAvebury.184,electric,0.82,0.0,0.0,0.0,0.0,0.0,0.0,0.0
EastA509ToH6.177,3186.0,770_0,0.0,0.0,0.0,3739.0,522_1,56.88,13.73,553.0,2408.85,318.0,7,0.0,376.92,0,tripinfo_EastA509ToH6.177 emissions_EastA509ToH6.177,electric,0.99,0.0,0.0,0.0,0.0,0.0,0.0,0.0
V6ToEastH6.299,3588.0,468_1,0.0,0.0,0.0,3740.0,522_0,56.88,10.78,152.0,1512.23,0.0,0,0.0,14.0,0,tripinfo_V6ToEastH6.299 emissions_V6ToEastH6.299,gasoline_euro4,0.79,4689.400651,352134.533012,29.379903,4.805246,134.764992,112315.897129,0.0
EastA509ToH6.187,3366.0,770_0,0.0,0.0,0.0,3743.0,522_1,56.88,12.43,377.0,2408.85,130.0,6,0.0,186.87,0,tripinfo_EastA509ToH6.187 emissions_EastA509ToH6.187,gasoline_euro4,0.92,32015.425718,992315.584339,168.292495,18.919783,413.494629,316512.185954,0.0
WestH6ToSaxonSt.172,2064.0,524_0,0.0,0.0,0.0,3744.0,771_1,56.88,13.3,1680.0,2767.85,1342.0,15,0.0,1472.39,0,tripinfo_WestH6ToSaxonSt.172 emissions_WestH6ToSaxonSt.172,gasoline_euro4,1.0,243351.970936,4498625.394252,1212.53594,105.998244,2014.979531,1434934.841086,0.0
WestH6ToSaxonSt.177,2124.0,524_0,0.0,0.0,0.0,3750.0,771_1,56.88,12.41,1626.0,2767.88,1263.0,14,0.0,1400.56,0,tripinfo_WestH6ToSaxonSt.177 emissions_WestH6ToSaxonSt.177,gasoline_euro4,0.92,231437.898876,4294237.089801,1153.960644,100.541361,1920.915859,1369740.918169,0.0
EastSilburyToEastAvebury.61,1376.0,317_0,0.0,0.0,0.0,3753.0,213_0,19.13,13.02,2377.0,631.03,2192.0,20,0.0,2296.34,0,tripinfo_EastSilburyToEastAvebury.61 emissions_EastSilburyToEastAvebury.61,electric,1.0,0.0,0.0,0.0,0.0,0.0,0.0,0.0
WestA509ToAvebury.90,1623.0,773_0,0.0,0.0,3.0,3755.0,213_0,19.13,13.01,2132.0,2288.81,1763.0,33,0.0,1966.23,0,tripinfo_WestA509ToAvebury.90 emissions_WestA509ToAvebury.90,electric,1.0,0.0,0.0,0.0,0.0,0.0,0.0,0.0
WestA509ToAvebury.140,2520.0,773_0,0.0,0.0,0.0,3758.0,213_0,19.13,12.34,1238.0,2288.7,976.0,12,0.0,1057.08,0,tripinfo_WestA509ToAvebury.140 emissions_WestA509ToAvebury.140,electric,0.92,0.0,0.0,0.0,0.0,0.0,0.0,0.0
WestH6ToSaxonSt.175,2100.0,524_0,0.0,0.0,0.0,3759.0,771_1,56.88,11.85,1659.0,2767.88,1289.0,15,0.0,1421.76,0,tripinfo_WestH6ToSaxonSt.175 emissions_WestH6ToSaxonSt.175,gasoline_euro4,0.87,234873.664541,4321183.880167,1170.523251,101.152856,1933.995423,1378337.422557,0.0
EastAveburyToWestA509.324,2954.0,483_0,0.0,0.0,0.0,3759.0,774_0,29.75,13.91,805.0,2254.72,531.0,17,0.0,652.89,0,tripinfo_EastAveburyToWestA509.324 emissions_EastAveburyToWestA509.324,gasoline_euro4,1.09,105576.360781,2198680.413169,531.499005,49.72017,969.793934,701311.055031,0.0
EastSilburyToEastAvebury.39,1024.0,317_0,0.0,0.0,0.0,3760.0,213_0,19.13,14.64,2736.0,680.89,2512.0,29,0.0,2690.85,0,tripinfo_EastSilburyToEastAvebury.39 emissions_EastSilburyToEastAvebury.39,gasoline_euro4,1.12,437816.390845,7181699.694726,2162.111802,178.457229,3283.438277,2290780.568031,0.0
WestA509ToAvebury.147,2646.0,773_0,0.0,0.0,0.0,3764.0,213_0,19.13,13.53,1118.0,2288.7,876.0,12,0.0,950.91,0,tripinfo_WestA509ToAvebury.147 emissions_WestA509ToAvebury.147,electric,1.0,0.0,0.0,0.0,0.0,0.0,0.0,0.0
WestA509ToAvebury.164,2952.0,773_0,0.0,0.0,0.0,3765.0,213_0,19.13,14.38,813.0,2277.04,569.0,13,0.0,654.91,0,tripinfo_WestA509ToAvebury.164 emissions_WestA509ToAvebury.164,gasoline_euro4,1.05,108197.147033,2233121.694482,544.253826,50.523079,985.115243,712297.385076,0.0
WestA509ToEastH6.80,2880.0,773_0,0.0,0.0,0.0,3766.0,522_0,56.88,12.33,886.0,2754.13,594.0,9,0.0,680.17,0,tripinfo_WestA509ToEastH6.80 emissions_WestA509ToEastH6.80,gasoline_euro4,0.97,112743.073638,2352822.246659,567.775175,52.376607,1032.432719,750478.431176,0.0
EastAveburyToWestA509.321,2928.0,483_0,0.0,0.0,0.0,3767.0,774_1,29.75,15.7,839.0,2258.0,553.0,17,0.0,694.74,0,tripinfo_EastAveburyToWestA509.321 emissions_EastAveburyToWestA509.321,gasoline_euro4,1.14,111828.1428,2327721.776349,563.45045,53.198022,1031.038275,742470.678345,0.0
EastSilburyToEastAvebury.117,2272.0,317_0,0.0,0.0,0.0,3770.0,213_0,19.13,11.88,1498.0,1576.69,1216.0,26,0.0,1367.64,0,tripinfo_EastSilburyToEastAvebury.117 emissions_EastSilburyToEastAvebury.117,electric,0.89,0.0,0.0,0.0,0.0,0.0,0.0,0.0
EastAveburyToWestA509.377,3404.0,483_1,0.0,0.0,0.0,3770.0,774_1,29.75,14.59,366.0,2219.98,168.0,5,0.0,217.63,0,tripinfo_EastAveburyToWestA509.377 emissions_EastAveburyToWestA509.377,electric,1.09,0.0,0.0,0.0,0.0,0.0,0.0,0.0
EastAveburyToWestA509.260,2410.0,483_0,0.0,0.0,0.0,3773.0,774_0,29.75,11.31,1363.0,2258.8,1019.0,28,0.0,1176.06,0,tripinfo_EastAveburyToWestA509.260 emissions_EastAveburyToWestA509.260,gasoline_euro4,0.88,192031.410303,3548209.373217,957.339411,83.021317,1588.247963,1131779.543621,0.0
EastAveburyToWestA509.329,2996.0,483_0,0.0,0.0,0.0,3775.0,774_0,29.75,14.79,779.0,2254.71,499.0,16,0.0,634.85,0,tripinfo_EastAveburyToWestA509.329 emissions_EastAveburyToWestA509.329,electric,1.15,0.0,0.0,0.0,0.0,0.0,0.0,0.0
EastAveburyToWestA509.286,2631.0,483_1,0.0,0.0,0.0,3776.0,774_0,29.75,13.9,1145.0,2328.54,803.0,19,0.0,977.66,0,tripinfo_EastAveburyToWestA509.286 emissions_EastAveburyToWestA509.286,gasoline_euro4,1.03,158446.049553,3103914.604781,793.559655,72.060013,1384.60199,990056.46808,0.0
EastSilburyToEastAvebury.180,3280.0,317_1,0.0,0.0,0.0,3776.0,213_1,19.13,13.4,496.0,2638.7,221.0,8,0.0,309.52,0,tripinfo_EastSilburyToEastAvebury.180 emissions_EastSilburyToEastAvebury.180,electric,1.02,0.0,0.0,0.0,0.0,0.0,0.0,0.0
SouthEvansGateToSilbury.196,3528.0,526_0,0.0,0.0,0.0,3777.0,215_1,19.43,13.07,249.0,1477.52,115.0,2,0.0,141.11,0,tripinfo_SouthEvansGateToSilbury.196 emissions_SouthEvansGateToSilbury.196,electric,0.99,0.0,0.0,0.0,0.0,0.0,0.0,0.0
EastAveburyToWestA509.262,2427.0,483_1,0.0,0.0,0.0,3778.0,774_0,29.75,13.96,1351.0,2325.76,951.0,22,0.0,1190.5,0,tripinfo_EastAveburyToWestA509.262 emissions_EastAveburyToWestA509.262,gasoline_euro4,1.07,191141.581878,3615309.950673,954.653806,84.788261,1618.729262,1153179.597735,0.0
SouthEvansGateToSilbury.198,3564.0,526_0,0.0,0.0,0.0,3778.0,215_1,19.43,14.78,214.0,1477.63,80.0,3,0.0,114.87,0,tripinfo_SouthEvansGateToSilbury.198 emissions_SouthEvansGateToSilbury.198,gasoline_euro4,1.08,20365.482561,657333.363992,107.651663,13.28199,278.387291,209663.742786,0.0
SouthEvansGateToSilbury.197,3546.0,526_0,0.0,0.0,0.0,3780.0,215_1,19.43,16.11,234.0,1477.55,95.0,3,0.0,148.11,0,tripinfo_SouthEvansGateToSilbury.197 emissions_SouthEvansGateToSilbury.197,electric,1.25,0.0,0.0,0.0,0.0,0.0,0.0,0.0
SouthEvansGateToSilbury.195,3510.0,526_0,0.0,0.0,0.0,3782.0,215_1,19.43,13.44,272.0,1477.59,126.0,3,0.0,164.37,0,tripinfo_SouthEvansGateToSilbury.195 emissions_SouthEvansGateToSilbury.195,electric,0.99,0.0,0.0,0.0,0.0,0.0,0.0,0.0
SouthEvansGateToSilbury.199,3582.0,526_0,0.0,0.0,0.0,3784.0,215_1,19.43,13.81,202.0,1477.52,55.0,2,0.0,99.36,0,tripinfo_SouthEvansGateToSilbury.199 emissions_SouthEvansGateToSilbury.199,electric,1.04,0.0,0.0,0.0,0.0,0.0,0.0,0.0
WestH6ToSaxonSt.284,3408.0,524_0,0.0,0.0,0.0,3785.0,771_0,56.88,12.65,377.0,2602.7,138.0,3,0.0,172.68,0,tripinfo_WestH6ToSaxonSt.284 emissions_WestH6ToSaxonSt.284,electric,0.92,0.0,0.0,0.0,0.0,0.0,0.0,0.0
WestH6ToSaxonSt.289,3468.0,524_0,0.0,0.0,0.0,3787.0,771_0,56.88,12.62,319.0,2603.36,81.0,2,0.0,130.02,0,tripinfo_WestH6ToSaxonSt.289 emissions_WestH6ToSaxonSt.289,electric,1.0,0.0,0.0,0.0,0.0,0.0,0.0,0.0
WestH6ToSaxonSt.286,3432.0,524_0,0.0,0.0,0.0,3792.0,771_0,56.88,11.76,360.0,2602.65,104.0,4,0.0,149.93,0,tripinfo_WestH6ToSaxonSt.286 emissions_WestH6ToSaxonSt.286,electric,0.9,0.0,0.0,0.0,0.0,0.0,0.0,0.0
WestA509ToAvebury.159,2862.0,773_0,0.0,0.0,0.0,3798.0,213_1,19.13,14.13,936.0,2336.43,673.0,11,0.0,774.67,0,tripinfo_WestA509ToAvebury.159 emissions_WestA509ToAvebury.159,gasoline_euro4,1.05,126535.50215,2521541.145965,634.537389,57.694612,1116.749659,804296.404297,0.0
EastSilburyToEastAvebury.154,2864.0,317_0,0.0,0.0,0.0,3798.0,213_0,19.13,14.59,934.0,2473.23,584.0,17,0.0,761.08,0,tripinfo_EastSilburyToEastAvebury.154 emissions_EastSilburyToEastAvebury.154,gasoline_euro4,1.05,120266.957982,2488698.210876,605.425054,56.369452,1100.705121,793818.067892,0.0
WestA509ToEastH6.96,3459.0,773_0,0.0,0.0,3.0,3800.0,522_1,56.88,13.2,341.0,2761.65,62.0,2,0.0,146.56,0,tripinfo_WestA509ToEastH6.96 emissions_WestA509ToEastH6.96,gasoline_euro4,1.04,21709.329826,901941.782972,118.83458,15.916534,365.601929,287683.046575,0.0
WestA509ToAvebury.160,2883.0,773_0,0.0,0.0,3.0,3801.0,213_0,19.13,13.18,918.0,2336.45,644.0,9,0.0,742.38,0,tripinfo_WestA509ToAvebury.160 emissions_WestA509ToAvebury.160,gasoline_euro4,0.97,122006.787672,2446270.267848,612.13544,55.278621,1079.327836,780287.551979,0.0
WestA509ToAvebury.177,3186.0,773_0,0.0,0.0,0.0,3802.0,213_0,19.13,14.67,616.0,2336.42,363.0,7,0.0,458.87,0,tripinfo_WestA509ToAvebury.177 emissions_WestA509ToAvebury.177,gasoline_euro4,1.08,72867.740677,1645587.718363,369.46219,35.727001,714.572861,524889.437597,0.0
WestA509ToAvebury.187,3366.0,773_0,0.0,0.0,0.0,3804.0,213_0,19.13,12.19,438.0,2336.4,194.0,4,0.0,256.14,0,tripinfo_WestA509ToAvebury.187 emissions_WestA509ToAvebury.187,gasoline_euro4,0.93,41862.333951,1115278.207392,215.963425,22.197278,471.699674,355735.338527,0.0
WestA509ToAvebury.186,3348.0,773_0,0.0,0.0,0.0,3806.0,213_0,19.13,12.81,458.0,2336.42,206.0,5,0.0,284.96,0,tripinfo_WestA509ToAvebury.186 emissions_WestA509ToAvebury.186,gasoline_euro4,0.99,45593.156289,1213902.613071,235.644176,24.794354,518.082146,387192.417499,0.0
EastSilburyToEastAvebury.158,2928.0,317_0,0.0,0.0,0.0,3808.0,213_0,19.13,13.46,880.0,2473.18,562.0,14,0.0,700.76,0,tripinfo_EastSilburyToEastAvebury.158 emissions_EastSilburyToEastAvebury.158,gasoline_euro4,1.01,113225.987623,2363011.149767,570.37354,53.255237,1042.964335,753727.482521,0.0
WestA509ToAvebury.190,3420.0,773_0,0.0,0.0,0.0,3810.0,213_0,19.13,12.8,390.0,2336.45,124.0,3,0.0,207.92,0,tripinfo_WestA509ToAvebury.190 emissions_WestA509ToAvebury.190,gasoline_euro4,0.94,33553.721544,1030625.824783,176.396546,20.118883,434.247841,328731.281852,0.0
EastSilburyToEastAvebury.166,3056.0,317_0,0.0,0.0,0.0,3812.0,213_0,19.13,12.84,756.0,2473.18,463.0,9,0.0,562.47,0,tripinfo_EastSilburyToEastAvebury.166 emissions_EastSilburyToEastAvebury.166,gasoline_euro4,0.94,91684.364845,1950561.218596,462.479003,42.582676,851.005044,622169.244354,0.0
WestA509ToAvebury.192,3456.0,773_0,0.0,0.0,0.0,3813.0,213_0,19.13,13.07,357.0,2336.45,96.0,2,0.0,189.71,0,tripinfo_WestA509ToAvebury.192 emissions_WestA509ToAvebury.192,gasoline_euro4,1.01,29031.19816,964539.892866,154.070085,18.377243,402.673937,307651.3276,0.0
EastA509ToH6.193,3474.0,770_0,0.0,0.0,0.0,3825.0,522_1,56.88,12.4,351.0,2408.85,127.0,4,0.0,174.24,0,tripinfo_EastA509ToH6.193 emissions_EastA509ToH6.193,electric,0.98,0.0,0.0,0.0,0.0,0.0,0.0,0.0
WestA509ToEastH6.98,3528.0,773_0,0.0,0.0,0.0,3827.0,522_1,56.88,14.48,299.0,2720.9,65.0,2,0.0,111.9,0,tripinfo_WestA509ToEastH6.98 emissions_WestA509ToEastH6.98,electric,1.05,0.0,0.0,0.0,0.0,0.0,0.0,0.0
WestA509ToAvebury.152,2736.0,773_0,0.0,0.0,0.0,3841.0,213_0,19.13,12.96,1105.0,2288.7,876.0,14,0.0,941.92,0,tripinfo_WestA509ToAvebury.152 emissions_WestA509ToAvebury.152,electric,1.02,0.0,0.0,0.0,0.0,0.0,0.0,0.0
EastSilburyToEastAvebury.121,2336.0,317_0,0.0,0.0,0.0,3842.0,213_0,19.13,13.88,1506.0,1576.69,1270.0,20,0.0,1396.1,0,tripinfo_EastSilburyToEastAvebury.121 emissions_EastSilburyToEastAvebury.121,electric,1.05,0.0,0.0,0.0,0.0,0.0,0.0,0.0
EastA509ToH6.195,3510.0,770_0,0.0,0.0,0.0,3842.0,522_0,56.88,11.35,332.0,2408.85,77.0,3,0.0,119.25,0,tripinfo_EastA509ToH6.195 emissions_EastA509ToH6.195,electric,0.82,0.0,0.0,0.0,0.0,0.0,0.0,0.0
EastA509ToH6.194,3492.0,770_0,0.0,0.0,0.0,3844.0,522_1,56.88,11.17,352.0,2408.87,82.0,4,0.0,147.97,0,tripinfo_EastA509ToH6.194 emissions_EastA509ToH6.194,electric,0.85,0.0,0.0,0.0,0.0,0.0,0.0,0.0
EastAveburyToWestA509.268,2478.0,483_0,0.0,0.0,0.0,3845.0,774_0,29.75,13.33,1367.0,2257.11,1006.0,25,0.0,1202.3,0,tripinfo_EastAveburyToWestA509.268 emissions_EastAveburyToWestA509.268,gasoline_euro4,1.01,195627.706392,3633130.130278,975.463088,85.560666,1628.344871,1158865.653152,0.0
WestA509ToAvebury.163,2934.0,773_0,0.0,0.0,0.0,3845.0,213_0,19.13,14.21,911.0,2327.58,645.0,19,0.0,751.65,0,tripinfo_WestA509ToAvebury.163 emissions_WestA509ToAvebury.163,gasoline_euro4,1.06,123243.388997,2491434.522687,618.424535,56.82628,1102.075078,794692.281722,0.0
EastAveburyToWestA509.315,2877.0,483_0,0.0,0.0,0.0,3847.0,774_1,29.75,15.27,970.0,2262.37,629.0,23,0.0,824.47,0,tripinfo_EastAveburyToWestA509.315 emissions_EastAveburyToWestA509.315,gasoline_euro4,1.14,130898.331464,2643614.54568,657.408459,60.613808,1173.255614,843232.772725,0.0
EastAveburyToWestA509.280,2580.0,483_1,0.0,0.0,0.0,3848.0,774_0,29.75,13.24,1268.0,2238.89,903.0,20,0.0,1105.39,0,tripinfo_EastAveburyToWestA509.280 emissions_EastAveburyToWestA509.280,electric,1.0,0.0,0.0,0.0,0.0,0.0,0.0,0.0
WestA509ToEastH6.85,3060.0,773_0,0.0,0.0,0.0,3848.0,522_0,56.88,15.4,788.0,2754.15,503.0,13,0.0,620.71,0,tripinfo_WestA509ToEastH6.85 emissions_WestA509ToEastH6.85,gasoline_euro4,1.19,99751.26015,2183952.030117,504.562209,48.869523,957.48618,696610.598382,0.0
WestA509ToAvebury.162,2916.0,773_0,0.0,0.0,0.0,3849.0,213_0,19.13,12.83,933.0,2288.7,684.0,16,0.0,753.98,0,tripinfo_WestA509ToAvebury.162 emissions_WestA509ToAvebury.162,electric,0.93,0.0,0.0,0.0,0.0,0.0,0.0,0.0
EastAveburyToWestA509.278,2563.0,483_0,0.0,0.0,0.0,3850.0,774_0,29.75,14.48,1287.0,2257.76,1006.0,13,0.0,1139.4,0,tripinfo_EastAveburyToWestA509.278 emissions_EastAveburyToWestA509.278,electric,1.12,0.0,0.0,0.0,0.0,0.0,0.0,0.0
WestA509ToAvebury.54,975.0,773_0,0.0,0.0,3.0,3851.0,213_0,19.13,12.56,2876.0,2277.62,2591.0,22,0.0,2700.63,0,tripinfo_WestA509ToAvebury.54 emissions_WestA509ToAvebury.54,electric,0.94,0.0,0.0,0.0,0.0,0.0,0.0,0.0
EastAveburyToWestA509.290,2665.0,483_0,0.0,0.0,0.0,3853.0,774_0,29.75,13.68,1188.0,2257.79,895.0,16,0.0,1035.07,0,tripinfo_EastAveburyToWestA509.290 emissions_EastAveburyToWestA509.290,electric,1.07,0.0,0.0,0.0,0.0,0.0,0.0,0.0
WestA509ToAvebury.113,2034.0,773_0,0.0,0.0,0.0,3854.0,213_0,19.13,11.7,1820.0,2288.81,1505.0,29,0.0,1642.8,0,tripinfo_WestA509ToAvebury.113 emissions_WestA509ToAvebury.113,electric,0.94,0.0,0.0,0.0,0.0,0.0,0.0,0.0
WestA509ToEastH6.89,3207.0,773_0,0.0,0.0,3.0,3855.0,522_0,56.88,13.9,648.0,2754.15,349.0,7,0.0,464.65,0,tripinfo_WestA509ToEastH6.89 emissions_WestA509ToEastH6.89,gasoline_euro4,1.09,74594.361353,1766758.61473,379.942177,37.836645,763.622251,563537.333482,0.0
EastSilburyToEastAvebury.125,2400.0,317_0,0.0,0.0,0.0,3856.0,213_0,19.13,15.8,1456.0,1576.66,1228.0,20,0.0,1354.57,0,tripinfo_EastSilburyToEastAvebury.125 emissions_EastSilburyToEastAvebury.125,electric,1.14,0.0,0.0,0.0,0.0,0.0,0.0,0.0
EastAveburyToWestA509.288,2648.0,483_0,0.0,0.0,0.0,3858.0,774_1,29.75,14.55,1210.0,2257.78,911.0,18,0.0,1065.03,0,tripinfo_EastAveburyToWestA509.288 emissions_EastAveburyToWestA509.288,gasoline_euro4,1.14,171029.577084,3265025.650742,854.966412,76.620094,1460.707263,1041448.032583,0.0
EastAveburyToWestA509.355,3217.0,483_1,0.0,0.0,0.0,3861.0,774_0,29.75,12.19,644.0,2238.67,372.0,10,0.0,471.54,0,tripinfo_EastAveburyToWestA509.355 emissions_EastAveburyToWestA509.355,electric,0.96,0.0,0.0,0.0,0.0,0.0,0.0,0.0
WestA509ToEastH6.87,3135.0,773_0,0.0,0.0,3.0,3863.0,522_0,56.88,11.73,728.0,2754.08,409.0,10,0.0,499.33,0,tripinfo_WestA509ToEastH6.87 emissions_WestA509ToEastH6.87,gasoline_euro4,0.88,82689.931995,1868990.300801,419.906192,39.975516,810.660599,596148.293409,0.0
EastA509ToH6.191,3438.0,770_0,0.0,0.0,0.0,3864.0,522_1,56.88,13.65,426.0,2393.66,158.0,8,0.0,259.04,0,tripinfo_EastA509ToH6.191 emissions_EastA509ToH6.191,gasoline_euro4,1.04,42310.991045,1208214.019791,220.21843,24.652617,514.686187,385375.988545,0.0
EastA509ToH6.185,3330.0,770_0,0.0,0.0,0.0,3865.0,522_0,56.88,12.74,535.0,2393.63,255.0,9,0.0,354.84,0,tripinfo_EastA509ToH6.185 emissions_EastA509ToH6.185,gasoline_euro4,0.97,57434.725485,1423909.698166,294.292333,29.960256,613.512922,454178.799331,0.0
EastAveburyToWestA509.380,3430.0,483_1,0.0,0.0,0.0,3865.0,774_1,29.75,12.02,435.0,2218.29,203.0,6,0.0,262.11,0,tripinfo_EastAveburyToWestA509.380 emissions_EastAveburyToWestA509.380,electric,0.93,0.0,0.0,0.0,0.0,0.0,0.0,0.0
EastAveburyToWestA509.399,3591.0,483_1,0.0,0.0,0.0,3865.0,774_2,29.75,14.34,274.0,2215.02,76.0,4,0.0,123.38,0,tripinfo_EastAveburyToWestA509.399 emissions_EastAveburyToWestA509.399,electric,1.07,0.0,0.0,0.0,0.0,0.0,0.0,0.0
WestH6ToSaxonSt.224,2688.0,524_0,0.0,0.0,0.0,3866.0,771_0,56.88,13.83,1178.0,2613.57,871.0,15,0.0,992.55,0,tripinfo_WestH6ToSaxonSt.224 emissions_WestH6ToSaxonSt.224,electric,1.03,0.0,0.0,0.0,0.0,0.0,0.0,0.0
WestA509ToEastH6.90,3240.0,773_0,0.0,0.0,0.0,3869.0,522_1,56.88,13.3,629.0,2754.12,319.0,8,0.0,432.25,0,tripinfo_WestA509ToEastH6.90 emissions_WestA509ToEastH6.90,gasoline_euro4,1.02,68207.869158,1649891.652521,348.478272,34.708736,710.265728,526260.44208,0.0
WestH6ToSaxonSt.297,3564.0,524_0,0.0,0.0,0.0,3869.0,771_0,56.88,13.92,305.0,2602.68,86.0,2,0.0,120.11,0,tripinfo_WestH6ToSaxonSt.297 emissions_WestH6ToSaxonSt.297,electric,1.02,0.0,0.0,0.0,0.0,0.0,0.0,0.0
EastAveburyToWestA509.302,2767.0,483_1,0.0,0.0,0.0,3870.0,774_0,29.75,13.5,1103.0,2308.5,752.0,16,0.0,928.02,0,tripinfo_EastAveburyToWestA509.302 emissions_EastAveburyToWestA509.302,electric,0.97,0.0,0.0,0.0,0.0,0.0,0.0,0.0
WestA509ToEastH6.88,3168.0,773_0,0.0,0.0,0.0,3871.0,522_0,56.88,11.98,703.0,2754.12,380.0,9,0.0,472.53,0,tripinfo_WestA509ToEastH6.88 emissions_WestA509ToEastH6.88,gasoline_euro4,0.87,78067.47445,1779538.692754,396.714604,37.591622,768.567011,567616.21593,0.0
EastAveburyToWestA509.337,3064.0,483_1,0.0,0.0,0.0,3872.0,774_0,29.75,13.0,808.0,2311.97,527.0,9,0.0,626.59,0,tripinfo_EastAveburyToWestA509.337 emissions_EastAveburyToWestA509.337,electric,0.96,0.0,0.0,0.0,0.0,0.0,0.0,0.0
EastAveburyToWestA509.317,2894.0,483_1,0.0,0.0,0.0,3874.0,774_0,29.75,14.16,980.0,2308.5,637.0,16,0.0,813.04,0,tripinfo_EastAveburyToWestA509.317 emissions_EastAveburyToWestA509.317,electric,1.02,0.0,0.0,0.0,0.0,0.0,0.0,0.0
EastAveburyToWestA509.333,3030.0,483_1,0.0,0.0,0.0,3876.0,774_0,29.75,15.56,846.0,2312.02,580.0,13,0.0,691.19,0,tripinfo_EastAveburyToWestA509.333 emissions_EastAveburyToWestA509.333,electric,1.12,0.0,0.0,0.0,0.0,0.0,0.0,0.0
EastAveburyToWestA509.353,3200.0,483_1,0.0,0.0,0.0,3878.0,774_0,29.75,15.16,678.0,2311.97,401.0,12,0.0,520.63,0,tripinfo_EastAveburyToWestA509.353 emissions_EastAveburyToWestA509.353,electric,1.11,0.0,0.0,0.0,0.0,0.0,0.0,0.0
EastAveburyToWestA509.322,2937.0,483_1,0.0,0.0,0.0,3883.0,774_0,29.75,11.58,946.0,2308.5,639.0,11,0.0,755.86,0,tripinfo_EastAveburyToWestA509.322 emissions_EastAveburyToWestA509.322,electric,0.9,0.0,0.0,0.0,0.0,0.0,0.0,0.0
EastAveburyToWestA509.323,2945.0,483_1,0.0,0.0,0.0,3885.0,774_0,29.75,14.92,940.0,2308.45,638.0,12,0.0,792.67,0,tripinfo_EastAveburyToWestA509.323 emissions_EastAveburyToWestA509.323,electric,1.16,0.0,0.0,0.0,0.0,0.0,0.0,0.0
WestA509ToAvebury.181,3258.0,773_0,0.0,0.0,0.0,3886.0,213_0,19.13,13.13,628.0,2336.45,363.0,7,0.0,453.84,0,tripinfo_WestA509ToAvebury.181 emissions_WestA509ToAvebury.181,gasoline_euro4,0.97,73710.642562,1696590.075098,374.739117,36.339248,735.588626,541157.168982,0.0
EastAveburyToWestA509.303,2775.0,483_1,0.0,0.0,0.0,3888.0,774_0,29.75,12.45,1113.0,2325.48,732.0,25,0.0,924.83,0,tripinfo_EastAveburyToWestA509.303 emissions_EastAveburyToWestA509.303,gasoline_euro4,0.92,149460.152144,2926206.220286,748.956286,67.452265,1304.193484,933373.339265,0.0
EastSilburyToEastAvebury.164,3024.0,317_0,0.0,0.0,0.0,3888.0,213_0,19.13,14.52,864.0,2473.18,573.0,11,0.0,698.25,0,tripinfo_EastSilburyToEastAvebury.164 emissions_EastSilburyToEastAvebury.164,gasoline_euro4,1.1,112618.685455,2353281.979798,567.397273,53.384043,1039.829376,750623.747346,0.0
WestA509ToEastH6.76,2736.0,773_1,0.0,0.0,0.0,3890.0,522_1,56.88,12.93,1154.0,3088.47,821.0,9,0.0,922.43,0,tripinfo_WestA509ToEastH6.76 emissions_WestA509ToEastH6.76,electric,0.98,0.0,0.0,0.0,0.0,0.0,0.0,0.0
EastSilburyToEastAvebury.169,3104.0,317_0,0.0,0.0,0.0,3890.0,213_0,19.13,14.47,786.0,2473.23,532.0,8,0.0,619.56,0,tripinfo_EastSilburyToEastAvebury.169 emissions_EastSilburyToEastAvebury.169,gasoline_euro4,1.09,101425.353383,2155954.139098,511.225741,48.122672,944.512248,687682.186633,0.0
EastAveburyToWestA509.365,3302.0,483_1,0.0,0.0,0.0,3890.0,774_0,29.75,12.61,588.0,2307.67,302.0,10,0.0,403.29,0,tripinfo_EastAveburyToWestA509.365 emissions_EastAveburyToWestA509.365,electric,0.93,0.0,0.0,0.0,0.0,0.0,0.0,0.0
EastSilburyToEastAvebury.171,3136.0,317_0,0.0,0.0,0.0,3891.0,213_0,19.13,15.04,755.0,2473.23,494.0,8,0.0,597.61,0,tripinfo_EastSilburyToEastAvebury.171 emissions_EastSilburyToEastAvebury.171,gasoline_euro4,1.15,97618.248064,2099472.71734,492.996496,47.159183,922.585535,669665.288433,0.0
EastAveburyToWestA509.374,3379.0,483_1,0.0,0.0,0.0,3893.0,774_0,29.75,14.02,514.0,2309.99,244.0,7,0.0,344.25,0,tripinfo_EastAveburyToWestA509.374 emissions_EastAveburyToWestA509.374,electric,1.02,0.0,0.0,0.0,0.0,0.0,0.0,0.0
EastSilburyToEastAvebury.186,3376.0,317_0,0.0,0.0,0.0,3897.0,213_0,19.13,10.26,521.0,1590.83,312.0,10,0.0,377.26,0,tripinfo_EastSilburyToEastAvebury.186 emissions_EastSilburyToEastAvebury.186,electric,0.81,0.0,0.0,0.0,0.0,0.0,0.0,0.0
WestA509ToAvebury.191,3438.0,773_0,0.0,0.0,0.0,3898.0,213_0,19.13,13.3,460.0,2332.43,221.0,9,0.0,289.64,0,tripinfo_WestA509ToAvebury.191 emissions_WestA509ToAvebury.191,electric,0.99,0.0,0.0,0.0,0.0,0.0,0.0,0.0
EastAveburyToWestA509.376,3396.0,483_1,0.0,0.0,0.0,3899.0,774_0,29.75,12.67,503.0,2307.67,215.0,6,0.0,330.42,0,tripinfo_EastAveburyToWestA509.376 emissions_EastAveburyToWestA509.376,electric,1.0,0.0,0.0,0.0,0.0,0.0,0.0,0.0
V6ToEastH6.229,2748.0,468_1,0.0,0.0,0.0,3910.0,522_1,56.88,13.35,1162.0,2488.97,864.0,11,0.0,983.82,0,tripinfo_V6ToEastH6.229 emissions_V6ToEastH6.229,gasoline_euro4,1.02,161513.062706,3107260.781183,807.500022,71.997978,1383.234689,991125.955626,0.0
WestH6ToSaxonSt.226,2712.0,524_0,0.0,0.0,0.0,3913.0,771_1,56.88,14.57,1201.0,2574.94,916.0,13,0.0,1027.34,0,tripinfo_WestH6ToSaxonSt.226 emissions_WestH6ToSaxonSt.226,gasoline_euro4,1.08,167652.510509,3234774.640583,838.137893,75.089911,1439.313938,1031798.721091,0.0
V6ToEastH6.232,2784.0,468_1,0.0,0.0,0.0,3914.0,522_1,56.88,14.19,1130.0,2483.76,837.0,13,0.0,964.94,0,tripinfo_V6ToEastH6.232 emissions_V6ToEastH6.232,gasoline_euro4,1.1,157623.241092,3070972.937902,789.193202,71.371371,1368.758441,979549.642369,0.0
WestA509ToAvebury.137,2466.0,773_0,0.0,0.0,0.0,3930.0,213_0,19.13,11.74,1464.0,2288.81,1159.0,22,0.0,1275.14,0,tripinfo_WestA509ToAvebury.137 emissions_WestA509ToAvebury.137,electric,0.88,0.0,0.0,0.0,0.0,0.0,0.0,0.0
WestA509ToAvebury.134,2412.0,773_0,0.0,0.0,0.0,3932.0,213_0,19.13,14.03,1520.0,2248.31,1219.0,26,0.0,1365.65,0,tripinfo_WestA509ToAvebury.134 emissions_WestA509ToAvebury.134,electric,1.06,0.0,0.0,0.0,0.0,0.0,0.0,0.0
WestA509ToAvebury.174,3132.0,773_0,0.0,0.0,0.0,3933.0,213_0,19.13,13.36,801.0,2277.04,573.0,13,0.0,640.68,0,tripinfo_WestA509ToAvebury.174 emissions_WestA509ToAvebury.174,gasoline_euro4,1.03,106085.220746,2167338.384777,533.090269,48.956285,954.998549,691315.355585,0.0
WestA509ToAvebury.178,3204.0,773_0,0.0,0.0,0.0,3935.0,213_0,19.13,15.51,731.0,2277.04,520.0,14,0.0,583.69,0,tripinfo_WestA509ToAvebury.178 emissions_WestA509ToAvebury.178,gasoline_euro4,1.13,97551.557167,2045411.276374,491.149091,46.121197,898.508152,652422.767681,0.0
EastAveburyToWestA509.368,3328.0,483_1,0.0,0.0,0.0,3935.0,774_0,29.75,12.08,607.0,2311.97,327.0,11,0.0,419.22,0,tripinfo_EastAveburyToWestA509.368 emissions_EastAveburyToWestA509.368,electric,0.92,0.0,0.0,0.0,0.0,0.0,0.0,0.0
WestA509ToEastH6.81,2916.0,773_1,0.0,0.0,0.0,3939.0,522_1,56.88,12.26,1023.0,3085.42,685.0,11,0.0,777.59,0,tripinfo_WestA509ToEastH6.81 emissions_WestA509ToEastH6.81,electric,0.92,0.0,0.0,0.0,0.0,0.0,0.0,0.0
EastAveburyToWestA509.299,2741.0,483_0,0.0,0.0,0.0,3940.0,774_1,29.75,15.67,1199.0,2261.06,878.0,21,0.0,1056.81,0,tripinfo_EastAveburyToWestA509.299 emissions_EastAveburyToWestA509.299,electric,1.17,0.0,0.0,0.0,0.0,0.0,0.0,0.0
WestA509ToAvebury.161,2898.0,773_0,0.0,0.0,0.0,3940.0,213_0,19.13,12.11,1042.0,2288.81,740.0,22,0.0,853.47,0,tripinfo_WestA509ToAvebury.161 emissions_WestA509ToAvebury.161,electric,0.88,0.0,0.0,0.0,0.0,0.0,0.0,0.0
WestA509ToAvebury.172,3096.0,773_0,0.0,0.0,0.0,3942.0,213_0,19.13,11.41,846.0,2288.7,585.0,14,0.0,663.32,0,tripinfo_WestA509ToAvebury.172 emissions_WestA509ToAvebury.172,gasoline_euro4,0.91,110585.88396,2256842.909022,555.888941,50.79019,995.533986,719864.786943,0.0
EastSilburyToEastAvebury.149,2784.0,317_0,0.0,0.0,0.0,3943.0,213_0,19.13,13.95,1159.0,658.22,1049.0,12,0.0,1114.28,0,tripinfo_EastSilburyToEastAvebury.149 emissions_EastSilburyToEastAvebury.149,gasoline_euro4,1.07,182713.919782,3104193.491477,904.80121,76.251202,1413.217386,990156.085451,0.0
EastAveburyToWestA509.267,2469.0,483_0,0.0,0.0,0.0,3946.0,774_0,29.75,12.31,1477.0,2261.83,1124.0,21,0.0,1293.44,0,tripinfo_EastAveburyToWestA509.267 emissions_EastAveburyToWestA509.267,electric,0.9,0.0,0.0,0.0,0.0,0.0,0.0,0.0
EastA509ToH6.190,3420.0,770_0,0.0,0.0,0.0,3946.0,522_1,56.88,15.26,526.0,2393.66,262.0,10,0.0,377.98,0,tripinfo_EastA509ToH6.190 emissions_EastA509ToH6.190,gasoline_euro4,1.18,60412.137186,1536098.556097,309.922477,32.648045,661.646236,489961.851076,0.0
WestA509ToEastH6.95,3423.0,773_0,0.0,0.0,3.0,3946.0,522_0,56.88,11.06,523.0,2754.04,213.0,5,0.0,295.24,0,tripinfo_WestA509ToEastH6.95 emissions_WestA509ToEastH6.95,gasoline_euro4,0.88,48572.231544,1308678.700421,251.155092,25.61794,551.714205,417423.566233,0.0
WestA509ToEastH6.92,3312.0,773_0,0.0,0.0,0.0,3948.0,522_0,56.88,12.69,636.0,2754.1,320.0,7,0.0,427.35,0,tripinfo_WestA509ToEastH6.92 emissions_WestA509ToEastH6.92,gasoline_euro4,0.96,69260.659615,1694653.132282,354.29305,35.5181,729.812203,540537.448477,0.0
EastAveburyToWestA509.396,3566.0,483_1,0.0,0.0,0.0,3949.0,774_0,29.75,12.5,383.0,2307.67,111.0,7,0.0,200.48,0,tripinfo_EastAveburyToWestA509.396 emissions_EastAveburyToWestA509.396,electric,0.94,0.0,0.0,0.0,0.0,0.0,0.0,0.0
EastAveburyToWestA509.387,3489.0,483_1,0.0,0.0,0.0,3951.0,774_0,29.75,13.9,462.0,2309.99,196.0,9,0.0,301.81,0,tripinfo_EastAveburyToWestA509.387 emissions_EastAveburyToWestA509.387,electric,1.08,0.0,0.0,0.0,0.0,0.0,0.0,0.0
EastA509ToH6.176,3168.0,770_0,0.0,0.0,0.0,3952.0,522_0,56.88,12.42,784.0,2393.63,493.0,14,0.0,605.84,0,tripinfo_EastA509ToH6.176 emissions_EastA509ToH6.176,gasoline_euro4,0.98,99002.738353,2109544.847609,499.496913,46.758108,925.193752,672879.194365,0.0
EastAveburyToWestA509.281,2588.0,483_0,0.0,0.0,0.0,3957.0,774_0,29.75,10.44,1369.0,2257.77,1035.0,14,0.0,1173.37,0,tripinfo_EastAveburyToWestA509.281 emissions_EastAveburyToWestA509.281,gasoline_euro4,0.84,191536.05012,3528363.891796,954.579553,82.219302,1577.415445,1125450.136699,0.0
EastA509ToH6.188,3384.0,770_0,0.0,0.0,0.0,3957.0,522_0,56.88,11.69,573.0,3296.98,183.0,10,0.0,291.5,0,tripinfo_EastA509ToH6.188 emissions_EastA509ToH6.188,gasoline_euro4,0.85,49039.174744,1439614.834764,256.576428,27.20346,601.346826,459185.982509,0.0
EastAveburyToWestA509.263,2435.0,483_1,0.0,0.0,0.0,3959.0,774_0,29.75,12.97,1524.0,2325.75,1106.0,26,0.0,1341.21,0,tripinfo_EastAveburyToWestA509.263 emissions_EastAveburyToWestA509.263,gasoline_euro4,0.94,217305.799146,4009499.156988,1082.795198,94.295591,1797.616863,1278917.66851,0.0
WestH6ToSaxonSt.229,2748.0,524_0,0.0,0.0,0.0,3959.0,771_0,56.88,12.01,1211.0,2613.57,888.0,12,0.0,1010.55,0,tripinfo_WestH6ToSaxonSt.229 emissions_WestH6ToSaxonSt.229,electric,0.95,0.0,0.0,0.0,0.0,0.0,0.0,0.0
EastA509ToH6.189,3402.0,770_0,0.0,0.0,0.0,3959.0,522_1,56.88,13.26,557.0,2393.68,290.0,9,0.0,385.22,0,tripinfo_EastA509ToH6.189 emissions_EastA509ToH6.189,gasoline_euro4,1.01,62752.345537,1524404.024675,320.698409,32.446916,658.865737,486233.433274,0.0
WestA509ToEastH6.99,3564.0,773_0,0.0,0.0,0.0,3959.0,522_0,56.88,12.8,395.0,2754.13,133.0,3,0.0,182.65,0,tripinfo_WestA509ToEastH6.99 emissions_WestA509ToEastH6.99,gasoline_euro4,0.94,31784.33289,1042062.089322,168.099122,19.110028,428.323198,332379.226769,0.0
EastAveburyToWestA509.275,2537.0,483_1,0.0,0.0,0.0,3961.0,774_0,29.75,11.5,1424.0,2325.75,1019.0,19,0.0,1231.89,0,tripinfo_EastAveburyToWestA509.275 emissions_EastAveburyToWestA509.275,gasoline_euro4,0.89,199494.684715,3698318.392955,994.839183,86.792672,1657.959235,1179659.329881,0.0
WestH6ToSaxonSt.231,2772.0,524_0,0.0,0.0,0.0,3961.0,771_0,56.88,12.92,1189.0,2614.23,876.0,14,0.0,999.54,0,tripinfo_WestH6ToSaxonSt.231 emissions_WestH6ToSaxonSt.231,electric,1.01,0.0,0.0,0.0,0.0,0.0,0.0,0.0
WestH6ToSaxonSt.238,2856.0,524_0,0.0,0.0,0.0,3966.0,771_0,56.88,14.0,1110.0,2613.57,796.0,16,0.0,931.18,0,tripinfo_WestH6ToSaxonSt.238 emissions_WestH6ToSaxonSt.238,electric,1.07,0.0,0.0,0.0,0.0,0.0,0.0,0.0
EastAveburyToWestA509.388,3498.0,483_1,0.0,0.0,0.0,3969.0,774_0,29.75,12.4,471.0,2312.02,186.0,13,0.0,293.87,0,tripinfo_EastAveburyToWestA509.388 emissions_EastAveburyToWestA509.388,electric,0.98,0.0,0.0,0.0,0.0,0.0,0.0,0.0
EastSilburyToEastAvebury.175,3200.0,317_0,0.0,0.0,0.0,3973.0,213_0,19.13,16.57,773.0,2473.2,516.0,11,0.0,622.82,0,tripinfo_EastSilburyToEastAvebury.175 emissions_EastSilburyToEastAvebury.175,gasoline_euro4,1.21,100477.314587,2160204.021531,507.224012,48.641055,948.851057,689036.556497,0.0
EastSilburyToEastAvebury.178,3248.0,317_0,0.0,0.0,0.0,3974.0,213_1,19.13,14.6,726.0,2473.19,460.0,12,0.0,558.61,0,tripinfo_EastSilburyToEastAvebury.178 emissions_EastSilburyToEastAvebury.178,gasoline_euro4,1.08,91151.2025,2010881.359884,461.023439,44.283884,877.157861,641406.935833,0.0
EastSilburyToEastAvebury.179,3264.0,317_0,0.0,0.0,0.0,3976.0,213_1,19.13,15.38,712.0,2473.21,443.0,10,0.0,556.39,0,tripinfo_EastSilburyToEastAvebury.179 emissions_EastSilburyToEastAvebury.179,gasoline_euro4,1.17,90113.938522,2005233.749453,456.651528,44.860455,880.987458,639604.204789,0.0
EastSilburyToEastAvebury.168,3088.0,317_0,0.0,0.0,0.0,3978.0,213_0,19.13,11.05,890.0,2473.16,590.0,9,0.0,672.08,0,tripinfo_EastSilburyToEastAvebury.168 emissions_EastSilburyToEastAvebury.168,gasoline_euro4,0.83,112547.69161,2277258.143073,565.575213,50.593469,1001.366791,726377.959382,0.0
EastSilburyToEastAvebury.181,3296.0,317_0,0.0,0.0,0.0,3978.0,213_1,19.13,13.88,682.0,2473.21,395.0,12,0.0,504.27,0,tripinfo_EastSilburyToEastAvebury.181 emissions_EastSilburyToEastAvebury.181,gasoline_euro4,1.02,81898.166367,1845931.820084,415.327528,40.021368,802.745256,588792.878564,0.0
EastSilburyToEastAvebury.182,3312.0,317_0,0.0,0.0,0.0,3980.0,213_1,19.13,13.84,668.0,2473.22,373.0,11,0.0,489.63,0,tripinfo_EastSilburyToEastAvebury.182 emissions_EastSilburyToEastAvebury.182,gasoline_euro4,1.02,79220.892587,1793463.728395,402.247602,39.097373,782.133981,572056.767512,0.0
EastSilburyToEastAvebury.184,3344.0,317_0,0.0,0.0,0.0,3980.0,213_0,19.13,12.01,636.0,2473.18,348.0,10,0.0,439.58,0,tripinfo_EastSilburyToEastAvebury.184 emissions_EastSilburyToEastAvebury.184,gasoline_euro4,0.92,72578.926937,1670378.973868,369.025886,35.261936,721.076077,532797.298645,0.0
EastSilburyToEastAvebury.190,3440.0,317_0,0.0,0.0,0.0,3982.0,213_0,19.13,14.71,542.0,2473.23,275.0,11,0.0,382.12,0,tripinfo_EastSilburyToEastAvebury.190 emissions_EastSilburyToEastAvebury.190,gasoline_euro4,1.14,60965.695122,1508016.316459,312.071075,31.89915,648.604563,481005.873896,0.0
WestA509ToAvebury.188,3384.0,773_0,0.0,0.0,0.0,3983.0,213_0,19.13,12.91,599.0,2288.0,338.0,10,0.0,435.6,0,tripinfo_WestA509ToAvebury.188 emissions_WestA509ToAvebury.188,electric,1.02,0.0,0.0,0.0,0.0,0.0,0.0,0.0
WestA509ToEastH6.82,2952.0,773_1,0.0,0.0,0.0,3984.0,522_1,56.88,14.75,1032.0,3088.89,687.0,13,0.0,824.19,0,tripinfo_WestA509ToEastH6.82 emissions_WestA509ToEastH6.82,electric,1.09,0.0,0.0,0.0,0.0,0.0,0.0,0.0
EastSilburyToEastAvebury.183,3328.0,317_1,0.0,0.0,0.0,3985.0,213_0,19.13,13.62,657.0,2116.53,382.0,15,0.0,505.12,0,tripinfo_EastSilburyToEastAvebury.183 emissions_EastSilburyToEastAvebury.183,electric,1.01,0.0,0.0,0.0,0.0,0.0,0.0,0.0
WestA509ToEastH6.91,3276.0,773_1,0.0,0.0,0.0,3987.0,522_1,56.88,13.63,711.0,3088.43,389.0,9,0.0,499.6,0,tripinfo_WestA509ToEastH6.91 emissions_WestA509ToEastH6.91,electric,1.07,0.0,0.0,0.0,0.0,0.0,0.0,0.0
EastAveburyToWestA509.360,3260.0,483_1,0.0,0.0,0.0,3993.0,774_0,29.75,11.48,733.0,2312.02,413.0,12,0.0,525.43,0,tripinfo_EastAveburyToWestA509.360 emissions_EastAveburyToWestA509.360,electric,0.83,0.0,0.0,0.0,0.0,0.0,0.0,0.0
WestA509ToEastH6.97,3495.0,773_1,0.0,0.0,3.0,3994.0,522_0,56.88,11.55,499.0,3085.02,168.0,6,0.0,238.91,0,tripinfo_WestA509ToEastH6.97 emissions_WestA509ToEastH6.97,electric,0.87,0.0,0.0,0.0,0.0,0.0,0.0,0.0
WestA509ToEastH6.86,3096.0,773_1,0.0,0.0,0.0,3995.0,522_1,56.88,13.84,899.0,3094.48,561.0,12,0.0,689.35,0,tripinfo_WestA509ToEastH6.86 emissions_WestA509ToEastH6.86,electric,1.08,0.0,0.0,0.0,0.0,0.0,0.0,0.0
WestA509ToEastH6.83,2988.0,773_1,0.0,0.0,0.0,3997.0,522_1,56.88,13.32,1009.0,3094.48,668.0,11,0.0,778.42,0,tripinfo_WestA509ToEastH6.83 emissions_WestA509ToEastH6.83,electric,0.98,0.0,0.0,0.0,0.0,0.0,0.0,0.0
WestA509ToEastH6.93,3348.0,773_1,0.0,0.0,0.0,4000.0,522_1,56.88,13.59,652.0,3086.9,326.0,7,0.0,428.88,0,tripinfo_WestA509ToEastH6.93 emissions_WestA509ToEastH6.93,electric,1.01,0.0,0.0,0.0,0.0,0.0,0.0,0.0
EastAveburyToWestA509.398,3583.0,483_1,0.0,0.0,0.0,4001.0,774_0,29.75,12.66,418.0,2314.29,144.0,7,0.0,241.29,0,tripinfo_EastAveburyToWestA509.398 emissions_EastAveburyToWestA509.398,electric,0.98,0.0,0.0,0.0,0.0,0.0,0.0,0.0
WestA509ToEastH6.94,3384.0,773_1,0.0,0.0,0.0,4002.0,522_1,56.88,12.4,618.0,3092.63,289.0,7,0.0,387.49,0,tripinfo_WestA509ToEastH6.94 emissions_WestA509ToEastH6.94,electric,0.98,0.0,0.0,0.0,0.0,0.0,0.0,0.0
WestH6ToSaxonSt.233,2796.0,524_0,0.0,0.0,0.0,4005.0,771_1,56.88,12.92,1209.0,2574.93,882.0,14,0.0,1013.86,0,tripinfo_WestH6ToSaxonSt.233 emissions_WestH6ToSaxonSt.233,gasoline_euro4,0.96,165041.155603,3171970.665163,825.390127,73.354141,1412.487001,1011766.762743,0.0
WestH6ToSaxonSt.236,2832.0,524_0,0.0,0.0,0.0,4007.0,771_1,56.88,13.85,1175.0,2574.97,848.0,15,0.0,1000.46,0,tripinfo_WestH6ToSaxonSt.236 emissions_WestH6ToSaxonSt.236,gasoline_euro4,1.08,159963.680547,3131007.900009,800.979468,72.107934,1391.316743,998699.295935,0.0
EastA509ToH6.198,3564.0,770_0,0.0,0.0,0.0,4007.0,522_1,56.88,11.83,443.0,2408.85,196.0,10,0.0,249.29,0,tripinfo_EastA509ToH6.198 emissions_EastA509ToH6.198,electric,0.9,0.0,0.0,0.0,0.0,0.0,0.0,0.0
WestH6ToSaxonSt.181,2172.0,524_0,0.0,0.0,0.0,4009.0,771_1,56.88,13.46,1837.0,2767.85,1493.0,15,0.0,1631.75,0,tripinfo_WestH6ToSaxonSt.181 emissions_WestH6ToSaxonSt.181,gasoline_euro4,1.01,267582.051608,4874410.322883,1332.180814,115.820625,2191.088878,1554801.012277,0.0
EastA509ToH6.199,3582.0,770_0,0.0,0.0,0.0,4009.0,522_1,56.88,14.55,427.0,2408.87,174.0,10,0.0,261.62,0,tripinfo_EastA509ToH6.199 emissions_EastA509ToH6.199,electric,1.06,0.0,0.0,0.0,0.0,0.0,0.0,0.0
WestH6ToSaxonSt.179,2148.0,524_0,0.0,0.0,0.0,4013.0,771_1,56.88,12.55,1865.0,2767.85,1520.0,16,0.0,1642.63,0,tripinfo_WestH6ToSaxonSt.179 emissions_WestH6ToSaxonSt.179,gasoline_euro4,0.93,272046.848923,4918034.698217,1353.600562,116.752799,2210.792932,1568717.388074,0.0
WestH6ToSaxonSt.183,2196.0,524_0,0.0,0.0,0.0,4015.0,771_1,56.88,13.13,1819.0,2767.88,1465.0,15,0.0,1607.23,0,tripinfo_WestH6ToSaxonSt.183 emissions_WestH6ToSaxonSt.183,gasoline_euro4,0.98,264673.185102,4822958.504715,1317.906982,114.633903,2168.779533,1538389.207775,0.0
EastSilburyToEastAvebury.141,2656.0,317_0,0.0,0.0,0.0,4018.0,213_0,19.13,12.86,1362.0,658.22,1172.0,30,0.0,1310.58,0,tripinfo_EastSilburyToEastAvebury.141 emissions_EastSilburyToEastAvebury.141,electric,0.94,0.0,0.0,0.0,0.0,0.0,0.0,0.0
EastSilburyToEastAvebury.79,1664.0,317_0,0.0,0.0,0.0,4019.0,213_0,19.13,13.74,2355.0,680.87,2199.0,21,0.0,2308.04,0,tripinfo_EastSilburyToEastAvebury.79 emissions_EastSilburyToEastAvebury.79,electric,1.07,0.0,0.0,0.0,0.0,0.0,0.0,0.0
WestH6ToSaxonSt.243,2916.0,524_0,0.0,0.0,0.0,4019.0,771_1,56.88,12.64,1103.0,2574.94,748.0,16,0.0,899.89,0,tripinfo_WestH6ToSaxonSt.243 emissions_WestH6ToSaxonSt.243,gasoline_euro4,0.93,146397.726857,2880082.490398,733.659682,65.874441,1278.612525,918661.46822,0.0
EastAveburyToWestA509.228,2138.0,483_0,0.0,0.0,0.0,4021.0,774_0,29.75,13.04,1883.0,2268.6,1543.0,28,0.0,1717.41,0,tripinfo_EastAveburyToWestA509.228 emissions_EastAveburyToWestA509.228,gasoline_euro4,1.0,281042.84623,4991897.611022,1396.067897,119.560073,2250.878979,1592279.47027,0.0
WestH6ToSaxonSt.185,2220.0,524_0,0.0,0.0,0.0,4021.0,771_1,56.88,12.97,1801.0,2767.88,1424.0,16,0.0,1589.03,0,tripinfo_WestH6ToSaxonSt.185 emissions_WestH6ToSaxonSt.185,gasoline_euro4,0.97,259941.81828,4766045.703822,1294.692033,112.549321,2138.026204,1520235.419835,0.0
EastSilburyToEastAvebury.189,3424.0,317_1,0.0,0.0,0.0,4021.0,213_0,19.13,13.79,597.0,2107.51,336.0,17,0.0,443.78,0,tripinfo_EastSilburyToEastAvebury.189 emissions_EastSilburyToEastAvebury.189,electric,1.0,0.0,0.0,0.0,0.0,0.0,0.0,0.0
EastA509ToH6.192,3456.0,770_0,0.0,0.0,0.0,4022.0,522_0,56.88,16.83,566.0,2393.68,324.0,12,0.0,426.5,0,tripinfo_EastA509ToH6.192 emissions_EastA509ToH6.192,gasoline_euro4,1.24,70562.281809,1703588.151665,360.428674,37.496415,741.260117,543386.08842,0.0
EastSilburyToEastAvebury.187,3392.0,317_1,0.0,0.0,0.0,4024.0,213_0,19.13,13.24,632.0,2107.51,383.0,16,0.0,480.63,0,tripinfo_EastSilburyToEastAvebury.187 emissions_EastSilburyToEastAvebury.187,electric,1.02,0.0,0.0,0.0,0.0,0.0,0.0,0.0
WestA509ToAvebury.89,1602.0,773_0,0.0,0.0,0.0,4026.0,213_0,19.13,12.55,2424.0,2288.81,2105.0,30,0.0,2249.44,0,tripinfo_WestA509ToAvebury.89 emissions_WestA509ToAvebury.89,electric,0.95,0.0,0.0,0.0,0.0,0.0,0.0,0.0
WestA509ToAvebury.173,3114.0,773_0,0.0,0.0,0.0,4028.0,213_0,19.13,14.55,914.0,2327.58,664.0,19,0.0,762.85,0,tripinfo_WestA509ToAvebury.173 emissions_WestA509ToAvebury.173,gasoline_euro4,1.12,125568.968748,2494245.176092,629.072035,57.293701,1104.556455,795589.765841,0.0
EastSilburyToEastAvebury.135,2560.0,317_0,0.0,0.0,0.0,4030.0,213_0,19.13,14.52,1470.0,680.87,1278.0,32,0.0,1424.37,0,tripinfo_EastSilburyToEastAvebury.135 emissions_EastSilburyToEastAvebury.135,electric,1.12,0.0,0.0,0.0,0.0,0.0,0.0,0.0
EastAveburyToWestA509.311,2843.0,483_0,0.0,0.0,0.0,4031.0,774_0,29.75,12.88,1188.0,2257.76,825.0,25,0.0,1019.68,0,tripinfo_EastAveburyToWestA509.311 emissions_EastAveburyToWestA509.311,gasoline_euro4,0.98,162626.980572,3097080.346484,812.528368,71.785563,1380.623153,987879.618547,0.0
EastA509ToH6.196,3528.0,770_0,0.0,0.0,0.0,4034.0,522_0,56.88,12.48,506.0,2393.68,220.0,9,0.0,319.19,0,tripinfo_EastA509ToH6.196 emissions_EastA509ToH6.196,gasoline_euro4,0.93,51661.881825,1331640.884079,265.928764,27.516988,570.97564,424747.44301,0.0
EastAveburyToWestA509.298,2733.0,483_0,0.0,0.0,0.0,4036.0,774_0,29.75,12.06,1303.0,2257.77,965.0,25,0.0,1123.43,0,tripinfo_EastAveburyToWestA509.298 emissions_EastAveburyToWestA509.298,gasoline_euro4,0.92,182158.103253,3376792.776881,908.189346,78.921582,1510.20593,1077102.197464,0.0
EastAveburyToWestA509.300,2750.0,483_0,0.0,0.0,0.0,4038.0,774_0,29.75,12.05,1288.0,2260.83,943.0,26,0.0,1113.94,0,tripinfo_EastAveburyToWestA509.300 emissions_EastAveburyToWestA509.300,electric,0.95,0.0,0.0,0.0,0.0,0.0,0.0,0.0
EastSilburyToEastAvebury.197,3552.0,317_1,0.0,0.0,0.0,4041.0,213_1,19.13,13.76,489.0,2638.68,222.0,8,0.0,303.05,0,tripinfo_EastSilburyToEastAvebury.197 emissions_EastSilburyToEastAvebury.197,electric,1.03,0.0,0.0,0.0,0.0,0.0,0.0,0.0
EastAveburyToWestA509.247,2299.0,483_0,0.0,0.0,0.0,4043.0,774_0,29.75,12.16,1744.0,2258.77,1439.0,20,0.0,1562.5,0,tripinfo_EastAveburyToWestA509.247 emissions_EastAveburyToWestA509.247,gasoline_euro4,0.91,257629.868106,4590653.784653,1280.255907,109.30069,2065.569893,1464293.922718,0.0
EastAveburyToWestA509.357,3234.0,483_1,0.0,0.0,0.0,4046.0,774_0,29.75,12.92,812.0,2325.48,515.0,18,0.0,633.72,0,tripinfo_EastAveburyToWestA509.357 emissions_EastAveburyToWestA509.357,gasoline_euro4,0.97,104207.124138,2213540.966853,525.800502,49.377322,973.595176,706050.53272,0.0
EastAveburyToWestA509.305,2792.0,483_1,0.0,0.0,0.0,4048.0,774_0,29.75,15.14,1256.0,2325.48,853.0,30,0.0,1104.95,0,tripinfo_EastAveburyToWestA509.305 emissions_EastAveburyToWestA509.305,gasoline_euro4,1.15,173525.240533,3373451.908086,868.876392,78.697216,1508.036768,1076031.253178,0.0
EastSilburyToEastAvebury.193,3488.0,317_0,0.0,0.0,0.0,4061.0,213_1,19.13,14.93,573.0,2473.21,307.0,10,0.0,413.99,0,tripinfo_EastSilburyToEastAvebury.193 emissions_EastSilburyToEastAvebury.193,gasoline_euro4,1.14,67090.832211,1619836.947413,342.979437,35.188317,703.991722,516672.816861,0.0
EastSilburyToEastAvebury.195,3520.0,317_0,0.0,0.0,0.0,4062.0,213_0,19.13,13.4,542.0,2473.18,276.0,12,0.0,368.69,0,tripinfo_EastSilburyToEastAvebury.195 emissions_EastSilburyToEastAvebury.195,gasoline_euro4,1.05,59560.992081,1462277.931615,304.272574,30.792263,627.963528,466417.301866,0.0
EastSilburyToEastAvebury.185,3360.0,317_0,0.0,0.0,0.0,4064.0,213_1,19.13,14.01,704.0,2473.18,438.0,6,0.0,535.15,0,tripinfo_EastSilburyToEastAvebury.185 emissions_EastSilburyToEastAvebury.185,gasoline_euro4,1.08,87327.928143,1908719.415423,441.729662,42.337969,835.539414,608820.756398,0.0
EastSilburyToEastAvebury.188,3408.0,317_1,0.0,0.0,0.0,4064.0,213_0,19.13,13.41,656.0,2116.53,381.0,14,0.0,509.39,0,tripinfo_EastSilburyToEastAvebury.188 emissions_EastSilburyToEastAvebury.188,electric,1.05,0.0,0.0,0.0,0.0,0.0,0.0,0.0
EastSilburyToEastAvebury.194,3504.0,317_1,0.0,0.0,0.0,4066.0,213_0,19.13,13.32,562.0,2116.53,308.0,12,0.0,403.49,0,tripinfo_EastSilburyToEastAvebury.194 emissions_EastSilburyToEastAvebury.194,electric,0.97,0.0,0.0,0.0,0.0,0.0,0.0,0.0
EastSilburyToEastAvebury.191,3456.0,317_0,0.0,0.0,0.0,4068.0,213_0,19.13,12.43,612.0,1590.82,420.0,7,0.0,485.43,0,tripinfo_EastSilburyToEastAvebury.191 emissions_EastSilburyToEastAvebury.191,electric,0.92,0.0,0.0,0.0,0.0,0.0,0.0,0.0
EastSilburyToEastAvebury.192,3472.0,317_1,0.0,0.0,0.0,4070.0,213_0,19.13,13.15,598.0,2116.53,336.0,13,0.0,439.25,0,tripinfo_EastSilburyToEastAvebury.192 emissions_EastSilburyToEastAvebury.192,electric,0.97,0.0,0.0,0.0,0.0,0.0,0.0,0.0
EastSilburyToEastAvebury.163,3008.0,317_0,0.0,0.0,0.0,4073.0,213_0,19.13,14.31,1065.0,2776.09,736.0,17,0.0,870.6,0,tripinfo_EastSilburyToEastAvebury.163 emissions_EastSilburyToEastAvebury.163,electric,1.04,0.0,0.0,0.0,0.0,0.0,0.0,0.0
WestH6ToSaxonSt.189,2268.0,524_0,0.0,0.0,0.0,4091.0,771_1,56.88,13.45,1823.0,2765.47,1459.0,14,0.0,1624.22,0,tripinfo_WestH6ToSaxonSt.189 emissions_WestH6ToSaxonSt.189,gasoline_euro4,1.04,264406.442769,4827196.852531,1316.315804,114.299514,2166.826922,1539741.288662,0.0
WestH6ToSaxonSt.187,2244.0,524_0,0.0,0.0,0.0,4102.0,771_1,56.88,11.09,1858.0,2767.85,1456.0,16,0.0,1609.53,0,tripinfo_WestH6ToSaxonSt.187 emissions_WestH6ToSaxonSt.187,gasoline_euro4,0.83,265520.795443,4796735.741346,1321.248435,112.966778,2152.002579,1530027.4616,0.0
WestH6ToSaxonSt.191,2292.0,524_0,0.0,0.0,0.0,4103.0,771_1,56.88,13.29,1811.0,2756.02,1434.0,14,0.0,1604.44,0,tripinfo_WestH6ToSaxonSt.191 emissions_WestH6ToSaxonSt.191,gasoline_euro4,0.99,260497.252098,4755482.266053,1297.448463,112.51278,2136.428847,1516866.395243,0.0
WestH6ToSaxonSt.193,2316.0,524_0,0.0,0.0,0.0,4105.0,771_1,56.88,14.54,1789.0,2756.05,1424.0,14,0.0,1593.73,0,tripinfo_WestH6ToSaxonSt.193 emissions_WestH6ToSaxonSt.193,gasoline_euro4,1.05,258690.020189,4759239.662261,1289.290398,112.890717,2139.097607,1518063.328334,0.0
EastSilburyToEastAvebury.143,2688.0,317_0,0.0,0.0,0.0,4105.0,213_0,19.13,14.22,1417.0,680.87,1288.0,15,0.0,1368.66,0,tripinfo_EastSilburyToEastAvebury.143 emissions_EastSilburyToEastAvebury.143,electric,1.05,0.0,0.0,0.0,0.0,0.0,0.0,0.0
WestH6ToSaxonSt.196,2352.0,524_0,0.0,0.0,0.0,4107.0,771_1,56.88,12.42,1755.0,2767.88,1380.0,17,0.0,1540.09,0,tripinfo_WestH6ToSaxonSt.196 emissions_WestH6ToSaxonSt.196,gasoline_euro4,0.96,252402.493066,4651781.522778,1257.749999,109.487491,2085.168373,1483787.876811,0.0
EastSilburyToEastAvebury.133,2528.0,317_0,0.0,0.0,0.0,4107.0,213_0,19.13,12.97,1579.0,1576.69,1309.0,26,0.0,1458.52,0,tripinfo_EastSilburyToEastAvebury.133 emissions_EastSilburyToEastAvebury.133,electric,0.96,0.0,0.0,0.0,0.0,0.0,0.0,0.0
WestA509ToAvebury.198,3567.0,773_0,0.0,0.0,3.0,4109.0,213_0,19.13,15.0,542.0,2332.05,322.0,9,0.0,386.49,0,tripinfo_WestA509ToAvebury.198 emissions_WestA509ToAvebury.198,gasoline_euro4,1.09,64855.993519,1561997.847275,330.976672,33.715647,676.131377,498224.477738,0.0
WestH6ToSaxonSt.198,2376.0,524_0,0.0,0.0,0.0,4112.0,771_1,56.88,11.21,1736.0,2767.88,1342.0,15,0.0,1481.47,0,tripinfo_WestH6ToSaxonSt.198 emissions_WestH6ToSaxonSt.198,gasoline_euro4,0.81,244543.789972,4462066.927795,1217.898473,104.592712,1999.227971,1423276.225485,0.0
EastSilburyToEastAvebury.145,2720.0,317_0,0.0,0.0,0.0,4112.0,213_0,19.13,14.16,1392.0,680.87,1258.0,16,0.0,1343.12,0,tripinfo_EastSilburyToEastAvebury.145 emissions_EastSilburyToEastAvebury.145,gasoline_euro4,1.04,220562.864303,3732463.54871,1091.929257,91.890133,1700.885532,1190558.008042,0.0
EastAveburyToWestA509.238,2223.0,483_0,0.0,0.0,0.0,4114.0,774_1,29.75,13.25,1891.0,2263.36,1506.0,30,0.0,1724.15,0,tripinfo_EastAveburyToWestA509.238 emissions_EastAveburyToWestA509.238,gasoline_euro4,0.99,279979.420874,4961533.456384,1390.556809,118.866655,2237.397725,1582594.518943,0.0
WestA509ToAvebury.199,3582.0,773_0,0.0,0.0,0.0,4114.0,213_0,19.13,13.84,532.0,2277.04,313.0,14,0.0,374.32,0,tripinfo_WestA509ToAvebury.199 emissions_WestA509ToAvebury.199,electric,1.05,0.0,0.0,0.0,0.0,0.0,0.0,0.0
EastSilburyToEastAvebury.67,1472.0,317_0,0.0,0.0,0.0,4115.0,213_0,19.13,15.56,2643.0,642.19,2504.0,18,0.0,2601.7,0,tripinfo_EastSilburyToEastAvebury.67 emissions_EastSilburyToEastAvebury.67,electric,1.14,0.0,0.0,0.0,0.0,0.0,0.0,0.0
EastAveburyToWestA509.343,3115.0,483_0,0.0,0.0,0.0,4115.0,774_0,29.75,12.52,1000.0,2254.71,704.0,17,0.0,818.3,0,tripinfo_EastAveburyToWestA509.343 emissions_EastAveburyToWestA509.343,gasoline_euro4,0.91,134275.380805,2623042.196031,672.526115,59.945446,1163.923146,836673.882293,0.0
WestH6ToSaxonSt.202,2424.0,524_0,0.0,0.0,0.0,4116.0,771_1,56.88,10.57,1692.0,2765.44,1277.0,14,0.0,1438.29,0,tripinfo_WestH6ToSaxonSt.202 emissions_WestH6ToSaxonSt.202,gasoline_euro4,0.82,236518.985484,4336404.353632,1178.439035,101.513258,1942.510698,1383192.716778,0.0
EastAveburyToWestA509.294,2699.0,483_0,0.0,0.0,0.0,4116.0,774_0,29.75,13.22,1417.0,2261.05,1068.0,25,0.0,1256.5,0,tripinfo_EastAveburyToWestA509.294 emissions_EastAveburyToWestA509.294,gasoline_euro4,1.03,203092.182618,3760208.456355,1012.438743,88.741919,1686.809683,1199400.194461,0.0
EastA509ToH6.197,3546.0,770_0,0.0,0.0,0.0,4117.0,522_0,56.88,13.61,571.0,2393.63,309.0,11,0.0,396.12,0,tripinfo_EastA509ToH6.197 emissions_EastA509ToH6.197,gasoline_euro4,0.99,66089.840275,1560121.822394,336.594155,33.344345,674.799499,497627.257232,0.0
WestA509ToAvebury.55,990.0,773_0,0.0,0.0,0.0,4118.0,213_0,19.13,15.17,3128.0,2288.68,2801.0,32,0.0,2984.71,0,tripinfo_WestA509ToAvebury.55 emissions_WestA509ToAvebury.55,electric,1.16,0.0,0.0,0.0,0.0,0.0,0.0,0.0
EastAveburyToWestA509.363,3285.0,483_1,0.0,0.0,0.0,4123.0,774_0,29.75,13.26,838.0,2238.67,532.0,18,0.0,666.46,0,tripinfo_EastAveburyToWestA509.363 emissions_EastAveburyToWestA509.363,electric,0.96,0.0,0.0,0.0,0.0,0.0,0.0,0.0
EastAveburyToWestA509.345,3132.0,483_0,0.0,0.0,0.0,4126.0,774_0,29.75,12.27,994.0,2254.71,689.0,17,0.0,818.83,0,tripinfo_EastAveburyToWestA509.345 emissions_EastAveburyToWestA509.345,gasoline_euro4,0.94,133246.223488,2611931.774189,667.377709,59.578286,1157.851305,833129.826201,0.0
EastSilburyToEastAvebury.198,3568.0,317_1,0.0,0.0,0.0,4129.0,213_1,19.13,12.4,561.0,2638.7,275.0,9,0.0,354.99,0,tripinfo_EastSilburyToEastAvebury.198 emissions_EastSilburyToEastAvebury.198,electric,0.92,0.0,0.0,0.0,0.0,0.0,0.0,0.0
EastAveburyToWestA509.390,3515.0,483_1,0.0,0.0,0.0,4131.0,774_0,29.75,12.33,616.0,2325.48,328.0,15,0.0,435.29,0,tripinfo_EastAveburyToWestA509.390 emissions_EastAveburyToWestA509.390,gasoline_euro4,0.96,71458.381675,1682454.40439,364.490901,36.436307,733.985531,536646.749426,0.0
EastAveburyToWestA509.386,3481.0,483_1,0.0,0.0,0.0,4139.0,774_0,29.75,13.68,658.0,2325.55,350.0,25,0.0,490.05,0,tripinfo_EastAveburyToWestA509.386 emissions_EastAveburyToWestA509.386,gasoline_euro4,1.03,79576.76576,1823088.845696,404.547017,40.049098,797.989733,581505.165414,0.0
WestA509ToAvebury.168,3024.0,773_1,0.0,0.0,0.0,4150.0,213_0,19.13,13.45,1126.0,2614.31,774.0,14,0.0,939.09,0,tripinfo_WestA509ToAvebury.168 emissions_WestA509ToAvebury.168,electric,1.02,0.0,0.0,0.0,0.0,0.0,0.0,0.0
WestH6ToSaxonSt.245,2940.0,524_0,0.0,0.0,0.0,4181.0,771_1,56.88,12.65,1241.0,2574.97,874.0,19,0.0,1047.35,0,tripinfo_WestH6ToSaxonSt.245 emissions_WestH6ToSaxonSt.245,gasoline_euro4,0.97,169096.40722,3253519.419987,845.754312,75.194724,1449.62769,1037778.30604,0.0
WestA509ToAvebury.151,2718.0,773_0,0.0,0.0,0.0,4192.0,213_0,19.13,13.82,1474.0,2288.81,1177.0,29,0.0,1320.71,0,tripinfo_WestA509ToAvebury.151 emissions_WestA509ToAvebury.151,electric,1.08,0.0,0.0,0.0,0.0,0.0,0.0,0.0
WestH6ToSaxonSt.204,2448.0,524_0,0.0,0.0,0.0,4194.0,771_1,56.88,10.28,1746.0,2767.87,1325.0,16,0.0,1480.6,0,tripinfo_WestH6ToSaxonSt.204 emissions_WestH6ToSaxonSt.204,gasoline_euro4,0.78,243890.766952,4455998.395011,1214.759509,104.256704,1996.293062,1421340.457355,0.0
WestA509ToAvebury.138,2487.0,773_0,0.0,0.0,3.0,4195.0,213_0,19.13,12.85,1708.0,2287.0,1372.0,36,0.0,1541.92,0,tripinfo_WestA509ToAvebury.138 emissions_WestA509ToAvebury.138,electric,1.0,0.0,0.0,0.0,0.0,0.0,0.0,0.0
EastSilburyToEastAvebury.174,3184.0,317_0,0.0,0.0,0.0,4197.0,213_0,19.13,13.82,1013.0,1581.83,780.0,21,0.0,900.47,0,tripinfo_EastSilburyToEastAvebury.174 emissions_EastSilburyToEastAvebury.174,electric,1.03,0.0,0.0,0.0,0.0,0.0,0.0,0.0
WestA509ToAvebury.170,3063.0,773_0,0.0,0.0,3.0,4201.0,213_0,19.13,11.48,1138.0,2277.04,823.0,18,0.0,941.15,0,tripinfo_WestA509ToAvebury.170 emissions_WestA509ToAvebury.170,gasoline_euro4,0.84,156036.368801,2931000.642336,778.965189,67.580389,1304.919953,934906.759672,0.0
EastSilburyToEastAvebury.110,2160.0,317_0,0.0,0.0,0.0,4203.0,213_0,19.13,14.04,2043.0,680.87,1835.0,30,0.0,1993.92,0,tripinfo_EastSilburyToEastAvebury.110 emissions_EastSilburyToEastAvebury.110,electric,1.02,0.0,0.0,0.0,0.0,0.0,0.0,0.0
EastSilburyToEastAvebury.138,2608.0,317_0,0.0,0.0,0.0,4205.0,213_0,19.13,13.87,1597.0,1576.69,1365.0,24,0.0,1484.36,0,tripinfo_EastSilburyToEastAvebury.138 emissions_EastSilburyToEastAvebury.138,electric,1.03,0.0,0.0,0.0,0.0,0.0,0.0,0.0
EastSilburyToEastAvebury.144,2704.0,317_0,0.0,0.0,0.0,4207.0,213_0,19.13,13.43,1503.0,680.87,1330.0,19,0.0,1450.93,0,tripinfo_EastSilburyToEastAvebury.144 emissions_EastSilburyToEastAvebury.144,gasoline_euro4,0.98,237258.487982,3983857.248139,1173.714712,98.072819,1815.473142,1270747.171933,0.0
WestA509ToAvebury.141,2538.0,773_0,0.0,0.0,0.0,4208.0,213_0,19.13,14.86,1670.0,2287.6,1391.0,21,0.0,1528.08,0,tripinfo_WestA509ToAvebury.141 emissions_WestA509ToAvebury.141,electric,1.17,0.0,0.0,0.0,0.0,0.0,0.0,0.0
EastAveburyToWestA509.373,3370.0,483_1,0.0,0.0,0.0,4211.0,774_0,29.75,14.14,841.0,2325.5,551.0,22,0.0,672.15,0,tripinfo_EastAveburyToWestA509.373 emissions_EastAveburyToWestA509.373,gasoline_euro4,1.03,110201.219938,2319965.521817,555.744684,52.44329,1024.724065,739996.487932,0.0
EastAveburyToWestA509.352,3192.0,483_1,0.0,0.0,0.0,4215.0,774_1,29.75,13.15,1023.0,2238.69,715.0,17,0.0,855.26,0,tripinfo_EastAveburyToWestA509.352 emissions_EastAveburyToWestA509.352,electric,0.98,0.0,0.0,0.0,0.0,0.0,0.0,0.0
EastAveburyToWestA509.237,2214.0,483_0,0.0,0.0,0.0,4218.0,774_0,29.75,11.73,2004.0,2262.44,1611.0,30,0.0,1809.48,0,tripinfo_EastAveburyToWestA509.237 emissions_EastAveburyToWestA509.237,electric,0.85,0.0,0.0,0.0,0.0,0.0,0.0,0.0
EastAveburyToWestA509.369,3336.0,483_1,0.0,0.0,0.0,4223.0,774_0,29.75,10.97,887.0,2238.68,527.0,17,0.0,694.58,0,tripinfo_EastAveburyToWestA509.369 emissions_EastAveburyToWestA509.369,electric,0.86,0.0,0.0,0.0,0.0,0.0,0.0,0.0
EastAveburyToWestA509.283,2605.0,483_1,0.0,0.0,0.0,4225.0,774_0,29.75,12.06,1620.0,2305.64,1169.0,29,0.0,1434.77,0,tripinfo_EastAveburyToWestA509.283 emissions_EastAveburyToWestA509.283,gasoline_euro4,0.92,230089.997502,4204408.284421,1145.816008,99.250675,1888.470994,1341089.151721,0.0
EastAveburyToWestA509.338,3073.0,483_1,0.0,0.0,0.0,4227.0,774_0,29.75,14.27,1154.0,2325.53,824.0,21,0.0,996.45,0,tripinfo_EastAveburyToWestA509.338 emissions_EastAveburyToWestA509.338,gasoline_euro4,1.1,161459.675932,3171062.212955,809.025625,73.881812,1416.191522,1011473.990578,0.0
EastAveburyToWestA509.389,3506.0,483_1,0.0,0.0,0.0,4230.0,774_0,29.75,11.93,724.0,2325.49,379.0,14,0.0,527.57,0,tripinfo_EastAveburyToWestA509.389 emissions_EastAveburyToWestA509.389,gasoline_euro4,0.88,85673.285261,1881792.982867,433.893567,41.262302,824.928273,600232.160543,0.0
EastAveburyToWestA509.358,3243.0,483_1,0.0,0.0,0.0,4232.0,774_0,29.75,13.36,989.0,2325.53,640.0,20,0.0,817.55,0,tripinfo_EastAveburyToWestA509.358 emissions_EastAveburyToWestA509.358,gasoline_euro4,1.01,132366.724676,2674758.06818,665.061178,61.196187,1188.157324,853166.653411,0.0
V6ToEastH6.293,3516.0,468_1,0.0,0.0,0.0,4247.0,522_1,56.88,15.2,731.0,2061.26,546.0,4,0.0,602.02,0,tripinfo_V6ToEastH6.293 emissions_V6ToEastH6.293,electric,1.17,0.0,0.0,0.0,0.0,0.0,0.0,0.0
EastAveburyToWestA509.334,3039.0,483_1,0.0,0.0,0.0,4280.0,774_0,29.75,15.78,1241.0,2238.67,971.0,15,0.0,1097.92,0,tripinfo_EastAveburyToWestA509.334 emissions_EastAveburyToWestA509.334,electric,1.16,0.0,0.0,0.0,0.0,0.0,0.0,0.0
EastSilburyToEastAvebury.173,3168.0,317_1,0.0,0.0,0.0,4282.0,213_0,19.13,12.11,1114.0,2044.53,842.0,11,0.0,920.02,0,tripinfo_EastSilburyToEastAvebury.173 emissions_EastSilburyToEastAvebury.173,electric,0.95,0.0,0.0,0.0,0.0,0.0,0.0,0.0
EastSilburyToEastAvebury.147,2752.0,317_0,0.0,0.0,0.0,4283.0,213_0,19.13,14.19,1531.0,1576.69,1312.0,16,0.0,1425.62,0,tripinfo_EastSilburyToEastAvebury.147 emissions_EastSilburyToEastAvebury.147,electric,1.09,0.0,0.0,0.0,0.0,0.0,0.0,0.0
WestA509ToAvebury.130,2340.0,773_0,0.0,0.0,0.0,4286.0,213_0,19.13,12.78,1946.0,2288.81,1621.0,28,0.0,1769.7,0,tripinfo_WestA509ToAvebury.130 emissions_WestA509ToAvebury.130,electric,0.94,0.0,0.0,0.0,0.0,0.0,0.0,0.0
EastAveburyToWestA509.379,3421.0,483_1,0.0,0.0,0.0,4287.0,774_0,29.75,13.43,866.0,2238.68,534.0,17,0.0,701.83,0,tripinfo_EastAveburyToWestA509.379 emissions_EastAveburyToWestA509.379,electric,1.01,0.0,0.0,0.0,0.0,0.0,0.0,0.0
WestA509ToAvebury.101,1818.0,773_0,0.0,0.0,0.0,4288.0,213_0,19.13,13.43,2470.0,2288.81,2174.0,21,0.0,2304.0,0,tripinfo_WestA509ToAvebury.101 emissions_WestA509ToAvebury.101,electric,1.0,0.0,0.0,0.0,0.0,0.0,0.0,0.0
EastSilburyToEastAvebury.157,2912.0,317_0,0.0,0.0,0.0,4290.0,213_0,19.13,13.51,1378.0,680.87,1242.0,17,0.0,1329.32,0,tripinfo_EastSilburyToEastAvebury.157 emissions_EastSilburyToEastAvebury.157,gasoline_euro4,1.04,218002.069081,3690597.130221,1079.2368,90.853195,1681.96861,1177203.654458,0.0
EastAveburyToWestA509.244,2274.0,483_0,0.0,0.0,0.0,4292.0,774_0,29.75,12.68,2018.0,2264.87,1672.0,27,0.0,1838.9,0,tripinfo_EastAveburyToWestA509.244 emissions_EastAveburyToWestA509.244,gasoline_euro4,0.93,301882.781576,5298772.131372,1498.394233,127.20975,2391.755269,1690166.048514,0.0
EastSilburyToEastAvebury.139,2624.0,317_0,0.0,0.0,0.0,4293.0,213_0,19.13,14.44,1669.0,680.87,1493.0,23,0.0,1621.58,0,tripinfo_EastSilburyToEastAvebury.139 emissions_EastSilburyToEastAvebury.139,gasoline_euro4,1.08,264145.825071,4403972.206657,1306.116843,108.787209,2009.288077,1404753.728435,0.0
EastAveburyToWestA509.335,3047.0,483_0,0.0,0.0,0.0,4297.0,774_1,29.75,12.41,1250.0,2258.66,955.0,15,0.0,1080.01,0,tripinfo_EastAveburyToWestA509.335 emissions_EastAveburyToWestA509.335,gasoline_euro4,0.97,176405.938893,3307232.704646,880.111088,77.457333,1479.532028,1054913.002159,0.0
EastAveburyToWestA509.243,2265.0,483_0,0.0,0.0,0.0,4300.0,774_0,29.75,10.62,2035.0,2257.89,1652.0,25,0.0,1840.83,0,tripinfo_EastAveburyToWestA509.243 emissions_EastAveburyToWestA509.243,gasoline_euro4,0.85,301497.016348,5287546.61791,1496.639313,126.837393,2387.332177,1686585.644358,0.0
EastSilburyToEastAvebury.172,3152.0,317_1,0.0,0.0,0.0,4300.0,213_0,19.13,9.38,1148.0,2055.69,821.0,21,0.0,942.13,0,tripinfo_EastSilburyToEastAvebury.172 emissions_EastSilburyToEastAvebury.172,electric,0.73,0.0,0.0,0.0,0.0,0.0,0.0,0.0
EastAveburyToWestA509.326,2971.0,483_0,0.0,0.0,0.0,4301.0,774_1,29.75,12.65,1330.0,2258.0,1005.0,18,0.0,1163.21,0,tripinfo_EastAveburyToWestA509.326 emissions_EastAveburyToWestA509.326,gasoline_euro4,0.99,187617.090201,3500915.175261,935.927509,82.156705,1567.361038,1116692.58854,0.0
EastAveburyToWestA509.313,2860.0,483_1,0.0,0.0,0.0,4302.0,774_0,29.75,12.49,1442.0,2238.89,1094.0,21,0.0,1265.05,0,tripinfo_EastAveburyToWestA509.313 emissions_EastAveburyToWestA509.313,electric,0.93,0.0,0.0,0.0,0.0,0.0,0.0,0.0
EastAveburyToWestA509.331,3013.0,483_0,0.0,0.0,0.0,4303.0,774_0,29.75,13.98,1290.0,2258.67,998.0,21,0.0,1135.47,0,tripinfo_EastAveburyToWestA509.331 emissions_EastAveburyToWestA509.331,electric,1.07,0.0,0.0,0.0,0.0,0.0,0.0,0.0
WestA509ToAvebury.175,3150.0,773_1,0.0,0.0,0.0,4327.0,213_0,19.13,11.78,1177.0,2604.0,920.0,8,0.0,973.66,0,tripinfo_WestA509ToAvebury.175 emissions_WestA509ToAvebury.175,gasoline_euro4,0.93,162942.692552,3123036.595752,814.467512,71.923228,1387.378314,996158.946315,0.0
WestH6ToSaxonSt.206,2472.0,524_0,0.0,0.0,0.0,4358.0,771_1,56.88,12.17,1886.0,2765.44,1512.0,15,0.0,1668.37,0,tripinfo_WestH6ToSaxonSt.206 emissions_WestH6ToSaxonSt.206,gasoline_euro4,0.95,273019.916261,4942242.182925,1358.408528,117.160622,2220.621977,1576438.841112,0.0
WestH6ToSaxonSt.212,2544.0,524_0,0.0,0.0,0.0,4360.0,771_1,56.88,13.57,1816.0,2765.47,1433.0,16,0.0,1607.27,0,tripinfo_WestH6ToSaxonSt.212 emissions_WestH6ToSaxonSt.212,gasoline_euro4,0.99,262578.330561,4791835.247972,1307.761235,113.911555,2156.0001,1528461.431222,0.0
WestH6ToSaxonSt.215,2580.0,524_0,0.0,0.0,0.0,4367.0,771_1,56.88,11.15,1787.0,2756.05,1407.0,16,0.0,1548.89,0,tripinfo_WestH6ToSaxonSt.215 emissions_WestH6ToSaxonSt.215,gasoline_euro4,0.86,254791.950897,4625097.243064,1268.442233,109.229362,2076.968485,1475278.343639,0.0
EastSilburyToEastAvebury.50,1200.0,317_0,0.0,0.0,0.0,4369.0,213_0,19.13,13.49,3169.0,680.89,2950.0,24,0.0,3118.72,0,tripinfo_EastSilburyToEastAvebury.50 emissions_EastSilburyToEastAvebury.50,gasoline_euro4,1.0,509474.633776,8323369.552415,2515.209999,207.052318,3807.157553,2654945.420579,0.0
WestA509ToAvebury.120,2160.0,773_0,0.0,0.0,0.0,4372.0,213_0,19.13,11.84,2212.0,2288.86,1847.0,28,0.0,2024.76,0,tripinfo_WestA509ToAvebury.120 emissions_WestA509ToAvebury.120,electric,0.89,0.0,0.0,0.0,0.0,0.0,0.0,0.0
EastAveburyToWestA509.375,3387.0,483_1,0.0,0.0,0.0,4372.0,774_1,29.75,15.51,985.0,2241.69,687.0,15,0.0,842.91,0,tripinfo_EastAveburyToWestA509.375 emissions_EastAveburyToWestA509.375,electric,1.17,0.0,0.0,0.0,0.0,0.0,0.0,0.0
WestA509ToAvebury.143,2574.0,773_0,0.0,0.0,0.0,4374.0,213_0,19.13,12.76,1800.0,2288.81,1463.0,26,0.0,1627.94,0,tripinfo_WestA509ToAvebury.143 emissions_WestA509ToAvebury.143,electric,0.96,0.0,0.0,0.0,0.0,0.0,0.0,0.0
WestA509ToAvebury.65,1170.0,773_0,0.0,0.0,0.0,4376.0,213_0,19.13,12.5,3206.0,2288.83,2856.0,25,0.0,3031.48,0,tripinfo_WestA509ToAvebury.65 emissions_WestA509ToAvebury.65,electric,0.95,0.0,0.0,0.0,0.0,0.0,0.0,0.0
EastAveburyToWestA509.362,3277.0,483_0,0.0,0.0,0.0,4376.0,774_0,29.75,12.47,1099.0,2254.75,797.0,21,0.0,923.81,0,tripinfo_EastAveburyToWestA509.362 emissions_EastAveburyToWestA509.362,electric,0.94,0.0,0.0,0.0,0.0,0.0,0.0,0.0
WestA509ToAvebury.139,2502.0,773_0,0.0,0.0,0.0,4378.0,213_0,19.13,13.64,1876.0,2288.81,1537.0,31,0.0,1713.11,0,tripinfo_WestA509ToAvebury.139 emissions_WestA509ToAvebury.139,electric,1.02,0.0,0.0,0.0,0.0,0.0,0.0,0.0
EastAveburyToWestA509.332,3022.0,483_0,0.0,0.0,0.0,4379.0,774_0,29.75,12.23,1357.0,2257.79,1034.0,19,0.0,1186.08,0,tripinfo_EastAveburyToWestA509.332 emissions_EastAveburyToWestA509.332,gasoline_euro4,0.97,192810.128004,3573807.105753,961.09102,83.63059,1598.688872,1139944.105897,0.0
EastAveburyToWestA509.367,3319.0,483_0,0.0,0.0,0.0,4381.0,774_0,29.75,13.93,1062.0,2254.71,751.0,24,0.0,906.18,0,tripinfo_EastAveburyToWestA509.367 emissions_EastAveburyToWestA509.367,gasoline_euro4,1.06,145646.000723,2849582.268996,729.395559,65.839266,1268.802232,908932.543882,0.0
EastSilburyToEastAvebury.176,3216.0,317_0,0.0,0.0,0.0,4383.0,213_0,19.13,12.0,1167.0,680.87,977.0,22,0.0,1109.29,0,tripinfo_EastSilburyToEastAvebury.176 emissions_EastSilburyToEastAvebury.176,electric,0.88,0.0,0.0,0.0,0.0,0.0,0.0,0.0
EastAveburyToWestA509.366,3311.0,483_0,0.0,0.0,0.0,4383.0,774_0,29.75,12.85,1072.0,2254.7,776.0,21,0.0,905.49,0,tripinfo_EastAveburyToWestA509.366 emissions_EastAveburyToWestA509.366,electric,0.99,0.0,0.0,0.0,0.0,0.0,0.0,0.0
WestA509ToAvebury.72,1296.0,773_0,0.0,0.0,0.0,4386.0,213_0,19.13,10.97,3090.0,2250.18,2722.0,27,0.0,2903.94,0,tripinfo_WestA509ToAvebury.72 emissions_WestA509ToAvebury.72,electric,0.88,0.0,0.0,0.0,0.0,0.0,0.0,0.0
EastAveburyToWestA509.341,3098.0,483_0,0.0,0.0,0.0,4386.0,774_1,29.75,14.41,1288.0,2257.76,971.0,21,0.0,1136.95,0,tripinfo_EastAveburyToWestA509.341 emissions_EastAveburyToWestA509.341,electric,1.09,0.0,0.0,0.0,0.0,0.0,0.0,0.0
EastAveburyToWestA509.372,3362.0,483_0,0.0,0.0,0.0,4387.0,774_0,29.75,12.47,1025.0,2254.73,725.0,19,0.0,851.26,0,tripinfo_EastAveburyToWestA509.372 emissions_EastAveburyToWestA509.372,electric,0.95,0.0,0.0,0.0,0.0,0.0,0.0,0.0
V6ToEastH6.294,3528.0,468_1,0.0,0.0,0.0,4390.0,522_0,56.88,14.55,862.0,2023.9,642.0,5,0.0,721.5,0,tripinfo_V6ToEastH6.294 emissions_V6ToEastH6.294,gasoline_euro4,1.05,117278.659645,2288945.449512,586.808755,52.599498,1014.627233,730106.598079,0.0
V6ToEastH6.266,3192.0,468_1,0.0,0.0,0.0,4393.0,522_0,56.88,14.22,1201.0,2023.91,991.0,8,0.0,1059.58,0,tripinfo_V6ToEastH6.266 emissions_V6ToEastH6.266,gasoline_euro4,1.04,173830.994413,3185957.504955,865.36983,75.049667,1425.311655,1016231.794896,0.0
EastAveburyToWestA509.385,3472.0,483_0,0.0,0.0,0.0,4393.0,774_0,29.75,12.13,921.0,2254.73,644.0,20,0.0,742.25,0,tripinfo_EastAveburyToWestA509.385 emissions_EastAveburyToWestA509.385,gasoline_euro4,0.92,122328.512687,2440926.29418,613.810624,55.63844,1082.278128,778582.701453,0.0
WestH6ToSaxonSt.247,2964.0,524_0,0.0,0.0,0.0,4401.0,771_0,56.88,12.54,1437.0,2608.48,1097.0,18,0.0,1231.06,0,tripinfo_WestH6ToSaxonSt.247 emissions_WestH6ToSaxonSt.247,electric,0.93,0.0,0.0,0.0,0.0,0.0,0.0,0.0
WestH6ToSaxonSt.248,2976.0,524_0,0.0,0.0,0.0,4403.0,771_0,56.88,11.88,1427.0,2613.57,1084.0,15,0.0,1221.47,0,tripinfo_WestH6ToSaxonSt.248 emissions_WestH6ToSaxonSt.248,electric,0.93,0.0,0.0,0.0,0.0,0.0,0.0,0.0
EastAveburyToWestA509.344,3124.0,483_1,0.0,0.0,0.0,4405.0,774_0,29.75,13.11,1281.0,2325.55,940.0,16,0.0,1102.6,0,tripinfo_EastAveburyToWestA509.344 emissions_EastAveburyToWestA509.344,gasoline_euro4,0.97,180890.564236,3431400.883996,903.544175,79.992487,1532.656331,1094518.197623,0.0
EastSilburyToEastAvebury.160,2960.0,317_0,0.0,0.0,0.0,4457.0,213_0,19.13,13.47,1497.0,680.87,1317.0,23,0.0,1447.81,0,tripinfo_EastSilburyToEastAvebury.160 emissions_EastSilburyToEastAvebury.160,gasoline_euro4,1.02,234411.052995,3951660.6349,1160.181543,97.302064,1801.789942,1260476.633189,0.0
WestA509ToAvebury.131,2358.0,773_0,0.0,0.0,0.0,4460.0,213_0,19.13,12.97,2102.0,2288.83,1717.0,33,0.0,1924.26,0,tripinfo_WestA509ToAvebury.131 emissions_WestA509ToAvebury.131,electric,0.93,0.0,0.0,0.0,0.0,0.0,0.0,0.0
EastSilburyToEastAvebury.196,3536.0,317_0,0.0,0.0,0.0,4462.0,213_0,19.13,15.4,926.0,680.87,739.0,21,0.0,882.7,0,tripinfo_EastSilburyToEastAvebury.196 emissions_EastSilburyToEastAvebury.196,gasoline_euro4,1.17,141789.833857,2488443.487064,704.045248,60.462612,1129.732453,793745.722754,0.0
EastAveburyToWestA509.354,3209.0,483_0,0.0,0.0,0.0,4463.0,774_1,29.75,13.8,1254.0,2254.71,943.0,17,0.0,1096.28,0,tripinfo_EastAveburyToWestA509.354 emissions_EastAveburyToWestA509.354,electric,1.04,0.0,0.0,0.0,0.0,0.0,0.0,0.0
EastAveburyToWestA509.381,3438.0,483_0,0.0,0.0,0.0,4463.0,774_0,29.75,13.37,1025.0,2254.7,733.0,25,0.0,857.87,0,tripinfo_EastAveburyToWestA509.381 emissions_EastAveburyToWestA509.381,gasoline_euro4,0.99,139538.55188,2729710.725268,698.931418,62.841173,1213.719582,870697.376061,0.0
EastAveburyToWestA509.361,3268.0,483_0,0.0,0.0,0.0,4464.0,774_0,29.75,14.02,1196.0,2254.7,897.0,18,0.0,1043.71,0,tripinfo_EastAveburyToWestA509.361 emissions_EastAveburyToWestA509.361,electric,1.08,0.0,0.0,0.0,0.0,0.0,0.0,0.0
EastSilburyToEastAvebury.177,3232.0,317_1,0.0,0.0,0.0,4465.0,213_0,19.13,11.69,1233.0,2102.37,941.0,15,0.0,1065.6,0,tripinfo_EastSilburyToEastAvebury.177 emissions_EastSilburyToEastAvebury.177,electric,0.92,0.0,0.0,0.0,0.0,0.0,0.0,0.0
EastSilburyToEastAvebury.68,1488.0,317_0,0.0,0.0,0.0,4467.0,213_0,19.13,14.34,2979.0,680.89,2761.0,28,0.0,2930.62,0,tripinfo_EastSilburyToEastAvebury.68 emissions_EastSilburyToEastAvebury.68,electric,1.05,0.0,0.0,0.0,0.0,0.0,0.0,0.0
EastSilburyToEastAvebury.199,3584.0,317_1,0.0,0.0,0.0,4469.0,213_0,19.13,13.59,885.0,3021.07,540.0,15,0.0,673.85,0,tripinfo_EastSilburyToEastAvebury.199 emissions_EastSilburyToEastAvebury.199,electric,1.05,0.0,0.0,0.0,0.0,0.0,0.0,0.0
WestA509ToAvebury.77,1386.0,773_0,0.0,0.0,0.0,4472.0,213_0,19.13,13.16,3086.0,2288.83,2731.0,26,0.0,2913.4,0,tripinfo_WestA509ToAvebury.77 emissions_WestA509ToAvebury.77,electric,0.96,0.0,0.0,0.0,0.0,0.0,0.0,0.0
EastAveburyToWestA509.336,3056.0,483_1,0.0,0.0,0.0,4486.0,774_0,29.75,13.04,1430.0,2325.53,1104.0,19,0.0,1249.49,0,tripinfo_EastAveburyToWestA509.336 emissions_EastAveburyToWestA509.336,gasoline_euro4,0.96,205100.62335,3830751.265254,1023.244955,89.904183,1715.587976,1221900.787293,0.0
EastAveburyToWestA509.308,2818.0,483_1,0.0,0.0,0.0,4488.0,774_0,29.75,13.72,1670.0,2325.75,1302.0,26,0.0,1506.7,0,tripinfo_EastAveburyToWestA509.308 emissions_EastAveburyToWestA509.308,gasoline_euro4,1.05,243117.453721,4457672.906021,1211.129871,106.041766,2006.385812,1421872.10259,0.0
EastAveburyToWestA509.314,2869.0,483_1,0.0,0.0,0.0,4490.0,774_0,29.75,14.39,1621.0,2325.75,1236.0,26,0.0,1460.61,0,tripinfo_EastAveburyToWestA509.314 emissions_EastAveburyToWestA509.314,gasoline_euro4,1.07,234561.658954,4318348.298375,1168.867139,102.709365,1943.18014,1377430.869933,0.0
EastAveburyToWestA509.370,3345.0,483_1,0.0,0.0,0.0,4501.0,774_0,29.75,11.45,1156.0,2328.54,805.0,17,0.0,958.84,0,tripinfo_EastAveburyToWestA509.370 emissions_EastAveburyToWestA509.370,gasoline_euro4,0.88,154833.498053,2965383.634357,774.114693,68.270266,1320.070182,945872.103456,0.0
EastSilburyToEastAvebury.72,1552.0,317_0,0.0,0.0,0.0,4544.0,213_0,19.13,14.92,2992.0,680.89,2756.0,26,0.0,2946.34,0,tripinfo_EastSilburyToEastAvebury.72 emissions_EastSilburyToEastAvebury.72,gasoline_euro4,1.1,478596.793622,7835393.512659,2363.111711,194.789285,3583.135572,2499292.825402,0.0
EastAveburyToWestA509.349,3166.0,483_0,0.0,0.0,0.0,4546.0,774_0,29.75,14.23,1380.0,2257.74,1042.0,26,0.0,1223.94,0,tripinfo_EastAveburyToWestA509.349 emissions_EastAveburyToWestA509.349,gasoline_euro4,1.06,196885.827616,3645042.035251,981.566174,86.246273,1636.602177,1162665.099738,0.0
EastSilburyToEastAvebury.73,1568.0,317_0,0.0,0.0,0.0,4547.0,213_0,19.13,14.97,2979.0,680.89,2734.0,25,0.0,2931.55,0,tripinfo_EastSilburyToEastAvebury.73 emissions_EastSilburyToEastAvebury.73,gasoline_euro4,1.08,475956.125693,7796455.433072,2350.254145,193.766701,3564.994968,2486872.476814,0.0
WestA509ToAvebury.79,1422.0,773_0,0.0,0.0,0.0,4551.0,213_0,19.13,11.42,3129.0,2288.83,2752.0,27,0.0,2936.31,0,tripinfo_WestA509ToAvebury.79 emissions_WestA509ToAvebury.79,electric,0.86,0.0,0.0,0.0,0.0,0.0,0.0,0.0
EastAveburyToWestA509.274,2529.0,483_0,0.0,0.0,0.0,4553.0,774_1,29.75,15.31,2024.0,2264.88,1626.0,32,0.0,1876.12,0,tripinfo_EastAveburyToWestA509.274 emissions_EastAveburyToWestA509.274,gasoline_euro4,1.12,303103.305225,5367656.000131,1505.495524,129.210389,2424.224716,1712136.005872,0.0
EastSilburyToEastAvebury.142,2672.0,317_0,0.0,0.0,0.0,4556.0,213_0,19.13,9.41,1884.0,680.92,1650.0,25,0.0,1812.82,0,tripinfo_EastSilburyToEastAvebury.142 emissions_EastSilburyToEastAvebury.142,gasoline_euro4,0.71,294176.334725,4864865.317873,1453.666111,120.16335,2220.684279,1551768.218833,0.0
EastAveburyToWestA509.257,2384.0,483_0,0.0,0.0,0.0,4557.0,774_0,29.75,11.65,2173.0,2247.93,1799.0,29,0.0,1993.29,0,tripinfo_EastAveburyToWestA509.257 emissions_EastAveburyToWestA509.257,electric,0.91,0.0,0.0,0.0,0.0,0.0,0.0,0.0
WestA509ToAvebury.94,1692.0,773_0,0.0,0.0,0.0,4558.0,213_0,19.13,12.09,2866.0,2288.83,2506.0,26,0.0,2688.98,0,tripinfo_WestA509ToAvebury.94 emissions_WestA509ToAvebury.94,electric,0.94,0.0,0.0,0.0,0.0,0.0,0.0,0.0
WestA509ToAvebury.197,3546.0,773_0,0.0,0.0,0.0,4559.0,213_0,19.13,13.05,1013.0,2277.06,721.0,18,0.0,838.62,0,tripinfo_WestA509ToAvebury.197 emissions_WestA509ToAvebury.197,gasoline_euro4,0.95,136616.248774,2679649.177159,684.088906,61.363124,1189.170118,854729.341466,0.0
EastSilburyToEastAvebury.140,2640.0,317_0,0.0,0.0,0.0,4561.0,213_0,19.13,13.78,1921.0,680.89,1713.0,30,0.0,1872.27,0,tripinfo_EastSilburyToEastAvebury.140 emissions_EastSilburyToEastAvebury.140,electric,1.04,0.0,0.0,0.0,0.0,0.0,0.0,0.0
EastAveburyToWestA509.309,2826.0,483_0,0.0,0.0,0.0,4561.0,774_1,29.75,14.12,1735.0,2268.51,1318.0,32,0.0,1580.0,0,tripinfo_EastAveburyToWestA509.309 emissions_EastAveburyToWestA509.309,gasoline_euro4,1.07,254229.043944,4578557.734182,1264.38164,109.045607,2061.060901,1460433.699605,0.0
EastAveburyToWestA509.292,2682.0,483_0,0.0,0.0,0.0,4565.0,774_1,29.75,12.99,1883.0,2264.86,1487.0,29,0.0,1717.44,0,tripinfo_EastAveburyToWestA509.292 emissions_EastAveburyToWestA509.292,gasoline_euro4,1.0,276843.965067,4926994.131361,1375.570615,117.847853,2221.436254,1571576.809928,0.0
EastAveburyToWestA509.258,2393.0,483_0,0.0,0.0,0.0,4568.0,774_0,29.75,10.97,2175.0,2260.97,1757.0,28,0.0,1968.89,0,tripinfo_EastAveburyToWestA509.258 emissions_EastAveburyToWestA509.258,electric,0.8,0.0,0.0,0.0,0.0,0.0,0.0,0.0
EastAveburyToWestA509.330,3005.0,483_0,0.0,0.0,0.0,4568.0,774_1,29.75,13.67,1563.0,2261.72,1240.0,20,0.0,1408.02,0,tripinfo_EastAveburyToWestA509.330 emissions_EastAveburyToWestA509.330,gasoline_euro4,1.06,226703.346852,4124995.926265,1128.776544,98.465007,1858.095227,1315758.298637,0.0
EastAveburyToWestA509.273,2520.0,483_0,0.0,0.0,0.0,4571.0,774_0,29.75,12.1,2051.0,2264.89,1592.0,31,0.0,1868.46,0,tripinfo_EastAveburyToWestA509.273 emissions_EastAveburyToWestA509.273,gasoline_euro4,0.91,302301.071933,5310258.448361,1500.563539,127.272726,2396.909931,1693829.887005,0.0
WestH6ToSaxonSt.250,3000.0,524_0,0.0,0.0,0.0,4585.0,771_0,56.88,13.05,1585.0,2613.57,1255.0,16,0.0,1399.98,0,tripinfo_WestH6ToSaxonSt.250 emissions_WestH6ToSaxonSt.250,electric,1.03,0.0,0.0,0.0,0.0,0.0,0.0,0.0
WestA509ToAvebury.179,3222.0,773_1,0.0,0.0,0.0,4594.0,213_0,19.13,12.16,1372.0,2610.74,1101.0,10,0.0,1163.36,0,tripinfo_WestA509ToAvebury.179 emissions_WestA509ToAvebury.179,gasoline_euro4,0.91,193321.960977,3610743.021406,964.224082,83.7356,1608.308945,1151725.741606,0.0
V6ToEastH6.251,3012.0,468_1,0.0,0.0,0.0,4614.0,522_1,56.88,13.12,1602.0,2483.74,1288.0,16,0.0,1421.7,0,tripinfo_V6ToEastH6.251 emissions_V6ToEastH6.251,gasoline_euro4,1.0,232515.485069,4254772.358325,1157.587793,100.472195,1907.956609,1357153.792313,0.0
EastAveburyToWestA509.391,3523.0,483_0,0.0,0.0,0.0,4626.0,774_0,29.75,17.74,1103.0,2257.76,807.0,15,0.0,974.96,0,tripinfo_EastAveburyToWestA509.391 emissions_EastAveburyToWestA509.391,gasoline_euro4,1.28,155394.873968,3045457.746059,778.474851,71.342019,1360.067321,971409.840946,0.0
V6ToEastH6.255,3060.0,468_1,0.0,0.0,0.0,4628.0,522_0,56.88,10.85,1568.0,2488.97,1211.0,18,0.0,1354.74,0,tripinfo_V6ToEastH6.255 emissions_V6ToEastH6.255,gasoline_euro4,0.85,220554.716254,4004216.794709,1097.956796,94.369318,1796.670422,1277234.833037,0.0
V6ToEastH6.252,3024.0,468_1,0.0,0.0,0.0,4632.0,522_0,56.88,10.36,1608.0,2488.95,1248.0,17,0.0,1390.83,0,tripinfo_V6ToEastH6.252 emissions_V6ToEastH6.252,gasoline_euro4,0.84,226897.088313,4116533.726812,1129.519517,97.059213,1847.913972,1313060.851254,0.0
WestA509ToAvebury.165,2970.0,773_0,0.0,0.0,0.0,4633.0,213_0,19.13,13.68,1663.0,2288.83,1305.0,27,0.0,1497.92,0,tripinfo_WestA509ToAvebury.165 emissions_WestA509ToAvebury.165,gasoline_euro4,1.01,242130.379085,4372424.894395,1204.182333,103.815903,1965.123776,1394683.007034,0.0
EastAveburyToWestA509.384,3464.0,483_0,0.0,0.0,0.0,4635.0,774_0,29.75,15.19,1171.0,2257.77,853.0,17,0.0,1021.46,0,tripinfo_EastAveburyToWestA509.384 emissions_EastAveburyToWestA509.384,gasoline_euro4,1.1,163080.698826,3120342.354541,814.994899,72.784598,1392.657707,995298.520294,0.0
EastAveburyToWestA509.301,2758.0,483_0,0.0,0.0,0.0,4641.0,774_0,29.75,13.89,1883.0,2265.75,1511.0,27,0.0,1718.45,0,tripinfo_EastAveburyToWestA509.301 emissions_EastAveburyToWestA509.301,gasoline_euro4,1.01,278999.554288,4987575.317576,1386.670552,119.11857,2246.798921,1590900.003639,0.0
EastAveburyToWestA509.348,3158.0,483_0,0.0,0.0,0.0,4643.0,774_0,29.75,14.55,1485.0,2258.11,1175.0,16,0.0,1327.49,0,tripinfo_EastAveburyToWestA509.348 emissions_EastAveburyToWestA509.348,gasoline_euro4,1.05,217066.041179,3996825.950022,1081.36802,94.565511,1793.498773,1274874.983425,0.0
EastAveburyToWestA509.350,3175.0,483_0,0.0,0.0,0.0,4650.0,774_0,29.75,12.64,1475.0,2258.76,1164.0,26,0.0,1308.46,0,tripinfo_EastAveburyToWestA509.350 emissions_EastAveburyToWestA509.350,gasoline_euro4,0.99,213365.956238,3909853.860702,1062.621571,92.58173,1755.444711,1247133.927857,0.0
WestH6ToSaxonSt.295,3540.0,524_0,0.0,0.0,0.0,4653.0,771_0,56.88,13.6,1113.0,2954.14,820.0,8,0.0,905.59,0,tripinfo_WestH6ToSaxonSt.295 emissions_WestH6ToSaxonSt.295,electric,1.04,0.0,0.0,0.0,0.0,0.0,0.0,0.0
EastAveburyToWestA509.393,3540.0,483_0,0.0,0.0,0.0,4657.0,774_0,29.75,11.76,1117.0,2257.79,793.0,17,0.0,936.6,0,tripinfo_EastAveburyToWestA509.393 emissions_EastAveburyToWestA509.393,gasoline_euro4,0.91,150582.686882,2891165.126616,753.038203,66.521514,1286.321855,922198.363014,0.0
EastAveburyToWestA509.397,3574.0,483_1,0.0,0.0,0.0,4659.0,774_0,29.75,13.63,1085.0,2328.54,750.0,20,0.0,922.64,0,tripinfo_EastAveburyToWestA509.397 emissions_EastAveburyToWestA509.397,gasoline_euro4,1.07,149147.032934,2972251.106516,748.292552,68.579725,1323.90912,948058.519095,0.0
WestH6ToSaxonSt.255,3060.0,524_0,0.0,0.0,0.0,4663.0,771_0,56.88,13.11,1603.0,2954.22,1246.0,16,0.0,1384.35,0,tripinfo_WestH6ToSaxonSt.255 emissions_WestH6ToSaxonSt.255,electric,0.99,0.0,0.0,0.0,0.0,0.0,0.0,0.0
V6ToEastH6.276,3312.0,468_1,0.0,0.0,0.0,4698.0,522_1,56.88,13.83,1386.0,2488.95,1059.0,15,0.0,1219.04,0,tripinfo_V6ToEastH6.276 emissions_V6ToEastH6.276,gasoline_euro4,1.09,196855.531994,3712816.22625,982.774226,87.130827,1661.128185,1184281.678136,0.0
WestH6ToSaxonSt.296,3552.0,524_0,0.0,0.0,0.0,4704.0,771_0,56.88,14.63,1152.0,2770.73,842.0,9,0.0,969.43,0,tripinfo_WestH6ToSaxonSt.296 emissions_WestH6ToSaxonSt.296,electric,1.13,0.0,0.0,0.0,0.0,0.0,0.0,0.0
WestH6ToSaxonSt.242,2904.0,524_0,0.0,0.0,0.0,4712.0,771_1,56.88,12.41,1808.0,2745.09,1424.0,18,0.0,1583.71,0,tripinfo_WestH6ToSaxonSt.242 emissions_WestH6ToSaxonSt.242,gasoline_euro4,0.92,259945.196717,4745702.377835,1294.574402,112.200834,2131.363283,1513746.975981,0.0
WestH6ToSaxonSt.257,3084.0,524_0,0.0,0.0,0.0,4713.0,771_1,56.88,13.21,1629.0,2574.97,1267.0,18,0.0,1436.5,0,tripinfo_WestH6ToSaxonSt.257 emissions_WestH6ToSaxonSt.257,gasoline_euro4,0.98,232659.973742,4272256.718102,1159.277492,101.031842,1918.356274,1362730.118249,0.0
WestH6ToSaxonSt.262,3144.0,524_0,0.0,0.0,0.0,4717.0,771_1,56.88,12.46,1573.0,2574.97,1231.0,16,0.0,1365.12,0,tripinfo_WestH6ToSaxonSt.262 emissions_WestH6ToSaxonSt.262,gasoline_euro4,0.91,222030.181294,4058951.747378,1105.547022,95.062297,1815.866552,1294693.552899,0.0
WestH6ToSaxonSt.264,3168.0,524_0,0.0,0.0,0.0,4723.0,771_1,56.88,10.66,1555.0,2574.93,1219.0,14,0.0,1332.99,0,tripinfo_WestH6ToSaxonSt.264 emissions_WestH6ToSaxonSt.264,gasoline_euro4,0.85,219142.551433,4017764.291733,1091.816063,94.050281,1798.478929,1281555.484599,0.0
WestH6ToSaxonSt.267,3204.0,524_0,0.0,0.0,0.0,4724.0,771_1,56.88,13.01,1520.0,2574.94,1183.0,16,0.0,1328.23,0,tripinfo_WestH6ToSaxonSt.267 emissions_WestH6ToSaxonSt.267,gasoline_euro4,0.98,215680.493325,3973264.946425,1075.050727,94.066806,1785.316683,1267359.534644,0.0
EastAveburyToWestA509.347,3149.0,483_0,0.0,0.0,0.0,4726.0,774_0,29.75,12.7,1577.0,2261.03,1226.0,31,0.0,1411.7,0,tripinfo_EastAveburyToWestA509.347 emissions_EastAveburyToWestA509.347,gasoline_euro4,1.0,229693.295256,4194382.819056,1143.460482,99.299943,1883.452249,1337891.176463,0.0
WestH6ToSaxonSt.271,3252.0,524_0,0.0,0.0,0.0,4726.0,771_1,56.88,12.22,1474.0,2574.97,1111.0,16,0.0,1279.56,0,tripinfo_WestH6ToSaxonSt.271 emissions_WestH6ToSaxonSt.271,gasoline_euro4,0.97,206424.64335,3848082.179097,1029.843712,90.411685,1724.453387,1227428.984421,0.0
EastAveburyToWestA509.316,2886.0,483_0,0.0,0.0,0.0,4728.0,774_0,29.75,13.38,1842.0,2264.21,1445.0,31,0.0,1677.06,0,tripinfo_EastAveburyToWestA509.316 emissions_EastAveburyToWestA509.316,gasoline_euro4,1.01,269932.441546,4826768.216435,1341.776295,115.351308,2175.601214,1539606.787052,0.0
EastAveburyToWestA509.392,3532.0,483_0,0.0,0.0,0.0,4733.0,774_1,29.75,13.58,1201.0,2258.0,878.0,21,0.0,1036.22,0,tripinfo_EastAveburyToWestA509.392 emissions_EastAveburyToWestA509.392,electric,1.0,0.0,0.0,0.0,0.0,0.0,0.0,0.0
EastAveburyToWestA509.394,3549.0,483_0,0.0,0.0,0.0,4734.0,774_0,29.75,11.65,1185.0,2257.76,884.0,15,0.0,1006.02,0,tripinfo_EastAveburyToWestA509.394 emissions_EastAveburyToWestA509.394,gasoline_euro4,0.92,163057.922664,3095674.655567,814.622049,72.016171,1382.412255,987431.253357,0.0
EastAveburyToWestA509.395,3557.0,483_0,0.0,0.0,0.0,4736.0,774_0,29.75,14.65,1179.0,2258.79,820.0,24,0.0,1026.08,0,tripinfo_EastAveburyToWestA509.395 emissions_EastAveburyToWestA509.395,gasoline_euro4,1.08,162492.125613,3126237.239438,812.803547,72.611201,1395.881873,997178.542666,0.0
EastAveburyToWestA509.319,2911.0,483_0,0.0,0.0,0.0,4739.0,774_0,29.75,13.41,1828.0,2264.21,1473.0,22,0.0,1667.97,0,tripinfo_EastAveburyToWestA509.319 emissions_EastAveburyToWestA509.319,electric,1.04,0.0,0.0,0.0,0.0,0.0,0.0,0.0
EastAveburyToWestA509.378,3413.0,483_0,0.0,0.0,0.0,4739.0,774_1,29.75,14.83,1326.0,2258.78,985.0,23,0.0,1174.34,0,tripinfo_EastAveburyToWestA509.378 emissions_EastAveburyToWestA509.378,gasoline_euro4,1.08,189172.86749,3544288.405806,943.983414,83.57163,1589.54999,1130526.426314,0.0
EastAveburyToWestA509.328,2988.0,483_1,0.0,0.0,0.0,4755.0,774_0,29.75,12.59,1767.0,2328.59,1407.0,21,0.0,1576.72,0,tripinfo_EastAveburyToWestA509.328 emissions_EastAveburyToWestA509.328,gasoline_euro4,0.92,256223.124183,4611993.086459,1274.492321,109.572669,2074.952814,1471099.094914,0.0
WestH6ToSaxonSt.269,3228.0,524_0,0.0,0.0,0.0,4758.0,771_0,56.88,11.74,1530.0,2613.57,1169.0,17,0.0,1311.62,0,tripinfo_WestH6ToSaxonSt.269 emissions_WestH6ToSaxonSt.269,electric,0.88,0.0,0.0,0.0,0.0,0.0,0.0,0.0
WestH6ToSaxonSt.298,3576.0,524_0,0.0,0.0,0.0,4793.0,771_0,56.88,12.06,1217.0,2770.71,882.0,10,0.0,998.97,0,tripinfo_WestH6ToSaxonSt.298 emissions_WestH6ToSaxonSt.298,electric,0.95,0.0,0.0,0.0,0.0,0.0,0.0,0.0
WestH6ToSaxonSt.277,3324.0,524_0,0.0,0.0,0.0,4797.0,771_1,56.88,12.93,1473.0,2574.94,1112.0,15,0.0,1278.39,0,tripinfo_WestH6ToSaxonSt.277 emissions_WestH6ToSaxonSt.277,gasoline_euro4,0.97,206539.378858,3853942.415109,1030.040465,90.112583,1722.597036,1229298.659362,0.0
WestH6ToSaxonSt.281,3372.0,524_0,0.0,0.0,0.0,4799.0,771_1,56.88,15.0,1427.0,2574.97,1070.0,13,0.0,1252.4,0,tripinfo_WestH6ToSaxonSt.281 emissions_WestH6ToSaxonSt.281,gasoline_euro4,1.08,200520.179645,3789367.066912,1001.276778,88.704488,1694.742866,1208699.160605,0.0
WestH6ToSaxonSt.299,3588.0,524_0,0.0,0.0,0.0,4801.0,771_1,56.88,13.26,1213.0,2574.97,875.0,12,0.0,1018.32,0,tripinfo_WestH6ToSaxonSt.299 emissions_WestH6ToSaxonSt.299,gasoline_euro4,0.97,163726.300324,3156366.228082,818.861113,72.657357,1403.536194,1006789.439623,0.0
WestH6ToSaxonSt.279,3348.0,524_0,0.0,0.0,0.0,4812.0,771_1,56.88,10.62,1464.0,2574.97,1073.0,14,0.0,1233.32,0,tripinfo_WestH6ToSaxonSt.279 emissions_WestH6ToSaxonSt.279,gasoline_euro4,0.82,201523.056206,3733191.742266,1004.886264,86.762615,1667.987177,1190784.027129,0.0
EastAveburyToWestA509.383,3455.0,483_0,0.0,0.0,0.0,4812.0,774_0,29.75,13.66,1357.0,2258.77,1020.0,25,0.0,1199.45,0,tripinfo_EastAveburyToWestA509.383 emissions_EastAveburyToWestA509.383,electric,1.05,0.0,0.0,0.0,0.0,0.0,0.0,0.0
EastAveburyToWestA509.351,3183.0,483_0,0.0,0.0,0.0,4817.0,774_0,29.75,12.21,1634.0,2258.79,1276.0,28,0.0,1463.87,0,tripinfo_EastAveburyToWestA509.351 emissions_EastAveburyToWestA509.351,gasoline_euro4,0.97,236718.770449,4277337.443086,1177.564808,101.406745,1921.879731,1364352.832877,0.0
EastAveburyToWestA509.340,3090.0,483_0,0.0,0.0,0.0,4824.0,774_0,29.75,13.44,1734.0,2264.87,1351.0,31,0.0,1572.94,0,tripinfo_EastAveburyToWestA509.340 emissions_EastAveburyToWestA509.340,gasoline_euro4,1.03,253683.290204,4574712.156528,1261.578394,108.930191,2058.841491,1459206.864698,0.0
EastAveburyToWestA509.318,2903.0,483_0,0.0,0.0,0.0,4827.0,774_1,29.75,14.61,1924.0,2264.88,1543.0,28,0.0,1768.1,0,tripinfo_EastAveburyToWestA509.318 emissions_EastAveburyToWestA509.318,gasoline_euro4,1.06,284788.398878,5048118.896954,1414.562561,121.045363,2277.439714,1610212.710495,0.0
EastAveburyToWestA509.382,3447.0,483_0,0.0,0.0,0.0,4828.0,774_0,29.75,13.08,1381.0,2264.66,1016.0,24,0.0,1209.13,0,tripinfo_EastAveburyToWestA509.382 emissions_EastAveburyToWestA509.382,electric,0.96,0.0,0.0,0.0,0.0,0.0,0.0,0.0
EastAveburyToWestA509.371,3353.0,483_0,0.0,0.0,0.0,4831.0,774_0,29.75,12.64,1478.0,2268.6,1095.0,24,0.0,1281.65,0,tripinfo_EastAveburyToWestA509.371 emissions_EastAveburyToWestA509.371,gasoline_euro4,0.98,206107.558088,3771148.134642,1026.220815,89.116683,1692.743905,1202891.019212,0.0
WestH6ToSaxonSt.273,3276.0,524_0,0.0,0.0,0.0,4832.0,771_0,56.88,15.91,1556.0,2612.31,1210.0,17,0.0,1391.48,0,tripinfo_WestH6ToSaxonSt.273 emissions_WestH6ToSaxonSt.273,electric,1.16,0.0,0.0,0.0,0.0,0.0,0.0,0.0
WestH6ToSaxonSt.275,3300.0,524_0,0.0,0.0,0.0,4842.0,771_0,56.88,11.74,1542.0,2608.48,1178.0,16,0.0,1334.2,0,tripinfo_WestH6ToSaxonSt.275 emissions_WestH6ToSaxonSt.275,electric,0.92,0.0,0.0,0.0,0.0,0.0,0.0,0.0
WestH6ToSaxonSt.283,3396.0,524_0,0.0,0.0,0.0,4848.0,771_0,56.88,12.23,1452.0,2613.57,1079.0,14,0.0,1239.84,0,tripinfo_WestH6ToSaxonSt.283 emissions_WestH6ToSaxonSt.283,electric,0.9,0.0,0.0,0.0,0.0,0.0,0.0,0.0
WestH6ToSaxonSt.294,3528.0,524_0,0.0,0.0,0.0,4849.0,771_0,56.88,13.6,1321.0,2612.31,967.0,13,0.0,1138.73,0,tripinfo_WestH6ToSaxonSt.294 emissions_WestH6ToSaxonSt.294,electric,1.05,0.0,0.0,0.0,0.0,0.0,0.0,0.0
WestH6ToSaxonSt.288,3456.0,524_0,0.0,0.0,0.0,4861.0,771_0,56.88,10.19,1405.0,2613.57,1022.0,14,0.0,1166.15,0,tripinfo_WestH6ToSaxonSt.288 emissions_WestH6ToSaxonSt.288,electric,0.8,0.0,0.0,0.0,0.0,0.0,0.0,0.0
WestH6ToSaxonSt.217,2604.0,524_0,0.0,0.0,0.0,4882.0,771_1,56.88,13.6,2278.0,2765.46,1901.0,21,0.0,2080.04,0,tripinfo_WestH6ToSaxonSt.217 emissions_WestH6ToSaxonSt.217,gasoline_euro4,1.05,339643.247683,6083361.866139,1688.378605,145.800828,2743.367616,1940424.927418,0.0
WestH6ToSaxonSt.221,2652.0,524_0,0.0,0.0,0.0,4884.0,771_1,56.88,14.77,2232.0,2765.47,1857.0,20,0.0,2039.85,0,tripinfo_WestH6ToSaxonSt.221 emissions_WestH6ToSaxonSt.221,gasoline_euro4,1.08,332510.850328,5974681.21402,1653.401693,143.06212,2693.50682,1905758.263106,0.0
WestH6ToSaxonSt.230,2760.0,524_0,0.0,0.0,0.0,4886.0,771_1,56.88,14.56,2126.0,2765.47,1729.0,19,0.0,1932.45,0,tripinfo_WestH6ToSaxonSt.230 emissions_WestH6ToSaxonSt.230,gasoline_euro4,1.07,312140.199251,5639503.375548,1552.822263,134.73326,2540.872927,1798845.016861,0.0
WestH6ToSaxonSt.259,3108.0,524_0,0.0,0.0,0.0,4888.0,771_0,56.88,13.09,1780.0,2977.74,1382.0,21,0.0,1562.05,0,tripinfo_WestH6ToSaxonSt.259 emissions_WestH6ToSaxonSt.259,electric,1.01,0.0,0.0,0.0,0.0,0.0,0.0,0.0
WestH6ToSaxonSt.290,3480.0,524_0,0.0,0.0,0.0,4892.0,771_0,56.88,13.32,1412.0,2983.16,1046.0,17,0.0,1191.23,0,tripinfo_WestH6ToSaxonSt.290 emissions_WestH6ToSaxonSt.290,electric,0.99,0.0,0.0,0.0,0.0,0.0,0.0,0.0
WestH6ToSaxonSt.225,2700.0,524_0,0.0,0.0,0.0,4898.0,771_1,56.88,11.68,2198.0,2765.44,1781.0,19,0.0,1959.72,0,tripinfo_WestH6ToSaxonSt.225 emissions_WestH6ToSaxonSt.225,gasoline_euro4,0.87,319832.074063,5701118.155503,1589.848555,135.940252,2569.60286,1818501.402377,0.0
WestH6ToSaxonSt.228,2736.0,524_0,0.0,0.0,0.0,4900.0,771_1,56.88,13.42,2164.0,2765.47,1750.0,19,0.0,1953.24,0,tripinfo_WestH6ToSaxonSt.228 emissions_WestH6ToSaxonSt.228,gasoline_euro4,0.98,316396.670388,5686278.529844,1573.500065,135.529445,2560.87221,1813766.454131,0.0
EastAveburyToWestA509.342,3107.0,483_0,0.0,0.0,0.0,4900.0,774_0,29.75,13.95,1793.0,2247.06,1433.0,24,0.0,1633.52,0,tripinfo_EastAveburyToWestA509.342 emissions_EastAveburyToWestA509.342,gasoline_euro4,1.03,262435.472687,4689923.198154,1304.019672,111.873864,2110.999987,1495957.342684,0.0
WestH6ToSaxonSt.235,2820.0,524_0,0.0,0.0,0.0,4902.0,771_1,56.88,12.54,2082.0,2765.47,1660.0,18,0.0,1860.05,0,tripinfo_WestH6ToSaxonSt.235 emissions_WestH6ToSaxonSt.235,gasoline_euro4,0.94,302025.569633,5420871.153721,1501.945704,129.181855,2442.221189,1729109.004042,0.0
WestH6ToSaxonSt.232,2784.0,524_0,0.0,0.0,0.0,4906.0,771_1,56.88,11.8,2122.0,2765.44,1700.0,19,0.0,1878.62,0,tripinfo_WestH6ToSaxonSt.232 emissions_WestH6ToSaxonSt.232,gasoline_euro4,0.85,307708.585188,5507294.125767,1530.026187,130.858092,2479.072686,1756676.571605,0.0
EastAveburyToWestA509.356,3226.0,483_0,0.0,0.0,0.0,4919.0,774_0,29.75,10.74,1693.0,2264.75,1309.0,24,0.0,1500.54,0,tripinfo_EastAveburyToWestA509.356 emissions_EastAveburyToWestA509.356,gasoline_euro4,0.86,242810.714293,4357603.058227,1207.601843,103.628959,1962.427849,1389955.947967,0.0
EastAveburyToWestA509.327,2979.0,483_1,0.0,0.0,0.0,4921.0,774_0,29.75,14.18,1942.0,2328.59,1584.0,27,0.0,1784.51,0,tripinfo_EastAveburyToWestA509.327 emissions_EastAveburyToWestA509.327,gasoline_euro4,1.1,290522.32189,5217723.522919,1445.047449,125.36648,2355.428347,1664309.310252,0.0
WestA509ToAvebury.180,3240.0,773_1,0.0,0.0,0.0,4941.0,213_0,19.13,15.74,1701.0,2614.31,1390.0,13,0.0,1538.53,0,tripinfo_WestA509ToAvebury.180 emissions_WestA509ToAvebury.180,gasoline_euro4,1.18,249634.34557,4585205.520987,1243.422247,109.010616,2059.891958,1462551.343306,0.0
WestH6ToSaxonSt.244,2928.0,524_0,0.0,0.0,0.0,4973.0,771_1,56.88,12.6,2045.0,2765.47,1637.0,20,0.0,1834.64,0,tripinfo_WestH6ToSaxonSt.244 emissions_WestH6ToSaxonSt.244,gasoline_euro4,0.99,297842.381703,5397498.987685,1482.519111,128.525642,2430.675965,1721652.239335,0.0
WestH6ToSaxonSt.240,2880.0,524_0,0.0,0.0,0.0,4981.0,771_1,56.88,11.64,2101.0,2765.44,1667.0,18,0.0,1857.27,0,tripinfo_WestH6ToSaxonSt.240 emissions_WestH6ToSaxonSt.240,gasoline_euro4,0.85,303054.760616,5427838.550038,1507.040045,129.116681,2444.591484,1731332.082007,0.0
WestH6ToSaxonSt.251,3012.0,524_0,0.0,0.0,0.0,4983.0,771_1,56.88,12.21,1971.0,2765.47,1560.0,19,0.0,1743.17,0,tripinfo_WestH6ToSaxonSt.251 emissions_WestH6ToSaxonSt.251,gasoline_euro4,0.91,284297.719805,5163634.671776,1415.482046,122.748984,2325.042548,1647055.813678,0.0
WestH6ToSaxonSt.254,3048.0,524_0,0.0,0.0,0.0,4985.0,771_1,56.88,11.16,1937.0,2765.44,1523.0,14,0.0,1701.97,0,tripinfo_WestH6ToSaxonSt.254 emissions_WestH6ToSaxonSt.254,gasoline_euro4,0.88,278600.366717,5059623.502871,1387.024746,120.065574,2276.790571,1613879.398219,0.0
WestH6ToSaxonSt.256,3072.0,524_0,0.0,0.0,0.0,4986.0,771_0,56.88,14.16,1914.0,2765.44,1511.0,15,0.0,1720.99,0,tripinfo_WestH6ToSaxonSt.256 emissions_WestH6ToSaxonSt.256,gasoline_euro4,1.07,276951.737058,5072263.544801,1379.766202,120.697832,2283.891602,1617909.344172,0.0
WestH6ToSaxonSt.246,2952.0,524_0,0.0,0.0,0.0,4988.0,771_1,56.88,13.2,2036.0,2765.47,1613.0,23,0.0,1818.87,0,tripinfo_WestH6ToSaxonSt.246 emissions_WestH6ToSaxonSt.246,gasoline_euro4,0.96,295229.300663,5379623.415229,1469.975368,127.771662,2420.827998,1715949.722113,0.0
WestH6ToSaxonSt.258,3096.0,524_0,0.0,0.0,0.0,4989.0,771_1,56.88,13.2,1893.0,2756.05,1496.0,16,0.0,1689.88,0,tripinfo_WestH6ToSaxonSt.258 emissions_WestH6ToSaxonSt.258,gasoline_euro4,1.01,274723.38724,5039413.66691,1368.890769,119.757866,2267.94247,1607431.088896,0.0
WestH6ToSaxonSt.263,3156.0,524_0,0.0,0.0,0.0,5058.0,771_1,56.88,13.4,1902.0,2765.47,1521.0,15,0.0,1703.49,0,tripinfo_WestH6ToSaxonSt.263 emissions_WestH6ToSaxonSt.263,gasoline_euro4,1.04,275898.776713,5043360.9528,1373.974743,119.883097,2268.527373,1608690.761219,0.0
WestH6ToSaxonSt.261,3132.0,524_0,0.0,0.0,0.0,5066.0,771_1,56.88,11.12,1934.0,2765.44,1533.0,15,0.0,1700.56,0,tripinfo_WestH6ToSaxonSt.261 emissions_WestH6ToSaxonSt.261,gasoline_euro4,0.89,278523.87364,5063895.26179,1386.545066,119.611962,2274.566056,1615242.435257,0.0
WestH6ToSaxonSt.266,3192.0,524_0,0.0,0.0,0.0,5068.0,771_1,56.88,13.44,1876.0,2765.47,1485.0,15,0.0,1662.17,0,tripinfo_WestH6ToSaxonSt.266 emissions_WestH6ToSaxonSt.266,gasoline_euro4,0.97,269683.102768,4936020.154952,1343.37015,116.991462,2219.565356,1574452.198791,0.0
WestH6ToSaxonSt.270,3240.0,524_0,0.0,0.0,0.0,5070.0,771_1,56.88,12.44,1830.0,2765.47,1434.0,16,0.0,1619.59,0,tripinfo_WestH6ToSaxonSt.270 emissions_WestH6ToSaxonSt.270,gasoline_euro4,0.99,262238.050815,4823144.750133,1307.02833,114.411302,2169.547844,1538447.186542,0.0
WestH6ToSaxonSt.276,3312.0,524_0,0.0,0.0,0.0,5071.0,771_1,56.88,14.07,1759.0,2765.44,1365.0,15,0.0,1558.91,0,tripinfo_WestH6ToSaxonSt.276 emissions_WestH6ToSaxonSt.276,gasoline_euro4,1.04,252625.020419,4708705.046314,1260.424409,111.4476,2116.643446,1501942.22555,0.0
WestH6ToSaxonSt.274,3288.0,524_0,0.0,0.0,0.0,5073.0,771_1,56.88,15.0,1785.0,2765.44,1392.0,17,0.0,1594.86,0,tripinfo_WestH6ToSaxonSt.274 emissions_WestH6ToSaxonSt.274,gasoline_euro4,1.09,256627.475173,4771631.022391,1280.05167,112.916686,2143.885868,1522014.276522,0.0
WestH6ToSaxonSt.280,3360.0,524_0,0.0,0.0,0.0,5075.0,771_1,56.88,13.37,1715.0,2765.44,1332.0,14,0.0,1514.15,0,tripinfo_WestH6ToSaxonSt.280 emissions_WestH6ToSaxonSt.280,gasoline_euro4,1.03,244803.114024,4563299.788701,1221.359657,107.897645,2050.131991,1455562.236616,0.0
WestA509ToAvebury.193,3474.0,773_1,0.0,0.0,0.0,5117.0,213_1,19.13,14.78,1643.0,2609.14,1319.0,14,0.0,1467.52,0,tripinfo_WestA509ToAvebury.193 emissions_WestA509ToAvebury.193,gasoline_euro4,1.09,238222.95218,4391567.491582,1186.732212,103.841431,1969.848643,1400786.303436,0.0
WestA509ToAvebury.189,3402.0,773_1,0.0,0.0,0.0,5119.0,213_0,19.13,13.66,1717.0,2614.31,1383.0,14,0.0,1525.59,0,tripinfo_WestA509ToAvebury.189 emissions_WestA509ToAvebury.189,gasoline_euro4,1.0,247791.09685,4517154.854287,1233.454095,107.017009,2028.412372,1440846.667653,0.0
WestA509ToAvebury.195,3510.0,773_1,0.0,0.0,0.0,5119.0,213_1,19.13,15.33,1609.0,2609.14,1259.0,14,0.0,1436.87,0,tripinfo_WestA509ToAvebury.195 emissions_WestA509ToAvebury.195,gasoline_euro4,1.11,230931.48416,4274141.815436,1151.272997,101.026059,1918.08865,1363330.296507,0.0
WestA509ToAvebury.194,3492.0,773_1,0.0,0.0,0.0,5121.0,213_0,19.13,12.01,1629.0,2614.31,1280.0,15,0.0,1424.28,0,tripinfo_WestA509ToAvebury.194 emissions_WestA509ToAvebury.194,gasoline_euro4,0.93,232038.037269,4257360.112221,1155.949916,100.308035,1909.528034,1357979.035933,0.0
WestA509ToAvebury.196,3528.0,773_1,0.0,0.0,0.0,5122.0,213_1,19.13,12.87,1594.0,2614.29,1230.0,13,0.0,1400.19,0,tripinfo_WestA509ToAvebury.196 emissions_WestA509ToAvebury.196,gasoline_euro4,0.99,226185.916388,4200672.604892,1127.830346,98.953413,1884.008579,1339895.516091,0.0
WestH6ToSaxonSt.278,3336.0,524_0,0.0,0.0,0.0,5144.0,771_1,56.88,14.47,1808.0,2765.47,1409.0,16,0.0,1623.0,0,tripinfo_WestH6ToSaxonSt.278 emissions_WestH6ToSaxonSt.278,gasoline_euro4,1.11,260321.798313,4845460.838832,1298.792706,114.851041,2178.798808,1545563.470189,0.0
WestH6ToSaxonSt.285,3420.0,524_0,0.0,0.0,0.0,5149.0,771_1,56.88,13.28,1729.0,2765.46,1355.0,16,0.0,1526.6,0,tripinfo_WestH6ToSaxonSt.285 emissions_WestH6ToSaxonSt.285,gasoline_euro4,1.02,247538.902795,4608155.606559,1234.790761,108.983611,2069.825178,1469870.173245,0.0
WestH6ToSaxonSt.287,3444.0,524_0,0.0,0.0,0.0,5151.0,771_1,56.88,14.24,1707.0,2765.47,1327.0,17,0.0,1516.67,0,tripinfo_WestH6ToSaxonSt.287 emissions_WestH6ToSaxonSt.287,gasoline_euro4,1.09,245112.26598,4572490.181223,1223.01585,108.164001,2053.838467,1458493.594066,0.0
WestH6ToSaxonSt.292,3504.0,524_0,0.0,0.0,0.0,5153.0,771_1,56.88,13.78,1649.0,2765.46,1251.0,16,0.0,1454.08,0,tripinfo_WestH6ToSaxonSt.292 emissions_WestH6ToSaxonSt.292,gasoline_euro4,1.06,233465.232743,4368201.839868,1164.971904,102.926321,1959.105461,1393331.464301,0.0
WestH6ToSaxonSt.293,3516.0,524_0,0.0,0.0,0.0,5155.0,771_1,56.88,14.75,1639.0,2765.46,1235.0,16,0.0,1445.16,0,tripinfo_WestH6ToSaxonSt.293 emissions_WestH6ToSaxonSt.293,gasoline_euro4,1.06,231312.447042,4345133.664433,1154.732183,102.352152,1948.735588,1385972.818538,0.0
WestH6ToSaxonSt.291,3492.0,524_0,0.0,0.0,0.0,5159.0,771_1,56.88,14.01,1667.0,2765.46,1273.0,16,0.0,1464.62,0,tripinfo_WestH6ToSaxonSt.291 emissions_WestH6ToSaxonSt.291,gasoline_euro4,1.02,235715.678764,4411077.884991,1176.042395,103.843802,1977.691369,1407007.740661,0.0
